t_s,episode,target.shoulder_pan.pos,target.shoulder_lift.pos,target.elbow_flex.pos,target.wrist_flex.pos,target.wrist_roll.pos,target.gripper.pos,sent.shoulder_pan.pos,sent.shoulder_lift.pos,sent.elbow_flex.pos,sent.wrist_flex.pos,sent.wrist_roll.pos,sent.gripper.pos,gripper_actual
0.244,0,-7.306449890136719,-98.96177673339844,93.66720581054688,59.599952697753906,-10.072219848632812,0.7244777679443359,-7.306449890136719,-98.96177673339844,93.66720581054688,59.599952697753906,-10.072219848632812,0.7244777679443359,1.6960208741030658
0.272,0,-7.229697227478027,-99.0331802368164,93.69979095458984,59.60968017578125,-10.401695251464844,0.6857757568359375,-7.229697227478027,-99.0331802368164,93.69979095458984,59.60968017578125,-10.401695251464844,0.6857757568359375,1.6960208741030658
0.305,0,-7.360992431640625,-99.14796447753906,93.73135375976562,59.37297058105469,-10.611045837402344,0.6672821044921875,-7.360992431640625,-99.14796447753906,93.73135375976562,59.37297058105469,-10.611045837402344,0.6672821044921875,1.6960208741030658
0.337,0,-7.496018409729004,-99.36114501953125,93.71785736083984,59.24510192871094,-12.337417602539062,0.6063385009765625,-7.496018409729004,-99.36114501953125,93.71785736083984,59.24510192871094,-12.337417602539062,0.6063385009765625,1.5003261578604044
0.373,0,-7.475379943847656,-99.47026824951172,93.70140838623047,59.112022399902344,-12.815238952636719,0.5890712738037109,-7.475379943847656,-99.47026824951172,93.70140838623047,59.112022399902344,-12.815238952636719,0.5890712738037109,1.4350945857795172
0.412,0,-7.640026092529297,-99.48118591308594,93.77081298828125,58.59941864013672,-12.864471435546875,0.5928936004638672,-7.640026092529297,-99.48118591308594,93.77081298828125,58.59941864013672,-12.864471435546875,0.5928936004638672,1.36986301369863
0.440,0,-7.668154716491699,-99.46347045898438,93.81449127197266,58.11621856689453,-13.01190185546875,0.6170330047607422,-7.668154716491699,-99.46347045898438,93.81449127197266,58.11621856689453,-13.01190185546875,0.6170330047607422,1.36986301369863
0.472,0,-7.676216125488281,-99.56150817871094,93.87254333496094,57.58270263671875,-13.969688415527344,0.5874042510986328,-7.676216125488281,-99.56150817871094,93.87254333496094,57.58270263671875,-13.969688415527344,0.5874042510986328,1.36986301369863
0.508,0,-7.606971740722656,-99.61795806884766,94.00483703613281,56.69618225097656,-14.97955322265625,0.5785408020019531,-7.606971740722656,-99.61795806884766,94.00483703613281,56.69618225097656,-14.97955322265625,0.5785408020019531,1.36986301369863
0.544,0,-7.680243492126465,-99.5981674194336,94.17520904541016,55.75871276855469,-15.679611206054688,0.5838203430175781,-7.680243492126465,-99.5981674194336,94.17520904541016,55.75871276855469,-15.679611206054688,0.5838203430175781,1.36986301369863
0.573,0,-7.755315780639648,-99.59992980957031,94.32933044433594,54.803985595703125,-16.532089233398438,0.5829944610595703,-7.755315780639648,-99.59992980957031,94.32933044433594,54.803985595703125,-16.532089233398438,0.5829944610595703,1.36986301369863
0.606,0,-7.822281837463379,-99.6796875,94.48114013671875,53.871238708496094,-17.925922393798828,0.5631942749023438,-7.822281837463379,-99.6796875,94.48114013671875,53.871238708496094,-17.925922393798828,0.5631942749023438,1.36986301369863
0.640,0,-7.826396942138672,-99.71073913574219,94.61088562011719,53.04862976074219,-18.982093811035156,0.5559234619140625,-7.826396942138672,-99.71073913574219,94.61088562011719,53.04862976074219,-18.982093811035156,0.5559234619140625,1.36986301369863
0.673,0,-7.863761901855469,-99.72984313964844,94.76072692871094,52.17585754394531,-19.92889404296875,0.5510730743408203,-7.863761901855469,-99.72984313964844,94.76072692871094,52.17585754394531,-19.92889404296875,0.5510730743408203,1.36986301369863
0.706,0,-7.916731834411621,-99.74889373779297,94.89677429199219,51.307762145996094,-20.95999526977539,0.5407581329345703,-7.916731834411621,-99.74889373779297,94.89677429199219,51.307762145996094,-20.95999526977539,0.5407581329345703,1.36986301369863
0.741,0,-7.9798736572265625,-99.8185043334961,95.05508422851562,50.38966369628906,-22.509727478027344,0.5221405029296875,-7.9798736572265625,-99.8185043334961,95.05508422851562,50.38966369628906,-22.509727478027344,0.5221405029296875,1.36986301369863
0.775,0,-7.995240211486816,-99.86434936523438,95.19457244873047,49.56939697265625,-23.722206115722656,0.5094985961914062,-7.995240211486816,-99.86434936523438,95.19457244873047,49.56939697265625,-23.722206115722656,0.5094985961914062,1.36986301369863
0.807,0,-8.017786026000977,-99.88677215576172,95.33238983154297,48.756996154785156,-24.889205932617188,0.49863624572753906,-8.017786026000977,-99.88677215576172,95.33238983154297,48.756996154785156,-24.889205932617188,0.49863624572753906,1.36986301369863
0.849,0,-8.016759872436523,-99.90904235839844,95.44783020019531,48.011085510253906,-25.950775146484375,0.4913139343261719,-8.016759872436523,-99.90904235839844,95.44783020019531,48.011085510253906,-25.950775146484375,0.4913139343261719,1.36986301369863
0.875,0,-8.057676315307617,-99.97312927246094,95.59197235107422,47.13483428955078,-27.55600357055664,0.48680686950683594,-8.057676315307617,-99.97312927246094,95.59197235107422,47.13483428955078,-27.55600357055664,0.48680686950683594,1.36986301369863
0.922,0,-7.99448299407959,-100.00643157958984,95.68974304199219,46.425376892089844,-28.797447204589844,0.4903125762939453,-7.99448299407959,-100.00643157958984,95.68974304199219,46.425376892089844,-28.797447204589844,0.4903125762939453,1.36986301369863
0.950,0,-7.960837364196777,-100.03043365478516,95.80988311767578,45.72821044921875,-30.02654266357422,0.5108299255371094,-7.960837364196777,-100.03043365478516,95.80988311767578,45.72821044921875,-30.02654266357422,0.5108299255371094,1.36986301369863
1.013,0,-7.885494232177734,-100.05183410644531,95.90089416503906,45.055931091308594,-31.34789276123047,0.5800628662109375,-7.885494232177734,-100.05183410644531,95.90089416503906,45.055931091308594,-31.34789276123047,0.5800628662109375,1.36986301369863
1.043,0,-7.773555755615234,-100.09339904785156,96.00984191894531,44.309593200683594,-33.115989685058594,0.8154888153076172,-7.773555755615234,-100.09339904785156,96.00984191894531,44.309593200683594,-33.115989685058594,0.8154888153076172,1.36986301369863
1.073,0,-7.638213157653809,-100.12194061279297,96.09876251220703,43.612632751464844,-34.56111145019531,1.0318660736083984,-7.638213157653809,-100.12194061279297,96.09876251220703,43.612632751464844,-34.56111145019531,1.0318660736083984,1.36986301369863
1.112,0,-7.500685691833496,-100.15937805175781,96.17620849609375,43.021095275878906,-36.04589080810547,1.3244972229003906,-7.500685691833496,-100.15937805175781,96.17620849609375,43.021095275878906,-36.04589080810547,1.3244972229003906,1.36986301369863
1.140,0,-7.378307342529297,-100.23355865478516,96.24891662597656,42.458160400390625,-37.779422760009766,1.7267284393310547,-7.378307342529297,-100.23355865478516,96.24891662597656,42.458160400390625,-37.779422760009766,1.7267284393310547,1.36986301369863
1.181,0,-7.13607120513916,-100.30486297607422,96.3150634765625,41.82865905761719,-39.63933563232422,2.157632827758789,-7.13607120513916,-100.30486297607422,96.3150634765625,41.82865905761719,-39.63933563232422,2.157632827758789,1.36986301369863
1.208,0,-6.8687944412231445,-100.3743667602539,96.37767028808594,41.25261688232422,-41.27860641479492,2.567445755004883,-6.8687944412231445,-100.3743667602539,96.37767028808594,41.25261688232422,-41.27860641479492,2.567445755004883,1.4350945857795172
1.240,0,-6.635913848876953,-100.43211364746094,96.4079818725586,40.783477783203125,-42.790279388427734,2.9853153228759766,-6.635913848876953,-100.43211364746094,96.4079818725586,40.783477783203125,-42.790279388427734,2.9853153228759766,1.5655577299412915
1.276,0,-6.409557342529297,-100.50204467773438,96.43065643310547,40.262245178222656,-44.55009078979492,3.405780792236328,-6.409557342529297,-100.50204467773438,96.43065643310547,40.262245178222656,-44.55009078979492,3.405780792236328,1.761252446183953
1.309,0,-6.081725120544434,-100.55773162841797,96.46310424804688,39.73722839355469,-46.62217330932617,4.130626678466797,-6.081725120544434,-100.55773162841797,96.46310424804688,39.73722839355469,-46.62217330932617,4.130626678466797,1.9569471624266144
1.340,0,-5.7075300216674805,-100.59619903564453,96.4919204711914,39.23933410644531,-48.54524230957031,4.866392135620117,-5.7075300216674805,-100.59619903564453,96.4919204711914,39.23933410644531,-48.54524230957031,4.866392135620117,2.3483365949119372
1.374,0,-5.329437255859375,-100.62712860107422,96.5162353515625,38.71337127685547,-50.327781677246094,5.639164924621582,-5.329437255859375,-100.62712860107422,96.5162353515625,38.71337127685547,-50.327781677246094,5.639164924621582,2.73972602739726
1.408,0,-4.993566513061523,-100.67130279541016,96.5515365600586,38.167991638183594,-52.168487548828125,6.382780075073242,-4.993566513061523,-100.67130279541016,96.5515365600586,38.167991638183594,-52.168487548828125,6.382780075073242,3.3920417482061316
1.442,0,-4.532772064208984,-100.71825408935547,96.58467864990234,37.571807861328125,-54.17314910888672,7.321796417236328,-4.532772064208984,-100.71825408935547,96.58467864990234,37.571807861328125,-54.17314910888672,7.321796417236328,3.979125896934116
1.474,0,-4.092052459716797,-100.78582763671875,96.60884857177734,37.034812927246094,-56.00880432128906,8.220332145690918,-4.092052459716797,-100.78582763671875,96.60884857177734,37.034812927246094,-56.00880432128906,8.220332145690918,4.761904761904762
1.507,0,-3.6410789489746094,-100.84553527832031,96.62141418457031,36.494842529296875,-57.728660583496094,9.182266235351562,-3.6410789489746094,-100.84553527832031,96.62141418457031,36.494842529296875,-57.728660583496094,9.182266235351562,5.47945205479452
1.542,0,-3.2353954315185547,-100.9240951538086,96.64669036865234,35.87103271484375,-59.54279708862305,10.250252723693848,-3.2353954315185547,-100.9240951538086,96.64669036865234,35.87103271484375,-59.54279708862305,10.250252723693848,6.327462491846053
1.576,0,-2.7732367515563965,-100.95767974853516,96.67040252685547,35.16730499267578,-61.40199279785156,11.508212089538574,-2.7732367515563965,-100.95767974853516,96.67040252685547,35.16730499267578,-61.40199279785156,11.508212089538574,7.240704500978473
1.619,0,-2.311805248260498,-101.01799774169922,96.68403625488281,34.46312713623047,-63.30075454711914,12.865367889404297,-2.311805248260498,-101.01799774169922,96.68403625488281,34.46312713623047,-63.30075454711914,12.865367889404297,8.088714938030005
1.648,0,-1.8878812789916992,-101.04200744628906,96.70559692382812,33.83949279785156,-64.9094467163086,14.238069534301758,-1.8878812789916992,-101.04200744628906,96.70559692382812,33.83949279785156,-64.9094467163086,14.238069534301758,9.197651663405088
1.682,0,-1.5131092071533203,-101.05330657958984,96.72557830810547,33.16798400878906,-66.5645751953125,15.59705924987793,-1.5131092071533203,-101.05330657958984,96.72557830810547,33.16798400878906,-66.5645751953125,15.59705924987793,10.176125244618394
1.711,0,-1.0716261863708496,-101.0753402709961,96.75703430175781,32.46574401855469,-68.18438720703125,17.116260528564453,-1.0716261863708496,-101.0753402709961,96.75703430175781,32.46574401855469,-68.18438720703125,17.116260528564453,11.285061969993476
1.750,0,-0.5906291007995605,-101.14942169189453,96.78300476074219,31.854576110839844,-69.74590301513672,18.529748916625977,-0.5906291007995605,-101.14942169189453,96.78300476074219,31.854576110839844,-69.74590301513672,18.529748916625977,12.720156555772993
1.778,0,-0.162445068359375,-101.1971435546875,96.81144714355469,31.25328826904297,-71.1148910522461,19.898338317871094,-0.162445068359375,-101.1971435546875,96.81144714355469,31.25328826904297,-71.1148910522461,19.898338317871094,14.090019569471623
1.815,0,0.278228759765625,-101.26359558105469,96.84921264648438,30.65013885498047,-72.4399185180664,21.246829986572266,0.278228759765625,-101.26359558105469,96.84921264648438,30.65013885498047,-72.4399185180664,21.246829986572266,15.459882583170254
1.859,0,0.7240192890167236,-101.32638549804688,96.86955261230469,30.080352783203125,-73.6144790649414,22.429180145263672,0.7240192890167236,-101.32638549804688,96.86955261230469,30.080352783203125,-73.6144790649414,22.429180145263672,16.829745596868882
1.889,0,1.1524269580841064,-101.4068832397461,96.89228057861328,29.60741424560547,-74.72432708740234,23.613264083862305,1.1524269580841064,-101.4068832397461,96.89228057861328,29.60741424560547,-74.72432708740234,23.613264083862305,18.52576647097195
1.923,0,1.535747766494751,-101.42403411865234,96.9061279296875,29.119224548339844,-75.64733123779297,24.615585327148438,1.535747766494751,-101.42403411865234,96.9061279296875,29.119224548339844,-75.64733123779297,24.615585327148438,19.63470319634703
1.985,0,1.926708459854126,-101.44213104248047,96.91639709472656,28.600669860839844,-76.5691146850586,25.643516540527344,1.926708459854126,-101.44213104248047,96.91639709472656,28.600669860839844,-76.5691146850586,25.643516540527344,20.743639921722114
2.013,0,2.328125,-101.4140625,96.91288757324219,28.116714477539062,-77.39810180664062,26.62874984741211,2.328125,-101.4140625,96.91288757324219,28.116714477539062,-77.39810180664062,26.62874984741211,22.89628180039139
2.047,0,2.685425281524658,-101.34915161132812,96.91173553466797,27.59222412109375,-78.16509246826172,27.57611656188965,2.685425281524658,-101.34915161132812,96.91173553466797,27.59222412109375,-78.16509246826172,27.57611656188965,23.54859752120026
2.080,0,3.03096866607666,-101.30165100097656,96.9041976928711,27.110275268554688,-78.83667755126953,28.405078887939453,3.03096866607666,-101.30165100097656,96.9041976928711,27.110275268554688,-78.83667755126953,28.405078887939453,24.46183953033268
2.112,0,3.356327533721924,-101.1172866821289,96.89434051513672,26.51892852783203,-79.45539093017578,29.245925903320312,3.356327533721924,-101.1172866821289,96.89434051513672,26.51892852783203,-79.45539093017578,29.245925903320312,25.505544683626873
2.145,0,3.696359872817993,-101.00592803955078,96.87667846679688,26.029922485351562,-80.05561065673828,30.067562103271484,3.696359872817993,-101.00592803955078,96.87667846679688,26.029922485351562,-80.05561065673828,30.067562103271484,26.418786692759294
2.180,0,4.01840877532959,-100.69112396240234,96.85366821289062,25.389732360839844,-80.62391662597656,30.83548927307129,4.01840877532959,-100.69112396240234,96.85366821289062,25.389732360839844,-80.62391662597656,30.83548927307129,27.332028701891716
2.215,0,4.308393478393555,-100.55101013183594,96.83033752441406,24.92223358154297,-81.07490539550781,31.499126434326172,4.308393478393555,-100.55101013183594,96.83033752441406,24.92223358154297,-81.07490539550781,31.499126434326172,28.245270711024133
2.253,0,4.588439464569092,-100.08171844482422,96.7839584350586,24.196365356445312,-81.54559326171875,32.20645523071289,4.588439464569092,-100.08171844482422,96.7839584350586,24.196365356445312,-81.54559326171875,32.20645523071289,29.02804957599478
2.278,0,4.890346527099609,-99.7298583984375,96.75479888916016,23.60467529296875,-81.99822998046875,32.87843322753906,4.890346527099609,-99.7298583984375,96.75479888916016,23.60467529296875,-81.99822998046875,32.87843322753906,29.810828440965427
2.312,0,5.1566572189331055,-99.16365051269531,96.697509765625,22.811843872070312,-82.42018127441406,33.50168228149414,5.1566572189331055,-99.16365051269531,96.697509765625,22.811843872070312,-82.42018127441406,33.50168228149414,30.4631441617743
2.352,0,5.397222518920898,-98.70508575439453,96.641357421875,22.148517608642578,-82.77189636230469,34.03173828125,5.397222518920898,-98.70508575439453,96.641357421875,22.148517608642578,-82.77189636230469,34.03173828125,31.376386170906716
2.381,0,5.6308770179748535,-98.04485321044922,96.55875396728516,21.351776123046875,-83.12751007080078,34.570068359375,5.6308770179748535,-98.04485321044922,96.55875396728516,21.351776123046875,-83.12751007080078,34.570068359375,32.02870189171559
2.415,0,5.859716892242432,-97.33648681640625,96.46629333496094,20.496150970458984,-83.50218963623047,35.09308624267578,5.859716892242432,-97.33648681640625,96.46629333496094,20.496150970458984,-83.50218963623047,35.09308624267578,32.615786040443574
2.487,0,6.1050543785095215,-96.47572326660156,96.36251831054688,19.484355926513672,-83.84388732910156,35.552337646484375,6.1050543785095215,-96.47572326660156,96.36251831054688,19.484355926513672,-83.84388732910156,35.552337646484375,33.268101761252446
2.517,0,6.309385299682617,-95.77677154541016,96.28104400634766,18.69655990600586,-84.10649108886719,35.93704605102539,6.309385299682617,-95.77677154541016,96.28104400634766,18.69655990600586,-84.10649108886719,35.93704605102539,34.24657534246575
2.548,0,6.498525619506836,-94.81714630126953,96.16383361816406,17.70968246459961,-84.39736938476562,36.342220306396484,6.498525619506836,-94.81714630126953,96.16383361816406,17.70968246459961,-84.39736938476562,36.342220306396484,34.57273320287019
2.596,0,6.656991958618164,-93.90345764160156,96.05149841308594,16.733448028564453,-84.69862365722656,36.76757049560547,6.656991958618164,-93.90345764160156,96.05149841308594,16.733448028564453,-84.69862365722656,36.76757049560547,35.0293542074364
2.624,0,6.837381839752197,-92.837646484375,95.88388061523438,15.66799545288086,-84.96044921875,37.105224609375,6.837381839752197,-92.837646484375,95.88388061523438,15.66799545288086,-84.96044921875,37.105224609375,35.48597521200261
2.660,0,6.976606369018555,-91.81903076171875,95.76828002929688,14.625541687011719,-85.20123291015625,37.441497802734375,6.976606369018555,-91.81903076171875,95.76828002929688,14.625541687011719,-85.20123291015625,37.441497802734375,35.87736464448793
2.692,0,7.093878746032715,-90.68286895751953,95.5925064086914,13.553016662597656,-85.44031524658203,37.77447509765625,7.093878746032715,-90.68286895751953,95.5925064086914,13.553016662597656,-85.44031524658203,37.77447509765625,36.20352250489237
2.726,0,7.186330795288086,-89.49713134765625,95.41495513916016,12.420539855957031,-85.70510864257812,38.08477783203125,7.186330795288086,-89.49713134765625,95.41495513916016,12.420539855957031,-85.70510864257812,38.08477783203125,36.59491193737769
2.771,0,7.278330326080322,-88.23082733154297,95.21681213378906,11.2301025390625,-85.91936492919922,38.37222671508789,7.278330326080322,-88.23082733154297,95.21681213378906,11.2301025390625,-85.91936492919922,38.37222671508789,36.921069797782124
2.797,0,7.350111961364746,-86.95074462890625,95.04212951660156,10.04888916015625,-86.14156341552734,38.682098388671875,7.350111961364746,-86.95074462890625,95.04212951660156,10.04888916015625,-86.14156341552734,38.682098388671875,37.37769080234833
2.845,0,7.410994529724121,-85.58345031738281,94.82186889648438,8.83261489868164,-86.34898376464844,38.95479965209961,7.410994529724121,-85.58345031738281,94.82186889648438,8.83261489868164,-86.34898376464844,38.95479965209961,37.638617090671886
2.871,0,7.446682929992676,-84.09843444824219,94.59239196777344,7.495525360107422,-86.56869506835938,39.23014831542969,7.446682929992676,-84.09843444824219,94.59239196777344,7.495525360107422,-86.56869506835938,39.23014831542969,38.030006523157205
2.908,0,7.475045680999756,-82.60759735107422,94.36946868896484,6.144008636474609,-86.76594543457031,39.5041618347168,7.475045680999756,-82.60759735107422,94.36946868896484,6.144008636474609,-86.76594543457031,39.5041618347168,38.22570123939987
2.937,0,7.4695305824279785,-81.02787780761719,94.12561798095703,4.761878967285156,-86.9629135131836,39.80406188964844,7.4695305824279785,-81.02787780761719,94.12561798095703,4.761878967285156,-86.9629135131836,39.80406188964844,38.551859099804304
2.974,0,7.4630889892578125,-79.44293212890625,93.86866760253906,3.3853225708007812,-87.14208984375,40.059566497802734,7.4630889892578125,-79.44293212890625,93.86866760253906,3.3853225708007812,-87.14208984375,40.059566497802734,38.87801696020874
3.009,0,7.442554950714111,-77.81968688964844,93.59907531738281,1.9361152648925781,-87.33744049072266,40.31139373779297,7.442554950714111,-77.81968688964844,93.59907531738281,1.9361152648925781,-87.33744049072266,40.31139373779297,39.138943248532286
3.039,0,7.398195266723633,-76.12266540527344,93.30585479736328,0.48133087158203125,-87.52801513671875,40.58865737915039,7.398195266723633,-76.12266540527344,93.30585479736328,0.48133087158203125,-87.52801513671875,40.58865737915039,39.39986953685584
3.073,0,7.354874610900879,-74.37986755371094,92.98855590820312,-1.0061073303222656,-87.70869445800781,40.869136810302734,7.354874610900879,-74.37986755371094,92.98855590820312,-1.0061073303222656,-87.70869445800781,40.869136810302734,39.660795825179385
3.105,0,7.293065071105957,-72.72746276855469,92.67225646972656,-2.378520965576172,-87.87779998779297,41.130828857421875,7.293065071105957,-72.72746276855469,92.67225646972656,-2.378520965576172,-87.87779998779297,41.130828857421875,39.92172211350293
3.138,0,7.236201286315918,-71.00517272949219,92.35594940185547,-3.853801727294922,-88.02958679199219,41.38976287841797,7.236201286315918,-71.00517272949219,92.35594940185547,-3.853801727294922,-88.02958679199219,41.38976287841797,40.24787997390737
3.172,0,7.1791534423828125,-69.19364929199219,92.03253173828125,-5.391782760620117,-88.1859359741211,41.67835998535156,7.1791534423828125,-69.19364929199219,92.03253173828125,-5.391782760620117,-88.1859359741211,41.67835998535156,40.50880626223092
3.220,0,7.114273548126221,-67.49125671386719,91.68563079833984,-6.802637100219727,-88.31681823730469,41.957176208496094,7.114273548126221,-67.49125671386719,91.68563079833984,-6.802637100219727,-88.31681823730469,41.957176208496094,40.769732550554465
3.246,0,7.0339250564575195,-65.67884826660156,91.32861328125,-8.305303573608398,-88.4267807006836,42.24980163574219,7.0339250564575195,-65.67884826660156,91.32861328125,-8.305303573608398,-88.4267807006836,42.24980163574219,41.0958904109589
3.285,0,6.94705867767334,-63.8643798828125,90.9840316772461,-9.833858489990234,-88.53670501708984,42.531707763671875,6.94705867767334,-63.8643798828125,90.9840316772461,-9.833858489990234,-88.53670501708984,42.531707763671875,41.291585127201564
3.311,0,6.877687931060791,-62.08807373046875,90.6277084350586,-11.328901290893555,-88.63062286376953,42.819007873535156,6.877687931060791,-62.08807373046875,90.6277084350586,-11.328901290893555,-88.63062286376953,42.819007873535156,41.617742987606
3.348,0,6.816720485687256,-60.37592315673828,90.24859619140625,-12.723369598388672,-88.70490264892578,43.117557525634766,6.816720485687256,-60.37592315673828,90.24859619140625,-12.723369598388672,-88.70490264892578,43.117557525634766,41.878669275929546
3.380,0,6.725454330444336,-58.61975860595703,89.88231658935547,-14.175500869750977,-88.76128387451172,43.42425537109375,6.725454330444336,-58.61975860595703,89.88231658935547,-14.175500869750977,-88.76128387451172,43.42425537109375,42.20482713633398
3.417,0,6.643413543701172,-56.753639221191406,89.49807739257812,-15.736608505249023,-88.81890106201172,43.73941421508789,6.643413543701172,-56.753639221191406,89.49807739257812,-15.736608505249023,-88.81890106201172,43.73941421508789,42.465753424657535
3.446,0,6.5612335205078125,-55.02108383178711,89.11455535888672,-17.180814743041992,-88.86236572265625,44.047027587890625,6.5612335205078125,-55.02108383178711,89.11455535888672,-17.180814743041992,-88.86236572265625,44.047027587890625,42.66144814090019
3.483,0,6.483954429626465,-53.34783935546875,88.74853515625,-18.571029663085938,-88.89741516113281,44.3546257019043,6.483954429626465,-53.34783935546875,88.74853515625,-18.571029663085938,-88.89741516113281,44.3546257019043,42.98760600130463
3.517,0,6.398785591125488,-51.61775207519531,88.33485412597656,-20.00612449645996,-88.91464233398438,44.660247802734375,6.398785591125488,-51.61775207519531,88.33485412597656,-20.00612449645996,-88.91464233398438,44.660247802734375,43.37899543378995
3.547,0,6.332232475280762,-49.844451904296875,87.94271087646484,-21.518768310546875,-88.9315185546875,44.97624206542969,6.332232475280762,-49.844451904296875,87.94271087646484,-21.518768310546875,-88.9315185546875,44.97624206542969,43.6399217221135
3.584,0,6.269124507904053,-48.259422302246094,87.54466247558594,-22.834787368774414,-88.94222259521484,45.266693115234375,6.269124507904053,-48.259422302246094,87.54466247558594,-22.834787368774414,-88.94222259521484,45.266693115234375,43.966079582517935
3.621,0,6.1940226554870605,-46.61444854736328,87.13912963867188,-24.222732543945312,-88.94002532958984,45.580379486083984,6.1940226554870605,-46.61444854736328,87.13912963867188,-24.222732543945312,-88.94002532958984,45.580379486083984,44.29223744292237
3.648,0,6.1302289962768555,-44.95838165283203,86.72091674804688,-25.601226806640625,-88.9371109008789,45.89038848876953,6.1302289962768555,-44.95838165283203,86.72091674804688,-25.601226806640625,-88.9371109008789,45.89038848876953,44.553163731245924
3.682,0,6.067004203796387,-43.23951721191406,86.29486083984375,-27.048656463623047,-88.93119049072266,46.210662841796875,6.067004203796387,-43.23951721191406,86.29486083984375,-27.048656463623047,-88.93119049072266,46.210662841796875,44.81409001956947
3.715,0,5.9024739265441895,-42.15507125854492,86.06910705566406,-27.98984146118164,-88.91966247558594,46.31317138671875,5.9024739265441895,-42.15507125854492,86.06910705566406,-27.98984146118164,-88.91966247558594,46.31317138671875,45.20547945205479
3.749,0,5.740300178527832,-41.11034393310547,85.913818359375,-28.929826736450195,-88.9171371459961,46.421348571777344,5.740300178527832,-41.11034393310547,85.913818359375,-28.929826736450195,-88.9171371459961,46.421348571777344,45.46640574037834
3.814,0,5.598239898681641,-39.91318893432617,85.66307067871094,-29.962646484375,-88.90423583984375,46.54309844970703,5.598239898681641,-39.91318893432617,85.66307067871094,-29.962646484375,-88.90423583984375,46.54309844970703,45.72733202870189
3.841,0,5.511542320251465,-38.987640380859375,85.43065643310547,-30.67547035217285,-88.90435791015625,46.58650207519531,5.511542320251465,-38.987640380859375,85.43065643310547,-30.67547035217285,-88.90435791015625,46.58650207519531,46.053489889106324
3.873,0,5.400060176849365,-37.628822326660156,85.125244140625,-31.803436279296875,-88.8834457397461,46.694786071777344,5.400060176849365,-37.628822326660156,85.125244140625,-31.803436279296875,-88.8834457397461,46.694786071777344,46.118721461187214
3.911,0,5.309610843658447,-36.43922424316406,84.8681869506836,-32.83087158203125,-88.87847137451172,46.82801055908203,5.309610843658447,-36.43922424316406,84.8681869506836,-32.83087158203125,-88.87847137451172,46.82801055908203,46.118721461187214
3.941,0,5.14791202545166,-35.215904235839844,84.63784790039062,-34.01400375366211,-88.889404296875,46.985740661621094,5.14791202545166,-35.215904235839844,84.63784790039062,-34.01400375366211,-88.889404296875,46.985740661621094,46.118721461187214
3.973,0,5.168603897094727,-34.33146667480469,84.39522552490234,-34.756980895996094,-88.93657684326172,47.07422637939453,5.168603897094727,-34.33146667480469,84.39522552490234,-34.756980895996094,-88.93657684326172,47.07422637939453,46.24918460534899
4.011,0,5.0296549797058105,-33.20063018798828,84.12522888183594,-35.76080322265625,-88.9806137084961,47.211280822753906,5.0296549797058105,-33.20063018798828,84.12522888183594,-35.76080322265625,-88.9806137084961,47.211280822753906,46.51011089367253
4.041,0,4.949413299560547,-32.22866439819336,83.96641540527344,-36.6829719543457,-88.98007202148438,47.31690216064453,4.949413299560547,-32.22866439819336,83.96641540527344,-36.6829719543457,-88.98007202148438,47.31690216064453,46.64057403783431
4.075,0,4.817846298217773,-30.765846252441406,83.65374755859375,-37.977935791015625,-88.96231842041016,47.43567657470703,4.817846298217773,-30.765846252441406,83.65374755859375,-37.977935791015625,-88.96231842041016,47.43567657470703,46.771037181996086
4.108,0,4.854001522064209,-29.999042510986328,83.45431518554688,-38.58604049682617,-88.95928955078125,47.42060089111328,4.854001522064209,-29.999042510986328,83.45431518554688,-38.58604049682617,-88.95928955078125,47.42060089111328,46.90150032615786
4.141,0,4.75032377243042,-28.884689331054688,83.19657135009766,-39.548221588134766,-88.94277954101562,47.485992431640625,4.75032377243042,-28.884689331054688,83.19657135009766,-39.548221588134766,-88.94277954101562,47.485992431640625,47.03196347031963
4.173,0,4.669837951660156,-27.95150375366211,82.98936462402344,-40.40681457519531,-88.9228286743164,47.58649826049805,4.669837951660156,-27.95150375366211,82.98936462402344,-40.40681457519531,-88.9228286743164,47.58649826049805,47.03196347031963
4.210,0,4.5494160652160645,-26.656635284423828,82.6551284790039,-41.575931549072266,-88.91773223876953,47.68476104736328,4.5494160652160645,-26.656635284423828,82.6551284790039,-41.575931549072266,-88.91773223876953,47.68476104736328,47.162426614481404
4.242,0,4.560466289520264,-25.949581146240234,82.43486785888672,-42.12076187133789,-88.9108657836914,47.61613845825195,4.560466289520264,-25.949581146240234,82.43486785888672,-42.12076187133789,-88.9108657836914,47.61613845825195,47.227658186562294
4.274,0,4.47640323638916,-24.949058532714844,82.18099212646484,-42.9837532043457,-88.89714813232422,47.64053726196289,4.47640323638916,-24.949058532714844,82.18099212646484,-42.9837532043457,-88.89714813232422,47.64053726196289,47.227658186562294
4.307,0,4.426305770874023,-23.872371673583984,81.89360046386719,-43.889949798583984,-88.87203979492188,47.70469665527344,4.426305770874023,-23.872371673583984,81.89360046386719,-43.889949798583984,-88.87203979492188,47.70469665527344,47.227658186562294
4.340,0,4.313429832458496,-22.685684204101562,81.58349609375,-44.91453552246094,-88.84490203857422,47.74224853515625,4.313429832458496,-22.685684204101562,81.58349609375,-44.91453552246094,-88.84490203857422,47.74224853515625,47.227658186562294
4.375,0,4.368809223175049,-21.94166374206543,81.28826141357422,-45.39857864379883,-88.82098388671875,47.69559097290039,4.368809223175049,-21.94166374206543,81.28826141357422,-45.39857864379883,-88.82098388671875,47.69559097290039,47.227658186562294
4.407,0,4.327962398529053,-20.934541702270508,81.02253723144531,-46.2537841796875,-88.79730224609375,47.702537536621094,4.327962398529053,-20.934541702270508,81.02253723144531,-46.2537841796875,-88.79730224609375,47.702537536621094,47.227658186562294
4.441,0,4.3173370361328125,-19.87448501586914,80.6926498413086,-47.09609603881836,-88.76239776611328,47.7619514465332,4.3173370361328125,-19.87448501586914,80.6926498413086,-47.09609603881836,-88.76239776611328,47.7619514465332,47.227658186562294
4.474,0,4.27209997177124,-18.700679779052734,80.34803771972656,-48.036827087402344,-88.72450256347656,47.81357192993164,4.27209997177124,-18.700679779052734,80.34803771972656,-48.036827087402344,-88.72450256347656,47.81357192993164,47.227658186562294
4.510,0,4.215391159057617,-17.216381072998047,79.91227722167969,-49.241580963134766,-88.6708755493164,47.82025909423828,4.215391159057617,-17.216381072998047,79.91227722167969,-49.241580963134766,-88.6708755493164,47.82025909423828,47.227658186562294
4.541,0,4.16060209274292,-16.12541961669922,79.60920715332031,-50.159366607666016,-88.6417007446289,47.86260223388672,4.16060209274292,-16.12541961669922,79.60920715332031,-50.159366607666016,-88.6417007446289,47.86260223388672,47.29288975864318
4.575,0,4.134564399719238,-14.89529037475586,79.21619415283203,-51.11669158935547,-88.58992767333984,47.89473342895508,4.134564399719238,-14.89529037475586,79.21619415283203,-51.11669158935547,-88.58992767333984,47.89473342895508,47.29288975864318
4.609,0,4.214597225189209,-13.935139656066895,78.83501434326172,-51.80757141113281,-88.5308609008789,47.82998275756836,4.214597225189209,-13.935139656066895,78.83501434326172,-51.80757141113281,-88.5308609008789,47.82998275756836,47.48858447488584
4.645,0,4.158146858215332,-12.432564735412598,78.38536071777344,-53.06852722167969,-88.48112487792969,47.83346939086914,4.158146858215332,-12.432564735412598,78.38536071777344,-53.06852722167969,-88.48112487792969,47.83346939086914,47.48858447488584
4.676,0,4.115756988525391,-11.405401229858398,78.09808349609375,-53.91100311279297,-88.44279479980469,47.843170166015625,4.115756988525391,-11.405401229858398,78.09808349609375,-53.91100311279297,-88.44279479980469,47.843170166015625,47.61904761904761
4.709,0,4.1031365394592285,-10.420799255371094,77.78266906738281,-54.66067886352539,-88.40202331542969,47.8642692565918,4.1031365394592285,-10.420799255371094,77.78266906738281,-54.66067886352539,-88.40202331542969,47.8642692565918,47.61904761904761
4.743,0,4.183391571044922,-9.635562896728516,77.4222183227539,-55.169029235839844,-88.34066009521484,47.771278381347656,4.183391571044922,-9.635562896728516,77.4222183227539,-55.169029235839844,-88.34066009521484,47.771278381347656,47.61904761904761
4.777,0,4.13787317276001,-8.517744064331055,77.06293487548828,-56.06659698486328,-88.29074096679688,47.712642669677734,4.13787317276001,-8.517744064331055,77.06293487548828,-56.06659698486328,-88.29074096679688,47.712642669677734,47.61904761904761
4.811,0,4.118745803833008,-7.69111442565918,76.7813949584961,-56.70341110229492,-88.25389862060547,47.6926155090332,4.118745803833008,-7.69111442565918,76.7813949584961,-56.70341110229492,-88.25389862060547,47.6926155090332,47.61904761904761
4.844,0,4.0818562507629395,-6.877833366394043,76.54145050048828,-57.3505859375,-88.20958709716797,47.694740295410156,4.0818562507629395,-6.877833366394043,76.54145050048828,-57.3505859375,-88.20958709716797,47.694740295410156,47.61904761904761
4.877,0,4.130500316619873,-6.336675643920898,76.35565185546875,-57.749759674072266,-88.17335510253906,47.579708099365234,4.130500316619873,-6.336675643920898,76.35565185546875,-57.749759674072266,-88.17335510253906,47.579708099365234,47.61904761904761
4.911,0,4.068694114685059,-5.569878578186035,76.10799407958984,-58.34787368774414,-88.1423110961914,47.50636672973633,4.068694114685059,-5.569878578186035,76.10799407958984,-58.34787368774414,-88.1423110961914,47.50636672973633,47.61904761904761
4.945,0,4.0301737785339355,-4.944282531738281,75.93009948730469,-58.85093688964844,-88.11157989501953,47.47783660888672,4.0301737785339355,-4.944282531738281,75.93009948730469,-58.85093688964844,-88.11157989501953,47.47783660888672,47.61904761904761
4.977,0,3.984652042388916,-4.350005149841309,75.81312561035156,-59.373802185058594,-88.08645629882812,47.454776763916016,3.984652042388916,-4.350005149841309,75.81312561035156,-59.373802185058594,-88.08645629882812,47.454776763916016,47.61904761904761
5.011,0,4.021758079528809,-3.9183406829833984,75.69607543945312,-59.72801208496094,-88.05752563476562,47.32512664794922,4.021758079528809,-3.9183406829833984,75.69607543945312,-59.72801208496094,-88.05752563476562,47.32512664794922,47.61904761904761
5.043,0,3.98166561126709,-3.293977737426758,75.51505279541016,-60.242576599121094,-88.03498077392578,47.246131896972656,3.98166561126709,-3.293977737426758,75.51505279541016,-60.242576599121094,-88.03498077392578,47.246131896972656,47.61904761904761
5.077,0,3.9285776615142822,-2.74871826171875,75.36751556396484,-60.70378875732422,-88.02178955078125,47.2167854309082,3.9285776615142822,-2.74871826171875,75.36751556396484,-60.70378875732422,-88.02178955078125,47.2167854309082,47.61904761904761
5.110,0,3.8922648429870605,-2.19173526763916,75.25419616699219,-61.20926284790039,-87.9915542602539,47.195701599121094,3.8922648429870605,-2.19173526763916,75.25419616699219,-61.20926284790039,-87.9915542602539,47.195701599121094,47.61904761904761
5.144,0,3.9400134086608887,-1.8083267211914062,75.1688232421875,-61.55401611328125,-87.97457122802734,47.07090377807617,3.9400134086608887,-1.8083267211914062,75.1688232421875,-61.55401611328125,-87.97457122802734,47.07090377807617,47.61904761904761
5.177,0,3.8802506923675537,-1.2346458435058594,74.9842529296875,-62.018062591552734,-87.96398162841797,46.97075653076172,3.8802506923675537,-1.2346458435058594,74.9842529296875,-62.018062591552734,-87.96398162841797,46.97075653076172,47.61904761904761
5.211,0,3.834850788116455,-0.6937599182128906,74.82759857177734,-62.46706771850586,-87.94760131835938,46.92731475830078,3.834850788116455,-0.6937599182128906,74.82759857177734,-62.46706771850586,-87.94760131835938,46.92731475830078,47.55381604696673
5.276,0,3.7664337158203125,-0.1884145736694336,74.72994995117188,-62.936798095703125,-87.92955780029297,46.885894775390625,3.7664337158203125,-0.1884145736694336,74.72994995117188,-62.936798095703125,-87.92955780029297,46.885894775390625,47.55381604696673
5.303,0,3.8021371364593506,0.24007225036621094,74.62028503417969,-63.31296157836914,-87.92300415039062,46.73337936401367,3.8021371364593506,0.24007225036621094,74.62028503417969,-63.31296157836914,-87.92300415039062,46.73337936401367,47.29288975864318
5.335,0,3.762425422668457,0.6908817291259766,74.51042938232422,-63.71171188354492,-87.91073608398438,46.65085983276367,3.762425422668457,0.6908817291259766,74.51042938232422,-63.71171188354492,-87.91073608398438,46.65085983276367,47.227658186562294
5.369,0,3.7210819721221924,1.2173843383789062,74.34733581542969,-64.1447525024414,-87.89755249023438,46.64332962036133,3.7210819721221924,1.2173843383789062,74.34733581542969,-64.1447525024414,-87.89755249023438,46.64332962036133,47.227658186562294
5.405,0,3.6768360137939453,1.7402935028076172,74.17658996582031,-64.57518005371094,-87.87010955810547,46.62274932861328,3.6768360137939453,1.7402935028076172,74.17658996582031,-64.57518005371094,-87.87010955810547,46.62274932861328,47.227658186562294
5.470,0,3.7119202613830566,2.201578140258789,74.04586029052734,-64.9736328125,-87.85867309570312,46.48746871948242,3.7119202613830566,2.201578140258789,74.04586029052734,-64.9736328125,-87.85867309570312,46.48746871948242,47.227658186562294
5.498,0,3.6864161491394043,2.6762733459472656,73.92875671386719,-65.37710571289062,-87.8394775390625,46.471832275390625,3.6864161491394043,2.6762733459472656,73.92875671386719,-65.37710571289062,-87.8394775390625,46.471832275390625,47.227658186562294
5.537,0,3.687342643737793,3.147857666015625,73.79505920410156,-65.79375457763672,-87.81682586669922,46.46006774902344,3.687342643737793,3.147857666015625,73.79505920410156,-65.79375457763672,-87.81682586669922,46.46006774902344,47.09719504240052
5.567,0,3.7415127754211426,3.551136016845703,73.63824462890625,-66.15457916259766,-87.78781127929688,46.33415222167969,3.7415127754211426,3.551136016845703,73.63824462890625,-66.15457916259766,-87.78781127929688,46.33415222167969,46.90150032615786
5.596,0,3.7273178100585938,4.007806777954102,73.45861053466797,-66.53377532958984,-87.76338195800781,46.270172119140625,3.7273178100585938,4.007806777954102,73.45861053466797,-66.53377532958984,-87.76338195800781,46.270172119140625,46.83626875407697
5.632,0,3.6963884830474854,4.548881530761719,73.21304321289062,-66.95468139648438,-87.7375717163086,46.25398254394531,3.6963884830474854,4.548881530761719,73.21304321289062,-66.95468139648438,-87.7375717163086,46.25398254394531,46.83626875407697
5.665,0,3.653266668319702,5.050235748291016,73.01431274414062,-67.36540222167969,-87.72026062011719,46.2679443359375,3.653266668319702,5.050235748291016,73.01431274414062,-67.36540222167969,-87.72026062011719,46.2679443359375,46.83626875407697
5.699,0,3.689173698425293,5.466693878173828,72.75230407714844,-67.67630004882812,-87.7007064819336,46.13578414916992,3.689173698425293,5.466693878173828,72.75230407714844,-67.67630004882812,-87.7007064819336,46.13578414916992,46.705805609915195
5.731,0,3.65263032913208,5.928920745849609,72.52938079833984,-68.0254135131836,-87.69357299804688,46.08232879638672,3.65263032913208,5.928920745849609,72.52938079833984,-68.0254135131836,-87.69357299804688,46.08232879638672,46.705805609915195
5.769,0,3.6311488151550293,6.3643341064453125,72.33430480957031,-68.34601593017578,-87.68301391601562,46.09021759033203,3.6311488151550293,6.3643341064453125,72.33430480957031,-68.34601593017578,-87.68301391601562,46.09021759033203,46.51011089367253
5.797,0,3.5911197662353516,6.812458038330078,72.15026092529297,-68.70635986328125,-87.67450714111328,46.088504791259766,3.5911197662353516,6.812458038330078,72.15026092529297,-68.70635986328125,-87.67450714111328,46.088504791259766,46.44487932159165
5.830,0,3.608436346054077,7.150302886962891,71.98127746582031,-68.99150085449219,-87.65068817138672,45.963619232177734,3.608436346054077,7.150302886962891,71.98127746582031,-68.99150085449219,-87.65068817138672,45.963619232177734,46.44487932159165
5.864,0,3.5718350410461426,7.534076690673828,71.8035659790039,-69.30165100097656,-87.64423370361328,45.91156005859375,3.5718350410461426,7.534076690673828,71.8035659790039,-69.30165100097656,-87.64423370361328,45.91156005859375,46.44487932159165
5.898,0,3.5237503051757812,7.942651748657227,71.61003875732422,-69.60456848144531,-87.6352767944336,45.90053939819336,3.5237503051757812,7.942651748657227,71.61003875732422,-69.60456848144531,-87.6352767944336,45.90053939819336,46.44487932159165
5.931,0,3.4456982612609863,8.346691131591797,71.43517303466797,-69.90336608886719,-87.62754821777344,45.889610290527344,3.4456982612609863,8.346691131591797,71.43517303466797,-69.90336608886719,-87.62754821777344,45.889610290527344,46.37964774951076
5.966,0,3.3888866901397705,8.697532653808594,71.27656555175781,-70.19512939453125,-87.61508178710938,45.83367156982422,3.3888866901397705,8.697532653808594,71.27656555175781,-70.19512939453125,-87.61508178710938,45.83367156982422,46.24918460534899
6.000,0,3.3296141624450684,9.094018936157227,71.09237670898438,-70.47480773925781,-87.60972595214844,45.826271057128906,3.3296141624450684,9.094018936157227,71.09237670898438,-70.47480773925781,-87.60972595214844,45.826271057128906,46.1839530332681
6.032,0,3.2626891136169434,9.5162353515625,70.87909698486328,-70.75520324707031,-87.60693359375,45.80214309692383,3.2626891136169434,9.5162353515625,70.87909698486328,-70.75520324707031,-87.60693359375,45.80214309692383,46.118721461187214
6.071,0,3.2218165397644043,9.882349014282227,70.67961883544922,-71.01054382324219,-87.60753631591797,45.78563690185547,3.2218165397644043,9.882349014282227,70.67961883544922,-71.01054382324219,-87.60753631591797,45.78563690185547,46.118721461187214
6.102,0,3.1710684299468994,10.218326568603516,70.52337646484375,-71.28874206542969,-87.60615539550781,45.756568908691406,3.1710684299468994,10.218326568603516,70.52337646484375,-71.28874206542969,-87.60615539550781,45.756568908691406,46.118721461187214
6.135,0,3.0820298194885254,10.634174346923828,70.28581237792969,-71.54167938232422,-87.60355377197266,45.756710052490234,3.0820298194885254,10.634174346923828,70.28581237792969,-71.54167938232422,-87.60355377197266,45.756710052490234,46.118721461187214
6.165,0,3.0863890647888184,10.9683837890625,70.0638656616211,-71.75696563720703,-87.60465240478516,45.65827178955078,3.0863890647888184,10.9683837890625,70.0638656616211,-71.75696563720703,-87.60465240478516,45.65827178955078,46.118721461187214
6.198,0,3.0812344551086426,11.28668212890625,69.8783950805664,-71.99404907226562,-87.61245727539062,45.55340576171875,3.0812344551086426,11.28668212890625,69.8783950805664,-71.99404907226562,-87.61245727539062,45.55340576171875,46.118721461187214
6.231,0,3.0055088996887207,11.696815490722656,69.67665100097656,-72.27095031738281,-87.61168670654297,45.535621643066406,3.0055088996887207,11.696815490722656,69.67665100097656,-72.27095031738281,-87.61168670654297,45.535621643066406,46.118721461187214
6.266,0,2.9128832817077637,12.135034561157227,69.41228485107422,-72.52395629882812,-87.61785888671875,45.52605438232422,2.9128832817077637,12.135034561157227,69.41228485107422,-72.52395629882812,-87.61785888671875,45.52605438232422,46.053489889106324
6.298,0,2.8997368812561035,12.462890625,69.18600463867188,-72.72013854980469,-87.61865234375,45.416770935058594,2.8997368812561035,12.462890625,69.18600463867188,-72.72013854980469,-87.61865234375,45.416770935058594,45.92302674494455
6.331,0,2.8306360244750977,12.870100021362305,68.8924560546875,-72.9451904296875,-87.62942504882812,45.367095947265625,2.8306360244750977,12.870100021362305,68.8924560546875,-72.9451904296875,-87.62942504882812,45.367095947265625,45.79256360078278
6.365,0,2.757578134536743,13.286983489990234,68.66482543945312,-73.21509552001953,-87.63420867919922,45.34785461425781,2.757578134536743,13.286983489990234,68.66482543945312,-73.21509552001953,-87.63420867919922,45.34785461425781,45.72733202870189
6.399,0,2.669999122619629,13.636709213256836,68.44403076171875,-73.40827178955078,-87.63726043701172,45.32981491088867,2.669999122619629,13.636709213256836,68.44403076171875,-73.40827178955078,-87.63726043701172,45.32981491088867,45.72733202870189
6.432,0,2.656029224395752,13.934879302978516,68.21105194091797,-73.56477355957031,-87.64323425292969,45.23288345336914,2.656029224395752,13.934879302978516,68.21105194091797,-73.56477355957031,-87.64323425292969,45.23288345336914,45.72733202870189
6.466,0,2.5924010276794434,14.252748489379883,67.98396301269531,-73.73506164550781,-87.66159057617188,45.18273162841797,2.5924010276794434,14.252748489379883,67.98396301269531,-73.73506164550781,-87.66159057617188,45.18273162841797,45.72733202870189
6.500,0,2.520695209503174,14.610719680786133,67.7812728881836,-73.96431732177734,-87.66276550292969,45.168006896972656,2.520695209503174,14.610719680786133,67.7812728881836,-73.96431732177734,-87.66276550292969,45.168006896972656,45.72733202870189
6.538,0,2.4232449531555176,14.995386123657227,67.52009582519531,-74.1427993774414,-87.6658935546875,45.142005920410156,2.4232449531555176,14.995386123657227,67.52009582519531,-74.1427993774414,-87.6658935546875,45.142005920410156,45.72733202870189
6.565,0,2.3954622745513916,15.243904113769531,67.29638671875,-74.23489379882812,-87.66958618164062,45.0220832824707,2.3954622745513916,15.243904113769531,67.29638671875,-74.23489379882812,-87.66958618164062,45.0220832824707,45.72733202870189
6.600,0,2.3322958946228027,15.542137145996094,67.07991790771484,-74.38848876953125,-87.68436431884766,44.96497344970703,2.3322958946228027,15.542137145996094,67.07991790771484,-74.38848876953125,-87.68436431884766,44.96497344970703,45.72733202870189
6.634,0,2.2588398456573486,15.903884887695312,66.86897277832031,-74.59855651855469,-87.6832046508789,44.93285369873047,2.2588398456573486,15.903884887695312,66.86897277832031,-74.59855651855469,-87.6832046508789,44.93285369873047,45.72733202870189
6.668,0,2.1719093322753906,16.285892486572266,66.60223388671875,-74.77848815917969,-87.69036865234375,44.91505432128906,2.1719093322753906,16.285892486572266,66.60223388671875,-74.77848815917969,-87.69036865234375,44.91505432128906,45.46640574037834
6.702,0,2.171267509460449,16.48328399658203,66.3873062133789,-74.81138610839844,-87.68229675292969,44.77701187133789,2.171267509460449,16.48328399658203,66.3873062133789,-74.81138610839844,-87.68229675292969,44.77701187133789,45.33594259621657
6.735,0,2.1175942420959473,16.761341094970703,66.16646575927734,-74.94097900390625,-87.69300842285156,44.730743408203125,2.1175942420959473,16.761341094970703,66.16646575927734,-74.94097900390625,-87.69300842285156,44.730743408203125,45.27071102413568
6.768,0,2.0507543087005615,17.075435638427734,65.96598052978516,-75.10493469238281,-87.69686889648438,44.69507598876953,2.0507543087005615,17.075435638427734,65.96598052978516,-75.10493469238281,-87.69686889648438,44.69507598876953,45.20547945205479
6.802,0,1.9587783813476562,17.42209243774414,65.73343658447266,-75.28414916992188,-87.70600891113281,44.67694091796875,1.9587783813476562,17.42209243774414,65.73343658447266,-75.28414916992188,-87.70600891113281,44.67694091796875,45.00978473581213
6.834,0,1.966468095779419,17.565837860107422,65.5701904296875,-75.30618286132812,-87.70561218261719,44.54499816894531,1.966468095779419,17.565837860107422,65.5701904296875,-75.30618286132812,-87.70561218261719,44.54499816894531,45.00978473581213
6.868,0,1.9170467853546143,17.81397247314453,65.38589477539062,-75.42140197753906,-87.7154769897461,44.47220230102539,1.9170467853546143,17.81397247314453,65.38589477539062,-75.42140197753906,-87.7154769897461,44.47220230102539,45.00978473581213
6.902,0,1.8461356163024902,18.149581909179688,65.14747619628906,-75.5663833618164,-87.7285385131836,44.419883728027344,1.8461356163024902,18.149581909179688,65.14747619628906,-75.5663833618164,-87.7285385131836,44.419883728027344,45.00978473581213
6.935,0,1.75700044631958,18.503501892089844,64.90217590332031,-75.72419738769531,-87.7349624633789,44.3759765625,1.75700044631958,18.503501892089844,64.90217590332031,-75.72419738769531,-87.7349624633789,44.3759765625,45.00978473581213
6.968,0,1.7679054737091064,18.608245849609375,64.75192260742188,-75.68980407714844,-87.7402114868164,44.24896240234375,1.7679054737091064,18.608245849609375,64.75192260742188,-75.68980407714844,-87.7402114868164,44.24896240234375,44.94455316373124
7.004,0,1.7239978313446045,18.811599731445312,64.56182098388672,-75.74043273925781,-87.7540512084961,44.174522399902344,1.7239978313446045,18.811599731445312,64.56182098388672,-75.74043273925781,-87.7540512084961,44.174522399902344,44.74885844748858
7.036,0,1.6537609100341797,19.095340728759766,64.3900146484375,-75.87075805664062,-87.7621841430664,44.12309265136719,1.6537609100341797,19.095340728759766,64.3900146484375,-75.87075805664062,-87.7621841430664,44.12309265136719,44.61839530332681
7.069,0,1.5564827919006348,19.390941619873047,64.20276641845703,-76.0047607421875,-87.7695083618164,44.069435119628906,1.5564827919006348,19.390941619873047,64.20276641845703,-76.0047607421875,-87.7695083618164,44.069435119628906,44.553163731245924
7.104,0,1.5527021884918213,19.471839904785156,64.12149047851562,-75.98944091796875,-87.77772521972656,43.883018493652344,1.5527021884918213,19.471839904785156,64.12149047851562,-75.98944091796875,-87.77772521972656,43.883018493652344,44.487932159165034
7.138,0,1.5092153549194336,19.641910552978516,64.03239440917969,-76.08491516113281,-87.7884292602539,43.76129150390625,1.5092153549194336,19.641910552978516,64.03239440917969,-76.08491516113281,-87.7884292602539,43.76129150390625,44.35746901500326
7.169,0,1.4437060356140137,19.845748901367188,63.940101623535156,-76.19314575195312,-87.79917907714844,43.68811798095703,1.4437060356140137,19.845748901367188,63.940101623535156,-76.19314575195312,-87.79917907714844,43.68811798095703,44.29223744292237
7.212,0,1.3471715450286865,20.104297637939453,63.79334259033203,-76.32803344726562,-87.80789184570312,43.612892150878906,1.3471715450286865,20.104297637939453,63.79334259033203,-76.32803344726562,-87.80789184570312,43.612892150878906,44.1617742987606
7.242,0,1.314734935760498,20.168163299560547,63.75806427001953,-76.35111236572266,-87.81430053710938,43.49211502075195,1.314734935760498,20.168163299560547,63.75806427001953,-76.35111236572266,-87.81430053710938,43.49211502075195,44.031311154598825
7.284,0,1.2478876113891602,20.300922393798828,63.70600509643555,-76.39689636230469,-87.81504821777344,43.39665985107422,1.2478876113891602,20.300922393798828,63.70600509643555,-76.39689636230469,-87.81504821777344,43.39665985107422,43.90084801043705
7.310,0,1.153456687927246,20.538169860839844,63.589595794677734,-76.52818298339844,-87.82882690429688,43.318851470947266,1.153456687927246,20.538169860839844,63.589595794677734,-76.52818298339844,-87.82882690429688,43.318851470947266,43.83561643835616
7.344,0,1.1697373390197754,20.529083251953125,63.58815002441406,-76.50316619873047,-87.83624267578125,43.14031982421875,1.1697373390197754,20.529083251953125,63.58815002441406,-76.50316619873047,-87.83624267578125,43.14031982421875,43.83561643835616
7.377,0,1.151177167892456,20.5792236328125,63.57741165161133,-76.5244369506836,-87.8360824584961,43.00374984741211,1.151177167892456,20.5792236328125,63.57741165161133,-76.5244369506836,-87.8360824584961,43.00374984741211,43.83561643835616
7.412,0,1.0978362560272217,20.62942886352539,63.55707550048828,-76.48545837402344,-87.83366394042969,42.912322998046875,1.0978362560272217,20.62942886352539,63.55707550048828,-76.48545837402344,-87.83366394042969,42.912322998046875,43.70515329419439
7.448,0,1.0047173500061035,20.825843811035156,63.479713439941406,-76.60174560546875,-87.84187316894531,42.819847106933594,1.0047173500061035,20.825843811035156,63.479713439941406,-76.60174560546875,-87.84187316894531,42.819847106933594,43.444227005870836
7.477,0,1.0072762966156006,20.758541107177734,63.514610290527344,-76.51826477050781,-87.85236358642578,42.64582061767578,1.0072762966156006,20.758541107177734,63.514610290527344,-76.51826477050781,-87.85236358642578,42.64582061767578,43.31376386170906
7.517,0,0.9851443767547607,20.791587829589844,63.5174674987793,-76.53375244140625,-87.85746765136719,42.49964141845703,0.9851443767547607,20.791587829589844,63.5174674987793,-76.53375244140625,-87.85746765136719,42.49964141845703,43.1180691454664
7.543,0,0.9222679138183594,20.858341217041016,63.47694396972656,-76.50183868408203,-87.85809326171875,42.41609191894531,0.9222679138183594,20.858341217041016,63.47694396972656,-76.50183868408203,-87.85809326171875,42.41609191894531,43.05283757338552
7.578,0,0.8262155055999756,21.000118255615234,63.4500732421875,-76.59318542480469,-87.86035919189453,42.30218505859375,0.8262155055999756,21.000118255615234,63.4500732421875,-76.59318542480469,-87.86035919189453,42.30218505859375,42.922374429223744
7.610,0,0.866370439529419,20.90668487548828,63.48539733886719,-76.483642578125,-87.87041473388672,42.136837005615234,0.866370439529419,20.90668487548828,63.48539733886719,-76.483642578125,-87.87041473388672,42.136837005615234,42.72667971298108
7.647,0,0.8436665534973145,20.864234924316406,63.52958679199219,-76.45462036132812,-87.87185668945312,42.002140045166016,0.8436665534973145,20.864234924316406,63.52958679199219,-76.45462036132812,-87.87185668945312,42.002140045166016,42.72667971298108
7.677,0,0.7794194221496582,20.869464874267578,63.565486907958984,-76.44014739990234,-87.86914825439453,41.89482116699219,0.7794194221496582,20.869464874267578,63.565486907958984,-76.44014739990234,-87.86914825439453,41.89482116699219,42.66144814090019
7.716,0,0.6930944919586182,20.935340881347656,63.58243942260742,-76.48193359375,-87.86903381347656,41.78483581542969,0.6930944919586182,20.935340881347656,63.58243942260742,-76.48193359375,-87.86903381347656,41.78483581542969,42.465753424657535
7.744,0,0.7512762546539307,20.74230194091797,63.64762878417969,-76.29674530029297,-87.87322235107422,41.650123596191406,0.7512762546539307,20.74230194091797,63.64762878417969,-76.29674530029297,-87.87322235107422,41.650123596191406,42.27005870841487
7.777,0,0.7327327728271484,20.692684173583984,63.66633987426758,-76.24058532714844,-87.87455749511719,41.5234375,0.7327327728271484,20.692684173583984,63.66633987426758,-76.24058532714844,-87.87455749511719,41.5234375,42.20482713633398
7.811,0,0.6786367893218994,20.661327362060547,63.72944641113281,-76.2136001586914,-87.86563873291016,41.41969299316406,0.6786367893218994,20.661327362060547,63.72944641113281,-76.2136001586914,-87.86563873291016,41.41969299316406,42.00913242009132
7.845,0,0.6154944896697998,20.631420135498047,63.79537582397461,-76.19744873046875,-87.8499984741211,41.30049133300781,0.6154944896697998,20.631420135498047,63.79537582397461,-76.19744873046875,-87.8499984741211,41.30049133300781,41.943900848010436
7.881,0,0.5467212200164795,20.617755889892578,63.846343994140625,-76.19647216796875,-87.85928344726562,41.171180725097656,0.5467212200164795,20.617755889892578,63.846343994140625,-76.19647216796875,-87.85928344726562,41.171180725097656,41.74820613176777
7.910,0,0.597247838973999,20.336978912353516,63.94537353515625,-75.93180847167969,-87.85063171386719,41.034912109375,0.597247838973999,20.336978912353516,63.94537353515625,-75.93180847167969,-87.85063171386719,41.034912109375,41.617742987606
7.943,0,0.5796263217926025,20.175579071044922,64.03117370605469,-75.80406188964844,-87.85369873046875,40.944801330566406,0.5796263217926025,20.175579071044922,64.03117370605469,-75.80406188964844,-87.85369873046875,40.944801330566406,41.55251141552511
7.979,0,0.5120530128479004,20.061805725097656,64.13888549804688,-75.73314666748047,-87.84674072265625,40.80241394042969,0.5120530128479004,20.061805725097656,64.13888549804688,-75.73314666748047,-87.84674072265625,40.80241394042969,41.48727984344423
8.012,0,0.44824719429016113,19.984764099121094,64.21537017822266,-75.6866455078125,-87.85664367675781,40.68199920654297,0.44824719429016113,19.984764099121094,64.21537017822266,-75.6866455078125,-87.85664367675781,40.68199920654297,41.291585127201564
8.045,0,0.5047616958618164,19.6668701171875,64.3396224975586,-75.41941833496094,-87.84469604492188,40.56373596191406,0.5047616958618164,19.6668701171875,64.3396224975586,-75.41941833496094,-87.84469604492188,40.56373596191406,41.226353555120674
8.079,0,0.483583927154541,19.415546417236328,64.47432708740234,-75.24113464355469,-87.84378051757812,40.484153747558594,0.483583927154541,19.415546417236328,64.47432708740234,-75.24113464355469,-87.84378051757812,40.484153747558594,41.16112198303979
8.111,0,0.42237114906311035,19.24449920654297,64.60074615478516,-75.1343994140625,-87.83600616455078,40.35020446777344,0.42237114906311035,19.24449920654297,64.60074615478516,-75.1343994140625,-87.83600616455078,40.35020446777344,41.03065883887801
8.145,0,0.35089111328125,19.192508697509766,64.67298889160156,-75.13642883300781,-87.84754180908203,40.24265670776367,0.35089111328125,19.192508697509766,64.67298889160156,-75.13642883300781,-87.84754180908203,40.24265670776367,40.834964122635355
8.180,0,0.41077613830566406,18.923873901367188,64.7511215209961,-74.8741226196289,-87.82231903076172,40.16108322143555,0.41077613830566406,18.923873901367188,64.7511215209961,-74.8741226196289,-87.82231903076172,40.16108322143555,40.704500978473575
8.213,0,0.3917975425720215,18.654380798339844,64.91417694091797,-74.70887756347656,-87.83560943603516,40.049598693847656,0.3917975425720215,18.654380798339844,64.91417694091797,-74.70887756347656,-87.83560943603516,40.049598693847656,40.5740378343118
8.247,0,0.3363461494445801,18.482524871826172,65.03300476074219,-74.61927032470703,-87.82791137695312,39.95836639404297,0.3363461494445801,18.482524871826172,65.03300476074219,-74.61927032470703,-87.82791137695312,39.95836639404297,40.44357469015003
8.281,0,0.26465702056884766,18.478954315185547,65.07360076904297,-74.64912414550781,-87.82646179199219,39.84752655029297,0.26465702056884766,18.478954315185547,65.07360076904297,-74.64912414550781,-87.82646179199219,39.84752655029297,40.44357469015003
8.315,0,0.32443785667419434,18.252010345458984,65.1593017578125,-74.44853210449219,-87.8095703125,39.784454345703125,0.32443785667419434,18.252010345458984,65.1593017578125,-74.44853210449219,-87.8095703125,39.784454345703125,40.44357469015003
8.353,0,0.3111143112182617,18.023700714111328,65.27965545654297,-74.273193359375,-87.81877899169922,39.68975067138672,0.3111143112182617,18.023700714111328,65.27965545654297,-74.273193359375,-87.81877899169922,39.68975067138672,40.37834311806915
8.381,0,0.29607105255126953,17.927291870117188,65.34920501708984,-74.22799682617188,-87.80705261230469,39.61549377441406,0.29607105255126953,17.927291870117188,65.34920501708984,-74.22799682617188,-87.80705261230469,39.61549377441406,40.182648401826484
8.415,0,0.22207880020141602,17.90640640258789,65.3960952758789,-74.24693298339844,-87.80947875976562,39.50715637207031,0.22207880020141602,17.90640640258789,65.3960952758789,-74.24693298339844,-87.80947875976562,39.50715637207031,40.05218525766471
8.448,0,0.2755770683288574,17.698909759521484,65.47457885742188,-74.06566619873047,-87.79048156738281,39.441062927246094,0.2755770683288574,17.698909759521484,65.47457885742188,-74.06566619873047,-87.79048156738281,39.441062927246094,39.98695368558382
8.482,0,0.2548332214355469,17.419235229492188,65.61453247070312,-73.86589050292969,-87.80140686035156,39.37287902832031,0.2548332214355469,17.419235229492188,65.61453247070312,-73.86589050292969,-87.80140686035156,39.37287902832031,39.79125896934116
8.519,0,0.23396015167236328,17.310558319091797,65.68403625488281,-73.82733917236328,-87.78763580322266,39.28939437866211,0.23396015167236328,17.310558319091797,65.68403625488281,-73.82733917236328,-87.78763580322266,39.28939437866211,39.726027397260275
8.547,0,0.1550607681274414,17.313446044921875,65.723388671875,-73.86854553222656,-87.78800201416016,39.2005729675293,0.1550607681274414,17.313446044921875,65.723388671875,-73.86854553222656,-87.78800201416016,39.2005729675293,39.660795825179385
8.581,0,0.21392393112182617,17.007190704345703,65.84075927734375,-73.6297607421875,-87.77200317382812,39.11289978027344,0.21392393112182617,17.007190704345703,65.84075927734375,-73.6297607421875,-87.77200317382812,39.11289978027344,39.660795825179385
8.615,0,0.19848155975341797,16.83218765258789,65.94624328613281,-73.51792907714844,-87.78375244140625,39.07807922363281,0.19848155975341797,16.83218765258789,65.94624328613281,-73.51792907714844,-87.78375244140625,39.07807922363281,39.660795825179385
8.648,0,0.17550992965698242,16.743915557861328,66.01158905029297,-73.49090576171875,-87.76034545898438,38.997947692871094,0.17550992965698242,16.743915557861328,66.01158905029297,-73.49090576171875,-87.76034545898438,38.997947692871094,39.595564253098495
8.683,0,0.24397754669189453,16.58698272705078,66.04531860351562,-73.35127258300781,-87.76033020019531,38.94487762451172,0.24397754669189453,16.58698272705078,66.04531860351562,-73.35127258300781,-87.76033020019531,38.94487762451172,39.39986953685584
8.715,0,0.22353601455688477,16.443424224853516,66.11564636230469,-73.23597717285156,-87.75897216796875,38.877647399902344,0.22353601455688477,16.443424224853516,66.11564636230469,-73.23597717285156,-87.75897216796875,38.877647399902344,39.33463796477495
8.750,0,0.19956493377685547,16.28164291381836,66.22285461425781,-73.1414794921875,-87.73436737060547,38.784950256347656,0.19956493377685547,16.28164291381836,66.22285461425781,-73.1414794921875,-87.73436737060547,38.784950256347656,39.26940639269406
8.784,0,0.10953092575073242,16.23529815673828,66.26811218261719,-73.12313842773438,-87.72091674804688,38.69715118408203,0.10953092575073242,16.23529815673828,66.26811218261719,-73.12313842773438,-87.72091674804688,38.69715118408203,39.26940639269406
8.821,0,0.2049698829650879,16.060062408447266,66.27139282226562,-72.93309783935547,-87.71260833740234,38.62592315673828,0.2049698829650879,16.060062408447266,66.27139282226562,-72.93309783935547,-87.71260833740234,38.62592315673828,39.0737116764514
8.848,0,0.18500471115112305,15.952136993408203,66.35934448242188,-72.91317749023438,-87.6892318725586,38.546714782714844,0.18500471115112305,15.952136993408203,66.35934448242188,-72.91317749023438,-87.6892318725586,38.546714782714844,39.00848010437051
8.886,0,0.0846242904663086,15.83584213256836,66.46981048583984,-72.86500549316406,-87.67949676513672,38.44062042236328,0.0846242904663086,15.83584213256836,66.46981048583984,-72.86500549316406,-87.67949676513672,38.44062042236328,38.94324853228962
8.914,0,0.16441917419433594,15.749387741088867,66.3985824584961,-72.68460845947266,-87.6865005493164,38.396629333496094,0.16441917419433594,15.749387741088867,66.3985824584961,-72.68460845947266,-87.6865005493164,38.396629333496094,38.94324853228962
8.948,0,0.15385055541992188,15.700336456298828,66.39518737792969,-72.66028594970703,-87.70789337158203,38.341617584228516,0.15385055541992188,15.700336456298828,66.39518737792969,-72.66028594970703,-87.70789337158203,38.341617584228516,38.94324853228962
8.983,0,0.13997459411621094,15.624649047851562,66.46125793457031,-72.6495361328125,-87.68059539794922,38.26502227783203,0.13997459411621094,15.624649047851562,66.46125793457031,-72.6495361328125,-87.68059539794922,38.26502227783203,38.94324853228962
9.018,0,0.0396270751953125,15.513130187988281,66.5727767944336,-72.6201171875,-87.66845703125,38.16971206665039,0.0396270751953125,15.513130187988281,66.5727767944336,-72.6201171875,-87.66845703125,38.16971206665039,38.81278538812785
9.051,0,0.11986160278320312,15.445024490356445,66.48998260498047,-72.45287322998047,-87.67382049560547,38.140228271484375,0.11986160278320312,15.445024490356445,66.48998260498047,-72.45287322998047,-87.67382049560547,38.140228271484375,38.617090671885194
9.081,0,0.11574983596801758,15.398637771606445,66.49225616455078,-72.4449462890625,-87.69300842285156,38.090972900390625,0.11574983596801758,15.398637771606445,66.49225616455078,-72.4449462890625,-87.69300842285156,38.090972900390625,38.486627527723414
9.115,0,0.0887913703918457,15.326610565185547,66.55706787109375,-72.46355438232422,-87.6713638305664,38.02967834472656,0.0887913703918457,15.326610565185547,66.55706787109375,-72.46355438232422,-87.6713638305664,38.02967834472656,38.486627527723414
9.149,0,-0.002433300018310547,15.230249404907227,66.6497573852539,-72.43539428710938,-87.6595230102539,37.92761993408203,-0.002433300018310547,15.230249404907227,66.6497573852539,-72.43539428710938,-87.6595230102539,37.92761993408203,38.486627527723414
9.182,0,0.052260398864746094,15.058135986328125,66.63832092285156,-72.2495346069336,-87.6728744506836,37.9113883972168,0.052260398864746094,15.058135986328125,66.63832092285156,-72.2495346069336,-87.6728744506836,37.9113883972168,38.486627527723414
9.218,0,0.033541202545166016,14.970279693603516,66.69203186035156,-72.25222778320312,-87.69482421875,37.869537353515625,0.033541202545166016,14.970279693603516,66.69203186035156,-72.25222778320312,-87.69482421875,37.869537353515625,38.29093281148076
9.251,0,-0.01493072509765625,14.874889373779297,66.77239227294922,-72.27044677734375,-87.68741607666016,37.81055450439453,-0.01493072509765625,14.874889373779297,66.77239227294922,-72.27044677734375,-87.68741607666016,37.81055450439453,38.22570123939987
9.289,0,-0.1251058578491211,14.701805114746094,66.91796875,-72.2359390258789,-87.68434143066406,37.71418762207031,-0.1251058578491211,14.701805114746094,66.91796875,-72.2359390258789,-87.68434143066406,37.71418762207031,38.095238095238095
9.317,0,-0.06151533126831055,14.454845428466797,66.92466735839844,-71.98365783691406,-87.71094512939453,37.7149658203125,-0.06151533126831055,14.454845428466797,66.92466735839844,-71.98365783691406,-87.71094512939453,37.7149658203125,38.095238095238095
9.349,0,-0.08560514450073242,14.338329315185547,66.99191284179688,-71.95565795898438,-87.72383880615234,37.673095703125,-0.08560514450073242,14.338329315185547,66.99191284179688,-71.95565795898438,-87.72383880615234,37.673095703125,38.095238095238095
9.382,0,-0.14241504669189453,14.307424545288086,67.02445983886719,-71.99317932128906,-87.7109375,37.60977554321289,-0.14241504669189453,14.307424545288086,67.02445983886719,-71.99317932128906,-87.7109375,37.60977554321289,38.095238095238095
9.415,0,-0.24527406692504883,14.17390251159668,67.15487670898438,-71.97865295410156,-87.70372009277344,37.52653121948242,-0.24527406692504883,14.17390251159668,67.15487670898438,-71.97865295410156,-87.70372009277344,37.52653121948242,38.095238095238095
9.451,0,-0.17917871475219727,14.00222396850586,67.13644409179688,-71.77313995361328,-87.72472381591797,37.531768798828125,-0.17917871475219727,14.00222396850586,67.13644409179688,-71.77313995361328,-87.72472381591797,37.531768798828125,38.095238095238095
9.484,0,-0.20322036743164062,13.970939636230469,67.15617370605469,-71.78340148925781,-87.7384033203125,37.524497985839844,-0.20322036743164062,13.970939636230469,67.15617370605469,-71.78340148925781,-87.7384033203125,37.524497985839844,38.095238095238095
9.550,0,-0.2717099189758301,13.912460327148438,67.21592712402344,-71.82759857177734,-87.7330551147461,37.4749755859375,-0.2717099189758301,13.912460327148438,67.21592712402344,-71.82759857177734,-87.7330551147461,37.4749755859375,37.89954337899543
9.578,0,-0.37900590896606445,13.845300674438477,67.29922485351562,-71.84513854980469,-87.72225952148438,37.391212463378906,-0.37900590896606445,13.845300674438477,67.29922485351562,-71.84513854980469,-87.72225952148438,37.391212463378906,37.76908023483366
9.610,0,-0.3177924156188965,13.705259323120117,67.29257202148438,-71.68229675292969,-87.74657440185547,37.40052032470703,-0.3177924156188965,13.705259323120117,67.29257202148438,-71.68229675292969,-87.74657440185547,37.40052032470703,37.76908023483366
9.647,0,-0.3410968780517578,13.686134338378906,67.2891845703125,-71.6907730102539,-87.7540512084961,37.397308349609375,-0.3410968780517578,13.686134338378906,67.2891845703125,-71.6907730102539,-87.7540512084961,37.397308349609375,37.76908023483366
9.679,0,-0.39729833602905273,13.72494888305664,67.28926086425781,-71.75285339355469,-87.73858642578125,37.35191345214844,-0.39729833602905273,13.72494888305664,67.28926086425781,-71.75285339355469,-87.73858642578125,37.35191345214844,37.76908023483366
9.710,0,-0.5046243667602539,13.668079376220703,67.3839340209961,-71.80229187011719,-87.72833251953125,37.29619598388672,-0.5046243667602539,13.668079376220703,67.3839340209961,-71.80229187011719,-87.72833251953125,37.29619598388672,37.76908023483366
9.743,0,-0.44829654693603516,13.540271759033203,67.37881469726562,-71.64363098144531,-87.75242614746094,37.323265075683594,-0.44829654693603516,13.540271759033203,67.37881469726562,-71.64363098144531,-87.75242614746094,37.323265075683594,37.76908023483366
9.776,0,-0.4717750549316406,13.560745239257812,67.35332489013672,-71.66637420654297,-87.75830078125,37.31791687011719,-0.4717750549316406,13.560745239257812,67.35332489013672,-71.66637420654297,-87.75830078125,37.31791687011719,37.70384866275277
9.814,0,-0.5342502593994141,13.677848815917969,67.31739807128906,-71.77827453613281,-87.74708557128906,37.27594757080078,-0.5342502593994141,13.677848815917969,67.31739807128906,-71.77827453613281,-87.74708557128906,37.27594757080078,37.70384866275277
9.843,0,-0.6356220245361328,13.58940315246582,67.41327667236328,-71.77940368652344,-87.7359848022461,37.21149444580078,-0.6356220245361328,13.58940315246582,67.41327667236328,-71.77940368652344,-87.7359848022461,37.21149444580078,37.70384866275277
9.876,0,-0.5766973495483398,13.444164276123047,67.40811157226562,-71.60200500488281,-87.75776672363281,37.237449645996094,-0.5766973495483398,13.444164276123047,67.40811157226562,-71.60200500488281,-87.75776672363281,37.237449645996094,37.70384866275277
9.911,0,-0.6028609275817871,13.42601203918457,67.41545104980469,-71.61314392089844,-87.76738739013672,37.23958206176758,-0.6028609275817871,13.42601203918457,67.41545104980469,-71.61314392089844,-87.76738739013672,37.23958206176758,37.70384866275277
9.943,0,-0.6650919914245605,13.481651306152344,67.42801666259766,-71.7279281616211,-87.75943756103516,37.20441436767578,-0.6650919914245605,13.481651306152344,67.42801666259766,-71.7279281616211,-87.75943756103516,37.20441436767578,37.638617090671886
9.978,0,-0.7635703086853027,13.317874908447266,67.57577514648438,-71.70154571533203,-87.74595642089844,37.143165588378906,-0.7635703086853027,13.317874908447266,67.57577514648438,-71.70154571533203,-87.74595642089844,37.143165588378906,37.508153946510106
10.010,0,-0.7059717178344727,13.114570617675781,67.59774780273438,-71.48733520507812,-87.7699966430664,37.15288543701172,-0.7059717178344727,13.114570617675781,67.59774780273438,-71.48733520507812,-87.7699966430664,37.15288543701172,37.44292237442922
10.049,0,-0.724189281463623,13.094436645507812,67.59165954589844,-71.4781494140625,-87.7774429321289,37.180580139160156,-0.724189281463623,13.094436645507812,67.59165954589844,-71.4781494140625,-87.7774429321289,37.180580139160156,37.44292237442922
10.081,0,-0.7810273170471191,13.136913299560547,67.61750793457031,-71.57865142822266,-87.76528930664062,37.14622497558594,-0.7810273170471191,13.136913299560547,67.61750793457031,-71.57865142822266,-87.76528930664062,37.14622497558594,37.37769080234833
10.111,0,-0.8955478668212891,13.046812057495117,67.75247955322266,-71.62060546875,-87.75525665283203,37.10426712036133,-0.8955478668212891,13.046812057495117,67.75247955322266,-71.62060546875,-87.75525665283203,37.10426712036133,37.37769080234833
10.143,0,-0.8525829315185547,12.896759033203125,67.77587890625,-71.46849060058594,-87.77508544921875,37.13782501220703,-0.8525829315185547,12.896759033203125,67.77587890625,-71.46849060058594,-87.77508544921875,37.13782501220703,37.37769080234833
10.177,0,-0.867218017578125,12.858078002929688,67.82156372070312,-71.48860168457031,-87.7802963256836,37.175235748291016,-0.867218017578125,12.858078002929688,67.82156372070312,-71.48860168457031,-87.7802963256836,37.175235748291016,37.37769080234833
10.211,0,-0.934852123260498,12.86281967163086,67.8433837890625,-71.55691528320312,-87.77119445800781,37.133148193359375,-0.934852123260498,12.86281967163086,67.8433837890625,-71.55691528320312,-87.77119445800781,37.133148193359375,37.37769080234833
10.244,0,-1.0421595573425293,12.762187957763672,67.98023986816406,-71.59785461425781,-87.76303100585938,37.08858108520508,-1.0421595573425293,12.762187957763672,67.98023986816406,-71.59785461425781,-87.76303100585938,37.08858108520508,37.37769080234833
10.278,0,-1.0068955421447754,12.636716842651367,67.99894714355469,-71.46525573730469,-87.7816390991211,37.143455505371094,-1.0068955421447754,12.636716842651367,67.99894714355469,-71.46525573730469,-87.7816390991211,37.143455505371094,37.37769080234833
10.311,0,-1.020803451538086,12.548334121704102,68.06824493408203,-71.43983459472656,-87.78141021728516,37.176841735839844,-1.020803451538086,12.548334121704102,68.06824493408203,-71.43983459472656,-87.78141021728516,37.176841735839844,37.37769080234833
10.344,0,-1.0775189399719238,12.528772354125977,68.11497497558594,-71.500732421875,-87.77449035644531,37.13721466064453,-1.0775189399719238,12.528772354125977,68.11497497558594,-71.500732421875,-87.77449035644531,37.13721466064453,37.37769080234833
10.378,0,-1.1858906745910645,12.43960189819336,68.22388458251953,-71.50860595703125,-87.76380920410156,37.08686447143555,-1.1858906745910645,12.43960189819336,68.22388458251953,-71.50860595703125,-87.76380920410156,37.08686447143555,37.37769080234833
10.412,0,-1.1280393600463867,12.307109832763672,68.22186279296875,-71.36186218261719,-87.78900909423828,37.13912582397461,-1.1280393600463867,12.307109832763672,68.22186279296875,-71.36186218261719,-87.78900909423828,37.13912582397461,37.37769080234833
10.444,0,-1.1424484252929688,12.300127029418945,68.23692321777344,-71.37619018554688,-87.79025268554688,37.1782341003418,-1.1424484252929688,12.300127029418945,68.23692321777344,-71.37619018554688,-87.79025268554688,37.1782341003418,37.37769080234833
10.479,0,-1.1867561340332031,12.283109664916992,68.27565002441406,-71.434326171875,-87.78435516357422,37.133949279785156,-1.1867561340332031,12.283109664916992,68.27565002441406,-71.434326171875,-87.78435516357422,37.133949279785156,37.37769080234833
10.513,0,-1.295309066772461,12.159967422485352,68.40035247802734,-71.42648315429688,-87.77640533447266,37.079551696777344,-1.295309066772461,12.159967422485352,68.40035247802734,-71.42648315429688,-87.77640533447266,37.079551696777344,37.37769080234833
10.547,0,-1.2318639755249023,12.129331588745117,68.34408569335938,-71.31326293945312,-87.78657531738281,37.12652587890625,-1.2318639755249023,12.129331588745117,68.34408569335938,-71.31326293945312,-87.78657531738281,37.12652587890625,37.37769080234833
10.579,0,-1.252243995666504,12.097110748291016,68.36902618408203,-71.30210876464844,-87.79794311523438,37.173912048339844,-1.252243995666504,12.097110748291016,68.36902618408203,-71.30210876464844,-87.79794311523438,37.173912048339844,37.37769080234833
10.612,0,-1.3055977821350098,12.098442077636719,68.41371154785156,-71.40365600585938,-87.79510498046875,37.138694763183594,-1.3055977821350098,12.098442077636719,68.41371154785156,-71.40365600585938,-87.79510498046875,37.138694763183594,37.37769080234833
10.646,0,-1.4124932289123535,11.990245819091797,68.53730773925781,-71.40254974365234,-87.78460693359375,37.08684539794922,-1.4124932289123535,11.990245819091797,68.53730773925781,-71.40254974365234,-87.78460693359375,37.08684539794922,37.37769080234833
10.681,0,-1.341975212097168,12.057815551757812,68.40734100341797,-71.3199234008789,-87.79376983642578,37.13224792480469,-1.341975212097168,12.057815551757812,68.40734100341797,-71.3199234008789,-87.79376983642578,37.13224792480469,37.37769080234833
10.718,0,-1.359593391418457,12.03683090209961,68.42121124267578,-71.3095474243164,-87.80625915527344,37.17204666137695,-1.359593391418457,12.03683090209961,68.42121124267578,-71.3095474243164,-87.80625915527344,37.17204666137695,37.37769080234833
10.748,0,-1.4106264114379883,12.016571044921875,68.46866607666016,-71.37969970703125,-87.79651641845703,37.122962951660156,-1.4106264114379883,12.016571044921875,68.46866607666016,-71.37969970703125,-87.79651641845703,37.122962951660156,37.37769080234833
10.781,0,-1.516334056854248,11.886302947998047,68.59765625,-71.3568115234375,-87.78455352783203,37.06013488769531,-1.516334056854248,11.886302947998047,68.59765625,-71.3568115234375,-87.78455352783203,37.06013488769531,37.37769080234833
10.813,0,-1.4514970779418945,11.932121276855469,68.49514770507812,-71.2763671875,-87.79607391357422,37.110595703125,-1.4514970779418945,11.932121276855469,68.49514770507812,-71.2763671875,-87.79607391357422,37.110595703125,37.37769080234833
10.847,0,-1.4818706512451172,11.974185943603516,68.47674560546875,-71.29794311523438,-87.81404876708984,37.153175354003906,-1.4818706512451172,11.974185943603516,68.47674560546875,-71.29794311523438,-87.81404876708984,37.153175354003906,37.37769080234833
10.881,0,-1.5342330932617188,11.930267333984375,68.53512573242188,-71.35054016113281,-87.804931640625,37.10554885864258,-1.5342330932617188,11.930267333984375,68.53512573242188,-71.35054016113281,-87.804931640625,37.10554885864258,37.37769080234833
10.919,0,-1.6429443359375,11.843454360961914,68.6530990600586,-71.3717041015625,-87.7951431274414,37.06562042236328,-1.6429443359375,11.843454360961914,68.6530990600586,-71.3717041015625,-87.7951431274414,37.06562042236328,37.37769080234833
10.948,0,-1.5965585708618164,11.896793365478516,68.56803131103516,-71.33502197265625,-87.80802917480469,37.109535217285156,-1.5965585708618164,11.896793365478516,68.56803131103516,-71.33502197265625,-87.80802917480469,37.109535217285156,37.37769080234833
10.981,0,-1.6179132461547852,11.915510177612305,68.55699157714844,-71.34669494628906,-87.82588958740234,37.14402770996094,-1.6179132461547852,11.915510177612305,68.55699157714844,-71.34669494628906,-87.82588958740234,37.14402770996094,37.37769080234833
11.014,0,-1.665637493133545,11.844522476196289,68.61510467529297,-71.37826538085938,-87.81614685058594,37.08753967285156,-1.665637493133545,11.844522476196289,68.61510467529297,-71.37826538085938,-87.81614685058594,37.08753967285156,37.37769080234833
11.048,0,-1.7736091613769531,11.770378112792969,68.7127456665039,-71.38677978515625,-87.80477905273438,37.041526794433594,-1.7736091613769531,11.770378112792969,68.7127456665039,-71.38677978515625,-87.80477905273438,37.041526794433594,37.37769080234833
11.081,0,-1.7352848052978516,11.721654891967773,68.69984436035156,-71.30632019042969,-87.81670379638672,37.08955383300781,-1.7352848052978516,11.721654891967773,68.69984436035156,-71.30632019042969,-87.81670379638672,37.08955383300781,37.37769080234833
11.114,0,-1.7629528045654297,11.817352294921875,68.65978240966797,-71.36155700683594,-87.83623504638672,37.12446594238281,-1.7629528045654297,11.817352294921875,68.65978240966797,-71.36155700683594,-87.83623504638672,37.12446594238281,37.37769080234833
11.148,0,-1.8130860328674316,11.808774948120117,68.68495178222656,-71.42018127441406,-87.8311538696289,37.06827926635742,-1.8130860328674316,11.808774948120117,68.68495178222656,-71.42018127441406,-87.8311538696289,37.06827926635742,37.37769080234833
11.180,0,-1.9261894226074219,11.770702362060547,68.78268432617188,-71.46284484863281,-87.81578063964844,37.032737731933594,-1.9261894226074219,11.770702362060547,68.78268432617188,-71.46284484863281,-87.81578063964844,37.032737731933594,37.37769080234833
11.215,0,-1.8810930252075195,11.712272644042969,68.772216796875,-71.38760375976562,-87.8335189819336,37.07035827636719,-1.8810930252075195,11.712272644042969,68.772216796875,-71.38760375976562,-87.8335189819336,37.07035827636719,37.37769080234833
11.256,0,-1.9116325378417969,11.80544662475586,68.73949432373047,-71.45675659179688,-87.85782623291016,37.10148620605469,-1.9116325378417969,11.80544662475586,68.73949432373047,-71.45675659179688,-87.85782623291016,37.10148620605469,37.37769080234833
11.283,0,-1.9626274108886719,11.815801620483398,68.76437377929688,-71.53897094726562,-87.85668182373047,37.05490493774414,-1.9626274108886719,11.815801620483398,68.76437377929688,-71.53897094726562,-87.85668182373047,37.05490493774414,37.37769080234833
11.314,0,-2.0869836807250977,11.758569717407227,68.87068939208984,-71.57147216796875,-87.8436279296875,37.021141052246094,-2.0869836807250977,11.758569717407227,68.87068939208984,-71.57147216796875,-87.8436279296875,37.021141052246094,37.37769080234833
11.347,0,-2.0513014793395996,11.687959671020508,68.8570785522461,-71.48484802246094,-87.86354064941406,37.04961395263672,-2.0513014793395996,11.687959671020508,68.8570785522461,-71.48484802246094,-87.86354064941406,37.04961395263672,37.37769080234833
11.381,0,-2.076505661010742,11.741775512695312,68.819091796875,-71.50814819335938,-87.885498046875,37.07312774658203,-2.076505661010742,11.741775512695312,68.819091796875,-71.50814819335938,-87.885498046875,37.07312774658203,37.37769080234833
11.415,0,-2.0926384925842285,11.74415397644043,68.81330108642578,-71.51100158691406,-87.89358520507812,37.07714080810547,-2.0926384925842285,11.74415397644043,68.81330108642578,-71.51100158691406,-87.89358520507812,37.07714080810547,37.37769080234833
11.449,0,-2.177131175994873,11.789976119995117,68.84614562988281,-71.60017395019531,-87.89198303222656,37.02210998535156,-2.177131175994873,11.789976119995117,68.84614562988281,-71.60017395019531,-87.89198303222656,37.02210998535156,37.37769080234833
11.482,0,-2.28786563873291,11.757871627807617,68.94522857666016,-71.66949462890625,-87.88516235351562,36.98096466064453,-2.28786563873291,11.757871627807617,68.94522857666016,-71.66949462890625,-87.88516235351562,36.98096466064453,37.37769080234833
11.515,0,-2.232466697692871,11.722589492797852,68.880859375,-71.56768798828125,-87.9104232788086,37.01018524169922,-2.232466697692871,11.722589492797852,68.880859375,-71.56768798828125,-87.9104232788086,37.01018524169922,37.37769080234833
11.551,0,-2.253596305847168,11.72408676147461,68.87210845947266,-71.56807708740234,-87.9207534790039,37.02263641357422,-2.253596305847168,11.72408676147461,68.87210845947266,-71.56807708740234,-87.9207534790039,37.02263641357422,37.37769080234833
11.583,0,-2.3471765518188477,11.774654388427734,68.89999389648438,-71.66285705566406,-87.92578887939453,36.974761962890625,-2.3471765518188477,11.774654388427734,68.89999389648438,-71.66285705566406,-87.92578887939453,36.974761962890625,37.37769080234833
11.616,0,-2.4535813331604004,11.828020095825195,68.95243072509766,-71.7840576171875,-87.92495727539062,36.946266174316406,-2.4535813331604004,11.828020095825195,68.95243072509766,-71.7840576171875,-87.92495727539062,36.946266174316406,37.37769080234833
11.653,0,-2.412816047668457,11.773733139038086,68.90821075439453,-71.67863464355469,-87.95561981201172,36.966766357421875,-2.412816047668457,11.773733139038086,68.90821075439453,-71.67863464355469,-87.95561981201172,36.966766357421875,37.37769080234833
11.683,0,-2.434479236602783,11.820552825927734,68.87901306152344,-71.70693969726562,-87.96888732910156,36.99018859863281,-2.434479236602783,11.820552825927734,68.87901306152344,-71.70693969726562,-87.96888732910156,36.99018859863281,37.37769080234833
11.717,0,-2.5240540504455566,11.863733291625977,68.90767669677734,-71.79217529296875,-87.96710205078125,36.946598052978516,-2.5240540504455566,11.863733291625977,68.90767669677734,-71.79217529296875,-87.96710205078125,36.946598052978516,37.37769080234833
11.751,0,-2.6345267295837402,11.882965087890625,68.9794692993164,-71.89443969726562,-87.95990753173828,36.91282653808594,-2.6345267295837402,11.882965087890625,68.9794692993164,-71.89443969726562,-87.95990753173828,36.91282653808594,37.37769080234833
11.794,0,-2.5997233390808105,11.896116256713867,68.91561126708984,-71.85677337646484,-87.98246002197266,36.93373107910156,-2.5997233390808105,11.896116256713867,68.91561126708984,-71.85677337646484,-87.98246002197266,36.93373107910156,37.37769080234833
11.821,0,-2.632962226867676,11.908079147338867,68.90617370605469,-71.84724426269531,-87.99217224121094,36.960655212402344,-2.632962226867676,11.908079147338867,68.90617370605469,-71.84724426269531,-87.99217224121094,36.960655212402344,37.37769080234833
11.855,0,-2.7278480529785156,11.932891845703125,68.95508575439453,-71.93585205078125,-87.98562622070312,36.90048599243164,-2.7278480529785156,11.932891845703125,68.95508575439453,-71.93585205078125,-87.98562622070312,36.90048599243164,37.37769080234833
11.889,0,-2.8388781547546387,12.010259628295898,68.99606323242188,-72.07805633544922,-87.98393249511719,36.87019348144531,-2.8388781547546387,12.010259628295898,68.99606323242188,-72.07805633544922,-87.98393249511719,36.87019348144531,37.37769080234833
11.956,0,-2.8067164421081543,12.002519607543945,68.94669342041016,-72.01811218261719,-88.01179504394531,36.88898468017578,-2.8067164421081543,12.002519607543945,68.94669342041016,-72.01811218261719,-88.01179504394531,36.88898468017578,37.37769080234833
11.982,0,-2.8583126068115234,12.017902374267578,68.9311294555664,-72.00996398925781,-88.02420806884766,36.90912628173828,-2.8583126068115234,12.017902374267578,68.9311294555664,-72.00996398925781,-88.02420806884766,36.90912628173828,37.37769080234833
12.015,0,-2.9457664489746094,12.020978927612305,69.01014709472656,-72.10852813720703,-88.02436065673828,36.865234375,-2.9457664489746094,12.020978927612305,69.01014709472656,-72.10852813720703,-88.02436065673828,36.865234375,37.37769080234833
12.051,0,-3.060852527618408,12.062698364257812,69.063232421875,-72.21745300292969,-88.0237045288086,36.81901931762695,-3.060852527618408,12.062698364257812,69.063232421875,-72.21745300292969,-88.0237045288086,36.81901931762695,37.37769080234833
12.085,0,-2.9919748306274414,12.120006561279297,68.91972351074219,-72.1349105834961,-88.0504150390625,36.83393096923828,-2.9919748306274414,12.120006561279297,68.91972351074219,-72.1349105834961,-88.0504150390625,36.83393096923828,37.37769080234833
12.128,0,-3.0433897972106934,12.116426467895508,68.90291595458984,-72.107666015625,-88.06315612792969,36.847984313964844,-3.0433897972106934,12.116426467895508,68.90291595458984,-72.107666015625,-88.06315612792969,36.847984313964844,37.31245923026745
12.157,0,-3.140143394470215,12.160667419433594,68.96054077148438,-72.22714233398438,-88.06150817871094,36.803199768066406,-3.140143394470215,12.160667419433594,68.96054077148438,-72.22714233398438,-88.06150817871094,36.803199768066406,37.31245923026745
12.189,0,-3.26247501373291,12.156553268432617,69.0252914428711,-72.29808044433594,-88.06173706054688,36.7545051574707,-3.26247501373291,12.156553268432617,69.0252914428711,-72.29808044433594,-88.06173706054688,36.7545051574707,37.24722765818656
12.222,0,-3.2071828842163086,12.21577262878418,68.87554931640625,-72.2078857421875,-88.08319854736328,36.773406982421875,-3.2071828842163086,12.21577262878418,68.87554931640625,-72.2078857421875,-88.08319854736328,36.773406982421875,37.0515329419439
12.256,0,-3.288609027862549,12.200233459472656,68.89411163330078,-72.19007873535156,-88.09615325927734,36.80451202392578,-3.288609027862549,12.200233459472656,68.89411163330078,-72.19007873535156,-88.09615325927734,36.80451202392578,37.0515329419439
12.289,0,-3.388765335083008,12.23393440246582,68.9664077758789,-72.29513549804688,-88.09817504882812,36.7679443359375,-3.388765335083008,12.23393440246582,68.9664077758789,-72.29513549804688,-88.09817504882812,36.7679443359375,36.986301369863014
12.322,0,-3.512542724609375,12.275169372558594,68.99468994140625,-72.37590026855469,-88.09910583496094,36.72368240356445,-3.512542724609375,12.275169372558594,68.99468994140625,-72.37590026855469,-88.09910583496094,36.72368240356445,36.986301369863014
12.360,0,-3.4620819091796875,12.275629043579102,68.89739227294922,-72.26876831054688,-88.11590576171875,36.72832489013672,-3.4620819091796875,12.275629043579102,68.89739227294922,-72.26876831054688,-88.11590576171875,36.72832489013672,36.986301369863014
12.389,0,-3.5438528060913086,12.323801040649414,68.86874389648438,-72.26759338378906,-88.13714599609375,36.74737548828125,-3.5438528060913086,12.323801040649414,68.86874389648438,-72.26759338378906,-88.13714599609375,36.74737548828125,36.986301369863014
12.425,0,-3.651425361633301,12.357210159301758,68.93595123291016,-72.3735122680664,-88.13861846923828,36.70860290527344,-3.651425361633301,12.357210159301758,68.93595123291016,-72.3735122680664,-88.13861846923828,36.70860290527344,36.986301369863014
12.457,0,-3.781696319580078,12.372087478637695,68.97660064697266,-72.4443359375,-88.14286041259766,36.655242919921875,-3.781696319580078,12.372087478637695,68.97660064697266,-72.4443359375,-88.14286041259766,36.655242919921875,36.986301369863014
12.489,0,-3.741098403930664,12.434492111206055,68.83692169189453,-72.35884094238281,-88.16153717041016,36.67333984375,-3.741098403930664,12.434492111206055,68.83692169189453,-72.35884094238281,-88.16153717041016,36.67333984375,36.986301369863014
12.523,0,-3.8269758224487305,12.541269302368164,68.77095794677734,-72.39923095703125,-88.1791000366211,36.68606948852539,-3.8269758224487305,12.541269302368164,68.77095794677734,-72.39923095703125,-88.1791000366211,36.68606948852539,36.986301369863014
12.557,0,-3.9401988983154297,12.557260513305664,68.83995819091797,-72.48460388183594,-88.1817398071289,36.645355224609375,-3.9401988983154297,12.557260513305664,68.83995819091797,-72.48460388183594,-88.1817398071289,36.645355224609375,36.986301369863014
12.591,0,-4.086305618286133,12.551263809204102,68.88607788085938,-72.52143096923828,-88.18017578125,36.591522216796875,-4.086305618286133,12.551263809204102,68.88607788085938,-72.52143096923828,-88.18017578125,36.591522216796875,36.986301369863014
12.623,0,-4.053948402404785,12.662054061889648,68.71967315673828,-72.4697265625,-88.20211791992188,36.62841033935547,-4.053948402404785,12.662054061889648,68.71967315673828,-72.4697265625,-88.20211791992188,36.62841033935547,36.986301369863014
12.668,0,-4.157975196838379,12.64887809753418,68.74881744384766,-72.46971130371094,-88.21662902832031,36.62176513671875,-4.157975196838379,12.64887809753418,68.74881744384766,-72.46971130371094,-88.21662902832031,36.62176513671875,36.986301369863014
12.695,0,-4.27113151550293,12.635139465332031,68.81810760498047,-72.54698181152344,-88.22183990478516,36.57908630371094,-4.27113151550293,12.635139465332031,68.81810760498047,-72.54698181152344,-88.22183990478516,36.57908630371094,36.986301369863014
12.728,0,-4.432147979736328,12.637067794799805,68.88457489013672,-72.59661865234375,-88.22230529785156,36.53868865966797,-4.432147979736328,12.637067794799805,68.88457489013672,-72.59661865234375,-88.22230529785156,36.53868865966797,36.986301369863014
12.761,0,-4.410348892211914,12.69401741027832,68.75584411621094,-72.52374267578125,-88.24043273925781,36.57746124267578,-4.410348892211914,12.69401741027832,68.75584411621094,-72.52374267578125,-88.24043273925781,36.57746124267578,36.986301369863014
12.798,0,-4.509125709533691,12.688997268676758,68.77603912353516,-72.52902221679688,-88.26681518554688,36.564056396484375,-4.509125709533691,12.688997268676758,68.77603912353516,-72.52902221679688,-88.26681518554688,36.564056396484375,36.986301369863014
12.828,0,-4.618690490722656,12.665874481201172,68.86408233642578,-72.6098403930664,-88.26953887939453,36.5142822265625,-4.618690490722656,12.665874481201172,68.86408233642578,-72.6098403930664,-88.26953887939453,36.5142822265625,36.986301369863014
12.861,0,-4.771778106689453,12.624954223632812,68.92559051513672,-72.61698913574219,-88.2645492553711,36.458763122558594,-4.771778106689453,12.624954223632812,68.92559051513672,-72.61698913574219,-88.2645492553711,36.458763122558594,36.986301369863014
12.896,0,-4.7765703201293945,12.632551193237305,68.82762908935547,-72.52845001220703,-88.28178405761719,36.47267532348633,-4.7765703201293945,12.632551193237305,68.82762908935547,-72.52845001220703,-88.28178405761719,36.47267532348633,36.986301369863014
12.930,0,-4.883090019226074,12.620683670043945,68.83763122558594,-72.50728607177734,-88.30743408203125,36.4725456237793,-4.883090019226074,12.620683670043945,68.83763122558594,-72.50728607177734,-88.30743408203125,36.4725456237793,36.855838225701234
12.965,0,-5.0424699783325195,12.590517044067383,68.91747283935547,-72.55116271972656,-88.30187225341797,36.429718017578125,-5.0424699783325195,12.590517044067383,68.91747283935547,-72.55116271972656,-88.30187225341797,36.429718017578125,36.79060665362035
12.997,0,-5.031410217285156,12.563236236572266,68.80052185058594,-72.39669799804688,-88.322509765625,36.44956970214844,-5.031410217285156,12.563236236572266,68.80052185058594,-72.39669799804688,-88.322509765625,36.44956970214844,36.66014350945858
13.030,0,-5.136685371398926,12.552867889404297,68.82428741455078,-72.40655517578125,-88.34458923339844,36.46414566040039,-5.136685371398926,12.552867889404297,68.82428741455078,-72.40655517578125,-88.34458923339844,36.46414566040039,36.66014350945858
13.063,0,-5.284524917602539,12.722192764282227,68.77349853515625,-72.57341766357422,-88.35671997070312,36.40931701660156,-5.284524917602539,12.722192764282227,68.77349853515625,-72.57341766357422,-88.35671997070312,36.40931701660156,36.66014350945858
13.100,0,-5.447132110595703,12.672073364257812,68.85920715332031,-72.61595153808594,-88.35493469238281,36.363441467285156,-5.447132110595703,12.672073364257812,68.85920715332031,-72.61595153808594,-88.35493469238281,36.363441467285156,36.66014350945858
13.130,0,-5.443550109863281,12.644401550292969,68.7400131225586,-72.45939636230469,-88.37583923339844,36.382999420166016,-5.443550109863281,12.644401550292969,68.7400131225586,-72.45939636230469,-88.37583923339844,36.382999420166016,36.66014350945858
13.165,0,-5.540378570556641,12.607072830200195,68.75312805175781,-72.41161346435547,-88.39289093017578,36.38777160644531,-5.540378570556641,12.607072830200195,68.75312805175781,-72.41161346435547,-88.39289093017578,36.38777160644531,36.66014350945858
13.198,0,-5.6953020095825195,12.727840423583984,68.70939636230469,-72.51095581054688,-88.40563201904297,36.33134460449219,-5.6953020095825195,12.727840423583984,68.70939636230469,-72.51095581054688,-88.40563201904297,36.33134460449219,36.66014350945858
13.230,0,-5.865908622741699,12.692636489868164,68.79387664794922,-72.55867004394531,-88.40226745605469,36.28675842285156,-5.865908622741699,12.692636489868164,68.79387664794922,-72.55867004394531,-88.40226745605469,36.28675842285156,36.59491193737769
13.264,0,-5.870048522949219,12.715864181518555,68.6240234375,-72.39488220214844,-88.42330932617188,36.30358123779297,-5.870048522949219,12.715864181518555,68.6240234375,-72.39488220214844,-88.42330932617188,36.30358123779297,36.59491193737769
13.297,0,-5.952727317810059,12.734504699707031,68.5799560546875,-72.35530090332031,-88.44709014892578,36.279747009277344,-5.952727317810059,12.734504699707031,68.5799560546875,-72.35530090332031,-88.44709014892578,36.279747009277344,36.59491193737769
13.331,0,-6.1018829345703125,12.812427520751953,68.55403900146484,-72.43885803222656,-88.46669006347656,36.233428955078125,-6.1018829345703125,12.812427520751953,68.55403900146484,-72.43885803222656,-88.46669006347656,36.233428955078125,36.59491193737769
13.364,0,-6.277285575866699,12.798786163330078,68.60919952392578,-72.49076843261719,-88.47021484375,36.20033645629883,-6.277285575866699,12.798786163330078,68.60919952392578,-72.49076843261719,-88.47021484375,36.20033645629883,36.59491193737769
13.399,0,-6.283302307128906,12.758886337280273,68.48182678222656,-72.31501770019531,-88.51565551757812,36.234283447265625,-6.283302307128906,12.758886337280273,68.48182678222656,-72.31501770019531,-88.51565551757812,36.234283447265625,36.59491193737769
13.434,0,-6.38857364654541,12.850038528442383,68.41576385498047,-72.34255981445312,-88.5419692993164,36.22709274291992,-6.38857364654541,12.850038528442383,68.41576385498047,-72.34255981445312,-88.5419692993164,36.22709274291992,36.59491193737769
13.465,0,-6.544594764709473,12.994640350341797,68.3597412109375,-72.46865844726562,-88.55470275878906,36.185882568359375,-6.544594764709473,12.994640350341797,68.3597412109375,-72.46865844726562,-88.55470275878906,36.185882568359375,36.59491193737769
13.505,0,-6.453326225280762,12.850624084472656,68.54895782470703,-72.51880645751953,-88.51579284667969,36.168853759765625,-6.453326225280762,12.850624084472656,68.54895782470703,-72.51880645751953,-88.51579284667969,36.168853759765625,36.59491193737769
13.531,0,-6.361227035522461,12.826227188110352,68.44740295410156,-72.3149642944336,-88.52848052978516,36.253028869628906,-6.361227035522461,12.826227188110352,68.44740295410156,-72.3149642944336,-88.52848052978516,36.253028869628906,36.59491193737769
13.570,0,-6.457006454467773,12.956649780273438,68.350341796875,-72.34638977050781,-88.5563735961914,36.25688934326172,-6.457006454467773,12.956649780273438,68.350341796875,-72.34638977050781,-88.5563735961914,36.25688934326172,36.59491193737769
13.599,0,-6.613391876220703,13.083913803100586,68.29810333251953,-72.4666748046875,-88.56672668457031,36.20645523071289,-6.613391876220703,13.083913803100586,68.29810333251953,-72.4666748046875,-88.56672668457031,36.20645523071289,36.59491193737769
13.630,0,-6.5537614822387695,12.955537796020508,68.5146255493164,-72.53250122070312,-88.52043914794922,36.1888427734375,-6.5537614822387695,12.955537796020508,68.5146255493164,-72.53250122070312,-88.52043914794922,36.1888427734375,36.59491193737769
13.670,0,-6.488682746887207,13.006021499633789,68.38775634765625,-72.41580963134766,-88.53265380859375,36.26056671142578,-6.488682746887207,13.006021499633789,68.38775634765625,-72.41580963134766,-88.53265380859375,36.26056671142578,36.59491193737769
13.698,0,-6.580838203430176,12.985652923583984,68.38911437988281,-72.3871841430664,-88.55854034423828,36.2572021484375,-6.580838203430176,12.985652923583984,68.38911437988281,-72.3871841430664,-88.55854034423828,36.2572021484375,36.59491193737769
13.739,0,-6.740056991577148,13.048816680908203,68.3876724243164,-72.48188781738281,-88.5615005493164,36.20264434814453,-6.740056991577148,13.048816680908203,68.3876724243164,-72.48188781738281,-88.5615005493164,36.20264434814453,36.59491193737769
13.769,0,-6.675622940063477,12.84981918334961,68.65008544921875,-72.52789306640625,-88.5071792602539,36.177249908447266,-6.675622940063477,12.84981918334961,68.65008544921875,-72.52789306640625,-88.5071792602539,36.177249908447266,36.59491193737769
13.798,0,-6.555178642272949,12.852684020996094,68.55575561523438,-72.3778305053711,-88.49925231933594,36.22136688232422,-6.555178642272949,12.852684020996094,68.55575561523438,-72.3778305053711,-88.49925231933594,36.22136688232422,36.59491193737769
13.831,0,-6.650138854980469,12.809133529663086,68.54210662841797,-72.29562377929688,-88.52195739746094,36.213958740234375,-6.650138854980469,12.809133529663086,68.54210662841797,-72.29562377929688,-88.52195739746094,36.213958740234375,36.59491193737769
13.880,0,-6.813675880432129,12.944160461425781,68.50117492675781,-72.40444946289062,-88.53177642822266,36.14720153808594,-6.813675880432129,12.944160461425781,68.50117492675781,-72.40444946289062,-88.53177642822266,36.14720153808594,36.59491193737769
13.907,0,-6.751459121704102,12.772350311279297,68.72360229492188,-72.44381713867188,-88.4802474975586,36.12064743041992,-6.751459121704102,12.772350311279297,68.72360229492188,-72.44381713867188,-88.4802474975586,36.12064743041992,36.59491193737769
13.940,0,-6.64286994934082,12.804759979248047,68.59153747558594,-72.30508422851562,-88.47759246826172,36.163047790527344,-6.64286994934082,12.804759979248047,68.59153747558594,-72.30508422851562,-88.47759246826172,36.163047790527344,36.59491193737769
13.984,0,-6.758196830749512,12.80645751953125,68.5925064086914,-72.27865600585938,-88.49413299560547,36.16432189941406,-6.758196830749512,12.80645751953125,68.5925064086914,-72.27865600585938,-88.49413299560547,36.16432189941406,36.59491193737769
14.013,0,-6.892095565795898,12.899089813232422,68.55643463134766,-72.35597229003906,-88.50027465820312,36.086036682128906,-6.892095565795898,12.899089813232422,68.55643463134766,-72.35597229003906,-88.50027465820312,36.086036682128906,36.59491193737769
14.056,0,-6.836565971374512,12.719133377075195,68.79664611816406,-72.3892822265625,-88.44799041748047,36.061378479003906,-6.836565971374512,12.719133377075195,68.79664611816406,-72.3892822265625,-88.44799041748047,36.061378479003906,36.59491193737769
14.083,0,-6.73016357421875,12.785856246948242,68.66313171386719,-72.27197265625,-88.43901824951172,36.09807205200195,-6.73016357421875,12.785856246948242,68.66313171386719,-72.27197265625,-88.43901824951172,36.09807205200195,36.59491193737769
14.116,0,-6.8424530029296875,12.778703689575195,68.66808319091797,-72.24302673339844,-88.45976257324219,36.09439468383789,-6.8424530029296875,12.778703689575195,68.66808319091797,-72.24302673339844,-88.45976257324219,36.09439468383789,36.5296803652968
14.148,0,-6.982517242431641,12.893152236938477,68.64208221435547,-72.35824584960938,-88.46397399902344,36.024776458740234,-6.982517242431641,12.893152236938477,68.64208221435547,-72.35824584960938,-88.46397399902344,36.024776458740234,36.5296803652968
14.188,0,-6.9236040115356445,12.71788215637207,68.87227630615234,-72.39179992675781,-88.40930938720703,36.01194763183594,-6.9236040115356445,12.71788215637207,68.87227630615234,-72.39179992675781,-88.40930938720703,36.01194763183594,36.399217221135025
14.215,0,-6.814276695251465,12.643924713134766,68.8191909790039,-72.20977783203125,-88.4004135131836,36.03168487548828,-6.814276695251465,12.643924713134766,68.8191909790039,-72.20977783203125,-88.4004135131836,36.03168487548828,36.26875407697325
14.249,0,-6.917213439941406,12.724063873291016,68.74205017089844,-72.21424865722656,-88.42796325683594,36.01610565185547,-6.917213439941406,12.724063873291016,68.74205017089844,-72.21424865722656,-88.42796325683594,36.01610565185547,36.26875407697325
14.318,0,-7.065995216369629,12.830034255981445,68.71479797363281,-72.32615661621094,-88.4291763305664,35.93407440185547,-7.065995216369629,12.830034255981445,68.71479797363281,-72.32615661621094,-88.4291763305664,35.93407440185547,36.20352250489237
14.345,0,-7.011934280395508,12.685005187988281,68.92999267578125,-72.37368774414062,-88.37749481201172,35.90573501586914,-7.011934280395508,12.685005187988281,68.92999267578125,-72.37368774414062,-88.37749481201172,35.90573501586914,36.20352250489237
14.377,0,-6.926273345947266,12.762443542480469,68.77538299560547,-72.26367950439453,-88.39300537109375,35.95843505859375,-6.926273345947266,12.762443542480469,68.77538299560547,-72.26367950439453,-88.39300537109375,35.95843505859375,36.20352250489237
14.410,0,-7.038240432739258,12.780567169189453,68.75052642822266,-72.2445297241211,-88.41559600830078,35.95338821411133,-7.038240432739258,12.780567169189453,68.75052642822266,-72.2445297241211,-88.41559600830078,35.95338821411133,36.20352250489237
14.444,0,-7.179508209228516,12.878644943237305,68.72261047363281,-72.35203552246094,-88.41097259521484,35.882972717285156,-7.179508209228516,12.878644943237305,68.72261047363281,-72.35203552246094,-88.41097259521484,35.882972717285156,36.20352250489237
14.479,0,-7.129727363586426,12.729114532470703,68.950439453125,-72.40547180175781,-88.3619613647461,35.84251403808594,-7.129727363586426,12.729114532470703,68.950439453125,-72.40547180175781,-88.3619613647461,35.84251403808594,36.20352250489237
14.512,0,-7.036072731018066,12.825777053833008,68.77787780761719,-72.29255676269531,-88.36946868896484,35.89847183227539,-7.036072731018066,12.825777053833008,68.77787780761719,-72.29255676269531,-88.36946868896484,35.89847183227539,36.20352250489237
14.544,0,-7.147268295288086,12.861656188964844,68.75715637207031,-72.29918670654297,-88.39559936523438,35.88301467895508,-7.147268295288086,12.861656188964844,68.75715637207031,-72.29918670654297,-88.39559936523438,35.88301467895508,36.20352250489237
14.579,0,-7.296794891357422,13.032800674438477,68.68753051757812,-72.44563293457031,-88.39435577392578,35.82235336303711,-7.296794891357422,13.032800674438477,68.68753051757812,-72.44563293457031,-88.39435577392578,35.82235336303711,36.20352250489237
14.610,0,-7.246573448181152,12.852048873901367,68.9275131225586,-72.48261260986328,-88.35502624511719,35.78215026855469,-7.246573448181152,12.852048873901367,68.9275131225586,-72.48261260986328,-88.35502624511719,35.78215026855469,36.20352250489237
14.647,0,-7.144481658935547,13.012287139892578,68.74903869628906,-72.42118835449219,-88.35282897949219,35.83633804321289,-7.144481658935547,13.012287139892578,68.74903869628906,-72.42118835449219,-88.35282897949219,35.83633804321289,36.20352250489237
14.680,0,-7.26969051361084,13.052059173583984,68.7298583984375,-72.43961334228516,-88.3858871459961,35.82889938354492,-7.26969051361084,13.052059173583984,68.7298583984375,-72.43961334228516,-88.3858871459961,35.82889938354492,36.20352250489237
14.711,0,-7.406460762023926,13.137903213500977,68.7532730102539,-72.57463836669922,-88.38105773925781,35.78057098388672,-7.406460762023926,13.137903213500977,68.7532730102539,-72.57463836669922,-88.38105773925781,35.78057098388672,36.20352250489237
14.778,0,-7.354500770568848,12.946306228637695,68.992431640625,-72.61207580566406,-88.33861541748047,35.74026870727539,-7.354500770568848,12.946306228637695,68.992431640625,-72.61207580566406,-88.33861541748047,35.74026870727539,36.20352250489237
14.807,0,-7.258930206298828,13.100183486938477,68.85237884521484,-72.57803344726562,-88.34396362304688,35.787261962890625,-7.258930206298828,13.100183486938477,68.85237884521484,-72.57803344726562,-88.34396362304688,35.787261962890625,36.20352250489237
14.839,0,-7.371795654296875,13.078210830688477,68.85559844970703,-72.54524230957031,-88.36959075927734,35.76262283325195,-7.371795654296875,13.078210830688477,68.85559844970703,-72.54524230957031,-88.36959075927734,35.76262283325195,36.20352250489237
14.873,0,-7.528392791748047,13.172733306884766,68.89488983154297,-72.70545959472656,-88.36302947998047,35.70954895019531,-7.528392791748047,13.172733306884766,68.89488983154297,-72.70545959472656,-88.36302947998047,35.70954895019531,36.20352250489237
14.912,0,-7.4798994064331055,13.05544662475586,69.09669494628906,-72.7840576171875,-88.32667541503906,35.66041564941406,-7.4798994064331055,13.05544662475586,69.09669494628906,-72.7840576171875,-88.32667541503906,35.66041564941406,36.20352250489237
14.940,0,-7.388092994689941,13.159431457519531,68.96450805664062,-72.72608947753906,-88.33533477783203,35.709754943847656,-7.388092994689941,13.159431457519531,68.96450805664062,-72.72608947753906,-88.33533477783203,35.709754943847656,36.13829093281148
14.985,0,-7.511788368225098,13.201902389526367,68.94410705566406,-72.74244689941406,-88.34211730957031,35.685325622558594,-7.511788368225098,13.201902389526367,68.94410705566406,-72.74244689941406,-88.34211730957031,35.685325622558594,36.07305936073059
15.011,0,-7.672342300415039,13.176153182983398,69.02558135986328,-72.80839538574219,-88.33141326904297,35.6157341003418,-7.672342300415039,13.176153182983398,69.02558135986328,-72.80839538574219,-88.33141326904297,35.6157341003418,35.942596216568816
15.045,0,-7.618788719177246,13.108415603637695,69.17396545410156,-72.90806579589844,-88.29076385498047,35.54872512817383,-7.618788719177246,13.108415603637695,69.17396545410156,-72.90806579589844,-88.29076385498047,35.54872512817383,35.942596216568816
15.088,0,-7.585816383361816,13.380205154418945,68.96341705322266,-72.94181823730469,-88.31884002685547,35.64935302734375,-7.585816383361816,13.380205154418945,68.96341705322266,-72.94181823730469,-88.31884002685547,35.64935302734375,35.942596216568816
15.116,0,-7.699938774108887,13.388368606567383,68.950439453125,-72.93505096435547,-88.32361602783203,35.615291595458984,-7.699938774108887,13.388368606567383,68.950439453125,-72.93505096435547,-88.32361602783203,35.615291595458984,35.942596216568816
15.148,0,-7.87921142578125,13.41534423828125,68.99967193603516,-73.03083801269531,-88.3185806274414,35.52931594848633,-7.87921142578125,13.41534423828125,68.99967193603516,-73.03083801269531,-88.3185806274414,35.52931594848633,35.942596216568816
15.185,0,-7.832098007202148,13.336519241333008,69.1736831665039,-73.141845703125,-88.27083587646484,35.47458267211914,-7.832098007202148,13.336519241333008,69.1736831665039,-73.141845703125,-88.27083587646484,35.47458267211914,35.942596216568816
15.215,0,-7.780126571655273,13.59808349609375,68.9570083618164,-73.17070007324219,-88.30186462402344,35.580875396728516,-7.780126571655273,13.59808349609375,68.9570083618164,-73.17070007324219,-88.30186462402344,35.580875396728516,35.942596216568816
15.251,0,-7.90041446685791,13.598363876342773,68.94849395751953,-73.16336822509766,-88.3163070678711,35.53915023803711,-7.90041446685791,13.598363876342773,68.94849395751953,-73.16336822509766,-88.3163070678711,35.53915023803711,35.87736464448793
15.281,0,-8.070436477661133,13.57292366027832,69.02605438232422,-73.23603057861328,-88.311279296875,35.43416213989258,-8.070436477661133,13.57292366027832,69.02605438232422,-73.23603057861328,-88.311279296875,35.43416213989258,35.81213307240704
15.315,0,-8.030632972717285,13.485498428344727,69.20173645019531,-73.33797454833984,-88.26770782470703,35.366798400878906,-8.030632972717285,13.485498428344727,69.20173645019531,-73.33797454833984,-88.26770782470703,35.366798400878906,35.81213307240704
15.348,0,-8.02078628540039,13.750152587890625,69.00456237792969,-73.37403869628906,-88.30033874511719,35.45626449584961,-8.02078628540039,13.750152587890625,69.00456237792969,-73.37403869628906,-88.30033874511719,35.45626449584961,35.81213307240704
15.382,0,-8.138083457946777,13.743879318237305,69.01628875732422,-73.38301849365234,-88.30299377441406,35.42460250854492,-8.138083457946777,13.743879318237305,69.01628875732422,-73.38301849365234,-88.30299377441406,35.42460250854492,35.81213307240704
15.424,0,-8.090526580810547,13.634363174438477,69.23374938964844,-73.50090026855469,-88.24919128417969,35.34669494628906,-8.090526580810547,13.634363174438477,69.23374938964844,-73.50090026855469,-88.24919128417969,35.34669494628906,35.81213307240704
15.452,0,-8.04415225982666,13.901693344116211,69.00054168701172,-73.523193359375,-88.27399444580078,35.408111572265625,-8.04415225982666,13.901693344116211,69.00054168701172,-73.523193359375,-88.27399444580078,35.408111572265625,35.81213307240704
15.484,0,-8.20034122467041,13.858015060424805,69.07532501220703,-73.53841400146484,-88.28160095214844,35.37260055541992,-8.20034122467041,13.858015060424805,69.07532501220703,-73.53841400146484,-88.28160095214844,35.37260055541992,35.81213307240704
15.524,0,-8.35916805267334,13.921804428100586,69.0976333618164,-73.67027282714844,-88.27327728271484,35.27391052246094,-8.35916805267334,13.921804428100586,69.0976333618164,-73.67027282714844,-88.27327728271484,35.27391052246094,35.81213307240704
15.554,0,-8.317590713500977,13.84892463684082,69.28748321533203,-73.79183959960938,-88.2282485961914,35.2105598449707,-8.317590713500977,13.84892463684082,69.28748321533203,-73.79183959960938,-88.2282485961914,35.2105598449707,35.81213307240704
15.585,0,-8.246007919311523,13.911705017089844,69.1722412109375,-73.72293090820312,-88.22844696044922,35.21644973754883,-8.246007919311523,13.911705017089844,69.1722412109375,-73.72293090820312,-88.22844696044922,35.21644973754883,35.81213307240704
15.618,0,-8.403400421142578,14.010452270507812,69.18370056152344,-73.82217407226562,-88.23365783691406,35.186092376708984,-8.403400421142578,14.010452270507812,69.18370056152344,-73.82217407226562,-88.23365783691406,35.186092376708984,35.61643835616438
15.651,0,-8.58555793762207,14.112539291381836,69.1874771118164,-73.99246978759766,-88.23601531982422,35.084022521972656,-8.58555793762207,14.112539291381836,69.1874771118164,-73.99246978759766,-88.23601531982422,35.084022521972656,35.48597521200261
15.686,0,-8.551685333251953,14.03672981262207,69.37462615966797,-74.122314453125,-88.19075012207031,35.01310729980469,-8.551685333251953,14.03672981262207,69.37462615966797,-74.122314453125,-88.19075012207031,35.01310729980469,35.42074363992172
15.732,0,-8.491192817687988,14.31800651550293,69.15098571777344,-74.19187927246094,-88.21861267089844,35.0714225769043,-8.491192817687988,14.31800651550293,69.15098571777344,-74.19187927246094,-88.21861267089844,35.0714225769043,35.42074363992172
15.764,0,-8.63671588897705,14.494430541992188,69.09076690673828,-74.34272766113281,-88.23750305175781,35.04928970336914,-8.63671588897705,14.494430541992188,69.09076690673828,-74.34272766113281,-88.23750305175781,35.04928970336914,35.42074363992172
15.792,0,-8.824263572692871,14.548944473266602,69.11444854736328,-74.48968505859375,-88.24185180664062,34.938438415527344,-8.824263572692871,14.548944473266602,69.11444854736328,-74.48968505859375,-88.24185180664062,34.938438415527344,35.42074363992172
15.827,0,-8.784627914428711,14.57779312133789,69.25908660888672,-74.68498229980469,-88.1926498413086,34.870174407958984,-8.784627914428711,14.57779312133789,69.25908660888672,-74.68498229980469,-88.1926498413086,34.870174407958984,35.42074363992172
15.860,0,-8.776345252990723,14.805730819702148,69.097412109375,-74.74694061279297,-88.21986389160156,34.94312286376953,-8.776345252990723,14.805730819702148,69.097412109375,-74.74694061279297,-88.21986389160156,34.94312286376953,35.42074363992172
15.893,0,-8.919783592224121,14.901802062988281,69.1021728515625,-74.88951873779297,-88.2382583618164,34.91400146484375,-8.919783592224121,14.901802062988281,69.1021728515625,-74.88951873779297,-88.2382583618164,34.91400146484375,35.290280495759944
15.927,0,-9.053911209106445,14.92367935180664,69.12590789794922,-74.9961929321289,-88.2527084350586,34.85406494140625,-9.053911209106445,14.92367935180664,69.12590789794922,-74.9961929321289,-88.2527084350586,34.85406494140625,35.15981735159817
15.961,0,-9.017634391784668,14.817344665527344,69.3686752319336,-75.142333984375,-88.21192169189453,34.78571701049805,-9.017634391784668,14.817344665527344,69.3686752319336,-75.142333984375,-88.21192169189453,34.78571701049805,35.15981735159817
15.993,0,-9.012480735778809,15.061454772949219,69.18497467041016,-75.21855163574219,-88.2365493774414,34.85083770751953,-9.012480735778809,15.061454772949219,69.18497467041016,-75.21855163574219,-88.2365493774414,34.85083770751953,35.15981735159817
16.027,0,-9.164125442504883,15.066740036010742,69.27049255371094,-75.34102630615234,-88.25741577148438,34.825321197509766,-9.164125442504883,15.066740036010742,69.27049255371094,-75.34102630615234,-88.25741577148438,34.825321197509766,35.0293542074364
16.059,0,-9.310219764709473,15.095806121826172,69.30679321289062,-75.46439361572266,-88.27173614501953,34.73186111450195,-9.310219764709473,15.095806121826172,69.30679321289062,-75.46439361572266,-88.27173614501953,34.73186111450195,35.0293542074364
16.094,0,-9.144270896911621,15.068817138671875,69.33720397949219,-75.45182800292969,-88.25316619873047,34.74289321899414,-9.144270896911621,15.068817138671875,69.33720397949219,-75.45182800292969,-88.25316619873047,34.74289321899414,35.0293542074364
16.126,0,-9.304306030273438,14.996877670288086,69.43787384033203,-75.52714538574219,-88.26258850097656,34.701263427734375,-9.304306030273438,14.996877670288086,69.43787384033203,-75.52714538574219,-88.26258850097656,34.701263427734375,35.0293542074364
16.160,0,-9.452113151550293,15.098566055297852,69.4702377319336,-75.71987915039062,-88.28154754638672,34.63363265991211,-9.452113151550293,15.098566055297852,69.4702377319336,-75.71987915039062,-88.28154754638672,34.63363265991211,35.0293542074364
16.194,0,-9.294646263122559,15.158639907836914,69.47427368164062,-75.78681182861328,-88.25682830810547,34.64494323730469,-9.294646263122559,15.158639907836914,69.47427368164062,-75.78681182861328,-88.25682830810547,34.64494323730469,35.0293542074364
16.228,0,-9.369266510009766,14.973739624023438,69.51054382324219,-75.58324432373047,-88.273681640625,34.72069549560547,-9.369266510009766,14.973739624023438,69.51054382324219,-75.58324432373047,-88.273681640625,34.72069549560547,35.0293542074364
16.263,0,-9.525972366333008,14.953363418579102,69.60057067871094,-75.69585418701172,-88.28170013427734,34.66862487792969,-9.525972366333008,14.953363418579102,69.60057067871094,-75.69585418701172,-88.28170013427734,34.66862487792969,35.0293542074364
16.294,0,-9.683526992797852,15.087711334228516,69.63793182373047,-75.92184448242188,-88.29988861083984,34.594478607177734,-9.683526992797852,15.087711334228516,69.63793182373047,-75.92184448242188,-88.29988861083984,34.594478607177734,35.0293542074364
16.327,0,-9.522384643554688,15.095073699951172,69.65707397460938,-75.95750427246094,-88.27526092529297,34.60506057739258,-9.522384643554688,15.095073699951172,69.65707397460938,-75.95750427246094,-88.27526092529297,34.60506057739258,35.0293542074364
16.360,0,-9.454902648925781,14.833562850952148,69.75203704833984,-75.7501220703125,-88.27935028076172,34.62865447998047,-9.454902648925781,14.833562850952148,69.75203704833984,-75.7501220703125,-88.27935028076172,34.62865447998047,35.0293542074364
16.397,0,-9.606612205505371,14.771291732788086,69.8614273071289,-75.83926391601562,-88.28560638427734,34.59989547729492,-9.606612205505371,14.771291732788086,69.8614273071289,-75.83926391601562,-88.28560638427734,34.59989547729492,35.0293542074364
16.427,0,-9.77122974395752,14.878095626831055,69.93135070800781,-76.06370544433594,-88.3061752319336,34.528846740722656,-9.77122974395752,14.878095626831055,69.93135070800781,-76.06370544433594,-88.3061752319336,34.528846740722656,35.0293542074364
16.461,0,-9.743064880371094,14.868143081665039,69.89625549316406,-76.01195526123047,-88.3027572631836,34.61735534667969,-9.743064880371094,14.868143081665039,69.89625549316406,-76.01195526123047,-88.3027572631836,34.61735534667969,35.0293542074364
16.498,0,-9.647984504699707,14.659173965454102,69.9198989868164,-75.79273986816406,-88.29570770263672,34.640777587890625,-9.647984504699707,14.659173965454102,69.9198989868164,-75.79273986816406,-88.29570770263672,34.640777587890625,35.0293542074364
16.530,0,-9.798074722290039,14.56416130065918,70.0466537475586,-75.86900329589844,-88.2939453125,34.591583251953125,-9.798074722290039,14.56416130065918,70.0466537475586,-75.86900329589844,-88.2939453125,34.591583251953125,35.0293542074364
16.561,0,-9.938896179199219,14.684038162231445,70.07735443115234,-76.08302307128906,-88.31229400634766,34.53052520751953,-9.938896179199219,14.684038162231445,70.07735443115234,-76.08302307128906,-88.31229400634766,34.53052520751953,35.0293542074364
16.594,0,-9.902299880981445,14.665319442749023,70.08964538574219,-76.0622787475586,-88.31130981445312,34.62480926513672,-9.902299880981445,14.665319442749023,70.08964538574219,-76.0622787475586,-88.31130981445312,34.62480926513672,35.0293542074364
16.634,0,-9.810869216918945,14.558134078979492,70.10614013671875,-75.94990539550781,-88.31995391845703,34.640689849853516,-9.810869216918945,14.558134078979492,70.10614013671875,-75.94990539550781,-88.31995391845703,34.640689849853516,35.0293542074364
16.670,0,-9.944907188415527,14.728309631347656,70.02841186523438,-76.09807586669922,-88.3345718383789,34.607261657714844,-9.944907188415527,14.728309631347656,70.02841186523438,-76.09807586669922,-88.3345718383789,34.607261657714844,35.0293542074364
16.699,0,-10.088788986206055,14.823518753051758,70.07832336425781,-76.30168151855469,-88.35673522949219,34.544864654541016,-10.088788986206055,14.823518753051758,70.07832336425781,-76.30168151855469,-88.35673522949219,34.544864654541016,35.0293542074364
16.731,0,-10.043280601501465,14.804201126098633,70.06571197509766,-76.26423645019531,-88.35813903808594,34.634742736816406,-10.043280601501465,14.804201126098633,70.06571197509766,-76.26423645019531,-88.35813903808594,34.634742736816406,35.0293542074364
16.764,0,-9.940181732177734,14.660482406616211,70.10885620117188,-76.1380615234375,-88.36334228515625,34.64825439453125,-9.940181732177734,14.660482406616211,70.10885620117188,-76.1380615234375,-88.36334228515625,34.64825439453125,35.0293542074364
16.800,0,-10.062373161315918,14.850265502929688,70.02627563476562,-76.30717468261719,-88.38021850585938,34.634586334228516,-10.062373161315918,14.850265502929688,70.02627563476562,-76.30717468261719,-88.38021850585938,34.634586334228516,35.0293542074364
16.834,0,-10.190093040466309,14.934669494628906,70.07923126220703,-76.50653076171875,-88.40534210205078,34.55827331542969,-10.190093040466309,14.934669494628906,70.07923126220703,-76.50653076171875,-88.40534210205078,34.55827331542969,35.0293542074364
16.864,0,-10.130444526672363,14.907659530639648,70.08551788330078,-76.48091125488281,-88.40631866455078,34.63534164428711,-10.130444526672363,14.907659530639648,70.08551788330078,-76.48091125488281,-88.40631866455078,34.63534164428711,35.0293542074364
16.911,0,-10.035327911376953,14.805742263793945,70.10455322265625,-76.3725357055664,-88.41555786132812,34.65906524658203,-10.035327911376953,14.805742263793945,70.10455322265625,-76.3725357055664,-88.41555786132812,34.65906524658203,35.0293542074364
16.937,0,-10.171327590942383,14.985176086425781,70.04452514648438,-76.55423736572266,-88.43524169921875,34.640254974365234,-10.171327590942383,14.985176086425781,70.04452514648438,-76.55423736572266,-88.43524169921875,34.640254974365234,34.96412263535551
16.971,0,-10.285628318786621,15.089344024658203,70.0932846069336,-76.76656341552734,-88.45693969726562,34.573753356933594,-10.285628318786621,15.089344024658203,70.0932846069336,-76.76656341552734,-88.45693969726562,34.573753356933594,34.898891063274625
17.003,0,-10.1517333984375,15.070240020751953,70.08516693115234,-76.72491455078125,-88.44735717773438,34.66096496582031,-10.1517333984375,15.070240020751953,70.08516693115234,-76.72491455078125,-88.44735717773438,34.66096496582031,34.833659491193735
17.037,0,-9.992714881896973,14.909004211425781,70.12625122070312,-76.5697250366211,-88.46546936035156,34.677345275878906,-9.992714881896973,14.909004211425781,70.12625122070312,-76.5697250366211,-88.46546936035156,34.677345275878906,34.768427919112845
17.073,0,-10.112051963806152,15.122611999511719,70.02488708496094,-76.7497329711914,-88.48503112792969,34.663604736328125,-10.112051963806152,15.122611999511719,70.02488708496094,-76.7497329711914,-88.48503112792969,34.663604736328125,34.768427919112845
17.105,0,-10.235969543457031,15.311149597167969,70.03841400146484,-77.02293395996094,-88.503173828125,34.60124588012695,-10.235969543457031,15.311149597167969,70.03841400146484,-77.02293395996094,-88.503173828125,34.60124588012695,34.768427919112845
17.140,0,-10.177103996276855,15.355241775512695,69.99258422851562,-77.01251220703125,-88.51490020751953,34.68821334838867,-10.177103996276855,15.355241775512695,69.99258422851562,-77.01251220703125,-88.51490020751953,34.68821334838867,34.768427919112845
17.172,0,-10.021636009216309,15.301765441894531,70.01654815673828,-76.9754638671875,-88.51812744140625,34.69124221801758,-10.021636009216309,15.301765441894531,70.01654815673828,-76.9754638671875,-88.51812744140625,34.69124221801758,34.768427919112845
17.211,0,-10.141075134277344,15.507904052734375,69.9389877319336,-77.16426849365234,-88.53963470458984,34.67851257324219,-10.141075134277344,15.507904052734375,69.9389877319336,-77.16426849365234,-88.53963470458984,34.67851257324219,34.768427919112845
17.242,0,-10.281736373901367,15.751230239868164,69.91764068603516,-77.46946716308594,-88.5652084350586,34.623111724853516,-10.281736373901367,15.751230239868164,69.91764068603516,-77.46946716308594,-88.5652084350586,34.623111724853516,34.768427919112845
17.272,0,-10.14297103881836,15.712013244628906,69.91251373291016,-77.38799285888672,-88.55638885498047,34.6846923828125,-10.14297103881836,15.712013244628906,69.91251373291016,-77.38799285888672,-88.55638885498047,34.6846923828125,34.768427919112845
17.306,0,-10.005311012268066,15.691217422485352,69.90290832519531,-77.36137390136719,-88.55252075195312,34.68315505981445,-10.005311012268066,15.691217422485352,69.90290832519531,-77.36137390136719,-88.55252075195312,34.68315505981445,34.768427919112845
17.339,0,-10.131929397583008,15.908672332763672,69.82343292236328,-77.54937744140625,-88.5752182006836,34.666934967041016,-10.131929397583008,15.908672332763672,69.82343292236328,-77.54937744140625,-88.5752182006836,34.666934967041016,34.768427919112845
17.372,0,-10.258829116821289,16.078554153442383,69.84785461425781,-77.81782531738281,-88.60272216796875,34.602500915527344,-10.258829116821289,16.078554153442383,69.84785461425781,-77.81782531738281,-88.60272216796875,34.602500915527344,34.768427919112845
17.406,0,-10.134383201599121,16.03556251525879,69.85907745361328,-77.7617416381836,-88.59998321533203,34.66229248046875,-10.134383201599121,16.03556251525879,69.85907745361328,-77.7617416381836,-88.59998321533203,34.66229248046875,34.768427919112845
17.439,0,-10.234959602355957,15.90488052368164,69.8387451171875,-77.55699920654297,-88.61579895019531,34.6456298828125,-10.234959602355957,15.90488052368164,69.8387451171875,-77.55699920654297,-88.61579895019531,34.6456298828125,34.768427919112845
17.475,0,-10.313502311706543,16.072032928466797,69.87054443359375,-77.85276794433594,-88.62898254394531,34.60573196411133,-10.313502311706543,16.072032928466797,69.87054443359375,-77.85276794433594,-88.62898254394531,34.60573196411133,34.768427919112845
17.506,0,-10.450448989868164,16.213708877563477,69.91251373291016,-78.10185241699219,-88.64749145507812,34.518314361572266,-10.450448989868164,16.213708877563477,69.91251373291016,-78.10185241699219,-88.64749145507812,34.518314361572266,34.768427919112845
17.539,0,-10.33493423461914,16.22692108154297,69.89912414550781,-78.07882690429688,-88.64144134521484,34.55137634277344,-10.33493423461914,16.22692108154297,69.89912414550781,-78.07882690429688,-88.64144134521484,34.55137634277344,34.768427919112845
17.573,0,-10.417577743530273,16.055233001708984,69.91209411621094,-77.87226867675781,-88.65850067138672,34.567665100097656,-10.417577743530273,16.055233001708984,69.91209411621094,-77.87226867675781,-88.65850067138672,34.567665100097656,34.768427919112845
17.606,0,-10.506745338439941,16.283477783203125,69.89608001708984,-78.1838150024414,-88.67301940917969,34.49916458129883,-10.506745338439941,16.283477783203125,69.89608001708984,-78.1838150024414,-88.67301940917969,34.49916458129883,34.768427919112845
17.640,0,-10.6482572555542,16.438983917236328,69.92837524414062,-78.43104553222656,-88.69498443603516,34.414772033691406,-10.6482572555542,16.438983917236328,69.92837524414062,-78.43104553222656,-88.69498443603516,34.414772033691406,34.768427919112845
17.675,0,-10.604021072387695,16.14556312561035,70.11734771728516,-78.22921752929688,-88.64804077148438,34.41874694824219,-10.604021072387695,16.14556312561035,70.11734771728516,-78.22921752929688,-88.64804077148438,34.41874694824219,34.768427919112845
17.713,0,-10.655996322631836,15.979257583618164,70.1252670288086,-78.03687286376953,-88.6624755859375,34.42814636230469,-10.655996322631836,15.979257583618164,70.1252670288086,-78.03687286376953,-88.6624755859375,34.42814636230469,34.768427919112845
17.740,0,-10.814997673034668,16.14418601989746,70.17401885986328,-78.30531311035156,-88.67790222167969,34.34218978881836,-10.814997673034668,16.14418601989746,70.17401885986328,-78.30531311035156,-88.67790222167969,34.34218978881836,34.768427919112845
17.773,0,-10.749966621398926,15.829500198364258,70.3893814086914,-78.10993194580078,-88.63532257080078,34.35932922363281,-10.749966621398926,15.829500198364258,70.3893814086914,-78.10993194580078,-88.63532257080078,34.35932922363281,34.768427919112845
17.814,0,-10.748777389526367,15.555034637451172,70.43978881835938,-77.83135986328125,-88.64495086669922,34.34464645385742,-10.748777389526367,15.555034637451172,70.43978881835938,-77.83135986328125,-88.64495086669922,34.34464645385742,34.768427919112845
17.840,0,-10.86347770690918,15.945230484008789,70.16410064697266,-77.99847412109375,-88.6760482788086,34.36236572265625,-10.86347770690918,15.945230484008789,70.16410064697266,-77.99847412109375,-88.6760482788086,34.36236572265625,34.768427919112845
17.885,0,-11.03848648071289,16.0591983795166,70.23612976074219,-78.25118255615234,-88.68768310546875,34.283531188964844,-11.03848648071289,16.0591983795166,70.23612976074219,-78.25118255615234,-88.68768310546875,34.283531188964844,34.768427919112845
17.913,0,-10.97862434387207,15.748355865478516,70.4341049194336,-78.03781127929688,-88.64494323730469,34.28658676147461,-10.97862434387207,15.748355865478516,70.4341049194336,-78.03781127929688,-88.64494323730469,34.28658676147461,34.768427919112845
17.944,0,-10.893515586853027,15.534921646118164,70.55671691894531,-77.91911315917969,-88.64568328857422,34.359710693359375,-10.893515586853027,15.534921646118164,70.55671691894531,-77.91911315917969,-88.64568328857422,34.359710693359375,34.768427919112845
17.981,0,-11.029480934143066,15.825098037719727,70.3232421875,-78.02301025390625,-88.67899322509766,34.3641357421875,-11.029480934143066,15.825098037719727,70.3232421875,-78.02301025390625,-88.67899322509766,34.3641357421875,34.63796477495107
18.022,0,-11.216912269592285,16.103178024291992,70.29898071289062,-78.34591674804688,-88.6919937133789,34.29103088378906,-11.216912269592285,16.103178024291992,70.29898071289062,-78.34591674804688,-88.6919937133789,34.29103088378906,34.63796477495107
18.049,0,-11.157424926757812,15.826025009155273,70.48139953613281,-78.14325714111328,-88.64542388916016,34.31305694580078,-11.157424926757812,15.826025009155273,70.48139953613281,-78.14325714111328,-88.64542388916016,34.31305694580078,34.57273320287019
18.081,0,-11.076438903808594,15.636869430541992,70.60385131835938,-78.05451965332031,-88.64712524414062,34.39714431762695,-11.076438903808594,15.636869430541992,70.60385131835938,-78.05451965332031,-88.64712524414062,34.39714431762695,34.57273320287019
18.126,0,-11.193411827087402,15.792957305908203,70.43275451660156,-78.03040313720703,-88.67320251464844,34.41139221191406,-11.193411827087402,15.792957305908203,70.43275451660156,-78.03040313720703,-88.67320251464844,34.41139221191406,34.57273320287019
18.154,0,-11.381616592407227,15.99551773071289,70.42527770996094,-78.29132843017578,-88.68862915039062,34.32738494873047,-11.381616592407227,15.99551773071289,70.42527770996094,-78.29132843017578,-88.68862915039062,34.32738494873047,34.57273320287019
18.186,0,-11.280834197998047,15.77304458618164,70.5689926147461,-78.18473815917969,-88.70240783691406,34.37776184082031,-11.280834197998047,15.77304458618164,70.5689926147461,-78.18473815917969,-88.70240783691406,34.37776184082031,34.57273320287019
18.228,0,-11.393683433532715,15.977907180786133,70.36388397216797,-78.22309112548828,-88.71756744384766,34.4114875793457,-11.393683433532715,15.977907180786133,70.36388397216797,-78.22309112548828,-88.71756744384766,34.4114875793457,34.57273320287019
18.257,0,-11.602828025817871,16.13446807861328,70.39038848876953,-78.47724151611328,-88.73988342285156,34.32619857788086,-11.602828025817871,16.13446807861328,70.39038848876953,-78.47724151611328,-88.73988342285156,34.32619857788086,34.57273320287019
18.289,0,-11.510059356689453,15.917007446289062,70.54450225830078,-78.31497955322266,-88.69424438476562,34.39113235473633,-11.510059356689453,15.917007446289062,70.54450225830078,-78.31497955322266,-88.69424438476562,34.39113235473633,34.57273320287019
18.332,0,-11.41618537902832,15.702524185180664,70.68667602539062,-78.21105194091797,-88.70804595947266,34.451515197753906,-11.41618537902832,15.702524185180664,70.68667602539062,-78.21105194091797,-88.70804595947266,34.451515197753906,34.57273320287019
18.362,0,-11.54114055633545,15.915626525878906,70.46707916259766,-78.23440551757812,-88.72412109375,34.476192474365234,-11.54114055633545,15.915626525878906,70.46707916259766,-78.23440551757812,-88.72412109375,34.476192474365234,34.57273320287019
18.393,0,-11.744566917419434,16.11581802368164,70.460693359375,-78.5023193359375,-88.74492645263672,34.40519332885742,-11.744566917419434,16.11581802368164,70.460693359375,-78.5023193359375,-88.74492645263672,34.40519332885742,34.57273320287019
18.426,0,-11.647088050842285,15.887950897216797,70.64142608642578,-78.34298706054688,-88.70054626464844,34.47320556640625,-11.647088050842285,15.887950897216797,70.64142608642578,-78.34298706054688,-88.70054626464844,34.47320556640625,34.57273320287019
18.460,0,-11.553740501403809,15.666934967041016,70.78976440429688,-78.23182678222656,-88.71903228759766,34.52912521362305,-11.553740501403809,15.666934967041016,70.78976440429688,-78.23182678222656,-88.71903228759766,34.52912521362305,34.57273320287019
18.506,0,-11.693778038024902,15.886180877685547,70.57723236083984,-78.26254272460938,-88.73405456542969,34.5464973449707,-11.693778038024902,15.886180877685547,70.57723236083984,-78.26254272460938,-88.73405456542969,34.5464973449707,34.57273320287019
18.533,0,-11.884583473205566,16.07256507873535,70.60366821289062,-78.53414916992188,-88.75414276123047,34.47621154785156,-11.884583473205566,16.07256507873535,70.60366821289062,-78.53414916992188,-88.75414276123047,34.47621154785156,34.57273320287019
18.577,0,-11.770594596862793,15.825220108032227,70.7642593383789,-78.34796142578125,-88.70294952392578,34.53105163574219,-11.770594596862793,15.825220108032227,70.7642593383789,-78.34796142578125,-88.70294952392578,34.53105163574219,34.57273320287019
18.603,0,-11.674434661865234,15.54244613647461,70.91450500488281,-78.18673706054688,-88.72345733642578,34.5721549987793,-11.674434661865234,15.54244613647461,70.91450500488281,-78.18673706054688,-88.72345733642578,34.5721549987793,34.57273320287019
18.637,0,-11.829344749450684,15.713863372802734,70.72820281982422,-78.20044708251953,-88.7417984008789,34.579612731933594,-11.829344749450684,15.713863372802734,70.72820281982422,-78.20044708251953,-88.7417984008789,34.579612731933594,34.57273320287019
18.672,0,-12.023507118225098,15.873538970947266,70.7523422241211,-78.44093322753906,-88.7573013305664,34.501182556152344,-12.023507118225098,15.873538970947266,70.7523422241211,-78.44093322753906,-88.7573013305664,34.501182556152344,34.57273320287019
18.706,0,-11.903878211975098,15.521352767944336,70.9698257446289,-78.19973754882812,-88.7071533203125,34.52506637573242,-11.903878211975098,15.521352767944336,70.9698257446289,-78.19973754882812,-88.7071533203125,34.52506637573242,34.57273320287019
18.742,0,-11.802044868469238,15.269742965698242,71.127197265625,-78.07378387451172,-88.72071838378906,34.56632614135742,-11.802044868469238,15.269742965698242,71.127197265625,-78.07378387451172,-88.72071838378906,34.56632614135742,34.57273320287019
18.771,0,-11.948674201965332,15.638847351074219,70.84320068359375,-78.19952392578125,-88.74874877929688,34.58321762084961,-11.948674201965332,15.638847351074219,70.84320068359375,-78.19952392578125,-88.74874877929688,34.58321762084961,34.57273320287019
18.808,0,-12.143877983093262,15.782819747924805,70.92051696777344,-78.48290252685547,-88.75935363769531,34.47772979736328,-12.143877983093262,15.782819747924805,70.92051696777344,-78.48290252685547,-88.75935363769531,34.47772979736328,34.57273320287019
18.836,0,-12.021071434020996,15.45815658569336,71.11115264892578,-78.23789978027344,-88.70781707763672,34.520904541015625,-12.021071434020996,15.45815658569336,71.11115264892578,-78.23789978027344,-88.70781707763672,34.520904541015625,34.57273320287019
18.872,0,-11.919522285461426,15.201066970825195,71.27308654785156,-78.11369323730469,-88.71940612792969,34.56939697265625,-11.919522285461426,15.201066970825195,71.27308654785156,-78.11369323730469,-88.71940612792969,34.56939697265625,34.57273320287019
18.906,0,-12.06906795501709,15.566556930541992,70.98319244384766,-78.23329162597656,-88.74319458007812,34.58345031738281,-12.06906795501709,15.566556930541992,70.98319244384766,-78.23329162597656,-88.74319458007812,34.58345031738281,34.57273320287019
18.938,0,-12.26581859588623,15.72343635559082,71.03379821777344,-78.49906921386719,-88.75714111328125,34.506561279296875,-12.26581859588623,15.72343635559082,71.03379821777344,-78.49906921386719,-88.75714111328125,34.506561279296875,34.57273320287019
18.972,0,-12.156834602355957,15.357423782348633,71.24472045898438,-78.23602294921875,-88.70565032958984,34.54296875,-12.156834602355957,15.357423782348633,71.24472045898438,-78.23602294921875,-88.70565032958984,34.54296875,34.57273320287019
19.005,0,-12.044934272766113,15.04098129272461,71.41427612304688,-78.04844665527344,-88.71355438232422,34.58026885986328,-12.044934272766113,15.04098129272461,71.41427612304688,-78.04844665527344,-88.71355438232422,34.58026885986328,34.57273320287019
19.038,0,-12.203679084777832,15.347518920898438,71.15904998779297,-78.12522888183594,-88.73601531982422,34.60279846191406,-12.203679084777832,15.347518920898438,71.15904998779297,-78.12522888183594,-88.73601531982422,34.60279846191406,34.57273320287019
19.072,0,-12.411953926086426,15.466636657714844,71.22229766845703,-78.36860656738281,-88.740966796875,34.484474182128906,-12.411953926086426,15.466636657714844,71.22229766845703,-78.36860656738281,-88.740966796875,34.484474182128906,34.57273320287019
19.105,0,-12.333708763122559,15.201568603515625,71.40716552734375,-78.16506958007812,-88.69376373291016,34.53435516357422,-12.333708763122559,15.201568603515625,71.40716552734375,-78.16506958007812,-88.69376373291016,34.53435516357422,34.57273320287019
19.138,0,-12.257044792175293,14.964000701904297,71.5521011352539,-78.02053833007812,-88.70173645019531,34.587440490722656,-12.257044792175293,14.964000701904297,71.5521011352539,-78.02053833007812,-88.70173645019531,34.587440490722656,34.57273320287019
19.172,0,-12.43041706085205,15.183706283569336,71.3568344116211,-78.04505157470703,-88.72217559814453,34.59822082519531,-12.43041706085205,15.183706283569336,71.3568344116211,-78.04505157470703,-88.72217559814453,34.59822082519531,34.57273320287019
19.205,0,-12.638199806213379,15.236154556274414,71.48100280761719,-78.24185180664062,-88.72364044189453,34.4980354309082,-12.638199806213379,15.236154556274414,71.48100280761719,-78.24185180664062,-88.72364044189453,34.4980354309082,34.57273320287019
19.240,0,-12.604910850524902,15.021980285644531,71.68413543701172,-78.14041137695312,-88.70952606201172,34.47307586669922,-12.604910850524902,15.021980285644531,71.68413543701172,-78.14041137695312,-88.70952606201172,34.47307586669922,34.57273320287019
19.271,0,-12.498053550720215,14.725046157836914,71.83740997314453,-77.93600463867188,-88.7134017944336,34.54039764404297,-12.498053550720215,14.725046157836914,71.83740997314453,-77.93600463867188,-88.7134017944336,34.54039764404297,34.57273320287019
19.306,0,-12.667832374572754,14.941762924194336,71.6331787109375,-77.9466323852539,-88.74288940429688,34.56472396850586,-12.667832374572754,14.941762924194336,71.6331787109375,-77.9466323852539,-88.74288940429688,34.56472396850586,34.57273320287019
19.339,0,-12.876267433166504,14.995162963867188,71.73161315917969,-78.1337661743164,-88.75033569335938,34.45281982421875,-12.876267433166504,14.995162963867188,71.73161315917969,-78.1337661743164,-88.75033569335938,34.45281982421875,34.57273320287019
19.372,0,-12.831805229187012,14.800640106201172,71.92984008789062,-78.03936767578125,-88.7361068725586,34.460166931152344,-12.831805229187012,14.800640106201172,71.92984008789062,-78.03936767578125,-88.7361068725586,34.460166931152344,34.57273320287019
19.406,0,-12.69412899017334,14.626514434814453,72.03095245361328,-77.91209411621094,-88.7274398803711,34.517555236816406,-12.69412899017334,14.626514434814453,72.03095245361328,-77.91209411621094,-88.7274398803711,34.517555236816406,34.57273320287019
19.440,0,-12.855401039123535,14.957653045654297,71.76602172851562,-77.99856567382812,-88.76118469238281,34.53877258300781,-12.855401039123535,14.957653045654297,71.76602172851562,-77.99856567382812,-88.76118469238281,34.53877258300781,34.57273320287019
19.472,0,-13.07127857208252,15.059572219848633,71.83718872070312,-78.22239685058594,-88.76097106933594,34.40657043457031,-13.07127857208252,15.059572219848633,71.83718872070312,-78.22239685058594,-88.76097106933594,34.40657043457031,34.57273320287019
19.507,0,-13.008893013000488,14.905635833740234,72.0255355834961,-78.16288757324219,-88.74736785888672,34.415435791015625,-13.008893013000488,14.905635833740234,72.0255355834961,-78.16288757324219,-88.74736785888672,34.415435791015625,34.57273320287019
19.538,0,-13.154145240783691,15.174766540527344,71.79025268554688,-78.18611145019531,-88.77941131591797,34.4119758605957,-13.154145240783691,15.174766540527344,71.79025268554688,-78.18611145019531,-88.77941131591797,34.4119758605957,34.57273320287019
19.572,0,-13.319466590881348,15.429405212402344,71.57225036621094,-78.23027038574219,-88.81526947021484,34.433563232421875,-13.319466590881348,15.429405212402344,71.57225036621094,-78.23027038574219,-88.81526947021484,34.433563232421875,34.57273320287019
19.610,0,-13.54143238067627,15.523321151733398,71.64134216308594,-78.43730926513672,-88.822998046875,34.323524475097656,-13.54143238067627,15.523321151733398,71.64134216308594,-78.43730926513672,-88.822998046875,34.323524475097656,34.57273320287019
19.639,0,-13.399544715881348,15.338434219360352,71.73295593261719,-78.30470275878906,-88.82901763916016,34.37095642089844,-13.399544715881348,15.338434219360352,71.73295593261719,-78.30470275878906,-88.82901763916016,34.37095642089844,34.57273320287019
19.675,0,-13.270440101623535,15.201778411865234,71.79027557373047,-78.20332336425781,-88.83271026611328,34.45751953125,-13.270440101623535,15.201778411865234,71.79027557373047,-78.20332336425781,-88.83271026611328,34.45751953125,34.57273320287019
19.740,0,-13.442336082458496,15.525003433227539,71.57199096679688,-78.3347396850586,-88.86544036865234,34.46567153930664,-13.442336082458496,15.525003433227539,71.57199096679688,-78.3347396850586,-88.86544036865234,34.46567153930664,34.57273320287019
19.768,0,-13.33128833770752,15.329793930053711,71.78286743164062,-78.24948120117188,-88.83554077148438,34.503753662109375,-13.33128833770752,15.329793930053711,71.78286743164062,-78.24948120117188,-88.83554077148438,34.503753662109375,34.57273320287019
19.799,0,-13.221684455871582,15.239219665527344,71.94210052490234,-78.21456909179688,-88.81200408935547,34.51390075683594,-13.221684455871582,15.239219665527344,71.94210052490234,-78.21456909179688,-88.81200408935547,34.51390075683594,34.57273320287019
19.839,0,-13.089692115783691,15.064647674560547,72.00630950927734,-78.0919189453125,-88.81585693359375,34.59760284423828,-13.089692115783691,15.064647674560547,72.00630950927734,-78.0919189453125,-88.81585693359375,34.59760284423828,34.57273320287019
19.866,0,-13.312043190002441,15.09893798828125,72.10955810546875,-78.27719116210938,-88.81774139404297,34.50049591064453,-13.312043190002441,15.09893798828125,72.10955810546875,-78.27719116210938,-88.81774139404297,34.50049591064453,34.57273320287019
19.912,0,-13.5150728225708,15.120187759399414,72.21886444091797,-78.46176147460938,-88.82412719726562,34.38840103149414,-13.5150728225708,15.120187759399414,72.21886444091797,-78.46176147460938,-88.82412719726562,34.38840103149414,34.57273320287019
19.940,0,-13.408644676208496,14.881879806518555,72.41838073730469,-78.3338394165039,-88.79289245605469,34.37489318847656,-13.408644676208496,14.881879806518555,72.41838073730469,-78.3338394165039,-88.79289245605469,34.37489318847656,34.57273320287019
19.974,0,-13.583365440368652,15.111330032348633,72.19312286376953,-78.35916900634766,-88.8182601928711,34.396522521972656,-13.583365440368652,15.111330032348633,72.19312286376953,-78.35916900634766,-88.8182601928711,34.396522521972656,34.57273320287019
20.005,0,-13.766043663024902,15.34964370727539,72.0168685913086,-78.43870544433594,-88.84540557861328,34.37408447265625,-13.766043663024902,15.34964370727539,72.0168685913086,-78.43870544433594,-88.84540557861328,34.37408447265625,34.57273320287019
20.039,0,-13.673859596252441,15.071882247924805,72.2278823852539,-78.29322814941406,-88.81049346923828,34.37278366088867,-13.673859596252441,15.071882247924805,72.2278823852539,-78.29322814941406,-88.81049346923828,34.37278366088867,34.57273320287019
20.072,0,-13.560912132263184,14.851930618286133,72.3279800415039,-78.12476348876953,-88.82685089111328,34.416526794433594,-13.560912132263184,14.851930618286133,72.3279800415039,-78.12476348876953,-88.82685089111328,34.416526794433594,34.57273320287019
20.106,0,-13.732056617736816,15.11453628540039,72.0896224975586,-78.17449951171875,-88.85149383544922,34.42243194580078,-13.732056617736816,15.11453628540039,72.0896224975586,-78.17449951171875,-88.85149383544922,34.42243194580078,34.57273320287019
20.138,0,-13.970231056213379,15.207157135009766,72.16903686523438,-78.39656829833984,-88.8516616821289,34.31253433227539,-13.970231056213379,15.207157135009766,72.16903686523438,-78.39656829833984,-88.8516616821289,34.31253433227539,34.57273320287019
20.173,0,-14.186249732971191,15.177602767944336,72.28800201416016,-78.51689147949219,-88.8518295288086,34.183536529541016,-14.186249732971191,15.177602767944336,72.28800201416016,-78.51689147949219,-88.8518295288086,34.183536529541016,34.57273320287019
20.205,0,-14.120917320251465,14.960977554321289,72.40782165527344,-78.35623168945312,-88.86766052246094,34.22545623779297,-14.120917320251465,14.960977554321289,72.40782165527344,-78.35623168945312,-88.86766052246094,34.22545623779297,34.57273320287019
20.239,0,-14.293478965759277,15.209203720092773,72.1889877319336,-78.41893005371094,-88.89114379882812,34.21841049194336,-14.293478965759277,15.209203720092773,72.1889877319336,-78.41893005371094,-88.89114379882812,34.21841049194336,34.57273320287019
20.273,0,-14.53002643585205,15.32863998413086,72.25003051757812,-78.65165710449219,-88.9066162109375,34.102012634277344,-14.53002643585205,15.32863998413086,72.25003051757812,-78.65165710449219,-88.9066162109375,34.102012634277344,34.57273320287019
20.305,0,-14.4365873336792,15.085527420043945,72.46636962890625,-78.54986572265625,-88.87152862548828,34.074405670166016,-14.4365873336792,15.085527420043945,72.46636962890625,-78.54986572265625,-88.87152862548828,34.074405670166016,34.57273320287019
20.340,0,-14.375346183776855,14.819694519042969,72.61114501953125,-78.37448120117188,-88.89038848876953,34.11910629272461,-14.375346183776855,14.819694519042969,72.61114501953125,-78.37448120117188,-88.89038848876953,34.11910629272461,34.5075016307893
20.372,0,-14.563035011291504,15.036989212036133,72.40725708007812,-78.40702819824219,-88.9178695678711,34.1274528503418,-14.563035011291504,15.036989212036133,72.40725708007812,-78.40702819824219,-88.9178695678711,34.1274528503418,34.37703848662753
20.406,0,-14.79086971282959,15.149927139282227,72.47799682617188,-78.63638305664062,-88.92243957519531,33.990875244140625,-14.79086971282959,15.149927139282227,72.47799682617188,-78.63638305664062,-88.92243957519531,33.990875244140625,34.37703848662753
20.440,0,-14.724270820617676,14.918991088867188,72.66846466064453,-78.51496887207031,-88.89314270019531,33.99378967285156,-14.724270820617676,14.918991088867188,72.66846466064453,-78.51496887207031,-88.89314270019531,33.99378967285156,34.31180691454664
20.473,0,-14.582230567932129,14.715728759765625,72.78545379638672,-78.38124084472656,-88.88803100585938,34.02788543701172,-14.582230567932129,14.715728759765625,72.78545379638672,-78.38124084472656,-88.88803100585938,34.02788543701172,34.31180691454664
20.508,0,-14.748482704162598,14.982589721679688,72.5567398071289,-78.42693328857422,-88.91878509521484,34.0516471862793,-14.748482704162598,14.982589721679688,72.5567398071289,-78.42693328857422,-88.91878509521484,34.0516471862793,34.31180691454664
20.551,0,-14.98697566986084,15.100317001342773,72.61152648925781,-78.673583984375,-88.92727661132812,33.92550277709961,-14.98697566986084,15.100317001342773,72.61152648925781,-78.673583984375,-88.92727661132812,33.92550277709961,34.31180691454664
20.578,0,-14.913779258728027,14.831159591674805,72.83695983886719,-78.55958557128906,-88.8932876586914,33.93266677856445,-14.913779258728027,14.831159591674805,72.83695983886719,-78.55958557128906,-88.8932876586914,33.93266677856445,34.31180691454664
20.610,0,-14.771122932434082,14.692373275756836,72.92520141601562,-78.4810562133789,-88.89055633544922,33.99055862426758,-14.771122932434082,14.692373275756836,72.92520141601562,-78.4810562133789,-88.89055633544922,33.99055862426758,34.31180691454664
20.643,0,-14.947514533996582,14.942991256713867,72.71778869628906,-78.5281982421875,-88.91634368896484,33.98733139038086,-14.947514533996582,14.942991256713867,72.71778869628906,-78.5281982421875,-88.91634368896484,33.98733139038086,34.31180691454664
20.677,0,-15.069613456726074,15.178390502929688,72.64439392089844,-78.78041076660156,-88.9267807006836,33.901100158691406,-15.069613456726074,15.178390502929688,72.64439392089844,-78.78041076660156,-88.9267807006836,33.901100158691406,34.31180691454664
20.710,0,-15.018675804138184,14.970844268798828,72.84152221679688,-78.69495391845703,-88.89405822753906,33.88105392456055,-15.018675804138184,14.970844268798828,72.84152221679688,-78.69495391845703,-88.89405822753906,33.88105392456055,34.31180691454664
20.743,0,-14.959038734436035,14.852239608764648,72.90709686279297,-78.62203979492188,-88.90957641601562,33.94831466674805,-14.959038734436035,14.852239608764648,72.90709686279297,-78.62203979492188,-88.90957641601562,33.94831466674805,34.31180691454664
20.778,0,-15.144455909729004,15.232027053833008,72.63504028320312,-78.76710510253906,-88.93622589111328,33.952735900878906,-15.144455909729004,15.232027053833008,72.63504028320312,-78.76710510253906,-88.93622589111328,33.952735900878906,34.31180691454664
20.812,0,-15.26271915435791,15.278505325317383,72.67704772949219,-78.88362884521484,-88.94514465332031,33.858863830566406,-15.26271915435791,15.278505325317383,72.67704772949219,-78.88362884521484,-88.94514465332031,33.858863830566406,34.31180691454664
20.844,0,-15.20444393157959,15.167930603027344,72.83079528808594,-78.86827087402344,-88.92183685302734,33.85918045043945,-15.20444393157959,15.167930603027344,72.83079528808594,-78.86827087402344,-88.92183685302734,33.85918045043945,34.31180691454664
20.878,0,-15.111584663391113,15.127460479736328,72.85565185546875,-78.83357238769531,-88.92333221435547,33.90360641479492,-15.111584663391113,15.127460479736328,72.85565185546875,-78.83357238769531,-88.92333221435547,33.90360641479492,34.31180691454664
20.915,0,-15.307877540588379,15.46824836730957,72.58148193359375,-78.92901611328125,-88.94954681396484,33.90242004394531,-15.307877540588379,15.46824836730957,72.58148193359375,-78.92901611328125,-88.94954681396484,33.90242004394531,34.31180691454664
20.948,0,-15.432501792907715,15.69965934753418,72.53468322753906,-79.17443084716797,-88.9590072631836,33.81501770019531,-15.432501792907715,15.69965934753418,72.53468322753906,-79.17443084716797,-88.9590072631836,33.81501770019531,34.31180691454664
20.986,0,-15.34582805633545,15.524503707885742,72.6908950805664,-79.08867645263672,-88.93437194824219,33.820003509521484,-15.34582805633545,15.524503707885742,72.6908950805664,-79.08867645263672,-88.93437194824219,33.820003509521484,34.31180691454664
21.013,0,-15.18260669708252,15.493858337402344,72.70941162109375,-79.07453918457031,-88.93131256103516,33.857295989990234,-15.18260669708252,15.493858337402344,72.70941162109375,-79.07453918457031,-88.93131256103516,33.857295989990234,34.31180691454664
21.045,0,-15.37227725982666,15.935443878173828,72.41712188720703,-79.26408386230469,-88.958740234375,33.85898208618164,-15.37227725982666,15.935443878173828,72.41712188720703,-79.26408386230469,-88.958740234375,33.85898208618164,34.31180691454664
21.082,0,-15.4984712600708,16.146867752075195,72.36988067626953,-79.5024642944336,-88.97809600830078,33.7659912109375,-15.4984712600708,16.146867752075195,72.36988067626953,-79.5024642944336,-88.97809600830078,33.7659912109375,34.24657534246575
21.125,0,-15.47333812713623,16.137327194213867,72.4793930053711,-79.56694793701172,-88.96675872802734,33.78600311279297,-15.47333812713623,16.137327194213867,72.4793930053711,-79.56694793701172,-88.96675872802734,33.78600311279297,34.24657534246575
21.152,0,-15.327372550964355,16.06563377380371,72.52706909179688,-79.54620361328125,-88.96452331542969,33.82906723022461,-15.327372550964355,16.06563377380371,72.52706909179688,-79.54620361328125,-88.96452331542969,33.82906723022461,34.24657534246575
21.193,0,-15.517899513244629,16.46905517578125,72.24938201904297,-79.72779083251953,-88.99464416503906,33.83110046386719,-15.517899513244629,16.46905517578125,72.24938201904297,-79.72779083251953,-88.99464416503906,33.83110046386719,34.24657534246575
21.221,0,-15.661112785339355,16.629600524902344,72.23538970947266,-79.95927429199219,-89.02181243896484,33.75761032104492,-15.661112785339355,16.629600524902344,72.23538970947266,-79.95927429199219,-89.02181243896484,33.75761032104492,34.24657534246575
21.253,0,-15.614182472229004,16.56781768798828,72.39712524414062,-80.03250122070312,-88.9988784790039,33.773651123046875,-15.614182472229004,16.56781768798828,72.39712524414062,-80.03250122070312,-88.9988784790039,33.773651123046875,34.24657534246575
21.287,0,-15.457880973815918,16.33367919921875,72.49461364746094,-79.8532485961914,-89.01048278808594,33.757171630859375,-15.457880973815918,16.33367919921875,72.49461364746094,-79.8532485961914,-89.01048278808594,33.757171630859375,34.24657534246575
21.319,0,-15.655102729797363,16.714672088623047,72.22125244140625,-80.0194091796875,-89.048095703125,33.76227951049805,-15.655102729797363,16.714672088623047,72.22125244140625,-80.0194091796875,-89.048095703125,33.76227951049805,34.11611219830398
21.358,0,-15.819806098937988,16.797130584716797,72.26298522949219,-80.24303436279297,-89.08030700683594,33.659088134765625,-15.819806098937988,16.797130584716797,72.26298522949219,-80.24303436279297,-89.08030700683594,33.659088134765625,33.9856490541422
21.392,0,-15.747859001159668,16.78287124633789,72.40843963623047,-80.35358428955078,-89.05571746826172,33.64665222167969,-15.747859001159668,16.78287124633789,72.40843963623047,-80.35358428955078,-89.05571746826172,33.64665222167969,33.9856490541422
21.424,0,-15.551726341247559,16.429317474365234,72.54656219482422,-80.10423278808594,-89.06580352783203,33.63860321044922,-15.551726341247559,16.429317474365234,72.54656219482422,-80.10423278808594,-89.06580352783203,33.63860321044922,33.9856490541422
21.455,0,-15.748847007751465,16.831146240234375,72.2627944946289,-80.27702331542969,-89.10911560058594,33.6490592956543,-15.748847007751465,16.831146240234375,72.2627944946289,-80.27702331542969,-89.10911560058594,33.6490592956543,33.9856490541422
21.494,0,-15.895100593566895,16.994552612304688,72.22425842285156,-80.49164581298828,-89.14620208740234,33.57678985595703,-15.895100593566895,16.994552612304688,72.22425842285156,-80.49164581298828,-89.14620208740234,33.57678985595703,33.9856490541422
21.521,0,-15.89099407196045,16.993282318115234,72.3426513671875,-80.577392578125,-89.1368179321289,33.598777770996094,-15.89099407196045,16.993282318115234,72.3426513671875,-80.577392578125,-89.1368179321289,33.598777770996094,33.9856490541422
21.555,0,-15.727879524230957,16.61170196533203,72.5234603881836,-80.34037780761719,-89.13877868652344,33.592037200927734,-15.727879524230957,16.61170196533203,72.5234603881836,-80.34037780761719,-89.13877868652344,33.592037200927734,33.9856490541422
21.599,0,-15.916722297668457,16.998035430908203,72.24911499023438,-80.53116607666016,-89.18595123291016,33.58130645751953,-15.916722297668457,16.998035430908203,72.24911499023438,-80.53116607666016,-89.18595123291016,33.58130645751953,33.92041748206132
21.629,0,-15.993107795715332,16.802387237548828,72.48436737060547,-80.48902893066406,-89.15057373046875,33.61155700683594,-15.993107795715332,16.802387237548828,72.48436737060547,-80.48902893066406,-89.15057373046875,33.61155700683594,33.92041748206132
21.663,0,-15.92253589630127,16.687755584716797,72.58721923828125,-80.44025421142578,-89.13298034667969,33.62077331542969,-15.92253589630127,16.687755584716797,72.58721923828125,-80.44025421142578,-89.13298034667969,33.62077331542969,33.92041748206132
21.693,0,-15.757283210754395,16.301307678222656,72.76885223388672,-80.19992065429688,-89.1286392211914,33.62355041503906,-15.757283210754395,16.301307678222656,72.76885223388672,-80.19992065429688,-89.1286392211914,33.62355041503906,33.92041748206132
21.726,0,-15.952893257141113,16.511577606201172,72.54969024658203,-80.26869201660156,-89.175048828125,33.58356475830078,-15.952893257141113,16.511577606201172,72.54969024658203,-80.26869201660156,-89.175048828125,33.58356475830078,33.92041748206132
21.760,0,-16.017742156982422,16.341503143310547,72.77468872070312,-80.230712890625,-89.14282989501953,33.63460159301758,-16.017742156982422,16.341503143310547,72.77468872070312,-80.230712890625,-89.14282989501953,33.63460159301758,33.92041748206132
21.794,0,-15.971600532531738,16.244091033935547,72.8689193725586,-80.2114486694336,-89.13296508789062,33.61878967285156,-15.971600532531738,16.244091033935547,72.8689193725586,-80.2114486694336,-89.13296508789062,33.61878967285156,33.92041748206132
21.827,0,-15.879345893859863,16.207460403442383,72.8438949584961,-80.15557861328125,-89.14910888671875,33.63871765136719,-15.879345893859863,16.207460403442383,72.8438949584961,-80.15557861328125,-89.14910888671875,33.63871765136719,33.92041748206132
21.859,0,-16.069683074951172,16.43328857421875,72.63497924804688,-80.24272918701172,-89.19263458251953,33.61497116088867,-16.069683074951172,16.43328857421875,72.63497924804688,-80.24272918701172,-89.19263458251953,33.61497116088867,33.92041748206132
21.893,0,-16.121009826660156,16.24148941040039,72.85984802246094,-80.19556427001953,-89.164794921875,33.633079528808594,-16.121009826660156,16.24148941040039,72.85984802246094,-80.19556427001953,-89.164794921875,33.633079528808594,33.92041748206132
21.927,0,-16.119590759277344,16.09161376953125,72.89796447753906,-80.07856750488281,-89.19510650634766,33.61670684814453,-16.119590759277344,16.09161376953125,72.89796447753906,-80.07856750488281,-89.19510650634766,33.61670684814453,33.92041748206132
21.960,0,-16.279571533203125,16.268035888671875,72.70144653320312,-80.09866333007812,-89.21036529541016,33.57833480834961,-16.279571533203125,16.268035888671875,72.70144653320312,-80.09866333007812,-89.21036529541016,33.57833480834961,33.92041748206132
21.993,0,-16.36652374267578,16.058977127075195,72.9095458984375,-80.02578735351562,-89.18561553955078,33.56922149658203,-16.36652374267578,16.058977127075195,72.9095458984375,-80.02578735351562,-89.18561553955078,33.56922149658203,33.92041748206132
22.027,0,-16.320499420166016,15.899778366088867,73.04933166503906,-79.97508239746094,-89.1732177734375,33.616493225097656,-16.320499420166016,15.899778366088867,73.04933166503906,-79.97508239746094,-89.1732177734375,33.616493225097656,33.92041748206132
22.060,0,-16.276206970214844,15.728897094726562,73.11327362060547,-79.86371612548828,-89.20113372802734,33.61989974975586,-16.276206970214844,15.728897094726562,73.11327362060547,-79.86371612548828,-89.20113372802734,33.61989974975586,33.92041748206132
22.093,0,-16.447742462158203,16.079330444335938,72.84762573242188,-80.00007629394531,-89.22596740722656,33.60173034667969,-16.447742462158203,16.079330444335938,72.84762573242188,-80.00007629394531,-89.22596740722656,33.60173034667969,33.92041748206132
22.126,0,-16.568439483642578,16.061201095581055,72.89482116699219,-80.01780700683594,-89.2574234008789,33.6307487487793,-16.568439483642578,16.061201095581055,72.89482116699219,-80.01780700683594,-89.2574234008789,33.6307487487793,33.92041748206132
22.159,0,-16.49578857421875,15.898933410644531,73.02461242675781,-79.94489288330078,-89.2195053100586,33.67619705200195,-16.49578857421875,15.898933410644531,73.02461242675781,-79.94489288330078,-89.2195053100586,33.67619705200195,33.92041748206132
22.194,0,-16.498092651367188,15.752626419067383,73.06610870361328,-79.828125,-89.25560760498047,33.70669174194336,-16.498092651367188,15.752626419067383,73.06610870361328,-79.828125,-89.25560760498047,33.70669174194336,33.92041748206132
22.227,0,-16.66857147216797,16.125017166137695,72.7943115234375,-79.99398803710938,-89.27124786376953,33.68745422363281,-16.66857147216797,16.125017166137695,72.7943115234375,-79.99398803710938,-89.27124786376953,33.68745422363281,33.92041748206132
22.260,0,-16.78988265991211,16.080472946166992,72.86366271972656,-79.99453735351562,-89.29783630371094,33.72277069091797,-16.78988265991211,16.080472946166992,72.86366271972656,-79.99453735351562,-89.29783630371094,33.72277069091797,33.92041748206132
22.294,0,-16.748279571533203,15.981111526489258,72.97345733642578,-79.96072387695312,-89.26009368896484,33.77932357788086,-16.748279571533203,15.981111526489258,72.97345733642578,-79.96072387695312,-89.26009368896484,33.77932357788086,33.92041748206132
22.327,0,-16.74609375,15.808731079101562,73.03668212890625,-79.82826232910156,-89.28357696533203,33.78532791137695,-16.74609375,15.808731079101562,73.03668212890625,-79.82826232910156,-89.28357696533203,33.78532791137695,33.92041748206132
22.360,0,-16.903751373291016,15.937761306762695,72.86039733886719,-79.80130004882812,-89.3023681640625,33.79062271118164,-16.903751373291016,15.937761306762695,72.86039733886719,-79.80130004882812,-89.3023681640625,33.79062271118164,33.92041748206132
22.395,0,-17.04480743408203,15.9219970703125,72.91423034667969,-79.8175048828125,-89.33167266845703,33.83296585083008,-17.04480743408203,15.9219970703125,72.91423034667969,-79.8175048828125,-89.33167266845703,33.83296585083008,33.92041748206132
22.429,0,-16.98507308959961,15.798627853393555,73.03343963623047,-79.77822875976562,-89.29354095458984,33.872169494628906,-16.98507308959961,15.798627853393555,73.03343963623047,-79.77822875976562,-89.29354095458984,33.872169494628906,33.92041748206132
22.463,0,-16.871414184570312,15.667631149291992,73.06267547607422,-79.66354370117188,-89.29129028320312,33.89031982421875,-16.871414184570312,15.667631149291992,73.06267547607422,-79.66354370117188,-89.29129028320312,33.89031982421875,33.92041748206132
22.493,0,-17.047439575195312,16.06415557861328,72.77790069580078,-79.85610961914062,-89.31812286376953,33.89088821411133,-17.047439575195312,16.06415557861328,72.77790069580078,-79.85610961914062,-89.31812286376953,33.89088821411133,33.92041748206132
22.527,0,-17.029422760009766,16.01840591430664,72.87592315673828,-79.8768310546875,-89.32171630859375,33.9213752746582,-17.029422760009766,16.01840591430664,72.87592315673828,-79.8768310546875,-89.32171630859375,33.9213752746582,33.92041748206132
22.562,0,-16.95925521850586,15.94801139831543,72.97019958496094,-79.86255645751953,-89.28189849853516,33.95872497558594,-16.95925521850586,15.94801139831543,72.97019958496094,-79.86255645751953,-89.28189849853516,33.95872497558594,33.92041748206132
22.595,0,-16.843002319335938,15.814260482788086,73.00624084472656,-79.75037384033203,-89.2770004272461,33.99243927001953,-16.843002319335938,15.814260482788086,73.00624084472656,-79.75037384033203,-89.2770004272461,33.99243927001953,33.92041748206132
22.628,0,-17.026840209960938,16.15125274658203,72.7560806274414,-79.89112854003906,-89.29508972167969,33.980796813964844,-17.026840209960938,16.15125274658203,72.7560806274414,-79.89112854003906,-89.29508972167969,33.980796813964844,33.92041748206132
22.667,0,-17.008747100830078,16.1206111907959,72.8499526977539,-79.93141174316406,-89.3011703491211,34.036827087402344,-17.008747100830078,16.1206111907959,72.8499526977539,-79.93141174316406,-89.3011703491211,34.036827087402344,33.92041748206132
22.705,0,-16.931838989257812,15.972541809082031,72.96329498291016,-79.83731842041016,-89.25675964355469,34.08046340942383,-16.931838989257812,15.972541809082031,72.96329498291016,-79.83731842041016,-89.25675964355469,34.08046340942383,33.92041748206132
22.734,0,-16.81173324584961,15.89381217956543,72.9566421508789,-79.72638702392578,-89.24369812011719,34.08586883544922,-16.81173324584961,15.89381217956543,72.9566421508789,-79.72638702392578,-89.24369812011719,34.08586883544922,33.92041748206132
22.764,0,-17.022903442382812,16.265689849853516,72.69132995605469,-79.8944091796875,-89.2746353149414,34.067115783691406,-17.022903442382812,16.265689849853516,72.69132995605469,-79.8944091796875,-89.2746353149414,34.067115783691406,33.92041748206132
22.800,0,-16.995166778564453,16.312103271484375,72.76700592041016,-79.97581481933594,-89.26409149169922,34.1257209777832,-16.995166778564453,16.312103271484375,72.76700592041016,-79.97581481933594,-89.26409149169922,34.1257209777832,33.92041748206132
22.831,0,-16.933391571044922,16.134075164794922,72.90174865722656,-79.84951782226562,-89.22054290771484,34.1395263671875,-16.933391571044922,16.134075164794922,72.90174865722656,-79.84951782226562,-89.22054290771484,34.1395263671875,33.92041748206132
22.864,0,-16.850101470947266,16.00788688659668,72.93672180175781,-79.75901794433594,-89.224609375,34.16545486450195,-16.850101470947266,16.00788688659668,72.93672180175781,-79.75901794433594,-89.224609375,34.16545486450195,33.92041748206132
22.899,0,-17.017215728759766,16.37842559814453,72.6720962524414,-79.92461395263672,-89.2373275756836,34.14385223388672,-17.017215728759766,16.37842559814453,72.6720962524414,-79.92461395263672,-89.2373275756836,34.14385223388672,33.92041748206132
22.931,0,-16.992149353027344,16.404041290283203,72.73848724365234,-79.97501373291016,-89.21810913085938,34.208763122558594,-16.992149353027344,16.404041290283203,72.73848724365234,-79.97501373291016,-89.21810913085938,34.208763122558594,33.92041748206132
22.964,0,-16.934009552001953,16.22928237915039,72.85782623291016,-79.84674072265625,-89.17378997802734,34.225345611572266,-16.934009552001953,16.22928237915039,72.85782623291016,-79.84674072265625,-89.17378997802734,34.225345611572266,33.92041748206132
22.999,0,-16.829727172851562,16.072519302368164,72.88738250732422,-79.7137451171875,-89.17215728759766,34.272457122802734,-16.829727172851562,16.072519302368164,72.88738250732422,-79.7137451171875,-89.17215728759766,34.272457122802734,33.92041748206132
23.031,0,-17.026363372802734,16.447696685791016,72.61787414550781,-79.86629486083984,-89.1902847290039,34.25490188598633,-17.026363372802734,16.447696685791016,72.61787414550781,-79.86629486083984,-89.1902847290039,34.25490188598633,33.92041748206132
23.067,0,-16.988353729248047,16.357688903808594,72.74959564208984,-79.85919189453125,-89.1734848022461,34.29484176635742,-16.988353729248047,16.357688903808594,72.74959564208984,-79.85919189453125,-89.1734848022461,34.29484176635742,33.92041748206132
23.110,0,-16.901092529296875,16.215469360351562,72.85259246826172,-79.73851013183594,-89.12470245361328,34.33538818359375,-16.901092529296875,16.215469360351562,72.85259246826172,-79.73851013183594,-89.12470245361328,34.33538818359375,33.92041748206132
23.136,0,-17.05496597290039,16.5733642578125,72.5831298828125,-79.87957763671875,-89.12995147705078,34.34223175048828,-17.05496597290039,16.5733642578125,72.5831298828125,-79.87957763671875,-89.12995147705078,34.34223175048828,33.92041748206132
23.174,0,-17.04427719116211,16.660457611083984,72.58616638183594,-79.95448303222656,-89.1270523071289,34.39101791381836,-17.04427719116211,16.660457611083984,72.58616638183594,-79.95448303222656,-89.1270523071289,34.39101791381836,33.92041748206132
23.206,0,-16.978134155273438,16.540164947509766,72.73528289794922,-79.91815185546875,-89.07746887207031,34.442344665527344,-16.978134155273438,16.540164947509766,72.73528289794922,-79.91815185546875,-89.07746887207031,34.442344665527344,33.92041748206132
23.235,0,-16.881866455078125,16.49233627319336,72.72940826416016,-79.86453247070312,-89.09093475341797,34.480735778808594,-16.881866455078125,16.49233627319336,72.72940826416016,-79.86453247070312,-89.09093475341797,34.480735778808594,33.92041748206132
23.268,0,-17.017444610595703,16.716426849365234,72.51058959960938,-79.88751220703125,-89.09278106689453,34.49142074584961,-17.017444610595703,16.716426849365234,72.51058959960938,-79.88751220703125,-89.09278106689453,34.49142074584961,33.92041748206132
23.306,0,-16.977313995361328,16.854930877685547,72.51085662841797,-80.0313720703125,-89.08806610107422,34.52927780151367,-16.977313995361328,16.854930877685547,72.51085662841797,-80.0313720703125,-89.08806610107422,34.52927780151367,33.9856490541422
23.337,0,-16.896865844726562,16.760826110839844,72.62532806396484,-79.97727966308594,-89.04158020019531,34.558773040771484,-16.896865844726562,16.760826110839844,72.62532806396484,-79.97727966308594,-89.04158020019531,34.558773040771484,33.9856490541422
23.377,0,-16.783058166503906,16.684452056884766,72.6350326538086,-79.89205932617188,-89.03397369384766,34.54545974731445,-16.783058166503906,16.684452056884766,72.6350326538086,-79.89205932617188,-89.03397369384766,34.54545974731445,34.18134377038486
23.414,0,-16.906925201416016,16.77944564819336,72.48300170898438,-79.85687255859375,-89.03741455078125,34.50642395019531,-16.906925201416016,16.77944564819336,72.48300170898438,-79.85687255859375,-89.03741455078125,34.50642395019531,34.18134377038486
23.441,0,-16.864219665527344,16.911327362060547,72.47583770751953,-79.968994140625,-89.0231704711914,34.5186653137207,-16.864219665527344,16.911327362060547,72.47583770751953,-79.968994140625,-89.0231704711914,34.5186653137207,34.18134377038486
23.479,0,-16.778507232666016,16.845340728759766,72.57951354980469,-79.9316177368164,-88.95997619628906,34.54926681518555,-16.778507232666016,16.845340728759766,72.57951354980469,-79.9316177368164,-88.95997619628906,34.54926681518555,34.18134377038486
23.509,0,-16.66067886352539,16.82079315185547,72.5817642211914,-79.88482666015625,-88.94984436035156,34.54680252075195,-16.66067886352539,16.82079315185547,72.5817642211914,-79.88482666015625,-88.94984436035156,34.54680252075195,34.18134377038486
23.581,0,-16.782875061035156,17.18352508544922,72.27849578857422,-80.03080749511719,-88.95255279541016,34.5155143737793,-16.782875061035156,17.18352508544922,72.27849578857422,-80.03080749511719,-88.95255279541016,34.5155143737793,34.18134377038486
23.610,0,-16.68674087524414,17.365161895751953,72.25872802734375,-80.17778015136719,-88.92257690429688,34.52202606201172,-16.68674087524414,17.365161895751953,72.25872802734375,-80.17778015136719,-88.92257690429688,34.52202606201172,34.18134377038486
23.639,0,-16.65036392211914,17.390460968017578,72.26927947998047,-80.16999816894531,-88.8879165649414,34.541725158691406,-16.65036392211914,17.390460968017578,72.26927947998047,-80.16999816894531,-88.8879165649414,34.541725158691406,34.18134377038486
23.675,0,-16.49001693725586,17.061267852783203,72.4074935913086,-79.95468139648438,-88.89816284179688,34.509864807128906,-16.49001693725586,17.061267852783203,72.4074935913086,-79.95468139648438,-88.89816284179688,34.509864807128906,34.18134377038486
23.707,0,-16.654659271240234,17.430397033691406,72.11289978027344,-80.10618591308594,-88.91029357910156,34.49904251098633,-16.654659271240234,17.430397033691406,72.11289978027344,-80.10618591308594,-88.91029357910156,34.49904251098633,34.18134377038486
23.742,0,-16.570087432861328,17.556644439697266,72.1054458618164,-80.23255920410156,-88.88710021972656,34.523983001708984,-16.570087432861328,17.556644439697266,72.1054458618164,-80.23255920410156,-88.88710021972656,34.523983001708984,34.18134377038486
23.774,0,-16.441341400146484,17.55679702758789,72.13853454589844,-80.2208251953125,-88.8406982421875,34.5540657043457,-16.441341400146484,17.55679702758789,72.13853454589844,-80.2208251953125,-88.8406982421875,34.5540657043457,34.18134377038486
23.815,0,-16.2791748046875,17.206619262695312,72.28881072998047,-80.01731872558594,-88.85606384277344,34.53999710083008,-16.2791748046875,17.206619262695312,72.28881072998047,-80.01731872558594,-88.85606384277344,34.53999710083008,34.18134377038486
23.849,0,-16.43392562866211,17.610809326171875,71.98934936523438,-80.20170593261719,-88.87269592285156,34.53268814086914,-16.43392562866211,17.610809326171875,71.98934936523438,-80.20170593261719,-88.87269592285156,34.53268814086914,34.18134377038486
23.878,0,-16.326339721679688,17.805381774902344,71.94945526123047,-80.37667846679688,-88.84264373779297,34.537437438964844,-16.326339721679688,17.805381774902344,71.94945526123047,-80.37667846679688,-88.84264373779297,34.537437438964844,34.18134377038486
23.909,0,-16.227519989013672,17.79278564453125,72.01583862304688,-80.37702941894531,-88.8120346069336,34.56245803833008,-16.227519989013672,17.79278564453125,72.01583862304688,-80.37702941894531,-88.8120346069336,34.56245803833008,34.18134377038486
23.943,0,-16.070663452148438,17.455650329589844,72.16446685791016,-80.194580078125,-88.83255004882812,34.546607971191406,-16.070663452148438,17.455650329589844,72.16446685791016,-80.194580078125,-88.83255004882812,34.546607971191406,34.18134377038486
23.976,0,-16.1990966796875,17.926559448242188,71.81633758544922,-80.39973449707031,-88.86486053466797,34.54265213012695,-16.1990966796875,17.926559448242188,71.81633758544922,-80.39973449707031,-88.86486053466797,34.54265213012695,34.18134377038486
24.018,0,-16.092350006103516,18.049423217773438,71.815185546875,-80.52806091308594,-88.83776092529297,34.517494201660156,-16.092350006103516,18.049423217773438,71.815185546875,-80.52806091308594,-88.83776092529297,34.517494201660156,34.18134377038486
24.045,0,-15.990704536437988,18.182113647460938,71.78633117675781,-80.64893341064453,-88.80340576171875,34.53490447998047,-15.990704536437988,18.182113647460938,71.78633117675781,-80.64893341064453,-88.80340576171875,34.53490447998047,34.18134377038486
24.087,0,-15.835055351257324,17.836654663085938,71.9554672241211,-80.47483825683594,-88.81954193115234,34.4896125793457,-15.835055351257324,17.836654663085938,71.9554672241211,-80.47483825683594,-88.81954193115234,34.4896125793457,34.18134377038486
24.115,0,-15.89382266998291,18.076801300048828,71.78695678710938,-80.63584899902344,-88.829833984375,34.43138885498047,-15.89382266998291,18.076801300048828,71.78695678710938,-80.63584899902344,-88.829833984375,34.43138885498047,34.18134377038486
24.155,0,-15.767207145690918,18.17363739013672,71.81494903564453,-80.7683334350586,-88.79972839355469,34.413883209228516,-15.767207145690918,18.17363739013672,71.81494903564453,-80.7683334350586,-88.79972839355469,34.413883209228516,34.18134377038486
24.183,0,-15.649046897888184,18.292682647705078,71.8013916015625,-80.88684844970703,-88.76996612548828,34.440040588378906,-15.649046897888184,18.292682647705078,71.8013916015625,-80.88684844970703,-88.76996612548828,34.440040588378906,34.18134377038486
24.217,0,-15.474160194396973,17.962352752685547,71.94635009765625,-80.71926879882812,-88.78857421875,34.393707275390625,-15.474160194396973,17.962352752685547,71.94635009765625,-80.71926879882812,-88.78857421875,34.393707275390625,34.18134377038486
24.248,0,-15.518912315368652,18.29985809326172,71.7195816040039,-80.95172882080078,-88.80865478515625,34.358699798583984,-15.518912315368652,18.29985809326172,71.7195816040039,-80.95172882080078,-88.80865478515625,34.358699798583984,34.18134377038486
24.281,0,-15.383782386779785,18.461387634277344,71.70865631103516,-81.13343811035156,-88.7878189086914,34.34833526611328,-15.383782386779785,18.461387634277344,71.70865631103516,-81.13343811035156,-88.7878189086914,34.34833526611328,34.18134377038486
24.317,0,-15.27104663848877,18.553730010986328,71.69647216796875,-81.24344635009766,-88.7575454711914,34.36349105834961,-15.27104663848877,18.553730010986328,71.69647216796875,-81.24344635009766,-88.7575454711914,34.36349105834961,34.18134377038486
24.351,0,-15.189118385314941,18.173095703125,71.86873626708984,-81.04237365722656,-88.78128814697266,34.319400787353516,-15.189118385314941,18.173095703125,71.86873626708984,-81.04237365722656,-88.78128814697266,34.319400787353516,34.18134377038486
24.383,0,-15.22861385345459,18.332836151123047,71.71124267578125,-81.12588500976562,-88.80101776123047,34.28114700317383,-15.22861385345459,18.332836151123047,71.71124267578125,-81.12588500976562,-88.80101776123047,34.28114700317383,34.18134377038486
24.416,0,-15.218096733093262,18.285560607910156,71.83454132080078,-81.14964294433594,-88.75450134277344,34.28242111206055,-15.218096733093262,18.285560607910156,71.83454132080078,-81.14964294433594,-88.75450134277344,34.28242111206055,34.18134377038486
24.450,0,-15.094290733337402,18.306686401367188,71.84225463867188,-81.218505859375,-88.71578216552734,34.2606315612793,-15.094290733337402,18.306686401367188,71.84225463867188,-81.218505859375,-88.71578216552734,34.2606315612793,34.18134377038486
24.484,0,-14.975327491760254,18.010711669921875,71.9629135131836,-81.05554962158203,-88.74246978759766,34.221824645996094,-14.975327491760254,18.010711669921875,71.9629135131836,-81.05554962158203,-88.74246978759766,34.221824645996094,34.18134377038486
24.516,0,-14.845414161682129,17.954307556152344,71.98688507080078,-81.0344467163086,-88.71868133544922,34.189537048339844,-14.845414161682129,17.954307556152344,71.98688507080078,-81.0344467163086,-88.71868133544922,34.189537048339844,34.18134377038486
