t_s,episode,target.shoulder_pan.pos,target.shoulder_lift.pos,target.elbow_flex.pos,target.wrist_flex.pos,target.wrist_roll.pos,target.gripper.pos,sent.shoulder_pan.pos,sent.shoulder_lift.pos,sent.elbow_flex.pos,sent.wrist_flex.pos,sent.wrist_roll.pos,sent.gripper.pos,gripper_actual
0.207,0,-3.6660618782043457,-99.1484603881836,92.65410614013672,67.9173812866211,-16.34862518310547,0.23048019409179688,-0.5604395604395602,-99.3076923076923,92.71428571428571,70.42857142857143,-16.34862518310547,0.23048019409179688,1.6307893020221786
0.230,0,-4.392255783081055,-99.81111907958984,93.34891510009766,65.7656478881836,-18.913105010986328,0.2054767608642578,-0.5604395604395602,-99.81111907958984,93.34891510009766,70.42857142857143,-18.913105010986328,0.2054767608642578,1.6307893020221786
0.264,0,-4.432181358337402,-100.13089752197266,93.79695892333984,65.31548309326172,-24.04053497314453,0.25340843200683594,-0.9120879120879124,-100.13089752197266,93.79695892333984,70.16483516483517,-20.252747252747255,0.25340843200683594,1.6307893020221786
0.296,0,-4.286680221557617,-99.8324203491211,93.53044128417969,65.87999725341797,-22.698379516601562,0.22360801696777344,-2.67032967032967,-99.8324203491211,93.53044128417969,68.58241758241758,-21.835164835164836,0.22360801696777344,1.304631441617743
0.334,0,-3.3434624671936035,-99.78308868408203,93.99713897705078,63.64997100830078,-26.05011749267578,0.22922897338867188,-3.3434624671936035,-99.78308868408203,93.99713897705078,66.73626373626374,-23.681318681318682,0.22922897338867188,1.1089367253750815
0.364,0,-3.612185478210449,-99.85135650634766,94.30130767822266,62.56220245361328,-29.184486389160156,0.2588214874267578,-3.612185478210449,-99.85135650634766,94.30130767822266,65.68131868131869,-24.912087912087912,0.2588214874267578,1.1089367253750815
0.397,0,-3.7058935165405273,-99.85806274414062,94.62986755371094,61.03246307373047,-32.5316162109375,0.3147106170654297,-3.7058935165405273,-99.85806274414062,94.62986755371094,64.27472527472527,-26.318681318681318,0.3147106170654297,1.1089367253750815
0.428,0,-3.632452964782715,-99.57443237304688,94.64096069335938,60.031272888183594,-33.570796966552734,0.30825233459472656,-3.632452964782715,-99.57443237304688,94.64096069335938,62.956043956043956,-27.9010989010989,0.30825233459472656,1.1089367253750815
0.464,0,-3.690675735473633,-99.45518493652344,94.82456970214844,58.52001953125,-35.41459274291992,0.2909870147705078,-3.690675735473633,-99.45518493652344,94.82456970214844,61.63736263736264,-29.571428571428573,0.2909870147705078,1.1089367253750815
0.498,0,-3.8110837936401367,-99.43702697753906,94.93867492675781,57.657020568847656,-36.638587951660156,0.2784404754638672,-3.8110837936401367,-99.43702697753906,94.93867492675781,60.230769230769226,-31.065934065934066,0.2784404754638672,1.1089367253750815
0.536,0,-3.837648391723633,-99.44252014160156,95.0882568359375,56.81199645996094,-38.98670959472656,0.3122901916503906,-3.837648391723633,-99.44252014160156,95.0882568359375,58.73626373626374,-32.824175824175825,0.3122901916503906,1.1089367253750815
0.561,0,-3.4171700477600098,-99.3681640625,95.26871490478516,55.46051788330078,-41.20872497558594,0.3679180145263672,-3.4171700477600098,-99.3681640625,95.26871490478516,57.68131868131868,-33.967032967032964,0.3679180145263672,1.1089367253750815
0.602,0,-3.0593690872192383,-99.29863739013672,95.45537567138672,54.140525817871094,-43.31264114379883,0.40392112731933594,-3.0593690872192383,-99.29863739013672,95.45537567138672,56.0989010989011,-35.901098901098905,0.40392112731933594,1.1089367253750815
0.660,0,-3.0542569160461426,-99.25115966796875,95.58984375,53.07820129394531,-44.796939849853516,0.4246025085449219,-3.0542569160461426,-99.25115966796875,95.58984375,53.9010989010989,-38.18681318681319,0.4246025085449219,1.1089367253750815
0.678,0,-2.8640565872192383,-99.11156463623047,95.61151885986328,52.35536193847656,-45.902488708496094,0.47445106506347656,-2.8640565872192383,-99.11156463623047,95.61151885986328,53.37362637362637,-38.89010989010989,0.47445106506347656,1.1089367253750815
0.714,0,-2.3430681228637695,-98.99414825439453,95.750244140625,50.918495178222656,-48.23818588256836,0.5645732879638672,-2.3430681228637695,-98.99414825439453,95.750244140625,52.23076923076923,-40.120879120879124,0.5645732879638672,1.1089367253750815
0.754,0,-2.1036219596862793,-98.98587036132812,95.80725860595703,50.12947082519531,-49.64738845825195,0.666015625,-2.1036219596862793,-98.98587036132812,95.80725860595703,50.472527472527474,-42.142857142857146,0.666015625,1.1089367253750815
0.782,0,-1.8419561386108398,-99.01236724853516,95.88800811767578,49.3731689453125,-51.58814239501953,0.8286876678466797,-1.8419561386108398,-99.01236724853516,95.88800811767578,49.417582417582416,-43.285714285714285,0.8286876678466797,1.1089367253750815
0.818,0,-1.435713768005371,-98.92170715332031,95.88569641113281,48.657470703125,-52.803199768066406,0.9546985626220703,-1.435713768005371,-98.92170715332031,95.88569641113281,48.657470703125,-44.69230769230769,0.9546985626220703,1.1089367253750815
0.847,0,-0.7698817253112793,-98.87723541259766,95.94920349121094,47.529457092285156,-54.80281066894531,1.0873184204101562,-0.7698817253112793,-98.87723541259766,95.94920349121094,47.529457092285156,-46.27472527472528,1.0873184204101562,1.1089367253750815
0.884,0,-0.42559289932250977,-98.92904663085938,95.9920425415039,46.878456115722656,-56.007469177246094,1.2723941802978516,-0.42559289932250977,-98.92904663085938,95.9920425415039,46.878456115722656,-47.94505494505494,1.2723941802978516,1.1089367253750815
0.917,0,0.0035767555236816406,-98.94215393066406,96.0486831665039,46.027008056640625,-57.93097686767578,1.4254493713378906,0.0035767555236816406,-98.94215393066406,96.0486831665039,46.027008056640625,-49.43956043956044,1.4254493713378906,1.1089367253750815
0.948,0,0.512056827545166,-98.93309020996094,96.04430389404297,45.475128173828125,-58.90937042236328,1.5974998474121094,0.512056827545166,-98.93309020996094,96.04430389404297,45.475128173828125,-50.84615384615385,1.5974998474121094,1.1089367253750815
0.985,0,1.3629133701324463,-98.952392578125,96.09700775146484,44.34125518798828,-61.00965118408203,1.8296833038330078,1.3629133701324463,-98.952392578125,96.09700775146484,44.34125518798828,-52.604395604395606,1.8296833038330078,1.1089367253750815
1.017,0,1.9140067100524902,-99.04753112792969,96.13468170166016,43.67108917236328,-62.16777038574219,2.0750198364257812,1.91400671005249,-99.04753112792969,96.13468170166016,43.67108917236328,-54.010989010989015,2.0750198364257812,1.304631441617743
1.054,0,2.3848819732666016,-99.10785675048828,96.17291259765625,42.98096466064453,-63.736289978027344,2.3423690795898438,2.3848819732666016,-99.10785675048828,96.17291259765625,42.98096466064453,-55.59340659340659,2.3423690795898438,1.4350945857795172
1.094,0,3.0023207664489746,-99.12493133544922,96.17315673828125,42.354461669921875,-64.82081604003906,2.625741958618164,3.0023207664489746,-99.12493133544922,96.17315673828125,42.354461669921875,-57.527472527472526,2.625741958618164,1.6307893020221786
1.116,0,3.8026132583618164,-99.16289520263672,96.20365905761719,41.43437194824219,-66.54242706298828,2.8568992614746094,3.8026132583618164,-99.16289520263672,96.20365905761719,41.43437194824219,-58.40659340659341,2.8568992614746094,1.761252446183953
1.160,0,4.301130771636963,-99.24991607666016,96.22766876220703,40.84507751464844,-67.48856353759766,3.1873207092285156,4.301130771636963,-99.24991607666016,96.22766876220703,40.84507751464844,-60.252747252747255,3.1873207092285156,1.8917155903457272
1.191,0,4.792476177215576,-99.30550384521484,96.2383804321289,40.25578308105469,-68.80943298339844,3.5382156372070312,4.792476177215576,-99.30550384521484,96.2383804321289,40.25578308105469,-61.48351648351648,3.5382156372070312,2.217873450750163
1.218,0,5.399807453155518,-99.36357879638672,96.23892974853516,39.7769775390625,-69.59830474853516,3.866121292114258,5.399807453155518,-99.36357879638672,96.23892974853516,39.7769775390625,-62.62637362637363,3.866121292114258,2.4135681669928246
1.262,0,6.186582088470459,-99.44507598876953,96.25800323486328,39.06299591064453,-70.96742248535156,4.213334083557129,6.186582088470459,-99.44507598876953,96.25800323486328,39.06299591064453,-64.91208791208791,4.213334083557129,2.804957599478147
1.285,0,6.687261581420898,-99.55659484863281,96.27960968017578,38.63142395019531,-71.60684967041016,4.609841346740723,6.687261581420898,-99.55659484863281,96.27960968017578,38.63142395019531,-65.7032967032967,4.609841346740723,3.1963470319634704
1.317,0,7.168674945831299,-99.67569732666016,96.30846405029297,38.23613739013672,-72.56537628173828,4.98335075378418,7.168674945831299,-99.67569732666016,96.30846405029297,38.23613739013672,-66.93406593406593,4.98335075378418,3.457273320287019
1.357,0,7.788854598999023,-99.76348876953125,96.32847595214844,37.75970458984375,-73.228759765625,5.459210395812988,7.788854598999023,-99.76348876953125,96.32847595214844,37.75970458984375,-69.04395604395604,5.459210395812988,3.8486627527723414
1.385,0,8.522867202758789,-99.84666442871094,96.3505859375,37.07500457763672,-74.29894256591797,5.933037757873535,8.522867202758789,-99.84666442871094,96.3505859375,37.07500457763672,-70.0989010989011,5.933037757873535,4.240052185257665
1.418,0,8.991085052490234,-99.95245361328125,96.37669372558594,36.67762756347656,-74.72251892089844,6.4251708984375,8.991085052490234,-99.95245361328125,96.37669372558594,36.67762756347656,-71.50549450549451,6.4251708984375,4.5662100456621
1.454,0,9.488729476928711,-100.05712127685547,96.4039306640625,36.26276397705078,-75.5286865234375,7.007846832275391,9.488729476928711,-100.05712127685547,96.4039306640625,36.26276397705078,-73.35164835164835,7.007846832275391,5.0228310502283104
1.483,0,10.03710651397705,-100.13099670410156,96.41815185546875,35.86699676513672,-75.99073028564453,7.557445526123047,10.03710651397705,-100.13099670410156,96.41815185546875,35.86699676513672,-74.49450549450549,7.557445526123047,5.47945205479452
1.521,0,10.709175109863281,-100.19322967529297,96.44048309326172,35.23353576660156,-76.80909729003906,8.134510040283203,10.709175109863281,-100.19322967529297,96.44048309326172,35.23353576660156,-76.25274725274726,8.134510040283203,5.93607305936073
1.551,0,11.131214141845703,-100.25450134277344,96.45729064941406,34.82624816894531,-77.11122131347656,8.757225036621094,11.131214141845703,-100.25450134277344,96.45729064941406,34.82624816894531,-77.11122131347656,8.757225036621094,6.523157208088715
1.591,0,11.596763610839844,-100.31564331054688,96.46967315673828,34.45964050292969,-77.73793029785156,9.448261260986328,11.596763610839844,-100.31564331054688,96.46967315673828,34.45964050292969,-77.73793029785156,9.448261260986328,7.045009784735812
1.616,0,12.092409133911133,-100.33975982666016,96.49641418457031,34.004119873046875,-78.12171936035156,10.157966613769531,12.092409133911133,-100.33975982666016,96.49641418457031,34.004119873046875,-78.12171936035156,10.157966613769531,7.632093933463796
1.651,0,12.669906616210938,-100.304931640625,96.5141372680664,33.36225128173828,-78.76846313476562,10.8097562789917,12.669906616210938,-100.304931640625,96.5141372680664,33.36225128173828,-78.76846313476562,10.8097562789917,8.153946510110893
1.694,0,13.024796485900879,-100.22667694091797,96.52430725097656,32.88005065917969,-78.99874877929688,11.593059539794922,13.024796485900879,-100.22667694091797,96.52430725097656,32.88005065917969,-78.99874877929688,11.593059539794922,8.871493803000652
1.728,0,13.438177108764648,-100.17728424072266,96.53387451171875,32.45109558105469,-79.52124786376953,12.348468780517578,13.438177108764648,-100.17728424072266,96.53387451171875,32.45109558105469,-79.52124786376953,12.348468780517578,9.523809523809524
1.749,0,13.859380722045898,-100.07072448730469,96.5513916015625,31.937522888183594,-79.80667877197266,13.12893009185791,13.859380722045898,-100.07072448730469,96.5513916015625,31.937522888183594,-79.80667877197266,13.12893009185791,10.045662100456621
1.787,0,14.34809684753418,-99.96967315673828,96.56779479980469,31.30755615234375,-80.34285736083984,13.82086181640625,14.34809684753418,-99.96967315673828,96.56779479980469,31.30755615234375,-80.34285736083984,13.82086181640625,10.76320939334638
1.829,0,14.63529109954834,-99.83434295654297,96.578369140625,30.841957092285156,-80.50141906738281,14.580028533935547,14.63529109954834,-99.83434295654297,96.578369140625,30.841957092285156,-80.50141906738281,14.580028533935547,11.676451402478799
1.850,0,14.96190357208252,-99.64181518554688,96.5873794555664,30.332717895507812,-80.91266632080078,15.40725326538086,14.96190357208252,-99.64181518554688,96.5873794555664,30.332717895507812,-80.91266632080078,15.40725326538086,12.393998695368557
1.892,0,15.324504852294922,-99.4433364868164,96.60517883300781,29.784156799316406,-81.1370620727539,16.19867706298828,15.324504852294922,-99.4433364868164,96.60517883300781,29.784156799316406,-81.1370620727539,16.19867706298828,12.981082844096543
1.918,0,15.741561889648438,-99.14644622802734,96.62333679199219,29.074501037597656,-81.55648803710938,16.915546417236328,15.741561889648438,-99.14644622802734,96.62333679199219,29.074501037597656,-81.55648803710938,16.915546417236328,13.894324853228962
1.958,0,16.009130477905273,-98.78480529785156,96.63299560546875,28.408737182617188,-81.66983032226562,17.820722579956055,16.009130477905273,-98.78480529785156,96.63299560546875,28.408737182617188,-81.66983032226562,17.820722579956055,14.61187214611872
1.984,0,16.282337188720703,-98.50395202636719,96.64673614501953,27.886573791503906,-81.98828887939453,18.62107276916504,16.282337188720703,-98.50395202636719,96.64673614501953,27.886573791503906,-81.98828887939453,18.62107276916504,15.459882583170254
2.025,0,16.568023681640625,-98.18014526367188,96.66508483886719,27.28347396850586,-82.17375946044922,19.395416259765625,16.568023681640625,-98.18014526367188,96.66508483886719,27.28347396850586,-82.17375946044922,19.395416259765625,16.112198303979124
2.050,0,16.926849365234375,-97.805419921875,96.67918395996094,26.545364379882812,-82.52622985839844,20.058767318725586,16.926849365234375,-97.805419921875,96.67918395996094,26.545364379882812,-82.52622985839844,20.058767318725586,17.09067188519243
2.089,0,17.139493942260742,-97.34855651855469,96.6930923461914,25.84606170654297,-82.63417053222656,20.874067306518555,17.139493942260742,-97.34855651855469,96.6930923461914,25.84606170654297,-82.63417053222656,20.874067306518555,17.742987606001304
2.120,0,17.35913848876953,-96.8774642944336,96.70346069335938,25.192035675048828,-82.91790771484375,21.619991302490234,17.35913848876953,-96.8774642944336,96.70346069335938,25.192035675048828,-82.91790771484375,21.619991302490234,18.656229615133725
2.158,0,17.573383331298828,-96.37458038330078,96.71954345703125,24.453903198242188,-83.06105041503906,22.415185928344727,17.573383331298828,-96.37458038330078,96.71954345703125,24.453903198242188,-83.06105041503906,22.415185928344727,19.308545335942597
2.184,0,17.883026123046875,-95.80824279785156,96.73253631591797,23.583480834960938,-83.38551330566406,23.076576232910156,17.883026123046875,-95.80824279785156,96.73253631591797,23.583480834960938,-83.38551330566406,23.076576232910156,20.15655577299413
2.225,0,18.02826690673828,-95.20740509033203,96.74480438232422,22.801883697509766,-83.47854614257812,23.812223434448242,18.02826690673828,-95.20740509033203,96.74480438232422,22.801883697509766,-83.47854614257812,23.812223434448242,20.808871493803
2.251,0,18.17718505859375,-94.64225006103516,96.75346374511719,22.08597183227539,-83.72669982910156,24.51220703125,18.17718505859375,-94.64225006103516,96.75346374511719,22.08597183227539,-83.72669982910156,24.51220703125,21.722113502935418
2.291,0,18.336397171020508,-94.03217315673828,96.7654800415039,21.303035736083984,-83.8519058227539,25.193645477294922,18.336397171020508,-94.03217315673828,96.7654800415039,21.303035736083984,-83.8519058227539,25.193645477294922,22.309197651663403
2.323,0,18.54867935180664,-93.29176330566406,96.77579498291016,20.34157943725586,-84.12560272216797,25.821420669555664,18.54867935180664,-93.29176330566406,96.77579498291016,20.34157943725586,-84.12560272216797,25.821420669555664,23.15720808871494
2.356,0,18.667997360229492,-92.51351928710938,96.7809066772461,19.401100158691406,-84.22662353515625,26.536312103271484,18.667997360229492,-92.51351928710938,96.7809066772461,19.401100158691406,-84.22662353515625,26.536312103271484,23.74429223744292
2.385,0,18.752994537353516,-91.81072235107422,96.78254699707031,18.59878158569336,-84.4341812133789,27.146947860717773,18.752994537353516,-91.81072235107422,96.78254699707031,18.59878158569336,-84.4341812133789,27.146947860717773,24.527071102413565
2.427,0,18.852468490600586,-91.00796508789062,96.78689575195312,17.671173095703125,-84.52507781982422,27.783973693847656,18.852468490600586,-91.00796508789062,96.78689575195312,17.671173095703125,-84.52507781982422,27.783973693847656,25.11415525114155
2.453,0,19.012935638427734,-90.13521575927734,96.79593658447266,16.590728759765625,-84.79560852050781,28.357479095458984,19.012935638427734,-90.13521575927734,96.79593658447266,16.590728759765625,-84.79560852050781,28.357479095458984,25.896934116112195
2.494,0,19.094615936279297,-89.27661895751953,96.79873657226562,15.57595443725586,-84.92738342285156,28.97766876220703,19.094615936279297,-89.27661895751953,96.79873657226562,15.57595443725586,-84.92738342285156,28.97766876220703,26.48401826484018
2.519,0,19.167606353759766,-88.40705871582031,96.7947769165039,14.594242095947266,-85.191162109375,29.601566314697266,19.167606353759766,-88.40705871582031,96.7947769165039,14.594242095947266,-85.191162109375,29.601566314697266,27.136333985649053
2.562,0,19.283775329589844,-87.5326919555664,96.79151916503906,13.588043212890625,-85.31031036376953,30.188457489013672,19.283775329589844,-87.5326919555664,96.79151916503906,13.588043212890625,-85.31031036376953,30.188457489013672,27.65818656229615
2.586,0,19.439760208129883,-86.56224822998047,96.79047393798828,12.416919708251953,-85.60099029541016,30.74597930908203,19.439760208129883,-86.56224822998047,96.79047393798828,12.416919708251953,-85.60099029541016,30.74597930908203,28.440965427266796
2.629,0,19.541547775268555,-85.61213684082031,96.78626251220703,11.308712005615234,-85.77156829833984,31.321971893310547,19.541547775268555,-85.61213684082031,96.78626251220703,11.308712005615234,-85.77156829833984,31.321971893310547,28.897586431833005
2.652,0,19.60043716430664,-84.65055084228516,96.78030395507812,10.22867202758789,-85.99433135986328,31.88254165649414,19.60043716430664,-84.65055084228516,96.78030395507812,10.22867202758789,-85.99433135986328,31.88254165649414,29.615133724722764
2.696,0,19.715736389160156,-83.74134063720703,96.78291320800781,9.16373062133789,-86.1824951171875,32.429439544677734,19.715736389160156,-83.74134063720703,96.78291320800781,9.16373062133789,-86.1824951171875,32.429439544677734,30.071754729288973
2.721,0,19.846424102783203,-82.70635223388672,96.77555084228516,7.946998596191406,-86.42958068847656,32.92141342163086,19.846424102783203,-82.70635223388672,96.77555084228516,7.946998596191406,-86.42958068847656,32.92141342163086,30.724070450097845
2.755,0,19.953609466552734,-81.73768615722656,96.76493835449219,6.852313995361328,-86.5772476196289,33.443702697753906,19.953609466552734,-81.73768615722656,96.76493835449219,6.852313995361328,-86.5772476196289,33.443702697753906,31.245923026744943
2.795,0,20.02041244506836,-80.74691772460938,96.74644470214844,5.782756805419922,-86.74794006347656,33.921119689941406,20.02041244506836,-80.74691772460938,96.74644470214844,5.782756805419922,-86.74794006347656,33.921119689941406,31.898238747553815
2.822,0,20.098461151123047,-79.80909729003906,96.73516082763672,4.757358551025391,-86.89088439941406,34.36716842651367,20.098461151123047,-79.80909729003906,96.73516082763672,4.757358551025391,-86.89088439941406,34.36716842651367,32.35485975212002
2.859,0,20.169254302978516,-78.81180572509766,96.72600555419922,3.6315345764160156,-87.07295989990234,34.75128936767578,20.169254302978516,-78.81180572509766,96.72600555419922,3.6315345764160156,-87.07295989990234,34.75128936767578,32.87671232876712
2.891,0,20.234472274780273,-77.87582397460938,96.70284271240234,2.6028900146484375,-87.2388916015625,35.08304977416992,20.234472274780273,-77.87582397460938,96.70284271240234,2.6028900146484375,-87.2388916015625,35.08304977416992,33.39856490541422
2.926,0,20.276519775390625,-77.02021789550781,96.67252349853516,1.7147636413574219,-87.34437561035156,35.41376495361328,20.276519775390625,-77.02021789550781,96.67252349853516,1.7147636413574219,-87.34437561035156,35.41376495361328,33.85518590998043
2.957,0,20.295726776123047,-76.0206298828125,96.63107299804688,0.7158966064453125,-87.45348358154297,35.71581268310547,20.295726776123047,-76.0206298828125,96.63107299804688,0.7158966064453125,-87.45348358154297,35.71581268310547,34.24657534246575
2.988,0,20.345001220703125,-75.0285415649414,96.57999420166016,-0.27063751220703125,-87.56752014160156,36.00897216796875,20.345001220703125,-75.0285415649414,96.57999420166016,-0.27063751220703125,-87.56752014160156,36.00897216796875,34.63796477495107
3.030,0,20.403541564941406,-74.01332092285156,96.49244689941406,-1.2878379821777344,-87.6922607421875,36.23984909057617,20.403541564941406,-74.01332092285156,96.49244689941406,-1.2878379821777344,-87.6922607421875,36.23984909057617,34.96412263535551
3.055,0,20.420955657958984,-73.07811737060547,96.41687774658203,-2.2119102478027344,-87.77849578857422,36.5104866027832,20.420955657958984,-73.07811737060547,96.41687774658203,-2.2119102478027344,-87.77849578857422,36.5104866027832,35.355512067840834
3.098,0,20.439796447753906,-72.18124389648438,96.36447143554688,-3.0530014038085938,-87.85455322265625,36.69492721557617,20.439796447753906,-72.18124389648438,96.36447143554688,-3.0530014038085938,-87.85455322265625,36.69492721557617,35.61643835616438
3.121,0,20.47653579711914,-70.98455810546875,96.19425964355469,-4.139934539794922,-87.9574966430664,36.974464416503906,20.47653579711914,-70.98455810546875,96.19425964355469,-4.139934539794922,-87.9574966430664,36.974464416503906,35.942596216568816
3.166,0,20.517669677734375,-70.06005859375,96.09632110595703,-5.03581428527832,-88.05842590332031,37.148406982421875,20.517669677734375,-70.06005859375,96.09632110595703,-5.03581428527832,-88.05842590332031,37.148406982421875,36.07305936073059
3.190,0,20.540447235107422,-69.04759216308594,95.9604263305664,-5.993459701538086,-88.13372802734375,37.391929626464844,20.540447235107422,-69.04759216308594,95.9604263305664,-5.993459701538086,-88.13372802734375,37.391929626464844,36.399217221135025
3.231,0,20.55178451538086,-67.88937377929688,95.75523376464844,-6.961084365844727,-88.21267700195312,37.59648895263672,20.55178451538086,-67.88937377929688,95.75523376464844,-6.961084365844727,-88.21267700195312,37.59648895263672,36.59491193737769
3.257,0,20.58362579345703,-66.80581665039062,95.55879211425781,-7.885353088378906,-88.28884887695312,37.801979064941406,20.58362579345703,-66.80581665039062,95.55879211425781,-7.885353088378906,-88.28884887695312,37.801979064941406,36.855838225701234
3.297,0,20.626678466796875,-65.79484558105469,95.37986755371094,-8.814386367797852,-88.38458251953125,37.97077178955078,20.626678466796875,-65.79484558105469,95.37986755371094,-8.814386367797852,-88.38458251953125,37.97077178955078,37.11676451402479
3.325,0,20.65475845336914,-64.82696533203125,95.17861938476562,-9.647863388061523,-88.42560577392578,38.134552001953125,20.65475845336914,-64.82696533203125,95.17861938476562,-9.647863388061523,-88.42560577392578,38.134552001953125,37.37769080234833
3.360,0,20.660804748535156,-63.73320388793945,94.92350769042969,-10.506120681762695,-88.4812240600586,38.30987548828125,20.660804748535156,-63.73320388793945,94.92350769042969,-10.506120681762695,-88.4812240600586,38.30987548828125,37.508153946510106
3.395,0,20.687938690185547,-62.579551696777344,94.63972473144531,-11.424789428710938,-88.5389633178711,38.518882751464844,20.687938690185547,-62.579551696777344,94.63972473144531,-11.424789428710938,-88.5389633178711,38.518882751464844,37.70384866275277
3.426,0,20.740367889404297,-61.56975173950195,94.38671112060547,-12.287910461425781,-88.61530303955078,38.654930114746094,20.740367889404297,-61.56975173950195,94.38671112060547,-12.287910461425781,-88.61530303955078,38.654930114746094,37.89954337899543
3.460,0,20.778240203857422,-60.5153923034668,94.08731842041016,-13.119335174560547,-88.6562271118164,38.82189178466797,20.778240203857422,-60.5153923034668,94.08731842041016,-13.119335174560547,-88.6562271118164,38.82189178466797,38.095238095238095
3.496,0,20.80746078491211,-59.457618713378906,93.763916015625,-13.878267288208008,-88.68727111816406,38.994972229003906,20.80746078491211,-59.457618713378906,93.763916015625,-13.878267288208008,-88.68727111816406,38.994972229003906,38.22570123939987
3.527,0,20.856552124023438,-58.395973205566406,93.45294189453125,-14.68405532836914,-88.72596740722656,39.148406982421875,20.856552124023438,-58.395973205566406,93.45294189453125,-14.68405532836914,-88.72596740722656,39.148406982421875,38.42139595564253
3.563,0,20.859600067138672,-58.04495620727539,93.4069595336914,-15.03651237487793,-88.80252075195312,39.14698028564453,20.859600067138672,-58.04495620727539,93.4069595336914,-15.03651237487793,-88.80252075195312,39.14698028564453,38.551859099804304
3.593,0,20.866809844970703,-57.92744445800781,93.37438201904297,-15.122982025146484,-88.83979034423828,39.124610900878906,20.866809844970703,-57.92744445800781,93.37438201904297,-15.122982025146484,-88.83979034423828,39.124610900878906,38.74755381604697
3.631,0,20.876934051513672,-57.21189498901367,93.08988952636719,-15.611217498779297,-88.87098693847656,39.236419677734375,20.876934051513672,-57.21189498901367,93.08988952636719,-15.611217498779297,-88.87098693847656,39.236419677734375,38.87801696020874
3.660,0,20.876541137695312,-56.7044792175293,92.96847534179688,-16.029003143310547,-88.92324829101562,39.27295684814453,20.876541137695312,-56.7044792175293,92.96847534179688,-16.029003143310547,-88.92324829101562,39.27295684814453,38.87801696020874
3.698,0,20.943531036376953,-55.534549713134766,92.65611267089844,-17.029985427856445,-88.9732437133789,39.43389892578125,20.943531036376953,-55.534549713134766,92.65611267089844,-17.029985427856445,-88.9732437133789,39.43389892578125,38.87801696020874
3.726,0,20.980819702148438,-54.83775329589844,92.34783935546875,-17.53429412841797,-88.99514770507812,39.530635833740234,20.980819702148438,-54.83775329589844,92.34783935546875,-17.53429412841797,-88.99514770507812,39.530635833740234,38.87801696020874
3.761,0,21.02914047241211,-54.15035629272461,92.01134490966797,-17.96468162536621,-89.01787567138672,39.61109161376953,21.02914047241211,-54.15035629272461,92.01134490966797,-17.96468162536621,-89.01787567138672,39.61109161376953,39.00848010437051
3.799,0,21.059635162353516,-53.767822265625,91.90364074707031,-18.284427642822266,-89.06243133544922,39.63013458251953,21.059635162353516,-53.767822265625,91.90364074707031,-18.284427642822266,-89.06243133544922,39.63013458251953,39.204174820613176
3.828,0,21.1328125,-53.477210998535156,91.79239654541016,-18.545148849487305,-89.1285629272461,39.63379669189453,21.1328125,-53.477210998535156,91.79239654541016,-18.545148849487305,-89.1285629272461,39.63379669189453,39.26940639269406
3.864,0,21.17687225341797,-53.28793716430664,91.67146301269531,-18.652942657470703,-89.14862060546875,39.59809875488281,21.17687225341797,-53.28793716430664,91.67146301269531,-18.652942657470703,-89.14862060546875,39.59809875488281,39.26940639269406
3.906,0,21.256153106689453,-52.635345458984375,91.34480285644531,-19.059009552001953,-89.16016387939453,39.691261291503906,21.256153106689453,-52.635345458984375,91.34480285644531,-19.059009552001953,-89.16016387939453,39.691261291503906,39.33463796477495
3.924,0,21.34659194946289,-51.527915954589844,91.01638793945312,-19.96767234802246,-89.18448638916016,39.84833526611328,21.34659194946289,-51.527915954589844,91.01638793945312,-19.96767234802246,-89.18448638916016,39.84833526611328,39.33463796477495
3.967,0,21.46143341064453,-50.46672821044922,90.70333099365234,-20.865116119384766,-89.2070083618164,39.992889404296875,21.46143341064453,-50.46672821044922,90.70333099365234,-20.865116119384766,-89.2070083618164,39.992889404296875,39.33463796477495
3.997,0,21.52416229248047,-50.283241271972656,90.57008361816406,-20.970243453979492,-89.22140502929688,39.933006286621094,21.52416229248047,-50.283241271972656,90.57008361816406,-20.970243453979492,-89.22140502929688,39.933006286621094,39.33463796477495
4.029,0,21.587196350097656,-49.82979202270508,90.3720474243164,-21.249958038330078,-89.23867797851562,39.97052764892578,21.587196350097656,-49.82979202270508,90.3720474243164,-21.249958038330078,-89.23867797851562,39.97052764892578,39.53033268101761
4.064,0,21.68675994873047,-48.8421745300293,90.0597152709961,-22.063678741455078,-89.24954223632812,40.065975189208984,21.68675994873047,-48.8421745300293,90.0597152709961,-22.063678741455078,-89.24954223632812,40.065975189208984,39.660795825179385
4.098,0,21.785350799560547,-48.5870475769043,89.9404067993164,-22.27562141418457,-89.29121398925781,40.03746032714844,21.785350799560547,-48.5870475769043,89.9404067993164,-22.27562141418457,-89.29121398925781,40.03746032714844,39.660795825179385
4.130,0,21.888019561767578,-48.094032287597656,89.65007019042969,-22.584535598754883,-89.2833023071289,40.059043884277344,21.888019561767578,-48.094032287597656,89.65007019042969,-22.584535598754883,-89.2833023071289,40.059043884277344,39.660795825179385
4.165,0,21.961376190185547,-47.64215087890625,89.445068359375,-22.857112884521484,-89.29618835449219,40.0728645324707,21.961376190185547,-47.64215087890625,89.445068359375,-22.857112884521484,-89.29618835449219,40.0728645324707,39.660795825179385
4.197,0,22.06816864013672,-46.768287658691406,89.16087341308594,-23.601566314697266,-89.30891418457031,40.151519775390625,22.06816864013672,-46.768287658691406,89.16087341308594,-23.601566314697266,-89.30891418457031,40.151519775390625,39.660795825179385
4.231,0,22.176822662353516,-46.55158233642578,89.04151153564453,-23.770977020263672,-89.34198760986328,40.096771240234375,22.176822662353516,-46.55158233642578,89.04151153564453,-23.770977020263672,-89.34198760986328,40.096771240234375,39.660795825179385
4.261,0,22.30583953857422,-46.16953659057617,88.77356719970703,-23.974946975708008,-89.32875061035156,40.08125686645508,22.30583953857422,-46.16953659057617,88.77356719970703,-23.974946975708008,-89.32875061035156,40.08125686645508,39.726027397260275
4.302,0,22.383586883544922,-45.843780517578125,88.6178207397461,-24.176658630371094,-89.34088897705078,40.05730056762695,22.383586883544922,-45.843780517578125,88.6178207397461,-24.176658630371094,-89.34088897705078,40.05730056762695,39.726027397260275
4.330,0,22.492557525634766,-45.130615234375,88.39354705810547,-24.817378997802734,-89.35086059570312,40.09807205200195,22.492557525634766,-45.130615234375,88.39354705810547,-24.817378997802734,-89.35086059570312,40.09807205200195,39.79125896934116
4.367,0,22.61142349243164,-44.91109085083008,88.26026916503906,-24.992916107177734,-89.3856430053711,40.0302848815918,22.61142349243164,-44.91109085083008,88.26026916503906,-24.992916107177734,-89.3856430053711,40.0302848815918,39.79125896934116
4.400,0,22.750843048095703,-44.57646942138672,88.03377532958984,-25.182552337646484,-89.36913299560547,39.97907257080078,22.750843048095703,-44.57646942138672,88.03377532958984,-25.182552337646484,-89.36913299560547,39.97907257080078,39.79125896934116
4.432,0,22.832015991210938,-44.297447204589844,87.90522003173828,-25.38520050048828,-89.38807678222656,39.9517822265625,22.832015991210938,-44.297447204589844,87.90522003173828,-25.38520050048828,-89.38807678222656,39.9517822265625,39.79125896934116
4.477,0,22.940460205078125,-43.58561325073242,87.67036437988281,-26.037004470825195,-89.40271759033203,39.98657989501953,22.940460205078125,-43.58561325073242,87.67036437988281,-26.037004470825195,-89.40271759033203,39.98657989501953,39.79125896934116
4.495,0,23.054821014404297,-43.47347640991211,87.56016540527344,-26.073139190673828,-89.37997436523438,39.9145393371582,23.054821014404297,-43.47347640991211,87.56016540527344,-26.073139190673828,-89.37997436523438,39.9145393371582,39.79125896934116
4.536,0,23.206626892089844,-43.120262145996094,87.33204650878906,-26.29361343383789,-89.35513305664062,39.86616134643555,23.206626892089844,-43.120262145996094,87.33204650878906,-26.29361343383789,-89.35513305664062,39.86616134643555,39.79125896934116
4.567,0,23.31806182861328,-42.96974182128906,87.27496337890625,-26.45404052734375,-89.37545776367188,39.823997497558594,23.31806182861328,-42.96974182128906,87.27496337890625,-26.45404052734375,-89.37545776367188,39.823997497558594,39.79125896934116
4.600,0,23.44189453125,-42.32164001464844,87.11024475097656,-27.15500259399414,-89.41645812988281,39.845088958740234,23.44189453125,-42.32164001464844,87.11024475097656,-27.15500259399414,-89.41645812988281,39.845088958740234,39.79125896934116
4.632,0,23.565410614013672,-42.15739440917969,87.01136016845703,-27.289260864257812,-89.43265533447266,39.72367858886719,23.565410614013672,-42.15739440917969,87.01136016845703,-27.289260864257812,-89.43265533447266,39.72367858886719,39.79125896934116
4.667,0,23.71237564086914,-41.82362747192383,86.84521484375,-27.522262573242188,-89.4097671508789,39.65030288696289,23.71237564086914,-41.82362747192383,86.84521484375,-27.522262573242188,-89.4097671508789,39.65030288696289,39.79125896934116
4.703,0,23.863914489746094,-41.7044677734375,86.81202697753906,-27.690139770507812,-89.43114471435547,39.61943054199219,23.863914489746094,-41.7044677734375,86.81202697753906,-27.690139770507812,-89.43114471435547,39.61943054199219,39.79125896934116
4.735,0,24.009639739990234,-41.104766845703125,86.66082763671875,-28.285964965820312,-89.41860961914062,39.652076721191406,24.009639739990234,-41.104766845703125,86.66082763671875,-28.285964965820312,-89.41860961914062,39.652076721191406,39.79125896934116
4.765,0,24.145584106445312,-41.07231140136719,86.60795593261719,-28.288593292236328,-89.3918685913086,39.547149658203125,24.145584106445312,-41.07231140136719,86.60795593261719,-28.288593292236328,-89.3918685913086,39.547149658203125,39.79125896934116
4.805,0,24.292991638183594,-40.730377197265625,86.47823333740234,-28.572845458984375,-89.3673095703125,39.50649642944336,24.292991638183594,-40.730377197265625,86.47823333740234,-28.572845458984375,-89.3673095703125,39.50649642944336,39.79125896934116
4.832,0,24.440120697021484,-40.592803955078125,86.45438385009766,-28.721782684326172,-89.37749481201172,39.47069549560547,24.440120697021484,-40.592803955078125,86.45438385009766,-28.721782684326172,-89.37749481201172,39.47069549560547,39.79125896934116
4.870,0,24.588497161865234,-40.16208267211914,86.39446258544922,-29.231464385986328,-89.3918685913086,39.455570220947266,24.588497161865234,-40.16208267211914,86.39446258544922,-29.231464385986328,-89.3918685913086,39.455570220947266,39.79125896934116
4.898,0,24.7330322265625,-40.122982025146484,86.36105346679688,-29.259117126464844,-89.36144256591797,39.34517288208008,24.7330322265625,-40.122982025146484,86.36105346679688,-29.259117126464844,-89.36144256591797,39.34517288208008,39.79125896934116
4.938,0,24.880889892578125,-39.800514221191406,86.26046752929688,-29.575807571411133,-89.32064819335938,39.31689453125,24.880889892578125,-39.800514221191406,86.26046752929688,-29.575807571411133,-89.32064819335938,39.31689453125,39.79125896934116
4.965,0,25.041290283203125,-39.58509063720703,86.22146606445312,-29.81812858581543,-89.32908630371094,39.28385925292969,25.041290283203125,-39.58509063720703,86.22146606445312,-29.81812858581543,-89.32908630371094,39.28385925292969,39.79125896934116
5.005,0,25.186527252197266,-39.186370849609375,86.17281341552734,-30.295978546142578,-89.33946228027344,39.268035888671875,25.186527252197266,-39.186370849609375,86.17281341552734,-30.295978546142578,-89.33946228027344,39.268035888671875,39.79125896934116
5.032,0,25.3349609375,-39.11417770385742,86.14444732666016,-30.354751586914062,-89.29973602294922,39.15300750732422,25.3349609375,-39.11417770385742,86.14444732666016,-30.354751586914062,-89.29973602294922,39.15300750732422,39.726027397260275
5.071,0,25.476646423339844,-38.724395751953125,86.05147552490234,-30.719125747680664,-89.26753997802734,39.117706298828125,25.476646423339844,-38.724395751953125,86.05147552490234,-30.719125747680664,-89.26753997802734,39.117706298828125,39.53033268101761
5.099,0,25.632217407226562,-38.48816680908203,86.02450561523438,-31.018342971801758,-89.27144622802734,39.0761604309082,25.632217407226562,-38.48816680908203,86.02450561523438,-31.018342971801758,-89.27144622802734,39.0761604309082,39.53033268101761
5.138,0,25.778675079345703,-38.15410614013672,85.98800659179688,-31.422578811645508,-89.28177642822266,39.04523468017578,25.778675079345703,-38.15410614013672,85.98800659179688,-31.422578811645508,-89.28177642822266,39.04523468017578,39.53033268101761
5.165,0,25.925628662109375,-38.04420852661133,85.9634017944336,-31.532196044921875,-89.23748779296875,38.942955017089844,25.925628662109375,-38.04420852661133,85.9634017944336,-31.532196044921875,-89.23748779296875,38.942955017089844,39.53033268101761
5.207,0,26.071056365966797,-37.64264678955078,85.86251831054688,-31.907777786254883,-89.20710754394531,38.881988525390625,26.071056365966797,-37.64264678955078,85.86251831054688,-31.907777786254883,-89.20710754394531,38.881988525390625,39.39986953685584
5.234,0,26.220317840576172,-37.42510223388672,85.84423828125,-32.189903259277344,-89.21249389648438,38.84227752685547,26.220317840576172,-37.42510223388672,85.84423828125,-32.189903259277344,-89.21249389648438,38.84227752685547,39.204174820613176
5.267,0,26.361129760742188,-37.00457763671875,85.77857208251953,-32.6619987487793,-89.21660614013672,38.81786346435547,26.361129760742188,-37.00457763671875,85.77857208251953,-32.6619987487793,-89.21660614013672,38.81786346435547,39.204174820613176
5.307,0,26.500255584716797,-36.96411895751953,85.78583526611328,-32.73291015625,-89.18077087402344,38.707725524902344,26.500255584716797,-36.96411895751953,85.78583526611328,-32.73291015625,-89.18077087402344,38.707725524902344,39.138943248532286
5.333,0,26.638916015625,-36.51701354980469,85.68083953857422,-33.165279388427734,-89.1435546875,38.647064208984375,26.638916015625,-36.51701354980469,85.68083953857422,-33.165279388427734,-89.1435546875,38.647064208984375,39.138943248532286
5.373,0,26.778480529785156,-36.32249450683594,85.67755889892578,-33.444801330566406,-89.14696502685547,38.576942443847656,26.778480529785156,-36.32249450683594,85.67755889892578,-33.444801330566406,-89.14696502685547,38.576942443847656,39.138943248532286
5.400,0,26.90981674194336,-35.84208679199219,85.60228729248047,-33.985408782958984,-89.14656066894531,38.56761169433594,26.90981674194336,-35.84208679199219,85.60228729248047,-33.985408782958984,-89.14656066894531,38.56761169433594,39.00848010437051
5.440,0,27.04378890991211,-35.80286407470703,85.6163101196289,-34.072784423828125,-89.10549926757812,38.449371337890625,27.04378890991211,-35.80286407470703,85.6163101196289,-34.072784423828125,-89.10549926757812,38.449371337890625,38.87801696020874
5.468,0,27.184215545654297,-35.445743560791016,85.54122924804688,-34.43244552612305,-89.06568145751953,38.36475372314453,27.184215545654297,-35.445743560791016,85.54122924804688,-34.43244552612305,-89.06568145751953,38.36475372314453,38.81278538812785
5.505,0,27.32550048828125,-35.3874626159668,85.60121154785156,-34.65507125854492,-89.06753540039062,38.26477813720703,27.32550048828125,-35.3874626159668,85.60121154785156,-34.65507125854492,-89.06753540039062,38.26477813720703,38.81278538812785
5.538,0,27.450923919677734,-34.956817626953125,85.54644775390625,-35.16971969604492,-89.07292938232422,38.242088317871094,27.450923919677734,-34.956817626953125,85.54644775390625,-35.16971969604492,-89.07292938232422,38.242088317871094,38.81278538812785
5.573,0,27.583709716796875,-34.95532989501953,85.59111022949219,-35.2538948059082,-89.03904724121094,38.09605407714844,27.583709716796875,-34.95532989501953,85.59111022949219,-35.2538948059082,-89.03904724121094,38.09605407714844,38.74755381604697
5.603,0,27.73346710205078,-34.71059799194336,85.55986785888672,-35.540401458740234,-89.00016784667969,37.970863342285156,27.73346710205078,-34.71059799194336,85.55986785888672,-35.540401458740234,-89.00016784667969,37.970863342285156,38.551859099804304
5.641,0,27.86200714111328,-34.71729278564453,85.64278411865234,-35.7069206237793,-89.00129699707031,37.833709716796875,27.86200714111328,-34.71729278564453,85.64278411865234,-35.7069206237793,-89.00129699707031,37.833709716796875,38.42139595564253
5.670,0,27.968372344970703,-34.43218231201172,85.6395034790039,-36.12356185913086,-89.00810241699219,37.72906494140625,27.968372344970703,-34.43218231201172,85.6395034790039,-36.12356185913086,-89.00810241699219,37.72906494140625,38.29093281148076
5.708,0,28.101871490478516,-34.50987243652344,85.717529296875,-36.15007019042969,-88.98316192626953,37.564964294433594,28.101871490478516,-34.50987243652344,85.717529296875,-36.15007019042969,-88.98316192626953,37.564964294433594,38.095238095238095
5.735,0,28.250850677490234,-34.35892105102539,85.71044921875,-36.36785888671875,-88.96414947509766,37.39226531982422,28.250850677490234,-34.35892105102539,85.71044921875,-36.36785888671875,-88.96414947509766,37.39226531982422,38.030006523157205
5.774,0,28.39047622680664,-34.46116638183594,85.80294799804688,-36.44968795776367,-88.98162078857422,37.21662902832031,28.39047622680664,-34.46116638183594,85.80294799804688,-36.44968795776367,-88.98162078857422,37.21662902832031,37.83431180691454
5.807,0,28.484947204589844,-34.27338409423828,85.78621673583984,-36.745296478271484,-88.99464416503906,37.14453125,28.484947204589844,-34.27338409423828,85.78621673583984,-36.745296478271484,-88.99464416503906,37.14453125,37.638617090671886
5.840,0,28.60977554321289,-34.38063430786133,85.87017822265625,-36.7516975402832,-88.97953033447266,36.96476364135742,28.60977554321289,-34.38063430786133,85.87017822265625,-36.7516975402832,-88.97953033447266,36.96476364135742,37.573385518590996
5.872,0,28.761051177978516,-34.31962585449219,85.86494445800781,-36.86071014404297,-88.9625244140625,36.759700775146484,28.761051177978516,-34.31962585449219,85.86494445800781,-36.86071014404297,-88.9625244140625,36.759700775146484,37.37769080234833
5.908,0,28.841419219970703,-34.46308135986328,85.87873840332031,-36.75888442993164,-88.97828674316406,36.55863952636719,28.841419219970703,-34.46308135986328,85.87873840332031,-36.75888442993164,-88.97828674316406,36.55863952636719,37.24722765818656
5.937,0,28.88442611694336,-34.16925048828125,85.74970245361328,-37.03257369995117,-89.00209045410156,36.621334075927734,28.88442611694336,-34.16925048828125,85.74970245361328,-37.03257369995117,-89.00209045410156,36.621334075927734,37.0515329419439
5.977,0,28.990699768066406,-34.27933120727539,85.83921813964844,-37.02400588989258,-88.98645782470703,36.43811798095703,28.990699768066406,-34.27933120727539,85.83921813964844,-37.02400588989258,-88.98645782470703,36.43811798095703,36.921069797782124
6.005,0,29.13742446899414,-34.24069595336914,85.8301773071289,-37.11684799194336,-88.96963500976562,36.230079650878906,29.13742446899414,-34.24069595336914,85.8301773071289,-37.11684799194336,-88.96963500976562,36.230079650878906,36.79060665362035
6.044,0,29.204208374023438,-34.357078552246094,85.81497192382812,-37.00633239746094,-88.98339080810547,36.04612731933594,29.204208374023438,-34.357078552246094,85.81497192382812,-37.00633239746094,-88.98339080810547,36.04612731933594,36.79060665362035
6.083,0,29.239315032958984,-34.21138000488281,85.69934844970703,-37.12689208984375,-89.01106262207031,36.036685943603516,29.239315032958984,-34.21138000488281,85.69934844970703,-37.12689208984375,-89.01106262207031,36.036685943603516,36.59491193737769
6.105,0,29.33591079711914,-34.311546325683594,85.78390502929688,-37.12137222290039,-88.98494720458984,35.867706298828125,29.33591079711914,-34.311546325683594,85.78390502929688,-37.12137222290039,-88.98494720458984,35.867706298828125,36.399217221135025
6.143,0,29.467811584472656,-34.29571533203125,85.77796936035156,-37.181915283203125,-88.96685791015625,35.65122604370117,29.467811584472656,-34.29571533203125,85.77796936035156,-37.181915283203125,-88.96685791015625,35.65122604370117,36.26875407697325
6.174,0,29.53982925415039,-34.42283630371094,85.75273132324219,-37.057273864746094,-88.97479248046875,35.48118591308594,29.53982925415039,-34.42283630371094,85.75273132324219,-37.057273864746094,-88.97479248046875,35.48118591308594,36.13829093281148
6.211,0,29.58279800415039,-34.3692626953125,85.66211700439453,-37.103851318359375,-89.00816345214844,35.435386657714844,29.58279800415039,-34.3692626953125,85.66211700439453,-37.103851318359375,-89.00816345214844,35.435386657714844,35.942596216568816
6.241,0,29.603008270263672,-34.16486358642578,85.5292739868164,-37.20255661010742,-88.97808837890625,35.54576873779297,29.603008270263672,-34.16486358642578,85.5292739868164,-37.20255661010742,-88.97808837890625,35.54576873779297,35.74690150032615
6.276,0,29.698238372802734,-34.25884246826172,85.59286499023438,-37.192100524902344,-88.95198059082031,35.35697937011719,29.698238372802734,-34.25884246826172,85.59286499023438,-37.192100524902344,-88.95198059082031,35.35697937011719,35.74690150032615
6.308,0,29.830734252929688,-34.3857421875,85.62916564941406,-37.13865280151367,-88.94143676757812,35.11327362060547,29.830734252929688,-34.3857421875,85.62916564941406,-37.13865280151367,-88.94143676757812,35.11327362060547,35.74690150032615
6.345,0,29.900165557861328,-34.44305419921875,85.56893920898438,-37.05124282836914,-88.94397735595703,34.938720703125,29.900165557861328,-34.44305419921875,85.56893920898438,-37.05124282836914,-88.94397735595703,34.938720703125,35.74690150032615
6.374,0,29.912620544433594,-34.16069030761719,85.43498992919922,-37.28166198730469,-88.95697784423828,35.034637451171875,29.912620544433594,-34.16069030761719,85.43498992919922,-37.28166198730469,-88.95697784423828,35.034637451171875,35.5512067840835
6.413,0,30.006099700927734,-34.327091217041016,85.5140380859375,-37.20636749267578,-88.936279296875,34.817222595214844,30.006099700927734,-34.327091217041016,85.5140380859375,-37.20636749267578,-88.936279296875,34.817222595214844,35.290280495759944
6.440,0,30.13100814819336,-34.44758605957031,85.55661010742188,-37.16804504394531,-88.92630767822266,34.589012145996094,30.13100814819336,-34.44758605957031,85.55661010742188,-37.16804504394531,-88.92630767822266,34.589012145996094,35.290280495759944
6.477,0,30.195411682128906,-34.48649597167969,85.48432922363281,-37.09886932373047,-88.9332046508789,34.42204284667969,30.195411682128906,-34.48649597167969,85.48432922363281,-37.09886932373047,-88.9332046508789,34.42204284667969,35.22504892367906
6.515,0,30.2091064453125,-34.213985443115234,85.35265350341797,-37.317806243896484,-88.95368194580078,34.51844024658203,30.2091064453125,-34.213985443115234,85.35265350341797,-37.317806243896484,-88.95368194580078,34.51844024658203,34.96412263535551
6.554,0,30.296672821044922,-34.37026596069336,85.43115234375,-37.25572967529297,-88.92952728271484,34.31544494628906,30.296672821044922,-34.37026596069336,85.43115234375,-37.25572967529297,-88.92952728271484,34.31544494628906,34.768427919112845
6.572,0,30.419174194335938,-34.547119140625,85.47628784179688,-37.15030288696289,-88.92143249511719,34.07032775878906,30.419174194335938,-34.547119140625,85.47628784179688,-37.15030288696289,-88.92143249511719,34.07032775878906,34.63796477495107
6.613,0,30.472206115722656,-34.58148956298828,85.41374206542969,-37.082847595214844,-88.92635345458984,33.91059112548828,30.472206115722656,-34.58148956298828,85.41374206542969,-37.082847595214844,-88.92635345458984,33.91059112548828,34.63796477495107
6.645,0,30.482730865478516,-34.256568908691406,85.26976776123047,-37.34873962402344,-88.9444580078125,34.04777526855469,30.482730865478516,-34.256568908691406,85.26976776123047,-37.34873962402344,-88.9444580078125,34.04777526855469,34.37703848662753
6.677,0,30.57817840576172,-34.47295379638672,85.36396789550781,-37.23399353027344,-88.91944885253906,33.83856201171875,30.57817840576172,-34.47295379638672,85.36396789550781,-37.23399353027344,-88.91944885253906,33.83856201171875,34.24657534246575
6.712,0,30.696365356445312,-34.61107635498047,85.40388488769531,-37.1727180480957,-88.91096496582031,33.59342956542969,30.696365356445312,-34.61107635498047,85.40388488769531,-37.1727180480957,-88.91096496582031,33.59342956542969,34.24657534246575
6.744,0,30.750667572021484,-34.673187255859375,85.34442138671875,-37.086341857910156,-88.91695404052734,33.423152923583984,30.750667572021484,-34.673187255859375,85.34442138671875,-37.086341857910156,-88.91695404052734,33.423152923583984,34.05088062622309
6.775,0,30.747940063476562,-34.29294204711914,85.1953125,-37.39963912963867,-88.93431854248047,33.59899139404297,30.747940063476562,-34.29294204711914,85.1953125,-37.39963912963867,-88.93431854248047,33.59899139404297,33.85518590998043
6.817,0,30.836952209472656,-34.562591552734375,85.30057525634766,-37.2356071472168,-88.90640258789062,33.37948226928711,30.836952209472656,-34.562591552734375,85.30057525634766,-37.2356071472168,-88.90640258789062,33.37948226928711,33.724722765818655
6.844,0,30.95240020751953,-34.739524841308594,85.3481216430664,-37.14006805419922,-88.9001235961914,33.13137435913086,30.95240020751953,-34.739524841308594,85.3481216430664,-37.14006805419922,-88.9001235961914,33.13137435913086,33.659491193737765
6.883,0,31.007125854492188,-34.75912094116211,85.27832794189453,-37.08388137817383,-88.9011001586914,32.96256637573242,31.007125854492188,-34.75912094116211,85.27832794189453,-37.08388137817383,-88.9011001586914,32.96256637573242,33.59425962165688
6.909,0,31.004161834716797,-34.43104934692383,85.14138793945312,-37.353919982910156,-88.92914581298828,33.12787628173828,31.004161834716797,-34.43104934692383,85.14138793945312,-37.353919982910156,-88.92914581298828,33.12787628173828,33.39856490541422
6.949,0,31.089153289794922,-34.72169494628906,85.25184631347656,-37.17342758178711,-88.89901733398438,32.91758728027344,31.089153289794922,-34.72169494628906,85.25184631347656,-37.17342758178711,-88.89901733398438,32.91758728027344,33.202870189171556
6.978,0,31.19579315185547,-34.892608642578125,85.29169464111328,-37.06907653808594,-88.89185333251953,32.670570373535156,31.19579315185547,-34.892608642578125,85.29169464111328,-37.06907653808594,-88.89185333251953,32.670570373535156,33.202870189171556
7.018,0,31.217178344726562,-34.97163391113281,85.23324584960938,-36.91983413696289,-88.8782730102539,32.50096893310547,31.217178344726562,-34.97163391113281,85.23324584960938,-36.91983413696289,-88.8782730102539,32.50096893310547,33.202870189171556
7.054,0,31.223976135253906,-34.65047836303711,85.1075668334961,-37.15248107910156,-88.87569427490234,32.678131103515625,31.223976135253906,-34.65047836303711,85.1075668334961,-37.15248107910156,-88.87569427490234,32.678131103515625,32.94194390084801
7.074,0,31.316059112548828,-34.840396881103516,85.20885467529297,-37.12656784057617,-88.89507293701172,32.44620895385742,31.316059112548828,-34.840396881103516,85.20885467529297,-37.12656784057617,-88.89507293701172,32.44620895385742,32.81148075668624
7.116,0,31.43585205078125,-35.071006774902344,85.25727844238281,-36.9837532043457,-88.8734130859375,32.20000076293945,31.43585205078125,-35.071006774902344,85.25727844238281,-36.9837532043457,-88.8734130859375,32.20000076293945,32.74624918460535
7.143,0,31.456809997558594,-35.13149642944336,85.18487548828125,-36.84312438964844,-88.8604507446289,32.03059005737305,31.456809997558594,-35.13149642944336,85.18487548828125,-36.84312438964844,-88.8604507446289,32.03059005737305,32.74624918460535
7.182,0,31.454387664794922,-34.792510986328125,85.06709289550781,-37.10171890258789,-88.86518096923828,32.237701416015625,31.454387664794922,-34.792510986328125,85.06709289550781,-37.10171890258789,-88.86518096923828,32.237701416015625,32.68101761252446
7.211,0,31.542396545410156,-35.0042724609375,85.1611328125,-37.0427131652832,-88.8886947631836,32.00304412841797,31.542396545410156,-35.0042724609375,85.1611328125,-37.0427131652832,-88.8886947631836,32.00304412841797,32.42009132420091
7.249,0,31.658737182617188,-35.23509216308594,85.21249389648438,-36.89674377441406,-88.86920166015625,31.767440795898438,31.658737182617188,-35.23509216308594,85.21249389648438,-36.89674377441406,-88.86920166015625,31.767440795898438,32.35485975212002
7.277,0,31.680583953857422,-35.32178497314453,85.13978576660156,-36.72650146484375,-88.85559844970703,31.5960636138916,31.680583953857422,-35.32178497314453,85.13978576660156,-36.72650146484375,-88.85559844970703,31.5960636138916,32.35485975212002
7.318,0,31.677257537841797,-34.99839782714844,85.04339599609375,-36.99525451660156,-88.8532485961914,31.782821655273438,31.677257537841797,-34.99839782714844,85.04339599609375,-36.99525451660156,-88.8532485961914,31.782821655273438,32.093933463796475
7.346,0,31.762210845947266,-35.19898223876953,85.14930725097656,-36.95482635498047,-88.87117004394531,31.552318572998047,31.762210845947266,-35.19898223876953,85.14930725097656,-36.95482635498047,-88.87117004394531,31.552318572998047,31.898238747553815
7.388,0,31.88656997680664,-35.464271545410156,85.19821166992188,-36.771514892578125,-88.84481811523438,31.295188903808594,31.88656997680664,-35.464271545410156,85.19821166992188,-36.771514892578125,-88.84481811523438,31.295188903808594,31.898238747553815
7.410,0,31.894248962402344,-35.55182647705078,85.12371826171875,-36.596221923828125,-88.8307876586914,31.13623046875,31.894248962402344,-35.55182647705078,85.12371826171875,-36.596221923828125,-88.8307876586914,31.13623046875,31.76777560339204
7.452,0,31.888633728027344,-35.211219787597656,85.03202056884766,-36.88229751586914,-88.82047271728516,31.36505126953125,31.888633728027344,-35.211219787597656,85.03202056884766,-36.88229751586914,-88.82047271728516,31.36505126953125,31.57208088714938
7.478,0,31.972637176513672,-35.42202377319336,85.14364624023438,-36.841331481933594,-88.84423828125,31.135116577148438,31.972637176513672,-35.42202377319336,85.14364624023438,-36.841331481933594,-88.84423828125,31.135116577148438,31.441617742987603
7.519,0,32.09062194824219,-35.669029235839844,85.17534637451172,-36.66201400756836,-88.81253814697266,30.893552780151367,32.09062194824219,-35.669029235839844,85.17534637451172,-36.66201400756836,-88.81253814697266,30.893552780151367,31.376386170906716
7.549,0,32.09425354003906,-35.78050994873047,85.12605285644531,-36.48324966430664,-88.80314636230469,30.73735809326172,32.09425354003906,-35.78050994873047,85.12605285644531,-36.48324966430664,-88.80314636230469,30.73735809326172,31.31115459882583
7.583,0,32.093849182128906,-35.46471405029297,85.01734161376953,-36.732364654541016,-88.79013061523438,30.941307067871094,32.093849182128906,-35.46471405029297,85.01734161376953,-36.732364654541016,-88.79013061523438,30.941307067871094,31.180691454664057
7.616,0,32.16560745239258,-35.670745849609375,85.12539672851562,-36.68238830566406,-88.8159408569336,30.724853515625,32.16560745239258,-35.670745849609375,85.12539672851562,-36.68238830566406,-88.8159408569336,30.724853515625,31.05022831050228
7.649,0,32.27996826171875,-35.9296875,85.16471862792969,-36.487972259521484,-88.7820816040039,30.481050491333008,32.27996826171875,-35.9296875,85.16471862792969,-36.487972259521484,-88.7820816040039,30.481050491333008,30.984996738421394
7.685,0,32.27995300292969,-36.025901794433594,85.09638977050781,-36.30780792236328,-88.7679443359375,30.351633071899414,32.27995300292969,-36.025901794433594,85.09638977050781,-36.30780792236328,-88.7679443359375,30.351633071899414,30.919765166340508
7.713,0,32.278419494628906,-35.69102478027344,85.00902557373047,-36.57941436767578,-88.74835205078125,30.56179428100586,32.278419494628906,-35.69102478027344,85.00902557373047,-36.57941436767578,-88.74835205078125,30.56179428100586,30.78930202217873
7.754,0,32.35568618774414,-35.91965866088867,85.10746765136719,-36.50601577758789,-88.77127838134766,30.346179962158203,32.35568618774414,-35.91965866088867,85.10746765136719,-36.50601577758789,-88.77127838134766,30.346179962158203,30.59360730593607
7.780,0,32.45884323120117,-36.191802978515625,85.17076873779297,-36.3263053894043,-88.73667907714844,30.11648178100586,32.45884323120117,-36.191802978515625,85.17076873779297,-36.3263053894043,-88.73667907714844,30.11648178100586,30.59360730593607
7.821,0,32.45821762084961,-36.33080291748047,85.12355041503906,-36.11733627319336,-88.72101593017578,29.984996795654297,32.45821762084961,-36.33080291748047,85.12355041503906,-36.11733627319336,-88.72101593017578,29.984996795654297,30.528375733855185
7.845,0,32.53890609741211,-36.48115539550781,85.21927642822266,-36.07344055175781,-88.71946716308594,29.76700210571289,32.53890609741211,-36.48115539550781,85.21927642822266,-36.07344055175781,-88.71946716308594,29.76700210571289,30.39791258969341
7.889,0,32.611297607421875,-36.68537902832031,85.32990264892578,-36.02265548706055,-88.74449920654297,29.541019439697266,32.611297607421875,-36.68537902832031,85.32990264892578,-36.02265548706055,-88.74449920654297,29.541019439697266,30.267449445531636
7.914,0,32.7071647644043,-36.92652130126953,85.36396789550781,-35.84709548950195,-88.70893096923828,29.293333053588867,32.7071647644043,-36.92652130126953,85.36396789550781,-35.84709548950195,-88.70893096923828,29.293333053588867,30.071754729288973
7.958,0,32.674964904785156,-36.576881408691406,85.28984069824219,-36.09727096557617,-88.67805480957031,29.513023376464844,32.674964904785156,-36.576881408691406,85.28984069824219,-36.09727096557617,-88.67805480957031,29.513023376464844,29.876060013046313
7.982,0,32.672054290771484,-36.272037506103516,85.20318603515625,-36.318763732910156,-88.65728759765625,29.716026306152344,32.672054290771484,-36.272037506103516,85.20318603515625,-36.318763732910156,-88.65728759765625,29.716026306152344,29.68036529680365
8.018,0,32.7686653137207,-36.4622688293457,85.24687957763672,-36.224937438964844,-88.64366912841797,29.49245262145996,32.7686653137207,-36.4622688293457,85.24687957763672,-36.224937438964844,-88.64366912841797,29.49245262145996,29.615133724722764
8.048,0,32.776546478271484,-36.49256896972656,85.18023681640625,-36.19133377075195,-88.65840148925781,29.436574935913086,32.776546478271484,-36.49256896972656,85.18023681640625,-36.19133377075195,-88.65840148925781,29.436574935913086,29.615133724722764
8.088,0,32.774566650390625,-36.61090850830078,85.13142395019531,-36.01757049560547,-88.62346649169922,29.385385513305664,32.774566650390625,-36.61090850830078,85.13142395019531,-36.01757049560547,-88.62346649169922,29.385385513305664,29.615133724722764
8.113,0,32.81468963623047,-36.83172607421875,85.20149230957031,-35.8193359375,-88.6016616821289,29.13593101501465,32.81468963623047,-36.83172607421875,85.20149230957031,-35.8193359375,-88.6016616821289,29.13593101501465,29.615133724722764
8.156,0,32.908119201660156,-37.00955581665039,85.24895477294922,-35.7485466003418,-88.60220336914062,28.925168991088867,32.908119201660156,-37.00955581665039,85.24895477294922,-35.7485466003418,-88.60220336914062,28.925168991088867,29.615133724722764
8.180,0,32.996795654296875,-37.12387466430664,85.27952575683594,-35.77570724487305,-88.6142349243164,28.694570541381836,32.996795654296875,-37.12387466430664,85.27952575683594,-35.77570724487305,-88.6142349243164,28.694570541381836,29.549902152641877
8.222,0,32.972110748291016,-36.87831115722656,85.21650695800781,-35.938323974609375,-88.57501220703125,28.921918869018555,32.972110748291016,-36.87831115722656,85.21650695800781,-35.938323974609375,-88.57501220703125,28.921918869018555,29.288975864318328
8.249,0,33.000244140625,-37.110862731933594,85.28785705566406,-35.718563079833984,-88.55180358886719,28.654800415039062,33.000244140625,-37.110862731933594,85.28785705566406,-35.718563079833984,-88.55180358886719,28.654800415039062,29.02804957599478
8.286,0,33.05418395996094,-37.39204406738281,85.39581298828125,-35.529300689697266,-88.54364013671875,28.42342758178711,33.05418395996094,-37.39204406738281,85.39581298828125,-35.529300689697266,-88.54364013671875,28.42342758178711,28.962818003913892
8.318,0,33.051029205322266,-37.24040985107422,85.32862854003906,-35.68144989013672,-88.568359375,28.49505615234375,33.051029205322266,-37.24040985107422,85.32862854003906,-35.68144989013672,-88.568359375,28.49505615234375,28.962818003913892
8.349,0,32.997859954833984,-36.979248046875,85.2720718383789,-35.852256774902344,-88.52338409423828,28.72970199584961,32.997859954833984,-36.979248046875,85.2720718383789,-35.852256774902344,-88.52338409423828,28.72970199584961,28.767123287671232
8.389,0,33.01913833618164,-37.2056884765625,85.34117889404297,-35.6407470703125,-88.51097106933594,28.489025115966797,33.01913833618164,-37.2056884765625,85.34117889404297,-35.6407470703125,-88.51097106933594,28.489025115966797,28.636660143509456
8.416,0,33.09514236450195,-37.41455841064453,85.3861083984375,-35.52173614501953,-88.50847625732422,28.26584243774414,33.09514236450195,-37.41455841064453,85.3861083984375,-35.52173614501953,-88.50847625732422,28.26584243774414,28.636660143509456
8.454,0,33.08043670654297,-37.265419006347656,85.33293914794922,-35.68229293823242,-88.53282165527344,28.339082717895508,33.08043670654297,-37.265419006347656,85.33293914794922,-35.68229293823242,-88.53282165527344,28.339082717895508,28.636660143509456
8.485,0,33.02925109863281,-37.041770935058594,85.27627563476562,-35.82014083862305,-88.49261474609375,28.577354431152344,33.02925109863281,-37.041770935058594,85.27627563476562,-35.82014083862305,-88.49261474609375,28.577354431152344,28.506196999347683
8.520,0,33.053462982177734,-37.28062438964844,85.35440063476562,-35.60734558105469,-88.48550415039062,28.337581634521484,33.053462982177734,-37.28062438964844,85.35440063476562,-35.60734558105469,-88.48550415039062,28.337581634521484,28.506196999347683
8.551,0,33.12399673461914,-37.45967102050781,85.39045715332031,-35.51676559448242,-88.48057556152344,28.132492065429688,33.12399673461914,-37.45967102050781,85.39045715332031,-35.51676559448242,-88.48057556152344,28.132492065429688,28.506196999347683
8.587,0,33.10932922363281,-37.339820861816406,85.3398208618164,-35.64927291870117,-88.50960540771484,28.199975967407227,33.10932922363281,-37.339820861816406,85.3398208618164,-35.64927291870117,-88.50960540771484,28.199975967407227,28.506196999347683
8.618,0,33.089195251464844,-36.98030090332031,85.23435974121094,-35.95377731323242,-88.53299713134766,28.446670532226562,33.089195251464844,-36.98030090332031,85.23435974121094,-35.95377731323242,-88.53299713134766,28.446670532226562,28.506196999347683
8.656,0,33.10831069946289,-37.28839874267578,85.34241485595703,-35.7026252746582,-88.49835205078125,28.215042114257812,33.10831069946289,-37.28839874267578,85.34241485595703,-35.7026252746582,-88.49835205078125,28.215042114257812,28.37573385518591
8.685,0,33.13413619995117,-37.459869384765625,85.3538818359375,-35.541412353515625,-88.48158264160156,28.010929107666016,33.13413619995117,-37.459869384765625,85.3538818359375,-35.541412353515625,-88.48158264160156,28.010929107666016,28.37573385518591
8.720,0,33.110862731933594,-37.34771728515625,85.34122467041016,-35.65003204345703,-88.47694396972656,28.089717864990234,33.110862731933594,-37.34771728515625,85.34122467041016,-35.65003204345703,-88.47694396972656,28.089717864990234,28.37573385518591
8.755,0,33.09103012084961,-37.01885223388672,85.24466705322266,-35.93239212036133,-88.50582885742188,28.332107543945312,33.09103012084961,-37.01885223388672,85.24466705322266,-35.93239212036133,-88.50582885742188,28.332107543945312,28.37573385518591
8.784,0,33.11801528930664,-37.33082580566406,85.34800720214844,-35.67967987060547,-88.46941375732422,28.09286880493164,33.11801528930664,-37.33082580566406,85.34800720214844,-35.67967987060547,-88.46941375732422,28.09286880493164,28.37573385518591
8.826,0,33.15098190307617,-37.485076904296875,85.36295318603516,-35.537147521972656,-88.45360565185547,27.891799926757812,33.15098190307617,-37.485076904296875,85.36295318603516,-35.537147521972656,-88.45360565185547,27.891799926757812,28.37573385518591
8.851,0,33.12894058227539,-37.39727020263672,85.36099243164062,-35.634552001953125,-88.44995880126953,27.975231170654297,33.12894058227539,-37.39727020263672,85.36099243164062,-35.634552001953125,-88.44995880126953,27.975231170654297,28.37573385518591
8.891,0,33.10347366333008,-37.05162048339844,85.25243377685547,-35.91978454589844,-88.47233581542969,28.209716796875,33.10347366333008,-37.05162048339844,85.25243377685547,-35.91978454589844,-88.47233581542969,28.209716796875,28.180039138943247
8.918,0,33.124656677246094,-37.3616943359375,85.3598861694336,-35.663997650146484,-88.4325180053711,27.99669075012207,33.124656677246094,-37.3616943359375,85.3598861694336,-35.663997650146484,-88.4325180053711,27.99669075012207,28.11480756686236
8.958,0,33.155269622802734,-37.54518508911133,85.37525939941406,-35.49230194091797,-88.41676330566406,27.772920608520508,33.155269622802734,-37.54518508911133,85.37525939941406,-35.49230194091797,-88.41676330566406,27.772920608520508,28.11480756686236
8.986,0,33.11811828613281,-37.42304229736328,85.3601303100586,-35.60737609863281,-88.41461944580078,27.8721923828125,33.11811828613281,-37.42304229736328,85.3601303100586,-35.60737609863281,-88.41461944580078,27.8721923828125,28.11480756686236
9.025,0,33.09330368041992,-37.060035705566406,85.25228881835938,-35.90788269042969,-88.44248962402344,28.104656219482422,33.09330368041992,-37.060035705566406,85.25228881835938,-35.90788269042969,-88.44248962402344,28.104656219482422,28.11480756686236
9.053,0,33.12455368041992,-37.385215759277344,85.35221099853516,-35.635196685791016,-88.40792083740234,27.89283561706543,33.12455368041992,-37.385215759277344,85.35221099853516,-35.635196685791016,-88.40792083740234,27.89283561706543,28.11480756686236
9.092,0,33.1419677734375,-37.55727005004883,85.36701202392578,-35.475460052490234,-88.39131927490234,27.687496185302734,33.1419677734375,-37.55727005004883,85.36701202392578,-35.475460052490234,-88.39131927490234,27.687496185302734,28.11480756686236
9.120,0,33.108821868896484,-37.41044235229492,85.34524536132812,-35.609371185302734,-88.38512420654297,27.79623794555664,33.108821868896484,-37.41044235229492,85.34524536132812,-35.609371185302734,-88.38512420654297,27.79623794555664,28.11480756686236
9.159,0,33.085330963134766,-37.045650482177734,85.25202178955078,-35.93100357055664,-88.41543579101562,28.035612106323242,33.085330963134766,-37.045650482177734,85.25202178955078,-35.93100357055664,-88.41543579101562,28.035612106323242,28.049575994781474
9.188,0,33.11359786987305,-37.420379638671875,85.35865020751953,-35.61433410644531,-88.37471008300781,27.828397750854492,33.11359786987305,-37.420379638671875,85.35865020751953,-35.61433410644531,-88.37471008300781,27.828397750854492,27.984344422700584
9.225,0,33.1346435546875,-37.57700729370117,85.36489868164062,-35.471435546875,-88.3624038696289,27.629823684692383,33.1346435546875,-37.57700729370117,85.36489868164062,-35.471435546875,-88.3624038696289,27.629823684692383,27.984344422700584
9.256,0,33.10346221923828,-37.40936279296875,85.3309326171875,-35.6168098449707,-88.3613052368164,27.747112274169922,33.10346221923828,-37.40936279296875,85.3309326171875,-35.6168098449707,-88.3613052368164,27.747112274169922,27.984344422700584
9.288,0,33.08509826660156,-37.0798225402832,85.2613754272461,-35.9211311340332,-88.39070129394531,27.984111785888672,33.08509826660156,-37.0798225402832,85.2613754272461,-35.9211311340332,-88.39070129394531,27.984111785888672,27.919112850619697
9.328,0,33.1097297668457,-37.43043518066406,85.37457275390625,-35.64018249511719,-88.34825134277344,27.79862403869629,33.1097297668457,-37.43043518066406,85.37457275390625,-35.64018249511719,-88.34825134277344,27.79862403869629,27.85388127853881
9.353,0,33.13245391845703,-37.605472564697266,85.37822723388672,-35.47880554199219,-88.33106231689453,27.596052169799805,33.13245391845703,-37.605472564697266,85.37822723388672,-35.47880554199219,-88.33106231689453,27.596052169799805,27.85388127853881
9.395,0,33.100215911865234,-37.46151351928711,85.34258270263672,-35.5830078125,-88.32829284667969,27.710281372070312,33.100215911865234,-37.46151351928711,85.34258270263672,-35.5830078125,-88.32829284667969,27.710281372070312,27.85388127853881
9.421,0,33.070613861083984,-37.09987258911133,85.27345275878906,-35.92827224731445,-88.3579330444336,27.966907501220703,33.070613861083984,-37.09987258911133,85.27345275878906,-35.92827224731445,-88.3579330444336,27.966907501220703,27.85388127853881
9.462,0,33.091007232666016,-37.448265075683594,85.39436340332031,-35.661834716796875,-88.32502746582031,27.77104949951172,33.091007232666016,-37.448265075683594,85.39436340332031,-35.661834716796875,-88.32502746582031,27.77104949951172,27.85388127853881
9.488,0,33.11831283569336,-37.611572265625,85.38092803955078,-35.49895477294922,-88.3058853149414,27.56144142150879,33.11831283569336,-37.611572265625,85.38092803955078,-35.49895477294922,-88.3058853149414,27.56144142150879,27.85388127853881
9.528,0,33.08866500854492,-37.50791931152344,85.33402252197266,-35.560672760009766,-88.30499267578125,27.666017532348633,33.08866500854492,-37.50791931152344,85.33402252197266,-35.560672760009766,-88.30499267578125,27.666017532348633,27.85388127853881
9.555,0,33.06599044799805,-37.14912033081055,85.27198028564453,-35.90192413330078,-88.33906555175781,27.91390609741211,33.06599044799805,-37.14912033081055,85.27198028564453,-35.90192413330078,-88.33906555175781,27.91390609741211,27.85388127853881
9.595,0,33.0832405090332,-37.467716217041016,85.37066650390625,-35.654579162597656,-88.29621124267578,27.743423461914062,33.0832405090332,-37.467716217041016,85.37066650390625,-35.654579162597656,-88.29621124267578,27.743423461914062,27.85388127853881
9.621,0,33.09236526489258,-37.68312454223633,85.44551849365234,-35.45570373535156,-88.29057312011719,27.54629135131836,33.09236526489258,-37.68312454223633,85.44551849365234,-35.45570373535156,-88.29057312011719,27.54629135131836,27.85388127853881
9.663,0,33.15489959716797,-37.85050964355469,85.45621490478516,-35.351470947265625,-88.27894592285156,27.360740661621094,33.15489959716797,-37.85050964355469,85.45621490478516,-35.351470947265625,-88.27894592285156,27.360740661621094,27.85388127853881
9.690,0,33.130008697509766,-37.68487548828125,85.41602325439453,-35.5517463684082,-88.31988525390625,27.48965835571289,33.130008697509766,-37.68487548828125,85.41602325439453,-35.5517463684082,-88.31988525390625,27.48965835571289,27.85388127853881
9.729,0,33.0826301574707,-37.43939971923828,85.35101318359375,-35.70537185668945,-88.29290771484375,27.74238395690918,33.0826301574707,-37.43939971923828,85.35101318359375,-35.70537185668945,-88.29290771484375,27.74238395690918,27.723418134377038
9.757,0,33.09229278564453,-37.649452209472656,85.42424774169922,-35.50654602050781,-88.2818374633789,27.537281036376953,33.09229278564453,-37.649452209472656,85.42424774169922,-35.50654602050781,-88.2818374633789,27.537281036376953,27.723418134377038
9.794,0,33.151695251464844,-37.88817596435547,85.46540069580078,-35.343570709228516,-88.26738739013672,27.336528778076172,33.151695251464844,-37.88817596435547,85.46540069580078,-35.343570709228516,-88.26738739013672,27.336528778076172,27.723418134377038
9.826,0,33.12431335449219,-37.72076416015625,85.40967559814453,-35.52924728393555,-88.30687713623047,27.46624755859375,33.12431335449219,-37.72076416015625,85.40967559814453,-35.52924728393555,-88.30687713623047,27.46624755859375,27.723418134377038
9.861,0,33.06586456298828,-37.485145568847656,85.36738586425781,-35.67084884643555,-88.27191162109375,27.72199249267578,33.06586456298828,-37.485145568847656,85.36738586425781,-35.67084884643555,-88.27191162109375,27.72199249267578,27.723418134377038
9.893,0,33.079017639160156,-37.729820251464844,85.4473648071289,-35.45397186279297,-88.26498413085938,27.515913009643555,33.079017639160156,-37.729820251464844,85.4473648071289,-35.45397186279297,-88.26498413085938,27.515913009643555,27.723418134377038
9.928,0,33.15216827392578,-37.9592399597168,85.48192596435547,-35.28989028930664,-88.24835968017578,27.30121612548828,33.15216827392578,-37.9592399597168,85.48192596435547,-35.28989028930664,-88.24835968017578,27.30121612548828,27.723418134377038
9.959,0,33.11989212036133,-37.791893005371094,85.4283447265625,-35.46236801147461,-88.28749084472656,27.421710968017578,33.11989212036133,-37.791893005371094,85.4283447265625,-35.46236801147461,-88.28749084472656,27.421710968017578,27.723418134377038
9.995,0,33.06122970581055,-37.5780029296875,85.39546966552734,-35.607608795166016,-88.25159454345703,27.691022872924805,33.06122970581055,-37.5780029296875,85.39546966552734,-35.607608795166016,-88.25159454345703,27.691022872924805,27.59295499021526
10.025,0,33.062339782714844,-37.81226348876953,85.46653747558594,-35.39232635498047,-88.25049591064453,27.481740951538086,33.062339782714844,-37.81226348876953,85.46653747558594,-35.39232635498047,-88.25049591064453,27.481740951538086,27.59295499021526
10.063,0,33.11994552612305,-37.986289978027344,85.47494506835938,-35.260276794433594,-88.2258071899414,27.293569564819336,33.11994552612305,-37.986289978027344,85.47494506835938,-35.260276794433594,-88.2258071899414,27.293569564819336,27.59295499021526
10.092,0,33.08970260620117,-37.874752044677734,85.41526794433594,-35.349708557128906,-88.26110076904297,27.413562774658203,33.08970260620117,-37.874752044677734,85.41526794433594,-35.349708557128906,-88.26110076904297,27.413562774658203,27.59295499021526
10.131,0,33.02223205566406,-37.60090255737305,85.37873077392578,-35.55667495727539,-88.21748352050781,27.703113555908203,33.02223205566406,-37.60090255737305,85.37873077392578,-35.55667495727539,-88.21748352050781,27.703113555908203,27.59295499021526
10.160,0,33.02482986450195,-37.89394760131836,85.47917938232422,-35.30821228027344,-88.21924591064453,27.495391845703125,33.02482986450195,-37.89394760131836,85.47917938232422,-35.30821228027344,-88.21924591064453,27.495391845703125,27.59295499021526
10.198,0,33.096797943115234,-38.064292907714844,85.48060607910156,-35.17780685424805,-88.1954345703125,27.299419403076172,33.096797943115234,-38.064292907714844,85.48060607910156,-35.17780685424805,-88.1954345703125,27.299419403076172,27.59295499021526
10.227,0,33.0511589050293,-37.91447067260742,85.39557647705078,-35.28215789794922,-88.24571990966797,27.458812713623047,33.0511589050293,-37.91447067260742,85.39557647705078,-35.28215789794922,-88.24571990966797,27.458812713623047,27.59295499021526
10.265,0,32.98430633544922,-37.66889953613281,85.3795394897461,-35.46902084350586,-88.20903015136719,27.738554000854492,32.98430633544922,-37.66889953613281,85.3795394897461,-35.46902084350586,-88.20903015136719,27.738554000854492,27.59295499021526
10.293,0,32.987220764160156,-37.924217224121094,85.47186279296875,-35.26021957397461,-88.20193481445312,27.558841705322266,32.987220764160156,-37.924217224121094,85.47186279296875,-35.26021957397461,-88.20193481445312,27.558841705322266,27.59295499021526
10.332,0,33.05586624145508,-38.12255859375,85.50939178466797,-35.116783142089844,-88.17513275146484,27.334877014160156,33.05586624145508,-38.12255859375,85.50939178466797,-35.116783142089844,-88.17513275146484,27.334877014160156,27.59295499021526
10.360,0,33.12238693237305,-38.26264190673828,85.49835205078125,-35.06254959106445,-88.20989990234375,27.164791107177734,33.12238693237305,-38.26264190673828,85.49835205078125,-35.06254959106445,-88.20989990234375,27.164791107177734,27.59295499021526
10.399,0,33.053733825683594,-38.20793914794922,85.48814392089844,-35.084537506103516,-88.18539428710938,27.33063507080078,33.053733825683594,-38.20793914794922,85.48814392089844,-35.084537506103516,-88.18539428710938,27.33063507080078,27.59295499021526
10.429,0,32.97696304321289,-37.94314956665039,85.43373107910156,-35.22514724731445,-88.19102478027344,27.567962646484375,32.97696304321289,-37.94314956665039,85.43373107910156,-35.22514724731445,-88.19102478027344,27.567962646484375,27.46249184605349
10.466,0,33.02546691894531,-38.23096466064453,85.51908111572266,-34.99954605102539,-88.16435241699219,27.351642608642578,33.02546691894531,-38.23096466064453,85.51908111572266,-34.99954605102539,-88.16435241699219,27.351642608642578,27.397260273972602
10.494,0,33.08673095703125,-38.376617431640625,85.51138305664062,-34.9370002746582,-88.19569396972656,27.1905574798584,33.08673095703125,-38.376617431640625,85.51138305664062,-34.9370002746582,-88.19569396972656,27.1905574798584,27.397260273972602
10.531,0,33.00375747680664,-38.285911560058594,85.50718688964844,-34.9872932434082,-88.16643524169922,27.363176345825195,33.00375747680664,-38.285911560058594,85.50718688964844,-34.9872932434082,-88.16643524169922,27.363176345825195,27.397260273972602
10.561,0,32.92529296875,-38.054683685302734,85.45114135742188,-35.111122131347656,-88.1706314086914,27.59039306640625,32.92529296875,-38.054683685302734,85.45114135742188,-35.111122131347656,-88.1706314086914,27.59039306640625,27.397260273972602
10.600,0,32.9743537902832,-38.32667541503906,85.53945922851562,-34.89518737792969,-88.14598846435547,27.384668350219727,32.9743537902832,-38.32667541503906,85.53945922851562,-34.89518737792969,-88.14598846435547,27.384668350219727,27.397260273972602
10.627,0,33.034542083740234,-38.46410369873047,85.52762603759766,-34.8470458984375,-88.17984008789062,27.214832305908203,33.034542083740234,-38.46410369873047,85.52762603759766,-34.8470458984375,-88.17984008789062,27.214832305908203,27.397260273972602
10.668,0,32.958194732666016,-38.37750244140625,85.51536560058594,-34.886451721191406,-88.15467071533203,27.389442443847656,32.958194732666016,-38.37750244140625,85.51536560058594,-34.886451721191406,-88.15467071533203,27.389442443847656,27.397260273972602
10.695,0,32.8825569152832,-38.140254974365234,85.44983673095703,-35.00390625,-88.16344451904297,27.606882095336914,32.8825569152832,-38.140254974365234,85.44983673095703,-35.00390625,-88.16344451904297,27.606882095336914,27.397260273972602
10.734,0,32.926231384277344,-38.408424377441406,85.53466033935547,-34.783912658691406,-88.13856506347656,27.411136627197266,32.926231384277344,-38.408424377441406,85.53466033935547,-34.783912658691406,-88.13856506347656,27.411136627197266,27.397260273972602
10.761,0,32.99154281616211,-38.56033706665039,85.53717041015625,-34.731204986572266,-88.17185974121094,27.2391357421875,32.99154281616211,-38.56033706665039,85.53717041015625,-34.731204986572266,-88.17185974121094,27.2391357421875,27.397260273972602
10.800,0,32.918548583984375,-38.453155517578125,85.51231384277344,-34.78334426879883,-88.14583587646484,27.410640716552734,32.918548583984375,-38.453155517578125,85.51231384277344,-34.78334426879883,-88.14583587646484,27.410640716552734,27.397260273972602
10.831,0,32.83935546875,-38.19438171386719,85.4599380493164,-34.934818267822266,-88.14659881591797,27.639007568359375,32.83935546875,-38.19438171386719,85.4599380493164,-34.934818267822266,-88.14659881591797,27.639007568359375,27.397260273972602
10.866,0,32.88811492919922,-38.479801177978516,85.56488800048828,-34.715118408203125,-88.1219711303711,27.439437866210938,32.88811492919922,-38.479801177978516,85.56488800048828,-34.715118408203125,-88.1219711303711,27.439437866210938,27.397260273972602
10.898,0,32.9593391418457,-38.61795425415039,85.56498718261719,-34.67195510864258,-88.15518951416016,27.274290084838867,32.9593391418457,-38.61795425415039,85.56498718261719,-34.67195510864258,-88.15518951416016,27.274290084838867,27.397260273972602
10.935,0,32.887725830078125,-38.50041961669922,85.53327941894531,-34.7266731262207,-88.13102722167969,27.444128036499023,32.887725830078125,-38.50041961669922,85.53327941894531,-34.7266731262207,-88.13102722167969,27.444128036499023,27.397260273972602
10.962,0,32.797767639160156,-38.27878952026367,85.48806762695312,-34.84187316894531,-88.13213348388672,27.672069549560547,32.797767639160156,-38.27878952026367,85.48806762695312,-34.84187316894531,-88.13213348388672,27.672069549560547,27.397260273972602
11.005,0,32.83785629272461,-38.54520797729492,85.58460998535156,-34.635704040527344,-88.10682678222656,27.489059448242188,32.83785629272461,-38.54520797729492,85.58460998535156,-34.635704040527344,-88.10682678222656,27.489059448242188,27.397260273972602
11.030,0,32.913936614990234,-38.66124725341797,85.57276916503906,-34.61336898803711,-88.1432876586914,27.322513580322266,32.913936614990234,-38.66124725341797,85.57276916503906,-34.61336898803711,-88.1432876586914,27.322513580322266,27.397260273972602
11.070,0,32.83845901489258,-38.533653259277344,85.54374694824219,-34.668487548828125,-88.12052154541016,27.508237838745117,32.83845901489258,-38.533653259277344,85.54374694824219,-34.668487548828125,-88.12052154541016,27.508237838745117,27.397260273972602
11.097,0,32.74733352661133,-38.411808013916016,85.5294189453125,-34.72187423706055,-88.12001037597656,27.718963623046875,32.74733352661133,-38.411808013916016,85.5294189453125,-34.72187423706055,-88.12001037597656,27.718963623046875,27.397260273972602
11.136,0,32.785682678222656,-38.658592224121094,85.62895965576172,-34.54326248168945,-88.10497283935547,27.531047821044922,32.785682678222656,-38.658592224121094,85.62895965576172,-34.54326248168945,-88.10497283935547,27.531047821044922,27.397260273972602
11.167,0,32.8515510559082,-38.7783088684082,85.64181518554688,-34.48094940185547,-88.08181762695312,27.369224548339844,32.8515510559082,-38.7783088684082,85.64181518554688,-34.48094940185547,-88.08181762695312,27.369224548339844,27.397260273972602
11.202,0,32.81982421875,-38.58254623413086,85.56100463867188,-34.6346549987793,-88.12690734863281,27.552278518676758,32.81982421875,-38.58254623413086,85.56100463867188,-34.6346549987793,-88.12690734863281,27.552278518676758,27.397260273972602
11.236,0,32.733619689941406,-38.41844177246094,85.57566833496094,-34.76920700073242,-88.10912322998047,27.793495178222656,32.733619689941406,-38.41844177246094,85.57566833496094,-34.76920700073242,-88.10912322998047,27.793495178222656,27.397260273972602
11.268,0,32.73683166503906,-38.66742706298828,85.65018463134766,-34.559837341308594,-88.11870574951172,27.612987518310547,32.73683166503906,-38.66742706298828,85.65018463134766,-34.559837341308594,-88.11870574951172,27.612987518310547,27.397260273972602
11.298,0,32.78678512573242,-38.742408752441406,85.65383911132812,-34.52511978149414,-88.09571075439453,27.457763671875,32.78678512573242,-38.742408752441406,85.65383911132812,-34.52511978149414,-88.09571075439453,27.457763671875,27.397260273972602
11.342,0,32.76533889770508,-38.63921356201172,85.5761489868164,-34.58133316040039,-88.13990783691406,27.589649200439453,32.76533889770508,-38.63921356201172,85.5761489868164,-34.58133316040039,-88.13990783691406,27.589649200439453,27.397260273972602
11.367,0,32.69029235839844,-38.81111526489258,85.57977294921875,-34.3831787109375,-88.12203979492188,27.64937973022461,32.69029235839844,-38.81111526489258,85.57977294921875,-34.3831787109375,-88.12203979492188,27.64937973022461,27.397260273972602
11.405,0,32.60474395751953,-38.58107376098633,85.52468872070312,-34.5044059753418,-88.12398529052734,27.872146606445312,32.60474395751953,-38.58107376098633,85.52468872070312,-34.5044059753418,-88.12398529052734,27.872146606445312,27.397260273972602
11.433,0,32.63139724731445,-38.78656768798828,85.60086822509766,-34.35040283203125,-88.1053466796875,27.71320915222168,32.63139724731445,-38.78656768798828,85.60086822509766,-34.35040283203125,-88.1053466796875,27.71320915222168,27.397260273972602
11.467,0,32.69585418701172,-38.89210510253906,85.58709716796875,-34.310523986816406,-88.12394714355469,27.562793731689453,32.69585418701172,-38.89210510253906,85.58709716796875,-34.310523986816406,-88.12394714355469,27.562793731689453,27.397260273972602
11.506,0,32.615089416503906,-38.91869354248047,85.59022521972656,-34.26048278808594,-88.11549377441406,27.69818115234375,32.615089416503906,-38.91869354248047,85.59022521972656,-34.26048278808594,-88.11549377441406,27.69818115234375,27.397260273972602
11.535,0,32.529205322265625,-38.603546142578125,85.51419067382812,-34.44650650024414,-88.11470031738281,27.939043045043945,32.529205322265625,-38.603546142578125,85.51419067382812,-34.44650650024414,-88.11470031738281,27.939043045043945,27.397260273972602
11.571,0,32.546226501464844,-38.807861328125,85.59686279296875,-34.30128479003906,-88.0925521850586,27.784351348876953,32.546226501464844,-38.807861328125,85.59686279296875,-34.30128479003906,-88.0925521850586,27.784351348876953,27.397260273972602
11.604,0,32.61640548706055,-38.91270446777344,85.58222961425781,-34.26332473754883,-88.11833953857422,27.641029357910156,32.61640548706055,-38.91270446777344,85.58222961425781,-34.26332473754883,-88.11833953857422,27.641029357910156,27.397260273972602
11.642,0,32.5416259765625,-39.04759979248047,85.59260559082031,-34.100765228271484,-88.1045913696289,27.74005126953125,32.5416259765625,-39.04759979248047,85.59260559082031,-34.100765228271484,-88.1045913696289,27.74005126953125,27.397260273972602
11.679,0,32.45314407348633,-38.706756591796875,85.5201187133789,-34.32289505004883,-88.10974884033203,27.992591857910156,32.45314407348633,-38.706756591796875,85.5201187133789,-34.32289505004883,-88.10974884033203,27.992591857910156,27.397260273972602
11.698,0,32.4775390625,-38.88368606567383,85.60401153564453,-34.2103385925293,-88.0884780883789,27.837034225463867,32.4775390625,-38.88368606567383,85.60401153564453,-34.2103385925293,-88.0884780883789,27.837034225463867,27.397260273972602
11.740,0,32.54126739501953,-39.05884552001953,85.62798309326172,-34.08961868286133,-88.05464172363281,27.674619674682617,32.54126739501953,-39.05884552001953,85.62798309326172,-34.08961868286133,-88.05464172363281,27.674619674682617,27.397260273972602
11.769,0,32.51567077636719,-39.08615493774414,85.5810546875,-34.05289077758789,-88.11463928222656,27.773170471191406,32.51567077636719,-39.08615493774414,85.5810546875,-34.05289077758789,-88.11463928222656,27.773170471191406,27.527723418134375
11.801,0,32.419281005859375,-38.73973846435547,85.53294372558594,-34.31153106689453,-88.12528991699219,28.018199920654297,32.419281005859375,-38.73973846435547,85.53294372558594,-34.31153106689453,-88.12528991699219,28.018199920654297,27.527723418134375
11.841,0,32.41286849975586,-38.91328048706055,85.60582733154297,-34.17475891113281,-88.14244079589844,27.8640079498291,32.41286849975586,-38.91328048706055,85.60582733154297,-34.17475891113281,-88.14244079589844,27.8640079498291,27.527723418134375
11.869,0,32.46540451049805,-39.05150604248047,85.62500762939453,-34.092185974121094,-88.1069107055664,27.710498809814453,32.46540451049805,-39.05150604248047,85.62500762939453,-34.092185974121094,-88.1069107055664,27.710498809814453,27.527723418134375
11.908,0,32.40341567993164,-39.21427917480469,85.64446258544922,-33.91842269897461,-88.10417175292969,27.83991050720215,32.40341567993164,-39.21427917480469,85.64446258544922,-33.91842269897461,-88.10417175292969,27.83991050720215,27.59295499021526
11.934,0,32.321773529052734,-38.91424560546875,85.60751342773438,-34.16814422607422,-88.09046936035156,28.112510681152344,32.321773529052734,-38.91424560546875,85.60751342773438,-34.16814422607422,-88.09046936035156,28.112510681152344,27.59295499021526
11.975,0,32.22524642944336,-38.4971923828125,85.53614044189453,-34.474124908447266,-88.09952545166016,28.405818939208984,32.22524642944336,-38.4971923828125,85.53614044189453,-34.474124908447266,-88.09952545166016,28.405818939208984,27.59295499021526
12.001,0,32.28166580200195,-38.62910461425781,85.59487915039062,-34.441078186035156,-88.13573455810547,28.265352249145508,32.28166580200195,-38.62910461425781,85.59487915039062,-34.441078186035156,-88.13573455810547,28.265352249145508,27.65818656229615
12.041,0,32.354984283447266,-38.85076904296875,85.6139907836914,-34.338958740234375,-88.17456817626953,28.11014175415039,32.354984283447266,-38.85076904296875,85.6139907836914,-34.338958740234375,-88.17456817626953,28.11014175415039,27.788649706457925
12.069,0,32.27090072631836,-38.734432220458984,85.59185791015625,-34.39249038696289,-88.1883544921875,28.235828399658203,32.27090072631836,-38.734432220458984,85.59185791015625,-34.39249038696289,-88.1883544921875,28.235828399658203,27.984344422700584
12.108,0,32.22770690917969,-38.29671096801758,85.52101135253906,-34.79146957397461,-88.21249389648438,28.519155502319336,32.22770690917969,-38.29671096801758,85.52101135253906,-34.79146957397461,-88.21249389648438,28.519155502319336,27.984344422700584
12.136,0,32.26931381225586,-38.46969223022461,85.60224914550781,-34.71319580078125,-88.23261260986328,28.38339614868164,32.26931381225586,-38.46969223022461,85.60224914550781,-34.71319580078125,-88.23261260986328,28.38339614868164,27.984344422700584
12.175,0,32.29534149169922,-38.75920867919922,85.66313934326172,-34.521339416503906,-88.21516418457031,28.26797866821289,32.29534149169922,-38.75920867919922,85.66313934326172,-34.521339416503906,-88.21516418457031,28.26797866821289,27.984344422700584
12.202,0,32.21381378173828,-38.63291931152344,85.63141632080078,-34.57838821411133,-88.23677062988281,28.399494171142578,32.21381378173828,-38.63291931152344,85.63141632080078,-34.57838821411133,-88.23677062988281,28.399494171142578,28.11480756686236
12.242,0,32.11008071899414,-38.19246292114258,85.55740356445312,-34.915401458740234,-88.24772644042969,28.687313079833984,32.11008071899414,-38.19246292114258,85.55740356445312,-34.915401458740234,-88.24772644042969,28.687313079833984,28.11480756686236
12.270,0,32.15747833251953,-38.283447265625,85.60050201416016,-34.91459274291992,-88.29421997070312,28.57879638671875,32.15747833251953,-38.283447265625,85.60050201416016,-34.91459274291992,-88.29421997070312,28.57879638671875,28.11480756686236
12.307,0,32.18391036987305,-38.57381057739258,85.66307067871094,-34.71633529663086,-88.27557373046875,28.45830535888672,32.18391036987305,-38.57381057739258,85.66307067871094,-34.71633529663086,-88.27557373046875,28.45830535888672,28.11480756686236
12.342,0,32.10618209838867,-38.459877014160156,85.62882995605469,-34.75380325317383,-88.28684997558594,28.578044891357422,32.10618209838867,-38.459877014160156,85.62882995605469,-34.75380325317383,-88.28684997558594,28.578044891357422,28.245270711024133
12.371,0,32.04812240600586,-37.95583724975586,85.50665283203125,-35.17195129394531,-88.32841491699219,28.874420166015625,32.04812240600586,-37.95583724975586,85.50665283203125,-35.17195129394531,-88.32841491699219,28.874420166015625,28.245270711024133
12.407,0,32.09040832519531,-38.0140495300293,85.53156280517578,-35.17475891113281,-88.36994934082031,28.782737731933594,32.09040832519531,-38.0140495300293,85.53156280517578,-35.17475891113281,-88.36994934082031,28.782737731933594,28.245270711024133
12.444,0,32.113182067871094,-38.28564453125,85.57806396484375,-34.97334671020508,-88.34388732910156,28.664087295532227,32.113182067871094,-38.28564453125,85.57806396484375,-34.97334671020508,-88.34388732910156,28.664087295532227,28.37573385518591
12.482,0,32.01991271972656,-38.15187072753906,85.53167724609375,-35.027259826660156,-88.35907745361328,28.80176544189453,32.01991271972656,-38.15187072753906,85.53167724609375,-35.027259826660156,-88.35907745361328,28.80176544189453,28.506196999347683
12.506,0,31.964324951171875,-37.67879867553711,85.43704223632812,-35.428863525390625,-88.38544464111328,29.09217643737793,31.964324951171875,-37.67879867553711,85.43704223632812,-35.428863525390625,-88.38544464111328,29.09217643737793,28.506196999347683
12.542,0,32.002323150634766,-37.76966094970703,85.45855712890625,-35.4005012512207,-88.43338012695312,28.973552703857422,32.002323150634766,-37.76966094970703,85.45855712890625,-35.4005012512207,-88.43338012695312,28.973552703857422,28.506196999347683
12.574,0,32.03341293334961,-37.991737365722656,85.49127960205078,-35.2476692199707,-88.41376495361328,28.880420684814453,32.03341293334961,-37.991737365722656,85.49127960205078,-35.2476692199707,-88.41376495361328,28.880420684814453,28.506196999347683
12.611,0,31.947956085205078,-37.82929229736328,85.43506622314453,-35.318817138671875,-88.43380737304688,29.014095306396484,31.947956085205078,-37.82929229736328,85.43506622314453,-35.318817138671875,-88.43380737304688,29.014095306396484,28.701891715590342
12.643,0,31.86709213256836,-37.398956298828125,85.33426666259766,-35.65971755981445,-88.45533752441406,29.289339065551758,31.86709213256836,-37.398956298828125,85.33426666259766,-35.65971755981445,-88.45533752441406,29.289339065551758,28.701891715590342
12.672,0,31.905723571777344,-37.44377136230469,85.32299041748047,-35.65367126464844,-88.5064926147461,29.16980743408203,31.905723571777344,-37.44377136230469,85.32299041748047,-35.65367126464844,-88.5064926147461,29.16980743408203,28.701891715590342
12.713,0,31.927532196044922,-37.65863800048828,85.35457611083984,-35.49566650390625,-88.48567962646484,29.082080841064453,31.927532196044922,-37.65863800048828,85.35457611083984,-35.49566650390625,-88.48567962646484,29.082080841064453,28.767123287671232
12.749,0,31.826763153076172,-37.46806335449219,85.29662322998047,-35.58552551269531,-88.5020523071289,29.225494384765625,31.826763153076172,-37.46806335449219,85.29662322998047,-35.58552551269531,-88.5020523071289,29.225494384765625,28.83235485975212
12.775,0,31.770305633544922,-37.01958465576172,85.20175170898438,-35.94727325439453,-88.51543426513672,29.50232696533203,31.770305633544922,-37.01958465576172,85.20175170898438,-35.94727325439453,-88.51543426513672,29.50232696533203,28.83235485975212
12.806,0,31.811275482177734,-37.092227935791016,85.20831298828125,-35.939117431640625,-88.5516357421875,29.37195587158203,31.811275482177734,-37.092227935791016,85.20831298828125,-35.939117431640625,-88.5516357421875,29.37195587158203,28.83235485975212
12.850,0,31.836841583251953,-37.27369689941406,85.24211883544922,-35.82163619995117,-88.533935546875,29.29021453857422,31.836841583251953,-37.27369689941406,85.24211883544922,-35.82163619995117,-88.533935546875,29.29021453857422,29.02804957599478
12.872,0,31.738311767578125,-37.117759704589844,85.19559478759766,-35.882389068603516,-88.55095672607422,29.442373275756836,31.738311767578125,-37.117759704589844,85.19559478759766,-35.882389068603516,-88.55095672607422,29.442373275756836,29.09328114807567
12.908,0,31.674022674560547,-36.684593200683594,85.10623168945312,-36.22405242919922,-88.55309295654297,29.694494247436523,31.674022674560547,-36.684593200683594,85.10623168945312,-36.22405242919922,-88.55309295654297,29.694494247436523,29.09328114807567
12.946,0,31.716022491455078,-36.8052978515625,85.13248443603516,-36.196861267089844,-88.58682250976562,29.54599380493164,31.716022491455078,-36.8052978515625,85.13248443603516,-36.196861267089844,-88.58682250976562,29.54599380493164,29.09328114807567
12.974,0,31.734508514404297,-36.96377182006836,85.14698791503906,-36.07537078857422,-88.56048583984375,29.441251754760742,31.734508514404297,-36.96377182006836,85.14698791503906,-36.07537078857422,-88.56048583984375,29.441251754760742,29.158512720156555
13.012,0,31.631633758544922,-36.781700134277344,85.08768463134766,-36.14995574951172,-88.57157897949219,29.588363647460938,31.631633758544922,-36.781700134277344,85.08768463134766,-36.14995574951172,-88.57157897949219,29.588363647460938,29.22374429223744
13.041,0,31.5751953125,-36.35966491699219,85.00110626220703,-36.47580337524414,-88.57678985595703,29.84329605102539,31.5751953125,-36.35966491699219,85.00110626220703,-36.47580337524414,-88.57678985595703,29.84329605102539,29.22374429223744
13.080,0,31.617290496826172,-36.467735290527344,85.00799560546875,-36.447174072265625,-88.61495971679688,29.706344604492188,31.617290496826172,-36.467735290527344,85.00799560546875,-36.447174072265625,-88.61495971679688,29.706344604492188,29.22374429223744
13.108,0,31.718231201171875,-36.5504264831543,85.02056121826172,-36.45383834838867,-88.63601684570312,29.575855255126953,31.718231201171875,-36.5504264831543,85.02056121826172,-36.45383834838867,-88.63601684570312,29.575855255126953,29.288975864318328
13.147,0,31.6199951171875,-36.376548767089844,84.96305084228516,-36.52644348144531,-88.64812469482422,29.731277465820312,31.6199951171875,-36.376548767089844,84.96305084228516,-36.52644348144531,-88.64812469482422,29.731277465820312,29.419439008480104
13.173,0,31.566287994384766,-35.90696716308594,84.86722564697266,-36.90533447265625,-88.66021728515625,30.008106231689453,31.566287994384766,-35.90696716308594,84.86722564697266,-36.90533447265625,-88.66021728515625,30.008106231689453,29.419439008480104
13.215,0,31.61014175415039,-35.97875213623047,84.8797378540039,-36.91568374633789,-88.69654083251953,29.887733459472656,31.61014175415039,-35.97875213623047,84.8797378540039,-36.91568374633789,-88.69654083251953,29.887733459472656,29.48467058056099
13.242,0,31.696266174316406,-36.040306091308594,84.87301635742188,-36.9273681640625,-88.71205139160156,29.760356903076172,31.696266174316406,-36.040306091308594,84.87301635742188,-36.9273681640625,-88.71205139160156,29.760356903076172,29.48467058056099
13.283,0,31.614978790283203,-35.845603942871094,84.80958557128906,-37.01816940307617,-88.72119140625,29.941469192504883,31.614978790283203,-35.845603942871094,84.80958557128906,-37.01816940307617,-88.72119140625,29.941469192504883,29.615133724722764
13.310,0,31.565025329589844,-35.346458435058594,84.72294616699219,-37.44026184082031,-88.74002075195312,30.25261878967285,31.565025329589844,-35.346458435058594,84.72294616699219,-37.44026184082031,-88.74002075195312,30.25261878967285,29.615133724722764
13.348,0,31.616878509521484,-35.36908721923828,84.72724151611328,-37.492088317871094,-88.77105712890625,30.121877670288086,31.616878509521484,-35.36908721923828,84.72724151611328,-37.492088317871094,-88.77105712890625,30.121877670288086,29.615133724722764
13.377,0,31.714046478271484,-35.47157287597656,84.73194122314453,-37.475120544433594,-88.78404998779297,29.991565704345703,31.714046478271484,-35.47157287597656,84.73194122314453,-37.475120544433594,-88.78404998779297,29.991565704345703,29.74559686888454
13.416,0,31.639808654785156,-35.28485107421875,84.66000366210938,-37.558380126953125,-88.78768920898438,30.119590759277344,31.639808654785156,-35.28485107421875,84.66000366210938,-37.558380126953125,-88.78768920898438,30.119590759277344,29.876060013046313
13.442,0,31.58538818359375,-34.74135971069336,84.56629943847656,-38.0219612121582,-88.806884765625,30.451356887817383,31.58538818359375,-34.74135971069336,84.56629943847656,-38.0219612121582,-88.806884765625,30.451356887817383,29.876060013046313
13.484,0,31.63991928100586,-34.727962493896484,84.56145477294922,-38.09814453125,-88.83326721191406,30.303810119628906,31.63991928100586,-34.727962493896484,84.56145477294922,-38.09814453125,-88.83326721191406,30.303810119628906,29.876060013046313
13.509,0,31.730133056640625,-34.793846130371094,84.55441284179688,-38.1048698425293,-88.83943176269531,30.17594337463379,31.730133056640625,-34.793846130371094,84.55441284179688,-38.1048698425293,-88.83943176269531,30.17594337463379,29.876060013046313
13.550,0,31.657100677490234,-34.55741882324219,84.47882843017578,-38.228981018066406,-88.84628295898438,30.32052230834961,31.657100677490234,-34.55741882324219,84.47882843017578,-38.228981018066406,-88.84628295898438,30.32052230834961,30.006523157208086
13.588,0,31.59949493408203,-34.04389190673828,84.3827896118164,-38.643714904785156,-88.85995483398438,30.63296127319336,31.59949493408203,-34.04389190673828,84.3827896118164,-38.643714904785156,-88.85995483398438,30.63296127319336,30.006523157208086
13.608,0,31.652259826660156,-34.010337829589844,84.3698959350586,-38.734500885009766,-88.8889389038086,30.51616668701172,31.652259826660156,-34.010337829589844,84.3698959350586,-38.734500885009766,-88.8889389038086,30.51616668701172,30.006523157208086
13.650,0,31.745731353759766,-34.004302978515625,84.33985137939453,-38.79059600830078,-88.89189147949219,30.385974884033203,31.745731353759766,-34.004302978515625,84.33985137939453,-38.79059600830078,-88.89189147949219,30.385974884033203,30.006523157208086
13.681,0,31.673641204833984,-33.82139205932617,84.26676940917969,-38.863582611083984,-88.89137268066406,30.502727508544922,31.673641204833984,-33.82139205932617,84.26676940917969,-38.863582611083984,-88.89137268066406,30.502727508544922,30.136986301369863
13.712,0,31.62139129638672,-33.30500793457031,84.14691162109375,-39.28404235839844,-88.89202880859375,30.81972885131836,31.62139129638672,-33.30500793457031,84.14691162109375,-39.28404235839844,-88.89202880859375,30.81972885131836,30.20221787345075
13.748,0,31.67455291748047,-33.26921463012695,84.14091491699219,-39.37385940551758,-88.9217529296875,30.694408416748047,31.67455291748047,-33.26921463012695,84.14091491699219,-39.37385940551758,-88.9217529296875,30.694408416748047,30.20221787345075
13.777,0,31.75212860107422,-33.19445037841797,84.11034393310547,-39.513328552246094,-88.92325592041016,30.61734390258789,31.75212860107422,-33.19445037841797,84.11034393310547,-39.513328552246094,-88.92325592041016,30.61734390258789,30.267449445531636
13.816,0,31.68729019165039,-33.098533630371094,84.03102111816406,-39.50410461425781,-88.92800903320312,30.688270568847656,31.68729019165039,-33.098533630371094,84.03102111816406,-39.50410461425781,-88.92800903320312,30.688270568847656,30.332681017612522
13.846,0,31.636734008789062,-32.63040542602539,83.92733764648438,-39.8948974609375,-88.92591857910156,30.976329803466797,31.636734008789062,-32.63040542602539,83.92733764648438,-39.8948974609375,-88.92591857910156,30.976329803466797,30.332681017612522
13.882,0,31.680156707763672,-32.5712890625,83.91405487060547,-39.999515533447266,-88.95484161376953,30.852073669433594,31.680156707763672,-32.5712890625,83.91405487060547,-39.999515533447266,-88.95484161376953,30.852073669433594,30.332681017612522
13.914,0,31.761009216308594,-32.46623992919922,83.86837005615234,-40.149864196777344,-88.95280456542969,30.73002815246582,31.761009216308594,-32.46623992919922,83.86837005615234,-40.149864196777344,-88.95280456542969,30.73002815246582,30.4631441617743
13.948,0,31.70156478881836,-32.371429443359375,83.78311920166016,-40.14802169799805,-88.95186614990234,30.78830909729004,31.70156478881836,-32.371429443359375,83.78311920166016,-40.14802169799805,-88.95186614990234,30.78830909729004,30.59360730593607
13.980,0,31.658042907714844,-31.828462600708008,83.66259002685547,-40.616065979003906,-88.94495391845703,31.073074340820312,31.658042907714844,-31.828462600708008,83.66259002685547,-40.616065979003906,-88.94495391845703,31.073074340820312,30.59360730593607
14.015,0,31.688961029052734,-31.768001556396484,83.64605712890625,-40.71421432495117,-88.96916961669922,30.944656372070312,31.688961029052734,-31.768001556396484,83.64605712890625,-40.71421432495117,-88.96916961669922,30.944656372070312,30.59360730593607
14.047,0,31.77847671508789,-31.579484939575195,83.56692504882812,-40.929351806640625,-88.96414184570312,30.834396362304688,31.77847671508789,-31.579484939575195,83.56692504882812,-40.929351806640625,-88.96414184570312,30.834396362304688,30.658838878016958
14.084,0,31.722332000732422,-31.4459228515625,83.45774841308594,-40.93943786621094,-88.9645767211914,30.881362915039062,31.722332000732422,-31.4459228515625,83.45774841308594,-40.93943786621094,-88.9645767211914,30.881362915039062,30.724070450097845
14.113,0,31.676109313964844,-30.841655731201172,83.32308959960938,-41.450599670410156,-88.94976043701172,31.18320083618164,31.676109313964844,-30.841655731201172,83.32308959960938,-41.450599670410156,-88.94976043701172,31.18320083618164,30.724070450097845
14.151,0,31.710384368896484,-30.768341064453125,83.30590057373047,-41.567623138427734,-88.97496032714844,31.058073043823242,31.710384368896484,-30.768341064453125,83.30590057373047,-41.567623138427734,-88.97496032714844,31.058073043823242,30.724070450097845
14.180,0,31.798412322998047,-30.581981658935547,83.22457122802734,-41.777809143066406,-88.96977233886719,30.935665130615234,31.798412322998047,-30.581981658935547,83.22457122802734,-41.777809143066406,-88.96977233886719,30.935665130615234,30.724070450097845
14.216,0,31.749462127685547,-30.41533851623535,83.11943054199219,-41.82547378540039,-88.96560668945312,31.007740020751953,31.749462127685547,-30.41533851623535,83.11943054199219,-41.82547378540039,-88.96560668945312,31.007740020751953,30.85453359425962
14.247,0,31.702789306640625,-29.927921295166016,83.00787353515625,-42.24089050292969,-88.955322265625,31.25786590576172,31.702789306640625,-29.927921295166016,83.00787353515625,-42.24089050292969,-88.955322265625,31.25786590576172,30.85453359425962
14.285,0,31.741127014160156,-29.817340850830078,82.97920227050781,-42.39601135253906,-88.97926330566406,31.120502471923828,31.741127014160156,-29.817340850830078,82.97920227050781,-42.39601135253906,-88.97926330566406,31.120502471923828,30.85453359425962
14.313,0,31.84127426147461,-29.601905822753906,82.90813446044922,-42.65111541748047,-88.97361755371094,31.00229263305664,31.84127426147461,-29.601905822753906,82.90813446044922,-42.65111541748047,-88.97361755371094,31.00229263305664,30.919765166340508
14.354,0,31.80019760131836,-29.510440826416016,82.79795837402344,-42.61615753173828,-88.97142791748047,31.04768180847168,31.80019760131836,-29.510440826416016,82.79795837402344,-42.61615753173828,-88.97142791748047,31.04768180847168,30.984996738421394
14.380,0,31.74847412109375,-29.01821517944336,82.69268035888672,-43.051544189453125,-88.96630096435547,31.270597457885742,31.74847412109375,-29.01821517944336,82.69268035888672,-43.051544189453125,-88.96630096435547,31.270597457885742,30.984996738421394
14.419,0,31.774810791015625,-28.889699935913086,82.64252471923828,-43.21188735961914,-88.9933853149414,31.115074157714844,31.774810791015625,-28.889699935913086,82.64252471923828,-43.21188735961914,-88.9933853149414,31.115074157714844,30.984996738421394
14.450,0,31.865020751953125,-28.695472717285156,82.58094787597656,-43.44265365600586,-88.98094177246094,30.989646911621094,31.865020751953125,-28.695472717285156,82.58094787597656,-43.44265365600586,-88.98094177246094,30.989646911621094,30.984996738421394
14.486,0,31.83258056640625,-28.617835998535156,82.48521423339844,-43.420021057128906,-88.98326110839844,31.01583480834961,31.83258056640625,-28.617835998535156,82.48521423339844,-43.420021057128906,-88.98326110839844,31.01583480834961,30.984996738421394
14.515,0,31.79621124267578,-28.352771759033203,82.3482437133789,-43.60200881958008,-88.99740600585938,31.09604263305664,31.79621124267578,-28.352771759033203,82.3482437133789,-43.60200881958008,-88.99740600585938,31.09604263305664,30.984996738421394
14.552,0,31.743488311767578,-27.63194465637207,82.153564453125,-44.214866638183594,-89.00968933105469,31.374610900878906,31.743488311767578,-27.63194465637207,82.153564453125,-44.214866638183594,-89.00968933105469,31.374610900878906,30.984996738421394
14.582,0,31.81631851196289,-27.51267433166504,82.14110565185547,-44.36760711669922,-89.009765625,31.235929489135742,31.81631851196289,-27.51267433166504,82.14110565185547,-44.36760711669922,-89.009765625,31.235929489135742,30.984996738421394
14.619,0,31.86929702758789,-27.4920654296875,82.1022720336914,-44.40793228149414,-88.98412322998047,31.065893173217773,31.86929702758789,-27.4920654296875,82.1022720336914,-44.40793228149414,-88.98412322998047,31.065893173217773,30.984996738421394
14.649,0,31.85967254638672,-27.228591918945312,81.96484375,-44.59015655517578,-88.99954986572266,31.109434127807617,31.85967254638672,-27.228591918945312,81.96484375,-44.59015655517578,-88.99954986572266,31.109434127807617,30.984996738421394
14.685,0,31.803943634033203,-26.465415954589844,81.7538833618164,-45.225982666015625,-89.01085662841797,31.381572723388672,31.803943634033203,-26.465415954589844,81.7538833618164,-45.225982666015625,-89.01085662841797,31.381572723388672,30.984996738421394
14.716,0,31.87671661376953,-26.328861236572266,81.74567413330078,-45.401371002197266,-89.01175689697266,31.24398422241211,31.87671661376953,-26.328861236572266,81.74567413330078,-45.401371002197266,-89.01175689697266,31.24398422241211,30.984996738421394
14.753,0,31.93710708618164,-26.26725959777832,81.69657135009766,-45.4769401550293,-88.98299407958984,31.060110092163086,31.93710708618164,-26.26725959777832,81.69657135009766,-45.4769401550293,-88.98299407958984,31.060110092163086,30.984996738421394
14.781,0,31.935348510742188,-26.00316619873047,81.55564880371094,-45.64057922363281,-88.99313354492188,31.104175567626953,31.935348510742188,-26.00316619873047,81.55564880371094,-45.64057922363281,-88.99313354492188,31.104175567626953,30.984996738421394
14.820,0,31.891536712646484,-25.360206604003906,81.38780212402344,-46.203880310058594,-88.99677276611328,31.307762145996094,31.891536712646484,-25.360206604003906,81.38780212402344,-46.203880310058594,-88.99677276611328,31.307762145996094,30.984996738421394
14.850,0,31.951000213623047,-25.22344970703125,81.36691284179688,-46.36484909057617,-88.99851989746094,31.15342903137207,31.951000213623047,-25.22344970703125,81.36691284179688,-46.36484909057617,-88.99851989746094,31.15342903137207,30.984996738421394
14.888,0,32.0197639465332,-25.161375045776367,81.31900024414062,-46.447479248046875,-88.97315979003906,30.96406364440918,32.0197639465332,-25.161375045776367,81.31900024414062,-46.447479248046875,-88.97315979003906,30.96406364440918,30.984996738421394
14.915,0,32.049983978271484,-25.06201171875,81.24676513671875,-46.48249816894531,-88.98313903808594,30.94332504272461,32.049983978271484,-25.06201171875,81.24676513671875,-46.48249816894531,-88.98313903808594,30.94332504272461,30.984996738421394
14.955,0,32.020076751708984,-24.573650360107422,81.1462631225586,-46.93859100341797,-88.97331237792969,31.115951538085938,32.020076751708984,-24.573650360107422,81.1462631225586,-46.93859100341797,-88.97331237792969,31.115951538085938,30.984996738421394
14.987,0,32.09489059448242,-24.44537353515625,81.11668395996094,-47.09254837036133,-88.96619415283203,30.9415283203125,32.09489059448242,-24.44537353515625,81.11668395996094,-47.09254837036133,-88.96619415283203,30.9415283203125,30.984996738421394
15.020,0,32.152774810791016,-24.314090728759766,81.06611633300781,-47.233734130859375,-88.93589782714844,30.753477096557617,32.152774810791016,-24.314090728759766,81.06611633300781,-47.233734130859375,-88.93589782714844,30.753477096557617,30.984996738421394
15.053,0,32.164676666259766,-24.143985748291016,80.94498443603516,-47.30845260620117,-88.94966888427734,30.74695587158203,32.164676666259766,-24.143985748291016,80.94498443603516,-47.30845260620117,-88.94966888427734,30.74695587158203,30.984996738421394
15.089,0,32.166664123535156,-23.875877380371094,80.79853820800781,-47.49340057373047,-88.97166442871094,30.764633178710938,32.166664123535156,-23.875877380371094,80.79853820800781,-47.49340057373047,-88.97166442871094,30.764633178710938,30.984996738421394
15.117,0,32.16447830200195,-23.254091262817383,80.66571807861328,-48.01762390136719,-88.95580291748047,30.993743896484375,32.16447830200195,-23.254091262817383,80.66571807861328,-48.01762390136719,-88.95580291748047,30.993743896484375,30.984996738421394
15.156,0,32.23636245727539,-23.17633056640625,80.6173324584961,-48.1119270324707,-88.92642211914062,30.789640426635742,32.23636245727539,-23.17633056640625,80.6173324584961,-48.1119270324707,-88.92642211914062,30.789640426635742,30.984996738421394
15.183,0,32.31919479370117,-23.014835357666016,80.55709838867188,-48.32423400878906,-88.91911315917969,30.578514099121094,32.31919479370117,-23.014835357666016,80.55709838867188,-48.32423400878906,-88.91911315917969,30.578514099121094,30.984996738421394
15.223,0,32.3282470703125,-22.7651309967041,80.39997863769531,-48.47113800048828,-88.94608306884766,30.553916931152344,32.3282470703125,-22.7651309967041,80.39997863769531,-48.47113800048828,-88.94608306884766,30.553916931152344,30.984996738421394
15.251,0,32.40264129638672,-22.599266052246094,80.35728454589844,-48.656402587890625,-88.93141174316406,30.378841400146484,32.40264129638672,-22.599266052246094,80.35728454589844,-48.656402587890625,-88.93141174316406,30.378841400146484,30.85453359425962
15.290,0,32.440982818603516,-22.545040130615234,80.34130859375,-48.69473648071289,-88.91848754882812,30.164527893066406,32.440982818603516,-22.545040130615234,80.34130859375,-48.69473648071289,-88.91848754882812,30.164527893066406,30.724070450097845
15.318,0,32.52802658081055,-22.419055938720703,80.26686096191406,-48.851192474365234,-88.90559387207031,29.952167510986328,32.52802658081055,-22.419055938720703,80.26686096191406,-48.851192474365234,-88.90559387207031,29.952167510986328,30.59360730593607
15.358,0,32.52931213378906,-21.880176544189453,80.13121795654297,-49.29624938964844,-88.90766906738281,30.09125518798828,32.52931213378906,-21.880176544189453,80.13121795654297,-49.29624938964844,-88.90766906738281,30.09125518798828,30.4631441617743
15.390,0,32.56001663208008,-21.364774703979492,79.99970245361328,-49.70219802856445,-88.89119720458984,30.24434471130371,32.56001663208008,-21.364774703979492,79.99970245361328,-49.70219802856445,-88.89119720458984,30.24434471130371,30.267449445531636
15.432,0,32.63903045654297,-21.2396297454834,79.90394592285156,-49.80867004394531,-88.85753631591797,30.034648895263672,32.63903045654297,-21.2396297454834,79.90394592285156,-49.80867004394531,-88.85753631591797,30.034648895263672,30.20221787345075
15.450,0,32.63929748535156,-20.935853958129883,79.7571792602539,-49.96324157714844,-88.86106872558594,30.08755874633789,32.63929748535156,-20.935853958129883,79.7571792602539,-49.96324157714844,-88.86106872558594,30.08755874633789,30.20221787345075
15.496,0,32.646644592285156,-20.719470977783203,79.61331176757812,-50.04206466674805,-88.86763000488281,30.139163970947266,32.646644592285156,-20.719470977783203,79.61331176757812,-50.04206466674805,-88.86763000488281,30.139163970947266,30.20221787345075
15.529,0,32.733482360839844,-20.6081600189209,79.58824157714844,-50.189212799072266,-88.8516616821289,29.92282485961914,32.733482360839844,-20.6081600189209,79.58824157714844,-50.189212799072266,-88.8516616821289,29.92282485961914,30.20221787345075
15.557,0,32.823970794677734,-20.471824645996094,79.48723602294922,-50.28900909423828,-88.82476806640625,29.687679290771484,32.823970794677734,-20.471824645996094,79.48723602294922,-50.28900909423828,-88.82476806640625,29.687679290771484,30.20221787345075
15.591,0,32.92649459838867,-20.312864303588867,79.39630126953125,-50.48016357421875,-88.8143081665039,29.439271926879883,32.92649459838867,-20.312864303588867,79.39630126953125,-50.48016357421875,-88.8143081665039,29.439271926879883,30.20221787345075
15.623,0,32.9890022277832,-20.200735092163086,79.41199493408203,-50.61455154418945,-88.79055786132812,29.55995750427246,32.9890022277832,-20.200735092163086,79.41199493408203,-50.61455154418945,-88.79055786132812,29.55995750427246,30.136986301369863
15.653,0,33.073917388916016,-20.092777252197266,79.38338470458984,-50.765708923339844,-88.78563690185547,29.33936309814453,33.073917388916016,-20.092777252197266,79.38338470458984,-50.765708923339844,-88.78563690185547,29.33936309814453,29.876060013046313
15.687,0,33.13957214355469,-19.979909896850586,79.30313873291016,-50.87074661254883,-88.75492095947266,29.1119384765625,33.13957214355469,-19.979909896850586,79.30313873291016,-50.87074661254883,-88.75492095947266,29.1119384765625,29.74559686888454
15.727,0,33.16630935668945,-20.00208282470703,79.33427429199219,-50.893131256103516,-88.7472152709961,29.206920623779297,33.16630935668945,-20.00208282470703,79.33427429199219,-50.893131256103516,-88.7472152709961,29.206920623779297,29.68036529680365
15.755,0,33.23820877075195,-19.97066307067871,79.41932678222656,-51.00455093383789,-88.71648406982422,29.291358947753906,33.23820877075195,-19.97066307067871,79.41932678222656,-51.00455093383789,-88.71648406982422,29.291358947753906,29.48467058056099
15.792,0,33.328697204589844,-19.91405487060547,79.41497802734375,-51.119346618652344,-88.70523071289062,29.056503295898438,33.328697204589844,-19.91405487060547,79.41497802734375,-51.119346618652344,-88.70523071289062,29.056503295898438,29.354207436399214
15.821,0,33.390357971191406,-19.77358627319336,79.29265594482422,-51.20368194580078,-88.66592407226562,28.81292724609375,33.390357971191406,-19.77358627319336,79.29265594482422,-51.20368194580078,-88.66592407226562,28.81292724609375,29.354207436399214
15.866,0,33.3944206237793,-19.514263153076172,79.18743896484375,-51.381866455078125,-88.66487884521484,28.86321449279785,33.3944206237793,-19.514263153076172,79.18743896484375,-51.381866455078125,-88.66487884521484,28.86321449279785,29.288975864318328
15.887,0,33.464691162109375,-19.46363067626953,79.22367858886719,-51.47484588623047,-88.64228820800781,28.912067413330078,33.464691162109375,-19.46363067626953,79.22367858886719,-51.47484588623047,-88.64228820800781,28.912067413330078,29.09328114807567
15.928,0,33.54975509643555,-19.360055923461914,79.20913696289062,-51.63841247558594,-88.63533020019531,28.668498992919922,33.54975509643555,-19.360055923461914,79.20913696289062,-51.63841247558594,-88.63533020019531,28.668498992919922,29.02804957599478
15.954,0,33.5989990234375,-19.188783645629883,79.08904266357422,-51.764671325683594,-88.60095977783203,28.44214630126953,33.5989990234375,-19.188783645629883,79.08904266357422,-51.764671325683594,-88.60095977783203,28.44214630126953,29.02804957599478
15.994,0,33.70164489746094,-19.09543228149414,78.98198699951172,-51.75815963745117,-88.58580780029297,28.468097686767578,33.70164489746094,-19.09543228149414,78.98198699951172,-51.75815963745117,-88.58580780029297,28.468097686767578,28.897586431833005
16.026,0,33.77521514892578,-18.856264114379883,79.04608154296875,-52.10005569458008,-88.55726623535156,28.691326141357422,33.77521514892578,-18.856264114379883,79.04608154296875,-52.10005569458008,-88.55726623535156,28.691326141357422,28.701891715590342
16.066,0,33.882179260253906,-18.780344009399414,79.05762481689453,-52.265357971191406,-88.54893493652344,28.464397430419922,33.882179260253906,-18.780344009399414,79.05762481689453,-52.265357971191406,-88.54893493652344,28.464397430419922,28.636660143509456
16.089,0,33.93658447265625,-18.661510467529297,78.97037506103516,-52.35756301879883,-88.51056671142578,28.22795867919922,33.93658447265625,-18.661510467529297,78.97037506103516,-52.35756301879883,-88.51056671142578,28.22795867919922,28.636660143509456
16.128,0,33.971927642822266,-18.50328826904297,78.83509063720703,-52.41291809082031,-88.50630950927734,28.225088119506836,33.971927642822266,-18.50328826904297,78.83509063720703,-52.41291809082031,-88.50630950927734,28.225088119506836,28.636660143509456
16.155,0,33.99677276611328,-18.068937301635742,78.69310760498047,-52.788578033447266,-88.51780700683594,28.384885787963867,33.99677276611328,-18.068937301635742,78.69310760498047,-52.788578033447266,-88.51780700683594,28.384885787963867,28.506196999347683
16.195,0,34.09087371826172,-17.980785369873047,78.69751739501953,-52.944923400878906,-88.50788116455078,28.1595458984375,34.09087371826172,-17.980785369873047,78.69751739501953,-52.944923400878906,-88.50788116455078,28.1595458984375,28.440965427266796
16.223,0,34.139835357666016,-17.86081886291504,78.62287902832031,-53.051910400390625,-88.46316528320312,27.91666603088379,34.139835357666016,-17.86081886291504,78.62287902832031,-53.051910400390625,-88.46316528320312,27.91666603088379,28.37573385518591
16.262,0,34.138309478759766,-17.696992874145508,78.50606536865234,-53.128238677978516,-88.4561538696289,27.90318489074707,34.138309478759766,-17.696992874145508,78.50606536865234,-53.128238677978516,-88.4561538696289,27.90318489074707,28.37573385518591
16.289,0,34.14269256591797,-17.285375595092773,78.37382507324219,-53.47690963745117,-88.46623229980469,28.054824829101562,34.14269256591797,-17.285375595092773,78.37382507324219,-53.47690963745117,-88.46623229980469,28.054824829101562,28.245270711024133
16.329,0,34.23014831542969,-17.19265365600586,78.37484741210938,-53.641963958740234,-88.4566421508789,27.831323623657227,34.23014831542969,-17.19265365600586,78.37484741210938,-53.641963958740234,-88.4566421508789,27.831323623657227,28.049575994781474
16.360,0,34.2653694152832,-17.041975021362305,78.31149291992188,-53.80119323730469,-88.42176818847656,27.605098724365234,34.2653694152832,-17.041975021362305,78.31149291992188,-53.80119323730469,-88.42176818847656,27.605098724365234,28.049575994781474
16.393,0,34.24787902832031,-16.858844757080078,78.17159271240234,-53.889442443847656,-88.42182922363281,27.5953426361084,34.24787902832031,-16.858844757080078,78.17159271240234,-53.889442443847656,-88.42182922363281,27.5953426361084,28.049575994781474
16.426,0,34.229530334472656,-16.4151668548584,78.03963470458984,-54.289161682128906,-88.43107604980469,27.739656448364258,34.229530334472656,-16.4151668548584,78.03963470458984,-54.289161682128906,-88.43107604980469,27.739656448364258,27.984344422700584
16.461,0,34.22212600708008,-16.420072555541992,78.01556396484375,-54.246803283691406,-88.44029998779297,27.67179298400879,34.22212600708008,-16.420072555541992,78.01556396484375,-54.246803283691406,-88.44029998779297,27.67179298400879,27.85388127853881
16.493,0,34.25041580200195,-16.235279083251953,77.92727661132812,-54.42066192626953,-88.4032211303711,27.454051971435547,34.25041580200195,-16.235279083251953,77.92727661132812,-54.42066192626953,-88.4032211303711,27.454051971435547,27.788649706457925
16.530,0,34.24717712402344,-16.05565643310547,77.81047821044922,-54.50932312011719,-88.39649200439453,27.46795082092285,34.24717712402344,-16.05565643310547,77.81047821044922,-54.50932312011719,-88.39649200439453,27.46795082092285,27.788649706457925
16.559,0,34.23995590209961,-15.65502643585205,77.66559600830078,-54.84748458862305,-88.40875244140625,27.616249084472656,34.23995590209961,-15.65502643585205,77.66559600830078,-54.84748458862305,-88.40875244140625,27.616249084472656,27.723418134377038
16.597,0,34.255558013916016,-15.690975189208984,77.65597534179688,-54.779396057128906,-88.4202880859375,27.507781982421875,34.255558013916016,-15.690975189208984,77.65597534179688,-54.779396057128906,-88.4202880859375,27.507781982421875,27.65818656229615
16.625,0,34.28420639038086,-15.506235122680664,77.56788635253906,-54.969947814941406,-88.38864135742188,27.28934097290039,34.28420639038086,-15.506235122680664,77.56788635253906,-54.969947814941406,-88.38864135742188,27.28934097290039,27.65818656229615
16.664,0,34.25571060180664,-15.26161003112793,77.42283630371094,-55.113121032714844,-88.38799285888672,27.29685401916504,34.25571060180664,-15.26161003112793,77.42283630371094,-55.113121032714844,-88.38799285888672,27.29685401916504,27.65818656229615
16.693,0,34.23506546020508,-14.813703536987305,77.26468658447266,-55.49989318847656,-88.4002456665039,27.443378448486328,34.23506546020508,-14.813703536987305,77.26468658447266,-55.49989318847656,-88.4002456665039,27.443378448486328,27.65818656229615
16.730,0,34.21625518798828,-14.774584770202637,77.23979187011719,-55.509376525878906,-88.41129302978516,27.37167739868164,34.21625518798828,-14.774584770202637,77.23979187011719,-55.509376525878906,-88.41129302978516,27.37167739868164,27.65818656229615
16.761,0,34.245445251464844,-14.582719802856445,77.14508819580078,-55.71245574951172,-88.38543701171875,27.149410247802734,34.245445251464844,-14.582719802856445,77.14508819580078,-55.71245574951172,-88.38543701171875,27.149410247802734,27.65818656229615
16.797,0,34.22453308105469,-14.334981918334961,77.00233459472656,-55.85020446777344,-88.37250518798828,27.24102783203125,34.22453308105469,-14.334981918334961,77.00233459472656,-55.85020446777344,-88.37250518798828,27.24102783203125,27.65818656229615
16.826,0,34.19574737548828,-13.840054512023926,76.83072662353516,-56.27491760253906,-88.39714050292969,27.407861709594727,34.19574737548828,-13.840054512023926,76.83072662353516,-56.27491760253906,-88.39714050292969,27.407861709594727,27.59295499021526
16.869,0,34.17634201049805,-13.792866706848145,76.80101776123047,-56.287208557128906,-88.4026870727539,27.334949493408203,34.17634201049805,-13.792866706848145,76.80101776123047,-56.287208557128906,-88.4026870727539,27.334949493408203,27.397260273972602
16.902,0,34.18754196166992,-13.574596405029297,76.681640625,-56.48649597167969,-88.373779296875,27.13553237915039,34.18754196166992,-13.574596405029297,76.681640625,-56.48649597167969,-88.373779296875,27.13553237915039,27.397260273972602
16.941,0,34.15823745727539,-13.287836074829102,76.51326751708984,-56.67082214355469,-88.36810302734375,27.175739288330078,34.15823745727539,-13.287836074829102,76.51326751708984,-56.67082214355469,-88.36810302734375,27.175739288330078,27.397260273972602
16.958,0,34.17282485961914,-13.272082328796387,76.5091781616211,-56.707637786865234,-88.3825912475586,27.20938491821289,34.17282485961914,-13.272082328796387,76.5091781616211,-56.707637786865234,-88.3825912475586,27.20938491821289,27.397260273972602
17.001,0,34.15205764770508,-13.221632957458496,76.46882629394531,-56.714805603027344,-88.39038848876953,27.12814712524414,34.15205764770508,-13.221632957458496,76.46882629394531,-56.714805603027344,-88.39038848876953,27.12814712524414,27.266797129810826
17.029,0,34.175559997558594,-13.019750595092773,76.36652374267578,-56.915191650390625,-88.362060546875,26.922178268432617,34.175559997558594,-13.019750595092773,76.36652374267578,-56.915191650390625,-88.362060546875,26.922178268432617,27.266797129810826
17.068,0,34.162864685058594,-12.977824211120605,76.30121612548828,-56.919708251953125,-88.36341094970703,26.803150177001953,34.162864685058594,-12.977824211120605,76.30121612548828,-56.919708251953125,-88.36341094970703,26.803150177001953,27.266797129810826
17.100,0,34.17083740234375,-12.928203582763672,76.28102111816406,-56.972694396972656,-88.38545989990234,26.877649307250977,34.17083740234375,-12.928203582763672,76.28102111816406,-56.972694396972656,-88.38545989990234,26.877649307250977,27.266797129810826
17.129,0,34.1667594909668,-12.878549575805664,76.24959564208984,-56.995506286621094,-88.3986587524414,26.814769744873047,34.1667594909668,-12.878549575805664,76.24959564208984,-56.995506286621094,-88.3986587524414,26.814769744873047,27.266797129810826
17.171,0,34.18375015258789,-12.681442260742188,76.14068603515625,-57.17925262451172,-88.36836242675781,26.609046936035156,34.18375015258789,-12.681442260742188,76.14068603515625,-57.17925262451172,-88.36836242675781,26.609046936035156,27.136333985649053
17.194,0,34.1656379699707,-12.646604537963867,76.0798110961914,-57.16838073730469,-88.36286926269531,26.49991226196289,34.1656379699707,-12.646604537963867,76.0798110961914,-57.16838073730469,-88.36286926269531,26.49991226196289,27.00587084148728
17.236,0,34.175201416015625,-12.647699356079102,76.07817840576172,-57.18504333496094,-88.38436889648438,26.542770385742188,34.175201416015625,-12.647699356079102,76.07817840576172,-57.18504333496094,-88.38436889648438,26.542770385742188,26.875407697325503
17.262,0,34.15711212158203,-12.577982902526855,76.04327392578125,-57.21287536621094,-88.39661407470703,26.506505966186523,34.15711212158203,-12.577982902526855,76.04327392578125,-57.21287536621094,-88.39661407470703,26.506505966186523,26.74494455316373
17.304,0,34.17207336425781,-12.353500366210938,75.92676544189453,-57.424957275390625,-88.37437438964844,26.322967529296875,34.17207336425781,-12.353500366210938,75.92676544189453,-57.424957275390625,-88.37437438964844,26.322967529296875,26.74494455316373
17.331,0,34.152549743652344,-12.31706428527832,75.84745788574219,-57.392860412597656,-88.37181091308594,26.24869155883789,34.152549743652344,-12.31706428527832,75.84745788574219,-57.392860412597656,-88.37181091308594,26.24869155883789,26.74494455316373
17.370,0,34.15504455566406,-12.260418891906738,75.82825469970703,-57.44148635864258,-88.38904571533203,26.340564727783203,34.15504455566406,-12.260418891906738,75.82825469970703,-57.44148635864258,-88.38904571533203,26.340564727783203,26.679712981082844
17.396,0,34.1286735534668,-12.185179710388184,75.79135131835938,-57.4720458984375,-88.398681640625,26.311796188354492,34.1286735534668,-12.185179710388184,75.79135131835938,-57.4720458984375,-88.398681640625,26.311796188354492,26.48401826484018
17.437,0,34.13871765136719,-11.981343269348145,75.67543029785156,-57.65104293823242,-88.3729476928711,26.137435913085938,34.13871765136719,-11.981343269348145,75.67543029785156,-57.65104293823242,-88.3729476928711,26.137435913085938,26.48401826484018
17.463,0,34.103519439697266,-11.951009750366211,75.61537170410156,-57.62898635864258,-88.36006164550781,26.044206619262695,34.103519439697266,-11.951009750366211,75.61537170410156,-57.62898635864258,-88.36006164550781,26.044206619262695,26.48401826484018
17.504,0,34.10612487792969,-11.99325180053711,75.62616729736328,-57.59857177734375,-88.38512420654297,26.067289352416992,34.10612487792969,-11.99325180053711,75.62616729736328,-57.59857177734375,-88.38512420654297,26.067289352416992,26.48401826484018
17.531,0,34.0897216796875,-11.971138000488281,75.60456848144531,-57.5787239074707,-88.3898696899414,25.996566772460938,34.0897216796875,-11.971138000488281,75.60456848144531,-57.5787239074707,-88.3898696899414,25.996566772460938,26.418786692759294
17.572,0,34.08932113647461,-11.780515670776367,75.47189331054688,-57.71614074707031,-88.36609649658203,25.824840545654297,34.08932113647461,-11.780515670776367,75.47189331054688,-57.71614074707031,-88.36609649658203,25.824840545654297,26.28832354859752
17.597,0,34.053260803222656,-11.749492645263672,75.41694641113281,-57.69076919555664,-88.34786987304688,25.743465423583984,34.053260803222656,-11.749492645263672,75.41694641113281,-57.69076919555664,-88.34786987304688,25.743465423583984,26.22309197651663
17.638,0,34.05270767211914,-11.782868385314941,75.43211364746094,-57.67023468017578,-88.36663818359375,25.77737045288086,34.05270767211914,-11.782868385314941,75.43211364746094,-57.67023468017578,-88.36663818359375,25.77737045288086,26.09262883235486
17.665,0,34.02619934082031,-11.73851490020752,75.38888549804688,-57.649627685546875,-88.3721694946289,25.733964920043945,34.02619934082031,-11.73851490020752,75.38888549804688,-57.649627685546875,-88.3721694946289,25.733964920043945,25.962165688193085
17.709,0,34.022464752197266,-11.556819915771484,75.26933288574219,-57.79307556152344,-88.34320068359375,25.56702423095703,34.022464752197266,-11.556819915771484,75.26933288574219,-57.79307556152344,-88.34320068359375,25.56702423095703,25.962165688193085
17.734,0,33.995758056640625,-11.527412414550781,75.20723724365234,-57.766563415527344,-88.32766723632812,25.517141342163086,33.995758056640625,-11.527412414550781,75.20723724365234,-57.766563415527344,-88.32766723632812,25.517141342163086,25.962165688193085
17.775,0,34.035400390625,-11.60103988647461,75.2978286743164,-57.7430305480957,-88.33332824707031,25.577922821044922,34.035400390625,-11.60103988647461,75.2978286743164,-57.7430305480957,-88.33332824707031,25.577922821044922,25.766470971950422
17.803,0,34.01189041137695,-11.570615768432617,75.25930786132812,-57.71620178222656,-88.34173583984375,25.54583168029785,34.01189041137695,-11.570615768432617,75.25930786132812,-57.71620178222656,-88.34173583984375,25.54583168029785,25.766470971950422
17.837,0,34.01187515258789,-11.432727813720703,75.15054321289062,-57.82412338256836,-88.31507873535156,25.387020111083984,34.01187515258789,-11.432727813720703,75.15054321289062,-57.82412338256836,-88.31507873535156,25.387020111083984,25.766470971950422
17.869,0,34.00843048095703,-11.417863845825195,75.0726089477539,-57.76327896118164,-88.29733276367188,25.325101852416992,34.00843048095703,-11.417863845825195,75.0726089477539,-57.76327896118164,-88.29733276367188,25.325101852416992,25.766470971950422
17.903,0,34.04450607299805,-11.455220222473145,75.15392303466797,-57.76388931274414,-88.31647491455078,25.411352157592773,34.04450607299805,-11.455220222473145,75.15392303466797,-57.76388931274414,-88.31647491455078,25.411352157592773,25.766470971950422
17.932,0,34.016700744628906,-11.440910339355469,75.10991668701172,-57.71128845214844,-88.33393859863281,25.400798797607422,34.016700744628906,-11.440910339355469,75.10991668701172,-57.71128845214844,-88.33393859863281,25.400798797607422,25.701239399869536
17.973,0,34.02099609375,-11.355748176574707,75.02092742919922,-57.785133361816406,-88.3105697631836,25.233129501342773,34.02099609375,-11.355748176574707,75.02092742919922,-57.785133361816406,-88.3105697631836,25.233129501342773,25.63600782778865
18.001,0,33.98728942871094,-11.35804557800293,74.96168518066406,-57.71778869628906,-88.28590393066406,25.174936294555664,33.98728942871094,-11.35804557800293,74.96168518066406,-57.71778869628906,-88.28590393066406,25.174936294555664,25.570776255707763
18.037,0,34.015159606933594,-11.387773513793945,75.04318237304688,-57.73003387451172,-88.30667114257812,25.27164649963379,34.015159606933594,-11.387773513793945,75.04318237304688,-57.73003387451172,-88.30667114257812,25.27164649963379,25.570776255707763
18.069,0,33.979454040527344,-11.378812789916992,75.00454711914062,-57.675514221191406,-88.31537628173828,25.263383865356445,33.979454040527344,-11.378812789916992,75.00454711914062,-57.675514221191406,-88.31537628173828,25.263383865356445,25.3750815394651
18.107,0,33.980804443359375,-11.308366775512695,74.90393829345703,-57.71515655517578,-88.28968811035156,25.092456817626953,33.980804443359375,-11.308366775512695,74.90393829345703,-57.71515655517578,-88.28968811035156,25.092456817626953,25.3750815394651
18.135,0,33.93708038330078,-11.316007614135742,74.85355377197266,-57.64805603027344,-88.2626953125,25.033945083618164,33.93708038330078,-11.316007614135742,74.85355377197266,-57.64805603027344,-88.2626953125,25.033945083618164,25.3750815394651
18.172,0,33.95756912231445,-11.337496757507324,74.95779418945312,-57.68458557128906,-88.27232360839844,25.145015716552734,33.95756912231445,-11.337496757507324,74.95779418945312,-57.68458557128906,-88.27232360839844,25.145015716552734,25.3750815394651
18.205,0,33.94154357910156,-11.35713005065918,74.94638061523438,-57.62894821166992,-88.28605651855469,25.111907958984375,33.94154357910156,-11.35713005065918,74.94638061523438,-57.62894821166992,-88.28605651855469,25.111907958984375,25.3750815394651
18.236,0,33.93758773803711,-11.267414093017578,74.83198547363281,-57.678321838378906,-88.26434326171875,24.94710922241211,33.93758773803711,-11.267414093017578,74.83198547363281,-57.678321838378906,-88.26434326171875,24.94710922241211,25.3750815394651
18.275,0,33.90324020385742,-11.301825523376465,74.7903823852539,-57.6026611328125,-88.24620819091797,24.88068199157715,33.90324020385742,-11.301825523376465,74.7903823852539,-57.6026611328125,-88.24620819091797,24.88068199157715,25.3750815394651
18.304,0,33.92247772216797,-11.356042861938477,74.89400482177734,-57.60376739501953,-88.25282287597656,24.964815139770508,33.92247772216797,-11.356042861938477,74.89400482177734,-57.60376739501953,-88.25282287597656,24.964815139770508,25.244618395303327
18.341,0,33.9060173034668,-11.348655700683594,74.87644958496094,-57.575016021728516,-88.26663208007812,24.95459747314453,33.9060173034668,-11.348655700683594,74.87644958496094,-57.575016021728516,-88.26663208007812,24.95459747314453,25.11415525114155
18.370,0,33.89299011230469,-11.245933532714844,74.77130889892578,-57.636749267578125,-88.23734283447266,24.78687858581543,33.89299011230469,-11.245933532714844,74.77130889892578,-57.636749267578125,-88.23734283447266,24.78687858581543,25.11415525114155
18.410,0,33.86342239379883,-11.288444519042969,74.72913360595703,-57.55570602416992,-88.2202377319336,24.71997833251953,33.86342239379883,-11.288444519042969,74.72913360595703,-57.55570602416992,-88.2202377319336,24.71997833251953,25.11415525114155
18.438,0,33.883872985839844,-11.303443908691406,74.837646484375,-57.59735870361328,-88.22661590576172,24.83121681213379,33.883872985839844,-11.303443908691406,74.837646484375,-57.59735870361328,-88.22661590576172,24.83121681213379,25.048923679060664
18.474,0,33.86519241333008,-11.254791259765625,74.81462860107422,-57.611961364746094,-88.24637603759766,24.855199813842773,33.86519241333008,-11.254791259765625,74.81462860107422,-57.611961364746094,-88.24637603759766,24.855199813842773,24.983692106979777
18.506,0,33.84914779663086,-11.180693626403809,74.71952819824219,-57.66315841674805,-88.21380615234375,24.69347381591797,33.84914779663086,-11.180693626403809,74.71952819824219,-57.66315841674805,-88.21380615234375,24.69347381591797,24.983692106979777
18.540,0,33.80861282348633,-10.94959831237793,74.64933013916016,-57.839622497558594,-88.18531799316406,24.79945182800293,33.80861282348633,-10.94959831237793,74.64933013916016,-57.839622497558594,-88.18531799316406,24.79945182800293,24.983692106979777
18.570,0,33.82033157348633,-10.961884498596191,74.75749206542969,-57.889713287353516,-88.19883728027344,24.931297302246094,33.82033157348633,-10.961884498596191,74.75749206542969,-57.889713287353516,-88.19883728027344,24.931297302246094,24.983692106979777
18.610,0,33.8038215637207,-10.895376205444336,74.73284149169922,-57.91770935058594,-88.21479034423828,24.975936889648438,33.8038215637207,-10.895376205444336,74.73284149169922,-57.91770935058594,-88.21479034423828,24.975936889648438,24.983692106979777
18.639,0,33.78239059448242,-10.790681838989258,74.62266540527344,-57.98534393310547,-88.18873596191406,24.843490600585938,33.78239059448242,-10.790681838989258,74.62266540527344,-57.98534393310547,-88.18873596191406,24.843490600585938,24.983692106979777
18.676,0,33.736881256103516,-10.576417922973633,74.56085205078125,-58.143577575683594,-88.16390991210938,24.947412490844727,33.736881256103516,-10.576417922973633,74.56085205078125,-58.143577575683594,-88.16390991210938,24.947412490844727,24.983692106979777
18.704,0,33.75486373901367,-10.561880111694336,74.66693878173828,-58.216888427734375,-88.17827606201172,25.088584899902344,33.75486373901367,-10.561880111694336,74.66693878173828,-58.216888427734375,-88.17827606201172,25.088584899902344,24.983692106979777
18.745,0,33.729984283447266,-10.529070854187012,74.6719970703125,-58.24101257324219,-88.19187927246094,25.116424560546875,33.729984283447266,-10.529070854187012,74.6719970703125,-58.24101257324219,-88.19187927246094,25.116424560546875,24.983692106979777
18.769,0,33.71184539794922,-10.447248458862305,74.57350158691406,-58.291839599609375,-88.16504669189453,24.963136672973633,33.71184539794922,-10.447248458862305,74.57350158691406,-58.291839599609375,-88.16504669189453,24.963136672973633,24.983692106979777
18.811,0,33.68451690673828,-10.45635986328125,74.53390502929688,-58.24302673339844,-88.15523529052734,24.928741455078125,33.68451690673828,-10.45635986328125,74.53390502929688,-58.24302673339844,-88.15523529052734,24.928741455078125,24.983692106979777
18.837,0,33.69215774536133,-10.472740173339844,74.64720916748047,-58.29920959472656,-88.1671371459961,25.04387664794922,33.69215774536133,-10.472740173339844,74.64720916748047,-58.29920959472656,-88.1671371459961,25.04387664794922,24.983692106979777
18.879,0,33.67475128173828,-10.459041595458984,74.65556335449219,-58.30304718017578,-88.17382049560547,25.051061630249023,33.67475128173828,-10.459041595458984,74.65556335449219,-58.30304718017578,-88.17382049560547,25.051061630249023,24.983692106979777
18.904,0,33.65064239501953,-10.350271224975586,74.54644775390625,-58.37218475341797,-88.15363311767578,24.907333374023438,33.65064239501953,-10.350271224975586,74.54644775390625,-58.37218475341797,-88.15363311767578,24.907333374023438,24.983692106979777
18.945,0,33.61035919189453,-10.193015098571777,74.50247192382812,-58.48028564453125,-88.14139556884766,24.974571228027344,33.61035919189453,-10.193015098571777,74.50247192382812,-58.48028564453125,-88.14139556884766,24.974571228027344,24.983692106979777
18.974,0,33.62014389038086,-10.185399055480957,74.60952758789062,-58.562744140625,-88.16222381591797,25.11273956298828,33.62014389038086,-10.185399055480957,74.60952758789062,-58.562744140625,-88.16222381591797,25.11273956298828,24.983692106979777
19.008,0,33.59099578857422,-10.152297973632812,74.61236572265625,-58.58430480957031,-88.17068481445312,25.151752471923828,33.59099578857422,-10.152297973632812,74.61236572265625,-58.58430480957031,-88.17068481445312,25.151752471923828,24.983692106979777
19.041,0,33.567543029785156,-10.044605255126953,74.49421691894531,-58.64362335205078,-88.15200805664062,25.01475715637207,33.567543029785156,-10.044605255126953,74.49421691894531,-58.64362335205078,-88.15200805664062,25.01475715637207,24.983692106979777
19.075,0,33.546512603759766,-10.206729888916016,74.56993865966797,-58.52643585205078,-88.12226104736328,24.9940242767334,33.546512603759766,-10.206729888916016,74.56993865966797,-58.52643585205078,-88.12226104736328,24.9940242767334,24.983692106979777
19.108,0,33.57457733154297,-10.257573127746582,74.69832611083984,-58.541290283203125,-88.12100982666016,25.108531951904297,33.57457733154297,-10.257573127746582,74.69832611083984,-58.541290283203125,-88.12100982666016,25.108531951904297,24.983692106979777
19.145,0,33.558128356933594,-10.347099304199219,74.71160125732422,-58.434391021728516,-88.13064575195312,25.096519470214844,33.558128356933594,-10.347099304199219,74.71160125732422,-58.434391021728516,-88.13064575195312,25.096519470214844,24.983692106979777
19.173,0,33.55678176879883,-10.29145622253418,74.62098693847656,-58.482086181640625,-88.0826416015625,24.97223472595215,33.55678176879883,-10.29145622253418,74.62098693847656,-58.482086181640625,-88.0826416015625,24.97223472595215,24.983692106979777
19.212,0,33.565338134765625,-10.372665405273438,74.66857147216797,-58.4754753112793,-88.13114166259766,24.98098373413086,33.565338134765625,-10.372665405273438,74.66857147216797,-58.4754753112793,-88.13114166259766,24.98098373413086,24.983692106979777
19.240,0,33.56527328491211,-10.405059814453125,74.78102111816406,-58.514163970947266,-88.14832305908203,25.13106918334961,33.56527328491211,-10.405059814453125,74.78102111816406,-58.514163970947266,-88.14832305908203,25.13106918334961,24.983692106979777
19.278,0,33.54554748535156,-10.467438697814941,74.79956817626953,-58.44300079345703,-88.16199493408203,25.167612075805664,33.54554748535156,-10.467438697814941,74.79956817626953,-58.44300079345703,-88.16199493408203,25.167612075805664,24.983692106979777
19.307,0,33.54114532470703,-10.412147521972656,74.7108154296875,-58.48851013183594,-88.10452270507812,25.068559646606445,33.54114532470703,-10.412147521972656,74.7108154296875,-58.48851013183594,-88.10452270507812,25.068559646606445,24.983692106979777
19.342,0,33.51638412475586,-10.571968078613281,74.787109375,-58.366233825683594,-88.07349395751953,25.08942985534668,33.51638412475586,-10.571968078613281,74.787109375,-58.366233825683594,-88.07349395751953,25.08942985534668,24.983692106979777
19.377,0,33.534637451171875,-10.640775680541992,74.9195327758789,-58.36705780029297,-88.07333374023438,25.22627067565918,33.534637451171875,-10.640775680541992,74.9195327758789,-58.36705780029297,-88.07333374023438,25.22627067565918,24.983692106979777
19.409,0,33.433719635009766,-10.739188194274902,74.94425201416016,-58.213497161865234,-88.07609558105469,25.27326202392578,33.433719635009766,-10.739188194274902,74.94425201416016,-58.213497161865234,-88.07609558105469,25.27326202392578,24.983692106979777
19.444,0,33.410152435302734,-10.67821979522705,74.84014129638672,-58.25157165527344,-88.07118225097656,25.188791275024414,33.410152435302734,-10.67821979522705,74.84014129638672,-58.25157165527344,-88.07118225097656,25.188791275024414,24.983692106979777
19.476,0,33.4115104675293,-10.779972076416016,74.90530395507812,-58.24421691894531,-88.1174087524414,25.210512161254883,33.4115104675293,-10.779972076416016,74.90530395507812,-58.24421691894531,-88.1174087524414,25.210512161254883,24.983692106979777
19.511,0,33.42892837524414,-10.893146514892578,75.05752563476562,-58.218936920166016,-88.10291290283203,25.34995460510254,33.42892837524414,-10.893146514892578,75.05752563476562,-58.218936920166016,-88.10291290283203,25.34995460510254,24.983692106979777
19.544,0,33.40772247314453,-11.062217712402344,75.120849609375,-58.074913024902344,-88.10498046875,25.381664276123047,33.40772247314453,-11.062217712402344,75.120849609375,-58.074913024902344,-88.10498046875,25.381664276123047,24.983692106979777
19.578,0,33.40290832519531,-11.038585662841797,75.04180908203125,-58.0959587097168,-88.05078125,25.28453254699707,33.40290832519531,-11.038585662841797,75.04180908203125,-58.0959587097168,-88.05078125,25.28453254699707,24.983692106979777
19.610,0,33.40192794799805,-11.159624099731445,75.11942291259766,-58.07756423950195,-88.09354400634766,25.303327560424805,33.40192794799805,-11.159624099731445,75.11942291259766,-58.07756423950195,-88.09354400634766,25.303327560424805,24.983692106979777
19.646,0,33.423423767089844,-11.285305976867676,75.28276824951172,-58.05529022216797,-88.08892822265625,25.458059310913086,33.423423767089844,-11.285305976867676,75.28276824951172,-58.05529022216797,-88.08892822265625,25.458059310913086,24.983692106979777
19.675,0,33.32656478881836,-11.476480484008789,75.34417724609375,-57.84223175048828,-88.08334350585938,25.48115348815918,33.32656478881836,-11.476480484008789,75.34417724609375,-57.84223175048828,-88.08334350585938,25.48115348815918,24.983692106979777
19.713,0,33.31605529785156,-11.444066047668457,75.26705932617188,-57.87712097167969,-88.03147888183594,25.41086196899414,33.31605529785156,-11.444066047668457,75.26705932617188,-57.87712097167969,-88.03147888183594,25.41086196899414,24.983692106979777
19.743,0,33.32122039794922,-11.583786010742188,75.34183502197266,-57.83131790161133,-88.07299041748047,25.428407669067383,33.32122039794922,-11.583786010742188,75.34183502197266,-57.83131790161133,-88.07299041748047,25.428407669067383,25.048923679060664
19.780,0,33.34365463256836,-11.712106704711914,75.52229309082031,-57.822269439697266,-88.06952667236328,25.57984161376953,33.34365463256836,-11.712106704711914,75.52229309082031,-57.822269439697266,-88.06952667236328,25.57984161376953,25.11415525114155
19.810,0,33.23723220825195,-11.869709968566895,75.57963562011719,-57.625587463378906,-88.06693267822266,25.65325927734375,33.23723220825195,-11.869709968566895,75.57963562011719,-57.625587463378906,-88.06693267822266,25.65325927734375,25.11415525114155
19.842,0,33.227500915527344,-11.849751472473145,75.50245666503906,-57.64198684692383,-88.01993560791016,25.582788467407227,33.227500915527344,-11.849751472473145,75.50245666503906,-57.64198684692383,-88.01993560791016,25.582788467407227,25.179386823222437
19.884,0,33.23711395263672,-11.991020202636719,75.57539367675781,-57.608551025390625,-88.06819152832031,25.586578369140625,33.23711395263672,-11.991020202636719,75.57539367675781,-57.608551025390625,-88.06819152832031,25.586578369140625,25.3750815394651
19.907,0,33.256568908691406,-12.149027824401855,75.7575454711914,-57.56895065307617,-88.06535339355469,25.737926483154297,33.256568908691406,-12.149027824401855,75.7575454711914,-57.56895065307617,-88.06535339355469,25.737926483154297,25.3750815394651
19.950,0,33.155540466308594,-12.340349197387695,75.79783630371094,-57.32694625854492,-88.07064819335938,25.771284103393555,33.155540466308594,-12.340349197387695,75.79783630371094,-57.32694625854492,-88.07064819335938,25.771284103393555,25.3750815394651
19.976,0,33.15261459350586,-12.305475234985352,75.71501159667969,-57.36039733886719,-88.03788757324219,25.68862533569336,33.15261459350586,-12.305475234985352,75.71501159667969,-57.36039733886719,-88.03788757324219,25.68862533569336,25.3750815394651
20.017,0,33.17121887207031,-12.483692169189453,75.78882598876953,-57.29464340209961,-88.08694458007812,25.701881408691406,33.17121887207031,-12.483692169189453,75.78882598876953,-57.29464340209961,-88.08694458007812,25.701881408691406,25.3750815394651
20.043,0,33.181392669677734,-12.614408493041992,75.93260955810547,-57.24658203125,-88.08613586425781,25.82295036315918,33.181392669677734,-12.614408493041992,75.93260955810547,-57.24658203125,-88.08613586425781,25.82295036315918,25.3750815394651
20.084,0,33.07145690917969,-12.692414283752441,75.96794891357422,-57.111610412597656,-88.08758544921875,25.92570686340332,33.07145690917969,-12.692414283752441,75.96794891357422,-57.111610412597656,-88.08758544921875,25.92570686340332,25.3750815394651
20.110,0,33.06311798095703,-12.665817260742188,75.8809814453125,-57.12997055053711,-88.04684448242188,25.837173461914062,33.06311798095703,-12.665817260742188,75.8809814453125,-57.12997055053711,-88.04684448242188,25.837173461914062,25.3750815394651
20.151,0,33.0588264465332,-12.82961654663086,75.96786499023438,-57.071311950683594,-88.08732604980469,25.837444305419922,33.0588264465332,-12.82961654663086,75.96786499023438,-57.071311950683594,-88.08732604980469,25.837444305419922,25.3750815394651
20.175,0,33.06922149658203,-12.986948013305664,76.11825561523438,-56.999691009521484,-88.08496856689453,25.94753646850586,33.06922149658203,-12.986948013305664,76.11825561523438,-56.999691009521484,-88.08496856689453,25.94753646850586,25.440313111545986
20.219,0,32.971885681152344,-13.168455123901367,76.16189575195312,-56.769378662109375,-88.08363342285156,25.953353881835938,32.971885681152344,-13.168455123901367,76.16189575195312,-56.769378662109375,-88.08363342285156,25.953353881835938,25.570776255707763
20.244,0,32.97661209106445,-13.14590072631836,76.05986785888672,-56.78443145751953,-88.05532836914062,25.85576629638672,32.97661209106445,-13.14590072631836,76.05986785888672,-56.78443145751953,-88.05532836914062,25.85576629638672,25.63600782778865
20.284,0,32.96649932861328,-13.314017295837402,76.130859375,-56.71522521972656,-88.1026611328125,25.850074768066406,32.96649932861328,-13.314017295837402,76.130859375,-56.71522521972656,-88.1026611328125,25.850074768066406,25.63600782778865
20.312,0,32.97797775268555,-13.45109748840332,76.27555084228516,-56.66507339477539,-88.10809326171875,25.985078811645508,32.97797775268555,-13.45109748840332,76.27555084228516,-56.66507339477539,-88.10809326171875,25.985078811645508,25.63600782778865
20.345,0,32.88319396972656,-13.624654769897461,76.29605865478516,-56.416133880615234,-88.1103744506836,25.98241424560547,32.88319396972656,-13.624654769897461,76.29605865478516,-56.416133880615234,-88.1103744506836,25.98241424560547,25.63600782778865
20.384,0,32.882232666015625,-13.597413063049316,76.19439697265625,-56.423484802246094,-88.07869720458984,25.894750595092773,32.882232666015625,-13.597413063049316,76.19439697265625,-56.423484802246094,-88.07869720458984,25.894750595092773,25.63600782778865
20.417,0,32.88067626953125,-13.744050979614258,76.23564147949219,-56.34153366088867,-88.1223373413086,25.880075454711914,32.88067626953125,-13.744050979614258,76.23564147949219,-56.34153366088867,-88.1223373413086,25.880075454711914,25.63600782778865
20.450,0,32.89535903930664,-13.852733612060547,76.36347198486328,-56.295631408691406,-88.134765625,26.003297805786133,32.89535903930664,-13.852733612060547,76.36347198486328,-56.295631408691406,-88.134765625,26.003297805786133,25.63600782778865
20.482,0,32.777671813964844,-13.899408340454102,76.35899353027344,-56.139015197753906,-88.13544464111328,26.09922218322754,32.777671813964844,-13.899408340454102,76.35899353027344,-56.139015197753906,-88.13544464111328,26.09922218322754,25.63600782778865
20.516,0,32.77685546875,-13.892714500427246,76.26164245605469,-56.130455017089844,-88.1034164428711,25.99666976928711,32.77685546875,-13.892714500427246,76.26164245605469,-56.130455017089844,-88.1034164428711,25.99666976928711,25.63600782778865
20.548,0,32.77680587768555,-14.065160751342773,76.31156158447266,-56.032737731933594,-88.14444732666016,25.98111915588379,32.77680587768555,-14.065160751342773,76.31156158447266,-56.032737731933594,-88.14444732666016,25.98111915588379,25.63600782778865
20.584,0,32.792457580566406,-14.185026168823242,76.44252014160156,-55.969696044921875,-88.15367126464844,26.09800910949707,32.792457580566406,-14.185026168823242,76.44252014160156,-55.969696044921875,-88.15367126464844,26.09800910949707,25.63600782778865
20.613,0,32.678409576416016,-14.29182243347168,76.44904327392578,-55.75912857055664,-88.15560150146484,26.158315658569336,32.678409576416016,-14.29182243347168,76.44904327392578,-55.75912857055664,-88.15560150146484,26.158315658569336,25.63600782778865
20.652,0,32.673213958740234,-14.270648956298828,76.33304595947266,-55.73609161376953,-88.10335540771484,26.055635452270508,32.673213958740234,-14.270648956298828,76.33304595947266,-55.73609161376953,-88.10335540771484,26.055635452270508,25.63600782778865
20.680,0,32.67926788330078,-14.409722328186035,76.38276672363281,-55.65427017211914,-88.144775390625,26.051433563232422,32.67926788330078,-14.409722328186035,76.38276672363281,-55.65427017211914,-88.144775390625,26.051433563232422,25.766470971950422
20.719,0,32.68707275390625,-14.525673866271973,76.48768615722656,-55.57320022583008,-88.15020751953125,26.185077667236328,32.68707275390625,-14.525673866271973,76.48768615722656,-55.57320022583008,-88.15020751953125,26.185077667236328,25.766470971950422
20.748,0,32.574031829833984,-14.611644744873047,76.48070526123047,-55.37187194824219,-88.1542739868164,26.23305892944336,32.574031829833984,-14.611644744873047,76.48070526123047,-55.37187194824219,-88.1542739868164,26.23305892944336,25.766470971950422
20.787,0,32.57081604003906,-14.625533103942871,76.38043975830078,-55.32366943359375,-88.10772705078125,26.141098022460938,32.57081604003906,-14.625533103942871,76.38043975830078,-55.32366943359375,-88.10772705078125,26.141098022460938,25.766470971950422
20.813,0,32.581790924072266,-14.767019271850586,76.42848205566406,-55.232627868652344,-88.15365600585938,26.138547897338867,32.581790924072266,-14.767019271850586,76.42848205566406,-55.232627868652344,-88.15365600585938,26.138547897338867,25.83170254403131
20.852,0,32.59954833984375,-14.842772483825684,76.5239028930664,-55.17751693725586,-88.16288757324219,26.270252227783203,32.59954833984375,-14.842772483825684,76.5239028930664,-55.17751693725586,-88.16288757324219,26.270252227783203,25.896934116112195
20.884,0,32.490074157714844,-14.950477600097656,76.5478744506836,-54.975791931152344,-88.1717529296875,26.372146606445312,32.490074157714844,-14.950477600097656,76.5478744506836,-54.975791931152344,-88.1717529296875,26.372146606445312,25.896934116112195
20.918,0,32.49171829223633,-14.970239639282227,76.45012664794922,-54.92747116088867,-88.12934875488281,26.287439346313477,32.49171829223633,-14.970239639282227,76.45012664794922,-54.92747116088867,-88.12934875488281,26.287439346313477,25.896934116112195
20.948,0,32.501434326171875,-15.10628890991211,76.5017318725586,-54.85630798339844,-88.17151641845703,26.261478424072266,32.501434326171875,-15.10628890991211,76.5017318725586,-54.85630798339844,-88.17151641845703,26.261478424072266,25.896934116112195
20.986,0,32.506656646728516,-15.213067054748535,76.59966278076172,-54.7640380859375,-88.1377944946289,26.369253158569336,32.506656646728516,-15.213067054748535,76.59966278076172,-54.7640380859375,-88.1377944946289,26.369253158569336,26.027397260273972
21.015,0,32.41408920288086,-15.318086624145508,76.61558532714844,-54.57009506225586,-88.1501693725586,26.43800163269043,32.41408920288086,-15.318086624145508,76.61558532714844,-54.57009506225586,-88.1501693725586,26.43800163269043,26.027397260273972
21.054,0,32.422386169433594,-15.358343124389648,76.52906036376953,-54.51515197753906,-88.11500549316406,26.330852508544922,32.422386169433594,-15.358343124389648,76.52906036376953,-54.51515197753906,-88.11500549316406,26.330852508544922,26.027397260273972
21.082,0,32.42789840698242,-15.498306274414062,76.57575988769531,-54.44358825683594,-88.1620101928711,26.318618774414062,32.42789840698242,-15.498306274414062,76.57575988769531,-54.44358825683594,-88.1620101928711,26.318618774414062,26.027397260273972
21.121,0,32.43541717529297,-15.653545379638672,76.68116760253906,-54.305564880371094,-88.13469696044922,26.411584854125977,32.43541717529297,-15.653545379638672,76.68116760253906,-54.305564880371094,-88.13469696044922,26.411584854125977,26.027397260273972
21.149,0,32.34067916870117,-15.7321138381958,76.68368530273438,-54.1221809387207,-88.14578247070312,26.49174690246582,32.34067916870117,-15.7321138381958,76.68368530273438,-54.1221809387207,-88.14578247070312,26.49174690246582,26.027397260273972
21.186,0,32.35378646850586,-15.768265724182129,76.59021759033203,-54.05894470214844,-88.11524200439453,26.377368927001953,32.35378646850586,-15.768265724182129,76.59021759033203,-54.05894470214844,-88.11524200439453,26.377368927001953,26.027397260273972
21.218,0,32.36188507080078,-15.809382438659668,76.56130981445312,-54.031654357910156,-88.16634368896484,26.36767578125,32.36188507080078,-15.809382438659668,76.56130981445312,-54.031654357910156,-88.16634368896484,26.36767578125,26.027397260273972
21.253,0,32.364158630371094,-15.881303787231445,76.66065216064453,-53.97856521606445,-88.13975524902344,26.498523712158203,32.364158630371094,-15.881303787231445,76.66065216064453,-53.97856521606445,-88.13975524902344,26.498523712158203,26.027397260273972
21.283,0,32.27072525024414,-15.941251754760742,76.64112854003906,-53.7979736328125,-88.15013885498047,26.552902221679688,32.27072525024414,-15.941251754760742,76.64112854003906,-53.7979736328125,-88.15013885498047,26.552902221679688,26.027397260273972
21.322,0,32.290313720703125,-15.99566650390625,76.55658721923828,-53.71730041503906,-88.11026763916016,26.434494018554688,32.290313720703125,-15.99566650390625,76.55658721923828,-53.71730041503906,-88.11026763916016,26.434494018554688,26.027397260273972
21.349,0,32.28871154785156,-15.976807594299316,76.45829772949219,-53.68537139892578,-88.17449951171875,26.39418601989746,32.28871154785156,-15.976807594299316,76.45829772949219,-53.68537139892578,-88.17449951171875,26.39418601989746,26.027397260273972
21.388,0,32.33029556274414,-16.015897750854492,76.56332397460938,-53.684959411621094,-88.18569946289062,26.521568298339844,32.33029556274414,-16.015897750854492,76.56332397460938,-53.684959411621094,-88.18569946289062,26.521568298339844,26.157860404435745
21.419,0,32.25402069091797,-16.143245697021484,76.53977966308594,-53.454532623291016,-88.20716094970703,26.53558921813965,32.25402069091797,-16.143245697021484,76.53977966308594,-53.454532623291016,-88.20716094970703,26.53558921813965,26.157860404435745
21.454,0,32.28311538696289,-16.186328887939453,76.4615249633789,-53.3939323425293,-88.16815185546875,26.41839027404785,32.28311538696289,-16.186328887939453,76.4615249633789,-53.3939323425293,-88.16815185546875,26.41839027404785,26.157860404435745
21.486,0,32.295040130615234,-16.150178909301758,76.3927001953125,-53.43779754638672,-88.22647857666016,26.387733459472656,32.295040130615234,-16.150178909301758,76.3927001953125,-53.43779754638672,-88.22647857666016,26.387733459472656,26.157860404435745
21.523,0,32.32984924316406,-16.198801040649414,76.48861694335938,-53.40937805175781,-88.22209167480469,26.507781982421875,32.32984924316406,-16.198801040649414,76.48861694335938,-53.40937805175781,-88.22209167480469,26.507781982421875,26.157860404435745
21.552,0,32.250511169433594,-16.220258712768555,76.46602630615234,-53.28923034667969,-88.24850463867188,26.593181610107422,32.250511169433594,-16.220258712768555,76.46602630615234,-53.28923034667969,-88.24850463867188,26.593181610107422,26.157860404435745
21.591,0,32.278079986572266,-16.246912002563477,76.38320922851562,-53.23152542114258,-88.20072937011719,26.455650329589844,32.278079986572266,-16.246912002563477,76.38320922851562,-53.23152542114258,-88.20072937011719,26.455650329589844,26.157860404435745
21.617,0,32.27307891845703,-16.19245719909668,76.30641174316406,-53.28160858154297,-88.25713348388672,26.455772399902344,32.27307891845703,-16.19245719909668,76.30641174316406,-53.28160858154297,-88.25713348388672,26.455772399902344,26.157860404435745
21.658,0,32.30414581298828,-16.22050666809082,76.39537048339844,-53.255165100097656,-88.23993682861328,26.60313606262207,32.30414581298828,-16.22050666809082,76.39537048339844,-53.255165100097656,-88.23993682861328,26.60313606262207,26.157860404435745
21.685,0,32.23806381225586,-16.279199600219727,76.36302947998047,-53.093605041503906,-88.26429748535156,26.653461456298828,32.23806381225586,-16.279199600219727,76.36302947998047,-53.093605041503906,-88.26429748535156,26.653461456298828,26.157860404435745
21.724,0,32.260108947753906,-16.26186752319336,76.26744079589844,-53.06978988647461,-88.2299575805664,26.544269561767578,32.260108947753906,-16.26186752319336,76.26744079589844,-53.06978988647461,-88.2299575805664,26.544269561767578,26.157860404435745
21.753,0,32.26378631591797,-16.177526473999023,76.18844604492188,-53.14945983886719,-88.28227233886719,26.518390655517578,32.26378631591797,-16.177526473999023,76.18844604492188,-53.14945983886719,-88.28227233886719,26.518390655517578,26.157860404435745
21.791,0,32.31877136230469,-16.23052978515625,76.29113006591797,-53.124176025390625,-88.27412414550781,26.644710540771484,32.31877136230469,-16.23052978515625,76.29113006591797,-53.124176025390625,-88.27412414550781,26.644710540771484,26.28832354859752
21.821,0,32.24921417236328,-16.200456619262695,76.28496551513672,-53.147727966308594,-88.31694793701172,26.754770278930664,32.24921417236328,-16.200456619262695,76.28496551513672,-53.147727966308594,-88.31694793701172,26.754770278930664,26.28832354859752
21.851,0,32.26667404174805,-16.145526885986328,76.19281768798828,-53.160316467285156,-88.27950286865234,26.618860244750977,32.26667404174805,-16.145526885986328,76.19281768798828,-53.160316467285156,-88.27950286865234,26.618860244750977,26.28832354859752
21.892,0,32.284629821777344,-16.090749740600586,76.13041687011719,-53.21855163574219,-88.3316879272461,26.630630493164062,32.284629821777344,-16.090749740600586,76.13041687011719,-53.21855163574219,-88.3316879272461,26.630630493164062,26.353555120678408
21.923,0,32.33785629272461,-16.091306686401367,76.27310180664062,-53.262939453125,-88.3171615600586,26.759620666503906,32.33785629272461,-16.091306686401367,76.27310180664062,-53.262939453125,-88.3171615600586,26.759620666503906,26.353555120678408
21.955,0,32.26241683959961,-16.057703018188477,76.27993774414062,-53.31916046142578,-88.35832214355469,26.867603302001953,32.26241683959961,-16.057703018188477,76.27993774414062,-53.31916046142578,-88.35832214355469,26.867603302001953,26.353555120678408
21.991,0,32.27668762207031,-16.010026931762695,76.19117736816406,-53.32710266113281,-88.3115005493164,26.760957717895508,32.27668762207031,-16.010026931762695,76.19117736816406,-53.32710266113281,-88.3115005493164,26.760957717895508,26.353555120678408
22.023,0,32.28021240234375,-15.977798461914062,76.15603637695312,-53.392677307128906,-88.35999298095703,26.739173889160156,32.28021240234375,-15.977798461914062,76.15603637695312,-53.392677307128906,-88.35999298095703,26.739173889160156,26.353555120678408
22.055,0,32.321380615234375,-16.029340744018555,76.31732177734375,-53.406192779541016,-88.34033966064453,26.888153076171875,32.321380615234375,-16.029340744018555,76.31732177734375,-53.406192779541016,-88.34033966064453,26.888153076171875,26.353555120678408
22.091,0,32.242855072021484,-16.05463409423828,76.32164001464844,-53.397422790527344,-88.37614440917969,26.943561553955078,32.242855072021484,-16.05463409423828,76.32164001464844,-53.397422790527344,-88.37614440917969,26.943561553955078,26.353555120678408
22.124,0,32.251583099365234,-16.00651741027832,76.2298583984375,-53.40364074707031,-88.33148193359375,26.814239501953125,32.251583099365234,-16.00651741027832,76.2298583984375,-53.40364074707031,-88.33148193359375,26.814239501953125,26.353555120678408
22.156,0,32.24433517456055,-15.976728439331055,76.19403076171875,-53.46205139160156,-88.38150024414062,26.82377815246582,32.24433517456055,-15.976728439331055,76.19403076171875,-53.46205139160156,-88.38150024414062,26.82377815246582,26.549249836921067
22.190,0,32.283775329589844,-16.007387161254883,76.35444641113281,-53.49904251098633,-88.36331939697266,26.882843017578125,32.283775329589844,-16.007387161254883,76.35444641113281,-53.49904251098633,-88.36331939697266,26.882843017578125,26.614481409001954
22.223,0,32.215579986572266,-16.091350555419922,76.38346862792969,-53.462284088134766,-88.4095458984375,26.948055267333984,32.215579986572266,-16.091350555419922,76.38346862792969,-53.462284088134766,-88.4095458984375,26.948055267333984,26.614481409001954
22.256,0,32.237548828125,-15.996834754943848,76.29425048828125,-53.517398834228516,-88.37308502197266,26.81291389465332,32.237548828125,-15.996834754943848,76.29425048828125,-53.517398834228516,-88.37308502197266,26.81291389465332,26.614481409001954
22.292,0,32.24716567993164,-15.952155113220215,76.22798156738281,-53.56512451171875,-88.4277572631836,26.788631439208984,32.24716567993164,-15.952155113220215,76.22798156738281,-53.56512451171875,-88.4277572631836,26.788631439208984,26.614481409001954
22.320,0,32.288551330566406,-15.928828239440918,76.38853454589844,-53.639923095703125,-88.40830993652344,26.938045501708984,32.288551330566406,-15.928828239440918,76.38853454589844,-53.639923095703125,-88.40830993652344,26.938045501708984,26.614481409001954
22.359,0,32.22137451171875,-15.952010154724121,76.3897933959961,-53.630218505859375,-88.45084381103516,26.982295989990234,32.22137451171875,-15.952010154724121,76.3897933959961,-53.630218505859375,-88.45084381103516,26.982295989990234,26.614481409001954
22.390,0,32.23979949951172,-15.936647415161133,76.34246063232422,-53.65312957763672,-88.41333770751953,26.866849899291992,32.23979949951172,-15.936647415161133,76.34246063232422,-53.65312957763672,-88.41333770751953,26.866849899291992,26.614481409001954
22.424,0,32.25544738769531,-15.914112091064453,76.28964233398438,-53.68347930908203,-88.457763671875,26.82963752746582,32.25544738769531,-15.914112091064453,76.28964233398438,-53.68347930908203,-88.457763671875,26.82963752746582,26.614481409001954
22.469,0,32.248313903808594,-15.8390531539917,76.2973861694336,-53.71659851074219,-88.47216033935547,26.88625144958496,32.248313903808594,-15.8390531539917,76.2973861694336,-53.71659851074219,-88.47216033935547,26.88625144958496,26.614481409001954
22.491,0,32.18214416503906,-15.80756664276123,76.29891967773438,-53.76338195800781,-88.50804901123047,26.96115493774414,32.18214416503906,-15.80756664276123,76.29891967773438,-53.76338195800781,-88.50804901123047,26.96115493774414,26.614481409001954
22.530,0,32.17039489746094,-15.843306541442871,76.27335357666016,-53.689369201660156,-88.49462890625,26.91625213623047,32.17039489746094,-15.843306541442871,76.27335357666016,-53.689369201660156,-88.49462890625,26.91625213623047,26.614481409001954
22.557,0,32.14323043823242,-15.67003345489502,76.32228088378906,-53.9275016784668,-88.50238800048828,27.06648826599121,32.14323043823242,-15.67003345489502,76.32228088378906,-53.9275016784668,-88.50238800048828,27.06648826599121,26.614481409001954
22.596,0,32.15707778930664,-15.488865852355957,76.38471221923828,-54.098663330078125,-88.47310638427734,27.19915771484375,32.15707778930664,-15.488865852355957,76.38471221923828,-54.098663330078125,-88.47310638427734,27.19915771484375,26.614481409001954
22.622,0,32.081050872802734,-15.471431732177734,76.40193176269531,-54.15144348144531,-88.50352478027344,27.25298309326172,32.081050872802734,-15.471431732177734,76.40193176269531,-54.15144348144531,-88.50352478027344,27.25298309326172,26.679712981082844
22.664,0,32.07594680786133,-15.556554794311523,76.4316177368164,-54.08130645751953,-88.49000549316406,27.22651481628418,32.07594680786133,-15.556554794311523,76.4316177368164,-54.08130645751953,-88.49000549316406,27.22651481628418,26.810176125244617
22.691,0,32.12698745727539,-15.465980529785156,76.38594055175781,-54.19396209716797,-88.52633666992188,27.200908660888672,32.12698745727539,-15.465980529785156,76.38594055175781,-54.19396209716797,-88.52633666992188,27.200908660888672,26.875407697325503
22.733,0,32.12452697753906,-15.356101989746094,76.3934326171875,-54.26420593261719,-88.53662109375,27.25827980041504,32.12452697753906,-15.356101989746094,76.3934326171875,-54.26420593261719,-88.53662109375,27.25827980041504,26.875407697325503
22.765,0,32.128868103027344,-15.21749210357666,76.27760314941406,-54.40436935424805,-88.55741119384766,27.14318084716797,32.128868103027344,-15.21749210357666,76.27760314941406,-54.40436935424805,-88.55741119384766,27.14318084716797,26.875407697325503
22.790,0,32.14940643310547,-15.119405746459961,76.22051239013672,-54.49662780761719,-88.5205078125,27.02352523803711,32.14940643310547,-15.119405746459961,76.22051239013672,-54.49662780761719,-88.5205078125,27.02352523803711,26.875407697325503
22.831,0,32.142024993896484,-14.928827285766602,76.23352813720703,-54.71937561035156,-88.51191711425781,27.113637924194336,32.142024993896484,-14.928827285766602,76.23352813720703,-54.71937561035156,-88.51191711425781,27.113637924194336,26.875407697325503
22.858,0,32.14036560058594,-14.874393463134766,76.24134063720703,-54.73186492919922,-88.51980590820312,27.14680290222168,32.14036560058594,-14.874393463134766,76.24134063720703,-54.73186492919922,-88.51980590820312,27.14680290222168,26.875407697325503
22.897,0,32.070281982421875,-14.881448745727539,76.22689819335938,-54.72997283935547,-88.5535888671875,27.151060104370117,32.070281982421875,-14.881448745727539,76.22689819335938,-54.72997283935547,-88.5535888671875,27.151060104370117,26.875407697325503
22.928,0,32.0682373046875,-14.92560863494873,76.24571990966797,-54.701812744140625,-88.5347671508789,27.10169219970703,32.0682373046875,-14.92560863494873,76.24571990966797,-54.701812744140625,-88.5347671508789,27.10169219970703,26.875407697325503
22.961,0,32.05431365966797,-14.763641357421875,76.28206634521484,-54.9091796875,-88.51702117919922,27.174968719482422,32.05431365966797,-14.763641357421875,76.28206634521484,-54.9091796875,-88.51702117919922,27.174968719482422,26.875407697325503
22.992,0,32.04911422729492,-14.692192077636719,76.27215576171875,-54.920188903808594,-88.52415466308594,27.198448181152344,32.04911422729492,-14.692192077636719,76.27215576171875,-54.920188903808594,-88.52415466308594,27.198448181152344,26.875407697325503
23.032,0,32.04733657836914,-14.530243873596191,76.15343475341797,-55.076019287109375,-88.53697967529297,27.093971252441406,32.04733657836914,-14.530243873596191,76.15343475341797,-55.076019287109375,-88.53697967529297,27.093971252441406,26.875407697325503
23.056,0,32.03913879394531,-14.59566879272461,76.17780303955078,-55.03042984008789,-88.51783752441406,27.040220260620117,32.03913879394531,-14.59566879272461,76.17780303955078,-55.03042984008789,-88.51783752441406,27.040220260620117,26.875407697325503
23.099,0,32.03791809082031,-14.507164001464844,76.22145080566406,-55.14224624633789,-88.5101318359375,27.09052276611328,32.03791809082031,-14.507164001464844,76.22145080566406,-55.14224624633789,-88.5101318359375,27.09052276611328,26.875407697325503
23.126,0,32.03125,-14.417131423950195,76.2074203491211,-55.16839599609375,-88.51614379882812,27.120920181274414,32.03125,-14.417131423950195,76.2074203491211,-55.16839599609375,-88.51614379882812,27.120920181274414,26.875407697325503
23.166,0,32.031402587890625,-14.280868530273438,76.0887222290039,-55.300804138183594,-88.5261001586914,26.999820709228516,32.031402587890625,-14.280868530273438,76.0887222290039,-55.300804138183594,-88.5261001586914,26.999820709228516,26.875407697325503
23.192,0,32.017356872558594,-14.314878463745117,76.0796890258789,-55.25445556640625,-88.5111083984375,26.962549209594727,32.017356872558594,-14.314878463745117,76.0796890258789,-55.25445556640625,-88.5111083984375,26.962549209594727,26.875407697325503
23.234,0,32.011436462402344,-14.079517364501953,76.08821868896484,-55.47312545776367,-88.5084457397461,27.0949764251709,32.011436462402344,-14.079517364501953,76.08821868896484,-55.47312545776367,-88.5084457397461,27.0949764251709,26.875407697325503
23.257,0,31.996482849121094,-14.030412673950195,76.08967590332031,-55.455413818359375,-88.51078033447266,27.125932693481445,31.996482849121094,-14.030412673950195,76.08967590332031,-55.455413818359375,-88.51078033447266,27.125932693481445,26.875407697325503
23.300,0,32.011234283447266,-13.883659362792969,75.97676849365234,-55.60921096801758,-88.51637268066406,26.992839813232422,32.011234283447266,-13.883659362792969,75.97676849365234,-55.60921096801758,-88.51637268066406,26.992839813232422,26.875407697325503
23.327,0,31.985984802246094,-13.924352645874023,75.97478485107422,-55.55886459350586,-88.49895477294922,26.955352783203125,31.985984802246094,-13.924352645874023,75.97478485107422,-55.55886459350586,-88.49895477294922,26.955352783203125,26.875407697325503
23.360,0,31.984474182128906,-13.813511848449707,76.0280990600586,-55.66363525390625,-88.4881591796875,27.048385620117188,31.984474182128906,-13.813511848449707,76.0280990600586,-55.66363525390625,-88.4881591796875,27.048385620117188,26.875407697325503
23.400,0,31.977317810058594,-13.77234172821045,76.02521514892578,-55.63275146484375,-88.48632049560547,27.068603515625,31.977317810058594,-13.77234172821045,76.02521514892578,-55.63275146484375,-88.48632049560547,27.068603515625,26.875407697325503
23.424,0,31.996498107910156,-13.666078567504883,75.9148178100586,-55.747589111328125,-88.48176574707031,26.957351684570312,31.996498107910156,-13.666078567504883,75.9148178100586,-55.747589111328125,-88.48176574707031,26.957351684570312,26.875407697325503
23.467,0,31.97357940673828,-13.657981872558594,75.89167785644531,-55.71888732910156,-88.46702575683594,26.906858444213867,31.97357940673828,-13.657981872558594,75.89167785644531,-55.71888732910156,-88.46702575683594,26.906858444213867,26.875407697325503
23.494,0,31.962696075439453,-13.445164680480957,75.89141845703125,-55.94701385498047,-88.4498291015625,26.966825485229492,31.962696075439453,-13.445164680480957,75.89141845703125,-55.94701385498047,-88.4498291015625,26.966825485229492,26.875407697325503
23.532,0,31.953838348388672,-13.420482635498047,75.8844985961914,-55.896053314208984,-88.4505615234375,26.994178771972656,31.953838348388672,-13.420482635498047,75.8844985961914,-55.896053314208984,-88.4505615234375,26.994178771972656,26.875407697325503
23.559,0,31.970638275146484,-13.30405044555664,75.77354431152344,-56.03301239013672,-88.4493408203125,26.876359939575195,31.970638275146484,-13.30405044555664,75.77354431152344,-56.03301239013672,-88.4493408203125,26.876359939575195,26.875407697325503
23.601,0,31.944805145263672,-13.333362579345703,75.74763488769531,-55.92906951904297,-88.44226837158203,26.840991973876953,31.944805145263672,-13.333362579345703,75.74763488769531,-55.92906951904297,-88.44226837158203,26.840991973876953,26.875407697325503
23.628,0,31.949016571044922,-13.040590286254883,75.72271728515625,-56.18772888183594,-88.43389892578125,26.930208206176758,31.949016571044922,-13.040590286254883,75.72271728515625,-56.18772888183594,-88.43389892578125,26.930208206176758,26.875407697325503
23.666,0,31.941638946533203,-13.021591186523438,75.72611236572266,-56.138580322265625,-88.4314956665039,26.957279205322266,31.941638946533203,-13.021591186523438,75.72611236572266,-56.138580322265625,-88.4314956665039,26.957279205322266,26.875407697325503
23.693,0,31.952178955078125,-12.917620658874512,75.60716247558594,-56.24662780761719,-88.43478393554688,26.8402042388916,31.952178955078125,-12.917620658874512,75.60716247558594,-56.24662780761719,-88.43478393554688,26.8402042388916,26.875407697325503
23.736,0,31.935749053955078,-12.949915885925293,75.59027862548828,-56.15923309326172,-88.42671966552734,26.78799057006836,31.935749053955078,-12.949915885925293,75.59027862548828,-56.15923309326172,-88.42671966552734,26.78799057006836,26.875407697325503
23.759,0,31.947460174560547,-12.662851333618164,75.55802917480469,-56.40290069580078,-88.42005157470703,26.869022369384766,31.947460174560547,-12.662851333618164,75.55802917480469,-56.40290069580078,-88.42005157470703,26.869022369384766,26.875407697325503
23.800,0,31.94188690185547,-12.61468505859375,75.55220794677734,-56.380897521972656,-88.42018127441406,26.907817840576172,31.94188690185547,-12.61468505859375,75.55220794677734,-56.380897521972656,-88.42018127441406,26.907817840576172,26.875407697325503
23.827,0,31.947956085205078,-12.473867416381836,75.4267807006836,-56.51512145996094,-88.41741180419922,26.782236099243164,31.947956085205078,-12.473867416381836,75.4267807006836,-56.51512145996094,-88.41741180419922,26.782236099243164,26.875407697325503
23.866,0,31.932769775390625,-12.488788604736328,75.40296936035156,-56.44574737548828,-88.40739440917969,26.72650909423828,31.932769775390625,-12.488788604736328,75.40296936035156,-56.44574737548828,-88.40739440917969,26.72650909423828,26.875407697325503
23.899,0,31.93144989013672,-12.190164566040039,75.38510131835938,-56.73328399658203,-88.39408111572266,26.796154022216797,31.93144989013672,-12.190164566040039,75.38510131835938,-56.73328399658203,-88.39408111572266,26.796154022216797,26.875407697325503
23.931,0,31.929393768310547,-12.136645317077637,75.37899780273438,-56.70458984375,-88.38349914550781,26.814653396606445,31.929393768310547,-12.136645317077637,75.37899780273438,-56.70458984375,-88.38349914550781,26.814653396606445,26.875407697325503
23.963,0,31.932952880859375,-11.988357543945312,75.2549819946289,-56.852317810058594,-88.38231658935547,26.66916275024414,31.932952880859375,-11.988357543945312,75.2549819946289,-56.852317810058594,-88.38231658935547,26.66916275024414,26.875407697325503
23.996,0,31.918418884277344,-11.968709945678711,75.225341796875,-56.84063720703125,-88.3653335571289,26.63248062133789,31.918418884277344,-11.968709945678711,75.225341796875,-56.84063720703125,-88.3653335571289,26.63248062133789,26.875407697325503
24.031,0,31.911819458007812,-11.65442943572998,75.20802307128906,-57.132144927978516,-88.35380554199219,26.687610626220703,31.911819458007812,-11.65442943572998,75.20802307128906,-57.132144927978516,-88.35380554199219,26.687610626220703,26.875407697325503
24.068,0,31.826171875,-11.581928253173828,75.18289947509766,-57.142242431640625,-88.36214447021484,26.719013214111328,31.826171875,-11.581928253173828,75.18289947509766,-57.142242431640625,-88.36214447021484,26.719013214111328,26.875407697325503
24.095,0,31.830219268798828,-11.42068862915039,75.05316925048828,-57.29636001586914,-88.35983276367188,26.582807540893555,31.830219268798828,-11.42068862915039,75.05316925048828,-57.29636001586914,-88.35983276367188,26.582807540893555,26.875407697325503
24.136,0,31.81189727783203,-11.409441947937012,75.0387954711914,-57.28792190551758,-88.34037780761719,26.539365768432617,31.81189727783203,-11.409441947937012,75.0387954711914,-57.28792190551758,-88.34037780761719,26.539365768432617,26.875407697325503
24.162,0,31.802471160888672,-11.131075859069824,75.03386688232422,-57.533145904541016,-88.3195571899414,26.58793067932129,31.802471160888672,-11.131075859069824,75.03386688232422,-57.533145904541016,-88.3195571899414,26.58793067932129,26.875407697325503
24.204,0,31.712413787841797,-11.030359268188477,74.99053955078125,-57.55938720703125,-88.33370971679688,26.60177230834961,31.712413787841797,-11.030359268188477,74.99053955078125,-57.55938720703125,-88.33370971679688,26.60177230834961,26.679712981082844
24.228,0,31.719547271728516,-10.866697311401367,74.85995483398438,-57.709808349609375,-88.33416748046875,26.46649169921875,31.719547271728516,-10.866697311401367,74.85995483398438,-57.709808349609375,-88.33416748046875,26.46649169921875,26.679712981082844
24.269,0,31.697498321533203,-10.868372917175293,74.85049438476562,-57.69771957397461,-88.31339263916016,26.40938949584961,31.697498321533203,-10.868372917175293,74.85049438476562,-57.69771957397461,-88.31339263916016,26.40938949584961,26.614481409001954
24.298,0,31.6868896484375,-10.614517211914062,74.83716583251953,-57.90134048461914,-88.29405975341797,26.482757568359375,31.6868896484375,-10.614517211914062,74.83716583251953,-57.90134048461914,-88.29405975341797,26.482757568359375,26.614481409001954
24.334,0,31.617382049560547,-10.471508026123047,74.81566619873047,-58.02039337158203,-88.3179931640625,26.51120376586914,31.617382049560547,-10.471508026123047,74.81566619873047,-58.02039337158203,-88.3179931640625,26.51120376586914,26.614481409001954
24.362,0,31.624561309814453,-10.283676147460938,74.69173431396484,-58.20364761352539,-88.30696868896484,26.364723205566406,31.624561309814453,-10.283676147460938,74.69173431396484,-58.20364761352539,-88.30696868896484,26.364723205566406,26.614481409001954
24.403,0,31.592979431152344,-10.302497863769531,74.68241882324219,-58.16718292236328,-88.2802505493164,26.321691513061523,31.592979431152344,-10.302497863769531,74.68241882324219,-58.16718292236328,-88.2802505493164,26.321691513061523,26.614481409001954
24.432,0,31.573585510253906,-10.011133193969727,74.66978454589844,-58.415443420410156,-88.26282501220703,26.374910354614258,31.573585510253906,-10.011133193969727,74.66978454589844,-58.415443420410156,-88.26282501220703,26.374910354614258,26.614481409001954
24.469,0,31.505027770996094,-9.964492797851562,74.66487884521484,-58.45484924316406,-88.28549194335938,26.369461059570312,31.505027770996094,-9.964492797851562,74.66487884521484,-58.45484924316406,-88.28549194335938,26.369461059570312,26.614481409001954
24.497,0,31.512828826904297,-9.779147148132324,74.55473327636719,-58.658729553222656,-88.28074645996094,26.223854064941406,31.512828826904297,-9.779147148132324,74.55473327636719,-58.658729553222656,-88.28074645996094,26.223854064941406,26.614481409001954
24.537,0,31.479564666748047,-9.77919864654541,74.55338287353516,-58.65591812133789,-88.25812530517578,26.13984489440918,31.479564666748047,-9.77919864654541,74.55338287353516,-58.65591812133789,-88.25812530517578,26.13984489440918,26.614481409001954
24.563,0,31.435657501220703,-9.401110649108887,74.440673828125,-58.95323944091797,-88.263671875,26.16309356689453,31.435657501220703,-9.401110649108887,74.440673828125,-58.95323944091797,-88.263671875,26.16309356689453,26.614481409001954
24.605,0,31.41649627685547,-9.342625617980957,74.4375991821289,-58.998680114746094,-88.27999114990234,26.120620727539062,31.41649627685547,-9.342625617980957,74.4375991821289,-58.998680114746094,-88.27999114990234,26.120620727539062,26.549249836921067
24.630,0,31.42578125,-9.1918306350708,74.33162689208984,-59.17411804199219,-88.26640319824219,25.95781135559082,31.42578125,-9.1918306350708,74.33162689208984,-59.17411804199219,-88.26640319824219,25.95781135559082,26.418786692759294
24.672,0,31.3946533203125,-9.189554214477539,74.32920837402344,-59.16645431518555,-88.23682403564453,25.857683181762695,31.3946533203125,-9.189554214477539,74.32920837402344,-59.16645431518555,-88.23682403564453,25.857683181762695,26.353555120678408
24.699,0,31.369293212890625,-8.768782615661621,74.2223892211914,-59.508888244628906,-88.24120330810547,25.891386032104492,31.369293212890625,-8.768782615661621,74.2223892211914,-59.508888244628906,-88.24120330810547,25.891386032104492,26.157860404435745
24.738,0,31.287399291992188,-8.533140182495117,74.17918395996094,-59.71062088012695,-88.26721954345703,25.881690979003906,31.287399291992188,-8.533140182495117,74.17918395996094,-59.71062088012695,-88.26721954345703,25.881690979003906,26.09262883235486
24.764,0,31.280242919921875,-8.44681167602539,74.08555603027344,-59.80133056640625,-88.26762390136719,25.67637825012207,31.280242919921875,-8.44681167602539,74.08555603027344,-59.80133056640625,-88.26762390136719,25.67637825012207,26.09262883235486
24.807,0,31.24195098876953,-8.42379379272461,74.06553649902344,-59.80906677246094,-88.24247741699219,25.570316314697266,31.24195098876953,-8.42379379272461,74.06553649902344,-59.80906677246094,-88.24247741699219,25.570316314697266,26.09262883235486
24.830,0,31.209400177001953,-7.950780391693115,73.953369140625,-60.20353317260742,-88.24847412109375,25.614015579223633,31.209400177001953,-7.950780391693115,73.953369140625,-60.20353317260742,-88.24847412109375,25.614015579223633,25.962165688193085
24.870,0,31.13266372680664,-7.828245162963867,73.93360137939453,-60.32390594482422,-88.2749252319336,25.583999633789062,31.13266372680664,-7.828245162963867,73.93360137939453,-60.32390594482422,-88.2749252319336,25.583999633789062,25.83170254403131
24.901,0,31.122028350830078,-7.729274749755859,73.83738708496094,-60.41831970214844,-88.2655029296875,25.376455307006836,31.122028350830078,-7.729274749755859,73.83738708496094,-60.41831970214844,-88.2655029296875,25.376455307006836,25.766470971950422
24.938,0,31.089405059814453,-7.7395830154418945,73.84284210205078,-60.434547424316406,-88.2470932006836,25.29806900024414,31.089405059814453,-7.7395830154418945,73.84284210205078,-60.434547424316406,-88.2470932006836,25.29806900024414,25.701239399869536
24.965,0,31.06652069091797,-7.342352867126465,73.75804138183594,-60.78937530517578,-88.25711822509766,25.32781410217285,31.06652069091797,-7.342352867126465,73.75804138183594,-60.78937530517578,-88.25711822509766,25.32781410217285,25.701239399869536
25.007,0,30.990753173828125,-7.254485130310059,73.73739624023438,-60.878997802734375,-88.277587890625,25.288715362548828,30.990753173828125,-7.254485130310059,73.73739624023438,-60.878997802734375,-88.277587890625,25.288715362548828,25.701239399869536
25.032,0,30.983055114746094,-7.130400657653809,73.67172241210938,-61.037696838378906,-88.28526306152344,25.081485748291016,30.983055114746094,-7.130400657653809,73.67172241210938,-61.037696838378906,-88.28526306152344,25.081485748291016,25.701239399869536
25.071,0,30.95362091064453,-7.1846466064453125,73.68254089355469,-61.01708221435547,-88.26348114013672,25.023847579956055,30.95362091064453,-7.1846466064453125,73.68254089355469,-61.01708221435547,-88.26348114013672,25.023847579956055,25.701239399869536
25.111,0,30.89324188232422,-6.773310661315918,73.56697082519531,-61.37877655029297,-88.28138732910156,25.072912216186523,30.89324188232422,-6.773310661315918,73.56697082519531,-61.37877655029297,-88.28138732910156,25.072912216186523,25.505544683626873
25.130,0,30.729351043701172,-6.64674186706543,73.53557586669922,-61.4898681640625,-88.3071060180664,25.044322967529297,30.729351043701172,-6.64674186706543,73.53557586669922,-61.4898681640625,-88.3071060180664,25.044322967529297,25.309849967384213
25.175,0,30.935653686523438,-6.8050031661987305,73.68560791015625,-61.43109893798828,-88.26447296142578,24.985309600830078,30.935653686523438,-6.8050031661987305,73.68560791015625,-61.43109893798828,-88.26447296142578,24.985309600830078,25.309849967384213
25.199,0,30.906700134277344,-6.842729568481445,73.73201751708984,-61.45655059814453,-88.23184967041016,24.951480865478516,30.906700134277344,-6.842729568481445,73.73201751708984,-61.45655059814453,-88.23184967041016,24.951480865478516,25.309849967384213
25.240,0,30.845985412597656,-6.463083267211914,73.64595794677734,-61.78736877441406,-88.23867797851562,25.04922866821289,30.845985412597656,-6.463083267211914,73.64595794677734,-61.78736877441406,-88.23867797851562,25.04922866821289,25.309849967384213
25.265,0,30.72170639038086,-6.419042587280273,73.6453628540039,-61.847862243652344,-88.26515197753906,24.982906341552734,30.72170639038086,-6.419042587280273,73.6453628540039,-61.847862243652344,-88.26515197753906,24.982906341552734,25.179386823222437
25.308,0,30.924793243408203,-6.567445755004883,73.81063079833984,-61.81630325317383,-88.21981811523438,24.959285736083984,30.924793243408203,-6.567445755004883,73.81063079833984,-61.81630325317383,-88.21981811523438,24.959285736083984,25.179386823222437
25.334,0,30.88977813720703,-6.592687606811523,73.86125183105469,-61.85554885864258,-88.19026947021484,24.95223045349121,30.88977813720703,-6.592687606811523,73.86125183105469,-61.85554885864258,-88.19026947021484,24.95223045349121,25.179386823222437
25.371,0,30.834217071533203,-6.2034454345703125,73.79601287841797,-62.26356887817383,-88.20068359375,25.013242721557617,30.834217071533203,-6.2034454345703125,73.79601287841797,-62.26356887817383,-88.20068359375,25.013242721557617,25.179386823222437
25.405,0,30.716434478759766,-6.165981292724609,73.7948989868164,-62.33088302612305,-88.22882080078125,24.971942901611328,30.716434478759766,-6.165981292724609,73.7948989868164,-62.33088302612305,-88.22882080078125,24.971942901611328,25.179386823222437
25.434,0,30.88390350341797,-6.314168930053711,73.95410919189453,-62.304656982421875,-88.1720199584961,24.953643798828125,30.88390350341797,-6.314168930053711,73.95410919189453,-62.304656982421875,-88.1720199584961,24.953643798828125,25.179386823222437
25.474,0,30.850467681884766,-6.35835075378418,74.00589752197266,-62.334354400634766,-88.14342498779297,24.960796356201172,30.850467681884766,-6.35835075378418,74.00589752197266,-62.334354400634766,-88.14342498779297,24.960796356201172,25.179386823222437
25.500,0,30.797359466552734,-5.971641540527344,73.95323181152344,-62.74803924560547,-88.16356658935547,25.057247161865234,30.797359466552734,-5.971641540527344,73.95323181152344,-62.74803924560547,-88.16356658935547,25.057247161865234,25.179386823222437
25.542,0,30.661624908447266,-5.899892807006836,73.95333862304688,-62.851261138916016,-88.19316101074219,25.03884506225586,30.661624908447266,-5.899892807006836,73.95333862304688,-62.851261138916016,-88.19316101074219,25.03884506225586,25.179386823222437
25.568,0,30.798133850097656,-6.153196334838867,74.15800476074219,-62.7546272277832,-88.14102172851562,25.02869987487793,30.798133850097656,-6.153196334838867,74.15800476074219,-62.7546272277832,-88.14102172851562,25.02869987487793,25.179386823222437
25.615,0,30.748451232910156,-6.17836856842041,74.21135711669922,-62.789039611816406,-88.10511016845703,25.01483917236328,30.748451232910156,-6.17836856842041,74.21135711669922,-62.789039611816406,-88.10511016845703,25.01483917236328,25.179386823222437
25.634,0,30.67153549194336,-5.776920318603516,74.15045166015625,-63.201011657714844,-88.12519073486328,25.11811637878418,30.67153549194336,-5.776920318603516,74.15045166015625,-63.201011657714844,-88.12519073486328,25.11811637878418,25.179386823222437
25.676,0,30.517742156982422,-5.658445358276367,74.1413345336914,-63.3425407409668,-88.15263366699219,25.12677001953125,30.517742156982422,-5.658445358276367,74.1413345336914,-63.3425407409668,-88.15263366699219,25.12677001953125,25.179386823222437
25.705,0,30.64047622680664,-5.9238691329956055,74.362548828125,-63.23997116088867,-88.09442138671875,25.12074089050293,30.64047622680664,-5.9238691329956055,74.362548828125,-63.23997116088867,-88.09442138671875,25.12074089050293,25.179386823222437
25.741,0,30.57927703857422,-5.955903053283691,74.43000793457031,-63.276451110839844,-88.05106353759766,25.095718383789062,30.57927703857422,-5.955903053283691,74.43000793457031,-63.276451110839844,-88.05106353759766,25.095718383789062,25.179386823222437
25.770,0,30.473876953125,-5.566730499267578,74.37721252441406,-63.678958892822266,-88.06471252441406,25.194360733032227,30.473876953125,-5.566730499267578,74.37721252441406,-63.678958892822266,-88.06471252441406,25.194360733032227,25.179386823222437
25.811,0,30.310951232910156,-5.497528076171875,74.3910140991211,-63.791351318359375,-88.09021759033203,25.18216896057129,30.310951232910156,-5.497528076171875,74.3910140991211,-63.791351318359375,-88.09021759033203,25.18216896057129,25.179386823222437
25.837,0,30.485759735107422,-5.759221076965332,74.4696044921875,-63.582801818847656,-88.07086944580078,25.097253799438477,30.485759735107422,-5.759221076965332,74.4696044921875,-63.582801818847656,-88.07086944580078,25.097253799438477,25.179386823222437
25.871,0,30.412025451660156,-5.796703338623047,74.53317260742188,-63.61683654785156,-88.03105926513672,25.084209442138672,30.412025451660156,-5.796703338623047,74.53317260742188,-63.61683654785156,-88.03105926513672,25.084209442138672,25.179386823222437
25.901,0,30.305072784423828,-5.44331169128418,74.49703979492188,-64.00361633300781,-88.05144500732422,25.16018295288086,30.305072784423828,-5.44331169128418,74.49703979492188,-64.00361633300781,-88.05144500732422,25.16018295288086,25.179386823222437
25.949,0,30.15685272216797,-5.464138031005859,74.5156478881836,-64.05848693847656,-88.08306121826172,25.13681983947754,30.15685272216797,-5.464138031005859,74.5156478881836,-64.05848693847656,-88.08306121826172,25.13681983947754,25.179386823222437
25.967,0,30.32378387451172,-5.764312744140625,74.61177062988281,-63.837005615234375,-88.06294250488281,25.100147247314453,30.32378387451172,-5.764312744140625,74.61177062988281,-63.837005615234375,-88.06294250488281,25.100147247314453,25.179386823222437
26.009,0,30.233856201171875,-5.818671226501465,74.67350769042969,-63.85240936279297,-88.02972412109375,25.06008529663086,30.233856201171875,-5.818671226501465,74.67350769042969,-63.85240936279297,-88.02972412109375,25.06008529663086,25.179386823222437
26.038,0,30.05794906616211,-5.658363342285156,74.60205078125,-64.0020980834961,-88.07411193847656,25.04425621032715,30.05794906616211,-5.658363342285156,74.60205078125,-64.0020980834961,-88.07411193847656,25.04425621032715,25.179386823222437
26.075,0,29.913944244384766,-5.668846130371094,74.62619018554688,-64.07861328125,-88.1097183227539,25.03439712524414,29.913944244384766,-5.668846130371094,74.62619018554688,-64.07861328125,-88.1097183227539,25.03439712524414,25.179386823222437
26.105,0,30.086776733398438,-5.981112480163574,74.72189331054688,-63.8202018737793,-88.09156036376953,25.00221061706543,30.086776733398438,-5.981112480163574,74.72189331054688,-63.8202018737793,-88.09156036376953,25.00221061706543,25.179386823222437
26.144,0,29.981609344482422,-6.120918273925781,74.79103088378906,-63.75100326538086,-88.06037139892578,24.96698760986328,29.981609344482422,-6.120918273925781,74.79103088378906,-63.75100326538086,-88.06037139892578,24.96698760986328,25.179386823222437
26.175,0,29.81975555419922,-5.961661338806152,74.752685546875,-63.90788269042969,-88.09555053710938,24.98625946044922,29.81975555419922,-5.961661338806152,74.752685546875,-63.90788269042969,-88.09555053710938,24.98625946044922,25.179386823222437
26.206,0,29.662723541259766,-6.000374794006348,74.78981018066406,-63.95524597167969,-88.12285614013672,24.990163803100586,29.662723541259766,-6.000374794006348,74.78981018066406,-63.95524597167969,-88.12285614013672,24.990163803100586,25.179386823222437
26.241,0,29.83365249633789,-6.312188148498535,74.87176513671875,-63.68724060058594,-88.0964126586914,24.94943618774414,29.83365249633789,-6.312188148498535,74.87176513671875,-63.68724060058594,-88.0964126586914,24.94943618774414,25.179386823222437
26.276,0,29.724681854248047,-6.489204406738281,74.96187591552734,-63.59044647216797,-88.0677719116211,24.921573638916016,29.724681854248047,-6.489204406738281,74.96187591552734,-63.59044647216797,-88.0677719116211,24.921573638916016,25.179386823222437
26.306,0,29.568302154541016,-6.415048599243164,74.93645477294922,-63.672569274902344,-88.09486389160156,24.90029525756836,29.568302154541016,-6.415048599243164,74.93645477294922,-63.672569274902344,-88.09486389160156,24.90029525756836,25.179386823222437
26.341,0,29.420860290527344,-6.537464141845703,74.98300170898438,-63.63594055175781,-88.11842346191406,24.872665405273438,29.420860290527344,-6.537464141845703,74.98300170898438,-63.63594055175781,-88.11842346191406,24.872665405273438,25.179386823222437
26.375,0,29.59610366821289,-6.851310729980469,75.06819915771484,-63.357322692871094,-88.10203552246094,24.82473373413086,29.59610366821289,-6.851310729980469,75.06819915771484,-63.357322692871094,-88.10203552246094,24.82473373413086,25.179386823222437
26.419,0,29.491153717041016,-7.070662498474121,75.1676254272461,-63.22305679321289,-88.07421112060547,24.793209075927734,29.491153717041016,-7.070662498474121,75.1676254272461,-63.22305679321289,-88.07421112060547,24.793209075927734,25.179386823222437
26.437,0,29.32599639892578,-7.010465621948242,75.1387939453125,-63.27931213378906,-88.10433959960938,24.797128677368164,29.32599639892578,-7.010465621948242,75.1387939453125,-63.27931213378906,-88.10433959960938,24.797128677368164,25.179386823222437
26.476,0,29.178970336914062,-7.107393264770508,75.1971206665039,-63.267704010009766,-88.12825012207031,24.777198791503906,29.178970336914062,-7.107393264770508,75.1971206665039,-63.267704010009766,-88.12825012207031,24.777198791503906,25.179386823222437
26.512,0,29.354278564453125,-7.425347328186035,75.27241516113281,-62.97765350341797,-88.11410522460938,24.74014663696289,29.354278564453125,-7.425347328186035,75.27241516113281,-62.97765350341797,-88.11410522460938,24.74014663696289,25.179386823222437
26.541,0,29.25539779663086,-7.669537544250488,75.36719512939453,-62.81403350830078,-88.09535217285156,24.706310272216797,29.25539779663086,-7.669537544250488,75.36719512939453,-62.81403350830078,-88.09535217285156,24.706310272216797,25.179386823222437
26.573,0,29.087615966796875,-7.50400447845459,75.32353973388672,-62.95893096923828,-88.1270751953125,24.764461517333984,29.087615966796875,-7.50400447845459,75.32353973388672,-62.95893096923828,-88.1270751953125,24.764461517333984,25.048923679060664
26.614,0,28.916980743408203,-7.589444160461426,75.38780975341797,-62.96296691894531,-88.15641784667969,24.76462173461914,28.916980743408203,-7.589444160461426,75.38780975341797,-62.96296691894531,-88.15641784667969,24.76462173461914,24.983692106979777
26.643,0,29.08328628540039,-7.944711685180664,75.47180938720703,-62.63571548461914,-88.13729858398438,24.731815338134766,29.08328628540039,-7.944711685180664,75.47180938720703,-62.63571548461914,-88.13729858398438,24.731815338134766,24.983692106979777
26.680,0,28.976478576660156,-8.192989349365234,75.57300567626953,-62.46083068847656,-88.11628723144531,24.676193237304688,28.976478576660156,-8.192989349365234,75.57300567626953,-62.46083068847656,-88.11628723144531,24.676193237304688,24.983692106979777
26.712,0,28.80829620361328,-8.18995189666748,75.57154846191406,-62.45146942138672,-88.10330963134766,24.728404998779297,28.80829620361328,-8.18995189666748,75.57154846191406,-62.45146942138672,-88.10330963134766,24.728404998779297,24.983692106979777
26.745,0,28.64657974243164,-8.345452308654785,75.63768768310547,-62.35095977783203,-88.12501525878906,24.68113136291504,28.64657974243164,-8.345452308654785,75.63768768310547,-62.35095977783203,-88.12501525878906,24.68113136291504,24.983692106979777
26.777,0,28.710208892822266,-8.601151466369629,75.70667266845703,-62.143592834472656,-88.12020111083984,24.70653533935547,28.710208892822266,-8.601151466369629,75.70667266845703,-62.143592834472656,-88.12020111083984,24.70653533935547,24.983692106979777
26.812,0,28.57225799560547,-8.834352493286133,75.81178283691406,-62.009891510009766,-88.12648010253906,24.74114227294922,28.57225799560547,-8.834352493286133,75.81178283691406,-62.009891510009766,-88.12648010253906,24.74114227294922,24.983692106979777
26.844,0,28.398651123046875,-8.85421085357666,75.80570983886719,-61.97447204589844,-88.1093978881836,24.787662506103516,28.398651123046875,-8.85421085357666,75.80570983886719,-61.97447204589844,-88.1093978881836,24.787662506103516,24.983692106979777
26.874,0,28.22046661376953,-8.917348861694336,75.8632583618164,-61.972469329833984,-88.13460540771484,24.784732818603516,28.22046661376953,-8.917348861694336,75.8632583618164,-61.972469329833984,-88.13460540771484,24.784732818603516,24.983692106979777
26.916,0,28.270843505859375,-9.180309295654297,75.93415832519531,-61.743736267089844,-88.12266540527344,24.867294311523438,28.270843505859375,-9.180309295654297,75.93415832519531,-61.743736267089844,-88.12266540527344,24.867294311523438,24.983692106979777
26.942,0,28.133159637451172,-9.462043762207031,76.04731750488281,-61.57225036621094,-88.12385559082031,24.841907501220703,28.133159637451172,-9.462043762207031,76.04731750488281,-61.57225036621094,-88.12385559082031,24.841907501220703,24.983692106979777
26.981,0,27.958118438720703,-9.464993476867676,76.03575134277344,-61.549072265625,-88.12202453613281,24.91255760192871,27.958118438720703,-9.464993476867676,76.03575134277344,-61.549072265625,-88.12202453613281,24.91255760192871,24.983692106979777
27.010,0,27.781295776367188,-9.530942916870117,76.05597686767578,-61.56100082397461,-88.15786743164062,24.966785430908203,27.781295776367188,-9.530942916870117,76.05597686767578,-61.56100082397461,-88.15786743164062,24.966785430908203,24.983692106979777
27.048,0,27.822486877441406,-9.78254508972168,76.13050842285156,-61.35447692871094,-88.14691925048828,25.034421920776367,27.822486877441406,-9.78254508972168,76.13050842285156,-61.35447692871094,-88.14691925048828,25.034421920776367,24.983692106979777
27.076,0,27.669681549072266,-10.066814422607422,76.22461700439453,-61.16505813598633,-88.14677429199219,25.017309188842773,27.669681549072266,-10.066814422607422,76.22461700439453,-61.16505813598633,-88.14677429199219,25.017309188842773,24.983692106979777
27.115,0,27.51136016845703,-9.980607986450195,76.15658569335938,-61.25132369995117,-88.19103240966797,25.15285873413086,27.51136016845703,-9.980607986450195,76.15658569335938,-61.25132369995117,-88.19103240966797,25.15285873413086,24.983692106979777
27.145,0,27.337432861328125,-10.085092544555664,76.16007995605469,-61.20658874511719,-88.2323989868164,25.15520477294922,27.337432861328125,-10.085092544555664,76.16007995605469,-61.20658874511719,-88.2323989868164,25.15520477294922,24.983692106979777
27.181,0,27.35375213623047,-10.278305053710938,76.2176742553711,-60.992103576660156,-88.21959686279297,25.19055938720703,27.35375213623047,-10.278305053710938,76.2176742553711,-60.992103576660156,-88.21959686279297,25.19055938720703,24.983692106979777
27.212,0,27.217666625976562,-10.634468078613281,76.32195281982422,-60.71337890625,-88.18639373779297,25.17463493347168,27.217666625976562,-10.634468078613281,76.32195281982422,-60.71337890625,-88.18639373779297,25.17463493347168,24.983692106979777
27.249,0,27.04400634765625,-10.725873947143555,76.35478210449219,-60.61819076538086,-88.16661071777344,25.25936508178711,27.04400634765625,-10.725873947143555,76.35478210449219,-60.61819076538086,-88.16661071777344,25.25936508178711,24.983692106979777
27.278,0,26.847412109375,-10.797039031982422,76.36951446533203,-60.596900939941406,-88.20738983154297,25.237028121948242,26.847412109375,-10.797039031982422,76.36951446533203,-60.596900939941406,-88.20738983154297,25.237028121948242,24.983692106979777
27.316,0,26.858261108398438,-11.047077178955078,76.45542907714844,-60.32831573486328,-88.180908203125,25.253868103027344,26.858261108398438,-11.047077178955078,76.45542907714844,-60.32831573486328,-88.180908203125,25.253868103027344,24.983692106979777
27.345,0,26.68954849243164,-11.306973457336426,76.53591918945312,-60.150238037109375,-88.19270324707031,25.23828125,26.68954849243164,-11.306973457336426,76.53591918945312,-60.150238037109375,-88.19270324707031,25.23828125,24.983692106979777
27.380,0,26.52035903930664,-11.322157859802246,76.51676940917969,-60.1571159362793,-88.23448181152344,25.355674743652344,26.52035903930664,-11.322157859802246,76.51676940917969,-60.1571159362793,-88.23448181152344,25.355674743652344,24.983692106979777
27.415,0,26.603302001953125,-11.308417320251465,76.6399917602539,-60.223548889160156,-88.1955795288086,25.38646697998047,26.603302001953125,-11.308417320251465,76.6399917602539,-60.223548889160156,-88.1955795288086,25.38646697998047,24.91846053489889
27.446,0,26.569000244140625,-11.400550842285156,76.69657135009766,-60.09257507324219,-88.18513488769531,25.417224884033203,26.569000244140625,-11.400550842285156,76.69657135009766,-60.09257507324219,-88.18513488769531,25.417224884033203,24.91846053489889
27.487,0,26.416706085205078,-11.71261978149414,76.78443908691406,-59.827606201171875,-88.15069580078125,25.422698974609375,26.416706085205078,-11.71261978149414,76.78443908691406,-59.827606201171875,-88.15069580078125,25.422698974609375,24.983692106979777
27.514,0,26.244983673095703,-11.69858169555664,76.76911926269531,-59.88013458251953,-88.19514465332031,25.532331466674805,26.244983673095703,-11.69858169555664,76.76911926269531,-59.88013458251953,-88.19514465332031,25.532331466674805,24.983692106979777
27.551,0,26.420028686523438,-11.756155014038086,76.87792205810547,-59.84996032714844,-88.14948272705078,25.477876663208008,26.420028686523438,-11.756155014038086,76.87792205810547,-59.84996032714844,-88.14948272705078,25.477876663208008,25.11415525114155
27.577,0,26.41683578491211,-11.932509422302246,76.95563507080078,-59.64350891113281,-88.12740325927734,25.5178279876709,26.41683578491211,-11.932509422302246,76.95563507080078,-59.64350891113281,-88.12740325927734,25.5178279876709,25.244618395303327
27.618,0,26.27811050415039,-12.243653297424316,77.04878997802734,-59.39307403564453,-88.09695434570312,25.495746612548828,26.27811050415039,-12.243653297424316,77.04878997802734,-59.39307403564453,-88.09695434570312,25.495746612548828,25.244618395303327
27.645,0,26.094268798828125,-12.234182357788086,77.02601623535156,-59.43833923339844,-88.13197326660156,25.575740814208984,26.094268798828125,-12.234182357788086,77.02601623535156,-59.43833923339844,-88.13197326660156,25.575740814208984,25.244618395303327
27.683,0,26.27871322631836,-12.289652824401855,77.1447525024414,-59.42273712158203,-88.08303833007812,25.5660457611084,26.27871322631836,-12.289652824401855,77.1447525024414,-59.42273712158203,-88.08303833007812,25.5660457611084,25.244618395303327
27.716,0,26.277549743652344,-12.45845890045166,77.1598129272461,-59.18383026123047,-88.0615463256836,25.47521209716797,26.277549743652344,-12.45845890045166,77.1598129272461,-59.18383026123047,-88.0615463256836,25.47521209716797,25.244618395303327
27.755,0,26.136314392089844,-12.741514205932617,77.24967956542969,-58.93445587158203,-88.03749084472656,25.459911346435547,26.136314392089844,-12.741514205932617,77.24967956542969,-58.93445587158203,-88.03749084472656,25.459911346435547,25.244618395303327
27.778,0,25.963932037353516,-12.723648071289062,77.22146606445312,-58.97557067871094,-88.07556915283203,25.515926361083984,25.963932037353516,-12.723648071289062,77.22146606445312,-58.97557067871094,-88.07556915283203,25.515926361083984,25.244618395303327
27.818,0,26.113887786865234,-12.796890258789062,77.34944152832031,-58.95878601074219,-88.01466369628906,25.53853988647461,26.113887786865234,-12.796890258789062,77.34944152832031,-58.95878601074219,-88.01466369628906,25.53853988647461,25.244618395303327
27.845,0,26.093753814697266,-12.945629119873047,77.35118103027344,-58.72240447998047,-87.9951171875,25.468093872070312,26.093753814697266,-12.945629119873047,77.35118103027344,-58.72240447998047,-87.9951171875,25.468093872070312,25.244618395303327
27.883,0,25.964073181152344,-13.179625511169434,77.43476867675781,-58.523216247558594,-87.97052764892578,25.427734375,25.964073181152344,-13.179625511169434,77.43476867675781,-58.523216247558594,-87.97052764892578,25.427734375,25.244618395303327
27.920,0,25.783248901367188,-13.086492538452148,77.39054870605469,-58.60541534423828,-88.00858306884766,25.52361297607422,25.783248901367188,-13.086492538452148,77.39054870605469,-58.60541534423828,-88.00858306884766,25.52361297607422,25.244618395303327
27.947,0,25.82270050048828,-13.214767456054688,77.44806671142578,-58.546302795410156,-88.01532745361328,25.363759994506836,25.82270050048828,-13.214767456054688,77.44806671142578,-58.546302795410156,-88.01532745361328,25.363759994506836,25.244618395303327
27.984,0,25.800228118896484,-13.386049270629883,77.45369720458984,-58.27766799926758,-87.9936752319336,25.291475296020508,25.800228118896484,-13.386049270629883,77.45369720458984,-58.27766799926758,-87.9936752319336,25.291475296020508,25.244618395303327
28.017,0,25.682880401611328,-13.58013916015625,77.53422546386719,-58.11893081665039,-87.97833251953125,25.26083755493164,25.682880401611328,-13.58013916015625,77.53422546386719,-58.11893081665039,-87.97833251953125,25.26083755493164,25.244618395303327
28.050,0,25.502120971679688,-13.569263458251953,77.49592590332031,-58.13400650024414,-88.02192687988281,25.34796714782715,25.502120971679688,-13.569263458251953,77.49592590332031,-58.13400650024414,-88.02192687988281,25.34796714782715,25.244618395303327
28.083,0,25.55386734008789,-13.680615425109863,77.49171447753906,-58.039649963378906,-88.03042602539062,25.158466339111328,25.55386734008789,-13.680615425109863,77.49171447753906,-58.039649963378906,-88.03042602539062,25.158466339111328,25.244618395303327
28.117,0,25.626811981201172,-13.683307647705078,77.49751281738281,-57.97391128540039,-88.01948547363281,25.242351531982422,25.626811981201172,-13.683307647705078,77.49751281738281,-57.97391128540039,-88.01948547363281,25.242351531982422,25.244618395303327
28.152,0,25.496593475341797,-13.883468627929688,77.57920837402344,-57.80796813964844,-88.00140380859375,25.192211151123047,25.496593475341797,-13.883468627929688,77.57920837402344,-57.80796813964844,-88.00140380859375,25.192211151123047,25.244618395303327
28.182,0,25.32500457763672,-13.88640022277832,77.5422592163086,-57.79603576660156,-88.04124450683594,25.3018741607666,25.32500457763672,-13.88640022277832,77.5422592163086,-57.79603576660156,-88.04124450683594,25.3018741607666,25.244618395303327
28.221,0,25.372859954833984,-13.993465423583984,77.55624389648438,-57.71338653564453,-88.05473327636719,25.13023567199707,25.372859954833984,-13.993465423583984,77.55624389648438,-57.71338653564453,-88.05473327636719,25.13023567199707,25.244618395303327
28.249,0,25.461936950683594,-14.000472068786621,77.55463409423828,-57.65810012817383,-88.05787658691406,25.17353057861328,25.461936950683594,-14.000472068786621,77.55463409423828,-57.65810012817383,-88.05787658691406,25.17353057861328,25.244618395303327
28.288,0,25.356666564941406,-14.25770092010498,77.616943359375,-57.433799743652344,-88.06884765625,25.045061111450195,25.356666564941406,-14.25770092010498,77.616943359375,-57.433799743652344,-88.06884765625,25.045061111450195,25.244618395303327
28.317,0,25.178138732910156,-14.180952072143555,77.56568908691406,-57.50363540649414,-88.10452270507812,25.169214248657227,25.178138732910156,-14.180952072143555,77.56568908691406,-57.50363540649414,-88.10452270507812,25.169214248657227,25.244618395303327
28.355,0,25.22185516357422,-14.225451469421387,77.57626342773438,-57.48272705078125,-88.11992645263672,25.031909942626953,25.22185516357422,-14.225451469421387,77.57626342773438,-57.48272705078125,-88.11992645263672,25.031909942626953,25.244618395303327
28.382,0,25.304649353027344,-14.15975570678711,77.54029846191406,-57.476409912109375,-88.11924743652344,25.04353904724121,25.304649353027344,-14.15975570678711,77.54029846191406,-57.476409912109375,-88.11924743652344,25.04353904724121,25.244618395303327
28.423,0,25.20108413696289,-14.165620803833008,77.52220153808594,-57.45204162597656,-88.11857604980469,25.006423950195312,25.20108413696289,-14.165620803833008,77.52220153808594,-57.45204162597656,-88.11857604980469,25.006423950195312,25.244618395303327
28.450,0,25.114295959472656,-13.890827178955078,77.42868041992188,-57.68438720703125,-88.15809631347656,25.285812377929688,25.114295959472656,-13.890827178955078,77.42868041992188,-57.68438720703125,-88.15809631347656,25.285812377929688,25.244618395303327
28.487,0,25.335697174072266,-13.867280006408691,77.431884765625,-57.749717712402344,-88.15390014648438,25.220870971679688,25.335697174072266,-13.867280006408691,77.431884765625,-57.749717712402344,-88.15390014648438,25.220870971679688,25.244618395303327
28.518,0,25.420330047607422,-13.810730934143066,77.41671752929688,-57.744850158691406,-88.15634155273438,25.254627227783203,25.420330047607422,-13.810730934143066,77.41671752929688,-57.744850158691406,-88.15634155273438,25.254627227783203,25.244618395303327
28.556,0,25.353900909423828,-13.918338775634766,77.43891143798828,-57.6445426940918,-88.14710235595703,25.235435485839844,25.353900909423828,-13.918338775634766,77.43891143798828,-57.6445426940918,-88.14710235595703,25.235435485839844,25.244618395303327
28.584,0,25.263591766357422,-13.5834321975708,77.33321380615234,-57.941017150878906,-88.19242858886719,25.478103637695312,25.263591766357422,-13.5834321975708,77.33321380615234,-57.941017150878906,-88.19242858886719,25.478103637695312,25.244618395303327
28.623,0,25.431964874267578,-13.59585952758789,77.3239974975586,-57.933311462402344,-88.17797088623047,25.486570358276367,25.431964874267578,-13.59585952758789,77.3239974975586,-57.933311462402344,-88.17797088623047,25.486570358276367,25.244618395303327
28.653,0,25.511119842529297,-13.509716033935547,77.30182647705078,-57.97333908081055,-88.18254089355469,25.52095603942871,25.511119842529297,-13.509716033935547,77.30182647705078,-57.97333908081055,-88.18254089355469,25.52095603942871,25.244618395303327
28.688,0,25.436473846435547,-13.61890983581543,77.32513427734375,-57.87156677246094,-88.16888427734375,25.482358932495117,25.436473846435547,-13.61890983581543,77.32513427734375,-57.87156677246094,-88.16888427734375,25.482358932495117,25.244618395303327
28.717,0,25.348445892333984,-13.307633399963379,77.22992706298828,-58.182098388671875,-88.21058654785156,25.70233154296875,25.348445892333984,-13.307633399963379,77.22992706298828,-58.182098388671875,-88.21058654785156,25.70233154296875,25.244618395303327
28.758,0,25.49132537841797,-13.19644832611084,77.18994903564453,-58.256473541259766,-88.20155334472656,25.741724014282227,25.49132537841797,-13.19644832611084,77.18994903564453,-58.256473541259766,-88.20155334472656,25.741724014282227,25.244618395303327
28.787,0,25.684288024902344,-13.376789093017578,77.2573013305664,-58.055885314941406,-88.18244934082031,25.705629348754883,25.684288024902344,-13.376789093017578,77.2573013305664,-58.055885314941406,-88.18244934082031,25.705629348754883,25.244618395303327
28.829,0,25.620525360107422,-13.46487808227539,77.26453399658203,-57.948333740234375,-88.177734375,25.6712589263916,25.620525360107422,-13.46487808227539,77.26453399658203,-57.948333740234375,-88.177734375,25.6712589263916,25.3750815394651
28.850,0,25.543766021728516,-13.126809120178223,77.17858123779297,-58.28656768798828,-88.22354125976562,25.912687301635742,25.543766021728516,-13.126809120178223,77.17858123779297,-58.28656768798828,-88.22354125976562,25.912687301635742,25.3750815394651
28.891,0,25.697002410888672,-13.009831428527832,77.10802459716797,-58.341697692871094,-88.21929931640625,25.947031021118164,25.697002410888672,-13.009831428527832,77.10802459716797,-58.341697692871094,-88.21929931640625,25.947031021118164,25.3750815394651
28.922,0,25.855552673339844,-13.167900085449219,77.20944213867188,-58.18004608154297,-88.19593048095703,25.977338790893555,25.855552673339844,-13.167900085449219,77.20944213867188,-58.18004608154297,-88.19593048095703,25.977338790893555,25.505544683626873
28.958,0,25.799800872802734,-13.239568710327148,77.1963119506836,-58.09999084472656,-88.2021255493164,25.940832138061523,25.799800872802734,-13.239568710327148,77.1963119506836,-58.09999084472656,-88.2021255493164,25.940832138061523,25.63600782778865
28.991,0,25.744197845458984,-12.855539321899414,77.10356140136719,-58.50776672363281,-88.24847412109375,26.165748596191406,25.744197845458984,-12.855539321899414,77.10356140136719,-58.50776672363281,-88.24847412109375,26.165748596191406,25.63600782778865
29.026,0,25.919219970703125,-12.74188232421875,77.03841400146484,-58.576820373535156,-88.25518798828125,26.15044403076172,25.919219970703125,-12.74188232421875,77.03841400146484,-58.576820373535156,-88.25518798828125,26.15044403076172,25.63600782778865
29.056,0,26.11347198486328,-12.913637161254883,77.12786102294922,-58.406497955322266,-88.23905944824219,26.136533737182617,26.11347198486328,-12.913637161254883,77.12786102294922,-58.406497955322266,-88.23905944824219,26.136533737182617,25.63600782778865
29.087,0,26.05816650390625,-12.99161434173584,77.10616302490234,-58.30900955200195,-88.24097442626953,26.073959350585938,26.05816650390625,-12.99161434173584,77.10616302490234,-58.30900955200195,-88.24097442626953,26.073959350585938,25.766470971950422
29.127,0,26.01102066040039,-12.728282928466797,77.04984283447266,-58.613521575927734,-88.27754211425781,26.260068893432617,26.01102066040039,-12.728282928466797,77.04984283447266,-58.613521575927734,-88.27754211425781,26.260068893432617,25.766470971950422
29.155,0,26.252849578857422,-12.631739616394043,76.97454833984375,-58.688018798828125,-88.2806167602539,26.152578353881836,26.252849578857422,-12.631739616394043,76.97454833984375,-58.688018798828125,-88.2806167602539,26.152578353881836,25.766470971950422
29.190,0,26.458999633789062,-12.750368118286133,77.0567398071289,-58.548614501953125,-88.25814056396484,26.124675750732422,26.458999633789062,-12.750368118286133,77.0567398071289,-58.548614501953125,-88.25814056396484,26.124675750732422,25.83170254403131
29.223,0,26.431045532226562,-12.768214225769043,77.02142333984375,-58.51322937011719,-88.2713394165039,26.062685012817383,26.431045532226562,-12.768214225769043,77.02142333984375,-58.51322937011719,-88.2713394165039,26.062685012817383,25.896934116112195
29.255,0,26.36861801147461,-12.444533348083496,76.95074462890625,-58.848724365234375,-88.30345153808594,26.265743255615234,26.36861801147461,-12.444533348083496,76.95074462890625,-58.848724365234375,-88.30345153808594,26.265743255615234,25.896934116112195
29.293,0,26.524921417236328,-12.425060272216797,77.07154083251953,-58.98011779785156,-88.28252410888672,26.216796875,26.524921417236328,-12.425060272216797,77.07154083251953,-58.98011779785156,-88.28252410888672,26.216796875,25.896934116112195
29.323,0,26.73431396484375,-12.500846862792969,77.14968872070312,-58.884521484375,-88.26142883300781,26.175228118896484,26.73431396484375,-12.500846862792969,77.14968872070312,-58.884521484375,-88.26142883300781,26.175228118896484,25.896934116112195
29.360,0,26.690673828125,-12.489322662353516,77.09883117675781,-58.87135314941406,-88.27030944824219,26.097972869873047,26.690673828125,-12.489322662353516,77.09883117675781,-58.87135314941406,-88.27030944824219,26.097972869873047,25.896934116112195
29.388,0,26.638355255126953,-12.113639831542969,77.03607177734375,-59.271446228027344,-88.29324340820312,26.337827682495117,26.638355255126953,-12.113639831542969,77.03607177734375,-59.271446228027344,-88.29324340820312,26.337827682495117,25.962165688193085
29.429,0,26.73345184326172,-11.921340942382812,77.06303405761719,-59.46345901489258,-88.2901611328125,26.34072494506836,26.73345184326172,-11.921340942382812,77.06303405761719,-59.46345901489258,-88.2901611328125,26.34072494506836,25.962165688193085
29.455,0,26.75336456298828,-11.86526870727539,77.04425048828125,-59.475276947021484,-88.29195404052734,26.20893096923828,26.75336456298828,-11.86526870727539,77.04425048828125,-59.475276947021484,-88.29195404052734,26.20893096923828,25.962165688193085
29.496,0,26.71938705444336,-11.839744567871094,76.99536895751953,-59.464115142822266,-88.30093383789062,26.16668701171875,26.71938705444336,-11.839744567871094,76.99536895751953,-59.464115142822266,-88.30093383789062,26.16668701171875,25.962165688193085
29.523,0,26.658584594726562,-11.3834228515625,76.9070816040039,-59.93235778808594,-88.335205078125,26.38920021057129,26.658584594726562,-11.3834228515625,76.9070816040039,-59.93235778808594,-88.335205078125,26.38920021057129,25.962165688193085
29.561,0,26.75625991821289,-11.188122749328613,76.93497467041016,-60.12826156616211,-88.3202896118164,26.424182891845703,26.75625991821289,-11.188122749328613,76.93497467041016,-60.12826156616211,-88.3202896118164,26.424182891845703,25.962165688193085
29.591,0,26.756542205810547,-11.11515998840332,76.91839599609375,-60.15264892578125,-88.32196807861328,26.3037109375,26.756542205810547,-11.11515998840332,76.91839599609375,-60.15264892578125,-88.32196807861328,26.3037109375,25.962165688193085
29.624,0,26.727386474609375,-11.045199394226074,76.87129211425781,-60.20308303833008,-88.32688903808594,26.249116897583008,26.727386474609375,-11.045199394226074,76.87129211425781,-60.20308303833008,-88.32688903808594,26.249116897583008,25.962165688193085
29.660,0,26.64664077758789,-10.717248916625977,76.83271789550781,-60.52201461791992,-88.31763458251953,26.436229705810547,26.64664077758789,-10.717248916625977,76.83271789550781,-60.52201461791992,-88.31763458251953,26.436229705810547,25.962165688193085
29.692,0,26.74649429321289,-10.442691802978516,76.81983947753906,-60.81595993041992,-88.3183822631836,26.547222137451172,26.74649429321289,-10.442691802978516,76.81983947753906,-60.81595993041992,-88.3183822631836,26.547222137451172,25.962165688193085
29.726,0,26.802265167236328,-10.29603385925293,76.7810287475586,-60.94346237182617,-88.34661102294922,26.474567413330078,26.802265167236328,-10.29603385925293,76.7810287475586,-60.94346237182617,-88.34661102294922,26.474567413330078,26.027397260273972
29.760,0,26.766502380371094,-10.17679214477539,76.73240661621094,-61.045738220214844,-88.36585235595703,26.498779296875,26.766502380371094,-10.17679214477539,76.73240661621094,-61.045738220214844,-88.36585235595703,26.498779296875,26.157860404435745
29.795,0,26.687835693359375,-9.737237930297852,76.64653778076172,-61.429805755615234,-88.35350799560547,26.69043731689453,26.687835693359375,-9.737237930297852,76.64653778076172,-61.429805755615234,-88.35350799560547,26.69043731689453,26.157860404435745
29.829,0,26.8255615234375,-9.515195846557617,76.67433166503906,-61.7086181640625,-88.35679626464844,26.824283599853516,26.8255615234375,-9.515195846557617,76.67433166503906,-61.7086181640625,-88.35679626464844,26.824283599853516,26.157860404435745
29.861,0,26.877212524414062,-9.32199764251709,76.61617279052734,-61.8498420715332,-88.37930297851562,26.768844604492188,26.877212524414062,-9.32199764251709,76.61617279052734,-61.8498420715332,-88.37930297851562,26.768844604492188,26.28832354859752
29.891,0,26.823284149169922,-9.20602798461914,76.51300811767578,-61.89117431640625,-88.41326904296875,26.72079849243164,26.823284149169922,-9.20602798461914,76.51300811767578,-61.89117431640625,-88.41326904296875,26.72079849243164,26.418786692759294
29.931,0,26.752052307128906,-8.723567962646484,76.42831420898438,-62.32974624633789,-88.41368865966797,26.922731399536133,26.752052307128906,-8.723567962646484,76.42831420898438,-62.32974624633789,-88.41368865966797,26.922731399536133,26.48401826484018
29.957,0,26.878494262695312,-8.48570728302002,76.46961975097656,-62.630615234375,-88.418212890625,27.02408790588379,26.878494262695312,-8.48570728302002,76.46961975097656,-62.630615234375,-88.418212890625,27.02408790588379,26.48401826484018
29.997,0,26.931442260742188,-8.34654426574707,76.44024658203125,-62.79140853881836,-88.4435806274414,26.937358856201172,26.931442260742188,-8.34654426574707,76.44024658203125,-62.79140853881836,-88.4435806274414,26.937358856201172,26.48401826484018
30.023,0,26.872623443603516,-8.11513900756836,76.3083267211914,-62.934844970703125,-88.48873901367188,26.956558227539062,26.872623443603516,-8.11513900756836,76.3083267211914,-62.934844970703125,-88.48873901367188,26.956558227539062,26.679712981082844
30.065,0,26.824623107910156,-7.907999038696289,76.2310791015625,-63.09667205810547,-88.49986267089844,26.945720672607422,26.824623107910156,-7.907999038696289,76.2310791015625,-63.09667205810547,-88.49986267089844,26.945720672607422,26.679712981082844
30.095,0,26.818397521972656,-7.363025665283203,76.15597534179688,-63.684837341308594,-88.52725982666016,27.170242309570312,26.818397521972656,-7.363025665283203,76.15597534179688,-63.684837341308594,-88.52725982666016,27.170242309570312,26.74494455316373
30.134,0,26.912830352783203,-7.056173324584961,76.16348266601562,-63.99983215332031,-88.5472183227539,27.26865577697754,26.912830352783203,-7.056173324584961,76.16348266601562,-63.99983215332031,-88.5472183227539,27.26865577697754,26.74494455316373
30.162,0,26.92908477783203,-6.834307670593262,76.13121795654297,-64.21598052978516,-88.55282592773438,27.20709800720215,26.92908477783203,-6.834307670593262,76.13121795654297,-64.21598052978516,-88.55282592773438,27.20709800720215,26.74494455316373
30.201,0,26.886329650878906,-6.625255584716797,76.02704620361328,-64.37973022460938,-88.57254028320312,27.17473030090332,26.886329650878906,-6.625255584716797,76.02704620361328,-64.37973022460938,-88.57254028320312,27.17473030090332,26.810176125244617
30.227,0,26.87903594970703,-6.068474769592285,75.97534942626953,-64.99321746826172,-88.59854888916016,27.420120239257812,26.87903594970703,-6.068474769592285,75.97534942626953,-64.99321746826172,-88.59854888916016,27.420120239257812,26.875407697325503
30.267,0,26.976768493652344,-5.757436752319336,75.98106384277344,-65.31544494628906,-88.6152572631836,27.489540100097656,26.976768493652344,-5.757436752319336,75.98106384277344,-65.31544494628906,-88.6152572631836,27.489540100097656,26.875407697325503
30.292,0,26.994491577148438,-5.507040977478027,75.94720458984375,-65.56938171386719,-88.6229019165039,27.475666046142578,26.994491577148438,-5.507040977478027,75.94720458984375,-65.56938171386719,-88.6229019165039,27.475666046142578,26.94063926940639
30.337,0,26.95307159423828,-5.301984786987305,75.86823272705078,-65.72663879394531,-88.62989807128906,27.479047775268555,26.95307159423828,-5.301984786987305,75.86823272705078,-65.72663879394531,-88.62989807128906,27.479047775268555,27.136333985649053
30.368,0,26.97952651977539,-5.32697868347168,75.92543029785156,-65.72412109375,-88.60293579101562,27.54091453552246,26.97952651977539,-5.32697868347168,75.92543029785156,-65.72412109375,-88.60293579101562,27.54091453552246,27.136333985649053
30.396,0,27.08053207397461,-5.006163597106934,75.9024429321289,-66.03076934814453,-88.62014770507812,27.556547164916992,27.08053207397461,-5.006163597106934,75.9024429321289,-66.03076934814453,-88.62014770507812,27.556547164916992,27.136333985649053
30.434,0,27.113849639892578,-4.832747459411621,75.87952423095703,-66.22241973876953,-88.62950897216797,27.503559112548828,27.113849639892578,-4.832747459411621,75.87952423095703,-66.22241973876953,-88.62950897216797,27.503559112548828,27.136333985649053
30.460,0,27.082721710205078,-4.952260971069336,75.9715576171875,-66.09852600097656,-88.56796264648438,27.563594818115234,27.082721710205078,-4.952260971069336,75.9715576171875,-66.09852600097656,-88.56796264648438,27.563594818115234,27.136333985649053
30.501,0,27.118328094482422,-4.9628190994262695,75.998291015625,-66.07679748535156,-88.5376205444336,27.573829650878906,27.118328094482422,-4.9628190994262695,75.998291015625,-66.07679748535156,-88.5376205444336,27.573829650878906,27.136333985649053
30.529,0,27.348541259765625,-4.6256303787231445,75.88771057128906,-66.34190368652344,-88.54258728027344,27.632484436035156,27.348541259765625,-4.6256303787231445,75.88771057128906,-66.34190368652344,-88.54258728027344,27.632484436035156,27.136333985649053
30.567,0,27.301513671875,-4.551183700561523,75.77752685546875,-66.33147430419922,-88.56529235839844,27.549922943115234,27.301513671875,-4.551183700561523,75.77752685546875,-66.33147430419922,-88.56529235839844,27.549922943115234,27.136333985649053
30.597,0,27.271385192871094,-4.518507957458496,75.71695709228516,-66.29922485351562,-88.56069946289062,27.487770080566406,27.271385192871094,-4.518507957458496,75.71695709228516,-66.29922485351562,-88.56069946289062,27.487770080566406,27.136333985649053
30.629,0,27.246959686279297,-4.42453670501709,75.73856353759766,-66.40265655517578,-88.5494613647461,27.610652923583984,27.246959686279297,-4.42453670501709,75.73856353759766,-66.40265655517578,-88.5494613647461,27.610652923583984,27.136333985649053
30.666,0,27.329437255859375,-4.280059814453125,75.72516632080078,-66.55616760253906,-88.57405090332031,27.556127548217773,27.329437255859375,-4.280059814453125,75.72516632080078,-66.55616760253906,-88.57405090332031,27.556127548217773,27.136333985649053
30.697,0,27.389442443847656,-4.1663923263549805,75.7162857055664,-66.6883773803711,-88.58226013183594,27.460960388183594,27.389442443847656,-4.1663923263549805,75.7162857055664,-66.6883773803711,-88.58226013183594,27.460960388183594,27.136333985649053
30.730,0,27.31488800048828,-4.219094276428223,75.80703735351562,-66.64128875732422,-88.54100036621094,27.585935592651367,27.31488800048828,-4.219094276428223,75.80703735351562,-66.64128875732422,-88.54100036621094,27.585935592651367,27.20156555772994
30.764,0,27.65184783935547,-3.812204360961914,75.66697692871094,-67.03070068359375,-88.53760528564453,27.577838897705078,27.65184783935547,-3.812204360961914,75.66697692871094,-67.03070068359375,-88.53760528564453,27.577838897705078,27.20156555772994
30.798,0,27.970535278320312,-3.4733314514160156,75.54872131347656,-67.32181549072266,-88.54740142822266,27.595905303955078,27.970535278320312,-3.4733314514160156,75.54872131347656,-67.32181549072266,-88.54740142822266,27.595905303955078,27.20156555772994
30.832,0,27.942951202392578,-3.2853336334228516,75.48009490966797,-67.48839569091797,-88.56769561767578,27.5449275970459,27.942951202392578,-3.2853336334228516,75.48009490966797,-67.48839569091797,-88.56769561767578,27.5449275970459,27.20156555772994
30.863,0,27.87834930419922,-3.3422346115112305,75.54634094238281,-67.4017562866211,-88.50154876708984,27.650671005249023,27.87834930419922,-3.3422346115112305,75.54634094238281,-67.4017562866211,-88.50154876708984,27.650671005249023,27.20156555772994
30.899,0,27.86362075805664,-2.900925636291504,75.38955688476562,-67.82640075683594,-88.51728057861328,27.65494728088379,27.86362075805664,-2.900925636291504,75.38955688476562,-67.82640075683594,-88.51728057861328,27.65494728088379,27.20156555772994
30.935,0,27.96047592163086,-2.817523956298828,75.3733901977539,-67.89364624023438,-88.53950500488281,27.597618103027344,27.96047592163086,-2.817523956298828,75.3733901977539,-67.89364624023438,-88.53950500488281,27.597618103027344,27.20156555772994
30.962,0,27.935924530029297,-2.6564712524414062,75.28317260742188,-68.00765991210938,-88.5667495727539,27.536270141601562,27.935924530029297,-2.6564712524414062,75.28317260742188,-68.00765991210938,-88.5667495727539,27.536270141601562,27.20156555772994
31.002,0,27.873634338378906,-2.6719675064086914,75.33927917480469,-67.96036529541016,-88.51396179199219,27.652849197387695,27.873634338378906,-2.6719675064086914,75.33927917480469,-67.96036529541016,-88.51396179199219,27.652849197387695,27.20156555772994
31.031,0,27.867626190185547,-2.2271156311035156,75.16105651855469,-68.36055755615234,-88.52754211425781,27.667713165283203,27.867626190185547,-2.2271156311035156,75.16105651855469,-68.36055755615234,-88.52754211425781,27.667713165283203,27.20156555772994
31.070,0,27.970367431640625,-2.1442575454711914,75.11911010742188,-68.41558837890625,-88.55096435546875,27.578628540039062,27.970367431640625,-2.1442575454711914,75.11911010742188,-68.41558837890625,-88.55096435546875,27.578628540039062,27.20156555772994
31.100,0,27.940383911132812,-1.9516754150390625,75.01494598388672,-68.55194091796875,-88.57701873779297,27.52406120300293,27.940383911132812,-1.9516754150390625,75.01494598388672,-68.55194091796875,-88.57701873779297,27.52406120300293,27.20156555772994
31.133,0,27.88058090209961,-1.9461383819580078,75.05774688720703,-68.51502990722656,-88.5220947265625,27.650484085083008,27.88058090209961,-1.9461383819580078,75.05774688720703,-68.51502990722656,-88.5220947265625,27.650484085083008,27.20156555772994
31.171,0,27.920269012451172,-1.7819862365722656,74.99956512451172,-68.6689453125,-88.52680969238281,27.584941864013672,27.920269012451172,-1.7819862365722656,74.99956512451172,-68.6689453125,-88.52680969238281,27.584941864013672,27.20156555772994
31.199,0,28.025970458984375,-1.7237567901611328,74.9769287109375,-68.7120361328125,-88.5481185913086,27.485877990722656,28.025970458984375,-1.7237567901611328,74.9769287109375,-68.7120361328125,-88.5481185913086,27.485877990722656,27.20156555772994
31.237,0,28.001201629638672,-1.523320198059082,74.87690734863281,-68.85733032226562,-88.57299041748047,27.437530517578125,28.001201629638672,-1.523320198059082,74.87690734863281,-68.85733032226562,-88.57299041748047,27.437530517578125,27.20156555772994
31.267,0,27.939823150634766,-1.4904041290283203,74.93058776855469,-68.8569564819336,-88.52216339111328,27.584373474121094,27.939823150634766,-1.4904041290283203,74.93058776855469,-68.8569564819336,-88.52216339111328,27.584373474121094,27.20156555772994
31.305,0,27.974517822265625,-1.4159259796142578,74.90669250488281,-68.94851684570312,-88.53028869628906,27.50729751586914,27.974517822265625,-1.4159259796142578,74.90669250488281,-68.94851684570312,-88.53028869628906,27.50729751586914,27.20156555772994
31.332,0,28.075748443603516,-1.3398170471191406,74.87615203857422,-69.01321411132812,-88.54712677001953,27.38909149169922,28.075748443603516,-1.3398170471191406,74.87615203857422,-69.01321411132812,-88.54712677001953,27.38909149169922,27.20156555772994
31.371,0,28.042388916015625,-1.1070642471313477,74.77753448486328,-69.19444274902344,-88.5802001953125,27.34954261779785,28.042388916015625,-1.1070642471313477,74.77753448486328,-69.19444274902344,-88.5802001953125,27.34954261779785,27.20156555772994
31.400,0,27.98373794555664,-1.081028938293457,74.8319091796875,-69.19036102294922,-88.52879333496094,27.507970809936523,27.98373794555664,-1.081028938293457,74.8319091796875,-69.19036102294922,-88.52879333496094,27.507970809936523,27.136333985649053
31.438,0,27.980674743652344,-1.027543067932129,74.8177719116211,-69.2706298828125,-88.53939056396484,27.443513870239258,27.980674743652344,-1.027543067932129,74.8177719116211,-69.2706298828125,-88.53939056396484,27.443513870239258,27.136333985649053
31.468,0,28.06229019165039,-0.8603906631469727,74.7840576171875,-69.42376708984375,-88.56268310546875,27.35372543334961,28.06229019165039,-0.8603906631469727,74.7840576171875,-69.42376708984375,-88.56268310546875,27.35372543334961,27.136333985649053
31.501,0,28.037425994873047,-0.7078609466552734,74.70372772216797,-69.53929138183594,-88.58988189697266,27.31260871887207,28.037425994873047,-0.7078609466552734,74.70372772216797,-69.53929138183594,-88.58988189697266,27.31260871887207,27.136333985649053
31.536,0,27.97992706298828,-0.6758384704589844,74.77301788330078,-69.5673828125,-88.53303527832031,27.45551109313965,27.97992706298828,-0.6758384704589844,74.77301788330078,-69.5673828125,-88.53303527832031,27.45551109313965,27.136333985649053
31.568,0,27.967357635498047,-0.6134738922119141,74.72783660888672,-69.62351989746094,-88.53678894042969,27.431411743164062,27.967357635498047,-0.6134738922119141,74.72783660888672,-69.62351989746094,-88.53678894042969,27.431411743164062,27.136333985649053
31.602,0,28.027206420898438,-0.4703636169433594,74.69381713867188,-69.743408203125,-88.55219268798828,27.35106658935547,28.027206420898438,-0.4703636169433594,74.69381713867188,-69.743408203125,-88.55219268798828,27.35106658935547,27.136333985649053
31.636,0,28.003684997558594,-0.2709846496582031,74.61241912841797,-69.88575744628906,-88.5732421875,27.3325252532959,28.003684997558594,-0.2709846496582031,74.61241912841797,-69.88575744628906,-88.5732421875,27.3325252532959,27.136333985649053
31.667,0,27.945213317871094,-0.18153667449951172,74.67765808105469,-69.95330810546875,-88.51595306396484,27.498746871948242,27.945213317871094,-0.18153667449951172,74.67765808105469,-69.95330810546875,-88.51595306396484,27.498746871948242,27.136333985649053
31.705,0,27.934738159179688,-0.06178855895996094,74.63578796386719,-70.06903076171875,-88.52125549316406,27.544452667236328,27.934738159179688,-0.06178855895996094,74.63578796386719,-70.06903076171875,-88.52125549316406,27.544452667236328,27.136333985649053
31.733,0,28.00798797607422,0.11357784271240234,74.59014892578125,-70.20664978027344,-88.54100036621094,27.452909469604492,28.00798797607422,0.11357784271240234,74.59014892578125,-70.20664978027344,-88.54100036621094,27.452909469604492,27.136333985649053
31.774,0,27.979827880859375,0.2921180725097656,74.51443481445312,-70.30618286132812,-88.56026458740234,27.489572525024414,27.979827880859375,0.2921180725097656,74.51443481445312,-70.30618286132812,-88.56026458740234,27.489572525024414,27.136333985649053
31.799,0,27.913841247558594,0.3849201202392578,74.59103393554688,-70.39004516601562,-88.50296020507812,27.691165924072266,27.913841247558594,0.3849201202392578,74.59103393554688,-70.39004516601562,-88.50296020507812,27.691165924072266,27.136333985649053
31.843,0,27.933197021484375,0.41768836975097656,74.54759216308594,-70.42571258544922,-88.52285766601562,27.63751983642578,27.933197021484375,0.41768836975097656,74.54759216308594,-70.42571258544922,-88.52285766601562,27.63751983642578,27.136333985649053
31.865,0,28.034198760986328,0.5003433227539062,74.52461242675781,-70.50555419921875,-88.53235626220703,27.616519927978516,28.034198760986328,0.5003433227539062,74.52461242675781,-70.50555419921875,-88.53235626220703,27.616519927978516,27.136333985649053
31.907,0,28.020286560058594,0.6375026702880859,74.45906066894531,-70.5904541015625,-88.56236267089844,27.59049415588379,28.020286560058594,0.6375026702880859,74.45906066894531,-70.5904541015625,-88.56236267089844,27.59049415588379,27.266797129810826
31.937,0,27.959125518798828,0.7042922973632812,74.53386688232422,-70.64340209960938,-88.50634765625,27.788400650024414,27.959125518798828,0.7042922973632812,74.53386688232422,-70.64340209960938,-88.50634765625,27.788400650024414,27.266797129810826
31.975,0,27.981220245361328,0.7127132415771484,74.48518371582031,-70.63731384277344,-88.52864074707031,27.775360107421875,27.981220245361328,0.7127132415771484,74.48518371582031,-70.63731384277344,-88.52864074707031,27.775360107421875,27.266797129810826
32.002,0,28.072101593017578,0.7994956970214844,74.47048950195312,-70.74220275878906,-88.52901458740234,27.69110870361328,28.072101593017578,0.7994956970214844,74.47048950195312,-70.74220275878906,-88.52901458740234,27.69110870361328,27.332028701891716
32.041,0,28.069412231445312,0.8759193420410156,74.41490936279297,-70.76954650878906,-88.54920196533203,27.69080352783203,28.069412231445312,0.8759193420410156,74.41490936279297,-70.76954650878906,-88.54920196533203,27.69080352783203,27.46249184605349
32.070,0,28.00739288330078,0.8777904510498047,74.49586486816406,-70.75381469726562,-88.47822570800781,27.888809204101562,28.00739288330078,0.8777904510498047,74.49586486816406,-70.75381469726562,-88.47822570800781,27.888809204101562,27.527723418134375
32.108,0,28.027095794677734,0.8552494049072266,74.47378540039062,-70.75143432617188,-88.49783325195312,27.855342864990234,28.027095794677734,0.8552494049072266,74.47378540039062,-70.75143432617188,-88.49783325195312,27.855342864990234,27.527723418134375
32.135,0,28.140277862548828,0.8912849426269531,74.45331573486328,-70.81336975097656,-88.49597930908203,27.801677703857422,28.140277862548828,0.8912849426269531,74.45331573486328,-70.81336975097656,-88.49597930908203,27.801677703857422,27.527723418134375
32.175,0,28.13058090209961,0.9918708801269531,74.39933013916016,-70.86990356445312,-88.52305603027344,27.80243492126465,28.13058090209961,0.9918708801269531,74.39933013916016,-70.86990356445312,-88.52305603027344,27.80243492126465,27.527723418134375
32.279,0,28.06502914428711,0.9641399383544922,74.51177215576172,-70.88346099853516,-88.46370697021484,28.022144317626953,28.06502914428711,0.9641399383544922,74.51177215576172,-70.88346099853516,-88.46370697021484,28.022144317626953,27.527723418134375
32.297,0,28.111591339111328,0.9296875,74.52223205566406,-70.89739227294922,-88.47407531738281,27.997135162353516,28.111591339111328,0.9296875,74.52223205566406,-70.89739227294922,-88.47407531738281,27.997135162353516,27.527723418134375
32.333,0,28.195354461669922,0.8587856292724609,74.5718002319336,-70.87114715576172,-88.42549896240234,27.943775177001953,28.195354461669922,0.8587856292724609,74.5718002319336,-70.87114715576172,-88.42549896240234,27.943775177001953,27.527723418134375
32.376,0,28.207584381103516,0.9145088195800781,74.48971557617188,-70.93046569824219,-88.47620391845703,27.986799240112305,28.207584381103516,0.9145088195800781,74.48971557617188,-70.93046569824219,-88.47620391845703,27.986799240112305,27.59295499021526
32.398,0,28.171768188476562,0.8981304168701172,74.56782531738281,-70.96206665039062,-88.43733215332031,28.250137329101562,28.171768188476562,0.8981304168701172,74.56782531738281,-70.96206665039062,-88.43733215332031,28.250137329101562,27.65818656229615
32.439,0,28.199462890625,0.8010139465332031,74.61141967773438,-70.94259643554688,-88.44588470458984,28.267379760742188,28.199462890625,0.8010139465332031,74.61141967773438,-70.94259643554688,-88.44588470458984,28.267379760742188,27.65818656229615
32.467,0,28.314834594726562,0.7236537933349609,74.64242553710938,-70.90164947509766,-88.41551208496094,28.188472747802734,28.314834594726562,0.7236537933349609,74.64242553710938,-70.90164947509766,-88.41551208496094,28.188472747802734,27.788649706457925
32.506,0,28.335567474365234,0.7367744445800781,74.5667495727539,-70.91487884521484,-88.46353912353516,28.294429779052734,28.335567474365234,0.7367744445800781,74.5667495727539,-70.91487884521484,-88.46353912353516,28.294429779052734,27.919112850619697
32.533,0,28.306621551513672,0.7498588562011719,74.65916442871094,-70.98796844482422,-88.42625427246094,28.56582260131836,28.306621551513672,0.7498588562011719,74.65916442871094,-70.98796844482422,-88.42625427246094,28.56582260131836,27.919112850619697
32.572,0,28.294464111328125,0.6468315124511719,74.67144775390625,-70.93185424804688,-88.45621490478516,28.59269905090332,28.294464111328125,0.6468315124511719,74.67144775390625,-70.93185424804688,-88.45621490478516,28.59269905090332,27.919112850619697
32.600,0,28.4019775390625,0.5773162841796875,74.69600677490234,-70.890625,-88.42901611328125,28.548128128051758,28.4019775390625,0.5773162841796875,74.69600677490234,-70.890625,-88.42901611328125,28.548128128051758,27.984344422700584
32.639,0,28.410736083984375,0.5208625793457031,74.65872192382812,-70.83842468261719,-88.46724700927734,28.643390655517578,28.410736083984375,0.5208625793457031,74.65872192382812,-70.83842468261719,-88.46724700927734,28.643390655517578,28.180039138943247
32.671,0,28.37133026123047,0.5347251892089844,74.74585723876953,-70.92143249511719,-88.42808532714844,28.95098114013672,28.37133026123047,0.5347251892089844,74.74585723876953,-70.92143249511719,-88.42808532714844,28.95098114013672,28.31050228310502
32.704,0,28.347888946533203,0.4049186706542969,74.76380157470703,-70.8326416015625,-88.45958709716797,28.969100952148438,28.347888946533203,0.4049186706542969,74.76380157470703,-70.8326416015625,-88.45958709716797,28.969100952148438,28.31050228310502
32.735,0,28.452991485595703,0.33956336975097656,74.80810546875,-70.79693603515625,-88.42874145507812,28.91082000732422,28.452991485595703,0.33956336975097656,74.80810546875,-70.79693603515625,-88.42874145507812,28.91082000732422,28.31050228310502
32.771,0,28.463138580322266,0.26166343688964844,74.7739028930664,-70.7333984375,-88.459716796875,29.019184112548828,28.463138580322266,0.26166343688964844,74.7739028930664,-70.7333984375,-88.459716796875,29.019184112548828,28.57142857142857
32.805,0,28.446495056152344,0.36444091796875,74.83109283447266,-70.87359619140625,-88.41793060302734,29.346343994140625,28.446495056152344,0.36444091796875,74.83109283447266,-70.87359619140625,-88.41793060302734,29.346343994140625,28.701891715590342
32.847,0,28.45830535888672,0.21949195861816406,74.96576690673828,-70.89044189453125,-88.44133758544922,29.332475662231445,28.45830535888672,0.21949195861816406,74.96576690673828,-70.89044189453125,-88.44133758544922,29.332475662231445,28.701891715590342
32.866,0,28.576271057128906,0.09604740142822266,75.03472137451172,-70.83070373535156,-88.40860748291016,29.24668312072754,28.576271057128906,0.09604740142822266,75.03472137451172,-70.83070373535156,-88.40860748291016,29.24668312072754,28.701891715590342
32.909,0,28.571693420410156,0.10529232025146484,74.95840454101562,-70.792724609375,-88.4361343383789,29.374820709228516,28.571693420410156,0.10529232025146484,74.95840454101562,-70.792724609375,-88.4361343383789,29.374820709228516,28.962818003913892
32.935,0,28.564456939697266,0.19176292419433594,75.02635955810547,-70.9349136352539,-88.40028381347656,29.70657730102539,28.564456939697266,0.19176292419433594,75.02635955810547,-70.9349136352539,-88.40028381347656,29.70657730102539,28.962818003913892
32.973,0,28.581867218017578,0.24582672119140625,75.03463745117188,-71.05906677246094,-88.39464569091797,29.73228645324707,28.581867218017578,0.24582672119140625,75.03463745117188,-71.05906677246094,-88.39464569091797,29.73228645324707,28.962818003913892
33.006,0,28.71014404296875,0.1014108657836914,75.1092529296875,-70.99109649658203,-88.36139678955078,29.62145233154297,28.71014404296875,0.1014108657836914,75.1092529296875,-70.99109649658203,-88.36139678955078,29.62145233154297,29.22374429223744
33.038,0,28.725650787353516,0.110137939453125,75.02037048339844,-70.94274139404297,-88.38998413085938,29.737869262695312,28.725650787353516,0.110137939453125,75.02037048339844,-70.94274139404297,-88.38998413085938,29.737869262695312,29.419439008480104
33.073,0,28.761180877685547,0.14554977416992188,74.98208618164062,-71.00825500488281,-88.41389465332031,29.846155166625977,28.761180877685547,0.14554977416992188,74.98208618164062,-71.00825500488281,-88.41389465332031,29.846155166625977,29.419439008480104
33.116,0,28.7413330078125,0.17454910278320312,75.09872436523438,-71.09298706054688,-88.37353515625,30.149904251098633,28.7413330078125,0.17454910278320312,75.09872436523438,-71.09298706054688,-88.37353515625,30.149904251098633,29.419439008480104
33.134,0,28.770370483398438,0.15561866760253906,75.10172271728516,-71.15447235107422,-88.35515594482422,30.133800506591797,28.770370483398438,0.15561866760253906,75.10172271728516,-71.15447235107422,-88.35515594482422,30.133800506591797,29.419439008480104
33.180,0,28.858924865722656,0.07656192779541016,75.12251281738281,-71.10640716552734,-88.36015319824219,30.21261215209961,28.858924865722656,0.07656192779541016,75.12251281738281,-71.10640716552734,-88.36015319824219,30.21261215209961,29.48467058056099
33.202,0,28.89028549194336,0.15070247650146484,75.08736419677734,-71.22129821777344,-88.37966918945312,30.328563690185547,28.89028549194336,0.15070247650146484,75.08736419677734,-71.22129821777344,-88.37966918945312,30.328563690185547,29.615133724722764
33.249,0,28.81804656982422,-0.020132064819335938,75.19767761230469,-71.09305572509766,-88.37430572509766,30.44998550415039,28.81804656982422,-0.020132064819335938,75.19767761230469,-71.09305572509766,-88.37430572509766,30.44998550415039,29.810828440965427
33.267,0,28.83025360107422,0.025882720947265625,75.20475006103516,-71.2325439453125,-88.3619155883789,30.460792541503906,28.83025360107422,0.025882720947265625,75.20475006103516,-71.2325439453125,-88.3619155883789,30.460792541503906,29.9412915851272
33.311,0,28.914779663085938,-0.1015462875366211,75.2302474975586,-71.13963317871094,-88.35797119140625,30.506893157958984,28.914779663085938,-0.1015462875366211,75.2302474975586,-71.13963317871094,-88.35797119140625,30.506893157958984,30.006523157208086
33.338,0,28.92794418334961,0.010025978088378906,75.1883544921875,-71.28030395507812,-88.37235260009766,30.622760772705078,28.92794418334961,0.010025978088378906,75.1883544921875,-71.28030395507812,-88.37235260009766,30.622760772705078,30.006523157208086
33.376,0,28.795101165771484,-0.16737842559814453,75.30271911621094,-71.13958740234375,-88.3653793334961,30.764644622802734,28.795101165771484,-0.16737842559814453,75.30271911621094,-71.13958740234375,-88.3653793334961,30.764644622802734,30.006523157208086
33.406,0,28.827213287353516,-0.15396404266357422,75.31302642822266,-71.24375915527344,-88.34552764892578,30.747570037841797,28.827213287353516,-0.15396404266357422,75.31302642822266,-71.24375915527344,-88.34552764892578,30.747570037841797,30.136986301369863
33.441,0,28.907939910888672,-0.24402236938476562,75.31962585449219,-71.16351318359375,-88.34970092773438,30.81944465637207,28.907939910888672,-0.24402236938476562,75.31962585449219,-71.16351318359375,-88.34970092773438,30.81944465637207,30.332681017612522
33.471,0,28.93819808959961,-0.1446371078491211,75.27677917480469,-71.26567077636719,-88.35397338867188,30.89697265625,28.93819808959961,-0.1446371078491211,75.27677917480469,-71.26567077636719,-88.35397338867188,30.89697265625,30.39791258969341
33.512,0,28.812801361083984,-0.28031444549560547,75.37189483642578,-71.14827728271484,-88.3516845703125,31.040157318115234,28.812801361083984,-0.28031444549560547,75.37189483642578,-71.14827728271484,-88.3516845703125,31.040157318115234,30.4631441617743
33.538,0,28.82032012939453,-0.20481204986572266,75.37367248535156,-71.28564453125,-88.33271789550781,31.07061004638672,28.82032012939453,-0.20481204986572266,75.37367248535156,-71.28564453125,-88.33271789550781,31.07061004638672,30.59360730593607
33.578,0,28.905620574951172,-0.3529815673828125,75.36566162109375,-71.13768005371094,-88.3353271484375,31.120569229125977,28.905620574951172,-0.3529815673828125,75.36566162109375,-71.13768005371094,-88.3353271484375,31.120569229125977,30.59360730593607
33.604,0,28.925323486328125,-0.24391460418701172,75.30769348144531,-71.23274230957031,-88.34290313720703,31.200847625732422,28.925323486328125,-0.24391460418701172,75.30769348144531,-71.23274230957031,-88.34290313720703,31.200847625732422,30.658838878016958
33.645,0,28.800567626953125,-0.40283870697021484,75.40394592285156,-71.08763885498047,-88.33647155761719,31.313674926757812,28.800567626953125,-0.40283870697021484,75.40394592285156,-71.08763885498047,-88.33647155761719,31.313674926757812,30.724070450097845
33.672,0,28.81170654296875,-0.38362598419189453,75.40531921386719,-71.15907287597656,-88.32188415527344,31.319894790649414,28.81170654296875,-0.38362598419189453,75.40531921386719,-71.15907287597656,-88.32188415527344,31.319894790649414,30.919765166340508
33.712,0,28.884349822998047,-0.5469274520874023,75.3690414428711,-70.94854736328125,-88.33596801757812,31.352554321289062,28.884349822998047,-0.5469274520874023,75.3690414428711,-70.94854736328125,-88.33596801757812,31.352554321289062,30.984996738421394
33.739,0,28.90634536743164,-0.4415426254272461,75.29816436767578,-71.00975036621094,-88.34391784667969,31.416791915893555,28.90634536743164,-0.4415426254272461,75.29816436767578,-71.00975036621094,-88.34391784667969,31.416791915893555,30.984996738421394
33.780,0,28.791709899902344,-0.5985832214355469,75.380126953125,-70.85166931152344,-88.3342056274414,31.507661819458008,28.791709899902344,-0.5985832214355469,75.380126953125,-70.85166931152344,-88.3342056274414,31.507661819458008,30.984996738421394
33.804,0,28.753604888916016,-0.39160823822021484,75.26465606689453,-71.02159118652344,-88.33271789550781,31.523815155029297,28.753604888916016,-0.39160823822021484,75.26465606689453,-71.02159118652344,-88.33271789550781,31.523815155029297,30.984996738421394
33.848,0,28.83550262451172,-0.6021356582641602,75.29534912109375,-70.79191589355469,-88.33033752441406,31.527259826660156,28.83550262451172,-0.6021356582641602,75.29534912109375,-70.79191589355469,-88.33033752441406,31.527259826660156,30.984996738421394
33.875,0,28.824962615966797,-0.5573959350585938,75.21013641357422,-70.7821044921875,-88.34906768798828,31.609317779541016,28.824962615966797,-0.5573959350585938,75.21013641357422,-70.7821044921875,-88.34906768798828,31.609317779541016,31.115459882583167
33.913,0,28.789241790771484,-0.6540365219116211,75.28861999511719,-70.6944580078125,-88.33346557617188,31.6494140625,28.789241790771484,-0.6540365219116211,75.28861999511719,-70.6944580078125,-88.33346557617188,31.6494140625,31.180691454664057
33.941,0,28.75128173828125,-0.4666738510131836,75.17700958251953,-70.82803344726562,-88.31916046142578,31.69754409790039,28.75128173828125,-0.4666738510131836,75.17700958251953,-70.82803344726562,-88.31916046142578,31.69754409790039,31.31115459882583
33.974,0,28.83639144897461,-0.668431282043457,75.20100402832031,-70.61990356445312,-88.32076263427734,31.665237426757812,28.83639144897461,-0.668431282043457,75.20100402832031,-70.61990356445312,-88.32076263427734,31.665237426757812,31.376386170906716
34.013,0,28.828697204589844,-0.5996980667114258,75.0986557006836,-70.6236801147461,-88.33739471435547,31.70064926147461,28.828697204589844,-0.5996980667114258,75.0986557006836,-70.6236801147461,-88.33739471435547,31.70064926147461,31.376386170906716
34.043,0,28.79216766357422,-0.6754207611083984,75.18006896972656,-70.55136108398438,-88.32584381103516,31.77587890625,28.79216766357422,-0.6754207611083984,75.18006896972656,-70.55136108398438,-88.32584381103516,31.77587890625,31.441617742987603
34.077,0,28.713558197021484,-0.4146156311035156,75.05750274658203,-70.7618408203125,-88.33047485351562,31.79531478881836,28.713558197021484,-0.4146156311035156,75.05750274658203,-70.7618408203125,-88.33047485351562,31.79531478881836,31.441617742987603
34.111,0,28.803955078125,-0.6200065612792969,75.08203125,-70.54483795166016,-88.32198333740234,31.78179931640625,28.803955078125,-0.6200065612792969,75.08203125,-70.54483795166016,-88.32198333740234,31.78179931640625,31.441617742987603
34.143,0,28.792572021484375,-0.5324716567993164,74.97442626953125,-70.56959533691406,-88.33797454833984,31.793842315673828,28.792572021484375,-0.5324716567993164,74.97442626953125,-70.56959533691406,-88.33797454833984,31.793842315673828,31.441617742987603
34.178,0,28.75667953491211,-0.5760087966918945,75.05726623535156,-70.53921508789062,-88.32589721679688,31.862728118896484,28.75667953491211,-0.5760087966918945,75.05726623535156,-70.53921508789062,-88.32589721679688,31.862728118896484,31.441617742987603
34.211,0,28.67986297607422,-0.30735015869140625,74.93345642089844,-70.7497787475586,-88.333984375,31.87299346923828,28.67986297607422,-0.30735015869140625,74.93345642089844,-70.7497787475586,-88.333984375,31.87299346923828,31.441617742987603
34.246,0,28.774993896484375,-0.5013065338134766,74.97085571289062,-70.55984497070312,-88.323974609375,31.839481353759766,28.774993896484375,-0.5013065338134766,74.97085571289062,-70.55984497070312,-88.323974609375,31.839481353759766,31.441617742987603
34.275,0,28.783226013183594,-0.40287208557128906,74.850341796875,-70.58262634277344,-88.33151245117188,31.844852447509766,28.783226013183594,-0.40287208557128906,74.850341796875,-70.58262634277344,-88.33151245117188,31.844852447509766,31.441617742987603
34.316,0,28.75039291381836,-0.4313087463378906,74.94683074951172,-70.57315063476562,-88.32483673095703,31.847023010253906,28.75039291381836,-0.4313087463378906,74.94683074951172,-70.57315063476562,-88.32483673095703,31.847023010253906,31.441617742987603
34.341,0,28.6866455078125,-0.19748401641845703,74.83189392089844,-70.75300598144531,-88.32503509521484,31.864994049072266,28.6866455078125,-0.19748401641845703,74.83189392089844,-70.75300598144531,-88.32503509521484,31.864994049072266,31.441617742987603
34.382,0,28.788509368896484,-0.3864727020263672,74.85617065429688,-70.564208984375,-88.31355285644531,31.819869995117188,28.788509368896484,-0.3864727020263672,74.85617065429688,-70.564208984375,-88.31355285644531,31.819869995117188,31.441617742987603
34.408,0,28.78646469116211,-0.26906394958496094,74.72976684570312,-70.59988403320312,-88.3258056640625,31.80124282836914,28.78646469116211,-0.26906394958496094,74.72976684570312,-70.59988403320312,-88.3258056640625,31.80124282836914,31.441617742987603
34.450,0,28.76158905029297,-0.3223276138305664,74.82958984375,-70.57001495361328,-88.31685638427734,31.810688018798828,28.76158905029297,-0.3223276138305664,74.82958984375,-70.57001495361328,-88.31685638427734,31.810688018798828,31.441617742987603
34.476,0,28.696876525878906,-0.11290550231933594,74.71146392822266,-70.73687744140625,-88.32260131835938,31.78781509399414,28.696876525878906,-0.11290550231933594,74.71146392822266,-70.73687744140625,-88.32260131835938,31.78781509399414,31.441617742987603
34.516,0,28.808307647705078,-0.25714969635009766,74.71830749511719,-70.57496643066406,-88.31571960449219,31.70105743408203,28.808307647705078,-0.25714969635009766,74.71830749511719,-70.57496643066406,-88.31571960449219,31.70105743408203,31.441617742987603
34.544,0,28.80880355834961,-0.10000419616699219,74.56924438476562,-70.62013244628906,-88.32508087158203,31.693470001220703,28.80880355834961,-0.10000419616699219,74.56924438476562,-70.62013244628906,-88.32508087158203,31.693470001220703,31.441617742987603
34.582,0,28.78647232055664,-0.13573551177978516,74.67111206054688,-70.62063598632812,-88.31368255615234,31.67473602294922,28.78647232055664,-0.13573551177978516,74.67111206054688,-70.62063598632812,-88.31368255615234,31.67473602294922,31.441617742987603
34.610,0,28.72507095336914,0.1523895263671875,74.52935028076172,-70.84315490722656,-88.32260131835938,31.62812042236328,28.72507095336914,0.1523895263671875,74.52935028076172,-70.84315490722656,-88.32260131835938,31.62812042236328,31.441617742987603
34.652,0,28.820858001708984,-0.01572895050048828,74.55180358886719,-70.67170715332031,-88.31404113769531,31.581409454345703,28.820858001708984,-0.01572895050048828,74.55180358886719,-70.67170715332031,-88.31404113769531,31.581409454345703,31.441617742987603
34.675,0,28.807064056396484,0.15961551666259766,74.39794921875,-70.72918701171875,-88.32933807373047,31.520252227783203,28.807064056396484,0.15961551666259766,74.39794921875,-70.72918701171875,-88.32933807373047,31.520252227783203,31.441617742987603
34.717,0,28.77920913696289,0.12296581268310547,74.49237060546875,-70.72325134277344,-88.31959533691406,31.505474090576172,28.77920913696289,0.12296581268310547,74.49237060546875,-70.72325134277344,-88.31959533691406,31.505474090576172,31.441617742987603
34.745,0,28.722850799560547,0.3946819305419922,74.36164855957031,-70.92591857910156,-88.33427429199219,31.480087280273438,28.722850799560547,0.3946819305419922,74.36164855957031,-70.92591857910156,-88.33427429199219,31.480087280273438,31.441617742987603
34.783,0,28.831279754638672,0.2878379821777344,74.35657501220703,-70.79143524169922,-88.3277816772461,31.404033660888672,28.831279754638672,0.2878379821777344,74.35657501220703,-70.79143524169922,-88.3277816772461,31.404033660888672,31.441617742987603
34.811,0,28.81859588623047,0.45112037658691406,74.21653747558594,-70.85356140136719,-88.33985900878906,31.34238052368164,28.81859588623047,0.45112037658691406,74.21653747558594,-70.85356140136719,-88.33985900878906,31.34238052368164,31.441617742987603
34.855,0,28.81462860107422,0.4013786315917969,74.4169921875,-70.9021224975586,-88.28878784179688,31.40215301513672,28.81462860107422,0.4013786315917969,74.4169921875,-70.9021224975586,-88.28878784179688,31.40215301513672,31.441617742987603
34.877,0,28.755809783935547,0.6279716491699219,74.28577423095703,-71.07466125488281,-88.29796600341797,31.409385681152344,28.755809783935547,0.6279716491699219,74.28577423095703,-71.07466125488281,-88.29796600341797,31.409385681152344,31.441617742987603
34.918,0,28.862354278564453,0.5258674621582031,74.28772735595703,-70.95195007324219,-88.29295349121094,31.326133728027344,28.862354278564453,0.5258674621582031,74.28772735595703,-70.95195007324219,-88.29295349121094,31.326133728027344,31.441617742987603
34.947,0,28.843547821044922,0.7110252380371094,74.14334106445312,-71.03450775146484,-88.31205749511719,31.28955841064453,28.843547821044922,0.7110252380371094,74.14334106445312,-71.03450775146484,-88.31205749511719,31.28955841064453,31.441617742987603
34.990,0,28.836360931396484,0.6720733642578125,74.33500671386719,-71.08888244628906,-88.2671127319336,31.378555297851562,28.836360931396484,0.6720733642578125,74.33500671386719,-71.08888244628906,-88.2671127319336,31.378555297851562,31.441617742987603
35.010,0,28.80904769897461,0.8603305816650391,74.27473449707031,-71.291748046875,-88.25738525390625,31.338172912597656,28.80904769897461,0.8603305816650391,74.27473449707031,-71.291748046875,-88.25738525390625,31.338172912597656,31.441617742987603
35.051,0,28.915882110595703,0.7789745330810547,74.28541564941406,-71.19320678710938,-88.24313354492188,31.269018173217773,28.915882110595703,0.7789745330810547,74.28541564941406,-71.19320678710938,-88.24313354492188,31.269018173217773,31.441617742987603
35.078,0,28.907268524169922,0.9455280303955078,74.1331787109375,-71.2696533203125,-88.25731658935547,31.214088439941406,28.907268524169922,0.9455280303955078,74.1331787109375,-71.2696533203125,-88.25731658935547,31.214088439941406,31.441617742987603
35.119,0,28.895435333251953,0.933563232421875,74.32164764404297,-71.35360717773438,-88.20484924316406,31.30251121520996,28.895435333251953,0.933563232421875,74.32164764404297,-71.35360717773438,-88.20484924316406,31.30251121520996,31.376386170906716
35.148,0,28.865150451660156,1.0970211029052734,74.27278137207031,-71.54169464111328,-88.18921661376953,31.26102638244629,28.865150451660156,1.0970211029052734,74.27278137207031,-71.54169464111328,-88.18921661376953,31.26102638244629,31.376386170906716
35.183,0,28.981277465820312,1.123626708984375,74.27464294433594,-71.57106018066406,-88.1675033569336,31.168987274169922,28.981277465820312,1.123626708984375,74.27464294433594,-71.57106018066406,-88.1675033569336,31.168987274169922,31.376386170906716
35.227,0,29.008384704589844,1.311044692993164,74.15823364257812,-71.69375610351562,-88.17667388916016,31.12110710144043,29.008384704589844,1.311044692993164,74.15823364257812,-71.69375610351562,-88.17667388916016,31.12110710144043,31.376386170906716
35.246,0,29.000408172607422,1.2421684265136719,74.35900115966797,-71.74224090576172,-88.1241226196289,31.174114227294922,29.000408172607422,1.2421684265136719,74.35900115966797,-71.74224090576172,-88.1241226196289,31.174114227294922,31.376386170906716
35.283,0,28.963661193847656,1.394338607788086,74.2380142211914,-71.81007385253906,-88.11454010009766,31.119028091430664,28.963661193847656,1.394338607788086,74.2380142211914,-71.81007385253906,-88.11454010009766,31.119028091430664,31.376386170906716
35.319,0,29.07982635498047,1.4198169708251953,74.19669342041016,-71.83624267578125,-88.10810089111328,31.051259994506836,29.07982635498047,1.4198169708251953,74.19669342041016,-71.83624267578125,-88.10810089111328,31.051259994506836,31.376386170906716
35.349,0,29.071063995361328,1.5455989837646484,74.0575180053711,-71.8671646118164,-88.12664031982422,31.03607177734375,29.071063995361328,1.5455989837646484,74.0575180053711,-71.8671646118164,-88.12664031982422,31.03607177734375,31.376386170906716
35.387,0,29.020557403564453,1.532684326171875,74.18444061279297,-71.9177474975586,-88.07855987548828,31.103656768798828,29.020557403564453,1.532684326171875,74.18444061279297,-71.9177474975586,-88.07855987548828,31.103656768798828,31.376386170906716
35.424,0,29.02303695678711,1.6540679931640625,74.0976333618164,-71.98472595214844,-88.06238555908203,31.055133819580078,29.02303695678711,1.6540679931640625,74.0976333618164,-71.98472595214844,-88.06238555908203,31.055133819580078,31.376386170906716
35.447,0,29.135913848876953,1.800924301147461,74.07511138916016,-72.12017822265625,-88.04302978515625,30.977134704589844,29.135913848876953,1.800924301147461,74.07511138916016,-72.12017822265625,-88.04302978515625,30.977134704589844,31.376386170906716
35.487,0,29.17892074584961,2.035572052001953,73.91014862060547,-72.22772216796875,-88.0511703491211,30.916948318481445,29.17892074584961,2.035572052001953,73.91014862060547,-72.22772216796875,-88.0511703491211,30.916948318481445,31.376386170906716
35.516,0,29.10649871826172,2.00201416015625,74.02705383300781,-72.24555969238281,-88.01602935791016,30.988407135009766,29.10649871826172,2.00201416015625,74.02705383300781,-72.24555969238281,-88.01602935791016,30.988407135009766,31.376386170906716
35.553,0,29.058895111083984,2.032033920288086,73.94125366210938,-72.21710205078125,-88.01589965820312,30.96444320678711,29.058895111083984,2.032033920288086,73.94125366210938,-72.21710205078125,-88.01589965820312,30.96444320678711,31.180691454664057
