t_s,episode,target.shoulder_pan.pos,target.shoulder_lift.pos,target.elbow_flex.pos,target.wrist_flex.pos,target.wrist_roll.pos,target.gripper.pos,sent.shoulder_pan.pos,sent.shoulder_lift.pos,sent.elbow_flex.pos,sent.wrist_flex.pos,sent.wrist_roll.pos,sent.gripper.pos,gripper_actual
0.274,0,-6.379978179931641,-101.35234832763672,94.212158203125,60.08423614501953,-9.973442077636719,-0.020364761352539062,-6.379978179931641,-101.35234832763672,94.212158203125,69.72527472527473,-7.681318681318681,-0.020364761352539062,1.0437051532941943
0.299,0,-6.3410539627075195,-101.35421752929688,94.23261260986328,59.999794006347656,-10.0950927734375,-0.023023605346679688,-6.3410539627075195,-101.35421752929688,94.23261260986328,69.72527472527473,-7.681318681318681,-0.023023605346679688,1.0437051532941943
0.365,0,-6.395373344421387,-101.39264678955078,94.27407836914062,60.139869689941406,-10.276199340820312,0.0449676513671875,-6.395373344421387,-101.39264678955078,94.27407836914062,67.96703296703296,-9.791208791208792,0.0449676513671875,1.0437051532941943
0.390,0,-6.4536943435668945,-101.36839294433594,94.3873519897461,59.69226837158203,-11.004959106445312,0.07246780395507812,-6.4536943435668945,-101.36839294433594,94.3873519897461,67.0,-10.846153846153847,0.07246780395507812,0.9784735812133072
0.421,0,-6.482771873474121,-101.3180160522461,94.476806640625,59.27465057373047,-11.776504516601562,0.0943756103515625,-6.482771873474121,-101.3180160522461,94.476806640625,66.03296703296704,-11.776504516601562,0.0943756103515625,0.9784735812133072
0.454,0,-6.4693756103515625,-101.22039794921875,94.58797454833984,58.58308410644531,-12.91302490234375,0.11046981811523438,-6.4693756103515625,-101.22039794921875,94.58797454833984,64.62637362637362,-12.91302490234375,0.11046981811523438,0.9784735812133072
0.506,0,-6.48831844329834,-101.11219787597656,94.69154357910156,57.961158752441406,-14.245880126953125,0.12704849243164062,-6.48831844329834,-101.11219787597656,94.69154357910156,62.86813186813187,-14.245880126953125,0.12704849243164062,0.9784735812133072
0.531,0,-6.532771110534668,-101.00164794921875,94.85682678222656,56.946258544921875,-15.931106567382812,0.12929344177246094,-6.532771110534668,-101.00164794921875,94.85682678222656,61.98901098901099,-15.931106567382812,0.12929344177246094,0.9784735812133072
0.565,0,-6.601055145263672,-100.90361785888672,95.03223419189453,55.87394714355469,-17.89736557006836,0.12829208374023438,-6.601055145263672,-100.90361785888672,95.03223419189453,61.02197802197803,-17.439560439560438,0.12829208374023438,0.9784735812133072
0.599,0,-6.648656845092773,-100.78829956054688,95.17266082763672,54.92218017578125,-19.65270233154297,0.1272563934326172,-6.648656845092773,-100.78829956054688,95.17266082763672,59.527472527472526,-19.021978021978022,0.1272563934326172,0.9784735812133072
0.649,0,-6.751163482666016,-100.67437744140625,95.3077392578125,53.960426330566406,-21.871658325195312,0.12503814697265625,-6.751163482666016,-100.67437744140625,95.3077392578125,57.76923076923077,-21.307692307692307,0.12503814697265625,0.9784735812133072
0.673,0,-6.844379425048828,-100.5827407836914,95.44769287109375,52.96045684814453,-24.05841827392578,0.11480140686035156,-6.844379425048828,-100.5827407836914,95.44769287109375,56.97802197802198,-22.186813186813186,0.11480140686035156,0.9784735812133072
0.706,0,-6.907223701477051,-100.49690246582031,95.57262420654297,52.06401824951172,-26.126686096191406,0.10221481323242188,-6.907223701477051,-100.49690246582031,95.57262420654297,56.010989010989015,-23.32967032967033,0.10221481323242188,0.9784735812133072
0.749,0,-6.955849647521973,-100.41423034667969,95.66934967041016,51.27991485595703,-28.026988983154297,0.08821296691894531,-6.955849647521973,-100.41423034667969,95.66934967041016,54.16483516483517,-25.615384615384617,0.08821296691894531,0.9784735812133072
0.773,0,-6.982839584350586,-100.3419418334961,95.75286865234375,50.574989318847656,-29.940876007080078,0.08544731140136719,-6.982839584350586,-100.3419418334961,95.75286865234375,53.46153846153846,-26.494505494505493,0.08544731140136719,0.9784735812133072
0.810,0,-6.983394622802734,-100.28563690185547,95.84487915039062,49.82355499267578,-31.78084945678711,0.08438301086425781,-6.983394622802734,-100.28563690185547,95.84487915039062,52.31868131868132,-27.813186813186814,0.08438301086425781,0.9784735812133072
0.855,0,-6.94793701171875,-100.22774505615234,95.92412567138672,49.122230529785156,-33.623085021972656,0.09589767456054688,-6.94793701171875,-100.22774505615234,95.92412567138672,50.56043956043956,-30.0989010989011,0.09589767456054688,0.9784735812133072
0.881,0,-6.849557876586914,-100.1791000366211,95.98824310302734,48.47068786621094,-35.42340087890625,0.1434764862060547,-6.849557876586914,-100.1791000366211,95.98824310302734,49.76923076923077,-30.978021978021978,0.1434764862060547,0.9784735812133072
0.913,0,-6.766576766967773,-100.12620544433594,96.04933166503906,47.80919647216797,-37.207645416259766,0.18972396850585938,-6.766576766967773,-100.12620544433594,96.04933166503906,48.714285714285715,-32.20879120879121,0.18972396850585938,0.9784735812133072
0.946,0,-6.638533592224121,-100.0660400390625,96.09210968017578,47.157020568847656,-38.990360260009766,0.2628345489501953,-6.638533592224121,-100.0660400390625,96.09210968017578,47.30769230769231,-33.967032967032964,0.2628345489501953,0.9784735812133072
0.982,0,-6.463305473327637,-100.00796508789062,96.13011169433594,46.52674865722656,-40.786598205566406,0.39032936096191406,-6.463305473327637,-100.00796508789062,96.13011169433594,46.52674865722656,-35.46153846153846,0.39032936096191406,0.9784735812133072
1.015,0,-6.283840179443359,-99.94677734375,96.14995574951172,45.97589874267578,-42.48931884765625,0.5215702056884766,-6.283840179443359,-99.94677734375,96.14995574951172,45.97589874267578,-36.86813186813187,0.5215702056884766,0.9784735812133072
1.080,0,-6.071833610534668,-99.89246368408203,96.162841796875,45.457496643066406,-44.18989562988281,0.6638069152832031,-6.071833610534668,-99.89246368408203,96.162841796875,45.457496643066406,-39.857142857142854,0.6638069152832031,0.9784735812133072
1.105,0,-5.790231704711914,-99.83708190917969,96.18161010742188,44.86943817138672,-45.999053955078125,0.8796195983886719,-5.790231704711914,-99.83708190917969,96.18161010742188,44.86943817138672,-40.38461538461539,0.8796195983886719,0.9784735812133072
1.140,0,-5.4964599609375,-99.79383087158203,96.19488525390625,44.331016540527344,-47.69874954223633,1.128286361694336,-5.4964599609375,-99.79383087158203,96.19488525390625,44.331016540527344,-41.527472527472526,1.128286361694336,0.9784735812133072
1.172,0,-5.199641227722168,-99.74686431884766,96.1977310180664,43.8369140625,-49.397071838378906,1.3989124298095703,-5.199641227722168,-99.74686431884766,96.1977310180664,43.8369140625,-43.1978021978022,1.3989124298095703,0.9784735812133072
1.205,0,-4.886776924133301,-99.72061157226562,96.21553802490234,43.310638427734375,-51.133323669433594,1.6908817291259766,-4.886776924133301,-99.72061157226562,96.21553802490234,43.310638427734375,-44.604395604395606,1.6908817291259766,1.0437051532941943
1.240,0,-4.553946495056152,-99.69713592529297,96.23118591308594,42.804847717285156,-52.83500289916992,2.039703369140625,-4.553946495056152,-99.69713592529297,96.23118591308594,42.804847717285156,-46.0989010989011,2.039703369140625,1.0437051532941943
1.272,0,-4.2010393142700195,-99.6844253540039,96.24134063720703,42.34290313720703,-54.4437141418457,2.4324703216552734,-4.2010393142700195,-99.6844253540039,96.24134063720703,42.34290313720703,-47.68131868131868,2.4324703216552734,1.1089367253750815
1.306,0,-3.8456058502197266,-99.677734375,96.2559585571289,41.89049530029297,-56.00172424316406,2.853483200073242,-3.8456058502197266,-99.677734375,96.2559585571289,41.89049530029297,-49.26373626373626,2.853483200073242,1.2393998695368558
1.339,0,-3.4553256034851074,-99.68653106689453,96.28459167480469,41.40496826171875,-57.57211685180664,3.2930984497070312,-3.4553256034851074,-99.68653106689453,96.28459167480469,41.40496826171875,-50.84615384615385,3.2930984497070312,1.5655577299412915
1.383,0,-3.045255184173584,-99.70445251464844,96.31070709228516,40.971405029296875,-59.07189178466797,3.763347625732422,-3.045255184173584,-99.70445251464844,96.31070709228516,40.971405029296875,-52.78021978021978,3.763347625732422,1.761252446183953
1.407,0,-2.654155731201172,-99.71836853027344,96.33781433105469,40.570709228515625,-60.47151184082031,4.21834659576416,-2.654155731201172,-99.71836853027344,96.33781433105469,40.570709228515625,-53.747252747252745,4.21834659576416,2.152641878669276
1.443,0,-2.256075382232666,-99.74227142333984,96.35771179199219,40.23027801513672,-61.74365234375,4.7080078125,-2.256075382232666,-99.74227142333984,96.35771179199219,40.23027801513672,-55.15384615384615,4.7080078125,2.5440313111545985
1.509,0,-1.8452892303466797,-99.78298950195312,96.38431549072266,39.88817596435547,-62.94935607910156,5.222678184509277,-1.8452892303466797,-99.78298950195312,96.38431549072266,39.88817596435547,-58.23076923076923,5.222678184509277,3.0658838878016956
1.548,0,-1.4131369590759277,-99.82276916503906,96.40449523925781,39.544654846191406,-64.12020111083984,5.794105529785156,-1.4131369590759277,-99.82276916503906,96.40449523925781,39.544654846191406,-59.02197802197802,5.794105529785156,3.8486627527723414
1.573,0,-1.014094352722168,-99.87213897705078,96.42850494384766,39.21923828125,-65.18878173828125,6.3618621826171875,-1.014094352722168,-99.87213897705078,96.42850494384766,39.21923828125,-60.07692307692308,6.3618621826171875,4.174820613176777
1.608,0,-0.6205673217773438,-99.9312973022461,96.45816040039062,38.87885284423828,-66.23374938964844,6.95993709564209,-0.6205673217773438,-99.9312973022461,96.45816040039062,38.87885284423828,-61.92307692307692,6.95993709564209,4.631441617742987
1.642,0,-0.24595975875854492,-99.98857116699219,96.4820556640625,38.55006408691406,-67.21282196044922,7.576830863952637,-0.24595975875854492,-99.98857116699219,96.4820556640625,38.55006408691406,-63.32967032967033,7.576830863952637,5.088062622309197
1.689,0,0.12377023696899414,-100.05122375488281,96.50837707519531,38.232505798339844,-68.10963439941406,8.240426063537598,0.12377023696899414,-100.05122375488281,96.50837707519531,38.232505798339844,-65.43956043956044,8.240426063537598,5.6751467710371815
1.719,0,0.4721548557281494,-100.11666870117188,96.53208923339844,37.903297424316406,-68.96127319335938,8.918496131896973,0.4721548557281495,-100.11666870117188,96.53208923339844,37.903297424316406,-66.58241758241758,8.918496131896973,6.327462491846053
1.749,0,0.8090336322784424,-100.17993927001953,96.55272674560547,37.57611083984375,-69.75233459472656,9.638669967651367,0.8090336322784424,-100.17993927001953,96.55272674560547,37.57611083984375,-67.8131868131868,9.638669967651367,6.784083496412263
1.783,0,1.1491246223449707,-100.23774719238281,96.56896209716797,37.245697021484375,-70.51568603515625,10.407308578491211,1.1491246223449707,-100.23774719238281,96.56896209716797,37.245697021484375,-69.57142857142857,10.407308578491211,7.436399217221135
1.814,0,1.495349645614624,-100.29244232177734,96.57878112792969,36.910247802734375,-71.2193374633789,11.241669654846191,1.495349645614624,-100.29244232177734,96.57878112792969,36.910247802734375,-70.89010989010988,11.241669654846191,8.023483365949119
1.879,0,1.8336734771728516,-100.32945251464844,96.58564758300781,36.54090881347656,-71.89280700683594,12.111920356750488,1.8336734771728516,-100.32945251464844,96.58564758300781,36.54090881347656,-71.89280700683594,12.111920356750488,8.806262230919765
1.904,0,2.1694023609161377,-100.36287689208984,96.5948486328125,36.144004821777344,-72.59700012207031,13.000934600830078,2.1694023609161377,-100.36287689208984,96.5948486328125,36.144004821777344,-72.59700012207031,13.000934600830078,9.980430528375733
1.948,0,2.4986343383789062,-100.37029266357422,96.60198974609375,35.73686218261719,-73.21537017822266,13.911064147949219,2.4986343383789062,-100.37029266357422,96.60198974609375,35.73686218261719,-73.21537017822266,13.911064147949219,10.437051532941943
1.973,0,2.819489002227783,-100.36544036865234,96.60662841796875,35.320091247558594,-73.81942749023438,14.850269317626953,2.819489002227783,-100.36544036865234,96.60662841796875,35.320091247558594,-73.81942749023438,14.850269317626953,11.285061969993476
2.005,0,3.1335372924804688,-100.3499984741211,96.61307525634766,34.874359130859375,-74.46294403076172,15.799661636352539,3.1335372924804688,-100.3499984741211,96.61307525634766,34.874359130859375,-74.46294403076172,15.799661636352539,12.002609262883235
2.038,0,3.4437255859375,-100.27943420410156,96.61823272705078,34.380889892578125,-75.04996490478516,16.76465606689453,3.4437255859375,-100.27943420410156,96.61823272705078,34.380889892578125,-75.04996490478516,16.76465606689453,12.915851272015654
2.106,0,3.7565841674804688,-100.1893310546875,96.62094116210938,33.880088806152344,-75.60296630859375,17.737262725830078,3.7565841674804688,-100.1893310546875,96.62094116210938,33.880088806152344,-75.60296630859375,17.737262725830078,13.894324853228962
2.131,0,4.056648254394531,-100.07701873779297,96.62544250488281,33.34484100341797,-76.1612777709961,18.701702117919922,4.056648254394531,-100.07701873779297,96.62544250488281,33.34484100341797,-76.1612777709961,18.701702117919922,15.394651011089366
2.165,0,4.348328113555908,-99.89702606201172,96.63390350341797,32.75495147705078,-76.69908142089844,19.688220977783203,4.348328113555908,-99.89702606201172,96.63390350341797,32.75495147705078,-76.69908142089844,19.688220977783203,15.916503587736464
2.200,0,4.617570877075195,-99.6937255859375,96.64228820800781,32.17884063720703,-77.16468811035156,20.599502563476562,4.617570877075195,-99.6937255859375,96.64228820800781,32.17884063720703,-77.16468811035156,20.599502563476562,16.69928245270711
2.232,0,4.875022888183594,-99.36675262451172,96.64777374267578,31.474891662597656,-77.61966705322266,21.54286003112793,4.875022888183594,-99.36675262451172,96.64777374267578,31.474891662597656,-77.61966705322266,21.54286003112793,17.677756033920417
2.263,0,5.126870632171631,-99.01614379882812,96.65863037109375,30.749267578125,-78.07829284667969,22.43038558959961,5.126870632171631,-99.01614379882812,96.65863037109375,30.749267578125,-78.07829284667969,22.43038558959961,18.656229615133725
2.296,0,5.362100601196289,-98.58596801757812,96.66764068603516,29.966629028320312,-78.50623321533203,23.31394386291504,5.362100601196289,-98.58596801757812,96.66764068603516,29.966629028320312,-78.50623321533203,23.31394386291504,19.569471624266143
2.337,0,5.5921525955200195,-98.10151672363281,96.67608642578125,29.13860321044922,-78.91014099121094,24.166004180908203,5.5921525955200195,-98.10151672363281,96.67608642578125,29.13860321044922,-78.91014099121094,24.166004180908203,20.54794520547945
2.362,0,5.804625988006592,-97.60246276855469,96.68769836425781,28.295860290527344,-79.31352996826172,25.012693405151367,5.804625988006592,-97.60246276855469,96.68769836425781,28.295860290527344,-79.31352996826172,25.012693405151367,21.395955642530986
2.396,0,6.014721393585205,-97.01290130615234,96.70291900634766,27.365562438964844,-79.70744323730469,25.826440811157227,6.014721393585205,-97.01290130615234,96.70291900634766,27.365562438964844,-79.70744323730469,25.826440811157227,22.17873450750163
2.440,0,6.208519458770752,-96.37329864501953,96.714111328125,26.42306900024414,-80.07356262207031,26.6044921875,6.208519458770752,-96.37329864501953,96.714111328125,26.42306900024414,-80.07356262207031,26.6044921875,23.15720808871494
2.465,0,6.400103569030762,-95.6657485961914,96.72557067871094,25.41973876953125,-80.4071273803711,27.34964370727539,6.400103569030762,-95.6657485961914,96.72557067871094,25.41973876953125,-80.4071273803711,27.34964370727539,24.070450097847356
2.497,0,6.575680732727051,-94.90547180175781,96.73513793945312,24.37894058227539,-80.75399017333984,28.07770347595215,6.575680732727051,-94.90547180175781,96.73513793945312,24.37894058227539,-80.75399017333984,28.07770347595215,24.787997390737115
2.531,0,6.7343950271606445,-93.9825439453125,96.73807525634766,23.189517974853516,-81.12191772460938,28.768268585205078,6.7343950271606445,-93.9825439453125,96.73807525634766,23.189517974853516,-81.12191772460938,28.768268585205078,25.63600782778865
2.566,0,6.895872116088867,-93.02896881103516,96.74236297607422,21.988357543945312,-81.540771484375,29.435468673706055,6.895872116088867,-93.02896881103516,96.74236297607422,21.988357543945312,-81.540771484375,29.435468673706055,26.48401826484018
2.599,0,7.065489768981934,-91.93571472167969,96.73455810546875,20.658668518066406,-81.93018341064453,30.091094970703125,7.065489768981934,-91.93571472167969,96.73455810546875,20.658668518066406,-81.93018341064453,30.091094970703125,27.20156555772994
2.631,0,7.213503837585449,-90.82544708251953,96.71920013427734,19.32770538330078,-82.31774139404297,30.719482421875,7.213503837585449,-90.82544708251953,96.71920013427734,19.35164835164835,-82.31774139404297,30.719482421875,27.919112850619697
2.664,0,7.363709449768066,-89.62198638916016,96.70576477050781,17.89183807373047,-82.7210922241211,31.3336181640625,7.363709449768066,-89.62198638916016,96.70576477050781,18.032967032967033,-82.7210922241211,31.3336181640625,28.636660143509456
2.698,0,7.506605625152588,-88.41191101074219,96.68401336669922,16.45907211303711,-83.1220474243164,31.920921325683594,7.506605625152588,-88.41191101074219,96.68401336669922,16.89010989010989,-83.1220474243164,31.920921325683594,29.288975864318328
2.732,0,7.636857509613037,-87.13219451904297,96.64862060546875,14.979804992675781,-83.48651885986328,32.48338317871094,7.636857509613037,-87.13219451904297,96.64862060546875,15.65934065934066,-83.48651885986328,32.48338317871094,29.9412915851272
2.764,0,7.777009010314941,-85.82389831542969,96.61415100097656,13.460567474365234,-83.91287994384766,33.07063293457031,7.777009010314941,-85.82389831542969,96.61415100097656,14.34065934065934,-83.91287994384766,33.07063293457031,30.59360730593607
2.800,0,7.896257400512695,-84.46961212158203,96.57589721679688,11.896583557128906,-84.3286361694336,33.64556884765625,7.896257400512695,-84.46961212158203,96.57589721679688,13.10989010989011,-84.3286361694336,33.64556884765625,31.180691454664057
2.831,0,8.009151458740234,-83.08596801757812,96.52869415283203,10.326396942138672,-84.70426177978516,34.194007873535156,8.009151458740234,-83.08596801757812,96.52869415283203,11.87912087912088,-84.70426177978516,34.194007873535156,31.76777560339204
2.864,0,8.121767044067383,-81.6833267211914,96.47527313232422,8.745307922363281,-85.03570556640625,34.70584487915039,8.121767044067383,-81.6833267211914,96.47527313232422,10.736263736263735,-85.03570556640625,34.70584487915039,32.35485975212002
2.898,0,8.20764446258545,-80.2646255493164,96.41773223876953,7.182670593261719,-85.33554077148438,35.17861557006836,8.20764446258545,-80.2646255493164,96.41773223876953,9.417582417582418,-85.33554077148438,35.17861557006836,32.94194390084801
2.941,0,8.289976119995117,-78.84223175048828,96.35435485839844,5.6234130859375,-85.62975311279297,35.61442947387695,8.289976119995117,-78.84223175048828,96.35435485839844,7.835164835164836,-85.62975311279297,35.61442947387695,33.52902804957599
2.971,0,8.35942554473877,-77.36138916015625,96.2750473022461,4.028167724609375,-85.89908599853516,36.0322151184082,8.35942554473877,-77.36138916015625,96.2750473022461,6.868131868131869,-85.89908599853516,36.0322151184082,34.05088062622309
2.999,0,8.41695785522461,-75.92369842529297,96.1854248046875,2.5011558532714844,-86.13260650634766,36.39779281616211,8.41695785522461,-76.18681318681318,96.1854248046875,5.9010989010989015,-86.13260650634766,36.39779281616211,34.5075016307893
3.065,0,8.47027587890625,-74.4669189453125,96.08285522460938,0.9863433837890625,-86.3494873046875,36.724998474121094,8.47027587890625,-74.4669189453125,96.08285522460938,3.4395604395604398,-86.3494873046875,36.724998474121094,34.96412263535551
3.094,0,8.520816802978516,-72.99440002441406,95.9671630859375,-0.541778564453125,-86.56425476074219,37.033809661865234,8.520816802978516,-72.99440002441406,95.9671630859375,3.0,-86.56425476074219,37.033809661865234,35.68166992824527
3.127,0,8.55923843383789,-71.49073791503906,95.8342514038086,-2.0868759155273438,-86.75491333007812,37.322669982910156,8.55923843383789,-71.49073791503906,95.8342514038086,1.9450549450549453,-86.75491333007812,37.322669982910156,35.87736464448793
3.158,0,8.593011856079102,-70.01596069335938,95.68138122558594,-3.5745697021484375,-86.92497253417969,37.585479736328125,8.593011856079102,-70.03296703296704,95.68138122558594,0.5384615384615383,-86.92497253417969,37.585479736328125,36.20352250489237
3.191,0,8.612492561340332,-68.48683166503906,95.5093002319336,-5.107110977172852,-87.09762573242188,37.826019287109375,8.612492561340332,-68.62637362637362,95.5093002319336,-0.5164835164835164,-87.09762573242188,37.826019287109375,36.5296803652968
3.234,0,8.632550239562988,-66.96723937988281,95.32096862792969,-6.604639053344727,-87.26346588134766,38.05735397338867,8.632550239562988,-66.96723937988281,95.32096862792969,-2.1868131868131866,-87.26346588134766,38.05735397338867,36.855838225701234
3.273,0,8.653817176818848,-65.37054443359375,95.09490966796875,-8.149707794189453,-87.40770721435547,38.27802276611328,8.653817176818848,-65.37054443359375,95.09490966796875,-3.417582417582418,-87.40770721435547,38.27802276611328,37.18199608610567
3.306,0,8.66701889038086,-63.77552795410156,94.84477233886719,-9.664857864379883,-87.55284881591797,38.48417663574219,8.66701889038086,-63.967032967032964,94.84477233886719,-4.648351648351649,-87.55284881591797,38.48417663574219,37.37769080234833
3.333,0,8.679695129394531,-62.187660217285156,94.57917785644531,-11.170278549194336,-87.6934585571289,38.68034362792969,8.679695129394531,-62.73626373626374,94.57917785644531,-5.7032967032967035,-87.6934585571289,38.68034362792969,37.638617090671886
3.364,0,8.68593978881836,-60.515663146972656,94.25660705566406,-12.704923629760742,-87.82771301269531,38.870994567871094,8.68593978881836,-61.329670329670336,94.25660705566406,-6.846153846153847,-87.82771301269531,38.870994567871094,37.83431180691454
3.397,0,8.699002265930176,-58.881168365478516,93.9300537109375,-14.194650650024414,-87.94291687011719,39.05542755126953,8.699002265930176,-59.83516483516483,93.9300537109375,-8.164835164835164,-87.94291687011719,39.05542755126953,38.095238095238095
3.448,0,8.703619003295898,-57.22334289550781,93.57992553710938,-15.67776870727539,-88.06160736083984,39.23647689819336,8.703619003295898,-57.637362637362635,93.57992553710938,-10.010989010989011,-88.06160736083984,39.23647689819336,38.29093281148076
3.474,0,8.702524185180664,-55.59461975097656,93.22537231445312,-17.140235900878906,-88.1753921508789,39.403228759765625,8.702524185180664,-56.582417582417584,93.22537231445312,-10.802197802197803,-88.1753921508789,39.403228759765625,38.551859099804304
3.506,0,8.709426879882812,-53.92814254760742,92.84809875488281,-18.614309310913086,-88.283203125,39.571189880371094,8.709426879882812,-55.527472527472526,92.84809875488281,-11.76923076923077,-88.283203125,39.571189880371094,38.74755381604697
3.539,0,8.726672172546387,-52.31215286254883,92.46705627441406,-20.038026809692383,-88.37552642822266,39.734649658203125,8.726672172546387,-53.857142857142854,92.46705627441406,-13.351648351648352,-88.37552642822266,39.734649658203125,38.87801696020874
3.575,0,8.734991073608398,-50.69034194946289,92.07720947265625,-21.45657730102539,-88.46253967285156,39.89011001586914,8.734991073608398,-52.18681318681319,92.07720947265625,-14.494505494505495,-88.46253967285156,39.89011001586914,39.0737116764514
3.611,0,8.74070930480957,-49.06192398071289,91.67391967773438,-22.8873291015625,-88.54547882080078,40.04491424560547,8.74070930480957,-50.69230769230769,91.67391967773438,-15.813186813186814,-88.54547882080078,40.04491424560547,39.33463796477495
3.641,0,8.751190185546875,-47.443580627441406,91.25039672851562,-24.27971649169922,-88.62830352783203,40.19868087768555,8.751190185546875,-49.37362637362637,91.25039672851562,-16.956043956043956,-88.62830352783203,40.19868087768555,39.39986953685584
3.679,0,8.766907691955566,-45.873634338378906,90.83892822265625,-25.6422176361084,-88.69409942626953,40.35527038574219,8.766907691955566,-47.43956043956044,90.83892822265625,-18.362637362637365,-88.69409942626953,40.35527038574219,39.595564253098495
3.718,0,8.781791687011719,-44.31456756591797,90.4274673461914,-26.993206024169922,-88.76034545898438,40.50508499145508,8.781791687011719,-45.857142857142854,90.4274673461914,-19.76923076923077,-88.76034545898438,40.50508499145508,39.726027397260275
3.743,0,8.794953346252441,-42.767723083496094,89.9990463256836,-28.324684143066406,-88.82139587402344,40.64900207519531,8.794953346252441,-44.8021978021978,89.9990463256836,-20.64835164835165,-88.82139587402344,40.64900207519531,39.92172211350293
3.777,0,8.805154800415039,-41.226234436035156,89.57437133789062,-29.647953033447266,-88.87735748291016,40.799468994140625,8.805154800415039,-43.13186813186813,89.57437133789062,-22.054945054945055,-88.87735748291016,40.799468994140625,40.05218525766471
3.812,0,8.756097793579102,-40.48748779296875,89.40917205810547,-30.333036422729492,-88.92430114746094,40.855323791503906,8.756097793579102,-41.54945054945055,89.40917205810547,-23.285714285714285,-88.92430114746094,40.855323791503906,40.182648401826484
3.845,0,8.698816299438477,-39.7152099609375,89.23111724853516,-31.040693283081055,-88.97217559814453,40.91404724121094,8.698816299438477,-40.142857142857146,89.23111724853516,-24.428571428571427,-88.97217559814453,40.91404724121094,40.31311154598826
3.876,0,8.636747360229492,-38.82424545288086,89.00125122070312,-31.84724998474121,-89.02440643310547,40.999656677246094,8.636747360229492,-38.82424545288086,89.00125122070312,-25.747252747252748,-89.02440643310547,40.999656677246094,40.44357469015003
3.943,0,8.6066312789917,-37.99275207519531,88.78795623779297,-32.60588836669922,-89.07579040527344,41.075050354003906,8.6066312789917,-37.99275207519531,88.78795623779297,-28.12087912087912,-89.07579040527344,41.075050354003906,40.50880626223092
3.967,0,8.5552978515625,-37.12872314453125,88.57191467285156,-33.40657043457031,-89.12200164794922,41.151527404785156,8.5552978515625,-37.12872314453125,88.57191467285156,-28.560439560439562,-89.12200164794922,41.151527404785156,40.704500978473575
4.001,0,8.501224517822266,-36.236419677734375,88.34999084472656,-34.23950958251953,-89.16291046142578,41.237030029296875,8.501224517822266,-36.236419677734375,88.34999084472656,-29.52747252747253,-89.16291046142578,41.237030029296875,40.704500978473575
4.034,0,8.463323593139648,-35.36244201660156,88.12910461425781,-35.06186294555664,-89.2137222290039,41.33319854736328,8.463323593139648,-35.36244201660156,88.12910461425781,-31.10989010989011,-89.2137222290039,41.33319854736328,40.704500978473575
4.067,0,8.436344146728516,-34.54804229736328,87.91624450683594,-35.827999114990234,-89.24697875976562,41.414154052734375,8.436344146728516,-34.54804229736328,87.91624450683594,-32.16483516483517,-89.24697875976562,41.414154052734375,40.704500978473575
4.102,0,8.384581565856934,-33.67115020751953,87.6887435913086,-36.64979934692383,-89.28189849853516,41.508201599121094,8.384581565856934,-33.67115020751953,87.6887435913086,-33.395604395604394,-89.28189849853516,41.508201599121094,40.834964122635355
4.136,0,8.33320426940918,-32.75395202636719,87.447265625,-37.5142822265625,-89.3234634399414,41.61124038696289,8.33320426940918,-32.75395202636719,87.447265625,-34.714285714285715,-89.3234634399414,41.61124038696289,40.96542726679713
4.170,0,8.300872802734375,-31.83426284790039,87.20633697509766,-38.38748550415039,-89.36907958984375,41.718807220458984,8.300872802734375,-31.83426284790039,87.20633697509766,-35.94505494505495,-89.36907958984375,41.718807220458984,41.0958904109589
4.205,0,8.281885147094727,-30.986509323120117,86.97639465332031,-39.19266128540039,-89.40008544921875,41.81709671020508,8.281885147094727,-30.986509323120117,86.97639465332031,-37.26373626373626,-89.40008544921875,41.81709671020508,41.16112198303979
4.248,0,8.233675003051758,-30.050384521484375,86.71435546875,-40.069557189941406,-89.4394302368164,41.92595672607422,8.233675003051758,-30.050384521484375,86.71435546875,-38.75824175824176,-89.4394302368164,41.92595672607422,41.226353555120674
4.273,0,8.19054126739502,-29.109418869018555,86.44488525390625,-40.947174072265625,-89.47899627685547,42.038631439208984,8.19054126739502,-29.109418869018555,86.44488525390625,-39.637362637362635,-89.47899627685547,42.038631439208984,41.42204827136334
4.306,0,8.160080909729004,-28.205543518066406,86.19053649902344,-41.80691146850586,-89.51734161376953,42.156951904296875,8.160080909729004,-28.205543518066406,86.19053649902344,-40.78021978021978,-89.51734161376953,42.156951904296875,41.48727984344423
4.342,0,8.151833534240723,-27.36336326599121,85.94050598144531,-42.604190826416016,-89.54413604736328,42.26007080078125,8.151833534240723,-27.36336326599121,85.94050598144531,-42.18681318681319,-89.54413604736328,42.26007080078125,41.55251141552511
4.381,0,8.11489200592041,-26.493558883666992,85.66572570800781,-43.407310485839844,-89.57365417480469,42.3668098449707,8.11489200592041,-26.493558883666992,85.66572570800781,-43.407310485839844,-89.57365417480469,42.3668098449707,41.74820613176777
4.405,0,8.077333450317383,-25.61322021484375,85.38333129882812,-44.225399017333984,-89.60651397705078,42.48204803466797,8.077333450317383,-25.61322021484375,85.38333129882812,-44.225399017333984,-89.60651397705078,42.48204803466797,41.878669275929546
4.439,0,8.064166069030762,-24.822769165039062,85.12570190429688,-44.9584846496582,-89.62913513183594,42.574485778808594,8.064166069030762,-24.822769165039062,85.12570190429688,-44.9584846496582,-89.62913513183594,42.574485778808594,41.878669275929546
4.477,0,8.063882827758789,-24.08367347717285,84.88174438476562,-45.645931243896484,-89.6468734741211,42.669891357421875,8.063882827758789,-24.08367347717285,84.88174438476562,-45.645931243896484,-89.6468734741211,42.669891357421875,41.878669275929546
4.517,0,8.03622817993164,-23.302749633789062,84.6078109741211,-46.35211181640625,-89.66978454589844,42.769378662109375,8.03622817993164,-23.302749633789062,84.6078109741211,-46.35211181640625,-89.66978454589844,42.769378662109375,42.07436399217221
4.543,0,8.034788131713867,-22.541969299316406,84.34696960449219,-47.06081771850586,-89.70248413085938,42.87702941894531,8.034788131713867,-22.541969299316406,84.34696960449219,-47.06081771850586,-89.70248413085938,42.87702941894531,42.27005870841487
4.572,0,8.034232139587402,-21.843074798583984,84.10782623291016,-47.71330642700195,-89.73342895507812,42.97321319580078,8.034232139587402,-21.843074798583984,84.10782623291016,-47.71330642700195,-89.73342895507812,42.97321319580078,42.400521852576645
4.606,0,8.026290893554688,-21.197399139404297,83.87443542480469,-48.30780029296875,-89.76463317871094,43.05885314941406,8.026290893554688,-21.197399139404297,83.87443542480469,-48.30780029296875,-89.76463317871094,43.05885314941406,42.400521852576645
4.639,0,8.021998405456543,-20.583477020263672,83.6512222290039,-48.854095458984375,-89.78486633300781,43.140869140625,8.021998405456543,-20.583477020263672,83.6512222290039,-48.854095458984375,-89.78486633300781,43.140869140625,42.465753424657535
4.674,0,8.032557487487793,-19.957134246826172,83.42337799072266,-49.430397033691406,-89.82136535644531,43.23124313354492,8.032557487487793,-19.957134246826172,83.42337799072266,-49.430397033691406,-89.82136535644531,43.23124313354492,42.66144814090019
4.711,0,8.063390731811523,-19.401897430419922,83.2225112915039,-49.9307975769043,-89.8463134765625,43.29708480834961,8.063390731811523,-19.401897430419922,83.2225112915039,-49.9307975769043,-89.8463134765625,43.29708480834961,42.72667971298108
4.775,0,8.074697494506836,-18.856786727905273,83.01806640625,-50.41725158691406,-89.87312316894531,43.36888885498047,8.074697494506836,-18.856786727905273,83.01806640625,-50.41725158691406,-89.87312316894531,43.36888885498047,42.72667971298108
4.799,0,8.089816093444824,-18.284788131713867,82.7984619140625,-50.921180725097656,-89.90319061279297,43.439842224121094,8.089816093444824,-18.284788131713867,82.7984619140625,-50.921180725097656,-89.90319061279297,43.439842224121094,42.922374429223744
4.834,0,8.119711875915527,-17.761062622070312,82.60482025146484,-51.395225524902344,-89.94125366210938,43.51087951660156,8.119711875915527,-17.761062622070312,82.60482025146484,-51.395225524902344,-89.94125366210938,43.51087951660156,42.98760600130463
4.866,0,8.164080619812012,-17.27051544189453,82.4051513671875,-51.82775115966797,-89.9671401977539,43.5694694519043,8.164080619812012,-17.27051544189453,82.4051513671875,-51.82775115966797,-89.9671401977539,43.5694694519043,42.98760600130463
4.902,0,8.18824577331543,-16.779693603515625,82.20540618896484,-52.261993408203125,-89.99151611328125,43.622802734375,8.18824577331543,-16.779693603515625,82.20540618896484,-52.261993408203125,-89.99151611328125,43.622802734375,42.98760600130463
4.940,0,8.223104476928711,-16.252859115600586,81.994384765625,-52.72941589355469,-90.0146484375,43.67885971069336,8.223104476928711,-16.252859115600586,81.994384765625,-52.72941589355469,-90.0146484375,43.67885971069336,43.1180691454664
4.999,0,8.296283721923828,-15.843793869018555,81.87427520751953,-53.139503479003906,-90.03419494628906,43.70002746582031,8.296283721923828,-15.843793869018555,81.87427520751953,-53.139503479003906,-90.03419494628906,43.70002746582031,43.1180691454664
5.026,0,8.378337860107422,-15.455448150634766,81.7593765258789,-53.53311538696289,-90.03330993652344,43.69393539428711,8.378337860107422,-15.455448150634766,81.7593765258789,-53.53311538696289,-90.03330993652344,43.69393539428711,43.37899543378995
5.054,0,8.428997039794922,-15.065677642822266,81.6334228515625,-53.920379638671875,-90.03726196289062,43.705543518066406,8.428997039794922,-15.065677642822266,81.6334228515625,-53.920379638671875,-90.03726196289062,43.705543518066406,43.37899543378995
5.123,0,8.49449348449707,-14.68352222442627,81.5294418334961,-54.318359375,-90.0440673828125,43.709754943847656,8.49449348449707,-14.68352222442627,81.5294418334961,-54.318359375,-90.0440673828125,43.709754943847656,43.37899543378995
5.149,0,8.568904876708984,-14.388177871704102,81.44436645507812,-54.635719299316406,-90.0305404663086,43.68608474731445,8.568904876708984,-14.388177871704102,81.44436645507812,-54.635719299316406,-90.0305404663086,43.68608474731445,43.37899543378995
5.183,0,8.616894721984863,-14.051239967346191,81.35125732421875,-55.000205993652344,-90.03330993652344,43.67467498779297,8.616894721984863,-14.051239967346191,81.35125732421875,-55.000205993652344,-90.03330993652344,43.67467498779297,43.37899543378995
5.230,0,8.678385734558105,-13.708842277526855,81.23377990722656,-55.345733642578125,-90.03369903564453,43.66105270385742,8.678385734558105,-13.708842277526855,81.23377990722656,-55.345733642578125,-90.03369903564453,43.66105270385742,43.37899543378995
5.264,0,8.76177978515625,-13.389178276062012,81.12600708007812,-55.67448806762695,-90.01555633544922,43.63315200805664,8.76177978515625,-13.389178276062012,81.12600708007812,-55.67448806762695,-90.01555633544922,43.63315200805664,43.37899543378995
5.288,0,8.844305038452148,-13.118043899536133,81.02889251708984,-55.9582633972168,-90.00263214111328,43.5941162109375,8.844305038452148,-13.118043899536133,81.02889251708984,-55.9582633972168,-90.00263214111328,43.5941162109375,43.37899543378995
5.321,0,8.90219497680664,-12.809686660766602,80.92893981933594,-56.285247802734375,-89.99871826171875,43.560855865478516,8.90219497680664,-12.809686660766602,80.92893981933594,-56.285247802734375,-89.99871826171875,43.560855865478516,43.37899543378995
5.354,0,8.982964515686035,-12.480645179748535,80.80448150634766,-56.606201171875,-89.99940490722656,43.54185485839844,8.982964515686035,-12.480645179748535,80.80448150634766,-56.606201171875,-89.99940490722656,43.54185485839844,43.37899543378995
5.387,0,9.062873840332031,-12.158315658569336,80.67191314697266,-56.91460418701172,-89.98934936523438,43.51915740966797,9.062873840332031,-12.158315658569336,80.67191314697266,-56.91460418701172,-89.98934936523438,43.51915740966797,43.37899543378995
5.422,0,9.124670028686523,-11.884000778198242,80.5547866821289,-57.1766242980957,-89.9825668334961,43.475303649902344,9.124670028686523,-11.884000778198242,80.5547866821289,-57.1766242980957,-89.9825668334961,43.475303649902344,43.37899543378995
5.468,0,9.202139854431152,-11.565238952636719,80.41089630126953,-57.474884033203125,-89.97735595703125,43.449501037597656,9.202139854431152,-11.565238952636719,80.41089630126953,-57.474884033203125,-89.97735595703125,43.449501037597656,43.37899543378995
5.491,0,9.289440155029297,-11.238804817199707,80.26707458496094,-57.77692413330078,-89.97673797607422,43.42342758178711,9.289440155029297,-11.238804817199707,80.26707458496094,-57.77692413330078,-89.97673797607422,43.42342758178711,43.37899543378995
5.525,0,9.391886711120605,-10.956518173217773,80.14662170410156,-58.05724334716797,-89.95655059814453,43.385398864746094,9.391886711120605,-10.956518173217773,80.14662170410156,-58.05724334716797,-89.95655059814453,43.385398864746094,43.37899543378995
5.558,0,9.468231201171875,-10.688072204589844,80.02689361572266,-58.32067108154297,-89.9466552734375,43.338218688964844,9.468231201171875,-10.688072204589844,80.02689361572266,-58.32067108154297,-89.9466552734375,43.338218688964844,43.37899543378995
5.601,0,9.54812240600586,-10.393046379089355,79.88101196289062,-58.59422302246094,-89.93753814697266,43.30412292480469,9.54812240600586,-10.393046379089355,79.88101196289062,-58.59422302246094,-89.93753814697266,43.30412292480469,43.37899543378995
5.626,0,9.652532577514648,-10.08615779876709,79.7375259399414,-58.87318420410156,-89.92505645751953,43.26460647583008,9.652532577514648,-10.08615779876709,79.7375259399414,-58.87318420410156,-89.92505645751953,43.26460647583008,43.37899543378995
5.658,0,9.731603622436523,-9.812116622924805,79.62625122070312,-59.15449523925781,-89.91551208496094,43.218955993652344,9.731603622436523,-9.812116622924805,79.62625122070312,-59.15449523925781,-89.91551208496094,43.218955993652344,43.37899543378995
5.694,0,9.829343795776367,-9.532268524169922,79.49352264404297,-59.417877197265625,-89.90435791015625,43.17279052734375,9.829343795776367,-9.532268524169922,79.49352264404297,-59.417877197265625,-89.90435791015625,43.17279052734375,43.37899543378995
5.726,0,9.939729690551758,-9.253473281860352,79.35871124267578,-59.68297576904297,-89.90293884277344,43.1298828125,9.939729690551758,-9.253473281860352,79.35871124267578,-59.68297576904297,-89.90293884277344,43.1298828125,43.37899543378995
5.782,0,10.048918724060059,-8.972291946411133,79.23816680908203,-59.96198272705078,-89.89057922363281,43.080787658691406,10.048918724060059,-8.972291946411133,79.23816680908203,-59.96198272705078,-89.89057922363281,43.080787658691406,43.37899543378995
5.807,0,10.140748023986816,-8.726741790771484,79.14620208740234,-60.22673034667969,-89.88340759277344,43.02522659301758,10.140748023986816,-8.726741790771484,79.14620208740234,-60.22673034667969,-89.88340759277344,43.02522659301758,43.37899543378995
5.847,0,10.235261917114258,-8.465778350830078,79.02527618408203,-60.475616455078125,-89.87289428710938,42.96717071533203,10.235261917114258,-8.465778350830078,79.02527618408203,-60.475616455078125,-89.87289428710938,42.96717071533203,43.37899543378995
5.876,0,10.342720031738281,-8.19112777709961,78.91065979003906,-60.75151824951172,-89.87679290771484,42.92137908935547,10.342720031738281,-8.19112777709961,78.91065979003906,-60.75151824951172,-89.87679290771484,42.92137908935547,43.37899543378995
5.910,0,10.446290969848633,-7.908221244812012,78.79399871826172,-61.03001022338867,-89.86965942382812,42.865257263183594,10.446290969848633,-7.908221244812012,78.79399871826172,-61.03001022338867,-89.86965942382812,42.865257263183594,43.37899543378995
5.939,0,10.530370712280273,-7.665095329284668,78.69623565673828,-61.27455520629883,-89.86512756347656,42.80080795288086,10.530370712280273,-7.665095329284668,78.69623565673828,-61.27455520629883,-89.86512756347656,42.80080795288086,43.37899543378995
5.972,0,10.613285064697266,-7.395886421203613,78.57708740234375,-61.52253723144531,-89.86636352539062,42.7359733581543,10.613285064697266,-7.395886421203613,78.57708740234375,-61.52253723144531,-89.86636352539062,42.7359733581543,43.31376386170906
6.006,0,10.713351249694824,-7.13249397277832,78.47840881347656,-61.79316711425781,-89.87850189208984,42.67707061767578,10.713351249694824,-7.13249397277832,78.47840881347656,-61.79316711425781,-89.87850189208984,42.67707061767578,43.31376386170906
6.039,0,10.814886093139648,-6.8627519607543945,78.38550567626953,-62.070472717285156,-89.87996673583984,42.60759353637695,10.814886093139648,-6.8627519607543945,78.38550567626953,-62.070472717285156,-89.87996673583984,42.60759353637695,43.31376386170906
6.078,0,10.889236450195312,-6.621895790100098,78.31546783447266,-62.32019805908203,-89.87779998779297,42.52721405029297,10.889236450195312,-6.621895790100098,78.31546783447266,-62.32019805908203,-89.87779998779297,42.52721405029297,43.24853228962818
6.105,0,10.968254089355469,-6.367478370666504,78.23060607910156,-62.574989318847656,-89.87380981445312,42.452919006347656,10.968254089355469,-6.367478370666504,78.23060607910156,-62.574989318847656,-89.87380981445312,42.452919006347656,43.05283757338552
6.151,0,11.047029495239258,-6.098587989807129,78.13893127441406,-62.84159851074219,-89.88446044921875,42.38483428955078,11.047029495239258,-6.098587989807129,78.13893127441406,-62.84159851074219,-89.88446044921875,42.38483428955078,42.98760600130463
6.176,0,11.142282485961914,-5.8292388916015625,78.05816650390625,-63.11919021606445,-89.88835144042969,42.30901336669922,11.142282485961914,-5.8292388916015625,78.05816650390625,-63.11919021606445,-89.88835144042969,42.30901336669922,42.857142857142854
6.212,0,11.204170227050781,-5.594387054443359,77.99335479736328,-63.357566833496094,-89.89054870605469,42.22541046142578,11.204170227050781,-5.594387054443359,77.99335479736328,-63.357566833496094,-89.89054870605469,42.22541046142578,42.72667971298108
6.242,0,11.270610809326172,-5.334821701049805,77.89619445800781,-63.592613220214844,-89.88873291015625,42.14945983886719,11.270610809326172,-5.334821701049805,77.89619445800781,-63.592613220214844,-89.88873291015625,42.14945983886719,42.59621656881931
6.278,0,11.33828353881836,-5.058781623840332,77.78978729248047,-63.841365814208984,-89.8936767578125,42.07670593261719,11.33828353881836,-5.058781623840332,77.78978729248047,-63.841365814208984,-89.8936767578125,42.07670593261719,42.59621656881931
6.311,0,11.416443824768066,-4.794106483459473,77.6971206665039,-64.08538818359375,-89.8907699584961,41.99842834472656,11.416443824768066,-4.794106483459473,77.6971206665039,-64.08538818359375,-89.8907699584961,41.99842834472656,42.59621656881931
6.343,0,11.467460632324219,-4.559828758239746,77.62484741210938,-64.30561828613281,-89.8964614868164,41.9111442565918,11.467460632324219,-4.559828758239746,77.62484741210938,-64.30561828613281,-89.8964614868164,41.9111442565918,42.59621656881931
6.376,0,11.531913757324219,-4.316744804382324,77.5226058959961,-64.5115966796875,-89.8949203491211,41.82665252685547,11.531913757324219,-4.316744804382324,77.5226058959961,-64.5115966796875,-89.8949203491211,41.82665252685547,42.59621656881931
6.409,0,11.597900390625,-4.056648254394531,77.4203109741211,-64.74168395996094,-89.89431762695312,41.7502555847168,11.597900390625,-4.056648254394531,77.4203109741211,-64.74168395996094,-89.89431762695312,41.7502555847168,42.465753424657535
6.450,0,11.674395561218262,-3.811807632446289,77.3412857055664,-64.97233581542969,-89.890380859375,41.66400909423828,11.674395561218262,-3.811807632446289,77.3412857055664,-64.97233581542969,-89.890380859375,41.66400909423828,42.27005870841487
6.488,0,11.724063873291016,-3.589003562927246,77.26854705810547,-65.17864990234375,-89.88876342773438,41.56916046142578,11.724063873291016,-3.589003562927246,77.26854705810547,-65.17864990234375,-89.88876342773438,41.56916046142578,42.20482713633398
6.511,0,11.787364959716797,-3.358762741088867,77.1728515625,-65.37059783935547,-89.88496398925781,41.48161697387695,11.787364959716797,-3.358762741088867,77.1728515625,-65.37059783935547,-89.88496398925781,41.48161697387695,42.1395955642531
6.543,0,11.855363845825195,-3.107179641723633,77.075439453125,-65.5963363647461,-89.88896942138672,41.39720916748047,11.855363845825195,-3.107179641723633,77.075439453125,-65.5963363647461,-89.88896942138672,41.39720916748047,42.00913242009132
6.577,0,11.908533096313477,-2.859851837158203,76.98905181884766,-65.81977844238281,-89.89987182617188,41.308692932128906,11.908533096313477,-2.859851837158203,76.98905181884766,-65.81977844238281,-89.89987182617188,41.308692932128906,41.878669275929546
6.615,0,11.973310470581055,-2.6287546157836914,76.89520263671875,-66.01487731933594,-89.89246368408203,41.217525482177734,11.973310470581055,-2.6287546157836914,76.89520263671875,-66.01487731933594,-89.89246368408203,41.217525482177734,41.81343770384866
6.647,0,12.05276870727539,-2.3944034576416016,76.79771423339844,-66.21487426757812,-89.89297485351562,41.13185119628906,12.05276870727539,-2.3944034576416016,76.79771423339844,-66.21487426757812,-89.89297485351562,41.13185119628906,41.617742987606
6.714,0,12.129119873046875,-2.1581802368164062,76.70942687988281,-66.42932891845703,-89.89744567871094,41.02812957763672,12.129119873046875,-2.1581802368164062,76.70942687988281,-66.42932891845703,-89.89744567871094,41.02812957763672,41.617742987606
6.738,0,12.1896390914917,-1.9253463745117188,76.6229476928711,-66.64195251464844,-89.91072082519531,40.935543060302734,12.1896390914917,-1.9253463745117188,76.6229476928711,-66.64195251464844,-89.91072082519531,40.935543060302734,41.48727984344423
6.795,0,12.259666442871094,-1.6652889251708984,76.50010681152344,-66.84749603271484,-89.92009735107422,40.84423828125,12.259666442871094,-1.6652889251708984,76.50010681152344,-66.84749603271484,-89.92009735107422,40.84423828125,41.35681669928245
6.854,0,12.340559005737305,-1.4159164428710938,76.37885284423828,-67.04901123046875,-89.92237091064453,40.7630729675293,12.340559005737305,-1.4159164428710938,76.37885284423828,-67.04901123046875,-89.92237091064453,40.7630729675293,41.16112198303979
6.877,0,12.424895286560059,-1.1784486770629883,76.27896881103516,-67.24852752685547,-89.92108154296875,40.658897399902344,12.424895286560059,-1.1784486770629883,76.27896881103516,-67.24852752685547,-89.92108154296875,40.658897399902344,41.16112198303979
6.910,0,12.481850624084473,-0.9560947418212891,76.19477081298828,-67.43777465820312,-89.93499755859375,40.55291748046875,12.481850624084473,-0.9560947418212891,76.19477081298828,-67.43777465820312,-89.93499755859375,40.55291748046875,41.16112198303979
6.945,0,12.544991493225098,-0.700373649597168,76.0598373413086,-67.6329574584961,-89.94595336914062,40.455482482910156,12.544991493225098,-0.700373649597168,76.0598373413086,-67.6329574584961,-89.94595336914062,40.455482482910156,41.16112198303979
7.000,0,12.624993324279785,-0.4495687484741211,75.93629455566406,-67.83526611328125,-89.9571533203125,40.362586975097656,12.624993324279785,-0.4495687484741211,75.93629455566406,-67.83526611328125,-89.9571533203125,40.362586975097656,41.0958904109589
7.024,0,12.704623222351074,-0.22340869903564453,75.83229064941406,-68.01754760742188,-89.9610824584961,40.251407623291016,12.704623222351074,-0.22340869903564453,75.83229064941406,-68.01754760742188,-89.9610824584961,40.251407623291016,40.90019569471624
7.063,0,12.760488510131836,-0.00067901611328125,75.73616790771484,-68.2132797241211,-89.9842300415039,40.14631652832031,12.760488510131836,-0.00067901611328125,75.73616790771484,-68.2132797241211,-89.9842300415039,40.14631652832031,40.769732550554465
7.106,0,12.833897590637207,0.2553253173828125,75.59998321533203,-68.41375732421875,-90.00077819824219,40.047515869140625,12.833897590637207,0.2553253173828125,75.59998321533203,-68.41375732421875,-90.00077819824219,40.047515869140625,40.63926940639269
7.132,0,12.916099548339844,0.4966449737548828,75.47766876220703,-68.61062622070312,-90.01152801513672,39.95332336425781,12.916099548339844,0.4966449737548828,75.47766876220703,-68.61062622070312,-90.01152801513672,39.95332336425781,40.50880626223092
7.164,0,13.005558967590332,0.7341804504394531,75.3657455444336,-68.80438995361328,-90.0230941772461,39.83918762207031,13.005558967590332,0.7341804504394531,75.3657455444336,-68.80438995361328,-90.0230941772461,39.83918762207031,40.37834311806915
7.198,0,13.059748649597168,0.9668350219726562,75.26434326171875,-69.00968933105469,-90.04806518554688,39.73101806640625,13.059748649597168,0.9668350219726562,75.26434326171875,-69.00968933105469,-90.04806518554688,39.73101806640625,40.37834311806915
7.232,0,13.128046989440918,1.20147705078125,75.12992095947266,-69.19480895996094,-90.06703186035156,39.62268829345703,13.128046989440918,1.20147705078125,75.12992095947266,-69.19480895996094,-90.06703186035156,39.62268829345703,40.31311154598826
7.280,0,13.209121704101562,1.417581558227539,75.01716613769531,-69.37325286865234,-90.07545471191406,39.520790100097656,13.209121704101562,1.417581558227539,75.01716613769531,-69.37325286865234,-90.07545471191406,39.520790100097656,40.11741682974559
7.304,0,13.281515121459961,1.616363525390625,74.91629028320312,-69.54652404785156,-90.08592987060547,39.393795013427734,13.281515121459961,1.616363525390625,74.91629028320312,-69.54652404785156,-90.08592987060547,39.393795013427734,39.98695368558382
7.339,0,13.334278106689453,1.8196163177490234,74.81547546386719,-69.72179412841797,-90.11062622070312,39.27162170410156,13.334278106689453,1.8196163177490234,74.81547546386719,-69.72179412841797,-90.11062622070312,39.27162170410156,39.85649054142205
7.372,0,13.39651107788086,2.0499916076660156,74.6805191040039,-69.9034423828125,-90.12730407714844,39.15524673461914,13.39651107788086,2.0499916076660156,74.6805191040039,-69.9034423828125,-90.12730407714844,39.15524673461914,39.726027397260275
7.404,0,13.462849617004395,2.2504520416259766,74.57347106933594,-70.0679931640625,-90.13382720947266,39.04027557373047,13.462849617004395,2.2504520416259766,74.57347106933594,-70.0679931640625,-90.13382720947266,39.04027557373047,39.660795825179385
7.438,0,13.533549308776855,2.4322547912597656,74.48937225341797,-70.22994995117188,-90.14263153076172,38.89787292480469,13.533549308776855,2.4322547912597656,74.48937225341797,-70.22994995117188,-90.14263153076172,38.89787292480469,39.660795825179385
7.474,0,13.569014549255371,2.5805397033691406,74.42976379394531,-70.38909912109375,-90.15076446533203,38.75997543334961,13.569014549255371,2.5805397033691406,74.42976379394531,-70.38909912109375,-90.15076446533203,38.75997543334961,39.46510110893672
7.507,0,13.621172904968262,2.7663536071777344,74.32207489013672,-70.54096984863281,-90.1502914428711,38.63453674316406,13.621172904968262,2.7663536071777344,74.32207489013672,-70.54096984863281,-90.1502914428711,38.63453674316406,39.26940639269406
7.542,0,13.695646286010742,2.9626102447509766,74.22756958007812,-70.704345703125,-90.14814758300781,38.49364471435547,13.695646286010742,2.9626102447509766,74.22756958007812,-70.704345703125,-90.14814758300781,38.49364471435547,39.204174820613176
7.572,0,13.733530044555664,3.1056461334228516,74.16661834716797,-70.84593200683594,-90.15301513671875,38.33855056762695,13.733530044555664,3.1056461334228516,74.16661834716797,-70.84593200683594,-90.15301513671875,38.33855056762695,39.0737116764514
7.606,0,13.77125358581543,3.2661514282226562,74.08521270751953,-70.99319458007812,-90.15174102783203,38.199424743652344,13.77125358581543,3.2661514282226562,74.08521270751953,-70.99319458007812,-90.15174102783203,38.199424743652344,38.87801696020874
7.639,0,13.811755180358887,3.4473876953125,74.00409698486328,-71.16920471191406,-90.15164184570312,38.06642150878906,13.811755180358887,3.4473876953125,74.00409698486328,-71.16920471191406,-90.15164184570312,38.06642150878906,38.81278538812785
7.680,0,13.865745544433594,3.6134090423583984,73.92991638183594,-71.3077621459961,-90.14178466796875,37.9134521484375,13.865745544433594,3.6134090423583984,73.92991638183594,-71.3077621459961,-90.14178466796875,37.9134521484375,38.551859099804304
7.738,0,13.87354850769043,3.725370407104492,73.89254760742188,-71.44073486328125,-90.13667297363281,37.7610969543457,13.87354850769043,3.725370407104492,73.89254760742188,-71.44073486328125,-90.13667297363281,37.7610969543457,38.42139595564253
7.779,0,13.893590927124023,3.8901309967041016,73.81794738769531,-71.59194946289062,-90.13306427001953,37.61222457885742,13.893590927124023,3.8901309967041016,73.81794738769531,-71.59194946289062,-90.13306427001953,37.61222457885742,38.22570123939987
7.806,0,13.922649383544922,4.030559539794922,73.76011657714844,-71.73574829101562,-90.12203979492188,37.47445297241211,13.922649383544922,4.030559539794922,73.76011657714844,-71.73574829101562,-90.12203979492188,37.47445297241211,38.095238095238095
7.880,0,13.959000587463379,4.153844833374023,73.71633911132812,-71.8610610961914,-90.11149597167969,37.32142639160156,13.959000587463379,4.153844833374023,73.71633911132812,-71.8610610961914,-90.11149597167969,37.32142639160156,38.030006523157205
7.905,0,13.973358154296875,4.297046661376953,73.6678466796875,-72.00228881835938,-90.10577392578125,37.16250228881836,13.973358154296875,4.297046661376953,73.6678466796875,-72.00228881835938,-90.10577392578125,37.16250228881836,37.70384866275277
7.946,0,13.984746932983398,4.430442810058594,73.623779296875,-72.13713073730469,-90.09423065185547,37.013885498046875,13.984746932983398,4.430442810058594,73.623779296875,-72.13713073730469,-90.09423065185547,37.013885498046875,37.70384866275277
7.975,0,13.999011039733887,4.554841995239258,73.58080291748047,-72.27762603759766,-90.08523559570312,36.88182830810547,13.999011039733887,4.554841995239258,73.58080291748047,-72.27762603759766,-90.08523559570312,36.88182830810547,37.70384866275277
8.005,0,14.036470413208008,4.679830551147461,73.55199432373047,-72.41874694824219,-90.07200622558594,36.73497009277344,14.036470413208008,4.679830551147461,73.55199432373047,-72.41874694824219,-90.07200622558594,36.73497009277344,37.44292237442922
8.050,0,14.052091598510742,4.852056503295898,73.51676940917969,-72.60155487060547,-90.0775375366211,36.578853607177734,14.052091598510742,4.852056503295898,73.51676940917969,-72.60155487060547,-90.0775375366211,36.578853607177734,37.31245923026745
8.074,0,14.066513061523438,4.99113655090332,73.46869659423828,-72.72854614257812,-90.06067657470703,36.434505462646484,14.066513061523438,4.99113655090332,73.46869659423828,-72.72854614257812,-90.06067657470703,36.434505462646484,37.11676451402479
8.106,0,14.091824531555176,5.139736175537109,73.4124755859375,-72.86512756347656,-90.05342864990234,36.31024932861328,14.091824531555176,5.139736175537109,73.4124755859375,-72.86512756347656,-90.05342864990234,36.31024932861328,36.986301369863014
8.139,0,14.130476951599121,5.256616592407227,73.37393188476562,-72.98573303222656,-90.05083465576172,36.17481994628906,14.130476951599121,5.256616592407227,73.37393188476562,-72.98573303222656,-90.05083465576172,36.17481994628906,36.79060665362035
8.208,0,14.14734172821045,5.399803161621094,73.3362045288086,-73.13082885742188,-90.04443359375,36.03335189819336,14.14734172821045,5.399803161621094,73.3362045288086,-73.13082885742188,-90.04443359375,36.03335189819336,36.59491193737769
8.230,0,14.164697647094727,5.569683074951172,73.27371978759766,-73.27323913574219,-90.0381088256836,35.90171813964844,14.164697647094727,5.569683074951172,73.27371978759766,-73.27323913574219,-90.0381088256836,35.90171813964844,36.5296803652968
8.264,0,14.188159942626953,5.6911468505859375,73.21894073486328,-73.39134216308594,-90.03890991210938,35.78606033325195,14.188159942626953,5.6911468505859375,73.21894073486328,-73.39134216308594,-90.03890991210938,35.78606033325195,36.5296803652968
8.303,0,14.229384422302246,5.813146591186523,73.18003845214844,-73.50289916992188,-90.02964782714844,35.64878845214844,14.229384422302246,5.813146591186523,73.18003845214844,-73.50289916992188,-90.02964782714844,35.64878845214844,36.33398564905414
8.334,0,14.255311965942383,5.937654495239258,73.1396484375,-73.62284851074219,-90.02609252929688,35.5071907043457,14.255311965942383,5.937654495239258,73.1396484375,-73.62284851074219,-90.02609252929688,35.5071907043457,36.13829093281148
8.364,0,14.284269332885742,6.106637954711914,73.07703399658203,-73.76458740234375,-90.02102661132812,35.38423156738281,14.284269332885742,6.106637954711914,73.07703399658203,-73.76458740234375,-90.02102661132812,35.38423156738281,36.007827788649706
8.401,0,14.330390930175781,6.221162796020508,73.02611541748047,-73.86920928955078,-90.01712799072266,35.25653076171875,14.330390930175781,6.221162796020508,73.02611541748047,-73.86920928955078,-90.01712799072266,35.25653076171875,35.81213307240704
8.434,0,14.3523530960083,6.346530914306641,72.98892974853516,-73.99666595458984,-90.015380859375,35.12543869018555,14.3523530960083,6.346530914306641,72.98892974853516,-73.99666595458984,-90.015380859375,35.12543869018555,35.81213307240704
8.465,0,14.38546085357666,6.491222381591797,72.91477966308594,-74.10842895507812,-90.00205993652344,35.0047607421875,14.38546085357666,6.491222381591797,72.91477966308594,-74.10842895507812,-90.00205993652344,35.0047607421875,35.68166992824527
8.500,0,14.421825408935547,6.652381896972656,72.85567474365234,-74.24887084960938,-89.99834442138672,34.889896392822266,14.421825408935547,6.652381896972656,72.85567474365234,-74.24887084960938,-89.99834442138672,34.889896392822266,35.48597521200261
8.534,0,14.479065895080566,6.759214401245117,72.8087387084961,-74.34588623046875,-89.99453735351562,34.76532745361328,14.479065895080566,6.759214401245117,72.8087387084961,-74.34588623046875,-89.99453735351562,34.76532745361328,35.355512067840834
8.567,0,14.500384330749512,6.899753570556641,72.76686096191406,-74.48621368408203,-89.99304962158203,34.64714431762695,14.500384330749512,6.899753570556641,72.76686096191406,-74.48621368408203,-89.99304962158203,34.64714431762695,35.22504892367906
8.601,0,14.544975280761719,7.066946029663086,72.67371368408203,-74.59886169433594,-89.98124694824219,34.55270767211914,14.544975280761719,7.066946029663086,72.67371368408203,-74.59886169433594,-89.98124694824219,34.55270767211914,35.0293542074364
8.635,0,14.603191375732422,7.221296310424805,72.60963439941406,-74.71748352050781,-89.97854614257812,34.4380989074707,14.603191375732422,7.221296310424805,72.60963439941406,-74.71748352050781,-89.97854614257812,34.4380989074707,35.0293542074364
8.679,0,14.628562927246094,7.344905853271484,72.55281066894531,-74.82768249511719,-89.98666381835938,34.32442855834961,14.628562927246094,7.344905853271484,72.55281066894531,-74.82768249511719,-89.98666381835938,34.32442855834961,35.0293542074364
8.704,0,14.666414260864258,7.505157470703125,72.46759033203125,-74.93273162841797,-89.98271179199219,34.23308563232422,14.666414260864258,7.505157470703125,72.46759033203125,-74.93273162841797,-89.98271179199219,34.23308563232422,34.898891063274625
8.735,0,14.732919692993164,7.634160995483398,72.39208221435547,-75.0069580078125,-89.97500610351562,34.130821228027344,14.732919692993164,7.634160995483398,72.39208221435547,-75.0069580078125,-89.97500610351562,34.130821228027344,34.70319634703196
8.772,0,14.788766860961914,7.7416534423828125,72.33306121826172,-75.0774917602539,-89.96963500976562,34.02918243408203,14.788766860961914,7.7416534423828125,72.33306121826172,-75.0774917602539,-89.96963500976562,34.02918243408203,34.63796477495107
8.804,0,14.822296142578125,7.885341644287109,72.244384765625,-75.16944885253906,-89.97577667236328,33.940921783447266,14.822296142578125,7.885341644287109,72.244384765625,-75.16944885253906,-89.97577667236328,33.940921783447266,34.63796477495107
8.839,0,14.861714363098145,8.046857833862305,72.14311981201172,-75.25489807128906,-89.97653198242188,33.87101364135742,14.861714363098145,8.046857833862305,72.14311981201172,-75.25489807128906,-89.97653198242188,33.87101364135742,34.44227005870842
8.871,0,14.927953720092773,8.177783966064453,72.05878448486328,-75.323486328125,-89.97666931152344,33.77300262451172,14.927953720092773,8.177783966064453,72.05878448486328,-75.323486328125,-89.97666931152344,33.77300262451172,34.31180691454664
8.905,0,14.955964088439941,8.268482208251953,71.99864959716797,-75.36717224121094,-89.97662353515625,33.67783737182617,14.955964088439941,8.268482208251953,71.99864959716797,-75.36717224121094,-89.97662353515625,33.67783737182617,34.24657534246575
8.941,0,14.98307991027832,8.383426666259766,71.92369842529297,-75.42970275878906,-89.98033905029297,33.6009407043457,14.98307991027832,8.383426666259766,71.92369842529297,-75.42970275878906,-89.98033905029297,33.6009407043457,34.24657534246575
8.972,0,15.020910263061523,8.491277694702148,71.83499908447266,-75.47035217285156,-89.97667694091797,33.53488540649414,15.020910263061523,8.491277694702148,71.83499908447266,-75.47035217285156,-89.97667694091797,33.53488540649414,34.05088062622309
9.004,0,15.078912734985352,8.597270965576172,71.74666595458984,-75.50506591796875,-89.97071838378906,33.45264434814453,15.078912734985352,8.597270965576172,71.74666595458984,-75.50506591796875,-89.97071838378906,33.45264434814453,33.92041748206132
9.068,0,15.090710639953613,8.673276901245117,71.68727111816406,-75.53511047363281,-89.9698486328125,33.372413635253906,15.090710639953613,8.673276901245117,71.68727111816406,-75.53511047363281,-89.9698486328125,33.372413635253906,33.85518590998043
9.093,0,15.113924026489258,8.758733749389648,71.60457611083984,-75.56402587890625,-89.96668243408203,33.30006408691406,15.113924026489258,8.758733749389648,71.60457611083984,-75.56402587890625,-89.96668243408203,33.30006408691406,33.85518590998043
9.126,0,15.149527549743652,8.827083587646484,71.52041625976562,-75.56597900390625,-89.96510314941406,33.24924087524414,15.149527549743652,8.827083587646484,71.52041625976562,-75.56597900390625,-89.96510314941406,33.24924087524414,33.85518590998043
9.159,0,15.203643798828125,8.859622955322266,71.46714782714844,-75.54634857177734,-89.95799255371094,33.17572784423828,15.203643798828125,8.859622955322266,71.46714782714844,-75.54634857177734,-89.95799255371094,33.17572784423828,33.789954337899545
9.192,0,15.203539848327637,8.899362564086914,71.42193603515625,-75.56238555908203,-89.9604721069336,33.120628356933594,15.203539848327637,8.899362564086914,71.42193603515625,-75.56238555908203,-89.9604721069336,33.120628356933594,33.59425962165688
9.225,0,15.212183952331543,9.00357437133789,71.33634948730469,-75.59101104736328,-89.95458221435547,33.05998229980469,15.212183952331543,9.00357437133789,71.33634948730469,-75.59101104736328,-89.95458221435547,33.05998229980469,33.52902804957599
9.292,0,15.233061790466309,9.106386184692383,71.2425765991211,-75.6097412109375,-89.94485473632812,33.045745849609375,15.233061790466309,9.106386184692383,71.2425765991211,-75.6097412109375,-89.94485473632812,33.045745849609375,33.52902804957599
9.325,0,15.266496658325195,9.155107498168945,71.17474365234375,-75.59593200683594,-89.94432067871094,33.00934600830078,15.266496658325195,9.155107498168945,71.17474365234375,-75.59593200683594,-89.94432067871094,33.00934600830078,33.46379647749511
9.348,0,15.26534366607666,9.180612564086914,71.135009765625,-75.59846496582031,-89.94176483154297,32.974647521972656,15.26534366607666,9.180612564086914,71.135009765625,-75.59846496582031,-89.94176483154297,32.974647521972656,33.39856490541422
9.384,0,15.26860237121582,9.285680770874023,71.05257415771484,-75.62358856201172,-89.93022155761719,32.932289123535156,15.26860237121582,9.285680770874023,71.05257415771484,-75.62358856201172,-89.93022155761719,32.932289123535156,33.268101761252446
9.417,0,15.276105880737305,9.419692993164062,70.95288848876953,-75.66973114013672,-89.91939544677734,32.931304931640625,15.276105880737305,9.419692993164062,70.95288848876953,-75.66973114013672,-89.91939544677734,32.931304931640625,33.268101761252446
9.451,0,15.302851676940918,9.464759826660156,70.88652038574219,-75.65062713623047,-89.9112548828125,32.90885925292969,15.302851676940918,9.464759826660156,70.88652038574219,-75.65062713623047,-89.9112548828125,32.90885925292969,33.13763861709067
9.485,0,15.28283405303955,9.490703582763672,70.84780883789062,-75.64276123046875,-89.90721130371094,32.89822006225586,15.28283405303955,9.490703582763672,70.84780883789062,-75.64276123046875,-89.90721130371094,32.89822006225586,33.13763861709067
9.528,0,15.280611991882324,9.59379768371582,70.77117156982422,-75.66667175292969,-89.89007568359375,32.88018798828125,15.280611991882324,9.59379768371582,70.77117156982422,-75.66667175292969,-89.89007568359375,32.88018798828125,33.13763861709067
9.553,0,15.277717590332031,9.68157958984375,70.68439483642578,-75.67112731933594,-89.8726577758789,32.89162826538086,15.277717590332031,9.68157958984375,70.68439483642578,-75.67112731933594,-89.8726577758789,32.89162826538086,33.13763861709067
9.586,0,15.294305801391602,9.72671127319336,70.6295394897461,-75.65972900390625,-89.86166381835938,32.87309265136719,15.294305801391602,9.72671127319336,70.6295394897461,-75.65972900390625,-89.86166381835938,32.87309265136719,33.13763861709067
9.618,0,15.28533935546875,9.747827529907227,70.5879898071289,-75.6357192993164,-89.85567474365234,32.867332458496094,15.28533935546875,9.747827529907227,70.5879898071289,-75.6357192993164,-89.85567474365234,32.867332458496094,33.13763861709067
9.651,0,15.27480411529541,9.862907409667969,70.51033782958984,-75.67802429199219,-89.8420181274414,32.86170196533203,15.27480411529541,9.862907409667969,70.51033782958984,-75.67802429199219,-89.8420181274414,32.86170196533203,33.13763861709067
9.686,0,15.25942611694336,9.951681137084961,70.4346923828125,-75.70524597167969,-89.82951354980469,32.866798400878906,15.25942611694336,9.951681137084961,70.4346923828125,-75.70524597167969,-89.82951354980469,32.866798400878906,33.13763861709067
9.719,0,15.26856517791748,10.015726089477539,70.37759399414062,-75.7213134765625,-89.82179260253906,32.865814208984375,15.26856517791748,10.015726089477539,70.37759399414062,-75.7213134765625,-89.82179260253906,32.865814208984375,33.13763861709067
9.753,0,15.251984596252441,10.020498275756836,70.34093475341797,-75.69390869140625,-89.81559753417969,32.88963317871094,15.251984596252441,10.020498275756836,70.34093475341797,-75.69390869140625,-89.81559753417969,32.88963317871094,33.13763861709067
9.784,0,15.239737510681152,10.10523796081543,70.2895736694336,-75.73656463623047,-89.80057525634766,32.86587905883789,15.239737510681152,10.10523796081543,70.2895736694336,-75.73656463623047,-89.80057525634766,32.86587905883789,33.13763861709067
9.822,0,15.226284980773926,10.210094451904297,70.2158432006836,-75.7772216796875,-89.78641510009766,32.904815673828125,15.226284980773926,10.210094451904297,70.2158432006836,-75.7772216796875,-89.78641510009766,32.904815673828125,33.13763861709067
9.851,0,15.236799240112305,10.1905517578125,70.1781997680664,-75.71893310546875,-89.77674102783203,32.91712188720703,15.236799240112305,10.1905517578125,70.1781997680664,-75.71893310546875,-89.77674102783203,32.91712188720703,33.13763861709067
9.887,0,15.21790599822998,10.221717834472656,70.15396118164062,-75.72220611572266,-89.76788330078125,32.905975341796875,15.21790599822998,10.221717834472656,70.15396118164062,-75.72220611572266,-89.76788330078125,32.905975341796875,33.13763861709067
9.920,0,15.201069831848145,10.343448638916016,70.07701873779297,-75.76792907714844,-89.74945068359375,32.91756820678711,15.201069831848145,10.343448638916016,70.07701873779297,-75.76792907714844,-89.74945068359375,32.91756820678711,33.13763861709067
9.956,0,15.184701919555664,10.41324234008789,70.00096893310547,-75.76495361328125,-89.73603820800781,32.97853469848633,15.184701919555664,10.41324234008789,70.00096893310547,-75.76495361328125,-89.73603820800781,32.97853469848633,33.13763861709067
9.987,0,15.187481880187988,10.404825210571289,69.9568862915039,-75.70752716064453,-89.72970581054688,33.005008697509766,15.187481880187988,10.404825210571289,69.9568862915039,-75.70752716064453,-89.72970581054688,33.005008697509766,33.13763861709067
10.020,0,15.162381172180176,10.446983337402344,69.93849182128906,-75.71944427490234,-89.72056579589844,33.00001525878906,15.162381172180176,10.446983337402344,69.93849182128906,-75.71944427490234,-89.72056579589844,33.00001525878906,33.13763861709067
10.054,0,15.145634651184082,10.506071090698242,69.87828826904297,-75.72093200683594,-89.70515441894531,33.020233154296875,15.145634651184082,10.506071090698242,69.87828826904297,-75.72093200683594,-89.70515441894531,33.020233154296875,33.13763861709067
10.085,0,15.123944282531738,10.583999633789062,69.82341003417969,-75.73822021484375,-89.68951416015625,33.08539581298828,15.123944282531738,10.583999633789062,69.82341003417969,-75.73822021484375,-89.68951416015625,33.08539581298828,33.13763861709067
10.121,0,15.115155220031738,10.579059600830078,69.79173278808594,-75.68846130371094,-89.67667388916016,33.08192443847656,15.115155220031738,10.579059600830078,69.79173278808594,-75.68846130371094,-89.67667388916016,33.08192443847656,33.13763861709067
10.152,0,15.078721046447754,10.584321975708008,69.776611328125,-75.66771697998047,-89.66598510742188,33.10197448730469,15.078721046447754,10.584321975708008,69.776611328125,-75.66771697998047,-89.66598510742188,33.10197448730469,33.13763861709067
10.189,0,15.049160957336426,10.607278823852539,69.73482513427734,-75.63088989257812,-89.65215301513672,33.16362762451172,15.049160957336426,10.607278823852539,69.73482513427734,-75.63088989257812,-89.65215301513672,33.16362762451172,33.13763861709067
10.221,0,15.019341468811035,10.633974075317383,69.70061492919922,-75.61492156982422,-89.63792419433594,33.2117919921875,15.019341468811035,10.633974075317383,69.70061492919922,-75.61492156982422,-89.63792419433594,33.2117919921875,33.13763861709067
10.254,0,15.005858421325684,10.58355712890625,69.67705535888672,-75.52899932861328,-89.6280517578125,33.231319427490234,15.005858421325684,10.58355712890625,69.67705535888672,-75.52899932861328,-89.6280517578125,33.231319427490234,33.13763861709067
10.287,0,14.97361946105957,10.641674041748047,69.64850616455078,-75.54243469238281,-89.62232208251953,33.30381393432617,14.97361946105957,10.641674041748047,69.64850616455078,-75.54243469238281,-89.62232208251953,33.30381393432617,33.13763861709067
10.326,0,14.93714427947998,10.673776626586914,69.62362670898438,-75.54328918457031,-89.60006713867188,33.36528778076172,14.93714427947998,10.673776626586914,69.62362670898438,-75.54328918457031,-89.60006713867188,33.36528778076172,33.13763861709067
10.354,0,14.905486106872559,10.605575561523438,69.67621612548828,-75.50929260253906,-89.59927368164062,33.40266418457031,14.905486106872559,10.605575561523438,69.67621612548828,-75.50929260253906,-89.59927368164062,33.40266418457031,33.13763861709067
10.389,0,14.848361015319824,10.630468368530273,69.65364837646484,-75.49847412109375,-89.59104919433594,33.47160720825195,14.848361015319824,10.630468368530273,69.65364837646484,-75.49847412109375,-89.59104919433594,33.47160720825195,33.13763861709067
10.422,0,14.811837196350098,10.672529220581055,69.63226318359375,-75.51034545898438,-89.57401275634766,33.578548431396484,14.811837196350098,10.672529220581055,69.63226318359375,-75.51034545898438,-89.57401275634766,33.578548431396484,33.13763861709067
10.457,0,14.801310539245605,10.638710021972656,69.6363754272461,-75.46868896484375,-89.55614471435547,33.596473693847656,14.801310539245605,10.638710021972656,69.6363754272461,-75.46868896484375,-89.55614471435547,33.596473693847656,33.13763861709067
10.489,0,14.753589630126953,10.599431991577148,69.66435241699219,-75.43392944335938,-89.53892517089844,33.65550994873047,14.753589630126953,10.599431991577148,69.66435241699219,-75.43392944335938,-89.53892517089844,33.65550994873047,33.13763861709067
10.523,0,14.709417343139648,10.615808486938477,69.65922546386719,-75.43609619140625,-89.5328598022461,33.72968292236328,14.709417343139648,10.615808486938477,69.65922546386719,-75.43609619140625,-89.5328598022461,33.72968292236328,33.13763861709067
10.555,0,14.699172973632812,10.57278823852539,69.68157958984375,-75.40827941894531,-89.52005004882812,33.75971221923828,14.699172973632812,10.57278823852539,69.68157958984375,-75.40827941894531,-89.52005004882812,33.75971221923828,33.202870189171556
10.590,0,14.67059326171875,10.516929626464844,69.71747589111328,-75.3746109008789,-89.51490020751953,33.79692459106445,14.67059326171875,10.516929626464844,69.71747589111328,-75.3746109008789,-89.51490020751953,33.79692459106445,33.202870189171556
10.622,0,14.622665405273438,10.537176132202148,69.70899963378906,-75.37168884277344,-89.50536346435547,33.87364959716797,14.622665405273438,10.537176132202148,69.70899963378906,-75.37168884277344,-89.50536346435547,33.87364959716797,33.268101761252446
10.655,0,14.584036827087402,10.543163299560547,69.72457885742188,-75.39437103271484,-89.49364471435547,33.940765380859375,14.584036827087402,10.543163299560547,69.72457885742188,-75.39437103271484,-89.49364471435547,33.940765380859375,33.39856490541422
10.688,0,14.586421012878418,10.514192581176758,69.74911499023438,-75.3897705078125,-89.48724365234375,33.98603057861328,14.586421012878418,10.514192581176758,69.74911499023438,-75.3897705078125,-89.48724365234375,33.98603057861328,33.46379647749511
10.722,0,14.562627792358398,10.442920684814453,69.78886413574219,-75.33722686767578,-89.47833251953125,33.981781005859375,14.562627792358398,10.442920684814453,69.78886413574219,-75.33722686767578,-89.47833251953125,33.981781005859375,33.46379647749511
10.755,0,14.5267972946167,10.48416519165039,69.79147338867188,-75.36723327636719,-89.46542358398438,34.01841735839844,14.5267972946167,10.48416519165039,69.79147338867188,-75.36723327636719,-89.46542358398438,34.01841735839844,33.46379647749511
10.789,0,14.511080741882324,10.50770378112793,69.7986831665039,-75.39889526367188,-89.4608154296875,34.06060791015625,14.511080741882324,10.50770378112793,69.7986831665039,-75.39889526367188,-89.4608154296875,34.06060791015625,33.46379647749511
10.822,0,14.512319564819336,10.450506210327148,69.83857727050781,-75.37210845947266,-89.46000671386719,34.10678482055664,14.512319564819336,10.450506210327148,69.83857727050781,-75.37210845947266,-89.46000671386719,34.10678482055664,33.46379647749511
10.856,0,14.491608619689941,10.394716262817383,69.87275695800781,-75.34431457519531,-89.44882202148438,34.12482833862305,14.491608619689941,10.394716262817383,69.87275695800781,-75.34431457519531,-89.44882202148438,34.12482833862305,33.46379647749511
10.889,0,14.44849967956543,10.45135498046875,69.86833190917969,-75.4027328491211,-89.43462371826172,34.15974426269531,14.44849967956543,10.45135498046875,69.86833190917969,-75.4027328491211,-89.43462371826172,34.15974426269531,33.46379647749511
10.922,0,14.439092636108398,10.483455657958984,69.86210632324219,-75.43588256835938,-89.43169403076172,34.23904800415039,14.439092636108398,10.483455657958984,69.86210632324219,-75.43588256835938,-89.43169403076172,34.23904800415039,33.46379647749511
10.967,0,14.449923515319824,10.447162628173828,69.90676879882812,-75.42837524414062,-89.42601013183594,34.288551330566406,14.449923515319824,10.447162628173828,69.90676879882812,-75.42837524414062,-89.42601013183594,34.288551330566406,33.59425962165688
10.995,0,14.42911148071289,10.387451171875,69.96812438964844,-75.41696166992188,-89.41761016845703,34.304927825927734,14.42911148071289,10.387451171875,69.96812438964844,-75.41696166992188,-89.41761016845703,34.304927825927734,33.789954337899545
11.023,0,14.391763687133789,10.347375869750977,70.0205307006836,-75.42582702636719,-89.396728515625,34.41544723510742,14.391763687133789,10.347375869750977,70.0205307006836,-75.42582702636719,-89.396728515625,34.41544723510742,33.789954337899545
11.060,0,14.375178337097168,10.298763275146484,70.08625030517578,-75.42628479003906,-89.38304901123047,34.481754302978516,14.375178337097168,10.298763275146484,70.08625030517578,-75.42628479003906,-89.38304901123047,34.481754302978516,33.789954337899545
11.092,0,14.37108039855957,10.252206802368164,70.15015411376953,-75.427734375,-89.3719711303711,34.49726104736328,14.37108039855957,10.252206802368164,70.15015411376953,-75.427734375,-89.3719711303711,34.49726104736328,33.92041748206132
11.123,0,14.345157623291016,10.168855667114258,70.25930786132812,-75.42292785644531,-89.35336303710938,34.54262161254883,14.345157623291016,10.168855667114258,70.25930786132812,-75.42292785644531,-89.35336303710938,34.54262161254883,34.05088062622309
11.159,0,14.30266284942627,10.24386215209961,70.27410888671875,-75.49691772460938,-89.3539810180664,34.579368591308594,14.30266284942627,10.24386215209961,70.27410888671875,-75.49691772460938,-89.3539810180664,34.579368591308594,34.18134377038486
11.192,0,14.317079544067383,10.185928344726562,70.34942626953125,-75.50145721435547,-89.35018920898438,34.62134552001953,14.317079544067383,10.185928344726562,70.34942626953125,-75.50145721435547,-89.35018920898438,34.62134552001953,34.18134377038486
11.225,0,14.306113243103027,10.114721298217773,70.41928100585938,-75.46806335449219,-89.3450698852539,34.61781311035156,14.306113243103027,10.114721298217773,70.41928100585938,-75.46806335449219,-89.3450698852539,34.61781311035156,34.18134377038486
11.259,0,14.270496368408203,10.127872467041016,70.46537017822266,-75.50869750976562,-89.33755493164062,34.64866638183594,14.270496368408203,10.127872467041016,70.46537017822266,-75.50869750976562,-89.33755493164062,34.64866638183594,34.18134377038486
11.292,0,14.257619857788086,10.088329315185547,70.5157241821289,-75.50930786132812,-89.33077239990234,34.668067932128906,14.257619857788086,10.088329315185547,70.5157241821289,-75.50930786132812,-89.33077239990234,34.668067932128906,34.18134377038486
11.326,0,14.223072052001953,10.021141052246094,70.5675048828125,-75.46820831298828,-89.3398208618164,34.718505859375,14.223072052001953,10.021141052246094,70.5675048828125,-75.46820831298828,-89.3398208618164,34.718505859375,34.18134377038486
11.359,0,14.202338218688965,10.01893424987793,70.60095977783203,-75.48298645019531,-89.33468627929688,34.77253723144531,14.202338218688965,10.01893424987793,70.60095977783203,-75.48298645019531,-89.33468627929688,34.77253723144531,34.18134377038486
11.393,0,14.19649600982666,9.995132446289062,70.66834259033203,-75.4910888671875,-89.31703186035156,34.80109405517578,14.19649600982666,9.995132446289062,70.66834259033203,-75.4910888671875,-89.31703186035156,34.80109405517578,34.18134377038486
11.426,0,14.208236694335938,9.913471221923828,70.71543884277344,-75.41941833496094,-89.31620025634766,34.85184860229492,14.208236694335938,9.913471221923828,70.71543884277344,-75.41941833496094,-89.31620025634766,34.85184860229492,34.18134377038486
11.460,0,14.194185256958008,9.822528839111328,70.77350616455078,-75.36099243164062,-89.33140563964844,34.88289260864258,14.194185256958008,9.822528839111328,70.77350616455078,-75.36099243164062,-89.33140563964844,34.88289260864258,34.18134377038486
11.501,0,14.167729377746582,9.800670623779297,70.80410766601562,-75.33035278320312,-89.33289337158203,34.927921295166016,14.167729377746582,9.800670623779297,70.80410766601562,-75.33035278320312,-89.33289337158203,34.927921295166016,34.18134377038486
11.526,0,14.166769027709961,9.778997421264648,70.85672760009766,-75.33712005615234,-89.3222885131836,35.00370788574219,14.166769027709961,9.778997421264648,70.85672760009766,-75.33712005615234,-89.3222885131836,35.00370788574219,34.31180691454664
11.562,0,14.184038162231445,9.65774154663086,70.91128540039062,-75.23028564453125,-89.320556640625,35.04290008544922,14.184038162231445,9.65774154663086,70.91128540039062,-75.23028564453125,-89.320556640625,35.04290008544922,34.5075016307893
11.609,0,14.187439918518066,9.537054061889648,70.97442626953125,-75.162353515625,-89.33116912841797,35.09225845336914,14.187439918518066,9.537054061889648,70.97442626953125,-75.162353515625,-89.33116912841797,35.09225845336914,34.57273320287019
11.632,0,14.205588340759277,9.492681503295898,71.0088119506836,-75.13766479492188,-89.32986450195312,35.173221588134766,14.205588340759277,9.492681503295898,71.0088119506836,-75.13766479492188,-89.32986450195312,35.173221588134766,34.70319634703196
11.692,0,14.224921226501465,9.42140007019043,71.07017517089844,-75.10472869873047,-89.3197021484375,35.21941375732422,14.224921226501465,9.42140007019043,71.07017517089844,-75.10472869873047,-89.3197021484375,35.21941375732422,34.70319634703196
11.718,0,14.216008186340332,9.288991928100586,71.15257263183594,-75.01518249511719,-89.32417297363281,35.26460266113281,14.216008186340332,9.288991928100586,71.15257263183594,-75.01518249511719,-89.32417297363281,35.26460266113281,34.833659491193735
11.751,0,14.209172248840332,9.259992599487305,71.18850708007812,-75.02302551269531,-89.32616424560547,35.31855773925781,14.209172248840332,9.259992599487305,71.18850708007812,-75.02302551269531,-89.32616424560547,35.31855773925781,34.898891063274625
11.789,0,14.223179817199707,9.246759414672852,71.20113372802734,-75.00652313232422,-89.32166290283203,35.40733337402344,14.223179817199707,9.246759414672852,71.20113372802734,-75.00652313232422,-89.32166290283203,35.40733337402344,34.898891063274625
11.817,0,14.230137825012207,9.123119354248047,71.26463317871094,-74.91442108154297,-89.31979370117188,35.4188117980957,14.230137825012207,9.123119354248047,71.26463317871094,-74.91442108154297,-89.31979370117188,35.4188117980957,34.898891063274625
11.851,0,14.21987247467041,9.019765853881836,71.34676361083984,-74.86104583740234,-89.32264709472656,35.4566535949707,14.21987247467041,9.019765853881836,71.34676361083984,-74.86104583740234,-89.32264709472656,35.4566535949707,34.898891063274625
11.884,0,14.210249900817871,8.96945571899414,71.36588287353516,-74.82681274414062,-89.3292007446289,35.50584030151367,14.210249900817871,8.96945571899414,71.36588287353516,-74.82681274414062,-89.3292007446289,35.50584030151367,34.898891063274625
11.917,0,14.225615501403809,8.927465438842773,71.39935302734375,-74.80027770996094,-89.3311538696289,35.559776306152344,14.225615501403809,8.927465438842773,71.39935302734375,-74.80027770996094,-89.3311538696289,35.559776306152344,34.898891063274625
11.950,0,14.246010780334473,8.827817916870117,71.46163177490234,-74.74375915527344,-89.32633972167969,35.58009338378906,14.246010780334473,8.827817916870117,71.46163177490234,-74.74375915527344,-89.32633972167969,35.58009338378906,34.898891063274625
11.991,0,14.25101375579834,8.718233108520508,71.5195083618164,-74.66641235351562,-89.33892822265625,35.63417053222656,14.25101375579834,8.718233108520508,71.5195083618164,-74.66641235351562,-89.33892822265625,35.63417053222656,34.898891063274625
12.035,0,14.264972686767578,8.645242691040039,71.55854797363281,-74.61903381347656,-89.34712982177734,35.666221618652344,14.264972686767578,8.645242691040039,71.55854797363281,-74.61903381347656,-89.34712982177734,35.666221618652344,35.0293542074364
12.063,0,14.277107238769531,8.62093734741211,71.60440826416016,-74.61123657226562,-89.34159088134766,35.72979736328125,14.277107238769531,8.62093734741211,71.60440826416016,-74.61123657226562,-89.34159088134766,35.72979736328125,35.290280495759944
12.094,0,14.28834342956543,8.545604705810547,71.68022918701172,-74.58699035644531,-89.34478759765625,35.76288604736328,14.28834342956543,8.545604705810547,71.68022918701172,-74.58699035644531,-89.34478759765625,35.76288604736328,35.290280495759944
12.163,0,14.265953063964844,8.477054595947266,71.74576568603516,-74.55882263183594,-89.35414123535156,35.81568908691406,14.265953063964844,8.477054595947266,71.74576568603516,-74.55882263183594,-89.35414123535156,35.81568908691406,35.290280495759944
12.190,0,14.270108222961426,8.41910171508789,71.8026123046875,-74.53549194335938,-89.34220123291016,35.82782745361328,14.270108222961426,8.41910171508789,71.8026123046875,-74.53549194335938,-89.34220123291016,35.82782745361328,35.290280495759944
12.220,0,14.278312683105469,8.369089126586914,71.87452697753906,-74.51914978027344,-89.3333740234375,35.859474182128906,14.278312683105469,8.369089126586914,71.87452697753906,-74.51914978027344,-89.3333740234375,35.859474182128906,35.42074363992172
12.261,0,14.291184425354004,8.27767562866211,71.95976257324219,-74.48493194580078,-89.33123016357422,35.881019592285156,14.291184425354004,8.27767562866211,71.95976257324219,-74.48493194580078,-89.33123016357422,35.881019592285156,35.42074363992172
12.296,0,14.285930633544922,8.22024154663086,72.0208740234375,-74.46710205078125,-89.33560180664062,35.903316497802734,14.285930633544922,8.22024154663086,72.0208740234375,-74.46710205078125,-89.33560180664062,35.903316497802734,35.5512067840835
12.320,0,14.293593406677246,8.210884094238281,72.0539321899414,-74.48161315917969,-89.330810546875,35.92740249633789,14.293593406677246,8.210884094238281,72.0539321899414,-74.48161315917969,-89.330810546875,35.92740249633789,35.5512067840835
12.354,0,14.30109977722168,8.234622955322266,72.07125091552734,-74.51988220214844,-89.32709503173828,35.96768569946289,14.30109977722168,8.234622955322266,72.07125091552734,-74.51988220214844,-89.32709503173828,35.96768569946289,35.5512067840835
12.388,0,14.307096481323242,8.19835090637207,72.12743377685547,-74.51962280273438,-89.32955932617188,35.97657775878906,14.307096481323242,8.19835090637207,72.12743377685547,-74.51962280273438,-89.32955932617188,35.97657775878906,35.61643835616438
12.421,0,14.299480438232422,8.141111373901367,72.18538665771484,-74.50462341308594,-89.32945251464844,35.98045349121094,14.299480438232422,8.141111373901367,72.18538665771484,-74.50462341308594,-89.32945251464844,35.98045349121094,35.61643835616438
12.454,0,14.326619148254395,8.114013671875,72.21170806884766,-74.50926208496094,-89.32635498046875,36.00090408325195,14.326619148254395,8.114013671875,72.21170806884766,-74.50926208496094,-89.32635498046875,36.00090408325195,35.61643835616438
12.487,0,14.3430814743042,8.114543914794922,72.22525024414062,-74.5276870727539,-89.32833862304688,36.03363037109375,14.3430814743042,8.114543914794922,72.22525024414062,-74.5276870727539,-89.32833862304688,36.03363037109375,35.61643835616438
12.523,0,14.323719024658203,8.091121673583984,72.26637268066406,-74.53720092773438,-89.33395385742188,36.02850341796875,14.323719024658203,8.091121673583984,72.26637268066406,-74.53720092773438,-89.33395385742188,36.02850341796875,35.68166992824527
12.556,0,14.305560111999512,8.153438568115234,72.27428436279297,-74.6124496459961,-89.32723999023438,36.05386734008789,14.305560111999512,8.153438568115234,72.27428436279297,-74.6124496459961,-89.32723999023438,36.05386734008789,35.68166992824527
12.588,0,14.289900779724121,8.209735870361328,72.27973937988281,-74.680419921875,-89.31758117675781,36.055904388427734,14.289900779724121,8.209735870361328,72.27973937988281,-74.680419921875,-89.31758117675781,36.055904388427734,35.68166992824527
12.622,0,14.302375793457031,8.180217742919922,72.31477355957031,-74.67033386230469,-89.31832885742188,36.06448745727539,14.302375793457031,8.180217742919922,72.31477355957031,-74.67033386230469,-89.31832885742188,36.06448745727539,35.68166992824527
12.662,0,14.272120475769043,8.210256576538086,72.30973052978516,-74.7064437866211,-89.32856750488281,36.08329391479492,14.272120475769043,8.210256576538086,72.30973052978516,-74.7064437866211,-89.32856750488281,36.08329391479492,35.68166992824527
12.687,0,14.244132995605469,8.266002655029297,72.29527282714844,-74.75428771972656,-89.3270492553711,36.0965576171875,14.244132995605469,8.266002655029297,72.29527282714844,-74.75428771972656,-89.3270492553711,36.0965576171875,35.68166992824527
12.721,0,14.247869491577148,8.276912689208984,72.30192565917969,-74.77706909179688,-89.31620788574219,36.101402282714844,14.247869491577148,8.276912689208984,72.30192565917969,-74.77706909179688,-89.31620788574219,36.101402282714844,35.68166992824527
12.754,0,14.249048233032227,8.272138595581055,72.30814361572266,-74.77285766601562,-89.31612396240234,36.1085205078125,14.249048233032227,8.272138595581055,72.30814361572266,-74.77285766601562,-89.31612396240234,36.1085205078125,35.68166992824527
12.787,0,14.226465225219727,8.282625198364258,72.3004150390625,-74.78956604003906,-89.32926177978516,36.11060333251953,14.226465225219727,8.282625198364258,72.3004150390625,-74.78956604003906,-89.32926177978516,36.11060333251953,35.68166992824527
12.821,0,14.194025039672852,8.344890594482422,72.27389526367188,-74.8284912109375,-89.32281494140625,36.13190460205078,14.194025039672852,8.344890594482422,72.27389526367188,-74.8284912109375,-89.32281494140625,36.13190460205078,35.68166992824527
12.868,0,14.186921119689941,8.394376754760742,72.26069641113281,-74.87429809570312,-89.31901550292969,36.140811920166016,14.186921119689941,8.394376754760742,72.26069641113281,-74.87429809570312,-89.31901550292969,36.140811920166016,35.68166992824527
12.893,0,14.193649291992188,8.401216506958008,72.25946044921875,-74.87765502929688,-89.31554412841797,36.156734466552734,14.193649291992188,8.401216506958008,72.25946044921875,-74.87765502929688,-89.31554412841797,36.156734466552734,35.68166992824527
12.926,0,14.171406745910645,8.436378479003906,72.23790740966797,-74.902587890625,-89.31727600097656,36.16604995727539,14.171406745910645,8.436378479003906,72.23790740966797,-74.902587890625,-89.31727600097656,36.16604995727539,35.68166992824527
12.963,0,14.156636238098145,8.480949401855469,72.21440124511719,-74.93255615234375,-89.31500244140625,36.185089111328125,14.156636238098145,8.480949401855469,72.21440124511719,-74.93255615234375,-89.31500244140625,36.185089111328125,35.68166992824527
12.996,0,14.173709869384766,8.449695587158203,72.22442626953125,-74.90475463867188,-89.30448150634766,36.18751907348633,14.173709869384766,8.449695587158203,72.22442626953125,-74.90475463867188,-89.30448150634766,36.18751907348633,35.68166992824527
13.033,0,14.152885437011719,8.473363876342773,72.22637176513672,-74.93575286865234,-89.3071060180664,36.19947814941406,14.152885437011719,8.473363876342773,72.22637176513672,-74.93575286865234,-89.3071060180664,36.19947814941406,35.68166992824527
13.094,0,14.123671531677246,8.546728134155273,72.18984985351562,-74.99140930175781,-89.31046295166016,36.2216796875,14.123671531677246,8.546728134155273,72.18984985351562,-74.99140930175781,-89.31046295166016,36.2216796875,35.68166992824527
13.122,0,14.112075805664062,8.624242782592773,72.16453552246094,-75.04753112792969,-89.31413269042969,36.245635986328125,14.112075805664062,8.624242782592773,72.16453552246094,-75.04753112792969,-89.31413269042969,36.245635986328125,35.68166992824527
13.150,0,14.137749671936035,8.634714126586914,72.15386962890625,-75.03813171386719,-89.31830596923828,36.246002197265625,14.137749671936035,8.634714126586914,72.15386962890625,-75.03813171386719,-89.31830596923828,36.246002197265625,35.68166992824527
13.184,0,14.12024211883545,8.68736457824707,72.13739013671875,-75.07231140136719,-89.3426284790039,36.27046203613281,14.12024211883545,8.68736457824707,72.13739013671875,-75.07231140136719,-89.3426284790039,36.27046203613281,35.68166992824527
13.227,0,14.095512390136719,8.767061233520508,72.10105895996094,-75.123046875,-89.35185241699219,36.278160095214844,14.095512390136719,8.767061233520508,72.10105895996094,-75.123046875,-89.35185241699219,36.278160095214844,35.68166992824527
13.259,0,14.087684631347656,8.857398986816406,72.07587432861328,-75.18386840820312,-89.35743713378906,36.29432678222656,14.087684631347656,8.857398986816406,72.07587432861328,-75.18386840820312,-89.35743713378906,36.29432678222656,35.68166992824527
13.283,0,14.109210968017578,8.881708145141602,72.07881164550781,-75.20530700683594,-89.35741424560547,36.285240173339844,14.109210968017578,8.881708145141602,72.07881164550781,-75.20530700683594,-89.35741424560547,36.285240173339844,35.68166992824527
13.317,0,14.092287063598633,8.921449661254883,72.07868957519531,-75.246337890625,-89.36286163330078,36.29354476928711,14.092287063598633,8.921449661254883,72.07868957519531,-75.246337890625,-89.36286163330078,36.29354476928711,35.68166992824527
13.350,0,14.071611404418945,8.988105773925781,72.05414581298828,-75.3041763305664,-89.3672866821289,36.288414001464844,14.071611404418945,8.988105773925781,72.05414581298828,-75.3041763305664,-89.3672866821289,36.288414001464844,35.74690150032615
13.384,0,14.068249702453613,9.043073654174805,72.03972625732422,-75.34541320800781,-89.3627700805664,36.31135559082031,14.068249702453613,9.043073654174805,72.03972625732422,-75.34541320800781,-89.3627700805664,36.31135559082031,35.87736464448793
13.418,0,14.08773422241211,9.0443115234375,72.0596694946289,-75.36278533935547,-89.35679626464844,36.29790496826172,14.08773422241211,9.0443115234375,72.0596694946289,-75.36278533935547,-89.35679626464844,36.29790496826172,36.007827788649706
13.452,0,14.075620651245117,9.100078582763672,72.06048583984375,-75.42015075683594,-89.36314392089844,36.29735565185547,14.075620651245117,9.100078582763672,72.06048583984375,-75.42015075683594,-89.36314392089844,36.29735565185547,36.007827788649706
13.485,0,14.059066772460938,9.18545913696289,72.03182220458984,-75.4874496459961,-89.36456298828125,36.302757263183594,14.059066772460938,9.18545913696289,72.03182220458984,-75.4874496459961,-89.36456298828125,36.302757263183594,36.007827788649706
13.532,0,14.054210662841797,9.245107650756836,72.02001190185547,-75.53762817382812,-89.36485290527344,36.305747985839844,14.054210662841797,9.245107650756836,72.02001190185547,-75.53762817382812,-89.36485290527344,36.305747985839844,36.007827788649706
13.557,0,14.077227592468262,9.215499877929688,72.04835510253906,-75.53744506835938,-89.36416625976562,36.28410339355469,14.077227592468262,9.215499877929688,72.04835510253906,-75.53744506835938,-89.36416625976562,36.28410339355469,36.007827788649706
13.605,0,14.077247619628906,9.216550827026367,72.06045532226562,-75.56640625,-89.3808822631836,36.290653228759766,14.077247619628906,9.216550827026367,72.06045532226562,-75.56640625,-89.3808822631836,36.290653228759766,36.007827788649706
13.628,0,14.071839332580566,9.288341522216797,72.03045654296875,-75.61973571777344,-89.38461303710938,36.291385650634766,14.071839332580566,9.288341522216797,72.03045654296875,-75.61973571777344,-89.38461303710938,36.291385650634766,36.007827788649706
13.662,0,14.070084571838379,9.330816268920898,72.0209732055664,-75.65032196044922,-89.38443756103516,36.2916259765625,14.070084571838379,9.330816268920898,72.0209732055664,-75.65032196044922,-89.38443756103516,36.2916259765625,36.007827788649706
13.697,0,14.090043067932129,9.317665100097656,72.04393768310547,-75.64976501464844,-89.38003540039062,36.27344512939453,14.090043067932129,9.317665100097656,72.04393768310547,-75.64976501464844,-89.38003540039062,36.27344512939453,36.007827788649706
13.729,0,14.077630043029785,9.34239387512207,72.04796600341797,-75.68368530273438,-89.3936767578125,36.274261474609375,14.077630043029785,9.34239387512207,72.04796600341797,-75.68368530273438,-89.3936767578125,36.274261474609375,36.007827788649706
13.763,0,14.070403099060059,9.38697624206543,72.0308837890625,-75.71704864501953,-89.39436340332031,36.27452087402344,14.070403099060059,9.38697624206543,72.0308837890625,-75.71704864501953,-89.39436340332031,36.27452087402344,36.007827788649706
13.814,0,14.073212623596191,9.409311294555664,72.02259063720703,-75.73858642578125,-89.39067840576172,36.28742218017578,14.073212623596191,9.409311294555664,72.02259063720703,-75.73858642578125,-89.39067840576172,36.28742218017578,36.007827788649706
13.844,0,14.091684341430664,9.382266998291016,72.04190063476562,-75.73321533203125,-89.38507080078125,36.271568298339844,14.091684341430664,9.382266998291016,72.04190063476562,-75.73321533203125,-89.38507080078125,36.271568298339844,36.007827788649706
13.871,0,14.08324146270752,9.379343032836914,72.05510711669922,-75.75118255615234,-89.39288330078125,36.267547607421875,14.08324146270752,9.379343032836914,72.05510711669922,-75.75118255615234,-89.39288330078125,36.267547607421875,36.007827788649706
13.908,0,14.084451675415039,9.398754119873047,72.046630859375,-75.776611328125,-89.39179992675781,36.25664138793945,14.084451675415039,9.398754119873047,72.046630859375,-75.776611328125,-89.39179992675781,36.25664138793945,36.007827788649706
13.966,0,14.110298156738281,9.394403457641602,72.05894470214844,-75.79495239257812,-89.3939208984375,36.248260498046875,14.110298156738281,9.394403457641602,72.05894470214844,-75.79495239257812,-89.3939208984375,36.248260498046875,36.007827788649706
13.990,0,14.13802719116211,9.333417892456055,72.08800506591797,-75.77076721191406,-89.39399719238281,36.22288131713867,14.13802719116211,9.333417892456055,72.08800506591797,-75.77076721191406,-89.39399719238281,36.22288131713867,36.007827788649706
14.049,0,14.134099960327148,9.340414047241211,72.10135650634766,-75.8010025024414,-89.3936538696289,36.225830078125,14.134099960327148,9.340414047241211,72.10135650634766,-75.8010025024414,-89.3936538696289,36.225830078125,36.007827788649706
14.073,0,14.139692306518555,9.329597473144531,72.1136245727539,-75.81464385986328,-89.38602447509766,36.22218322753906,14.139692306518555,9.329597473144531,72.1136245727539,-75.81464385986328,-89.38602447509766,36.22218322753906,36.007827788649706
14.106,0,14.157870292663574,9.328374862670898,72.11885070800781,-75.83116149902344,-89.38469696044922,36.209632873535156,14.157870292663574,9.328374862670898,72.11885070800781,-75.83116149902344,-89.38469696044922,36.209632873535156,36.007827788649706
14.163,0,14.180428504943848,9.264287948608398,72.15220642089844,-75.80410766601562,-89.38264465332031,36.185768127441406,14.180428504943848,9.264287948608398,72.15220642089844,-75.80410766601562,-89.38264465332031,36.185768127441406,36.007827788649706
14.187,0,14.200309753417969,9.255983352661133,72.16253662109375,-75.83311462402344,-89.39796447753906,36.18011474609375,14.200309753417969,9.255983352661133,72.16253662109375,-75.83311462402344,-89.39796447753906,36.18011474609375,36.007827788649706
14.218,0,14.208105087280273,9.274085998535156,72.16268920898438,-75.86280059814453,-89.39384460449219,36.182640075683594,14.208105087280273,9.274085998535156,72.16268920898438,-75.86280059814453,-89.39384460449219,36.182640075683594,36.007827788649706
14.255,0,14.220480918884277,9.274808883666992,72.16687774658203,-75.87879943847656,-89.3967056274414,36.17548751831055,14.220480918884277,9.274808883666992,72.16687774658203,-75.87879943847656,-89.3967056274414,36.17548751831055,36.007827788649706
14.287,0,14.247598648071289,9.227117538452148,72.18763732910156,-75.864501953125,-89.39341735839844,36.173030853271484,14.247598648071289,9.227117538452148,72.18763732910156,-75.864501953125,-89.39341735839844,36.173030853271484,36.007827788649706
14.323,0,14.259468078613281,9.188262939453125,72.21688079833984,-75.86001586914062,-89.39048767089844,36.17315673828125,14.259468078613281,9.188262939453125,72.21688079833984,-75.86001586914062,-89.39048767089844,36.17315673828125,36.007827788649706
14.356,0,14.262837409973145,9.202726364135742,72.2108383178711,-75.88346862792969,-89.38401794433594,36.186180114746094,14.262837409973145,9.202726364135742,72.2108383178711,-75.88346862792969,-89.38401794433594,36.186180114746094,36.007827788649706
14.389,0,14.279680252075195,9.20212173461914,72.21038818359375,-75.89527893066406,-89.37942504882812,36.191062927246094,14.279680252075195,9.20212173461914,72.21038818359375,-75.89527893066406,-89.37942504882812,36.191062927246094,36.007827788649706
14.421,0,14.327808380126953,9.148162841796875,72.22845458984375,-75.88665771484375,-89.38200378417969,36.18589401245117,14.327808380126953,9.148162841796875,72.22845458984375,-75.88665771484375,-89.38200378417969,36.18589401245117,36.007827788649706
14.466,0,14.343467712402344,9.101949691772461,72.26031494140625,-75.87646484375,-89.37893676757812,36.17927551269531,14.343467712402344,9.101949691772461,72.26031494140625,-75.87646484375,-89.37893676757812,36.17927551269531,36.007827788649706
14.492,0,14.353084564208984,9.13231086730957,72.24626922607422,-75.90399169921875,-89.37635040283203,36.16630172729492,14.353084564208984,9.13231086730957,72.24626922607422,-75.90399169921875,-89.37635040283203,36.16630172729492,36.007827788649706
14.523,0,14.354963302612305,9.13235092163086,72.24736785888672,-75.91998291015625,-89.37798309326172,36.171424865722656,14.354963302612305,9.13235092163086,72.24736785888672,-75.91998291015625,-89.37798309326172,36.171424865722656,36.007827788649706
14.590,0,14.394699096679688,9.085693359375,72.26275634765625,-75.9085464477539,-89.37650299072266,36.17771911621094,14.394699096679688,9.085693359375,72.26275634765625,-75.9085464477539,-89.37650299072266,36.17771911621094,36.007827788649706
14.646,0,14.399148941040039,9.073465347290039,72.27163696289062,-75.91752624511719,-89.3712158203125,36.17436599731445,14.399148941040039,9.073465347290039,72.27163696289062,-75.91752624511719,-89.3712158203125,36.17436599731445,36.007827788649706
14.672,0,14.395575523376465,9.089628219604492,72.26238250732422,-75.93946075439453,-89.37190246582031,36.15631103515625,14.395575523376465,9.089628219604492,72.26238250732422,-75.93946075439453,-89.37190246582031,36.15631103515625,36.007827788649706
14.711,0,14.416036605834961,9.12535285949707,72.244384765625,-75.9786376953125,-89.37517547607422,36.169837951660156,14.416036605834961,9.12535285949707,72.244384765625,-75.9786376953125,-89.37517547607422,36.169837951660156,36.007827788649706
14.737,0,14.442910194396973,9.063627243041992,72.279052734375,-75.9480209350586,-89.36235046386719,36.136962890625,14.442910194396973,9.063627243041992,72.279052734375,-75.9480209350586,-89.36235046386719,36.136962890625,36.007827788649706
14.771,0,14.454765319824219,9.043031692504883,72.29859924316406,-75.95235443115234,-89.36429595947266,36.12052536010742,14.454765319824219,9.043031692504883,72.29859924316406,-75.95235443115234,-89.36429595947266,36.12052536010742,36.007827788649706
14.816,0,14.447369575500488,9.069355010986328,72.28555297851562,-75.98648071289062,-89.36378479003906,36.113765716552734,14.447369575500488,9.069355010986328,72.28555297851562,-75.98648071289062,-89.36378479003906,36.113765716552734,36.007827788649706
14.842,0,14.470696449279785,9.108497619628906,72.26347351074219,-76.02897644042969,-89.36886596679688,36.134918212890625,14.470696449279785,9.108497619628906,72.26347351074219,-76.02897644042969,-89.36886596679688,36.134918212890625,36.007827788649706
14.905,0,14.49698543548584,9.048440933227539,72.29817199707031,-76.00257873535156,-89.35897827148438,36.104671478271484,14.49698543548584,9.048440933227539,72.29817199707031,-76.00257873535156,-89.35897827148438,36.104671478271484,36.007827788649706
14.931,0,14.493682861328125,9.02182388305664,72.31401062011719,-76.00321960449219,-89.3615493774414,36.10354995727539,14.493682861328125,9.02182388305664,72.31401062011719,-76.00321960449219,-89.3615493774414,36.10354995727539,36.007827788649706
14.963,0,14.508750915527344,9.050960540771484,72.29835510253906,-76.0484619140625,-89.36427307128906,36.10424041748047,14.508750915527344,9.050960540771484,72.29835510253906,-76.0484619140625,-89.36427307128906,36.10424041748047,36.007827788649706
14.997,0,14.523109436035156,9.05980110168457,72.30827331542969,-76.06980895996094,-89.35494995117188,36.10296630859375,14.523109436035156,9.05980110168457,72.30827331542969,-76.06980895996094,-89.35494995117188,36.10296630859375,36.007827788649706
15.030,0,14.54304313659668,9.015081405639648,72.33867645263672,-76.05490112304688,-89.34349060058594,36.08259201049805,14.54304313659668,9.015081405639648,72.33867645263672,-76.05490112304688,-89.34349060058594,36.08259201049805,36.007827788649706
15.064,0,14.531170845031738,8.980794906616211,72.36006927490234,-76.05499267578125,-89.34056091308594,36.082515716552734,14.531170845031738,8.980794906616211,72.36006927490234,-76.05499267578125,-89.34056091308594,36.082515716552734,36.007827788649706
15.100,0,14.54175090789795,9.021976470947266,72.34127044677734,-76.10670471191406,-89.341796875,36.06896209716797,14.54175090789795,9.021976470947266,72.34127044677734,-76.10670471191406,-89.341796875,36.06896209716797,36.007827788649706
15.132,0,14.547248840332031,9.028690338134766,72.35376739501953,-76.13235473632812,-89.33815002441406,36.05350875854492,14.547248840332031,9.028690338134766,72.35376739501953,-76.13235473632812,-89.33815002441406,36.05350875854492,36.007827788649706
15.176,0,14.565994262695312,8.94992446899414,72.40198516845703,-76.08382415771484,-89.32573699951172,36.00642013549805,14.565994262695312,8.94992446899414,72.40198516845703,-76.08382415771484,-89.32573699951172,36.00642013549805,36.007827788649706
15.201,0,14.557680130004883,8.922473907470703,72.42772674560547,-76.08563995361328,-89.32796478271484,35.967193603515625,14.557680130004883,8.922473907470703,72.42772674560547,-76.08563995361328,-89.32796478271484,35.967193603515625,36.007827788649706
15.247,0,14.556780815124512,8.964702606201172,72.4113998413086,-76.13076782226562,-89.33052825927734,35.95929718017578,14.556780815124512,8.964702606201172,72.4113998413086,-76.13076782226562,-89.33052825927734,35.95929718017578,36.007827788649706
15.273,0,14.563467025756836,8.986995697021484,72.42024993896484,-76.16671752929688,-89.32752227783203,35.93217468261719,14.563467025756836,8.986995697021484,72.42024993896484,-76.16671752929688,-89.32752227783203,35.93217468261719,36.007827788649706
15.309,0,14.572510719299316,8.941173553466797,72.45767211914062,-76.13972473144531,-89.32044982910156,35.90142822265625,14.572510719299316,8.941173553466797,72.45767211914062,-76.13972473144531,-89.32044982910156,35.90142822265625,36.007827788649706
15.345,0,14.566021919250488,8.899431228637695,72.49199676513672,-76.13433074951172,-89.32260131835938,35.875946044921875,14.566021919250488,8.899431228637695,72.49199676513672,-76.13433074951172,-89.32260131835938,35.875946044921875,36.007827788649706
15.371,0,14.562744140625,8.94277572631836,72.47566223144531,-76.18682861328125,-89.32588958740234,35.87736511230469,14.562744140625,8.94277572631836,72.47566223144531,-76.18682861328125,-89.32588958740234,35.87736511230469,36.007827788649706
15.405,0,14.567804336547852,8.967039108276367,72.48712158203125,-76.22315979003906,-89.32234191894531,35.87726593017578,14.567804336547852,8.967039108276367,72.48712158203125,-76.22315979003906,-89.32234191894531,35.87726593017578,36.007827788649706
15.441,0,14.580978393554688,8.919658660888672,72.51718139648438,-76.19589233398438,-89.3148193359375,35.865196228027344,14.580978393554688,8.919658660888672,72.51718139648438,-76.19589233398438,-89.3148193359375,35.865196228027344,36.007827788649706
15.504,0,14.565705299377441,8.861738204956055,72.56069946289062,-76.18627166748047,-89.31118774414062,35.84809112548828,14.565705299377441,8.861738204956055,72.56069946289062,-76.18627166748047,-89.31118774414062,35.84809112548828,36.007827788649706
15.527,0,14.550862312316895,8.861328125,72.56963348388672,-76.191650390625,-89.29742431640625,35.85105895996094,14.550862312316895,8.861328125,72.56963348388672,-76.191650390625,-89.29742431640625,35.85105895996094,36.007827788649706
15.562,0,14.554927825927734,8.881803512573242,72.57364654541016,-76.22262573242188,-89.29217529296875,35.8629150390625,14.554927825927734,8.881803512573242,72.57364654541016,-76.22262573242188,-89.29217529296875,35.8629150390625,36.007827788649706
15.601,0,14.567732810974121,8.788129806518555,72.62316131591797,-76.17173767089844,-89.28644561767578,35.832122802734375,14.567732810974121,8.788129806518555,72.62316131591797,-76.17173767089844,-89.28644561767578,35.832122802734375,36.007827788649706
15.630,0,14.563881874084473,8.821842193603516,72.61042022705078,-76.20368957519531,-89.28845977783203,35.82389831542969,14.563881874084473,8.821842193603516,72.61042022705078,-76.20368957519531,-89.28845977783203,35.82389831542969,36.007827788649706
15.666,0,14.571691513061523,8.829412460327148,72.62444305419922,-76.22624206542969,-89.27759552001953,35.818946838378906,14.571691513061523,8.829412460327148,72.62444305419922,-76.22624206542969,-89.27759552001953,35.818946838378906,36.007827788649706
15.699,0,14.587737083435059,8.786245346069336,72.65473175048828,-76.20016479492188,-89.26763153076172,35.799285888671875,14.587737083435059,8.786245346069336,72.65473175048828,-76.20016479492188,-89.26763153076172,35.799285888671875,36.007827788649706
15.731,0,14.564826011657715,8.797012329101562,72.65140533447266,-76.21900939941406,-89.25697326660156,35.80290985107422,14.564826011657715,8.797012329101562,72.65140533447266,-76.21900939941406,-89.25697326660156,35.80290985107422,36.007827788649706
15.771,0,14.580066680908203,8.81419563293457,72.64253234863281,-76.2516098022461,-89.25440979003906,35.787845611572266,14.580066680908203,8.81419563293457,72.64253234863281,-76.2516098022461,-89.25440979003906,35.787845611572266,36.007827788649706
15.797,0,14.605206489562988,8.774999618530273,72.66635131835938,-76.24111938476562,-89.24210357666016,35.78437805175781,14.605206489562988,8.774999618530273,72.66635131835938,-76.24111938476562,-89.24210357666016,35.78437805175781,36.007827788649706
15.830,0,14.592547416687012,8.788398742675781,72.6830062866211,-76.27493286132812,-89.23736572265625,35.74645233154297,14.592547416687012,8.788398742675781,72.6830062866211,-76.27493286132812,-89.23736572265625,35.74645233154297,36.007827788649706
15.863,0,14.577851295471191,8.828744888305664,72.65985107421875,-76.29940795898438,-89.23554992675781,35.73611831665039,14.577851295471191,8.828744888305664,72.65985107421875,-76.29940795898438,-89.23554992675781,35.73611831665039,36.007827788649706
15.913,0,14.596881866455078,8.880821228027344,72.62679290771484,-76.33452606201172,-89.24230194091797,35.712093353271484,14.596881866455078,8.880821228027344,72.62679290771484,-76.33452606201172,-89.24230194091797,35.712093353271484,36.007827788649706
15.970,0,14.632238388061523,8.858625411987305,72.6358642578125,-76.32325744628906,-89.23438262939453,35.70341491699219,14.632238388061523,8.858625411987305,72.6358642578125,-76.32325744628906,-89.23438262939453,35.70341491699219,36.007827788649706
15.995,0,14.601492881774902,8.853357315063477,72.65096282958984,-76.34574890136719,-89.22950744628906,35.67701721191406,14.601492881774902,8.853357315063477,72.65096282958984,-76.34574890136719,-89.22950744628906,35.67701721191406,36.007827788649706
16.026,0,14.616327285766602,8.921424865722656,72.60240173339844,-76.39081573486328,-89.2364730834961,35.668975830078125,14.616327285766602,8.921424865722656,72.60240173339844,-76.39081573486328,-89.2364730834961,35.668975830078125,36.007827788649706
16.059,0,14.628521919250488,8.969444274902344,72.5770492553711,-76.41935729980469,-89.23844909667969,35.64398193359375,14.628521919250488,8.969444274902344,72.5770492553711,-76.41935729980469,-89.23844909667969,35.64398193359375,36.007827788649706
16.110,0,14.656925201416016,8.969642639160156,72.57878875732422,-76.41250610351562,-89.22945404052734,35.6147575378418,14.656925201416016,8.969642639160156,72.57878875732422,-76.41250610351562,-89.22945404052734,35.6147575378418,36.007827788649706
16.136,0,14.641521453857422,8.964330673217773,72.58024597167969,-76.42230224609375,-89.22908782958984,35.60100555419922,14.641521453857422,8.964330673217773,72.58024597167969,-76.42230224609375,-89.22908782958984,35.60100555419922,36.007827788649706
16.167,0,14.650777816772461,9.066844940185547,72.5142822265625,-76.49078369140625,-89.23851013183594,35.60074234008789,14.650777816772461,9.066844940185547,72.5142822265625,-76.49078369140625,-89.23851013183594,35.60074234008789,36.007827788649706
16.220,0,14.664993286132812,9.127290725708008,72.48652648925781,-76.53265380859375,-89.2381820678711,35.57495880126953,14.664993286132812,9.127290725708008,72.48652648925781,-76.53265380859375,-89.2381820678711,35.57495880126953,36.007827788649706
16.244,0,14.695650100708008,9.135610580444336,72.4789047241211,-76.53158569335938,-89.23670959472656,35.55294418334961,14.695650100708008,9.135610580444336,72.4789047241211,-76.53158569335938,-89.23670959472656,35.55294418334961,36.007827788649706
16.276,0,14.694815635681152,9.166635513305664,72.45999908447266,-76.56048583984375,-89.24494171142578,35.53566360473633,14.694815635681152,9.166635513305664,72.45999908447266,-76.56048583984375,-89.24494171142578,35.53566360473633,36.007827788649706
16.313,0,14.704453468322754,9.22939682006836,72.41075134277344,-76.59822082519531,-89.2536849975586,35.518802642822266,14.704453468322754,9.22939682006836,72.41075134277344,-76.59822082519531,-89.2536849975586,35.518802642822266,36.007827788649706
16.344,0,14.720664024353027,9.286705017089844,72.37934112548828,-76.62516784667969,-89.25511169433594,35.51487731933594,14.720664024353027,9.286705017089844,72.37934112548828,-76.62516784667969,-89.25511169433594,35.51487731933594,36.007827788649706
16.376,0,14.752238273620605,9.268152236938477,72.38157653808594,-76.59927368164062,-89.24736785888672,35.48664093017578,14.752238273620605,9.268152236938477,72.38157653808594,-76.59927368164062,-89.24736785888672,35.48664093017578,36.007827788649706
16.411,0,14.75348949432373,9.247648239135742,72.39305877685547,-76.58673095703125,-89.25398254394531,35.45916748046875,14.75348949432373,9.247648239135742,72.39305877685547,-76.58673095703125,-89.25398254394531,35.45916748046875,35.87736464448793
16.443,0,14.765172004699707,9.300025939941406,72.34822845458984,-76.61772155761719,-89.26296997070312,35.441734313964844,14.765172004699707,9.300025939941406,72.34822845458984,-76.61772155761719,-89.26296997070312,35.441734313964844,35.74690150032615
16.477,0,14.780721664428711,9.33407974243164,72.33402252197266,-76.63023376464844,-89.26417541503906,35.41624450683594,14.780721664428711,9.33407974243164,72.33402252197266,-76.63023376464844,-89.26417541503906,35.41624450683594,35.74690150032615
16.513,0,14.81352710723877,9.286338806152344,72.3414077758789,-76.57526397705078,-89.25704193115234,35.38273620605469,14.81352710723877,9.286338806152344,72.3414077758789,-76.57526397705078,-89.25704193115234,35.38273620605469,35.74690150032615
16.545,0,14.804871559143066,9.278596878051758,72.35108947753906,-76.58147430419922,-89.26275634765625,35.358299255371094,14.804871559143066,9.278596878051758,72.35108947753906,-76.58147430419922,-89.26275634765625,35.358299255371094,35.68166992824527
16.579,0,14.817859649658203,9.300539016723633,72.32713317871094,-76.59123229980469,-89.27072143554688,35.32030487060547,14.817859649658203,9.300539016723633,72.32713317871094,-76.59123229980469,-89.27072143554688,35.32030487060547,35.68166992824527
16.614,0,14.832316398620605,9.330415725708008,72.30628204345703,-76.60751342773438,-89.27206420898438,35.31532669067383,14.832316398620605,9.330415725708008,72.30628204345703,-76.60751342773438,-89.27206420898438,35.31532669067383,35.68166992824527
16.645,0,14.862127304077148,9.277824401855469,72.32035827636719,-76.55555725097656,-89.26853942871094,35.27471160888672,14.862127304077148,9.277824401855469,72.32035827636719,-76.55555725097656,-89.26853942871094,35.27471160888672,35.68166992824527
16.712,0,14.856473922729492,9.276992797851562,72.31971740722656,-76.56440734863281,-89.27323913574219,35.25200653076172,14.856473922729492,9.276992797851562,72.31971740722656,-76.56440734863281,-89.27323913574219,35.25200653076172,35.68166992824527
16.735,0,14.853615760803223,9.293161392211914,72.3071517944336,-76.56735229492188,-89.27252197265625,35.23724365234375,14.853615760803223,9.293161392211914,72.3071517944336,-76.56735229492188,-89.27252197265625,35.23724365234375,35.68166992824527
16.767,0,14.883018493652344,9.257148742675781,72.31057739257812,-76.53422546386719,-89.27085876464844,35.20500183105469,14.883018493652344,9.257148742675781,72.31057739257812,-76.53422546386719,-89.27085876464844,35.20500183105469,35.68166992824527
16.803,0,14.911187171936035,9.206247329711914,72.32181549072266,-76.48983764648438,-89.26930236816406,35.18629455566406,14.911187171936035,9.206247329711914,72.32181549072266,-76.48983764648438,-89.26930236816406,35.18629455566406,35.68166992824527
16.841,0,14.926514625549316,9.18826675415039,72.31343841552734,-76.48974609375,-89.27945709228516,35.183319091796875,14.926514625549316,9.18826675415039,72.31343841552734,-76.48974609375,-89.27945709228516,35.183319091796875,35.68166992824527
16.884,0,14.934947967529297,9.215970993041992,72.2977066040039,-76.50890350341797,-89.27867889404297,35.175140380859375,14.934947967529297,9.215970993041992,72.2977066040039,-76.50890350341797,-89.27867889404297,35.175140380859375,35.68166992824527
16.907,0,14.943827629089355,9.204483032226562,72.28274536132812,-76.47928619384766,-89.27601623535156,35.17621612548828,14.943827629089355,9.204483032226562,72.28274536132812,-76.47928619384766,-89.27601623535156,35.17621612548828,35.68166992824527
16.940,0,14.97229290008545,9.17697525024414,72.28689575195312,-76.4549560546875,-89.27611541748047,35.1451301574707,14.97229290008545,9.17697525024414,72.28689575195312,-76.4549560546875,-89.27611541748047,35.1451301574707,35.68166992824527
16.981,0,14.986056327819824,9.188240051269531,72.25494384765625,-76.45111846923828,-89.28582000732422,35.124244689941406,14.986056327819824,9.188240051269531,72.25494384765625,-76.45111846923828,-89.28582000732422,35.124244689941406,35.68166992824527
17.008,0,14.980253219604492,9.21822738647461,72.23233795166016,-76.46473693847656,-89.28533172607422,35.11653518676758,14.980253219604492,9.21822738647461,72.23233795166016,-76.46473693847656,-89.28533172607422,35.11653518676758,35.68166992824527
17.041,0,14.985798835754395,9.247200012207031,72.20928955078125,-76.47032165527344,-89.2846908569336,35.105201721191406,14.985798835754395,9.247200012207031,72.20928955078125,-76.47032165527344,-89.2846908569336,35.105201721191406,35.68166992824527
17.074,0,14.983307838439941,9.232995986938477,72.21208953857422,-76.4639892578125,-89.28972625732422,35.07920837402344,14.983307838439941,9.232995986938477,72.21208953857422,-76.4639892578125,-89.28972625732422,35.07920837402344,35.68166992824527
17.112,0,14.997814178466797,9.235889434814453,72.19721221923828,-76.47940063476562,-89.30400085449219,35.05628967285156,14.997814178466797,9.235889434814453,72.19721221923828,-76.47940063476562,-89.30400085449219,35.05628967285156,35.68166992824527
17.149,0,15.010653495788574,9.261819839477539,72.1734390258789,-76.48440551757812,-89.30355834960938,35.04997634887695,15.010653495788574,9.261819839477539,72.1734390258789,-76.48440551757812,-89.30355834960938,35.04997634887695,35.5512067840835
17.174,0,15.039376258850098,9.21110725402832,72.182861328125,-76.43055725097656,-89.29756927490234,35.015377044677734,15.039376258850098,9.21110725402832,72.182861328125,-76.43055725097656,-89.29756927490234,35.015377044677734,35.42074363992172
17.209,0,15.032340049743652,9.211652755737305,72.1694564819336,-76.42445373535156,-89.30064392089844,35.01066970825195,15.032340049743652,9.211652755737305,72.1694564819336,-76.42445373535156,-89.30064392089844,35.01066970825195,35.355512067840834
17.241,0,15.040903091430664,9.270133972167969,72.13020324707031,-76.46694946289062,-89.3084487915039,34.987220764160156,15.040903091430664,9.270133972167969,72.13020324707031,-76.46694946289062,-89.3084487915039,34.987220764160156,35.355512067840834
17.276,0,15.055208206176758,9.281227111816406,72.11045837402344,-76.46232604980469,-89.3079605102539,34.99027633666992,15.055208206176758,9.281227111816406,72.11045837402344,-76.46232604980469,-89.3079605102539,34.99027633666992,35.355512067840834
17.308,0,15.088138580322266,9.230758666992188,72.11492919921875,-76.41014862060547,-89.30846405029297,34.95486831665039,15.088138580322266,9.230758666992188,72.11492919921875,-76.41014862060547,-89.30846405029297,34.95486831665039,35.355512067840834
17.343,0,15.085481643676758,9.224599838256836,72.1046142578125,-76.40446472167969,-89.31409454345703,34.94144058227539,15.085481643676758,9.224599838256836,72.1046142578125,-76.40446472167969,-89.31409454345703,34.94144058227539,35.355512067840834
17.376,0,15.095704078674316,9.252199172973633,72.07353210449219,-76.420654296875,-89.32182312011719,34.928489685058594,15.095704078674316,9.252199172973633,72.07353210449219,-76.420654296875,-89.32182312011719,34.928489685058594,35.355512067840834
17.413,0,15.11260986328125,9.259082794189453,72.05526733398438,-76.41914367675781,-89.3212661743164,34.9400634765625,15.11260986328125,9.259082794189453,72.05526733398438,-76.41914367675781,-89.3212661743164,34.9400634765625,35.355512067840834
17.441,0,15.144452095031738,9.21674919128418,72.05728149414062,-76.36671447753906,-89.31998443603516,34.908050537109375,15.144452095031738,9.21674919128418,72.05728149414062,-76.36671447753906,-89.31998443603516,34.908050537109375,35.355512067840834
17.477,0,15.137652397155762,9.21656608581543,72.0577392578125,-76.37055206298828,-89.32371520996094,34.888206481933594,15.137652397155762,9.21656608581543,72.0577392578125,-76.37055206298828,-89.32371520996094,34.888206481933594,35.355512067840834
17.509,0,15.143235206604004,9.266437530517578,72.01620483398438,-76.4029769897461,-89.32984161376953,34.90382385253906,15.143235206604004,9.266437530517578,72.01620483398438,-76.4029769897461,-89.32984161376953,34.90382385253906,35.355512067840834
17.541,0,15.17426872253418,9.206090927124023,72.0189437866211,-76.334228515625,-89.32839965820312,34.887237548828125,15.17426872253418,9.206090927124023,72.0189437866211,-76.334228515625,-89.32839965820312,34.887237548828125,35.355512067840834
17.575,0,15.173967361450195,9.171976089477539,72.02642059326172,-76.3147964477539,-89.33203125,34.85881423950195,15.173967361450195,9.171976089477539,72.02642059326172,-76.3147964477539,-89.33203125,34.85881423950195,35.355512067840834
17.609,0,15.171018600463867,9.217729568481445,71.99697875976562,-76.33999633789062,-89.33526611328125,34.859310150146484,15.171018600463867,9.217729568481445,71.99697875976562,-76.33999633789062,-89.33526611328125,34.859310150146484,35.355512067840834
17.646,0,15.19504165649414,9.234037399291992,71.97732543945312,-76.35672760009766,-89.34473419189453,34.86469650268555,15.19504165649414,9.234037399291992,71.97732543945312,-76.35672760009766,-89.34473419189453,34.86469650268555,35.355512067840834
17.687,0,15.225977897644043,9.178277969360352,71.98085021972656,-76.30238342285156,-89.3417739868164,34.85854721069336,15.225977897644043,9.178277969360352,71.98085021972656,-76.30238342285156,-89.3417739868164,34.85854721069336,35.355512067840834
17.711,0,15.201229095458984,9.162622451782227,72.00749969482422,-76.29512023925781,-89.3469009399414,34.82865524291992,15.201229095458984,9.162622451782227,72.00749969482422,-76.29512023925781,-89.3469009399414,34.82865524291992,35.355512067840834
17.744,0,15.208921432495117,9.206415176391602,71.9867935180664,-76.33387756347656,-89.35469055175781,34.832374572753906,15.208921432495117,9.206415176391602,71.9867935180664,-76.33387756347656,-89.35469055175781,34.832374572753906,35.355512067840834
17.776,0,15.25564193725586,9.139656066894531,71.98851776123047,-76.26564025878906,-89.3564682006836,34.83141326904297,15.25564193725586,9.139656066894531,71.98851776123047,-76.26564025878906,-89.3564682006836,34.83141326904297,35.355512067840834
17.810,0,15.286310195922852,9.079675674438477,71.99279022216797,-76.1981201171875,-89.35177612304688,34.80718231201172,15.286310195922852,9.079675674438477,71.99279022216797,-76.1981201171875,-89.35177612304688,34.80718231201172,35.15981735159817
17.849,0,15.279874801635742,9.08405876159668,71.97224426269531,-76.18087005615234,-89.34512329101562,34.79486083984375,15.279874801635742,9.08405876159668,71.97224426269531,-76.18087005615234,-89.34512329101562,34.79486083984375,35.09458577951728
17.879,0,15.281131744384766,9.115242004394531,71.96101379394531,-76.20100402832031,-89.34366607666016,34.795169830322266,15.281131744384766,9.115242004394531,71.96101379394531,-76.20100402832031,-89.34366607666016,34.795169830322266,35.0293542074364
17.909,0,15.310709953308105,9.114099502563477,71.92472839355469,-76.17971801757812,-89.34873962402344,34.808319091796875,15.310709953308105,9.114099502563477,71.92472839355469,-76.17971801757812,-89.34873962402344,34.808319091796875,35.0293542074364
17.944,0,15.288636207580566,9.081066131591797,71.95856475830078,-76.17076873779297,-89.35955047607422,34.76399230957031,15.288636207580566,9.081066131591797,71.95856475830078,-76.17076873779297,-89.35955047607422,34.76399230957031,35.0293542074364
17.980,0,15.28343677520752,9.111566543579102,71.9272232055664,-76.1697998046875,-89.35601806640625,34.759952545166016,15.28343677520752,9.111566543579102,71.9272232055664,-76.1697998046875,-89.35601806640625,34.759952545166016,35.0293542074364
18.015,0,15.28541374206543,9.121063232421875,71.91775512695312,-76.17838287353516,-89.35964965820312,34.748146057128906,15.28541374206543,9.121063232421875,71.91775512695312,-76.17838287353516,-89.35964965820312,34.748146057128906,35.0293542074364
18.068,0,15.331588745117188,9.076677322387695,71.89485931396484,-76.12103271484375,-89.36702728271484,34.75605773925781,15.331588745117188,9.076677322387695,71.89485931396484,-76.12103271484375,-89.36702728271484,34.75605773925781,35.0293542074364
18.105,0,15.312339782714844,9.019399642944336,71.9354476928711,-76.07735443115234,-89.37606048583984,34.720909118652344,15.312339782714844,9.019399642944336,71.9354476928711,-76.07735443115234,-89.37606048583984,34.720909118652344,35.0293542074364
18.129,0,15.301342010498047,9.054197311401367,71.90796661376953,-76.09817504882812,-89.37740325927734,34.69851303100586,15.301342010498047,9.054197311401367,71.90796661376953,-76.09817504882812,-89.37740325927734,34.69851303100586,35.0293542074364
18.163,0,15.348851203918457,8.993017196655273,71.8991470336914,-76.02774047851562,-89.38967895507812,34.691471099853516,15.348851203918457,8.993017196655273,71.8991470336914,-76.02774047851562,-89.38967895507812,34.691471099853516,35.0293542074364
18.201,0,15.339635848999023,8.905803680419922,71.94127655029297,-75.9703598022461,-89.40109252929688,34.65315628051758,15.339635848999023,8.905803680419922,71.94127655029297,-75.9703598022461,-89.40109252929688,34.65315628051758,35.0293542074364
18.239,0,15.331351280212402,8.92751693725586,71.9078598022461,-75.95018768310547,-89.403076171875,34.65296936035156,15.331351280212402,8.92751693725586,71.9078598022461,-75.95018768310547,-89.403076171875,34.65296936035156,35.0293542074364
18.264,0,15.324607849121094,8.981975555419922,71.90030670166016,-75.99771881103516,-89.40740203857422,34.62282180786133,15.324607849121094,8.981975555419922,71.90030670166016,-75.99771881103516,-89.40740203857422,34.62282180786133,35.0293542074364
18.306,0,15.370216369628906,8.941835403442383,71.88482666015625,-75.93989562988281,-89.42041015625,34.617916107177734,15.370216369628906,8.941835403442383,71.88482666015625,-75.93989562988281,-89.42041015625,34.617916107177734,35.0293542074364
18.330,0,15.354586601257324,8.894142150878906,71.91707611083984,-75.899658203125,-89.43496704101562,34.57902526855469,15.354586601257324,8.894142150878906,71.91707611083984,-75.899658203125,-89.43496704101562,34.57902526855469,35.0293542074364
18.369,0,15.339195251464844,8.926551818847656,71.88746643066406,-75.89517974853516,-89.4266357421875,34.56709289550781,15.339195251464844,8.926551818847656,71.88746643066406,-75.89517974853516,-89.4266357421875,34.56709289550781,35.0293542074364
18.396,0,15.354096412658691,8.905921936035156,71.88926696777344,-75.87092590332031,-89.43026733398438,34.53437423706055,15.354096412658691,8.905921936035156,71.88926696777344,-75.87092590332031,-89.43026733398438,34.53437423706055,35.0293542074364
18.431,0,15.34865665435791,8.884908676147461,71.90673828125,-75.86096954345703,-89.4511489868164,34.50456619262695,15.34865665435791,8.884908676147461,71.90673828125,-75.86096954345703,-89.4511489868164,34.50456619262695,35.0293542074364
18.475,0,15.342032432556152,8.89218521118164,71.87666320800781,-75.83372497558594,-89.45264434814453,34.49790573120117,15.342032432556152,8.89218521118164,71.87666320800781,-75.83372497558594,-89.45264434814453,34.49790573120117,35.0293542074364
18.498,0,15.335099220275879,8.915853500366211,71.8607406616211,-75.83340454101562,-89.45255279541016,34.4776725769043,15.335099220275879,8.915853500366211,71.8607406616211,-75.83340454101562,-89.45255279541016,34.4776725769043,35.0293542074364
18.535,0,15.361205101013184,8.884847640991211,71.86257934570312,-75.79835510253906,-89.45629119873047,34.46564865112305,15.361205101013184,8.884847640991211,71.86257934570312,-75.79835510253906,-89.45629119873047,34.46564865112305,34.96412263535551
18.567,0,15.355668067932129,8.864938735961914,71.87704467773438,-75.78866577148438,-89.47486877441406,34.438568115234375,15.355668067932129,8.864938735961914,71.87704467773438,-75.78866577148438,-89.47486877441406,34.438568115234375,34.96412263535551
18.599,0,15.344781875610352,8.886171340942383,71.84878540039062,-75.77586364746094,-89.47797393798828,34.43269348144531,15.344781875610352,8.886171340942383,71.84878540039062,-75.77586364746094,-89.47797393798828,34.43269348144531,34.96412263535551
18.642,0,15.33859634399414,8.902402877807617,71.84696960449219,-75.78785705566406,-89.47174072265625,34.416419982910156,15.33859634399414,8.902402877807617,71.84696960449219,-75.78785705566406,-89.47174072265625,34.416419982910156,34.96412263535551
18.668,0,15.358565330505371,8.834222793579102,71.8678970336914,-75.73927307128906,-89.46998596191406,34.413230895996094,15.358565330505371,8.834222793579102,71.8678970336914,-75.73927307128906,-89.46998596191406,34.413230895996094,34.833659491193735
18.700,0,15.35146427154541,8.79139518737793,71.88668060302734,-75.71721649169922,-89.48399353027344,34.38096618652344,15.35146427154541,8.79139518737793,71.88668060302734,-75.71721649169922,-89.48399353027344,34.38096618652344,34.70319634703196
18.733,0,15.343494415283203,8.806259155273438,71.85494232177734,-75.70372772216797,-89.48234558105469,34.389076232910156,15.343494415283203,8.806259155273438,71.85494232177734,-75.70372772216797,-89.48234558105469,34.389076232910156,34.63796477495107
18.768,0,15.331897735595703,8.815084457397461,71.8668212890625,-75.72510528564453,-89.47329711914062,34.373268127441406,15.331897735595703,8.815084457397461,71.8668212890625,-75.72510528564453,-89.47329711914062,34.373268127441406,34.63796477495107
18.825,0,15.349150657653809,8.774835586547852,71.86456298828125,-75.67965698242188,-89.47564697265625,34.3680419921875,15.349150657653809,8.774835586547852,71.86456298828125,-75.67965698242188,-89.47564697265625,34.3680419921875,34.63796477495107
18.849,0,15.338325500488281,8.735801696777344,71.88903045654297,-75.65568542480469,-89.4881591796875,34.33480453491211,15.338325500488281,8.735801696777344,71.88903045654297,-75.65568542480469,-89.4881591796875,34.33480453491211,34.63796477495107
18.881,0,15.332304954528809,8.769956588745117,71.85862731933594,-75.66839599609375,-89.490478515625,34.34781265258789,15.332304954528809,8.769956588745117,71.85862731933594,-75.66839599609375,-89.490478515625,34.34781265258789,34.63796477495107
18.915,0,15.32308578491211,8.796720504760742,71.85267639160156,-75.69290924072266,-89.4858169555664,34.33784484863281,15.32308578491211,8.796720504760742,71.85267639160156,-75.69290924072266,-89.4858169555664,34.33784484863281,34.63796477495107
18.954,0,15.345004081726074,8.732227325439453,71.85263061523438,-75.62042236328125,-89.48182678222656,34.331153869628906,15.345004081726074,8.732227325439453,71.85263061523438,-75.62042236328125,-89.48182678222656,34.331153869628906,34.63796477495107
18.981,0,15.34753704071045,8.744020462036133,71.81270599365234,-75.60236358642578,-89.48371887207031,34.33514404296875,15.34753704071045,8.744020462036133,71.81270599365234,-75.60236358642578,-89.48371887207031,34.33514404296875,34.63796477495107
19.017,0,15.349774360656738,8.76268196105957,71.80301666259766,-75.61846923828125,-89.48078155517578,34.344234466552734,15.349774360656738,8.76268196105957,71.80301666259766,-75.61846923828125,-89.48078155517578,34.344234466552734,34.63796477495107
19.050,0,15.363186836242676,8.703519821166992,71.80258178710938,-75.55534362792969,-89.47412109375,34.33794021606445,15.363186836242676,8.703519821166992,71.80258178710938,-75.55534362792969,-89.47412109375,34.33794021606445,34.63796477495107
19.082,0,15.337398529052734,8.701723098754883,71.8215103149414,-75.56230163574219,-89.4791488647461,34.323387145996094,15.337398529052734,8.701723098754883,71.8215103149414,-75.56230163574219,-89.4791488647461,34.323387145996094,34.63796477495107
19.114,0,15.341055870056152,8.693885803222656,71.78292083740234,-75.52557373046875,-89.48139190673828,34.33131790161133,15.341055870056152,8.693885803222656,71.78292083740234,-75.52557373046875,-89.48139190673828,34.33131790161133,34.63796477495107
19.148,0,15.342451095581055,8.718555450439453,71.77857971191406,-75.55528259277344,-89.47262573242188,34.338401794433594,15.342451095581055,8.718555450439453,71.77857971191406,-75.55528259277344,-89.47262573242188,34.338401794433594,34.63796477495107
19.181,0,15.364992141723633,8.70762825012207,71.74598693847656,-75.50918579101562,-89.47871398925781,34.33915710449219,15.364992141723633,8.70762825012207,71.74598693847656,-75.50918579101562,-89.47871398925781,34.33915710449219,34.63796477495107
19.215,0,15.354493141174316,8.66057014465332,71.78717041015625,-75.48836517333984,-89.48860168457031,34.29311752319336,15.354493141174316,8.66057014465332,71.78717041015625,-75.48836517333984,-89.48860168457031,34.29311752319336,34.63796477495107
19.250,0,15.363673210144043,8.700761795043945,71.72160339355469,-75.47032165527344,-89.50343322753906,34.327903747558594,15.363673210144043,8.700761795043945,71.72160339355469,-75.47032165527344,-89.50343322753906,34.327903747558594,34.63796477495107
19.285,0,15.366744041442871,8.759925842285156,71.69964599609375,-75.50648498535156,-89.50635528564453,34.317317962646484,15.366744041442871,8.759925842285156,71.69964599609375,-75.50648498535156,-89.50635528564453,34.317317962646484,34.63796477495107
19.317,0,15.398212432861328,8.730865478515625,71.67440032958984,-75.44795989990234,-89.51085662841797,34.31821823120117,15.398212432861328,8.730865478515625,71.67440032958984,-75.44795989990234,-89.51085662841797,34.31821823120117,34.63796477495107
19.384,0,15.383000373840332,8.711503982543945,71.70044708251953,-75.43663787841797,-89.52339172363281,34.28547668457031,15.383000373840332,8.711503982543945,71.70044708251953,-75.43663787841797,-89.52339172363281,34.28547668457031,34.63796477495107
19.411,0,15.387535095214844,8.735654830932617,71.65872192382812,-75.40786743164062,-89.53070831298828,34.3039665222168,15.387535095214844,8.735654830932617,71.65872192382812,-75.40786743164062,-89.53070831298828,34.3039665222168,34.63796477495107
19.474,0,15.41702938079834,8.744234085083008,71.6326675415039,-75.39271545410156,-89.53357696533203,34.30109786987305,15.41702938079834,8.744234085083008,71.6326675415039,-75.39271545410156,-89.53357696533203,34.30109786987305,34.63796477495107
19.499,0,15.409905433654785,8.740537643432617,71.64629364013672,-75.40187072753906,-89.55709838867188,34.29198455810547,15.409905433654785,8.740537643432617,71.64629364013672,-75.40187072753906,-89.55709838867188,34.29198455810547,34.63796477495107
19.531,0,15.40551471710205,8.755205154418945,71.62530517578125,-75.38035583496094,-89.5562515258789,34.281585693359375,15.40551471710205,8.755205154418945,71.62530517578125,-75.38035583496094,-89.5562515258789,34.281585693359375,34.63796477495107
19.565,0,15.42009449005127,8.791147232055664,71.6082992553711,-75.3902816772461,-89.56177520751953,34.28194046020508,15.42009449005127,8.791147232055664,71.6082992553711,-75.3902816772461,-89.56177520751953,34.28194046020508,34.63796477495107
19.599,0,15.439587593078613,8.793022155761719,71.5882568359375,-75.36932373046875,-89.56661987304688,34.278900146484375,15.439587593078613,8.793022155761719,71.5882568359375,-75.36932373046875,-89.56661987304688,34.278900146484375,34.63796477495107
19.637,0,15.433843612670898,8.799575805664062,71.6003646850586,-75.38108825683594,-89.59508514404297,34.26951599121094,15.433843612670898,8.799575805664062,71.6003646850586,-75.38108825683594,-89.59508514404297,34.26951599121094,34.63796477495107
19.667,0,15.425433158874512,8.807716369628906,71.58435821533203,-75.35433959960938,-89.59591674804688,34.25678634643555,15.425433158874512,8.807716369628906,71.58435821533203,-75.35433959960938,-89.59591674804688,34.25678634643555,34.63796477495107
19.703,0,15.434056282043457,8.854860305786133,71.56053924560547,-75.3608627319336,-89.60279846191406,34.275787353515625,15.434056282043457,8.854860305786133,71.56053924560547,-75.3608627319336,-89.60279846191406,34.275787353515625,34.63796477495107
19.732,0,15.45466423034668,8.86806869506836,71.5354995727539,-75.33943939208984,-89.61377716064453,34.27336120605469,15.45466423034668,8.86806869506836,71.5354995727539,-75.33943939208984,-89.61377716064453,34.27336120605469,34.63796477495107
19.764,0,15.44318962097168,8.880523681640625,71.5531005859375,-75.35768127441406,-89.6378173828125,34.25791549682617,15.44318962097168,8.880523681640625,71.5531005859375,-75.35768127441406,-89.6378173828125,34.25791549682617,34.63796477495107
19.797,0,15.428618431091309,8.877365112304688,71.54077911376953,-75.33602142333984,-89.6312026977539,34.25727844238281,15.428618431091309,8.877365112304688,71.54077911376953,-75.33602142333984,-89.6312026977539,34.25727844238281,34.63796477495107
19.848,0,15.429255485534668,8.902141571044922,71.54432678222656,-75.36029052734375,-89.62165832519531,34.26487731933594,15.429255485534668,8.902141571044922,71.54432678222656,-75.36029052734375,-89.62165832519531,34.26487731933594,34.63796477495107
19.874,0,15.451425552368164,8.871368408203125,71.53668212890625,-75.32197570800781,-89.61934661865234,34.25715255737305,15.451425552368164,8.871368408203125,71.53668212890625,-75.32197570800781,-89.61934661865234,34.25715255737305,34.63796477495107
19.938,0,15.445294380187988,8.852102279663086,71.56777954101562,-75.34097290039062,-89.63323974609375,34.243614196777344,15.445294380187988,8.852102279663086,71.56777954101562,-75.34097290039062,-89.63323974609375,34.243614196777344,34.63796477495107
19.971,0,15.435969352722168,8.87002182006836,71.54102325439453,-75.32949829101562,-89.62566375732422,34.24939727783203,15.435969352722168,8.87002182006836,71.54102325439453,-75.32949829101562,-89.62566375732422,34.24939727783203,34.63796477495107
19.995,0,15.432361602783203,8.908731460571289,71.52665710449219,-75.357421875,-89.62339782714844,34.25796127319336,15.432361602783203,8.908731460571289,71.52665710449219,-75.357421875,-89.62339782714844,34.25796127319336,34.63796477495107
20.030,0,15.4732027053833,8.869712829589844,71.51356506347656,-75.32417297363281,-89.62882232666016,34.249916076660156,15.4732027053833,8.869712829589844,71.51356506347656,-75.32417297363281,-89.62882232666016,34.249916076660156,34.63796477495107
20.065,0,15.446266174316406,8.812017440795898,71.57734680175781,-75.31362915039062,-89.63377380371094,34.23429489135742,15.446266174316406,8.812017440795898,71.57734680175781,-75.31362915039062,-89.63377380371094,34.23429489135742,34.63796477495107
20.100,0,15.43467903137207,8.856380462646484,71.54463195800781,-75.31941223144531,-89.62706756591797,34.23194122314453,15.43467903137207,8.856380462646484,71.54463195800781,-75.31941223144531,-89.62706756591797,34.23194122314453,34.63796477495107
20.130,0,15.431851387023926,8.907752990722656,71.51473236083984,-75.35140991210938,-89.62510681152344,34.24834442138672,15.431851387023926,8.907752990722656,71.51473236083984,-75.35140991210938,-89.62510681152344,34.24834442138672,34.63796477495107
20.166,0,15.469472885131836,8.872509002685547,71.51292419433594,-75.32283020019531,-89.62898254394531,34.24459457397461,15.469472885131836,8.872509002685547,71.51292419433594,-75.32283020019531,-89.62898254394531,34.24459457397461,34.63796477495107
20.199,0,15.464725494384766,8.859827041625977,71.5085678100586,-75.31460571289062,-89.62307739257812,34.263160705566406,15.464725494384766,8.859827041625977,71.5085678100586,-75.31460571289062,-89.62307739257812,34.263160705566406,34.63796477495107
20.232,0,15.461626052856445,8.891729354858398,71.48534393310547,-75.31986999511719,-89.61798095703125,34.2661018371582,15.461626052856445,8.891729354858398,71.48534393310547,-75.31986999511719,-89.61798095703125,34.2661018371582,34.63796477495107
20.268,0,15.472899436950684,8.884096145629883,71.48783874511719,-75.31388854980469,-89.61714935302734,34.263702392578125,15.472899436950684,8.884096145629883,71.48783874511719,-75.31388854980469,-89.61714935302734,34.263702392578125,34.63796477495107
20.297,0,15.459085464477539,8.868597030639648,71.5242919921875,-75.34063720703125,-89.63407897949219,34.249820709228516,15.459085464477539,8.868597030639648,71.5242919921875,-75.34063720703125,-89.63407897949219,34.249820709228516,34.63796477495107
20.330,0,15.454277992248535,8.859622955322266,71.5191650390625,-75.32537841796875,-89.62435913085938,34.25822448730469,15.454277992248535,8.859622955322266,71.5191650390625,-75.32537841796875,-89.62435913085938,34.25822448730469,34.63796477495107
20.381,0,15.446764945983887,8.890438079833984,71.4944076538086,-75.32902526855469,-89.61974334716797,34.27033996582031,15.446764945983887,8.890438079833984,71.4944076538086,-75.32902526855469,-89.61974334716797,34.27033996582031,34.63796477495107
20.406,0,15.456628799438477,8.894119262695312,71.49687194824219,-75.33476257324219,-89.6187744140625,34.263450622558594,15.456628799438477,8.894119262695312,71.49687194824219,-75.33476257324219,-89.6187744140625,34.263450622558594,34.63796477495107
20.439,0,15.441237449645996,8.888948440551758,71.52947998046875,-75.36985778808594,-89.63423919677734,34.25246810913086,15.441237449645996,8.888948440551758,71.52947998046875,-75.36985778808594,-89.63423919677734,34.25246810913086,34.63796477495107
20.472,0,15.436542510986328,8.891448974609375,71.51517486572266,-75.36290740966797,-89.63060760498047,34.272823333740234,15.436542510986328,8.891448974609375,71.51517486572266,-75.36290740966797,-89.63060760498047,34.272823333740234,34.63796477495107
20.518,0,15.425768852233887,8.926137924194336,71.49504089355469,-75.37246704101562,-89.62103271484375,34.27214050292969,15.425768852233887,8.926137924194336,71.49504089355469,-75.37246704101562,-89.62103271484375,34.27214050292969,34.63796477495107
20.543,0,15.43868350982666,8.934906005859375,71.49598693847656,-75.37767028808594,-89.61935424804688,34.26999282836914,15.43868350982666,8.934906005859375,71.49598693847656,-75.37767028808594,-89.61935424804688,34.26999282836914,34.63796477495107
20.576,0,15.419560432434082,8.94196891784668,71.52207946777344,-75.41407775878906,-89.63422393798828,34.262855529785156,15.419560432434082,8.94196891784668,71.52207946777344,-75.41407775878906,-89.63422393798828,34.262855529785156,34.63796477495107
20.610,0,15.415019035339355,8.932575225830078,71.51791381835938,-75.39718627929688,-89.62571716308594,34.27251052856445,15.415019035339355,8.932575225830078,71.51791381835938,-75.39718627929688,-89.62571716308594,34.27251052856445,34.63796477495107
20.655,0,15.411815643310547,8.937705993652344,71.50286865234375,-75.37979125976562,-89.62305450439453,34.280494689941406,15.411815643310547,8.937705993652344,71.50286865234375,-75.37979125976562,-89.62305450439453,34.280494689941406,34.63796477495107
20.683,0,15.428021430969238,8.938831329345703,71.50416564941406,-75.38362121582031,-89.62052154541016,34.26891326904297,15.428021430969238,8.938831329345703,71.50416564941406,-75.38362121582031,-89.62052154541016,34.26891326904297,34.63796477495107
20.716,0,15.419775009155273,8.913324356079102,71.54499816894531,-75.3975830078125,-89.636962890625,34.26332092285156,15.419775009155273,8.913324356079102,71.54499816894531,-75.3975830078125,-89.636962890625,34.26332092285156,34.63796477495107
20.752,0,15.418255805969238,8.887613296508789,71.54461669921875,-75.3719482421875,-89.63172149658203,34.268192291259766,15.418255805969238,8.887613296508789,71.54461669921875,-75.3719482421875,-89.63172149658203,34.268192291259766,34.63796477495107
20.780,0,15.414735794067383,8.922929763793945,71.52335357666016,-75.38018798828125,-89.62522888183594,34.28345489501953,15.414735794067383,8.922929763793945,71.52335357666016,-75.38018798828125,-89.62522888183594,34.28345489501953,34.63796477495107
20.813,0,15.426589965820312,8.941154479980469,71.51836395263672,-75.39317321777344,-89.6233901977539,34.28071212768555,15.426589965820312,8.941154479980469,71.51836395263672,-75.39317321777344,-89.6233901977539,34.28071212768555,34.63796477495107
20.848,0,15.41555404663086,8.940410614013672,71.54840087890625,-75.42192077636719,-89.6383056640625,34.282073974609375,15.41555404663086,8.940410614013672,71.54840087890625,-75.42192077636719,-89.6383056640625,34.282073974609375,34.63796477495107
20.889,0,15.413209915161133,8.923561096191406,71.54515838623047,-75.40199279785156,-89.63037872314453,34.27808380126953,15.413209915161133,8.923561096191406,71.54515838623047,-75.40199279785156,-89.63037872314453,34.27808380126953,34.63796477495107
20.916,0,15.415034294128418,8.951812744140625,71.525390625,-75.40412902832031,-89.62641906738281,34.30265426635742,15.415034294128418,8.951812744140625,71.525390625,-75.40412902832031,-89.62641906738281,34.30265426635742,34.63796477495107
20.947,0,15.431069374084473,8.941268920898438,71.53509521484375,-75.40045166015625,-89.62232971191406,34.282806396484375,15.431069374084473,8.941268920898438,71.53509521484375,-75.40045166015625,-89.62232971191406,34.282806396484375,34.63796477495107
20.980,0,15.417556762695312,8.93448257446289,71.56886291503906,-75.42735290527344,-89.64029693603516,34.289310455322266,15.417556762695312,8.93448257446289,71.56886291503906,-75.42735290527344,-89.64029693603516,34.289310455322266,34.63796477495107
21.014,0,15.413285255432129,8.924873352050781,71.55561828613281,-75.40782165527344,-89.63223266601562,34.29913330078125,15.413285255432129,8.924873352050781,71.55561828613281,-75.40782165527344,-89.63223266601562,34.29913330078125,34.63796477495107
21.047,0,15.406999588012695,8.980701446533203,71.53092956542969,-75.43995666503906,-89.62704467773438,34.32223892211914,15.406999588012695,8.980701446533203,71.53092956542969,-75.43995666503906,-89.62704467773438,34.32223892211914,34.63796477495107
21.080,0,15.416178703308105,8.977245330810547,71.54044342041016,-75.44267272949219,-89.62427520751953,34.30733871459961,15.416178703308105,8.977245330810547,71.54044342041016,-75.44267272949219,-89.62427520751953,34.30733871459961,34.63796477495107
21.114,0,15.405376434326172,8.97900390625,71.5608139038086,-75.47219848632812,-89.64253234863281,34.316749572753906,15.405376434326172,8.97900390625,71.5608139038086,-75.47219848632812,-89.64253234863281,34.316749572753906,34.63796477495107
21.147,0,15.390924453735352,8.986454010009766,71.5492172241211,-75.46451568603516,-89.63412475585938,34.318565368652344,15.390924453735352,8.986454010009766,71.5492172241211,-75.46451568603516,-89.63412475585938,34.318565368652344,34.63796477495107
21.180,0,15.388952255249023,9.020065307617188,71.52955627441406,-75.48084259033203,-89.62699890136719,34.334129333496094,15.388952255249023,9.020065307617188,71.52955627441406,-75.48084259033203,-89.62699890136719,34.334129333496094,34.63796477495107
21.235,0,15.400809288024902,9.018817901611328,71.5350570678711,-75.47770690917969,-89.62519836425781,34.32107162475586,15.400809288024902,9.018817901611328,71.5350570678711,-75.47770690917969,-89.62519836425781,34.32107162475586,34.63796477495107
21.260,0,15.373047828674316,9.010944366455078,71.58142852783203,-75.50001525878906,-89.63419342041016,34.29363250732422,15.373047828674316,9.010944366455078,71.58142852783203,-75.50001525878906,-89.63419342041016,34.29363250732422,34.63796477495107
21.293,0,15.357430458068848,9.005924224853516,71.56978607177734,-75.4752197265625,-89.62734985351562,34.298770904541016,15.357430458068848,9.005924224853516,71.56978607177734,-75.4752197265625,-89.62734985351562,34.298770904541016,34.63796477495107
21.333,0,15.352193832397461,9.032323837280273,71.55797576904297,-75.49700927734375,-89.623779296875,34.310874938964844,15.352193832397461,9.032323837280273,71.55797576904297,-75.49700927734375,-89.623779296875,34.310874938964844,34.63796477495107
21.359,0,15.390474319458008,8.996728897094727,71.54580688476562,-75.45661926269531,-89.62910461425781,34.3053092956543,15.390474319458008,8.996728897094727,71.54580688476562,-75.45661926269531,-89.62910461425781,34.3053092956543,34.63796477495107
21.393,0,15.369583129882812,8.930810928344727,71.60587310791016,-75.43671417236328,-89.63887023925781,34.280906677246094,15.369583129882812,8.930810928344727,71.60587310791016,-75.43671417236328,-89.63887023925781,34.280906677246094,34.63796477495107
21.426,0,15.362029075622559,8.954269409179688,71.57908630371094,-75.42556762695312,-89.63294982910156,34.29049301147461,15.362029075622559,8.954269409179688,71.57908630371094,-75.42556762695312,-89.63294982910156,34.29049301147461,34.63796477495107
21.461,0,15.350957870483398,8.992658615112305,71.57078552246094,-75.46440124511719,-89.62592315673828,34.29369354248047,15.350957870483398,8.992658615112305,71.57078552246094,-75.46440124511719,-89.62592315673828,34.29369354248047,34.63796477495107
21.498,0,15.391763687133789,8.959095001220703,71.55955505371094,-75.43031311035156,-89.62921905517578,34.301918029785156,15.391763687133789,8.959095001220703,71.55955505371094,-75.43031311035156,-89.62921905517578,34.301918029785156,34.63796477495107
21.526,0,15.366764068603516,8.914758682250977,71.60392761230469,-75.415771484375,-89.63728332519531,34.29408264160156,15.366764068603516,8.914758682250977,71.60392761230469,-75.415771484375,-89.63728332519531,34.29408264160156,34.63796477495107
21.564,0,15.364094734191895,8.928836822509766,71.59637451171875,-75.4155502319336,-89.62812805175781,34.293128967285156,15.364094734191895,8.928836822509766,71.59637451171875,-75.4155502319336,-89.62812805175781,34.293128967285156,34.63796477495107
21.593,0,15.377930641174316,8.922191619873047,71.59532165527344,-75.41287231445312,-89.62565612792969,34.29423904418945,15.377930641174316,8.922191619873047,71.59532165527344,-75.41287231445312,-89.62565612792969,34.29423904418945,34.63796477495107
21.628,0,15.367121696472168,8.923784255981445,71.61627197265625,-75.43634033203125,-89.64046478271484,34.275352478027344,15.367121696472168,8.923784255981445,71.61627197265625,-75.43634033203125,-89.64046478271484,34.275352478027344,34.63796477495107
21.677,0,15.369311332702637,8.907119750976562,71.60706329345703,-75.40928649902344,-89.63375854492188,34.294952392578125,15.369311332702637,8.907119750976562,71.60706329345703,-75.40928649902344,-89.63375854492188,34.294952392578125,34.63796477495107
21.702,0,15.36605167388916,8.92654800415039,71.592529296875,-75.41340637207031,-89.62541961669922,34.30295181274414,15.36605167388916,8.92654800415039,71.592529296875,-75.41340637207031,-89.62541961669922,34.30295181274414,34.63796477495107
21.735,0,15.379400253295898,8.934061050415039,71.59659576416016,-75.42582702636719,-89.6235580444336,34.29895782470703,15.379400253295898,8.934061050415039,71.59659576416016,-75.42582702636719,-89.6235580444336,34.29895782470703,34.63796477495107
21.770,0,15.369539260864258,8.927288055419922,71.61686706542969,-75.43777465820312,-89.63601684570312,34.28529739379883,15.369539260864258,8.927288055419922,71.61686706542969,-75.43777465820312,-89.63601684570312,34.28529739379883,34.63796477495107
21.815,0,15.363387107849121,8.934333801269531,71.60191345214844,-75.43547058105469,-89.63390350341797,34.30232620239258,15.363387107849121,8.934333801269531,71.60191345214844,-75.43547058105469,-89.63390350341797,34.30232620239258,34.63796477495107
21.839,0,15.363106727600098,8.951770782470703,71.59559631347656,-75.44527435302734,-89.62747192382812,34.29753112792969,15.363106727600098,8.951770782470703,71.59559631347656,-75.44527435302734,-89.62747192382812,34.29753112792969,34.63796477495107
21.875,0,15.37958812713623,8.944272994995117,71.59584045410156,-75.44169616699219,-89.6241455078125,34.29240798950195,15.37958812713623,8.944272994995117,71.59584045410156,-75.44169616699219,-89.6241455078125,34.29240798950195,34.63796477495107
21.907,0,15.370884895324707,8.95553207397461,71.60987854003906,-75.46345520019531,-89.6388931274414,34.28539276123047,15.370884895324707,8.95553207397461,71.60987854003906,-75.46345520019531,-89.6388931274414,34.28539276123047,34.63796477495107
21.940,0,15.36279010772705,8.959714889526367,71.59814453125,-75.46393585205078,-89.63655853271484,34.29174041748047,15.36279010772705,8.959714889526367,71.59814453125,-75.46393585205078,-89.63655853271484,34.29174041748047,34.63796477495107
21.974,0,15.355013847351074,8.995119094848633,71.58859252929688,-75.48150634765625,-89.63037109375,34.308876037597656,15.355013847351074,8.995119094848633,71.58859252929688,-75.48150634765625,-89.63037109375,34.308876037597656,34.63796477495107
22.006,0,15.368691444396973,8.983245849609375,71.59090423583984,-75.47935485839844,-89.6273193359375,34.30314636230469,15.368691444396973,8.983245849609375,71.59090423583984,-75.47935485839844,-89.6273193359375,34.30314636230469,34.63796477495107
22.041,0,15.36050796508789,8.987119674682617,71.60570526123047,-75.49388122558594,-89.64154052734375,34.296566009521484,15.36050796508789,8.987119674682617,71.60570526123047,-75.49388122558594,-89.64154052734375,34.296566009521484,34.63796477495107
22.077,0,15.353814125061035,8.992597579956055,71.5936050415039,-75.48955535888672,-89.63648223876953,34.29828643798828,15.353814125061035,8.992597579956055,71.5936050415039,-75.48955535888672,-89.63648223876953,34.29828643798828,34.63796477495107
22.106,0,15.34123420715332,9.043128967285156,71.58177185058594,-75.52519989013672,-89.62928771972656,34.31211471557617,15.34123420715332,9.043128967285156,71.58177185058594,-75.52519989013672,-89.62928771972656,34.31211471557617,34.63796477495107
22.172,0,15.358345031738281,9.021699905395508,71.58505249023438,-75.50535583496094,-89.62413024902344,34.30210876464844,15.358345031738281,9.021699905395508,71.58505249023438,-75.50535583496094,-89.62413024902344,34.30210876464844,34.63796477495107
22.196,0,15.340230941772461,8.984933853149414,71.62190246582031,-75.48155212402344,-89.63080596923828,34.28804397583008,15.340230941772461,8.984933853149414,71.62190246582031,-75.48155212402344,-89.63080596923828,34.28804397583008,34.63796477495107
22.230,0,15.335039138793945,8.983171463012695,71.61548614501953,-75.47322845458984,-89.62432098388672,34.263893127441406,15.335039138793945,8.983171463012695,71.61548614501953,-75.47322845458984,-89.62432098388672,34.263893127441406,34.63796477495107
22.265,0,15.326807975769043,9.00967788696289,71.6088638305664,-75.50407409667969,-89.62019348144531,34.287818908691406,15.326807975769043,9.00967788696289,71.6088638305664,-75.50407409667969,-89.62019348144531,34.287818908691406,34.63796477495107
22.297,0,15.347247123718262,8.977052688598633,71.60931396484375,-75.4713134765625,-89.62223052978516,34.29022979736328,15.347247123718262,8.977052688598633,71.60931396484375,-75.4713134765625,-89.62223052978516,34.29022979736328,34.63796477495107
22.330,0,15.322690963745117,8.940542221069336,71.64838409423828,-75.45010375976562,-89.6265869140625,34.27013397216797,15.322690963745117,8.940542221069336,71.64838409423828,-75.45010375976562,-89.6265869140625,34.27013397216797,34.63796477495107
22.365,0,15.312638282775879,8.96359634399414,71.63374328613281,-75.46218872070312,-89.61954498291016,34.269325256347656,15.312638282775879,8.96359634399414,71.63374328613281,-75.46218872070312,-89.61954498291016,34.269325256347656,34.63796477495107
22.397,0,15.30417251586914,8.995000839233398,71.6201171875,-75.4921646118164,-89.6153335571289,34.28850555419922,15.30417251586914,8.995000839233398,71.6201171875,-75.4921646118164,-89.6153335571289,34.28850555419922,34.63796477495107
22.434,0,15.330586433410645,8.936294555664062,71.63773345947266,-75.44448852539062,-89.6131591796875,34.276947021484375,15.330586433410645,8.936294555664062,71.63773345947266,-75.44448852539062,-89.6131591796875,34.276947021484375,34.63796477495107
22.466,0,15.307450294494629,8.911394119262695,71.66874694824219,-75.42947387695312,-89.61949920654297,34.26462173461914,15.307450294494629,8.911394119262695,71.66874694824219,-75.42947387695312,-89.61949920654297,34.26462173461914,34.63796477495107
22.498,0,15.294687271118164,8.950418472290039,71.6496810913086,-75.44387817382812,-89.61077880859375,34.26744842529297,15.294687271118164,8.950418472290039,71.6496810913086,-75.44387817382812,-89.61077880859375,34.26744842529297,34.63796477495107
22.530,0,15.28964614868164,8.965959548950195,71.65287780761719,-75.4700927734375,-89.60567474365234,34.275577545166016,15.28964614868164,8.965959548950195,71.65287780761719,-75.4700927734375,-89.60567474365234,34.275577545166016,34.63796477495107
22.564,0,15.317930221557617,8.911327362060547,71.65556335449219,-75.41961669921875,-89.6061019897461,34.276214599609375,15.317930221557617,8.911327362060547,71.65556335449219,-75.41961669921875,-89.6061019897461,34.276214599609375,34.63796477495107
22.598,0,15.298299789428711,8.905263900756836,71.68738555908203,-75.42465209960938,-89.61929321289062,34.25079345703125,15.298299789428711,8.905263900756836,71.68738555908203,-75.42465209960938,-89.61929321289062,34.25079345703125,34.63796477495107
22.638,0,15.294281005859375,8.931127548217773,71.67278289794922,-75.43531799316406,-89.61104583740234,34.2478141784668,15.294281005859375,8.931127548217773,71.67278289794922,-75.43531799316406,-89.61104583740234,34.2478141784668,34.63796477495107
22.665,0,15.293383598327637,8.963735580444336,71.65953063964844,-75.46624755859375,-89.60975646972656,34.262943267822266,15.293383598327637,8.963735580444336,71.65953063964844,-75.46624755859375,-89.60975646972656,34.262943267822266,34.63796477495107
22.697,0,15.318530082702637,8.896482467651367,71.6710433959961,-75.41142272949219,-89.61284637451172,34.25904083251953,15.318530082702637,8.896482467651367,71.6710433959961,-75.41142272949219,-89.61284637451172,34.25904083251953,34.63796477495107
22.732,0,15.294002532958984,8.904098510742188,71.69881439208984,-75.42478942871094,-89.6228256225586,34.245182037353516,15.294002532958984,8.904098510742188,71.69881439208984,-75.42478942871094,-89.6228256225586,34.245182037353516,34.63796477495107
22.764,0,15.28883171081543,8.959091186523438,71.6747055053711,-75.45738220214844,-89.61500549316406,34.25050735473633,15.28883171081543,8.959091186523438,71.6747055053711,-75.45738220214844,-89.61500549316406,34.25050735473633,34.63796477495107
22.797,0,15.292520523071289,8.983089447021484,71.66110229492188,-75.47669982910156,-89.6166000366211,34.281551361083984,15.292520523071289,8.983089447021484,71.66110229492188,-75.47669982910156,-89.6166000366211,34.281551361083984,34.63796477495107
22.834,0,15.31657886505127,8.901510238647461,71.67728424072266,-75.40472412109375,-89.61360168457031,34.265174865722656,15.31657886505127,8.901510238647461,71.67728424072266,-75.40472412109375,-89.61360168457031,34.265174865722656,34.63796477495107
22.863,0,15.314825057983398,8.954626083374023,71.64630126953125,-75.43143463134766,-89.61012268066406,34.293785095214844,15.314825057983398,8.954626083374023,71.64630126953125,-75.43143463134766,-89.61012268066406,34.293785095214844,34.63796477495107
22.898,0,15.320747375488281,9.003410339355469,71.62915802001953,-75.4683609008789,-89.60820770263672,34.308258056640625,15.320747375488281,9.003410339355469,71.62915802001953,-75.4683609008789,-89.60820770263672,34.308258056640625,34.63796477495107
22.931,0,15.290043830871582,8.983240127563477,71.6723861694336,-75.4737548828125,-89.62069702148438,34.28459167480469,15.290043830871582,8.983240127563477,71.6723861694336,-75.4737548828125,-89.62069702148438,34.28459167480469,34.63796477495107
22.964,0,15.28382396697998,8.992805480957031,71.64912414550781,-75.46768951416016,-89.62043762207031,34.287445068359375,15.28382396697998,8.992805480957031,71.64912414550781,-75.46768951416016,-89.62043762207031,34.287445068359375,34.63796477495107
22.997,0,15.292448043823242,9.03122329711914,71.63836669921875,-75.50086975097656,-89.61592102050781,34.31913757324219,15.292448043823242,9.03122329711914,71.63836669921875,-75.50086975097656,-89.61592102050781,34.31913757324219,34.63796477495107
23.039,0,15.326456069946289,8.999090194702148,71.64100646972656,-75.4666976928711,-89.60894012451172,34.293357849121094,15.326456069946289,8.999090194702148,71.64100646972656,-75.4666976928711,-89.60894012451172,34.293357849121094,34.63796477495107
23.064,0,15.295750617980957,8.990753173828125,71.67573547363281,-75.47732543945312,-89.61753845214844,34.283050537109375,15.295750617980957,8.990753173828125,71.67573547363281,-75.47732543945312,-89.61753845214844,34.283050537109375,34.63796477495107
23.101,0,15.292628288269043,8.996587753295898,71.6509017944336,-75.4615478515625,-89.61878967285156,34.29571533203125,15.292628288269043,8.996587753295898,71.6509017944336,-75.4615478515625,-89.61878967285156,34.29571533203125,34.63796477495107
23.134,0,15.305419921875,9.03083610534668,71.64781188964844,-75.49945068359375,-89.61526489257812,34.30988311767578,15.305419921875,9.03083610534668,71.64781188964844,-75.49945068359375,-89.61526489257812,34.30988311767578,34.63796477495107
23.172,0,15.333810806274414,9.032752990722656,71.63028717041016,-75.48335266113281,-89.61264038085938,34.30976867675781,15.333810806274414,9.032752990722656,71.63028717041016,-75.48335266113281,-89.61264038085938,34.30976867675781,34.63796477495107
23.198,0,15.305153846740723,8.977602005004883,71.6922836303711,-75.47508239746094,-89.62311553955078,34.272003173828125,15.305153846740723,8.977602005004883,71.6922836303711,-75.47508239746094,-89.62311553955078,34.272003173828125,34.63796477495107
23.231,0,15.303899765014648,9.015230178833008,71.65373229980469,-75.47772216796875,-89.6260986328125,34.29790115356445,15.303899765014648,9.015230178833008,71.65373229980469,-75.47772216796875,-89.6260986328125,34.29790115356445,34.63796477495107
23.266,0,15.31775188446045,9.053403854370117,71.64665222167969,-75.52093505859375,-89.62313842773438,34.307655334472656,15.31775188446045,9.053403854370117,71.64665222167969,-75.52093505859375,-89.62313842773438,34.307655334472656,34.63796477495107
23.298,0,15.346901893615723,9.04011344909668,71.64036560058594,-75.49873352050781,-89.62029266357422,34.307621002197266,15.346901893615723,9.04011344909668,71.64036560058594,-75.49873352050781,-89.62029266357422,34.307621002197266,34.63796477495107
23.331,0,15.311919212341309,8.994247436523438,71.69685363769531,-75.49000549316406,-89.62605285644531,34.2799072265625,15.311919212341309,8.994247436523438,71.69685363769531,-75.49000549316406,-89.62605285644531,34.2799072265625,34.63796477495107
23.363,0,15.315047264099121,9.017692565917969,71.68362426757812,-75.50928497314453,-89.62987518310547,34.31523132324219,15.315047264099121,9.017692565917969,71.68362426757812,-75.50928497314453,-89.62987518310547,34.31523132324219,34.63796477495107
23.404,0,15.351757049560547,9.000885009765625,71.68671417236328,-75.49375915527344,-89.62466430664062,34.30617141723633,15.351757049560547,9.000885009765625,71.68671417236328,-75.49375915527344,-89.62466430664062,34.30617141723633,34.63796477495107
23.440,0,15.32563304901123,9.006866455078125,71.72178649902344,-75.52195739746094,-89.63341522216797,34.28790283203125,15.32563304901123,9.006866455078125,71.72178649902344,-75.52195739746094,-89.63341522216797,34.28790283203125,34.63796477495107
23.465,0,15.312399864196777,8.997556686401367,71.71353149414062,-75.50257873535156,-89.62555694580078,34.30029296875,15.312399864196777,8.997556686401367,71.71353149414062,-75.50257873535156,-89.62555694580078,34.30029296875,34.63796477495107
23.500,0,15.316603660583496,9.017671585083008,71.69574737548828,-75.5091552734375,-89.62918090820312,34.336605072021484,15.316603660583496,9.017671585083008,71.69574737548828,-75.5091552734375,-89.62918090820312,34.336605072021484,34.63796477495107
23.565,0,15.351616859436035,9.009273529052734,71.70083618164062,-75.5076904296875,-89.62606811523438,34.32125473022461,15.351616859436035,9.009273529052734,71.70083618164062,-75.5076904296875,-89.62606811523438,34.32125473022461,34.63796477495107
23.590,0,15.323545455932617,9.010082244873047,71.73596954345703,-75.53204345703125,-89.63330841064453,34.303741455078125,15.323545455932617,9.010082244873047,71.73596954345703,-75.53204345703125,-89.63330841064453,34.303741455078125,34.63796477495107
23.623,0,15.312052726745605,9.009267807006836,71.72746276855469,-75.52095794677734,-89.62582397460938,34.31986999511719,15.312052726745605,9.009267807006836,71.72746276855469,-75.52095794677734,-89.62582397460938,34.31986999511719,34.63796477495107
23.675,0,15.313767433166504,9.02426528930664,71.71580505371094,-75.53143310546875,-89.6281509399414,34.32990646362305,15.313767433166504,9.02426528930664,71.71580505371094,-75.53143310546875,-89.6281509399414,34.32990646362305,34.63796477495107
23.699,0,15.341903686523438,9.01986312866211,71.7142333984375,-75.5263671875,-89.62165832519531,34.32874298095703,15.341903686523438,9.01986312866211,71.7142333984375,-75.5263671875,-89.62165832519531,34.32874298095703,34.63796477495107
23.742,0,15.311007499694824,9.01945686340332,71.7491226196289,-75.55677032470703,-89.63209533691406,34.310367584228516,15.311007499694824,9.01945686340332,71.7491226196289,-75.55677032470703,-89.63209533691406,34.310367584228516,34.63796477495107
23.764,0,15.311079978942871,9.000478744506836,71.74085998535156,-75.53804016113281,-89.62935638427734,34.3095588684082,15.311079978942871,9.000478744506836,71.74085998535156,-75.53804016113281,-89.62935638427734,34.3095588684082,34.63796477495107
23.810,0,15.322969436645508,9.03311538696289,71.72515106201172,-75.55726623535156,-89.62493133544922,34.329322814941406,15.322969436645508,9.03311538696289,71.72515106201172,-75.55726623535156,-89.62493133544922,34.329322814941406,34.63796477495107
23.870,0,15.349529266357422,9.031381607055664,71.72779083251953,-75.56016540527344,-89.61771392822266,34.31501007080078,15.349529266357422,9.031381607055664,71.72779083251953,-75.56016540527344,-89.61771392822266,34.31501007080078,34.63796477495107
23.893,0,15.325636863708496,9.021480560302734,71.7623291015625,-75.58385467529297,-89.63624572753906,34.30473327636719,15.325636863708496,9.021480560302734,71.7623291015625,-75.58385467529297,-89.63624572753906,34.30473327636719,34.63796477495107
23.927,0,15.326066017150879,9.017728805541992,71.74617767333984,-75.56398010253906,-89.62716674804688,34.31437683105469,15.326066017150879,9.017728805541992,71.74617767333984,-75.56398010253906,-89.62716674804688,34.31437683105469,34.63796477495107
23.960,0,15.330225944519043,9.043888092041016,71.74446868896484,-75.57938385009766,-89.6170654296875,34.3201904296875,15.330225944519043,9.043888092041016,71.74446868896484,-75.57938385009766,-89.6170654296875,34.3201904296875,34.63796477495107
23.994,0,15.358667373657227,9.030288696289062,71.73883056640625,-75.57304382324219,-89.61399841308594,34.315216064453125,15.358667373657227,9.030288696289062,71.73883056640625,-75.57304382324219,-89.61399841308594,34.315216064453125,34.63796477495107
24.029,0,15.336471557617188,9.003108978271484,71.7861557006836,-75.57991027832031,-89.6293716430664,34.310935974121094,15.336471557617188,9.003108978271484,71.7861557006836,-75.57991027832031,-89.6293716430664,34.310935974121094,34.63796477495107
24.061,0,15.345114707946777,8.990583419799805,71.7757339477539,-75.55612182617188,-89.61864471435547,34.312965393066406,15.345114707946777,8.990583419799805,71.7757339477539,-75.55612182617188,-89.61864471435547,34.312965393066406,34.63796477495107
24.095,0,15.343352317810059,9.025327682495117,71.77449798583984,-75.58796691894531,-89.61196899414062,34.32579040527344,15.343352317810059,9.025327682495117,71.77449798583984,-75.58796691894531,-89.61196899414062,34.32579040527344,34.63796477495107
24.125,0,15.366864204406738,8.997842788696289,71.77843475341797,-75.57485961914062,-89.60932159423828,34.330772399902344,15.366864204406738,8.997842788696289,71.77843475341797,-75.57485961914062,-89.60932159423828,34.330772399902344,34.63796477495107
24.162,0,15.34955883026123,8.985086441040039,71.8176498413086,-75.59422302246094,-89.62285614013672,34.33277130126953,15.34955883026123,8.985086441040039,71.8176498413086,-75.59422302246094,-89.62285614013672,34.33277130126953,34.63796477495107
24.201,0,15.343476295471191,8.979907989501953,71.81002044677734,-75.57836151123047,-89.61164093017578,34.341007232666016,15.343476295471191,8.979907989501953,71.81002044677734,-75.57836151123047,-89.61164093017578,34.341007232666016,34.63796477495107
24.241,0,15.34659194946289,9.00611686706543,71.80673217773438,-75.60258483886719,-89.60466003417969,34.360862731933594,15.34659194946289,9.00611686706543,71.80673217773438,-75.60258483886719,-89.60466003417969,34.360862731933594,34.63796477495107
24.263,0,15.372723579406738,8.972335815429688,71.81310272216797,-75.58826446533203,-89.61724090576172,34.38264083862305,15.372723579406738,8.972335815429688,71.81310272216797,-75.58826446533203,-89.61724090576172,34.38264083862305,34.63796477495107
24.297,0,15.352226257324219,8.934045791625977,71.8718032836914,-75.58984375,-89.62495422363281,34.36484146118164,15.352226257324219,8.934045791625977,71.8718032836914,-75.58984375,-89.62495422363281,34.36484146118164,34.63796477495107
24.332,0,15.347883224487305,8.93565559387207,71.86298370361328,-75.57551574707031,-89.61639404296875,34.37218475341797,15.347883224487305,8.93565559387207,71.86298370361328,-75.57551574707031,-89.61639404296875,34.37218475341797,34.63796477495107
24.365,0,15.346281051635742,8.965246200561523,71.86661529541016,-75.60758972167969,-89.60638427734375,34.38395690917969,15.346281051635742,8.965246200561523,71.86661529541016,-75.60758972167969,-89.60638427734375,34.38395690917969,34.63796477495107
24.396,0,15.37473201751709,8.907548904418945,71.884033203125,-75.57191467285156,-89.61493682861328,34.390235900878906,15.37473201751709,8.907548904418945,71.884033203125,-75.57191467285156,-89.61493682861328,34.390235900878906,34.63796477495107
24.430,0,15.35007381439209,8.87285041809082,71.93472290039062,-75.5723876953125,-89.6240005493164,34.3802375793457,15.35007381439209,8.87285041809082,71.93472290039062,-75.5723876953125,-89.6240005493164,34.3802375793457,34.63796477495107
24.467,0,15.348140716552734,8.903020858764648,71.91669464111328,-75.58067321777344,-89.61394500732422,34.39277648925781,15.348140716552734,8.903020858764648,71.91669464111328,-75.58067321777344,-89.61394500732422,34.39277648925781,34.63796477495107
24.500,0,15.348834037780762,8.920597076416016,71.9247817993164,-75.60417175292969,-89.60392761230469,34.39622497558594,15.348834037780762,8.920597076416016,71.9247817993164,-75.60417175292969,-89.60392761230469,34.39622497558594,34.63796477495107
24.543,0,15.371512413024902,8.885616302490234,71.92916870117188,-75.58531188964844,-89.61425018310547,34.41057205200195,15.371512413024902,8.885616302490234,71.92916870117188,-75.58531188964844,-89.61425018310547,34.41057205200195,34.63796477495107
24.569,0,15.347426414489746,8.842164993286133,71.98571014404297,-75.57897186279297,-89.62295532226562,34.393310546875,15.347426414489746,8.842164993286133,71.98571014404297,-75.57897186279297,-89.62295532226562,34.393310546875,34.63796477495107
24.612,0,15.390318870544434,8.988258361816406,71.87568664550781,-75.66190338134766,-89.64381408691406,34.44170379638672,15.390318870544434,8.988258361816406,71.87568664550781,-75.66190338134766,-89.64381408691406,34.44170379638672,34.63796477495107
24.636,0,15.390954971313477,9.008951187133789,71.87055206298828,-75.67743682861328,-89.62736511230469,34.44197082519531,15.390954971313477,9.008951187133789,71.87055206298828,-75.67743682861328,-89.62736511230469,34.44197082519531,34.63796477495107
24.667,0,15.41604995727539,8.958881378173828,71.87744903564453,-75.64149475097656,-89.638916015625,34.45697021484375,15.41604995727539,8.958881378173828,71.87744903564453,-75.64149475097656,-89.638916015625,34.45697021484375,34.63796477495107
24.714,0,15.408222198486328,8.953439712524414,71.86845397949219,-75.62669372558594,-89.62980651855469,34.4771614074707,15.408222198486328,8.953439712524414,71.86845397949219,-75.62669372558594,-89.62980651855469,34.4771614074707,34.63796477495107
24.758,0,15.4562406539917,9.085704803466797,71.7785415649414,-75.71502685546875,-89.64915466308594,34.52089309692383,15.4562406539917,9.085704803466797,71.7785415649414,-75.71502685546875,-89.64915466308594,34.52089309692383,34.63796477495107
24.784,0,15.472900390625,9.064477920532227,71.78545379638672,-75.6939697265625,-89.63357543945312,34.516090393066406,15.472900390625,9.064477920532227,71.78545379638672,-75.6939697265625,-89.63357543945312,34.516090393066406,34.63796477495107
24.814,0,15.445143699645996,9.039892196655273,71.82881927490234,-75.70210266113281,-89.65242004394531,34.51298522949219,15.445143699645996,9.039892196655273,71.82881927490234,-75.70210266113281,-89.65242004394531,34.51298522949219,34.63796477495107
24.848,0,15.430952072143555,9.023674011230469,71.82067108154297,-75.6726303100586,-89.64253234863281,34.529815673828125,15.430952072143555,9.023674011230469,71.82067108154297,-75.6726303100586,-89.64253234863281,34.529815673828125,34.63796477495107
24.887,0,15.47753620147705,9.178659439086914,71.71568298339844,-75.76953887939453,-89.66566467285156,34.5920295715332,15.47753620147705,9.178659439086914,71.71568298339844,-75.76953887939453,-89.66566467285156,34.5920295715332,34.63796477495107
24.915,0,15.490121841430664,9.147651672363281,71.7270278930664,-75.73715209960938,-89.64976501464844,34.57698059082031,15.490121841430664,9.147651672363281,71.7270278930664,-75.73715209960938,-89.64976501464844,34.57698059082031,34.63796477495107
24.949,0,15.457640647888184,9.095342636108398,71.77564239501953,-75.71369934082031,-89.6612548828125,34.55978012084961,15.457640647888184,9.095342636108398,71.77564239501953,-75.71369934082031,-89.6612548828125,34.55978012084961,34.63796477495107
24.983,0,15.44316291809082,9.081964492797852,71.76383209228516,-75.6826400756836,-89.65289306640625,34.583229064941406,15.44316291809082,9.081964492797852,71.76383209228516,-75.6826400756836,-89.65289306640625,34.583229064941406,34.63796477495107
25.027,0,15.489452362060547,9.229116439819336,71.67427062988281,-75.77903747558594,-89.67298126220703,34.62876892089844,15.489452362060547,9.229116439819336,71.67427062988281,-75.77903747558594,-89.67298126220703,34.62876892089844,34.63796477495107
25.054,0,15.500473976135254,9.176200866699219,71.69160461425781,-75.72653198242188,-89.65007019042969,34.60842514038086,15.500473976135254,9.176200866699219,71.69160461425781,-75.72653198242188,-89.65007019042969,34.60842514038086,34.63796477495107
25.085,0,15.466737747192383,9.153417587280273,71.72794342041016,-75.72303771972656,-89.66523742675781,34.60947799682617,15.466737747192383,9.153417587280273,71.72794342041016,-75.72303771972656,-89.66523742675781,34.60947799682617,34.63796477495107
25.120,0,15.449982643127441,9.132234573364258,71.73356628417969,-75.69338989257812,-89.65225219726562,34.59921646118164,15.449982643127441,9.132234573364258,71.73356628417969,-75.69338989257812,-89.65225219726562,34.59921646118164,34.63796477495107
25.161,0,15.500764846801758,9.278402328491211,71.63518524169922,-75.78600311279297,-89.66973876953125,34.64543914794922,15.500764846801758,9.278402328491211,71.63518524169922,-75.78600311279297,-89.66973876953125,34.64543914794922,34.63796477495107
25.187,0,15.502629280090332,9.238687515258789,71.65574645996094,-75.75019836425781,-89.64582824707031,34.62782287597656,15.502629280090332,9.238687515258789,71.65574645996094,-75.75019836425781,-89.64582824707031,34.62782287597656,34.63796477495107
25.217,0,15.468684196472168,9.200820922851562,71.70574188232422,-75.74185180664062,-89.65933227539062,34.61027526855469,15.468684196472168,9.200820922851562,71.70574188232422,-75.74185180664062,-89.65933227539062,34.61027526855469,34.63796477495107
25.250,0,15.448206901550293,9.189002990722656,71.71125030517578,-75.71815490722656,-89.64443969726562,34.6141242980957,15.448206901550293,9.189002990722656,71.71125030517578,-75.71815490722656,-89.64443969726562,34.6141242980957,34.63796477495107
25.285,0,15.491558074951172,9.355587005615234,71.61141967773438,-75.82679748535156,-89.65901947021484,34.671295166015625,15.491558074951172,9.355587005615234,71.61141967773438,-75.82679748535156,-89.65901947021484,34.671295166015625,34.63796477495107
25.323,0,15.492403030395508,9.320131301879883,71.62954711914062,-75.79286193847656,-89.633056640625,34.648109436035156,15.492403030395508,9.320131301879883,71.62954711914062,-75.79286193847656,-89.633056640625,34.648109436035156,34.63796477495107
25.352,0,15.461095809936523,9.28176498413086,71.68097686767578,-75.78768920898438,-89.6456527709961,34.640647888183594,15.461095809936523,9.28176498413086,71.68097686767578,-75.78768920898438,-89.6456527709961,34.640647888183594,34.63796477495107
25.389,0,15.438629150390625,9.307003021240234,71.67335510253906,-75.79396057128906,-89.63069915771484,34.652835845947266,15.438629150390625,9.307003021240234,71.67335510253906,-75.79396057128906,-89.63069915771484,34.652835845947266,34.63796477495107
25.420,0,15.4766845703125,9.469339370727539,71.58258056640625,-75.90568542480469,-89.64332580566406,34.69356918334961,15.4766845703125,9.469339370727539,71.58258056640625,-75.90568542480469,-89.64332580566406,34.69356918334961,34.63796477495107
25.452,0,15.477195739746094,9.449819564819336,71.59468078613281,-75.87754821777344,-89.61808776855469,34.68285369873047,15.477195739746094,9.449819564819336,71.59468078613281,-75.87754821777344,-89.61808776855469,34.68285369873047,34.63796477495107
25.485,0,15.438461303710938,9.402366638183594,71.64976501464844,-75.86430358886719,-89.62794494628906,34.66410446166992,15.438461303710938,9.402366638183594,71.64976501464844,-75.86430358886719,-89.62794494628906,34.66410446166992,34.63796477495107
25.520,0,15.415836334228516,9.44450569152832,71.64862823486328,-75.88948059082031,-89.60992431640625,34.65489196777344,15.415836334228516,9.44450569152832,71.64862823486328,-75.88948059082031,-89.60992431640625,34.65489196777344,34.63796477495107
25.557,0,15.458415031433105,9.606925964355469,71.54407501220703,-75.98933410644531,-89.62456512451172,34.700958251953125,15.458415031433105,9.606925964355469,71.54407501220703,-75.98933410644531,-89.62456512451172,34.700958251953125,34.63796477495107
25.591,0,15.4577054977417,9.587930679321289,71.55754089355469,-75.96092224121094,-89.59645080566406,34.69032287597656,15.4577054977417,9.587930679321289,71.55754089355469,-75.96092224121094,-89.59645080566406,34.69032287597656,34.63796477495107
25.620,0,15.440707206726074,9.589115142822266,71.54865264892578,-75.9498062133789,-89.59275817871094,34.680885314941406,15.440707206726074,9.589115142822266,71.54865264892578,-75.9498062133789,-89.59275817871094,34.680885314941406,34.63796477495107
25.677,0,15.42056655883789,9.615428924560547,71.56678009033203,-75.97447204589844,-89.5745849609375,34.69182205200195,15.42056655883789,9.615428924560547,71.56678009033203,-75.97447204589844,-89.5745849609375,34.69182205200195,34.63796477495107
25.702,0,15.434139251708984,9.600698471069336,71.5821304321289,-75.95625305175781,-89.54705047607422,34.6646614074707,15.434139251708984,9.600698471069336,71.5821304321289,-75.95625305175781,-89.54705047607422,34.6646614074707,34.63796477495107
25.735,0,15.368922233581543,9.590368270874023,71.61233520507812,-75.90826416015625,-89.47464752197266,34.633209228515625,15.368922233581543,9.590368270874023,71.61233520507812,-75.90826416015625,-89.47464752197266,34.633209228515625,34.63796477495107
25.768,0,15.336201667785645,9.548011779785156,71.6306381225586,-75.82728576660156,-89.38509368896484,34.58225631713867,15.336201667785645,9.548011779785156,71.6306381225586,-75.82728576660156,-89.38509368896484,34.58225631713867,34.63796477495107
25.802,0,15.359390258789062,9.69148063659668,71.58302307128906,-75.93516540527344,-89.37387084960938,34.60000991821289,15.359390258789062,9.69148063659668,71.58302307128906,-75.93516540527344,-89.37387084960938,34.60000991821289,34.63796477495107
25.843,0,15.350974082946777,9.636360168457031,71.60347747802734,-75.83989715576172,-89.28984832763672,34.56642150878906,15.350974082946777,9.636360168457031,71.60347747802734,-75.83989715576172,-89.28984832763672,34.56642150878906,34.63796477495107
25.872,0,15.334689140319824,9.699264526367188,71.62362670898438,-75.88388061523438,-89.28813171386719,34.51768112182617,15.334689140319824,9.699264526367188,71.62362670898438,-75.88388061523438,-89.28813171386719,34.51768112182617,34.63796477495107
25.908,0,15.319345474243164,9.70585823059082,71.61550903320312,-75.88105773925781,-89.3022689819336,34.49892807006836,15.319345474243164,9.70585823059082,71.61550903320312,-75.88105773925781,-89.3022689819336,34.49892807006836,34.63796477495107
25.935,0,15.3574800491333,9.819093704223633,71.54744720458984,-75.97099304199219,-89.32783508300781,34.54706573486328,15.3574800491333,9.819093704223633,71.54744720458984,-75.97099304199219,-89.32783508300781,34.54706573486328,34.63796477495107
25.968,0,15.373578071594238,9.812459945678711,71.54679870605469,-75.95335388183594,-89.32765197753906,34.532257080078125,15.373578071594238,9.812459945678711,71.54679870605469,-75.95335388183594,-89.32765197753906,34.532257080078125,34.63796477495107
26.002,0,15.349874496459961,9.820867538452148,71.5740737915039,-75.98963928222656,-89.35279846191406,34.51427459716797,15.349874496459961,9.820867538452148,71.5740737915039,-75.98963928222656,-89.35279846191406,34.51427459716797,34.63796477495107
26.034,0,15.337565422058105,9.864645004272461,71.55985260009766,-76.0252685546875,-89.35733795166016,34.497764587402344,15.337565422058105,9.864645004272461,71.55985260009766,-76.0252685546875,-89.35733795166016,34.497764587402344,34.63796477495107
26.081,0,15.375678062438965,9.99351692199707,71.47266387939453,-76.10762023925781,-89.3764419555664,34.54806900024414,15.375678062438965,9.99351692199707,71.47266387939453,-76.10762023925781,-89.3764419555664,34.54806900024414,34.63796477495107
26.105,0,15.389557838439941,9.999799728393555,71.4609603881836,-76.10224914550781,-89.36725616455078,34.548763275146484,15.389557838439941,9.999799728393555,71.4609603881836,-76.10224914550781,-89.36725616455078,34.548763275146484,34.63796477495107
26.174,0,15.369768142700195,9.998083114624023,71.48548889160156,-76.12002563476562,-89.3802261352539,34.526092529296875,15.369768142700195,9.998083114624023,71.48548889160156,-76.12002563476562,-89.3802261352539,34.526092529296875,34.63796477495107
26.214,0,15.40710163116455,10.153783798217773,71.38150024414062,-76.21259307861328,-89.39479064941406,34.54840087890625,15.40710163116455,10.153783798217773,71.38150024414062,-76.21259307861328,-89.39479064941406,34.54840087890625,34.63796477495107
26.238,0,15.39975357055664,10.166570663452148,71.37935638427734,-76.21192932128906,-89.38433837890625,34.56492614746094,15.39975357055664,10.166570663452148,71.37935638427734,-76.21192932128906,-89.38433837890625,34.56492614746094,34.63796477495107
26.272,0,15.41192626953125,10.171863555908203,71.37651062011719,-76.2235107421875,-89.3842544555664,34.57398223876953,15.41192626953125,10.171863555908203,71.37651062011719,-76.2235107421875,-89.3842544555664,34.57398223876953,34.63796477495107
26.306,0,15.403470039367676,10.191320419311523,71.38865661621094,-76.246826171875,-89.38734436035156,34.540897369384766,15.403470039367676,10.191320419311523,71.38865661621094,-76.246826171875,-89.38734436035156,34.540897369384766,34.63796477495107
26.339,0,15.43873119354248,10.313175201416016,71.2889175415039,-76.3133316040039,-89.40478515625,34.56794738769531,15.43873119354248,10.313175201416016,71.2889175415039,-76.3133316040039,-89.40478515625,34.56794738769531,34.63796477495107
26.373,0,15.433384895324707,10.329568862915039,71.28682708740234,-76.31497192382812,-89.38096618652344,34.5682373046875,15.433384895324707,10.329568862915039,71.28682708740234,-76.31497192382812,-89.38096618652344,34.5682373046875,34.63796477495107
26.408,0,15.445002555847168,10.310443878173828,71.29006958007812,-76.29978942871094,-89.37850189208984,34.57255172729492,15.445002555847168,10.310443878173828,71.29006958007812,-76.29978942871094,-89.37850189208984,34.57255172729492,34.63796477495107
26.439,0,15.437146186828613,10.365970611572266,71.28790283203125,-76.35081481933594,-89.37782287597656,34.52546310424805,15.437146186828613,10.365970611572266,71.28790283203125,-76.35081481933594,-89.37782287597656,34.52546310424805,34.63796477495107
26.472,0,15.47503662109375,10.457391738891602,71.20708465576172,-76.39881896972656,-89.38501739501953,34.5228157043457,15.47503662109375,10.457391738891602,71.20708465576172,-76.39881896972656,-89.38501739501953,34.5228157043457,34.63796477495107
26.515,0,15.473520278930664,10.458059310913086,71.19612121582031,-76.37751007080078,-89.36055755615234,34.526100158691406,15.473520278930664,10.458059310913086,71.19612121582031,-76.37751007080078,-89.36055755615234,34.526100158691406,34.63796477495107
26.556,0,15.497512817382812,10.430788040161133,71.2046890258789,-76.36064147949219,-89.35282135009766,34.500675201416016,15.497512817382812,10.430788040161133,71.2046890258789,-76.36064147949219,-89.35282135009766,34.500675201416016,34.63796477495107
26.584,0,15.492478370666504,10.455333709716797,71.2255630493164,-76.393310546875,-89.35285949707031,34.44845199584961,15.492478370666504,10.455333709716797,71.2255630493164,-76.393310546875,-89.35285949707031,34.44845199584961,34.63796477495107
26.614,0,15.533771514892578,10.5648193359375,71.14263153076172,-76.46188354492188,-89.35135650634766,34.43938446044922,15.533771514892578,10.5648193359375,71.14263153076172,-76.46188354492188,-89.35135650634766,34.43938446044922,34.63796477495107
26.650,0,15.534570693969727,10.570913314819336,71.12548828125,-76.44430541992188,-89.32715606689453,34.43541717529297,15.534570693969727,10.570913314819336,71.12548828125,-76.44430541992188,-89.32715606689453,34.43541717529297,34.63796477495107
26.690,0,15.552229881286621,10.54094123840332,71.14222717285156,-76.43241882324219,-89.31199645996094,34.433265686035156,15.552229881286621,10.54094123840332,71.14222717285156,-76.43241882324219,-89.31199645996094,34.433265686035156,34.63796477495107
26.715,0,15.54383659362793,10.567352294921875,71.16678619384766,-76.48772430419922,-89.30399322509766,34.3753662109375,15.54383659362793,10.567352294921875,71.16678619384766,-76.48772430419922,-89.30399322509766,34.3753662109375,34.63796477495107
26.747,0,15.593954086303711,10.680156707763672,71.0688705444336,-76.54722595214844,-89.3046646118164,34.381813049316406,15.593954086303711,10.680156707763672,71.0688705444336,-76.54722595214844,-89.3046646118164,34.381813049316406,34.63796477495107
26.787,0,15.588191032409668,10.682430267333984,71.06876373291016,-76.53340148925781,-89.27239990234375,34.377952575683594,15.588191032409668,10.682430267333984,71.06876373291016,-76.53340148925781,-89.27239990234375,34.377952575683594,34.63796477495107
26.823,0,15.61506175994873,10.62594985961914,71.0870132446289,-76.49298095703125,-89.25985717773438,34.365478515625,15.61506175994873,10.62594985961914,71.0870132446289,-76.49298095703125,-89.25985717773438,34.365478515625,34.63796477495107
26.868,0,15.61257553100586,10.660673141479492,71.09974670410156,-76.54571533203125,-89.2509994506836,34.315486907958984,15.61257553100586,10.660673141479492,71.09974670410156,-76.54571533203125,-89.2509994506836,34.315486907958984,34.63796477495107
26.894,0,15.608430862426758,10.650619506835938,71.11360168457031,-76.53501892089844,-89.2177505493164,34.27378463745117,15.608430862426758,10.650619506835938,71.11360168457031,-76.53501892089844,-89.2177505493164,34.27378463745117,34.63796477495107
26.926,0,15.610204696655273,10.627021789550781,71.12200927734375,-76.50872039794922,-89.18868255615234,34.27815246582031,15.610204696655273,10.627021789550781,71.12200927734375,-76.50872039794922,-89.18868255615234,34.27815246582031,34.63796477495107
26.960,0,15.638640403747559,10.611417770385742,71.1173324584961,-76.49443817138672,-89.17855834960938,34.270503997802734,15.638640403747559,10.611417770385742,71.1173324584961,-76.49443817138672,-89.17855834960938,34.270503997802734,34.63796477495107
26.993,0,15.67719554901123,10.684635162353516,71.08241271972656,-76.5731201171875,-89.18548583984375,34.235450744628906,15.67719554901123,10.684635162353516,71.08241271972656,-76.5731201171875,-89.18548583984375,34.235450744628906,34.63796477495107
27.026,0,15.7266206741333,10.818513870239258,70.97529602050781,-76.64903259277344,-89.18931579589844,34.24314498901367,15.7266206741333,10.818513870239258,70.97529602050781,-76.64903259277344,-89.18931579589844,34.24314498901367,34.63796477495107
27.069,0,15.73049259185791,10.79924201965332,70.973876953125,-76.60613250732422,-89.15703582763672,34.255821228027344,15.73049259185791,10.79924201965332,70.973876953125,-76.60613250732422,-89.15703582763672,34.255821228027344,34.63796477495107
27.094,0,15.74837589263916,10.73878288269043,70.99635314941406,-76.5719985961914,-89.14049530029297,34.216590881347656,15.74837589263916,10.73878288269043,70.99635314941406,-76.5719985961914,-89.14049530029297,34.216590881347656,34.63796477495107
27.127,0,15.738643646240234,10.75217056274414,71.02855682373047,-76.62621307373047,-89.12571716308594,34.16632843017578,15.738643646240234,10.75217056274414,71.02855682373047,-76.62621307373047,-89.12571716308594,34.16632843017578,34.63796477495107
27.163,0,15.79861831665039,10.865865707397461,70.92414855957031,-76.6775894165039,-89.13045501708984,34.190738677978516,15.79861831665039,10.865865707397461,70.92414855957031,-76.6775894165039,-89.13045501708984,34.190738677978516,34.63796477495107
27.196,0,15.826007843017578,10.778417587280273,70.94586944580078,-76.60061645507812,-89.11475372314453,34.17040252685547,15.826007843017578,10.778417587280273,70.94586944580078,-76.60061645507812,-89.11475372314453,34.17040252685547,34.63796477495107
27.239,0,15.813901901245117,10.758708953857422,70.98341369628906,-76.62171173095703,-89.11589050292969,34.13117218017578,15.813901901245117,10.758708953857422,70.98341369628906,-76.62171173095703,-89.11589050292969,34.13117218017578,34.63796477495107
27.262,0,15.8499755859375,10.900638580322266,70.90316772460938,-76.72369384765625,-89.10581970214844,34.15839385986328,15.8499755859375,10.900638580322266,70.90316772460938,-76.72369384765625,-89.10581970214844,34.15839385986328,34.63796477495107
27.295,0,15.85389518737793,10.90005111694336,70.89176940917969,-76.69898223876953,-89.07304382324219,34.12593078613281,15.85389518737793,10.90005111694336,70.89176940917969,-76.69898223876953,-89.07304382324219,34.12593078613281,34.63796477495107
27.336,0,15.848613739013672,10.886829376220703,70.91624450683594,-76.70231628417969,-89.06564331054688,34.07488250732422,15.848613739013672,10.886829376220703,70.91624450683594,-76.70231628417969,-89.06564331054688,34.07488250732422,34.63796477495107
27.363,0,15.832271575927734,10.911813735961914,70.90402221679688,-76.72465515136719,-89.04293060302734,34.07950210571289,15.832271575927734,10.911813735961914,70.90402221679688,-76.72465515136719,-89.04293060302734,34.07950210571289,34.63796477495107
27.398,0,15.876235961914062,11.031059265136719,70.82218170166016,-76.80886840820312,-89.04341888427734,34.106239318847656,15.876235961914062,11.031059265136719,70.82218170166016,-76.80886840820312,-89.04341888427734,34.106239318847656,34.63796477495107
