t_s,episode,target.shoulder_pan.pos,target.shoulder_lift.pos,target.elbow_flex.pos,target.wrist_flex.pos,target.wrist_roll.pos,target.gripper.pos,sent.shoulder_pan.pos,sent.shoulder_lift.pos,sent.elbow_flex.pos,sent.wrist_flex.pos,sent.wrist_roll.pos,sent.gripper.pos,gripper_actual
0.206,0,-10.34412956237793,-102.6565933227539,94.49876403808594,62.45587921142578,4.6571044921875,-0.2208118438720703,-10.34412956237793,-102.6565933227539,94.49876403808594,70.42857142857143,4.6571044921875,-0.2208118438720703,0.8480104370515329
0.231,0,-10.776750564575195,-102.54771423339844,94.38416290283203,62.606407165527344,3.9795913696289062,-0.15129470825195312,-10.758241758241759,-102.54771423339844,94.38416290283203,70.42857142857143,3.9795913696289062,-0.15129470825195312,0.8480104370515329
0.268,0,-10.783170700073242,-102.48863983154297,94.62852478027344,61.903236389160156,2.98760986328125,-0.15184593200683594,-10.783170700073242,-102.48863983154297,94.62852478027344,69.98901098901099,2.98760986328125,-0.15184593200683594,0.8480104370515329
0.300,0,-10.632328033447266,-102.5042495727539,94.68170166015625,61.84635925292969,2.9430465698242188,-0.17166519165039062,-10.632328033447266,-102.5042495727539,94.68170166015625,68.14285714285714,2.9430465698242188,-0.17166519165039062,0.8480104370515329
0.334,0,-10.440921783447266,-102.51577758789062,94.81078338623047,61.514801025390625,2.8215255737304688,-0.19382858276367188,-10.440921783447266,-102.51577758789062,94.81078338623047,66.82417582417582,2.8215255737304688,-0.19382858276367188,0.8480104370515329
0.367,0,-10.497620582580566,-102.48902893066406,94.775146484375,61.51148986816406,2.4076080322265625,-0.17900657653808594,-10.497620582580566,-102.48902893066406,94.775146484375,65.5934065934066,2.4076080322265625,-0.17900657653808594,0.8480104370515329
0.399,0,-10.34888744354248,-102.44297790527344,94.84770965576172,61.16333770751953,2.0147171020507812,-0.14607810974121094,-10.34888744354248,-102.44297790527344,94.84770965576172,64.0989010989011,2.0147171020507812,-0.14607810974121094,0.8480104370515329
0.435,0,-10.236769676208496,-102.44867706298828,94.8763427734375,61.03662872314453,1.7998046875,-0.14226531982421875,-10.236769676208496,-102.44867706298828,94.8763427734375,62.604395604395606,1.7998046875,-0.14226531982421875,0.8480104370515329
0.468,0,-10.167724609375,-102.44379425048828,94.94725799560547,60.795074462890625,1.6265945434570312,-0.14461517333984375,-10.167724609375,-102.44379425048828,94.94725799560547,61.37362637362638,1.6265945434570312,-0.14461517333984375,0.8480104370515329
0.502,0,-10.023173332214355,-102.41520690917969,94.97210693359375,60.526588439941406,1.1484298706054688,-0.11875152587890625,-10.023173332214355,-102.41520690917969,94.97210693359375,60.526588439941406,1.1484298706054688,-0.11875152587890625,0.8480104370515329
0.531,0,-9.85811710357666,-102.37185668945312,95.03545379638672,60.16204833984375,0.7664566040039062,-0.09486198425292969,-9.85811710357666,-102.37185668945312,95.03545379638672,60.16204833984375,0.7664566040039062,-0.09486198425292969,0.8480104370515329
0.566,0,-9.619912147521973,-102.3407211303711,95.09632110595703,59.817840576171875,0.36760711669921875,-0.07539939880371094,-9.619912147521973,-102.3407211303711,95.09632110595703,59.817840576171875,0.36760711669921875,-0.07539939880371094,0.8480104370515329
0.601,0,-9.455805778503418,-102.31546783447266,95.17391204833984,59.44525146484375,-0.038177490234375,-0.06820487976074219,-9.455805778503418,-102.31546783447266,95.17391204833984,59.44525146484375,-0.038177490234375,-0.06820487976074219,0.8480104370515329
0.634,0,-9.302836418151855,-102.27046203613281,95.20002746582031,59.16935729980469,-0.5743865966796875,-0.04309272766113281,-9.302836418151855,-102.27046203613281,95.20002746582031,59.16935729980469,-0.5743865966796875,-0.04309272766113281,0.8480104370515329
0.671,0,-9.104909896850586,-102.21686553955078,95.25669860839844,58.79945373535156,-1.0450363159179688,-0.01692962646484375,-9.104909896850586,-102.21686553955078,95.25669860839844,58.79945373535156,-1.0450363159179688,-0.01692962646484375,0.8480104370515329
0.704,0,-8.94263744354248,-102.1898422241211,95.286376953125,58.59345245361328,-1.3014297485351562,-0.004150390625,-8.94263744354248,-102.1898422241211,95.286376953125,58.59345245361328,-1.3014297485351562,-0.004150390625,0.8480104370515329
0.738,0,-8.751425743103027,-102.15066528320312,95.35577392578125,58.2060546875,-1.8162689208984375,0.011749267578125,-8.751425743103027,-102.15066528320312,95.35577392578125,58.2060546875,-1.8162689208984375,0.011749267578125,0.8480104370515329
0.765,0,-8.576623916625977,-102.10185241699219,95.38843536376953,57.894371032714844,-2.4138031005859375,0.0333709716796875,-8.576623916625977,-102.10185241699219,95.38843536376953,57.894371032714844,-2.4138031005859375,0.0333709716796875,0.8480104370515329
0.799,0,-8.399739265441895,-102.05448150634766,95.4388427734375,57.54375457763672,-3.00714111328125,0.056209564208984375,-8.399739265441895,-102.05448150634766,95.4388427734375,57.54375457763672,-3.00714111328125,0.056209564208984375,0.8480104370515329
0.836,0,-8.230610847473145,-102.01422119140625,95.46949768066406,57.30592346191406,-3.4525680541992188,0.07563018798828125,-8.230610847473145,-102.01422119140625,95.46949768066406,57.30592346191406,-3.4525680541992188,0.07563018798828125,0.8480104370515329
0.866,0,-8.021623611450195,-101.96782684326172,95.5275650024414,56.92945098876953,-4.1027679443359375,0.08964920043945312,-8.021623611450195,-101.96782684326172,95.5275650024414,56.92945098876953,-4.1027679443359375,0.08964920043945312,0.8480104370515329
0.903,0,-7.820444107055664,-101.90989685058594,95.56546020507812,56.571449279785156,-4.8644561767578125,0.11108970642089844,-7.820444107055664,-101.90989685058594,95.56546020507812,56.571449279785156,-4.8644561767578125,0.11108970642089844,0.8480104370515329
0.934,0,-7.694995880126953,-101.86753845214844,95.61446380615234,56.208648681640625,-5.533477783203125,0.12814903259277344,-7.694995880126953,-101.86753845214844,95.61446380615234,56.208648681640625,-5.533477783203125,0.12814903259277344,0.8480104370515329
0.968,0,-7.493389129638672,-101.81562805175781,95.65291595458984,55.871620178222656,-6.2111053466796875,0.1506633758544922,-7.493389129638672,-101.81562805175781,95.65291595458984,55.871620178222656,-6.2111053466796875,0.1506633758544922,0.8480104370515329
1.001,0,-7.30784273147583,-101.77696990966797,95.69622802734375,55.55402374267578,-6.811798095703125,0.16300010681152344,-7.30784273147583,-101.77696990966797,95.69622802734375,55.55402374267578,-6.811798095703125,0.16300010681152344,0.8480104370515329
1.034,0,-7.133627414703369,-101.7275390625,95.73152923583984,55.195823669433594,-7.681724548339844,0.17978286743164062,-7.133627414703369,-101.7275390625,95.73152923583984,55.195823669433594,-7.681724548339844,0.17978286743164062,0.8480104370515329
1.072,0,-7.038467884063721,-101.6895523071289,95.77901458740234,54.83826446533203,-8.530166625976562,0.1951770782470703,-7.038467884063721,-101.6895523071289,95.77901458740234,54.83826446533203,-8.530166625976562,0.1951770782470703,0.8480104370515329
1.102,0,-6.845858573913574,-101.64923095703125,95.81475067138672,54.529945373535156,-9.272140502929688,0.20995330810546875,-6.845858573913574,-101.64923095703125,95.81475067138672,54.529945373535156,-9.272140502929688,0.20995330810546875,0.8480104370515329
1.137,0,-6.6596760749816895,-101.61747741699219,95.8578872680664,54.180206298828125,-10.078765869140625,0.22078514099121094,-6.6596760749816895,-101.61747741699219,95.8578872680664,54.180206298828125,-10.078765869140625,0.22078514099121094,0.8480104370515329
1.169,0,-6.5307111740112305,-101.57923889160156,95.8835678100586,53.875579833984375,-11.094413757324219,0.2337932586669922,-6.5307111740112305,-101.57923889160156,95.8835678100586,53.875579833984375,-11.094413757324219,0.2337932586669922,0.8480104370515329
1.202,0,-6.456183433532715,-101.55464172363281,95.92579650878906,53.57068634033203,-11.983535766601562,0.23780250549316406,-6.456183433532715,-101.55464172363281,95.92579650878906,53.57068634033203,-11.983535766601562,0.23780250549316406,0.8480104370515329
1.237,0,-6.303947448730469,-101.53629302978516,95.95845031738281,53.28919982910156,-12.858123779296875,0.2461719512939453,-6.303947448730469,-101.53629302978516,95.95845031738281,53.28919982910156,-12.858123779296875,0.2461719512939453,0.8480104370515329
1.267,0,-6.163536071777344,-101.51586151123047,96.0015640258789,52.97856140136719,-13.750747680664062,0.2528820037841797,-6.163536071777344,-101.51586151123047,96.0015640258789,52.97856140136719,-13.750747680664062,0.2528820037841797,0.8480104370515329
1.302,0,-6.025867938995361,-101.49309539794922,96.02731323242188,52.70448303222656,-14.678421020507812,0.2607269287109375,-6.025867938995361,-101.49309539794922,96.02731323242188,52.70448303222656,-14.678421020507812,0.2607269287109375,0.8480104370515329
1.338,0,-5.998770236968994,-101.48915100097656,96.06751251220703,52.403465270996094,-15.773513793945312,0.2586250305175781,-5.998770236968994,-101.48915100097656,96.06751251220703,52.403465270996094,-15.773513793945312,0.2586250305175781,0.8480104370515329
1.371,0,-5.892122745513916,-101.47494506835938,96.08820343017578,52.16962432861328,-16.83061981201172,0.2606525421142578,-5.892122745513916,-101.47494506835938,96.08820343017578,52.16962432861328,-16.83061981201172,0.2606525421142578,0.8480104370515329
1.404,0,-5.799872875213623,-101.46528625488281,96.13336944580078,51.884605407714844,-17.811904907226562,0.26146697998046875,-5.799872875213623,-101.46528625488281,96.13336944580078,51.884605407714844,-17.811904907226562,0.26146697998046875,0.8480104370515329
1.439,0,-5.7019429206848145,-101.44955444335938,96.1596450805664,51.60668182373047,-18.965896606445312,0.26313018798828125,-5.7019429206848145,-101.44955444335938,96.1596450805664,51.60668182373047,-18.965896606445312,0.26313018798828125,0.8480104370515329
1.471,0,-5.6785359382629395,-101.44463348388672,96.19728088378906,51.33006286621094,-20.120094299316406,0.2566394805908203,-5.6785359382629395,-101.44463348388672,96.19728088378906,51.33006286621094,-20.120094299316406,0.2566394805908203,0.8480104370515329
1.507,0,-5.588361740112305,-101.44143676757812,96.2214126586914,51.10783386230469,-21.237266540527344,0.2530345916748047,-5.588361740112305,-101.44143676757812,96.2214126586914,51.10783386230469,-21.237266540527344,0.2530345916748047,0.8480104370515329
1.538,0,-5.508209228515625,-101.43257904052734,96.2672348022461,50.814208984375,-22.47547149658203,0.24875831604003906,-5.508209228515625,-101.43257904052734,96.2672348022461,50.814208984375,-22.47547149658203,0.24875831604003906,0.8480104370515329
1.571,0,-5.458032608032227,-101.42424011230469,96.29130554199219,50.574058532714844,-23.82210922241211,0.24225616455078125,-5.458032608032227,-101.42424011230469,96.29130554199219,50.574058532714844,-23.82210922241211,0.24225616455078125,0.8480104370515329
1.603,0,-5.434098243713379,-101.42440032958984,96.32707977294922,50.3128662109375,-25.169944763183594,0.2316570281982422,-5.434098243713379,-101.42440032958984,96.32707977294922,50.3128662109375,-25.169944763183594,0.2316570281982422,0.8480104370515329
1.639,0,-5.409388542175293,-101.42151641845703,96.35602569580078,50.07263946533203,-26.612205505371094,0.22365760803222656,-5.409388542175293,-101.42151641845703,96.35602569580078,50.07263946533203,-26.612205505371094,0.22365760803222656,0.8480104370515329
1.671,0,-5.315649509429932,-101.42091369628906,96.39266967773438,49.802879333496094,-27.922119140625,0.2124805450439453,-5.315649509429932,-101.42091369628906,96.39266967773438,49.802879333496094,-27.922119140625,0.2124805450439453,0.8480104370515329
1.706,0,-5.276561737060547,-101.40264892578125,96.41355895996094,49.56458282470703,-29.568016052246094,0.20625877380371094,-5.276561737060547,-101.40264892578125,96.41355895996094,49.56458282470703,-29.568016052246094,0.20625877380371094,0.8480104370515329
1.741,0,-5.279784679412842,-101.40303802490234,96.44246673583984,49.322227478027344,-31.125255584716797,0.18869400024414062,-5.279784679412842,-101.40303802490234,96.44246673583984,49.322227478027344,-31.125255584716797,0.18869400024414062,0.8480104370515329
1.769,0,-5.2795915603637695,-101.40202331542969,96.47462463378906,49.07771301269531,-32.85433578491211,0.17671585083007812,-5.2795915603637695,-101.40202331542969,96.47462463378906,49.07771301269531,-32.64835164835165,0.17671585083007812,0.8480104370515329
1.805,0,-5.1819634437561035,-101.39759826660156,96.49922943115234,48.82099151611328,-34.313926696777344,0.1664562225341797,-5.1819634437561035,-101.39759826660156,96.49922943115234,48.82099151611328,-34.230769230769226,0.1664562225341797,0.8480104370515329
1.839,0,-5.181504726409912,-101.38491821289062,96.51847839355469,48.58900451660156,-36.152774810791016,0.15918540954589844,-5.181504726409912,-101.38491821289062,96.51847839355469,48.58900451660156,-35.901098901098905,0.15918540954589844,0.8480104370515329
1.874,0,-5.134790897369385,-101.38374328613281,96.5412368774414,48.356719970703125,-37.862953186035156,0.14636611938476562,-5.134790897369385,-101.38374328613281,96.5412368774414,48.356719970703125,-37.395604395604394,0.14636611938476562,0.8480104370515329
1.908,0,-5.126384258270264,-101.37260437011719,96.56456756591797,48.11497497558594,-39.53536605834961,0.14232254028320312,-5.126384258270264,-101.37260437011719,96.56456756591797,48.11497497558594,-38.97802197802198,0.14232254028320312,0.8480104370515329
1.939,0,-5.052303791046143,-101.3697509765625,96.58938598632812,47.900901794433594,-41.17891311645508,0.13045310974121094,-5.052303791046143,-101.3697509765625,96.58938598632812,47.900901794433594,-40.472527472527474,0.13045310974121094,0.8480104370515329
1.973,0,-5.047199249267578,-101.3554916381836,96.60323333740234,47.70356750488281,-42.998897552490234,0.12918853759765625,-5.047199249267578,-101.3554916381836,96.60323333740234,47.70356750488281,-41.967032967032964,0.12918853759765625,0.8480104370515329
2.006,0,-5.062267303466797,-101.36481475830078,96.62883758544922,47.48974609375,-44.74565124511719,0.11501502990722656,-5.062267303466797,-101.36481475830078,96.62883758544922,47.48974609375,-43.54945054945055,0.11501502990722656,0.8480104370515329
2.040,0,-5.077033996582031,-101.3501968383789,96.64823913574219,47.27033233642578,-46.423824310302734,0.11706924438476562,-5.077033996582031,-101.3501968383789,96.64823913574219,47.27033233642578,-45.043956043956044,0.11706924438476562,0.8480104370515329
2.073,0,-5.0079827308654785,-101.34663391113281,96.6702880859375,47.04536437988281,-48.145259857177734,0.11135673522949219,-5.0079827308654785,-101.34663391113281,96.6702880859375,47.04536437988281,-46.714285714285715,0.11135673522949219,0.8480104370515329
2.107,0,-4.995641708374023,-101.34246063232422,96.68697357177734,46.82342529296875,-49.90239334106445,0.11137962341308594,-4.995641708374023,-101.34246063232422,96.68697357177734,46.82342529296875,-48.20879120879121,0.11137962341308594,0.8480104370515329
2.139,0,-5.003637790679932,-101.35276794433594,96.70320129394531,46.641510009765625,-51.59276580810547,0.11036300659179688,-5.003637790679932,-101.35276794433594,96.70320129394531,46.641510009765625,-49.7032967032967,0.11036300659179688,0.8480104370515329
2.173,0,-5.010014533996582,-101.35586547851562,96.72576141357422,46.46533966064453,-53.21969223022461,0.11947059631347656,-5.010014533996582,-101.35586547851562,96.72576141357422,46.46533966064453,-51.285714285714285,0.11947059631347656,0.8480104370515329
2.207,0,-4.929810047149658,-101.35858917236328,96.74275970458984,46.23920440673828,-54.950462341308594,0.12165260314941406,-4.929810047149658,-101.35858917236328,96.74275970458984,46.23920440673828,-52.86813186813187,0.12165260314941406,0.8480104370515329
2.240,0,-4.910252571105957,-101.3516845703125,96.7593002319336,46.03004455566406,-56.663333892822266,0.1329364776611328,-4.910252571105957,-101.3516845703125,96.7593002319336,46.03004455566406,-54.362637362637365,0.1329364776611328,0.8480104370515329
2.273,0,-4.858433246612549,-101.34226989746094,96.7659912109375,45.865806579589844,-58.25264358520508,0.1324462890625,-4.858433246612549,-101.34226989746094,96.7659912109375,45.865806579589844,-56.032967032967036,0.1324462890625,0.8480104370515329
2.307,0,-4.834464073181152,-101.34947967529297,96.77920532226562,45.69883728027344,-59.802825927734375,0.1623821258544922,-4.834464073181152,-101.34947967529297,96.77920532226562,45.69883728027344,-57.527472527472526,0.1623821258544922,0.8480104370515329
2.340,0,-4.756758213043213,-101.34065246582031,96.79917907714844,45.520965576171875,-61.324073791503906,0.17427825927734375,-4.756758213043213,-101.34065246582031,96.79917907714844,45.520965576171875,-59.02197802197802,0.17427825927734375,0.8480104370515329
2.374,0,-4.729794502258301,-101.30342102050781,96.80337524414062,45.32373809814453,-62.87486267089844,0.20378494262695312,-4.729794502258301,-101.30342102050781,96.80337524414062,45.32373809814453,-60.604395604395606,0.20378494262695312,0.8480104370515329
2.406,0,-4.658353805541992,-101.29097747802734,96.81106567382812,45.14109802246094,-64.38200378417969,0.22885894775390625,-4.658353805541992,-101.29097747802734,96.81106567382812,45.14109802246094,-62.0989010989011,0.22885894775390625,0.8480104370515329
2.440,0,-4.634737968444824,-101.2890396118164,96.82568359375,44.97608184814453,-65.81330871582031,0.25797271728515625,-4.634737968444824,-101.2890396118164,96.82568359375,44.97608184814453,-63.68131868131868,0.25797271728515625,0.8480104370515329
2.475,0,-4.525930404663086,-101.24101257324219,96.83216094970703,44.745147705078125,-67.2486572265625,0.2989540100097656,-4.525930404663086,-101.24101257324219,96.83216094970703,44.745147705078125,-65.26373626373626,0.2989540100097656,0.8480104370515329
2.507,0,-4.47481632232666,-101.18663024902344,96.83834075927734,44.52803039550781,-68.71812438964844,0.34264373779296875,-4.47481632232666,-101.18663024902344,96.83834075927734,44.52803039550781,-66.75824175824175,0.34264373779296875,0.8480104370515329
2.541,0,-4.409760475158691,-101.14887237548828,96.83465576171875,44.31366729736328,-70.15531921386719,0.3874244689941406,-4.409760475158691,-101.14887237548828,96.83465576171875,44.31366729736328,-68.34065934065934,0.3874244689941406,0.8480104370515329
2.575,0,-4.342286109924316,-101.11425018310547,96.83937072753906,44.09321594238281,-71.43444061279297,0.44741249084472656,-4.342286109924316,-101.11425018310547,96.83937072753906,44.09321594238281,-69.92307692307692,0.44741249084472656,0.8480104370515329
2.606,0,-4.179041385650635,-101.04161071777344,96.84024047851562,43.78666687011719,-72.7723388671875,0.5318431854248047,-4.179041385650635,-101.04161071777344,96.84024047851562,43.78666687011719,-71.32967032967034,0.5318431854248047,0.8480104370515329
2.640,0,-4.094369888305664,-100.97470092773438,96.84050750732422,43.525604248046875,-74.02886199951172,0.6050815582275391,-4.094369888305664,-100.97470092773438,96.84050750732422,43.525604248046875,-73.0,0.6050815582275391,0.8480104370515329
2.674,0,-3.963571071624756,-100.8805160522461,96.82762145996094,43.25221252441406,-75.29826354980469,0.7017669677734375,-3.963571071624756,-100.8805160522461,96.82762145996094,43.25221252441406,-74.58241758241758,0.7017669677734375,0.8480104370515329
2.707,0,-3.8227486610412598,-100.80182647705078,96.82316589355469,42.968528747558594,-76.36721801757812,0.8271121978759766,-3.8227486610412598,-100.80182647705078,96.82316589355469,42.968528747558594,-76.16483516483517,0.8271121978759766,0.8480104370515329
2.741,0,-3.66141414642334,-100.80420684814453,96.8335189819336,42.732933044433594,-77.3779525756836,0.9402542114257812,-3.66141414642334,-100.80420684814453,96.8335189819336,42.732933044433594,-77.3779525756836,0.9402542114257812,0.8480104370515329
2.773,0,-3.50600528717041,-100.71511840820312,96.82917785644531,42.450355529785156,-78.34963989257812,1.0786819458007812,-3.50600528717041,-100.71511840820312,96.82917785644531,42.450355529785156,-78.34963989257812,1.0786819458007812,0.8480104370515329
2.806,0,-3.337364673614502,-100.63186645507812,96.82521057128906,42.146385192871094,-79.27872467041016,1.2700958251953125,-3.337364673614502,-100.63186645507812,96.82521057128906,42.146385192871094,-79.27872467041016,1.2700958251953125,0.8480104370515329
2.842,0,-3.160431385040283,-100.61060333251953,96.82398986816406,41.886505126953125,-80.04571533203125,1.4682655334472656,-3.160431385040283,-100.61060333251953,96.82398986816406,41.886505126953125,-80.04571533203125,1.4682655334472656,0.91324200913242
2.875,0,-2.9846153259277344,-100.57254028320312,96.83403778076172,41.60337829589844,-80.72938537597656,1.6756572723388672,-2.9846153259277344,-100.57254028320312,96.83403778076172,41.60337829589844,-80.72938537597656,1.6756572723388672,1.0437051532941943
2.909,0,-2.765059232711792,-100.4743881225586,96.82621765136719,41.263641357421875,-81.32681274414062,1.9799041748046875,-2.765059232711792,-100.4743881225586,96.82621765136719,41.263641357421875,-81.32681274414062,1.9799041748046875,1.1741682974559686
2.941,0,-2.5811479091644287,-100.3983154296875,96.82566833496094,40.93463897705078,-81.92237091064453,2.307504653930664,-2.5811479091644287,-100.3983154296875,96.82566833496094,40.93463897705078,-81.92237091064453,2.307504653930664,1.36986301369863
2.978,0,-2.379502773284912,-100.38762664794922,96.83164978027344,40.61289978027344,-82.43217468261719,2.665538787841797,-2.379502773284912,-100.38762664794922,96.83164978027344,40.61289978027344,-82.43217468261719,2.665538787841797,1.4350945857795172
3.006,0,-2.1638708114624023,-100.3262939453125,96.83975982666016,40.24510955810547,-82.8709716796875,3.0334243774414062,-2.1638708114624023,-100.3262939453125,96.83975982666016,40.24510955810547,-82.8709716796875,3.0334243774414062,1.6960208741030658
3.044,0,-1.9329520463943481,-100.1558609008789,96.83802795410156,39.77989196777344,-83.23528289794922,3.4869136810302734,-1.9329520463943481,-100.1558609008789,96.83802795410156,39.77989196777344,-83.23528289794922,3.4869136810302734,1.8917155903457272
3.075,0,-1.7540110349655151,-100.0659408569336,96.84666442871094,39.425750732421875,-83.59172821044922,3.909912109375,-1.7540110349655151,-100.0659408569336,96.84666442871094,39.425750732421875,-83.59172821044922,3.909912109375,2.28310502283105
3.109,0,-1.552610993385315,-99.98247528076172,96.84488677978516,38.98345184326172,-83.91436767578125,4.421342849731445,-1.552610993385315,-99.98247528076172,96.84488677978516,38.98345184326172,-83.91436767578125,4.421342849731445,2.609262883235486
3.143,0,-1.3152987957000732,-99.88670349121094,96.85604858398438,38.55133056640625,-84.18424987792969,4.914710998535156,-1.3152987957000732,-99.88670349121094,96.85604858398438,38.55133056640625,-84.18424987792969,4.914710998535156,3.0658838878016956
3.176,0,-1.1140177249908447,-99.63724517822266,96.8609390258789,37.99396514892578,-84.4169692993164,5.470991134643555,-1.1140177249908447,-99.63724517822266,96.8609390258789,37.99396514892578,-84.4169692993164,5.470991134643555,3.457273320287019
3.211,0,-0.9425220489501953,-99.49335479736328,96.86956024169922,37.536705017089844,-84.68777465820312,6.072090148925781,-0.9425220489501953,-99.49335479736328,96.86956024169922,37.536705017089844,-84.68777465820312,6.072090148925781,3.9138943248532287
3.243,0,-0.7490566372871399,-99.33250427246094,96.86835479736328,36.99430847167969,-84.90265655517578,6.741426467895508,-0.7490566372871399,-99.33250427246094,96.86835479736328,36.99430847167969,-84.90265655517578,6.741426467895508,4.435746901500326
3.276,0,-0.5136951208114624,-99.13109588623047,96.89363861083984,36.39025115966797,-85.08073425292969,7.405874252319336,-0.5136951208114624,-99.13109588623047,96.89363861083984,36.39025115966797,-85.08073425292969,7.405874252319336,4.892367906066536
3.312,0,-0.3134040832519531,-98.76182556152344,96.89569091796875,35.673301696777344,-85.26476287841797,8.132640838623047,-0.3134040832519531,-98.76182556152344,96.89569091796875,35.673301696777344,-85.26476287841797,8.132640838623047,5.544683626875408
3.342,0,-0.14832580089569092,-98.48126983642578,96.91395568847656,35.026519775390625,-85.45670318603516,8.866968154907227,-0.14832580089569092,-98.48126983642578,96.91395568847656,35.026519775390625,-85.45670318603516,8.866968154907227,6.131767775603391
3.379,0,0.025897681713104248,-98.16944885253906,96.91844940185547,34.28327560424805,-85.63605499267578,9.641927719116211,0.025897681713104248,-98.16944885253906,96.91844940185547,34.28327560424805,-85.63605499267578,9.641927719116211,6.718851924331376
3.409,0,0.23616468906402588,-97.79478454589844,96.9361801147461,33.4923095703125,-85.77090454101562,10.44852352142334,0.23616468906402588,-97.79478454589844,96.9361801147461,33.4923095703125,-85.77090454101562,10.44852352142334,7.5016307893020215
3.444,0,0.40337347984313965,-97.20362091064453,96.92753601074219,32.54875564575195,-85.90911865234375,11.204096794128418,0.4033734798431397,-97.20362091064453,96.92753601074219,32.54875564575195,-85.90911865234375,11.204096794128418,8.088714938030005
3.478,0,0.5402935743331909,-96.72241973876953,96.95386505126953,31.678409576416016,-86.07649993896484,11.995121955871582,0.5402935743331909,-96.72241973876953,96.95386505126953,31.678409576416016,-86.07649993896484,11.995121955871582,8.936725375081538
3.512,0,0.7034602165222168,-96.28742980957031,96.96210479736328,30.800209045410156,-86.23546600341797,12.857030868530273,0.7034602165222168,-96.28742980957031,96.96210479736328,30.800209045410156,-86.23546600341797,12.857030868530273,9.719504240052185
3.544,0,0.5585496425628662,-96.05726623535156,96.9555892944336,30.3648681640625,-86.31046295166016,13.148506164550781,0.5585496425628662,-96.05726623535156,96.9555892944336,30.3648681640625,-86.31046295166016,13.148506164550781,10.371819960861057
3.579,0,1.183156132698059,-95.45462799072266,96.96635437011719,29.525768280029297,-86.45378875732422,13.599516868591309,1.183156132698059,-95.45462799072266,96.96635437011719,29.525768280029297,-86.45378875732422,13.599516868591309,11.154598825831702
3.612,0,1.6514805555343628,-94.93236541748047,96.98736572265625,28.750263214111328,-86.59767150878906,14.146669387817383,1.6514805555343628,-94.93236541748047,96.98736572265625,28.750263214111328,-86.59767150878906,14.146669387817383,11.937377690802348
3.647,0,1.4667855501174927,-94.79842376708984,96.97315979003906,28.4078369140625,-86.72329711914062,14.50682544708252,1.4667855501174927,-94.79842376708984,96.97315979003906,28.4078369140625,-86.72329711914062,14.50682544708252,12.459230267449446
3.677,0,1.0282171964645386,-94.5851058959961,96.96100616455078,28.043888092041016,-86.73755645751953,14.908040046691895,1.0282171964645386,-94.5851058959961,96.96100616455078,28.043888092041016,-86.73755645751953,14.908040046691895,12.981082844096543
3.713,0,1.6150001287460327,-93.97254943847656,96.99252319335938,27.185848236083984,-86.84619140625,15.456781387329102,1.6150001287460327,-93.97254943847656,96.99252319335938,27.185848236083984,-86.84619140625,15.456781387329102,13.50293542074364
3.746,0,1.6170073747634888,-93.19132232666016,96.98319244384766,26.13934326171875,-86.9446792602539,16.074810028076172,1.6170073747634888,-93.19132232666016,96.98319244384766,26.13934326171875,-86.9446792602539,16.074810028076172,13.959556425309849
3.778,0,1.410042643547058,-93.06436157226562,96.98703002929688,25.76522445678711,-87.04435729980469,16.510581970214844,1.410042643547058,-93.06436157226562,96.98703002929688,25.76522445678711,-87.04435729980469,16.510581970214844,14.350945857795171
3.813,0,0.9794518947601318,-92.71501922607422,97.0047607421875,25.211830139160156,-87.07953643798828,17.08333969116211,0.9794518947601318,-92.71501922607422,97.0047607421875,25.211830139160156,-87.07953643798828,17.08333969116211,14.938030006523157
3.847,0,1.5708898305892944,-91.78633117675781,97.03253173828125,23.919296264648438,-87.19916534423828,17.94784164428711,1.5708898305892944,-91.78633117675781,97.03253173828125,23.919296264648438,-87.19916534423828,17.94784164428711,15.52511415525114
3.879,0,1.531420111656189,-90.67572784423828,97.0293197631836,22.456031799316406,-87.28604125976562,18.792245864868164,1.531420111656189,-90.67572784423828,97.0293197631836,22.456031799316406,-87.28604125976562,18.792245864868164,15.981735159817351
3.912,0,1.29351007938385,-90.13491821289062,97.03617858886719,21.61178207397461,-87.39523315429688,19.476669311523438,1.29351007938385,-90.13491821289062,97.03617858886719,21.61178207397461,-87.39523315429688,19.476669311523438,16.503587736464446
3.950,0,0.7935224771499634,-89.62776184082031,97.04779052734375,20.872116088867188,-87.41947174072266,20.2177677154541,0.7935224771499634,-89.62776184082031,97.04779052734375,20.872116088867188,-87.41947174072266,20.2177677154541,17.35159817351598
3.980,0,1.2456740140914917,-88.51737976074219,97.04419708251953,19.396251678466797,-87.45783233642578,21.137372970581055,1.2456740140914917,-88.51737976074219,97.04419708251953,19.396251678466797,-87.45783233642578,21.137372970581055,18.06914546640574
4.012,0,1.1970525979995728,-87.1335678100586,97.04459381103516,17.583492279052734,-87.55826568603516,22.182008743286133,1.1970525979995728,-87.1335678100586,97.04459381103516,17.681318681318682,-87.55826568603516,22.182008743286133,18.72146118721461
4.047,0,1.2530163526535034,-86.21575927734375,97.03795623779297,16.29016876220703,-87.66836547851562,22.94759178161621,1.2530163526535034,-86.21575927734375,97.03795623779297,16.36263736263736,-87.66836547851562,22.94759178161621,19.504240052185256
4.081,0,0.7625967264175415,-85.3681411743164,97.04655456542969,15.106781005859375,-87.70832824707031,23.75858497619629,0.7625967264175415,-85.3681411743164,97.04655456542969,15.106781005859375,-87.70832824707031,23.75858497619629,20.482713633398564
4.111,0,1.3397022485733032,-83.99966430664062,97.06782531738281,13.329437255859375,-87.76782989501953,24.7382869720459,1.3397022485733032,-83.99966430664062,97.06782531738281,13.725274725274726,-87.76782989501953,24.7382869720459,21.26549249836921
4.147,0,1.267112374305725,-82.62366485595703,97.04518127441406,11.593677520751953,-87.84640502929688,25.697826385498047,1.267112374305725,-82.62366485595703,97.04518127441406,12.406593406593405,-87.84640502929688,25.697826385498047,22.113502935420744
4.181,0,1.173617959022522,-81.71363067626953,97.04842376708984,10.320709228515625,-87.975830078125,26.496280670166016,1.173617959022522,-81.71363067626953,97.04842376708984,10.912087912087912,-87.975830078125,26.496280670166016,23.026744944553162
4.215,0,0.6734621524810791,-80.68749237060547,97.03422546386719,8.983009338378906,-88.01586151123047,27.37488555908203,0.6734621524810791,-80.68749237060547,97.03422546386719,9.593406593406593,-88.01586151123047,27.37488555908203,23.874755381604697
4.249,0,1.0616143941879272,-79.11787414550781,96.97828674316406,7.1232452392578125,-88.08352661132812,28.37761878967285,1.0616143941879272,-79.11787414550781,96.97828674316406,8.186813186813186,-88.08352661132812,28.37761878967285,24.787997390737115
4.282,0,1.2840522527694702,-77.29927062988281,96.88240051269531,4.976947784423828,-88.19287872314453,29.395172119140625,1.2840522527694702,-77.29927062988281,96.88240051269531,6.868131868131869,-88.19287872314453,29.395172119140625,25.570776255707763
4.315,0,1.144168496131897,-76.03008270263672,96.8003921508789,3.5082244873046875,-88.32752990722656,30.091625213623047,1.144168496131897,-76.03008270263672,96.8003921508789,5.549450549450549,-88.32752990722656,30.091625213623047,26.48401826484018
4.349,0,0.5744515657424927,-74.70333099365234,96.70817565917969,2.028963088989258,-88.38468933105469,30.87051773071289,0.5744515657424927,-74.70333099365234,96.70817565917969,4.054945054945055,-88.38468933105469,30.87051773071289,27.46249184605349
4.382,0,0.9894919395446777,-72.84414672851562,96.5363540649414,-0.00327301025390625,-88.47501373291016,31.797000885009766,0.9894919395446777,-72.84414672851562,96.5363540649414,2.7362637362637363,-88.47501373291016,31.797000885009766,28.440965427266796
4.416,0,1.265703797340393,-70.7534408569336,96.30879211425781,-2.2348861694335938,-88.60807800292969,32.69425964355469,1.265703797340393,-71.35164835164835,96.30879211425781,1.4175824175824179,-88.60807800292969,32.69425964355469,29.158512720156555
4.448,0,1.094457745552063,-68.9864501953125,96.00123596191406,-3.980630874633789,-88.75128173828125,33.270347595214844,1.094457745552063,-69.76923076923077,96.00123596191406,0.01098901098901095,-88.75128173828125,33.270347595214844,30.006523157208086
4.483,0,0.48887455463409424,-67.44490051269531,95.74443054199219,-5.47235107421875,-88.82064819335938,33.965415954589844,0.48887455463409424,-68.18681318681318,95.74443054199219,-1.3956043956043955,-88.82064819335938,33.965415954589844,30.85453359425962
4.517,0,0.7885898351669312,-65.66413879394531,95.43248748779297,-7.11674690246582,-88.83919525146484,34.59272384643555,0.7885898351669312,-66.6923076923077,95.43248748779297,-2.7142857142857144,-88.83919525146484,34.59272384643555,31.83300717547293
4.549,0,0.999690055847168,-63.568275451660156,95.00868225097656,-9.006471633911133,-88.91136169433594,35.293888092041016,0.999690055847168,-65.1978021978022,95.00868225097656,-4.1208791208791204,-88.91136169433594,35.293888092041016,32.4853228962818
4.582,0,0.8335127830505371,-62.078399658203125,94.68159484863281,-10.32009506225586,-89.01753234863281,35.722503662109375,0.8335127830505371,-63.61538461538461,94.68159484863281,-5.527472527472527,-89.01753234863281,35.722503662109375,33.13763861709067
4.616,0,0.21643686294555664,-60.69194030761719,94.4017105102539,-11.554161071777344,-89.07556915283203,36.2557258605957,0.21643686294555664,-62.032967032967036,94.4017105102539,-6.846153846153847,-89.07556915283203,36.2557258605957,33.85518590998043
4.650,0,0.5537524223327637,-58.74835205078125,93.96708679199219,-13.192937850952148,-89.08743286132812,36.90906524658203,0.5537524223327637,-60.450549450549445,93.96708679199219,-8.252747252747252,-89.08743286132812,36.90906524658203,34.57273320287019
4.683,0,0.7924449443817139,-56.383766174316406,93.44264221191406,-15.242795944213867,-89.14768981933594,37.609153747558594,0.7924449443817139,-58.956043956043956,93.44264221191406,-9.571428571428571,-89.14768981933594,37.609153747558594,35.0293542074364
4.717,0,0.7278772592544556,-55.176361083984375,93.11575317382812,-16.234603881835938,-89.2669677734375,37.934532165527344,0.7278772592544556,-57.285714285714285,93.11575317382812,-10.978021978021978,-89.2669677734375,37.934532165527344,35.61643835616438
4.750,0,0.0812566876411438,-53.82516860961914,92.78147888183594,-17.33110809326172,-89.32374572753906,38.39952087402344,0.0812566876411438,-55.79120879120879,92.78147888183594,-12.296703296703296,-89.32374572753906,38.39952087402344,36.26875407697325
4.783,0,0.4997328519821167,-51.79117965698242,92.25251770019531,-18.93991470336914,-89.29019927978516,38.9202766418457,0.4997328519821167,-54.20879120879121,92.25251770019531,-13.615384615384615,-89.29019927978516,38.9202766418457,36.855838225701234
4.816,0,0.8536902666091919,-49.633636474609375,91.60017395019531,-20.599449157714844,-89.28202056884766,39.328880310058594,0.8536902666091919,-52.62637362637363,91.60017395019531,-15.021978021978022,-89.28202056884766,39.328880310058594,37.37769080234833
4.850,0,0.8654247522354126,-48.10618591308594,90.93998718261719,-21.676830291748047,-89.35910034179688,39.464149475097656,0.8654247522354126,-50.956043956043956,90.93998718261719,-16.340659340659343,-89.35910034179688,39.464149475097656,37.83431180691454
4.882,0,0.19958007335662842,-46.94828796386719,90.53614807128906,-22.457305908203125,-89.389892578125,39.76210021972656,0.19958007335662842,-49.46153846153846,90.53614807128906,-17.747252747252745,-89.389892578125,39.76210021972656,38.35616438356164
4.916,0,0.6646169424057007,-45.32465362548828,90.03475189208984,-23.622529983520508,-89.37594604492188,40.03135681152344,0.6646169424057007,-47.79120879120879,90.03475189208984,-19.065934065934066,-89.37594604492188,40.03135681152344,38.74755381604697
4.951,0,0.9610382318496704,-43.35843276977539,89.33799743652344,-25.075519561767578,-89.36744689941406,40.307167053222656,0.9610382318496704,-46.20879120879121,89.33799743652344,-20.472527472527474,-89.36744689941406,40.307167053222656,39.00848010437051
4.984,0,1.0407273769378662,-42.3156852722168,88.79438018798828,-25.725805282592773,-89.44219207763672,40.33039474487305,1.0407273769378662,-44.53846153846154,88.79438018798828,-21.87912087912088,-89.44219207763672,40.33039474487305,39.33463796477495
5.018,0,0.449979305267334,-41.43501281738281,88.39558410644531,-26.272367477416992,-89.48321533203125,40.51457977294922,0.449979305267334,-42.956043956043956,88.39558410644531,-23.10989010989011,-89.48321533203125,40.51457977294922,39.660795825179385
5.050,0,0.9700089693069458,-40.188621520996094,87.95812225341797,-27.141273498535156,-89.4662094116211,40.60774612426758,0.9700089693069458,-41.37362637362637,87.95812225341797,-24.428571428571427,-89.4662094116211,40.60774612426758,39.85649054142205
5.083,0,1.3346349000930786,-38.568939208984375,87.31229400634766,-28.3201961517334,-89.46461486816406,40.72782897949219,1.3346349000930786,-39.7032967032967,87.31229400634766,-25.747252747252748,-89.46461486816406,40.72782897949219,40.05218525766471
5.117,0,1.4452875852584839,-37.56035232543945,86.75485229492188,-28.94222640991211,-89.52726745605469,40.765655517578125,1.4452875852584839,-38.120879120879124,86.75485229492188,-27.153846153846153,-89.52726745605469,40.765655517578125,40.182648401826484
5.152,0,0.884791374206543,-37.001102447509766,86.42379760742188,-29.188587188720703,-89.58936309814453,40.80229949951172,0.884791374206543,-37.001102447509766,86.42379760742188,-28.560439560439562,-89.58936309814453,40.80229949951172,40.37834311806915
5.183,0,1.4956940412521362,-35.90894317626953,85.99635314941406,-29.936861038208008,-89.56906127929688,40.830116271972656,1.4956940412521362,-35.90894317626953,85.99635314941406,-29.791208791208792,-89.56906127929688,40.830116271972656,40.44357469015003
5.224,0,1.1509491205215454,-34.17213439941406,85.31987762451172,-31.169408798217773,-89.58007049560547,40.968841552734375,1.1509491205215454,-34.17213439941406,85.31987762451172,-31.169408798217773,-89.58007049560547,40.968841552734375,40.50880626223092
5.253,0,1.2918974161148071,-33.56135559082031,84.94011688232422,-31.49945068359375,-89.65007781982422,40.926048278808594,1.2918974161148071,-33.56135559082031,84.94011688232422,-31.49945068359375,-89.65007781982422,40.926048278808594,40.50880626223092
5.281,0,0.7420231103897095,-33.389705657958984,84.74667358398438,-31.390348434448242,-89.71070861816406,40.868797302246094,0.7420231103897095,-33.389705657958984,84.74667358398438,-31.390348434448242,-89.71070861816406,40.868797302246094,40.50880626223092
5.316,0,1.2983101606369019,-32.35184097290039,84.25767517089844,-32.00840759277344,-89.68596649169922,40.859676361083984,1.2983101606369019,-32.35184097290039,84.25767517089844,-32.00840759277344,-89.68596649169922,40.859676361083984,40.63926940639269
5.352,0,1.6748100519180298,-31.054588317871094,83.72898864746094,-32.93291091918945,-89.71182250976562,40.948997497558594,1.6748100519180298,-31.054588317871094,83.72898864746094,-32.93291091918945,-89.71182250976562,40.948997497558594,40.63926940639269
5.383,0,1.855979084968567,-30.593557357788086,83.3350830078125,-33.07560729980469,-89.78475952148438,40.84144592285156,1.855979084968567,-30.593557357788086,83.3350830078125,-33.07560729980469,-89.78475952148438,40.84144592285156,40.704500978473575
5.419,0,1.284056305885315,-30.515380859375,83.13475799560547,-32.8948974609375,-89.84942626953125,40.767120361328125,1.284056305885315,-30.515380859375,83.13475799560547,-32.8948974609375,-89.84942626953125,40.767120361328125,40.704500978473575
5.451,0,1.7328087091445923,-29.70448112487793,82.76387023925781,-33.41196823120117,-89.80120849609375,40.75352096557617,1.7328087091445923,-29.70448112487793,82.76387023925781,-33.41196823120117,-89.80120849609375,40.75352096557617,40.704500978473575
5.483,0,2.150639533996582,-28.698591232299805,82.34809875488281,-34.1309814453125,-89.8078384399414,40.87697219848633,2.150639533996582,-28.698591232299805,82.34809875488281,-34.1309814453125,-89.8078384399414,40.87697219848633,40.704500978473575
5.519,0,2.415079116821289,-28.734968185424805,82.16629028320312,-33.890193939208984,-89.86554718017578,40.672122955322266,2.415079116821289,-28.734968185424805,82.16629028320312,-33.890193939208984,-89.86554718017578,40.672122955322266,40.704500978473575
5.552,0,1.877475380897522,-28.97323989868164,82.03857421875,-33.37342071533203,-89.91284942626953,40.528072357177734,1.877475380897522,-28.97323989868164,82.03857421875,-33.37342071533203,-89.91284942626953,40.528072357177734,40.704500978473575
5.586,0,2.4304323196411133,-27.601728439331055,81.55072021484375,-34.41758346557617,-89.85712432861328,40.79973602294922,2.4304323196411133,-27.601728439331055,81.55072021484375,-34.41758346557617,-89.85712432861328,40.79973602294922,40.704500978473575
5.619,0,2.200582981109619,-26.548389434814453,81.04938507080078,-35.15255355834961,-89.87224578857422,40.891231536865234,2.200582981109619,-26.548389434814453,81.04938507080078,-35.15255355834961,-89.87224578857422,40.891231536865234,40.704500978473575
5.653,0,2.5406031608581543,-26.89406967163086,81.02635192871094,-34.688838958740234,-89.92833709716797,40.635498046875,2.5406031608581543,-26.89406967163086,81.02635192871094,-34.688838958740234,-89.92833709716797,40.635498046875,40.704500978473575
5.687,0,2.0154776573181152,-27.09421730041504,80.90064239501953,-34.18208694458008,-89.99405670166016,40.49051284790039,2.0154776573181152,-27.09421730041504,80.90064239501953,-34.18208694458008,-89.99405670166016,40.49051284790039,40.704500978473575
5.719,0,2.508272647857666,-26.41435432434082,80.57196044921875,-34.652183532714844,-89.9522933959961,40.459510803222656,2.508272647857666,-26.41435432434082,80.57196044921875,-34.652183532714844,-89.9522933959961,40.459510803222656,40.704500978473575
5.753,0,2.8252992630004883,-25.49044418334961,80.18196105957031,-35.38483428955078,-89.9454345703125,40.37389373779297,2.8252992630004883,-25.49044418334961,80.18196105957031,-35.38483428955078,-89.9454345703125,40.37389373779297,40.704500978473575
5.786,0,3.1103343963623047,-25.72336196899414,79.82852172851562,-34.74445724487305,-90.05284118652344,40.094688415527344,3.1103343963623047,-25.72336196899414,79.82852172851562,-34.74445724487305,-90.05284118652344,40.094688415527344,40.704500978473575
5.819,0,2.5837607383728027,-26.22908592224121,79.8002700805664,-34.017539978027344,-90.12010192871094,39.90746307373047,2.5837607383728027,-26.22908592224121,79.8002700805664,-34.017539978027344,-90.12010192871094,39.90746307373047,40.704500978473575
5.853,0,3.089818000793457,-25.610761642456055,79.39836120605469,-34.31328582763672,-90.07100677490234,39.80308151245117,3.089818000793457,-25.610761642456055,79.39836120605469,-34.31328582763672,-90.07100677490234,39.80308151245117,40.5740378343118
5.888,0,3.305650234222412,-24.427833557128906,78.86014556884766,-35.248321533203125,-90.0673599243164,39.899139404296875,3.305650234222412,-24.427833557128906,78.86014556884766,-35.248321533203125,-90.0673599243164,39.899139404296875,40.31311154598826
5.920,0,3.669044017791748,-25.14075469970703,78.95817565917969,-34.55177688598633,-90.12205505371094,39.521705627441406,3.669044017791748,-25.14075469970703,78.95817565917969,-34.55177688598633,-90.12205505371094,39.521705627441406,40.182648401826484
5.953,0,3.158285617828369,-25.62187957763672,78.99925994873047,-33.89639663696289,-90.21121215820312,39.25049591064453,3.158285617828369,-25.62187957763672,78.99925994873047,-33.89639663696289,-90.21121215820312,39.25049591064453,40.11741682974559
5.989,0,3.679598331451416,-24.728281021118164,78.46246337890625,-34.45912170410156,-90.12116241455078,39.35982131958008,3.679598331451416,-24.728281021118164,78.46246337890625,-34.45912170410156,-90.12116241455078,39.35982131958008,39.92172211350293
6.018,0,3.7595925331115723,-24.685867309570312,78.0898666381836,-34.33829116821289,-90.13124084472656,39.32455825805664,3.7595925331115723,-24.685867309570312,78.0898666381836,-34.33829116821289,-90.13124084472656,39.32455825805664,39.660795825179385
6.056,0,4.120314121246338,-25.63695526123047,78.24188232421875,-33.40220260620117,-90.15693664550781,38.926719665527344,4.120314121246338,-25.63695526123047,78.24188232421875,-33.40220260620117,-90.15693664550781,38.926719665527344,39.53033268101761
6.085,0,3.6463112831115723,-26.348892211914062,78.3779296875,-32.51003646850586,-90.21196746826172,38.64919662475586,3.6463112831115723,-26.348892211914062,78.3779296875,-32.51003646850586,-90.21196746826172,38.64919662475586,39.53033268101761
6.123,0,4.2752461433410645,-25.26118278503418,77.91498565673828,-33.345760345458984,-90.10353088378906,38.77177810668945,4.2752461433410645,-25.26118278503418,77.91498565673828,-33.345760345458984,-90.10353088378906,38.77177810668945,39.46510110893672
6.153,0,4.677306652069092,-24.059478759765625,77.45648193359375,-34.440834045410156,-90.03562927246094,38.98305892944336,4.677306652069092,-24.059478759765625,77.45648193359375,-34.440834045410156,-90.03562927246094,38.98305892944336,39.138943248532286
6.188,0,5.078578472137451,-24.860328674316406,77.60470581054688,-33.629547119140625,-90.05952453613281,38.65997314453125,5.078578472137451,-24.860328674316406,77.60470581054688,-33.629547119140625,-90.05952453613281,38.65997314453125,39.0737116764514
6.219,0,4.657835960388184,-25.447463989257812,77.50174713134766,-32.706058502197266,-90.19750213623047,38.25397491455078,4.657835960388184,-25.447463989257812,77.50174713134766,-32.706058502197266,-90.19750213623047,38.25397491455078,39.0737116764514
6.255,0,5.310009479522705,-24.786653518676758,77.20655822753906,-33.23643112182617,-90.09678649902344,38.28943634033203,5.310009479522705,-24.786653518676758,77.20655822753906,-33.23643112182617,-90.09678649902344,38.28943634033203,38.94324853228962
6.287,0,5.729537010192871,-23.6901912689209,76.72154998779297,-34.19097900390625,-90.00231170654297,38.7402229309082,5.729537010192871,-23.6901912689209,76.72154998779297,-34.19097900390625,-90.00231170654297,38.7402229309082,38.74755381604697
6.324,0,6.209287643432617,-24.609298706054688,76.94254302978516,-33.29270935058594,-90.0256576538086,38.292137145996094,6.209287643432617,-24.609298706054688,76.94254302978516,-33.29270935058594,-90.0256576538086,38.292137145996094,38.486627527723414
6.354,0,5.843119144439697,-25.512523651123047,77.14032745361328,-32.31720733642578,-90.10346221923828,37.896583557128906,5.843119144439697,-25.512523651123047,77.14032745361328,-32.31720733642578,-90.10346221923828,37.896583557128906,38.486627527723414
6.388,0,5.763125896453857,-24.165254592895508,76.60739135742188,-33.532596588134766,-90.0247802734375,38.478172302246094,5.763125896453857,-24.165254592895508,76.60739135742188,-33.532596588134766,-90.0247802734375,38.478172302246094,38.486627527723414
6.423,0,6.105629920959473,-22.30560302734375,75.94824981689453,-35.20231628417969,-89.92227935791016,39.12809371948242,6.105629920959473,-22.30560302734375,75.94824981689453,-35.20231628417969,-89.92227935791016,39.12809371948242,38.29093281148076
6.457,0,6.485305309295654,-23.52996063232422,76.38525390625,-34.15771484375,-89.95165252685547,38.62285232543945,6.485305309295654,-23.52996063232422,76.38525390625,-34.15771484375,-89.95165252685547,38.62285232543945,38.16046966731898
6.487,0,6.080626010894775,-24.659378051757812,76.77349090576172,-33.06665802001953,-90.0363540649414,38.14723205566406,6.080626010894775,-24.659378051757812,76.77349090576172,-33.06665802001953,-90.0363540649414,38.14723205566406,38.29093281148076
6.522,0,6.876312255859375,-23.242223739624023,76.21709442138672,-34.27164077758789,-89.9466552734375,38.5372428894043,6.876312255859375,-23.242223739624023,76.21709442138672,-34.27164077758789,-89.9466552734375,38.5372428894043,38.551859099804304
6.557,0,7.089825630187988,-22.217918395996094,75.65586853027344,-35.052494049072266,-89.88224029541016,38.66554260253906,7.089825630187988,-22.217918395996094,75.65586853027344,-35.052494049072266,-89.88224029541016,38.66554260253906,38.35616438356164
6.591,0,7.447096824645996,-23.177261352539062,75.88395690917969,-34.11703109741211,-89.93462371826172,38.20062255859375,7.447096824645996,-23.177261352539062,75.88395690917969,-34.11703109741211,-89.93462371826172,38.20062255859375,38.29093281148076
6.622,0,7.110513210296631,-24.271411895751953,76.1792221069336,-33.00886535644531,-89.98796081542969,37.70148468017578,7.110513210296631,-24.271411895751953,76.1792221069336,-33.00886535644531,-89.98796081542969,37.70148468017578,38.42139595564253
6.659,0,7.929746627807617,-23.364425659179688,75.70980072021484,-33.7993049621582,-89.87952423095703,37.912742614746094,7.929746627807617,-23.364425659179688,75.70980072021484,-33.7993049621582,-89.87952423095703,37.912742614746094,38.35616438356164
6.690,0,8.501548767089844,-22.08961296081543,75.17108917236328,-35.001976013183594,-89.8357925415039,38.08300018310547,8.501548767089844,-22.08961296081543,75.17108917236328,-35.001976013183594,-89.8357925415039,38.08300018310547,38.22570123939987
6.725,0,8.951879501342773,-22.881988525390625,75.39161682128906,-34.23237228393555,-89.8769302368164,37.62245559692383,8.951879501342773,-22.881988525390625,75.39161682128906,-34.23237228393555,-89.8769302368164,37.62245559692383,37.89954337899543
6.758,0,8.695380210876465,-23.869535446166992,75.61734008789062,-33.22946548461914,-89.95867919921875,37.17253494262695,8.695380210876465,-23.869535446166992,75.61734008789062,-33.22946548461914,-89.95867919921875,37.17253494262695,37.96477495107632
6.789,0,9.50329303741455,-22.04180908203125,74.81449127197266,-34.72150421142578,-89.88203430175781,37.67073440551758,9.50329303741455,-22.04180908203125,74.81449127197266,-34.72150421142578,-89.88203430175781,37.67073440551758,37.96477495107632
6.823,0,10.059249877929688,-20.140621185302734,74.03596496582031,-36.36885452270508,-89.8410873413086,38.199615478515625,10.059249877929688,-20.140621185302734,74.03596496582031,-36.36885452270508,-89.8410873413086,38.199615478515625,37.76908023483366
6.857,0,10.268486976623535,-20.89667320251465,74.07466888427734,-35.43709182739258,-89.89685821533203,37.74550247192383,10.268486976623535,-20.89667320251465,74.07466888427734,-35.43709182739258,-89.89685821533203,37.74550247192383,37.638617090671886
6.890,0,10.37944221496582,-21.612918853759766,74.18952941894531,-34.6478385925293,-89.94855499267578,37.342342376708984,10.37944221496582,-21.612918853759766,74.18952941894531,-34.6478385925293,-89.94855499267578,37.342342376708984,37.70384866275277
6.927,0,10.137260437011719,-22.60723876953125,74.49961853027344,-33.663063049316406,-90.0263442993164,36.866241455078125,10.137260437011719,-22.60723876953125,74.49961853027344,-33.663063049316406,-90.0263442993164,36.866241455078125,37.76908023483366
6.958,0,10.19305419921875,-20.525184631347656,73.55342864990234,-35.27022933959961,-90.00354766845703,37.51354217529297,10.19305419921875,-20.525184631347656,73.55342864990234,-35.27022933959961,-90.00354766845703,37.51354217529297,37.573385518590996
6.992,0,10.65802001953125,-19.047592163085938,72.9496841430664,-36.57639694213867,-89.93229675292969,38.00300598144531,10.65802001953125,-19.047592163085938,72.9496841430664,-36.57639694213867,-89.93229675292969,38.00300598144531,37.44292237442922
7.026,0,10.825571060180664,-19.790807723999023,73.00118255615234,-35.66642761230469,-90.01129150390625,37.48612976074219,10.825571060180664,-19.790807723999023,73.00118255615234,-35.66642761230469,-90.01129150390625,37.48612976074219,37.31245923026745
7.058,0,10.94723892211914,-20.740455627441406,73.17008209228516,-34.685081481933594,-90.10347747802734,37.04486083984375,10.94723892211914,-20.740455627441406,73.17008209228516,-34.685081481933594,-90.10347747802734,37.04486083984375,37.44292237442922
7.093,0,10.755375862121582,-21.668140411376953,73.53211975097656,-33.779327392578125,-90.19034576416016,36.545188903808594,10.755375862121582,-21.668140411376953,73.53211975097656,-33.779327392578125,-90.19034576416016,36.545188903808594,37.573385518590996
7.126,0,10.781172752380371,-19.384681701660156,72.51235961914062,-35.53486251831055,-90.12628173828125,37.39432144165039,10.781172752380371,-19.384681701660156,72.51235961914062,-35.53486251831055,-90.12628173828125,37.39432144165039,37.37769080234833
7.159,0,11.089308738708496,-18.43468475341797,72.09393310546875,-36.45051193237305,-90.03073120117188,37.69606399536133,11.089308738708496,-18.43468475341797,72.09393310546875,-36.45051193237305,-90.03073120117188,37.69606399536133,37.11676451402479
7.196,0,11.295114517211914,-19.457469940185547,72.40634155273438,-35.51197814941406,-90.11680603027344,37.21383285522461,11.295114517211914,-19.457469940185547,72.40634155273438,-35.51197814941406,-90.11680603027344,37.21383285522461,37.0515329419439
7.225,0,11.089253425598145,-20.442203521728516,72.83720397949219,-34.64392852783203,-90.19539642333984,36.728370666503906,11.089253425598145,-20.442203521728516,72.83720397949219,-34.64392852783203,-90.19539642333984,36.728370666503906,37.18199608610567
7.260,0,11.605053901672363,-18.538969039916992,72.14442443847656,-36.200965881347656,-90.066162109375,37.37727737426758,11.605053901672363,-18.538969039916992,72.14442443847656,-36.200965881347656,-90.066162109375,37.37727737426758,37.24722765818656
7.291,0,11.832049369812012,-17.866165161132812,71.79741668701172,-36.82653045654297,-89.95347595214844,37.688297271728516,11.832049369812012,-17.866165161132812,71.79741668701172,-36.82653045654297,-89.95347595214844,37.688297271728516,37.0515329419439
7.327,0,12.002018928527832,-19.067745208740234,72.17784881591797,-35.76579666137695,-90.01826477050781,37.09510803222656,12.002018928527832,-19.067745208740234,72.17784881591797,-35.76579666137695,-90.01826477050781,37.09510803222656,36.986301369863014
7.359,0,11.840726852416992,-20.06330108642578,72.61843872070312,-34.88479995727539,-90.05731964111328,36.66819763183594,11.840726852416992,-20.06330108642578,72.61843872070312,-34.88479995727539,-90.05731964111328,36.66819763183594,37.24722765818656
7.394,0,12.390129089355469,-16.676204681396484,71.2465591430664,-37.3890380859375,-89.98692321777344,37.94584274291992,12.390129089355469,-16.676204681396484,71.2465591430664,-37.3890380859375,-89.98692321777344,37.94584274291992,37.31245923026745
7.426,0,12.796669960021973,-13.503990173339844,70.03449249267578,-39.87449264526367,-89.91146850585938,39.06807327270508,12.796669960021973,-13.503990173339844,70.03449249267578,-39.87449264526367,-89.91146850585938,39.06807327270508,37.18199608610567
7.462,0,13.01536750793457,-14.168191909790039,70.13523864746094,-39.188514709472656,-90.00154876708984,38.739097595214844,13.01536750793457,-14.168191909790039,70.13523864746094,-39.188514709472656,-90.00154876708984,38.739097595214844,37.0515329419439
7.494,0,12.868953704833984,-15.105862617492676,70.59471893310547,-38.37033462524414,-90.05158996582031,38.263545989990234,12.868953704833984,-15.105862617492676,70.59471893310547,-38.37033462524414,-90.05158996582031,38.263545989990234,37.638617090671886
7.527,0,13.257173538208008,-12.278846740722656,69.4911880493164,-40.65473937988281,-89.96176147460938,39.347312927246094,13.257173538208008,-12.278846740722656,69.4911880493164,-40.65473937988281,-89.96176147460938,39.347312927246094,38.16046966731898
7.563,0,12.819147109985352,-11.077587127685547,68.93695068359375,-41.63929748535156,-89.9247055053711,39.855224609375,12.819147109985352,-11.077587127685547,68.93695068359375,-41.63929748535156,-89.9247055053711,39.855224609375,38.095238095238095
7.593,0,12.9699068069458,-11.993738174438477,69.22510528564453,-40.77422332763672,-90.00859069824219,39.384071350097656,12.9699068069458,-11.993738174438477,69.22510528564453,-40.77422332763672,-90.00859069824219,39.384071350097656,38.095238095238095
7.629,0,12.787866592407227,-12.69810676574707,69.46924591064453,-40.11544418334961,-90.07511138916016,39.04536437988281,12.787866592407227,-12.69810676574707,69.46924591064453,-40.11544418334961,-90.07511138916016,39.04536437988281,38.81278538812785
7.662,0,13.158357620239258,-9.632991790771484,68.24722290039062,-42.45802307128906,-89.99381256103516,40.168968200683594,13.158357620239258,-9.632991790771484,68.24722290039062,-42.45802307128906,-89.99381256103516,40.168968200683594,39.00848010437051
7.695,0,12.763468742370605,-9.370805740356445,67.98836517333984,-42.60699462890625,-89.98436737060547,40.29822540283203,12.763468742370605,-9.370805740356445,67.98836517333984,-42.60699462890625,-89.98436737060547,40.29822540283203,39.00848010437051
7.731,0,12.95669937133789,-9.738449096679688,68.06498718261719,-42.14168930053711,-90.0819091796875,40.001644134521484,12.95669937133789,-9.738449096679688,68.06498718261719,-42.14168930053711,-90.0819091796875,40.001644134521484,39.138943248532286
7.763,0,12.772757530212402,-10.449552536010742,68.43150329589844,-41.50848388671875,-90.1287612915039,39.68235778808594,12.772757530212402,-10.449552536010742,68.43150329589844,-41.50848388671875,-90.1287612915039,39.68235778808594,39.660795825179385
7.794,0,12.982736587524414,-9.28945541381836,67.94129180908203,-42.62851333618164,-90.10067749023438,40.16477966308594,12.982736587524414,-9.28945541381836,67.94129180908203,-42.62851333618164,-90.10067749023438,40.16477966308594,39.726027397260275
7.831,0,12.469208717346191,-7.30894660949707,66.98397064208984,-44.111934661865234,-90.08184814453125,40.96980285644531,12.469208717346191,-7.30894660949707,66.98397064208984,-44.111934661865234,-90.08184814453125,40.96980285644531,39.726027397260275
7.861,0,12.665833473205566,-7.780632019042969,67.09140014648438,-43.60538864135742,-90.17498016357422,40.643829345703125,12.665833473205566,-7.780632019042969,67.09140014648438,-43.60538864135742,-90.17498016357422,40.643829345703125,39.79125896934116
7.897,0,12.48576545715332,-8.566762924194336,67.36344909667969,-42.862640380859375,-90.23580932617188,40.255680084228516,12.48576545715332,-8.566762924194336,67.36344909667969,-42.862640380859375,-90.23580932617188,40.255680084228516,40.05218525766471
7.931,0,12.81308650970459,-5.309726715087891,66.10195922851562,-45.373809814453125,-90.18316650390625,41.408905029296875,12.81308650970459,-5.309726715087891,66.10195922851562,-45.373809814453125,-90.18316650390625,41.408905029296875,40.37834311806915
7.962,0,12.355486869812012,-4.037528991699219,65.43172454833984,-46.307044982910156,-90.18309020996094,41.85031509399414,12.355486869812012,-4.037528991699219,65.43172454833984,-46.307044982910156,-90.18309020996094,41.85031509399414,40.31311154598826
7.997,0,12.478846549987793,-4.581132888793945,65.45631408691406,-45.689491271972656,-90.29216766357422,41.45140075683594,12.478846549987793,-4.581132888793945,65.45631408691406,-45.689491271972656,-90.29216766357422,41.45140075683594,40.37834311806915
8.031,0,12.617547988891602,-3.7452354431152344,65.17342376708984,-46.47369384765625,-90.22984313964844,41.88533401489258,12.617547988891602,-3.7452354431152344,65.17342376708984,-46.47369384765625,-90.22984313964844,41.88533401489258,40.96542726679713
8.063,0,12.774609565734863,-2.814178466796875,64.75923919677734,-47.23374938964844,-90.16938781738281,42.213871002197266,12.774609565734863,-2.814178466796875,64.75923919677734,-47.23374938964844,-90.16938781738281,42.213871002197266,41.16112198303979
8.098,0,12.301815032958984,-1.8678569793701172,64.29953002929688,-48.047061920166016,-90.15943908691406,42.445350646972656,12.301815032958984,-1.8678569793701172,64.29953002929688,-48.047061920166016,-90.15943908691406,42.445350646972656,41.16112198303979
8.131,0,12.118073463439941,-2.1858692169189453,64.38897705078125,-47.64577102661133,-90.22305297851562,42.22689437866211,12.118073463439941,-2.1858692169189453,64.38897705078125,-47.64577102661133,-90.22305297851562,42.22689437866211,41.55251141552511
8.165,0,11.877745628356934,-2.7740402221679688,64.63278198242188,-47.114383697509766,-90.30996704101562,41.94158172607422,11.877745628356934,-2.7740402221679688,64.63278198242188,-47.114383697509766,-90.30996704101562,41.94158172607422,41.81343770384866
8.198,0,12.190264701843262,-0.7674026489257812,63.946083068847656,-48.83531188964844,-90.22825622558594,42.464874267578125,12.190264701843262,-0.7674026489257812,63.946083068847656,-48.83531188964844,-90.22825622558594,42.464874267578125,41.878669275929546
8.231,0,12.502635955810547,-1.156576156616211,63.81915283203125,-48.30780029296875,-90.244140625,42.212852478027344,12.502635955810547,-1.156576156616211,63.81915283203125,-48.30780029296875,-90.244140625,42.212852478027344,41.878669275929546
8.266,0,12.793641090393066,-1.7033557891845703,63.87635040283203,-47.77348709106445,-90.28534698486328,41.924774169921875,12.793641090393066,-1.7033557891845703,63.87635040283203,-47.77348709106445,-90.28534698486328,41.924774169921875,41.878669275929546
8.297,0,13.105219841003418,-0.546417236328125,63.452796936035156,-48.845237731933594,-90.19850158691406,42.280189514160156,13.105219841003418,-0.546417236328125,63.452796936035156,-48.845237731933594,-90.19850158691406,42.280189514160156,42.00913242009132
8.330,0,12.722184181213379,0.6411285400390625,62.855560302734375,-49.77614212036133,-90.18318176269531,42.5104866027832,12.722184181213379,0.6411285400390625,62.855560302734375,-49.77614212036133,-90.18318176269531,42.5104866027832,42.00913242009132
8.367,0,12.3391752243042,1.8086833953857422,62.25604248046875,-50.66123962402344,-90.17406463623047,42.71148681640625,12.3391752243042,1.808683395385742,62.25604248046875,-50.66123962402344,-90.17406463623047,42.71148681640625,42.00913242009132
8.397,0,12.430554389953613,1.3586959838867188,62.32422637939453,-50.207298278808594,-90.21006774902344,42.45090866088867,12.430554389953613,1.3586959838867188,62.32422637939453,-50.207298278808594,-90.21006774902344,42.45090866088867,42.1395955642531
8.432,0,12.781166076660156,3.138315200805664,61.678138732910156,-51.788002014160156,-90.16273498535156,42.84919738769531,12.781166076660156,3.138315200805664,61.678138732910156,-51.788002014160156,-90.16273498535156,42.84919738769531,42.27005870841487
8.465,0,13.145364761352539,5.311441421508789,60.930030822753906,-53.65494155883789,-90.12004089355469,43.27738952636719,13.145364761352539,5.311441421508789,60.930030822753906,-53.65494155883789,-90.12004089355469,43.27738952636719,42.335290280495755
8.498,0,12.847146034240723,5.103960037231445,60.8593864440918,-53.335182189941406,-90.20350646972656,43.02641677856445,12.847146034240723,5.103960037231445,60.8593864440918,-53.335182189941406,-90.20350646972656,43.02641677856445,42.400521852576645
8.533,0,12.650508880615234,4.600179672241211,61.00621032714844,-52.8192138671875,-90.27241516113281,42.7805061340332,12.650508880615234,4.600179672241211,61.00621032714844,-52.8192138671875,-90.27241516113281,42.7805061340332,42.66144814090019
8.565,0,13.008522033691406,5.596796035766602,60.54745864868164,-53.70348358154297,-90.17959594726562,43.019493103027344,13.008522033691406,5.596796035766602,60.54745864868164,-53.70348358154297,-90.17959594726562,43.019493103027344,42.79191128506197
8.599,0,13.591619491577148,7.233736038208008,59.904319763183594,-55.09958267211914,-90.06587982177734,43.40283203125,13.591619491577148,7.233736038208008,59.904319763183594,-55.09958267211914,-90.06587982177734,43.40283203125,42.72667971298108
8.632,0,13.456552505493164,6.911890029907227,59.881324768066406,-54.69797134399414,-90.13370513916016,43.14307403564453,13.456552505493164,6.911890029907227,59.881324768066406,-54.69797134399414,-90.13370513916016,43.14307403564453,42.72667971298108
8.666,0,13.244583129882812,6.523015975952148,59.86310577392578,-54.250762939453125,-90.19696044921875,42.905643463134766,13.244583129882812,6.523015975952148,59.86310577392578,-54.250762939453125,-90.19696044921875,42.905643463134766,42.857142857142854
8.704,0,13.561772346496582,7.21247673034668,59.58853530883789,-54.94758224487305,-90.11847686767578,43.12577819824219,13.561772346496582,7.21247673034668,59.58853530883789,-54.94758224487305,-90.11847686767578,43.12577819824219,42.922374429223744
8.730,0,13.853557586669922,8.255632400512695,59.14982604980469,-55.83326721191406,-90.02488708496094,43.527008056640625,13.853557586669922,8.255632400512695,59.14982604980469,-55.83326721191406,-90.02488708496094,43.527008056640625,42.922374429223744
8.766,0,14.546329498291016,9.118474960327148,58.798683166503906,-56.6591796875,-89.94831085205078,43.757102966308594,14.546329498291016,9.118474960327148,58.798683166503906,-56.6591796875,-89.94831085205078,43.757102966308594,42.98760600130463
8.797,0,14.435030937194824,8.635538101196289,58.837913513183594,-56.11613845825195,-90.01274871826172,43.536808013916016,14.435030937194824,8.635538101196289,58.837913513183594,-56.11613845825195,-90.01274871826172,43.536808013916016,42.98760600130463
8.832,0,14.276712417602539,8.042886734008789,59.040096282958984,-55.618709564208984,-90.07185363769531,43.32516860961914,14.276712417602539,8.042886734008789,59.040096282958984,-55.618709564208984,-90.07185363769531,43.32516860961914,43.24853228962818
8.867,0,14.116796493530273,9.389192581176758,58.476802825927734,-56.664146423339844,-90.0206298828125,43.76371765136719,14.116796493530273,9.389192581176758,58.476802825927734,-56.664146423339844,-90.0206298828125,43.76371765136719,43.31376386170906
8.898,0,14.386482238769531,8.896867752075195,58.517913818359375,-56.22355651855469,-90.04376220703125,43.60210418701172,14.386482238769531,8.896867752075195,58.517913818359375,-56.22355651855469,-90.04376220703125,43.60210418701172,43.24853228962818
8.932,0,14.640220642089844,8.486021041870117,58.56499099731445,-55.88511657714844,-90.07070922851562,43.430908203125,14.640220642089844,8.486021041870117,58.56499099731445,-55.88511657714844,-90.07070922851562,43.430908203125,43.31376386170906
8.966,0,15.368107795715332,9.75642204284668,58.1595573425293,-57.03627014160156,-89.95439910888672,43.857234954833984,15.368107795715332,9.75642204284668,58.1595573425293,-57.03627014160156,-89.95439910888672,43.857234954833984,43.37899543378995
8.999,0,15.074642181396484,10.113489151000977,57.89759063720703,-57.23686218261719,-89.92720794677734,44.04404830932617,15.074642181396484,10.113489151000977,57.89759063720703,-57.23686218261719,-89.92720794677734,44.04404830932617,43.444227005870836
9.032,0,14.765769004821777,10.302740097045898,57.74645233154297,-57.323753356933594,-89.91017150878906,44.19556427001953,14.765769004821777,10.302740097045898,57.74645233154297,-57.323753356933594,-89.91017150878906,44.19556427001953,43.444227005870836
9.067,0,14.69074821472168,9.802793502807617,57.84314727783203,-56.835662841796875,-89.97091674804688,43.952056884765625,14.69074821472168,9.802793502807617,57.84314727783203,-56.835662841796875,-89.97091674804688,43.952056884765625,43.574690150032616
9.100,0,15.33002758026123,10.584135055541992,57.47904968261719,-57.45280075073242,-89.87189483642578,44.23097229003906,15.33002758026123,10.584135055541992,57.47904968261719,-57.45280075073242,-89.87189483642578,44.23097229003906,43.77038486627527
9.133,0,16.040210723876953,11.852014541625977,57.018821716308594,-58.52492141723633,-89.79547119140625,44.623268127441406,16.040210723876953,11.852014541625977,57.018821716308594,-58.52492141723633,-89.79547119140625,44.623268127441406,43.77038486627527
9.169,0,16.463733673095703,11.257009506225586,57.13861083984375,-58.04507827758789,-89.79341888427734,44.407936096191406,16.463733673095703,11.257009506225586,57.13861083984375,-58.04507827758789,-89.79341888427734,44.407936096191406,43.83561643835616
9.198,0,16.42310905456543,10.625711441040039,57.25770568847656,-57.402870178222656,-89.84286499023438,44.158363342285156,16.42310905456543,10.625711441040039,57.25770568847656,-57.402870178222656,-89.84286499023438,44.158363342285156,44.09654272667971
9.234,0,17.125755310058594,11.320772171020508,57.0031623840332,-58.05436325073242,-89.75122833251953,44.36521911621094,17.125755310058594,11.320772171020508,57.0031623840332,-58.05436325073242,-89.75122833251953,44.36521911621094,44.1617742987606
9.269,0,16.924192428588867,11.303098678588867,56.97747039794922,-58.06553649902344,-89.69719696044922,44.38304901123047,16.924192428588867,11.303098678588867,56.97747039794922,-58.06553649902344,-89.69719696044922,44.38304901123047,44.1617742987606
9.299,0,17.34313201904297,10.92411994934082,57.108219146728516,-57.8259391784668,-89.6406478881836,44.21061706542969,17.34313201904297,10.92411994934082,57.108219146728516,-57.8259391784668,-89.6406478881836,44.21061706542969,44.1617742987606
9.335,0,17.319652557373047,10.259790420532227,57.24607849121094,-57.18524932861328,-89.68123626708984,43.996360778808594,17.319652557373047,10.259790420532227,57.24607849121094,-57.18524932861328,-89.68123626708984,43.996360778808594,44.1617742987606
9.367,0,17.390581130981445,9.507894515991211,57.29881286621094,-56.334251403808594,-89.70822143554688,43.68955993652344,17.390581130981445,9.507894515991211,57.29881286621094,-56.334251403808594,-89.70822143554688,43.68955993652344,44.1617742987606
9.402,0,17.152097702026367,9.547685623168945,57.2907829284668,-56.347511291503906,-89.64727783203125,43.76488494873047,17.152097702026367,9.547685623168945,57.2907829284668,-56.347511291503906,-89.64727783203125,43.76488494873047,44.1617742987606
9.437,0,17.073692321777344,8.823938369750977,57.46565246582031,-55.69987487792969,-89.66685485839844,43.51662826538086,17.073692321777344,8.823938369750977,57.46565246582031,-55.69987487792969,-89.66685485839844,43.51662826538086,44.09654272667971
9.472,0,17.02202606201172,8.173406600952148,57.50384521484375,-54.95906066894531,-89.73452758789062,43.25175476074219,17.02202606201172,8.173406600952148,57.50384521484375,-54.95906066894531,-89.73452758789062,43.25175476074219,43.90084801043705
9.500,0,17.054542541503906,7.237226486206055,57.66252899169922,-54.017051696777344,-89.75328826904297,42.86590576171875,17.054542541503906,7.237226486206055,57.66252899169922,-54.017051696777344,-89.75328826904297,42.86590576171875,43.90084801043705
9.537,0,16.897457122802734,7.28257942199707,57.70204162597656,-54.121498107910156,-89.69475555419922,42.976806640625,16.897457122802734,7.28257942199707,57.70204162597656,-54.121498107910156,-89.69475555419922,42.976806640625,43.77038486627527
9.568,0,16.78380584716797,6.713113784790039,57.88557815551758,-53.57878875732422,-89.68740844726562,42.796363830566406,16.78380584716797,6.713113784790039,57.88557815551758,-53.57878875732422,-89.68740844726562,42.796363830566406,43.444227005870836
9.605,0,16.747575759887695,5.706544876098633,58.181976318359375,-52.69133377075195,-89.75126647949219,42.49134826660156,16.747575759887695,5.706544876098633,58.181976318359375,-52.69133377075195,-89.75126647949219,42.49134826660156,43.24853228962818
9.634,0,16.78070831298828,4.815690994262695,58.31561279296875,-51.76437759399414,-89.77394104003906,42.12773895263672,16.78070831298828,4.815690994262695,58.31561279296875,-51.76437759399414,-89.77394104003906,42.12773895263672,43.18330071754729
9.680,0,16.617095947265625,4.452817916870117,58.485633850097656,-51.53593826293945,-89.73333740234375,42.04352951049805,16.617095947265625,4.452817916870117,58.485633850097656,-51.53593826293945,-89.73333740234375,42.04352951049805,42.98760600130463
9.704,0,16.476774215698242,3.6088733673095703,58.75621795654297,-50.82402420043945,-89.73106384277344,41.79084396362305,16.476774215698242,3.6088733673095703,58.75621795654297,-50.82402420043945,-89.73106384277344,41.79084396362305,42.59621656881931
9.743,0,16.376806259155273,2.6540355682373047,58.95185470581055,-49.8701286315918,-89.77714538574219,41.45905303955078,16.376806259155273,2.6540355682373047,58.95185470581055,-49.8701286315918,-89.77714538574219,41.45905303955078,42.400521852576645
9.775,0,16.424224853515625,1.600625991821289,59.09885025024414,-48.78235626220703,-89.808837890625,41.034698486328125,16.424224853515625,1.7252747252747254,59.09885025024414,-48.78235626220703,-89.808837890625,41.034698486328125,42.20482713633398
9.807,0,16.24013900756836,1.292062759399414,59.2930793762207,-48.66457748413086,-89.78585815429688,40.866844177246094,16.24013900756836,1.292062759399414,59.2930793762207,-48.66457748413086,-89.78585815429688,40.866844177246094,41.943900848010436
9.837,0,16.066015243530273,0.29635047912597656,59.650474548339844,-47.843509674072266,-89.7760238647461,40.51726150512695,16.066015243530273,0.29635047912597656,59.650474548339844,-47.843509674072266,-89.7760238647461,40.51726150512695,41.617742987606
9.873,0,15.973893165588379,-0.6480960845947266,59.827701568603516,-46.900421142578125,-89.87423706054688,40.010196685791016,15.973893165588379,-0.6480960845947266,59.827701568603516,-46.900421142578125,-89.87423706054688,40.010196685791016,41.35681669928245
9.913,0,15.836588859558105,-1.7531356811523438,60.07482147216797,-45.81028366088867,-89.95960998535156,39.620033264160156,15.836588859558105,-1.7531356811523438,60.07482147216797,-45.81028366088867,-89.95960998535156,39.620033264160156,41.03065883887801
9.936,0,15.823124885559082,-3.0228652954101562,60.387359619140625,-44.63154602050781,-90.00348663330078,39.130287170410156,15.823124885559082,-2.318681318681319,60.387359619140625,-44.63154602050781,-90.00348663330078,39.130287170410156,40.704500978473575
9.977,0,15.62352466583252,-3.1599388122558594,60.4985237121582,-44.59490966796875,-89.96279907226562,38.95507049560547,15.62352466583252,-3.159938812255859,60.4985237121582,-44.59490966796875,-89.96279907226562,38.95507049560547,40.31311154598826
10.003,0,15.416691780090332,-4.016387939453125,60.73628234863281,-43.81602478027344,-89.98821258544922,38.599822998046875,15.416691780090332,-4.016387939453125,60.73628234863281,-43.81602478027344,-89.98821258544922,38.599822998046875,39.79125896934116
10.042,0,15.27643871307373,-5.283748626708984,61.031089782714844,-42.595115661621094,-90.05984497070312,38.22108459472656,15.27643871307373,-4.956043956043956,61.031089782714844,-42.595115661621094,-90.05984497070312,38.22108459472656,39.46510110893672
10.074,0,15.255928993225098,-6.594688415527344,61.291595458984375,-41.28193283081055,-90.0913314819336,37.773841857910156,15.255928993225098,-5.747252747252747,61.291595458984375,-41.28193283081055,-90.0913314819336,37.773841857910156,39.204174820613176
10.115,0,15.009870529174805,-7.258996963500977,61.583091735839844,-40.72359085083008,-90.03106689453125,37.58765411376953,15.009870529174805,-6.978021978021978,61.583091735839844,-40.72359085083008,-90.03106689453125,37.58765411376953,38.81278538812785
10.139,0,14.7693510055542,-8.299278259277344,61.87305450439453,-39.759666442871094,-90.02984619140625,37.30548858642578,14.7693510055542,-7.417582417582418,61.87305450439453,-39.759666442871094,-90.02984619140625,37.30548858642578,38.42139595564253
10.181,0,14.63070011138916,-9.584403991699219,62.187931060791016,-38.510005950927734,-90.11865997314453,36.8711051940918,14.63070011138916,-8.736263736263737,62.187931060791016,-38.510005950927734,-90.11865997314453,36.8711051940918,38.16046966731898
10.214,0,14.865283012390137,-10.981254577636719,62.544349670410156,-37.22325897216797,-90.08688354492188,36.508872985839844,14.865283012390137,-9.35164835164835,62.544349670410156,-37.22325897216797,-90.08688354492188,36.508872985839844,37.83431180691454
10.241,0,14.635497093200684,-11.815938949584961,62.84354019165039,-36.51822280883789,-90.03302001953125,36.29204559326172,14.635497093200684,-10.142857142857142,62.84354019165039,-36.51822280883789,-90.03302001953125,36.29204559326172,37.508153946510106
10.275,0,14.382726669311523,-12.874042510986328,63.10794448852539,-35.4650993347168,-90.05313873291016,35.98876190185547,14.382726669311523,-11.197802197802197,63.10794448852539,-35.4650993347168,-90.05313873291016,35.98876190185547,37.18199608610567
10.307,0,14.240721702575684,-14.330153465270996,63.42974853515625,-34.0482292175293,-90.1248550415039,35.60086441040039,14.240721702575684,-11.989010989010989,63.42974853515625,-34.0482292175293,-90.1248550415039,35.60086441040039,36.79060665362035
10.341,0,14.091572761535645,-15.758968353271484,63.72186279296875,-32.59077072143555,-90.17359161376953,35.18476104736328,14.091572761535645,-12.956043956043956,63.72186279296875,-32.59077072143555,-90.17359161376953,35.18476104736328,36.5296803652968
10.375,0,14.05560302734375,-14.356073379516602,63.240440368652344,-33.71831130981445,-90.16064453125,35.425689697265625,14.05560302734375,-13.923076923076923,63.240440368652344,-33.71831130981445,-90.16064453125,35.425689697265625,36.13829093281148
10.409,0,14.080172538757324,-13.47419261932373,63.01488494873047,-34.49850082397461,-90.13026428222656,35.585060119628906,14.080172538757324,-13.47419261932373,63.01488494873047,-34.49850082397461,-90.13026428222656,35.585060119628906,35.81213307240704
10.440,0,13.871875762939453,-14.716672897338867,63.142333984375,-33.13918685913086,-90.26518249511719,35.04386520385742,13.871875762939453,-14.716672897338867,63.142333984375,-33.13918685913086,-90.26518249511719,35.04386520385742,35.68166992824527
10.478,0,13.657564163208008,-16.230880737304688,63.44023132324219,-31.57139778137207,-90.31391143798828,34.6236457824707,13.657564163208008,-15.945054945054945,63.44023132324219,-31.57139778137207,-90.31391143798828,34.6236457824707,35.61643835616438
10.509,0,13.63138484954834,-15.035057067871094,63.007041931152344,-32.488338470458984,-90.30677032470703,34.93794250488281,13.63138484954834,-15.035057067871094,63.007041931152344,-32.488338470458984,-90.30677032470703,34.93794250488281,35.61643835616438
10.548,0,13.631619453430176,-14.518438339233398,62.8312873840332,-32.89480972290039,-90.29033660888672,35.13847732543945,13.631619453430176,-14.518438339233398,62.8312873840332,-32.89480972290039,-90.29033660888672,35.13847732543945,35.22504892367906
10.579,0,13.413228034973145,-15.883872032165527,63.0528564453125,-31.46401596069336,-90.41242980957031,34.6065559387207,13.413228034973145,-15.883872032165527,63.0528564453125,-31.46401596069336,-90.41242980957031,34.6065559387207,35.0293542074364
10.617,0,13.279698371887207,-14.891788482666016,62.71268844604492,-32.25260925292969,-90.39009857177734,34.863887786865234,13.279698371887207,-14.891788482666016,62.71268844604492,-32.25260925292969,-90.39009857177734,34.863887786865234,35.0293542074364
10.646,0,13.296585083007812,-13.447648048400879,62.230525970458984,-33.450828552246094,-90.37100219726562,35.0937385559082,13.296585083007812,-13.447648048400879,62.230525970458984,-33.450828552246094,-90.37100219726562,35.0937385559082,35.0293542074364
10.679,0,13.346895217895508,-12.63624382019043,61.956642150878906,-34.051692962646484,-90.3371810913086,35.306095123291016,13.346895217895508,-12.63624382019043,61.956642150878906,-34.051692962646484,-90.3371810913086,35.306095123291016,34.898891063274625
10.709,0,13.118059158325195,-13.928448677062988,62.172950744628906,-32.671356201171875,-90.46356964111328,34.812591552734375,13.118059158325195,-13.928448677062988,62.172950744628906,-32.671356201171875,-90.46356964111328,34.812591552734375,34.898891063274625
10.743,0,13.061193466186523,-12.806798934936523,61.800193786621094,-33.653724670410156,-90.4006576538086,34.909400939941406,13.061193466186523,-12.806798934936523,61.800193786621094,-33.653724670410156,-90.4006576538086,34.909400939941406,34.898891063274625
10.776,0,13.31459903717041,-11.534467697143555,61.315185546875,-34.67593002319336,-90.350341796875,35.089378356933594,13.31459903717041,-11.534467697143555,61.315185546875,-34.67593002319336,-90.350341796875,35.089378356933594,34.898891063274625
10.807,0,13.380146980285645,-10.877618789672852,61.07862091064453,-35.189613342285156,-90.2878646850586,35.07029342651367,13.380146980285645,-10.877618789672852,61.07862091064453,-35.189613342285156,-90.2878646850586,35.07029342651367,34.898891063274625
10.843,0,13.142436981201172,-11.896806716918945,61.17283630371094,-34.048072814941406,-90.43685150146484,34.65201950073242,13.142436981201172,-11.896806716918945,61.17283630371094,-34.048072814941406,-90.43685150146484,34.65201950073242,34.898891063274625
10.877,0,13.464258193969727,-11.096473693847656,60.96186447143555,-34.75374984741211,-90.36197662353516,34.64616394042969,13.464258193969727,-11.096473693847656,60.96186447143555,-34.75374984741211,-90.36197662353516,34.64616394042969,34.833659491193735
10.909,0,13.209919929504395,-10.348180770874023,60.72305679321289,-35.25765609741211,-90.3874282836914,34.80303192138672,13.209919929504395,-10.348180770874023,60.72305679321289,-35.25765609741211,-90.3874282836914,34.80303192138672,34.898891063274625
10.943,0,13.362054824829102,-8.259878158569336,60.111045837402344,-36.97185134887695,-90.35508728027344,34.90827178955078,13.362054824829102,-8.259878158569336,60.111045837402344,-36.97185134887695,-90.35508728027344,34.90827178955078,34.833659491193735
10.978,0,13.128632545471191,-9.52206802368164,60.434844970703125,-35.759700775146484,-90.4684829711914,34.307254791259766,13.128632545471191,-9.52206802368164,60.434844970703125,-35.759700775146484,-90.4684829711914,34.307254791259766,34.833659491193735
11.010,0,13.680135726928711,-8.798223495483398,60.52407455444336,-36.62958526611328,-90.4048080444336,34.12981414794922,13.680135726928711,-8.798223495483398,60.52407455444336,-36.62958526611328,-90.4048080444336,34.12981414794922,34.833659491193735
11.046,0,13.488831520080566,-8.759033203125,60.468299865722656,-36.6916389465332,-90.40058898925781,34.040138244628906,13.488831520080566,-8.759033203125,60.468299865722656,-36.6916389465332,-90.40058898925781,34.040138244628906,34.768427919112845
11.076,0,13.378485679626465,-7.452198028564453,60.18027877807617,-37.850826263427734,-90.39960479736328,33.979736328125,13.378485679626465,-7.452198028564453,60.18027877807617,-37.850826263427734,-90.39960479736328,33.979736328125,34.57273320287019
11.113,0,13.14554500579834,-8.407690048217773,60.421714782714844,-36.9091796875,-90.5420150756836,33.36381530761719,13.14554500579834,-8.407690048217773,60.421714782714844,-36.9091796875,-90.5420150756836,33.36381530761719,34.31180691454664
11.142,0,13.04959774017334,-8.340341567993164,60.44911193847656,-36.86153793334961,-90.5284423828125,33.017520904541016,13.04959774017334,-8.340341567993164,60.44911193847656,-36.86153793334961,-90.5284423828125,33.017520904541016,34.24657534246575
11.179,0,13.565382957458496,-7.861537933349609,60.34013366699219,-37.371726989746094,-90.41769409179688,33.097633361816406,13.565382957458496,-7.861537933349609,60.34013366699219,-37.371726989746094,-90.41769409179688,33.097633361816406,34.05088062622309
11.210,0,13.356825828552246,-6.949638366699219,60.03086853027344,-38.05852508544922,-90.41622924804688,32.93587875366211,13.356825828552246,-6.949638366699219,60.03086853027344,-38.05852508544922,-90.41622924804688,32.93587875366211,33.59425962165688
11.246,0,13.159008979797363,-8.090019226074219,60.32525634765625,-36.974769592285156,-90.53407287597656,32.31196212768555,13.159008979797363,-8.090019226074219,60.32525634765625,-36.974769592285156,-90.53407287597656,32.31196212768555,33.39856490541422
11.278,0,13.219964981079102,-8.11208724975586,60.353519439697266,-36.86952590942383,-90.49813842773438,32.13255310058594,13.219964981079102,-8.11208724975586,60.353519439697266,-36.86952590942383,-90.49813842773438,32.13255310058594,33.268101761252446
11.311,0,13.734564781188965,-7.018474578857422,60.00653839111328,-37.861473083496094,-90.43091583251953,32.162078857421875,13.734564781188965,-7.018474578857422,60.00653839111328,-37.861473083496094,-90.43091583251953,32.162078857421875,33.202870189171556
11.346,0,13.56517505645752,-6.050981521606445,59.68865966796875,-38.619598388671875,-90.43049621582031,32.203372955322266,13.56517505645752,-6.050981521606445,59.68865966796875,-38.619598388671875,-90.43049621582031,32.203372955322266,32.68101761252446
11.379,0,13.355849266052246,-6.971057891845703,59.96565246582031,-37.72309112548828,-90.56608581542969,31.597427368164062,13.355849266052246,-6.971057891845703,59.96565246582031,-37.72309112548828,-90.56608581542969,31.597427368164062,32.4853228962818
11.412,0,13.37926959991455,-7.018245697021484,59.95342254638672,-37.50868606567383,-90.5511245727539,31.31281089782715,13.37926959991455,-7.018245697021484,59.95342254638672,-37.50868606567383,-90.5511245727539,31.31281089782715,32.4853228962818
11.445,0,13.953547477722168,-6.7651519775390625,59.85744094848633,-37.77219009399414,-90.45053100585938,31.252954483032227,13.953547477722168,-6.7651519775390625,59.85744094848633,-37.77219009399414,-90.45053100585938,31.252954483032227,32.35485975212002
11.481,0,13.804168701171875,-5.840457916259766,59.597843170166016,-38.487327575683594,-90.42386627197266,31.341325759887695,13.804168701171875,-5.840457916259766,59.597843170166016,-38.487327575683594,-90.42386627197266,31.341325759887695,31.898238747553815
11.514,0,13.569686889648438,-6.925804138183594,59.89277648925781,-37.42738723754883,-90.54732513427734,30.703266143798828,13.569686889648438,-6.925804138183594,59.89277648925781,-37.42738723754883,-90.54732513427734,30.703266143798828,31.637312459230266
11.545,0,13.732070922851562,-7.529443740844727,60.06357955932617,-36.89670181274414,-90.50387573242188,30.39248275756836,13.732070922851562,-7.529443740844727,60.06357955932617,-36.89670181274414,-90.50387573242188,30.39248275756836,31.57208088714938
11.583,0,14.300251007080078,-6.899486541748047,59.82948684692383,-37.47191619873047,-90.41368103027344,30.44759750366211,14.300251007080078,-6.899486541748047,59.82948684692383,-37.47191619873047,-90.41368103027344,30.44759750366211,31.376386170906716
11.613,0,14.175718307495117,-6.04893684387207,59.55046844482422,-38.11793518066406,-90.41602325439453,30.48179817199707,14.175718307495117,-6.04893684387207,59.55046844482422,-38.11793518066406,-90.41602325439453,30.48179817199707,30.919765166340508
11.650,0,14.006916999816895,-7.080009460449219,59.83615493774414,-37.12737274169922,-90.52642822265625,29.86708641052246,14.006916999816895,-7.080009460449219,59.83615493774414,-37.12737274169922,-90.52642822265625,29.86708641052246,30.658838878016958
11.680,0,13.929278373718262,-7.667001724243164,60.008872985839844,-36.58659362792969,-90.5182876586914,29.596967697143555,13.929278373718262,-7.667001724243164,60.008872985839844,-36.58659362792969,-90.5182876586914,29.596967697143555,30.59360730593607
11.717,0,14.47998332977295,-6.795661926269531,59.744606018066406,-37.387664794921875,-90.45899200439453,29.6400203704834,14.47998332977295,-6.795661926269531,59.744606018066406,-37.387664794921875,-90.45899200439453,29.6400203704834,30.59360730593607
11.745,0,14.397211074829102,-5.626455307006836,59.370948791503906,-38.36408996582031,-90.45413208007812,29.720731735229492,14.397211074829102,-5.626455307006836,59.370948791503906,-38.36408996582031,-90.45413208007812,29.720731735229492,30.20221787345075
11.782,0,14.197938919067383,-6.56805419921875,59.631919860839844,-37.44189453125,-90.57246398925781,29.164396286010742,14.197938919067383,-6.56805419921875,59.631919860839844,-37.44189453125,-90.57246398925781,29.164396286010742,29.9412915851272
11.812,0,14.096492767333984,-7.006965637207031,59.75139617919922,-36.98772430419922,-90.56719970703125,28.880996704101562,14.096492767333984,-7.006965637207031,59.75139617919922,-36.98772430419922,-90.56719970703125,28.880996704101562,29.9412915851272
11.849,0,14.644737243652344,-6.332256317138672,59.54920196533203,-37.69708251953125,-90.50074768066406,28.936111450195312,14.644737243652344,-6.332256317138672,59.54920196533203,-37.69708251953125,-90.50074768066406,28.936111450195312,29.810828440965427
11.880,0,14.740267753601074,-5.88722038269043,59.43644714355469,-38.12605285644531,-90.45364379882812,28.955257415771484,14.740267753601074,-5.88722038269043,59.43644714355469,-38.12605285644531,-90.45364379882812,28.955257415771484,29.419439008480104
11.914,0,14.530930519104004,-6.906023025512695,59.926910400390625,-37.26996612548828,-90.54113006591797,28.488622665405273,14.530930519104004,-6.906023025512695,59.926910400390625,-37.26996612548828,-90.54113006591797,28.488622665405273,29.158512720156555
11.949,0,14.4929838180542,-7.391725540161133,59.99988555908203,-36.76658630371094,-90.57231903076172,28.084793090820312,14.4929838180542,-7.391725540161133,59.99988555908203,-36.76658630371094,-90.57231903076172,28.084793090820312,29.09328114807567
11.982,0,14.16993522644043,-7.169733047485352,59.88188552856445,-36.88152313232422,-90.60939025878906,27.926101684570312,14.16993522644043,-7.169733047485352,59.88188552856445,-36.88152313232422,-90.60939025878906,27.926101684570312,29.02804957599478
12.015,0,14.06718635559082,-6.681203842163086,59.7288818359375,-37.347434997558594,-90.6012191772461,27.933700561523438,14.06718635559082,-6.681203842163086,59.7288818359375,-37.347434997558594,-90.6012191772461,27.933700561523438,28.767123287671232
12.049,0,13.8434476852417,-7.678949356079102,60.21772384643555,-36.52783203125,-90.67179107666016,27.495948791503906,13.8434476852417,-7.678949356079102,60.21772384643555,-36.52783203125,-90.67179107666016,27.495948791503906,28.37573385518591
12.084,0,13.782581329345703,-8.168092727661133,60.2646598815918,-35.970603942871094,-90.71692657470703,27.12154769897461,13.782581329345703,-8.168092727661133,60.2646598815918,-35.970603942871094,-90.71692657470703,27.12154769897461,28.31050228310502
12.115,0,13.450254440307617,-8.045450210571289,60.163326263427734,-36.05388259887695,-90.76148986816406,26.991235733032227,13.450254440307617,-8.045450210571289,60.163326263427734,-36.05388259887695,-90.76148986816406,26.991235733032227,28.049575994781474
12.150,0,13.50350284576416,-7.912473678588867,60.10244369506836,-36.20473098754883,-90.7811279296875,26.899005889892578,13.50350284576416,-7.912473678588867,60.10244369506836,-36.20473098754883,-90.7811279296875,26.899005889892578,27.65818656229615
12.182,0,13.263784408569336,-9.096067428588867,60.633724212646484,-35.217613220214844,-90.87207794189453,26.392152786254883,13.263784408569336,-9.096067428588867,60.633724212646484,-35.217613220214844,-90.87207794189453,26.392152786254883,27.397260273972602
12.220,0,12.91110610961914,-8.996297836303711,60.59156799316406,-35.285369873046875,-90.90167236328125,26.20684051513672,12.91110610961914,-8.996297836303711,60.59156799316406,-35.285369873046875,-90.90167236328125,26.20684051513672,27.266797129810826
12.249,0,13.472028732299805,-8.919496536254883,60.55974578857422,-35.482479095458984,-90.85111999511719,25.977764129638672,13.472028732299805,-8.919496536254883,60.55974578857422,-35.482479095458984,-90.85111999511719,25.977764129638672,27.00587084148728
12.282,0,13.622838973999023,-9.025581359863281,60.608802795410156,-35.5194206237793,-90.864990234375,25.811569213867188,13.622838973999023,-9.025581359863281,60.608802795410156,-35.5194206237793,-90.864990234375,25.811569213867188,26.679712981082844
12.321,0,14.174484252929688,-9.408123016357422,60.77371597290039,-35.298648834228516,-90.82825469970703,25.616315841674805,14.174484252929688,-9.408123016357422,60.77371597290039,-35.298648834228516,-90.82825469970703,25.616315841674805,26.418786692759294
12.350,0,13.966840744018555,-9.868427276611328,60.94416046142578,-34.9511604309082,-90.87348175048828,25.369625091552734,13.966840744018555,-9.868427276611328,60.94416046142578,-34.9511604309082,-90.87348175048828,25.369625091552734,26.22309197651663
12.382,0,14.603464126586914,-9.937585830688477,60.9785270690918,-35.05189895629883,-90.8266830444336,25.143598556518555,14.603464126586914,-9.937585830688477,60.9785270690918,-35.05189895629883,-90.8266830444336,25.143598556518555,25.962165688193085
12.422,0,14.751995086669922,-9.849803924560547,60.92766189575195,-35.231834411621094,-90.81537628173828,25.042985916137695,14.751995086669922,-9.849803924560547,60.92766189575195,-35.231834411621094,-90.81537628173828,25.042985916137695,25.766470971950422
12.449,0,15.376009941101074,-10.308879852294922,61.078433990478516,-34.92329788208008,-90.7773208618164,24.80425453186035,15.376009941101074,-10.308879852294922,61.078433990478516,-34.92329788208008,-90.7773208618164,24.80425453186035,25.505544683626873
12.484,0,15.267058372497559,-11.018989562988281,61.395938873291016,-34.457733154296875,-90.81590270996094,24.565778732299805,15.267058372497559,-11.018989562988281,61.395938873291016,-34.457733154296875,-90.81590270996094,24.565778732299805,25.309849967384213
12.520,0,15.447224617004395,-12.030380249023438,61.775726318359375,-33.68598937988281,-90.85139465332031,24.190982818603516,15.447224617004395,-12.030380249023438,61.775726318359375,-33.68598937988281,-90.85139465332031,24.190982818603516,25.11415525114155
12.551,0,15.30290699005127,-12.548360824584961,61.896141052246094,-33.22951126098633,-90.92756652832031,23.86326026916504,15.30290699005127,-12.548360824584961,61.896141052246094,-33.22951126098633,-90.92756652832031,23.86326026916504,24.91846053489889
12.586,0,15.887909889221191,-13.222929000854492,62.21887969970703,-32.88331985473633,-90.8951187133789,23.60306167602539,15.887909889221191,-13.222929000854492,62.21887969970703,-32.88331985473633,-90.8951187133789,23.60306167602539,24.65753424657534
12.620,0,15.781065940856934,-14.052400588989258,62.51543045043945,-32.28163146972656,-90.93228149414062,23.309703826904297,15.781065940856934,-14.052400588989258,62.51543045043945,-32.28163146972656,-90.93228149414062,23.309703826904297,24.331376386170906
12.653,0,16.12820816040039,-15.227837562561035,62.95275115966797,-31.42535400390625,-90.93441772460938,22.93115997314453,16.12820816040039,-15.227837562561035,62.95275115966797,-31.42535400390625,-90.93441772460938,22.93115997314453,24.070450097847356
12.685,0,16.11625862121582,-15.704693794250488,63.0884895324707,-31.116409301757812,-90.96668243408203,22.579864501953125,16.11625862121582,-15.704693794250488,63.0884895324707,-31.116409301757812,-90.96668243408203,22.579864501953125,23.74429223744292
12.721,0,16.14473533630371,-16.548233032226562,63.320472717285156,-30.437393188476562,-91.0004653930664,22.326784133911133,16.14473533630371,-16.548233032226562,63.320472717285156,-30.437393188476562,-91.0004653930664,22.326784133911133,23.483365949119374
12.751,0,16.132728576660156,-17.624820709228516,63.707298278808594,-29.657745361328125,-91.02500915527344,21.99406623840332,16.132728576660156,-17.624820709228516,63.707298278808594,-29.657745361328125,-91.02500915527344,21.99406623840332,23.15720808871494
12.790,0,16.46996307373047,-18.895721435546875,64.17504119873047,-28.72116470336914,-91.02770233154297,21.580062866210938,16.46996307373047,-18.846153846153847,64.17504119873047,-28.72116470336914,-91.02770233154297,21.580062866210938,22.831050228310502
12.830,0,16.50166130065918,-19.367835998535156,64.2971420288086,-28.309871673583984,-91.0624771118164,21.23784065246582,16.50166130065918,-19.367835998535156,64.2971420288086,-28.309871673583984,-91.0624771118164,21.23784065246582,22.504892367906066
12.854,0,16.490100860595703,-20.37366485595703,64.60321044921875,-27.51985740661621,-91.07162475585938,20.9576473236084,16.490100860595703,-20.37366485595703,64.60321044921875,-27.51985740661621,-91.07162475585938,20.9576473236084,22.17873450750163
12.888,0,16.44028091430664,-21.48157501220703,65.04187774658203,-26.73249626159668,-91.10224914550781,20.6120548248291,16.44028091430664,-21.48157501220703,65.04187774658203,-26.73249626159668,-91.10224914550781,20.6120548248291,21.787345075016308
12.926,0,16.830570220947266,-22.74367904663086,65.43267822265625,-25.70901870727539,-91.11145782470703,20.16608238220215,16.830570220947266,-22.53846153846154,65.43267822265625,-25.70901870727539,-91.11145782470703,20.16608238220215,21.461187214611872
12.957,0,16.793848037719727,-22.841960906982422,65.38412475585938,-25.586196899414062,-91.14022064208984,19.987186431884766,16.793848037719727,-22.841960906982422,65.38412475585938,-25.586196899414062,-91.14022064208984,19.987186431884766,21.135029354207436
12.988,0,16.674436569213867,-23.20136070251465,65.51725769042969,-25.377229690551758,-91.17375946044922,19.89822769165039,16.674436569213867,-23.20136070251465,65.51725769042969,-25.377229690551758,-91.17375946044922,19.89822769165039,20.808871493803
13.026,0,16.612756729125977,-24.494291305541992,66.01622772216797,-24.437450408935547,-91.21855926513672,19.5252628326416,16.612756729125977,-24.494291305541992,66.01622772216797,-24.437450408935547,-91.21855926513672,19.5252628326416,20.482713633398564
13.054,0,16.990530014038086,-25.86286735534668,66.44110870361328,-23.33736228942871,-91.21936798095703,19.08081817626953,16.990530014038086,-25.615384615384617,66.44110870361328,-23.33736228942871,-91.21936798095703,19.08081817626953,20.221787345075015
13.091,0,16.854698181152344,-26.557828903198242,66.683349609375,-22.81824493408203,-91.2658462524414,18.786773681640625,16.854698181152344,-26.557828903198242,66.683349609375,-22.81824493408203,-91.2658462524414,18.786773681640625,20.091324200913242
13.122,0,16.749238967895508,-26.927356719970703,66.80217742919922,-22.604766845703125,-91.30840301513672,18.7113037109375,16.749238967895508,-26.927356719970703,66.80217742919922,-22.604766845703125,-91.30840301513672,18.7113037109375,19.69993476842792
13.158,0,16.53766632080078,-27.86217498779297,67.11569213867188,-21.861520767211914,-91.35476684570312,18.324960708618164,16.53766632080078,-27.86217498779297,67.11569213867188,-21.861520767211914,-91.35476684570312,18.324960708618164,19.373776908023483
13.189,0,16.92813491821289,-29.3764705657959,67.57394409179688,-20.638132095336914,-91.35414123535156,17.890905380249023,16.92813491821289,-29.307692307692307,67.57394409179688,-20.638132095336914,-91.35414123535156,17.890905380249023,19.112850619699934
13.225,0,16.76905059814453,-30.24262809753418,67.83753204345703,-19.935344696044922,-91.37894439697266,17.572067260742188,16.76905059814453,-30.24262809753418,67.83753204345703,-19.935344696044922,-91.37894439697266,17.572067260742188,18.851924331376384
13.258,0,16.574113845825195,-30.923240661621094,68.02220153808594,-19.45879554748535,-91.4175796508789,17.46127700805664,16.574113845825195,-30.923240661621094,68.02220153808594,-19.45879554748535,-91.4175796508789,17.46127700805664,18.460534898891062
13.292,0,16.31015396118164,-32.38685989379883,68.47249603271484,-18.25879669189453,-91.46214294433594,17.063383102416992,16.31015396118164,-32.38461538461539,68.47249603271484,-18.25879669189453,-91.46214294433594,17.063383102416992,18.134377038486626
13.325,0,16.101051330566406,-33.92388916015625,69.0098648071289,-17.03620719909668,-91.5184097290039,16.59061050415039,16.101051330566406,-33.26373626373626,69.0098648071289,-17.03620719909668,-91.5184097290039,16.59061050415039,17.873450750163077
13.357,0,15.918623924255371,-34.63624572753906,69.3063735961914,-16.527633666992188,-91.59738159179688,16.269506454467773,15.918623924255371,-34.49450549450549,69.3063735961914,-16.527633666992188,-91.59738159179688,16.269506454467773,17.61252446183953
13.390,0,15.736660957336426,-35.1567268371582,69.46928405761719,-16.16981315612793,-91.65232849121094,16.128679275512695,15.736660957336426,-35.1567268371582,69.46928405761719,-16.16981315612793,-91.65232849121094,16.128679275512695,17.22113502935421
13.424,0,15.413670539855957,-36.09465026855469,69.76624298095703,-15.42909049987793,-91.66735076904297,15.768754959106445,15.413670539855957,-36.09465026855469,69.76624298095703,-15.42909049987793,-91.66735076904297,15.768754959106445,16.829745596868882
13.459,0,15.152865409851074,-37.51802062988281,70.25139617919922,-14.339259147644043,-91.71500396728516,15.411772727966309,15.152865409851074,-37.48351648351648,70.25139617919922,-14.339259147644043,-91.71500396728516,15.411772727966309,16.568819308545336
13.493,0,14.869523048400879,-38.449607849121094,70.60338592529297,-13.667771339416504,-91.77516174316406,15.049054145812988,14.869523048400879,-38.449607849121094,70.60338592529297,-13.667771339416504,-91.77516174316406,15.049054145812988,16.307893020221787
13.524,0,14.660125732421875,-38.69316101074219,70.69819641113281,-13.573601722717285,-91.80027770996094,15.043135643005371,14.660125732421875,-38.69316101074219,70.69819641113281,-13.573601722717285,-91.80027770996094,15.043135643005371,15.916503587736464
13.559,0,14.289812088012695,-39.318603515625,70.8928451538086,-13.025070190429688,-91.82616424560547,14.762493133544922,14.289812088012695,-39.318603515625,70.8928451538086,-13.025070190429688,-91.82616424560547,14.762493133544922,15.590345727332029
13.594,0,14.020543098449707,-40.690704345703125,71.3847427368164,-11.891117095947266,-91.87105560302734,14.331844329833984,14.020543098449707,-40.690704345703125,71.3847427368164,-11.891117095947266,-91.87105560302734,14.331844329833984,15.394651011089366
13.625,0,13.756865501403809,-41.46379852294922,71.68708801269531,-11.290645599365234,-91.91864013671875,14.014237403869629,13.756865501403809,-41.46379852294922,71.68708801269531,-11.290645599365234,-91.91864013671875,14.014237403869629,15.198956294846704
13.659,0,13.537463188171387,-41.90047073364258,71.87303161621094,-10.976736068725586,-91.94732666015625,13.927273750305176,13.537463188171387,-41.90047073364258,71.87303161621094,-10.976736068725586,-91.94732666015625,13.927273750305176,14.87279843444227
13.695,0,13.125853538513184,-42.12702560424805,71.892333984375,-10.69076919555664,-91.96674346923828,13.737696647644043,13.125853538513184,-42.12702560424805,71.892333984375,-10.69076919555664,-91.96674346923828,13.737696647644043,14.481409001956946
13.726,0,13.55517864227295,-42.053070068359375,71.82815551757812,-10.724456787109375,-91.92037200927734,13.76856803894043,13.55517864227295,-42.053070068359375,71.82815551757812,-10.724456787109375,-91.92037200927734,13.76856803894043,14.285714285714285
13.762,0,13.298653602600098,-41.93714904785156,71.70573425292969,-10.785293579101562,-91.95658874511719,13.626909255981445,13.298653602600098,-41.93714904785156,71.70573425292969,-10.785293579101562,-91.95658874511719,13.626909255981445,14.090019569471623
13.795,0,13.440531730651855,-40.28539276123047,70.98633575439453,-11.924905776977539,-91.923828125,14.08282470703125,13.440531730651855,-40.28539276123047,70.98633575439453,-11.924905776977539,-91.923828125,14.08282470703125,13.959556425309849
13.826,0,13.550025939941406,-38.681434631347656,70.30882263183594,-13.055790901184082,-91.87262725830078,14.482283592224121,13.550025939941406,-38.681434631347656,70.30882263183594,-13.055790901184082,-91.87262725830078,14.482283592224121,13.959556425309849
13.860,0,14.017348289489746,-36.85422134399414,69.58536529541016,-14.381959915161133,-91.83541870117188,14.88061809539795,14.017348289489746,-36.85422134399414,69.58536529541016,-14.381959915161133,-91.83541870117188,14.88061809539795,13.959556425309849
13.897,0,13.857962608337402,-36.329463958740234,69.29253387451172,-14.684863090515137,-91.8709945678711,14.902554512023926,13.857962608337402,-36.329463958740234,69.29253387451172,-14.684863090515137,-91.8709945678711,14.902554512023926,14.024787997390737
13.926,0,13.787583351135254,-36.60758972167969,69.23782348632812,-14.35833740234375,-91.90054321289062,14.83776569366455,13.787583351135254,-36.60758972167969,69.23782348632812,-14.35833740234375,-91.90054321289062,14.83776569366455,14.220482713633398
13.963,0,13.798343658447266,-36.26466751098633,69.06909942626953,-14.587322235107422,-91.89237976074219,14.99256420135498,13.798343658447266,-36.26466751098633,69.06909942626953,-14.587322235107422,-91.89237976074219,14.99256420135498,14.481409001956946
13.994,0,14.23281192779541,-36.18751525878906,69.00191497802734,-14.705620765686035,-91.86111450195312,15.03515625,14.23281192779541,-36.18751525878906,69.00191497802734,-14.705620765686035,-91.86111450195312,15.03515625,14.481409001956946
14.029,0,14.051289558410645,-36.11119079589844,68.8819808959961,-14.727877616882324,-91.9002456665039,14.948315620422363,14.051289558410645,-36.11119079589844,68.8819808959961,-14.727877616882324,-91.9002456665039,14.948315620422363,14.546640574037834
14.061,0,13.918691635131836,-36.60395431518555,69.01585388183594,-14.349637031555176,-91.94486236572266,14.844926834106445,13.918691635131836,-36.60395431518555,69.01585388183594,-14.349637031555176,-91.94486236572266,14.844926834106445,14.742335290280495
14.097,0,13.778511047363281,-36.64459228515625,68.95780944824219,-14.254952430725098,-91.9632339477539,14.722275733947754,13.778511047363281,-36.64459228515625,68.95780944824219,-14.254952430725098,-91.9632339477539,14.722275733947754,14.742335290280495
14.129,0,13.415094375610352,-36.57196807861328,68.84007263183594,-14.310057640075684,-92.00464630126953,14.787583351135254,13.415094375610352,-36.57196807861328,68.84007263183594,-14.310057640075684,-92.00464630126953,14.787583351135254,14.742335290280495
14.161,0,13.091920852661133,-36.908447265625,68.97593688964844,-14.01121997833252,-92.057373046875,14.525155067443848,13.091920852661133,-36.908447265625,68.97593688964844,-14.01121997833252,-92.057373046875,14.525155067443848,14.742335290280495
14.197,0,12.933056831359863,-37.18865203857422,69.04947662353516,-13.894574165344238,-92.09112548828125,14.604852676391602,12.933056831359863,-37.18865203857422,69.04947662353516,-13.894574165344238,-92.09112548828125,14.604852676391602,14.742335290280495
14.228,0,12.733293533325195,-38.06379318237305,69.43695831298828,-13.266700744628906,-92.12438201904297,14.486462593078613,12.733293533325195,-38.06379318237305,69.43695831298828,-13.266700744628906,-92.12438201904297,14.486462593078613,14.677103718199607
14.265,0,12.7283935546875,-38.78416442871094,69.65678405761719,-12.74537467956543,-92.12258911132812,14.207060813903809,12.7283935546875,-38.78416442871094,69.65678405761719,-12.74537467956543,-92.12258911132812,14.207060813903809,14.677103718199607
14.297,0,12.288372993469238,-39.46723175048828,69.870361328125,-12.243656158447266,-92.17570495605469,14.123652458190918,12.288372993469238,-39.46723175048828,69.870361328125,-12.243656158447266,-92.17570495605469,14.123652458190918,14.677103718199607
14.329,0,11.875048637390137,-40.085689544677734,70.15535736083984,-11.874052047729492,-92.24445343017578,13.892167091369629,11.875048637390137,-40.085689544677734,70.15535736083984,-11.874052047729492,-92.24445343017578,13.892167091369629,14.677103718199607
14.361,0,11.843389511108398,-40.73686218261719,70.41797637939453,-11.403112411499023,-92.26980590820312,13.930795669555664,11.843389511108398,-40.73686218261719,70.41797637939453,-11.403112411499023,-92.26980590820312,13.930795669555664,14.481409001956946
14.395,0,11.667400360107422,-41.31742858886719,70.57186889648438,-10.948396682739258,-92.29155731201172,13.719391822814941,11.667400360107422,-41.31742858886719,70.57186889648438,-10.948396682739258,-92.29155731201172,13.719391822814941,14.350945857795171
14.431,0,11.25117015838623,-41.878013610839844,70.68289184570312,-10.506956100463867,-92.32992553710938,13.695175170898438,11.25117015838623,-41.878013610839844,70.68289184570312,-10.506956100463867,-92.32992553710938,13.695175170898438,14.15525114155251
14.464,0,10.808608055114746,-41.73651885986328,70.640625,-10.621992111206055,-92.363525390625,13.746599197387695,10.808608055114746,-41.73651885986328,70.640625,-10.621992111206055,-92.363525390625,13.746599197387695,13.959556425309849
14.499,0,10.562850952148438,-42.114662170410156,70.87090301513672,-10.433238983154297,-92.36251068115234,13.833084106445312,10.562850952148438,-42.114662170410156,70.87090301513672,-10.433238983154297,-92.36251068115234,13.833084106445312,13.959556425309849
14.529,0,10.52549934387207,-41.812538146972656,70.755859375,-10.680490493774414,-92.35238647460938,13.874197006225586,10.52549934387207,-41.812538146972656,70.755859375,-10.680490493774414,-92.35238647460938,13.874197006225586,13.959556425309849
14.564,0,10.812009811401367,-42.07590103149414,70.85736846923828,-10.591232299804688,-92.3420181274414,13.949685096740723,10.812009811401367,-42.07590103149414,70.85736846923828,-10.591232299804688,-92.3420181274414,13.949685096740723,13.959556425309849
14.599,0,10.374180793762207,-42.129459381103516,70.87549591064453,-10.548727035522461,-92.39039611816406,13.859532356262207,10.374180793762207,-42.129459381103516,70.87549591064453,-10.548727035522461,-92.39039611816406,13.859532356262207,13.959556425309849
14.631,0,10.014187812805176,-42.48405075073242,71.04424285888672,-10.389680862426758,-92.37655639648438,13.971497535705566,10.014187812805176,-42.48405075073242,71.04424285888672,-10.389680862426758,-92.37655639648438,13.971497535705566,13.959556425309849
14.666,0,9.849908828735352,-43.040931701660156,71.39006042480469,-10.113973617553711,-92.36251068115234,13.903677940368652,9.849908828735352,-43.040931701660156,71.39006042480469,-10.113973617553711,-92.36251068115234,13.903677940368652,13.959556425309849
14.699,0,10.175460815429688,-42.79791259765625,71.36859893798828,-10.442184448242188,-92.3055419921875,14.208802223205566,10.175460815429688,-42.79791259765625,71.36859893798828,-10.442184448242188,-92.3055419921875,14.208802223205566,13.959556425309849
14.734,0,9.640810012817383,-43.755653381347656,71.73751068115234,-9.732059478759766,-92.35565948486328,13.897048950195312,9.640810012817383,-43.755653381347656,71.73751068115234,-9.732059478759766,-92.35565948486328,13.897048950195312,13.959556425309849
14.764,0,9.212411880493164,-44.35185241699219,72.011962890625,-9.369930267333984,-92.35908508300781,13.947264671325684,9.212411880493164,-44.35185241699219,72.011962890625,-9.369930267333984,-92.35908508300781,13.947264671325684,13.959556425309849
14.798,0,9.16227912902832,-43.52120590209961,71.80030822753906,-10.076425552368164,-92.33492279052734,14.357404708862305,9.16227912902832,-43.52120590209961,71.80030822753906,-10.076425552368164,-92.33492279052734,14.357404708862305,13.894324853228962
14.832,0,9.090679168701172,-42.446781158447266,71.5134048461914,-10.983970642089844,-92.29605865478516,14.819576263427734,9.090679168701172,-42.446781158447266,71.5134048461914,-10.983970642089844,-92.29605865478516,14.819576263427734,13.959556425309849
14.867,0,8.902835845947266,-43.42811965942383,71.9757080078125,-10.365966796875,-92.26750183105469,14.681299209594727,8.902835845947266,-43.42811965942383,71.9757080078125,-10.365966796875,-92.26750183105469,14.681299209594727,13.959556425309849
14.898,0,9.121007919311523,-43.188594818115234,71.9844741821289,-10.694023132324219,-92.2033920288086,14.930768966674805,9.121007919311523,-43.188594818115234,71.9844741821289,-10.694023132324219,-92.2033920288086,14.930768966674805,14.15525114155251
14.935,0,8.650254249572754,-43.49613952636719,72.21363067626953,-10.577173233032227,-92.22783660888672,14.936718940734863,8.650254249572754,-43.49613952636719,72.21363067626953,-10.577173233032227,-92.22783660888672,14.936718940734863,14.350945857795171
14.965,0,8.214996337890625,-43.830448150634766,72.40289306640625,-10.421924591064453,-92.23511505126953,15.056136131286621,8.214996337890625,-43.830448150634766,72.40289306640625,-10.421924591064453,-92.23511505126953,15.056136131286621,14.350945857795171
15.003,0,7.8944196701049805,-43.83796691894531,72.5243911743164,-10.528064727783203,-92.2139663696289,15.239803314208984,7.8944196701049805,-43.83796691894531,72.5243911743164,-10.528064727783203,-92.2139663696289,15.239803314208984,14.481409001956946
15.033,0,7.933712005615234,-44.273887634277344,72.73538208007812,-10.291324615478516,-92.14598083496094,15.44468879699707,7.933712005615234,-44.273887634277344,72.73538208007812,-10.291324615478516,-92.14598083496094,15.44468879699707,14.677103718199607
15.069,0,7.828437805175781,-43.97752380371094,72.72828674316406,-10.600187301635742,-92.16878509521484,15.586357116699219,7.828437805175781,-43.97752380371094,72.72828674316406,-10.600187301635742,-92.16878509521484,15.586357116699219,14.742335290280495
15.099,0,7.646716117858887,-44.70989227294922,73.17918395996094,-10.245122909545898,-92.14655303955078,15.694263458251953,7.646716117858887,-44.70989227294922,73.17918395996094,-10.245122909545898,-92.14655303955078,15.694263458251953,14.938030006523157
15.137,0,7.582569122314453,-43.88855743408203,73.0224380493164,-11.001028060913086,-92.08761596679688,16.10858154296875,7.582569122314453,-43.88855743408203,73.0224380493164,-11.001028060913086,-92.08761596679688,16.10858154296875,15.133724722765818
15.167,0,7.6949872970581055,-43.280723571777344,72.90901184082031,-11.559883117675781,-92.02140808105469,16.473020553588867,7.6949872970581055,-43.280723571777344,72.90901184082031,-11.559883117675781,-92.02140808105469,16.473020553588867,15.264187866927593
15.204,0,7.866162300109863,-43.176536560058594,73.07344055175781,-11.820226669311523,-92.02059173583984,16.565433502197266,7.866162300109863,-43.176536560058594,73.07344055175781,-11.820226669311523,-92.02059173583984,16.565433502197266,15.459882583170254
15.234,0,7.660759925842285,-43.23497772216797,73.25724029541016,-11.928224563598633,-91.98624420166016,16.837799072265625,7.660759925842285,-43.23497772216797,73.25724029541016,-11.928224563598633,-91.98624420166016,16.837799072265625,15.78604044357469
15.272,0,7.526917457580566,-43.17377853393555,73.49732971191406,-12.253732681274414,-91.93559265136719,17.010835647583008,7.526917457580566,-43.17377853393555,73.49732971191406,-12.253732681274414,-91.93559265136719,17.010835647583008,16.046966731898237
15.301,0,7.734533309936523,-43.82926559448242,73.98328399658203,-11.991077423095703,-91.87890625,16.991859436035156,7.734533309936523,-43.82926559448242,73.98328399658203,-11.991077423095703,-91.87890625,16.991859436035156,16.2426614481409
15.332,0,7.862246513366699,-43.893402099609375,74.29131317138672,-12.159324645996094,-91.85081481933594,16.991905212402344,7.862246513366699,-43.893402099609375,74.29131317138672,-12.159324645996094,-91.85081481933594,16.991905212402344,16.503587736464446
15.371,0,7.715776443481445,-42.9755859375,74.0480728149414,-12.898700714111328,-91.82231140136719,17.568021774291992,7.715776443481445,-42.9755859375,74.0480728149414,-12.898700714111328,-91.82231140136719,17.568021774291992,16.634050880626223
15.401,0,7.560229301452637,-43.25150680541992,74.31874084472656,-12.833047866821289,-91.77880096435547,17.722736358642578,7.560229301452637,-43.25150680541992,74.31874084472656,-12.833047866821289,-91.77880096435547,17.722736358642578,16.634050880626223
15.438,0,7.795292854309082,-42.738853454589844,74.32762908935547,-13.399115562438965,-91.67637634277344,18.175077438354492,7.795292854309082,-42.738853454589844,74.32762908935547,-13.399115562438965,-91.67637634277344,18.175077438354492,16.69928245270711
15.468,0,8.00070571899414,-41.46797561645508,74.0080337524414,-14.418559074401855,-91.62814331054688,18.743080139160156,8.00070571899414,-41.46797561645508,74.0080337524414,-14.418559074401855,-91.62814331054688,18.743080139160156,17.15590345727332
15.502,0,7.982460975646973,-39.56672668457031,73.42927551269531,-15.876495361328125,-91.58450317382812,19.490083694458008,7.982460975646973,-39.56672668457031,73.42927551269531,-15.876495361328125,-91.58450317382812,19.490083694458008,17.416829745596868
15.538,0,7.903407096862793,-38.86526107788086,73.37257385253906,-16.59587860107422,-91.53033447265625,19.997142791748047,7.903407096862793,-38.86526107788086,73.37257385253906,-16.59587860107422,-91.53033447265625,19.997142791748047,17.80821917808219
