t_s,episode,target.shoulder_pan.pos,target.shoulder_lift.pos,target.elbow_flex.pos,target.wrist_flex.pos,target.wrist_roll.pos,target.gripper.pos,sent.shoulder_pan.pos,sent.shoulder_lift.pos,sent.elbow_flex.pos,sent.wrist_flex.pos,sent.wrist_roll.pos,sent.gripper.pos,gripper_actual
0.238,0,-3.883265495300293,-100.29356384277344,92.34111785888672,67.83920288085938,-1.99969482421875,0.6462173461914062,-3.883265495300293,-100.29356384277344,92.34111785888672,67.83920288085938,-1.99969482421875,0.6462173461914062,5.088062622309197
0.268,0,-4.6963348388671875,-100.18177795410156,92.1536636352539,68.2178726196289,-3.0488433837890625,0.5976696014404297,-4.6963348388671875,-100.18177795410156,92.1536636352539,68.2178726196289,-3.0488433837890625,0.5976696014404297,5.088062622309197
0.299,0,-4.248647689819336,-100.32254028320312,92.3247299194336,67.52934265136719,-3.6611862182617188,0.5686130523681641,-4.248647689819336,-100.32254028320312,92.3247299194336,67.52934265136719,-3.6611862182617188,0.5686130523681641,5.088062622309197
0.335,0,-4.317007064819336,-100.40084075927734,92.5086898803711,66.7943344116211,-5.560005187988281,0.5257835388183594,-4.317007064819336,-100.40084075927734,92.5086898803711,66.7943344116211,-5.560005187988281,0.5257835388183594,4.5662100456621
0.376,0,-4.528005599975586,-100.42208099365234,92.48065185546875,66.5216064453125,-6.5667877197265625,0.4919605255126953,-4.528005599975586,-100.42208099365234,92.48065185546875,66.5216064453125,-6.5667877197265625,0.4919605255126953,3.0006523157208087
0.404,0,-4.50331974029541,-100.4788818359375,92.50200653076172,66.2563247680664,-7.11895751953125,0.4912834167480469,-4.50331974029541,-100.4788818359375,92.50200653076172,66.2563247680664,-7.11895751953125,0.4912834167480469,1.8917155903457272
0.439,0,-4.722005844116211,-100.5044937133789,92.49915313720703,66.0940170288086,-7.653877258300781,0.4797840118408203,-4.722005844116211,-100.5044937133789,92.49915313720703,66.0940170288086,-7.653877258300781,0.4797840118408203,1.5003261578604044
0.471,0,-5.021872520446777,-100.52232360839844,92.51904296875,65.7148666381836,-8.3377685546875,0.4759960174560547,-5.021872520446777,-100.52232360839844,92.51904296875,65.7148666381836,-8.3377685546875,0.4759960174560547,1.304631441617743
0.506,0,-5.348687171936035,-100.57645416259766,92.57905578613281,65.15634155273438,-9.297401428222656,0.46681785583496094,-5.348687171936035,-100.57645416259766,92.57905578613281,65.15634155273438,-9.297401428222656,0.46681785583496094,1.304631441617743
0.536,0,-5.376527786254883,-100.60941314697266,92.74407958984375,64.35491180419922,-10.276321411132812,0.47247314453125,-5.376527786254883,-100.60941314697266,92.74407958984375,64.35491180419922,-10.276321411132812,0.47247314453125,1.304631441617743
0.572,0,-5.5514020919799805,-100.64579772949219,92.81019592285156,63.82927703857422,-11.283401489257812,0.45488739013671875,-5.5514020919799805,-100.64579772949219,92.81019592285156,63.82927703857422,-11.283401489257812,0.45488739013671875,1.304631441617743
0.612,0,-5.806769371032715,-100.70079040527344,92.91010284423828,63.21227264404297,-12.36676025390625,0.45394325256347656,-5.806769371032715,-100.70079040527344,92.91010284423828,63.21227264404297,-12.36676025390625,0.45394325256347656,1.304631441617743
0.640,0,-6.110756874084473,-100.71723937988281,93.02415466308594,62.46424865722656,-13.556907653808594,0.447845458984375,-6.110756874084473,-100.71723937988281,93.02415466308594,62.46424865722656,-13.556907653808594,0.447845458984375,1.304631441617743
0.676,0,-6.340855598449707,-100.73085021972656,93.17913818359375,61.65888977050781,-14.748878479003906,0.4449310302734375,-6.340855598449707,-100.73085021972656,93.17913818359375,61.65888977050781,-14.748878479003906,0.4449310302734375,1.304631441617743
0.705,0,-6.450685501098633,-100.74142456054688,93.30354309082031,60.98096466064453,-16.02203369140625,0.4395771026611328,-6.450685501098633,-100.74142456054688,93.30354309082031,60.98096466064453,-16.02203369140625,0.4395771026611328,1.304631441617743
0.739,0,-6.721936225891113,-100.76622009277344,93.4593276977539,60.171417236328125,-17.424598693847656,0.43589019775390625,-6.721936225891113,-100.76622009277344,93.4593276977539,60.171417236328125,-17.424598693847656,0.43589019775390625,1.304631441617743
0.774,0,-7.009676933288574,-100.78986358642578,93.58773040771484,59.45848846435547,-18.710037231445312,0.4283103942871094,-7.009676933288574,-100.78986358642578,93.58773040771484,59.45848846435547,-18.710037231445312,0.4283103942871094,1.304631441617743
0.810,0,-7.178315162658691,-100.78105926513672,93.74415588378906,58.74590301513672,-19.993709564208984,0.4308643341064453,-7.178315162658691,-100.78105926513672,93.74415588378906,58.74590301513672,-19.993709564208984,0.4308643341064453,1.304631441617743
0.839,0,-7.431224822998047,-100.7894058227539,93.87552642822266,58.010711669921875,-21.443340301513672,0.4195117950439453,-7.431224822998047,-100.7894058227539,93.87552642822266,58.010711669921875,-21.443340301513672,0.4195117950439453,1.304631441617743
0.872,0,-7.609572410583496,-100.77684783935547,94.0081787109375,57.30918884277344,-22.873241424560547,0.41864776611328125,-7.609572410583496,-100.77684783935547,94.0081787109375,57.30918884277344,-22.873241424560547,0.41864776611328125,1.304631441617743
0.906,0,-7.904582977294922,-100.78732299804688,94.17494201660156,56.509239196777344,-24.31747817993164,0.41410255432128906,-7.904582977294922,-100.78732299804688,94.17494201660156,56.509239196777344,-24.31747817993164,0.41410255432128906,1.304631441617743
0.939,0,-8.12264347076416,-100.79508972167969,94.34481048583984,55.651123046875,-25.751731872558594,0.4069938659667969,-8.12264347076416,-100.79508972167969,94.34481048583984,55.651123046875,-25.751731872558594,0.4069938659667969,1.304631441617743
0.976,0,-8.379413604736328,-100.82177734375,94.50001525878906,54.865760803222656,-27.293262481689453,0.3924827575683594,-8.379413604736328,-100.82177734375,94.50001525878906,54.865760803222656,-27.293262481689453,0.3924827575683594,1.304631441617743
1.006,0,-8.573661804199219,-100.82843780517578,94.6535415649414,54.05755615234375,-28.83279037475586,0.3795604705810547,-8.573661804199219,-100.82843780517578,94.6535415649414,54.05755615234375,-28.83279037475586,0.3795604705810547,1.304631441617743
1.039,0,-8.850052833557129,-100.85757446289062,94.80793762207031,53.27317810058594,-30.278095245361328,0.3697471618652344,-8.850052833557129,-100.85757446289062,94.80793762207031,53.27317810058594,-30.278095245361328,0.3697471618652344,1.304631441617743
1.072,0,-9.030471801757812,-100.8773193359375,94.98377227783203,52.38688659667969,-31.86310577392578,0.3580169677734375,-9.030471801757812,-100.8773193359375,94.98377227783203,52.38688659667969,-31.86310577392578,0.3580169677734375,1.304631441617743
1.106,0,-9.234292984008789,-100.90113067626953,95.13567352294922,51.60706329345703,-33.480140686035156,0.3507976531982422,-9.234292984008789,-100.90113067626953,95.13567352294922,51.60706329345703,-33.480140686035156,0.3507976531982422,1.304631441617743
1.140,0,-9.382290840148926,-100.907958984375,95.26173400878906,50.89921569824219,-35.02467346191406,0.3532390594482422,-9.382290840148926,-100.907958984375,95.26173400878906,50.89921569824219,-35.02467346191406,0.3532390594482422,1.304631441617743
1.172,0,-9.562520027160645,-100.92806243896484,95.41790008544922,50.08753967285156,-36.67713928222656,0.387969970703125,-9.562520027160645,-100.92806243896484,95.41790008544922,50.08753967285156,-36.67713928222656,0.387969970703125,1.304631441617743
1.211,0,-9.708871841430664,-100.95381927490234,95.56607055664062,49.33580780029297,-38.25254821777344,0.5022907257080078,-9.708871841430664,-100.95381927490234,95.56607055664062,49.33580780029297,-38.25254821777344,0.5022907257080078,1.304631441617743
1.239,0,-9.809259414672852,-100.97836303710938,95.6732406616211,48.71696472167969,-39.942081451416016,0.6298065185546875,-9.809259414672852,-100.97836303710938,95.6732406616211,48.71696472167969,-39.942081451416016,0.6298065185546875,1.304631441617743
1.274,0,-9.86539077758789,-100.99906158447266,95.78370666503906,48.088523864746094,-41.71632766723633,0.7875137329101562,-9.86539077758789,-100.99906158447266,95.78370666503906,48.088523864746094,-41.71632766723633,0.7875137329101562,1.304631441617743
1.306,0,-9.96885871887207,-101.01982879638672,95.89484405517578,47.43767547607422,-43.43071746826172,0.9477214813232422,-9.96885871887207,-101.01982879638672,95.89484405517578,47.43767547607422,-43.43071746826172,0.9477214813232422,1.304631441617743
1.347,0,-9.984552383422852,-101.04541778564453,96.01600646972656,46.727989196777344,-45.24755859375,1.0411186218261719,-9.984552383422852,-101.04541778564453,96.01600646972656,46.727989196777344,-45.24755859375,1.0411186218261719,1.304631441617743
1.373,0,-9.982939720153809,-101.0508041381836,96.10879516601562,46.06947326660156,-47.11984634399414,1.2684555053710938,-9.982939720153809,-101.0508041381836,96.10879516601562,46.06947326660156,-47.11984634399414,1.2684555053710938,1.304631441617743
1.405,0,-9.929390907287598,-101.06936645507812,96.19310760498047,45.48028564453125,-48.78929138183594,1.3391761779785156,-9.929390907287598,-101.06936645507812,96.19310760498047,45.48028564453125,-48.78929138183594,1.3391761779785156,1.304631441617743
1.439,0,-9.867644309997559,-101.10356140136719,96.27955627441406,44.83367919921875,-50.6533203125,1.4328994750976562,-9.867644309997559,-101.10356140136719,96.27955627441406,44.83367919921875,-50.6533203125,1.4328994750976562,1.304631441617743
1.473,0,-9.708395957946777,-101.12037658691406,96.35800170898438,44.22474670410156,-52.481422424316406,1.5364952087402344,-9.708395957946777,-101.12037658691406,96.35800170898438,44.22474670410156,-52.481422424316406,1.5364952087402344,1.304631441617743
1.508,0,-9.572652816772461,-101.13731384277344,96.40830993652344,43.608489990234375,-54.39073181152344,1.6909408569335938,-9.572652816772461,-101.13731384277344,96.40830993652344,43.608489990234375,-54.39073181152344,1.6909408569335938,1.304631441617743
1.541,0,-9.353532791137695,-101.1505126953125,96.46084594726562,42.959075927734375,-56.22611999511719,1.8411884307861328,-9.353532791137695,-101.1505126953125,96.46084594726562,42.959075927734375,-56.22611999511719,1.8411884307861328,1.36986301369863
1.576,0,-9.13241958618164,-101.17542266845703,96.50594329833984,42.30528259277344,-58.242591857910156,2.102802276611328,-9.13241958618164,-101.17542266845703,96.50594329833984,42.30528259277344,-58.242591857910156,2.102802276611328,1.4350945857795172
1.608,0,-8.799277305603027,-101.15940856933594,96.54273986816406,41.599700927734375,-60.299583435058594,2.480640411376953,-8.799277305603027,-101.15940856933594,96.54273986816406,41.599700927734375,-60.299583435058594,2.480640411376953,1.4350945857795172
1.641,0,-8.560386657714844,-101.17176818847656,96.56491088867188,40.99052429199219,-62.103912353515625,2.9120044708251953,-8.560386657714844,-101.17176818847656,96.56491088867188,40.99052429199219,-62.103912353515625,2.9120044708251953,1.5003261578604044
1.676,0,-8.181642532348633,-101.18449401855469,96.57964324951172,40.36332702636719,-63.887481689453125,3.285106658935547,-8.181642532348633,-101.18449401855469,96.57964324951172,40.36332702636719,-63.887481689453125,3.285106658935547,1.6960208741030658
1.742,0,-7.859133720397949,-101.21151733398438,96.60064697265625,39.73217010498047,-65.57830047607422,3.7629222869873047,-7.859133720397949,-101.21151733398438,96.60064697265625,39.73217010498047,-65.57830047607422,3.7629222869873047,1.9569471624266144
1.771,0,-7.494610786437988,-101.21349334716797,96.60932922363281,39.08788299560547,-67.17695617675781,4.1749114990234375,-7.494610786437988,-101.21349334716797,96.60932922363281,39.08788299560547,-67.17695617675781,4.1749114990234375,2.5440313111545985
1.804,0,-7.078910827636719,-101.2391357421875,96.60868072509766,38.46897888183594,-68.61026000976562,4.761588096618652,-7.078910827636719,-101.2391357421875,96.60868072509766,38.46897888183594,-68.61026000976562,4.761588096618652,2.804957599478147
1.836,0,-6.683224678039551,-101.2455062866211,96.6009750366211,37.84992218017578,-69.93325805664062,5.345911026000977,-6.683224678039551,-101.2455062866211,96.6009750366211,37.84992218017578,-69.93325805664062,5.345911026000977,3.1963470319634704
1.875,0,-6.273908615112305,-101.25997924804688,96.58950805664062,37.19813537597656,-71.18016052246094,6.014273643493652,-6.273908615112305,-101.25997924804688,96.58950805664062,37.19813537597656,-71.18016052246094,6.014273643493652,3.587736464448793
1.901,0,-5.8906660079956055,-101.29879760742188,96.57638549804688,36.600868225097656,-72.31890869140625,6.756499290466309,-5.8906660079956055,-101.29879760742188,96.57638549804688,36.600868225097656,-72.31890869140625,6.756499290466309,4.044357469015003
1.939,0,-5.446249961853027,-101.32551574707031,96.56455993652344,35.97735595703125,-73.33543395996094,7.613675117492676,-5.446249961853027,-101.32551574707031,96.56455993652344,35.97735595703125,-73.33543395996094,7.613675117492676,4.5662100456621
1.971,0,-5.043454170227051,-101.36812591552734,96.54682159423828,35.37677764892578,-74.24889373779297,8.583080291748047,-5.043454170227051,-101.36812591552734,96.54682159423828,35.37677764892578,-74.24889373779297,8.583080291748047,5.283757338551859
2.004,0,-4.643653869628906,-101.39738464355469,96.53816986083984,34.743080139160156,-75.07842254638672,9.617559432983398,-4.643653869628906,-101.39738464355469,96.53816986083984,34.743080139160156,-75.07842254638672,9.617559432983398,5.93607305936073
2.036,0,-4.308994293212891,-101.42282104492188,96.5242919921875,34.130104064941406,-75.79566955566406,10.712689399719238,-4.308994293212891,-101.42282104492188,96.5242919921875,34.130104064941406,-75.79566955566406,10.712689399719238,6.718851924331376
2.071,0,-3.913860321044922,-101.49170684814453,96.50807189941406,33.55962371826172,-76.48750305175781,11.911638259887695,-3.913860321044922,-101.49170684814453,96.50807189941406,33.55962371826172,-76.48750305175781,11.911638259887695,7.566862361382909
2.102,0,-3.6194162368774414,-101.50071716308594,96.48404693603516,32.9237060546875,-77.12622833251953,13.185455322265625,-3.6194162368774414,-101.50071716308594,96.48404693603516,32.9237060546875,-77.12622833251953,13.185455322265625,8.610567514677104
2.139,0,-3.2159314155578613,-101.52886962890625,96.48927307128906,32.28833770751953,-77.72555541992188,14.413872718811035,-3.2159314155578613,-101.52886962890625,96.48927307128906,32.28833770751953,-77.72555541992188,14.413872718811035,9.654272667971298
2.172,0,-2.8742737770080566,-101.50947570800781,96.47856140136719,31.70490264892578,-78.26567840576172,15.640962600708008,-2.8742737770080566,-101.50947570800781,96.47856140136719,31.70490264892578,-78.26567840576172,15.640962600708008,10.632746249184605
2.203,0,-2.548746109008789,-101.54459381103516,96.47518920898438,31.211036682128906,-78.71572875976562,16.809316635131836,-2.548746109008789,-101.54459381103516,96.47518920898438,31.211036682128906,-78.71572875976562,16.809316635131836,11.87214611872146
2.242,0,-2.2790660858154297,-101.41825103759766,96.47444152832031,30.5958251953125,-79.14727020263672,17.989402770996094,-2.2790660858154297,-101.41825103759766,96.47444152832031,30.5958251953125,-79.14727020263672,17.989402770996094,13.04631441617743
2.270,0,-1.9515762329101562,-101.38407897949219,96.47469329833984,30.086936950683594,-79.52972412109375,19.05213737487793,-1.9515762329101562,-101.38407897949219,96.47469329833984,30.086936950683594,-79.52972412109375,19.05213737487793,14.285714285714285
2.306,0,-1.6925339698791504,-101.21793365478516,96.4504165649414,29.534652709960938,-79.86878967285156,20.02529525756836,-1.6925339698791504,-101.21793365478516,96.4504165649414,29.534652709960938,-79.86878967285156,20.02529525756836,15.329419439008479
2.340,0,-1.4211668968200684,-101.13785552978516,96.43124389648438,29.05805206298828,-80.18801879882812,20.987403869628906,-1.4211668968200684,-101.13785552978516,96.43124389648438,29.05805206298828,-80.18801879882812,20.987403869628906,16.503587736464446
2.372,0,-1.1871142387390137,-101.01074981689453,96.41118621826172,28.51490020751953,-80.47455596923828,21.871166229248047,-1.1871142387390137,-101.01074981689453,96.41118621826172,28.51490020751953,-80.47455596923828,21.871166229248047,17.61252446183953
2.405,0,-0.9799103736877441,-100.86486053466797,96.39138793945312,28.006004333496094,-80.759521484375,22.802608489990234,-0.9799103736877441,-100.86486053466797,96.39138793945312,28.006004333496094,-80.759521484375,22.802608489990234,18.656229615133725
2.441,0,-0.7630043029785156,-100.55744171142578,96.35690307617188,27.36148452758789,-81.0385513305664,23.65323257446289,-0.7630043029785156,-100.55744171142578,96.35690307617188,27.36148452758789,-81.0385513305664,23.65323257446289,19.69993476842792
2.472,0,-0.5442895889282227,-100.37430572509766,96.30982971191406,26.85845184326172,-81.29533386230469,24.506887435913086,-0.5442895889282227,-100.37430572509766,96.30982971191406,26.85845184326172,-81.29533386230469,24.506887435913086,20.678408349641224
2.506,0,-0.40054845809936523,-100.0373306274414,96.25537109375,26.191967010498047,-81.54768371582031,25.322593688964844,-0.40054845809936523,-100.0373306274414,96.25537109375,26.191967010498047,-81.54768371582031,25.322593688964844,21.65688193085453
2.538,0,-0.2230839729309082,-99.67790222167969,96.20278930664062,25.47534942626953,-81.82585906982422,26.17828941345215,-0.2230839729309082,-99.67790222167969,96.20278930664062,25.47534942626953,-81.82585906982422,26.17828941345215,22.570123939986953
2.572,0,-0.03401374816894531,-99.24712371826172,96.12891387939453,24.796977996826172,-82.06851959228516,26.94493865966797,-0.03401374816894531,-99.24712371826172,96.12891387939453,24.796977996826172,-82.06851959228516,26.94493865966797,23.418134377038484
2.609,0,0.10344171524047852,-98.77642822265625,96.04558563232422,24.060035705566406,-82.34103393554688,27.745807647705078,0.10344171524047852,-98.77642822265625,96.04558563232422,24.060035705566406,-82.34103393554688,27.745807647705078,24.331376386170906
2.639,0,0.2594890594482422,-98.30354309082031,95.9742660522461,23.312755584716797,-82.58850860595703,28.482852935791016,0.2594890594482422,-98.30354309082031,95.9742660522461,23.312755584716797,-82.58850860595703,28.482852935791016,25.179386823222437
2.673,0,0.34009528160095215,-97.70471954345703,95.87797546386719,22.47509002685547,-82.84127044677734,29.22659683227539,0.34009528160095215,-97.70471954345703,95.87797546386719,22.47509002685547,-82.84127044677734,29.22659683227539,25.896934116112195
2.710,0,0.4387526512145996,-96.95455169677734,95.75575256347656,21.537349700927734,-83.10343933105469,29.957164764404297,0.4387526512145996,-96.95455169677734,95.75575256347656,21.537349700927734,-83.10343933105469,29.957164764404297,26.74494455316373
2.739,0,0.5372004508972168,-96.25882720947266,95.61820983886719,20.65865707397461,-83.36820220947266,30.616233825683594,0.5372004508972168,-96.25882720947266,95.61820983886719,20.65865707397461,-83.36820220947266,30.616233825683594,27.527723418134375
2.772,0,0.6125986576080322,-95.52885437011719,95.49217987060547,19.698352813720703,-83.61288452148438,31.28652572631836,0.6125986576080322,-95.52885437011719,95.49217987060547,19.698352813720703,-83.61288452148438,31.28652572631836,28.31050228310502
2.807,0,0.6447429656982422,-94.4867172241211,95.33799743652344,18.50018310546875,-83.87712860107422,32.004581451416016,0.6447429656982422,-94.4867172241211,95.33799743652344,18.50018310546875,-83.87712860107422,32.004581451416016,29.09328114807567
2.839,0,0.6778469085693359,-93.5936050415039,95.18775939941406,17.41696548461914,-84.13925170898438,32.62482452392578,0.6778469085693359,-93.5936050415039,95.18775939941406,17.41696548461914,-84.13925170898438,32.62482452392578,29.74559686888454
2.881,0,0.7326943874359131,-92.66899871826172,95.0634765625,16.329547882080078,-84.3938217163086,33.19186782836914,0.7326943874359131,-92.66899871826172,95.0634765625,16.329547882080078,-84.3938217163086,33.19186782836914,30.39791258969341
2.909,0,0.7139484882354736,-91.5500717163086,94.91304779052734,15.041854858398438,-84.64253997802734,33.810768127441406,0.7139484882354736,-91.5500717163086,94.91304779052734,15.041854858398438,-84.64253997802734,33.810768127441406,31.180691454664057
2.941,0,0.7290687561035156,-90.43864440917969,94.76795196533203,13.801509857177734,-84.87606811523438,34.36886215209961,0.7290687561035156,-90.43864440917969,94.76795196533203,13.801509857177734,-84.87606811523438,34.36886215209961,31.83300717547293
2.977,0,0.7308909893035889,-89.2337417602539,94.61532592773438,12.464286804199219,-85.12251281738281,34.879966735839844,0.7308909893035889,-89.2337417602539,94.61532592773438,12.464286804199219,-85.12251281738281,34.879966735839844,32.42009132420091
3.008,0,0.7318687438964844,-88.04827880859375,94.48210144042969,11.13393783569336,-85.35442352294922,35.378719329833984,0.7318687438964844,-88.04827880859375,94.48210144042969,11.13393783569336,-85.35442352294922,35.378719329833984,33.00717547292889
3.043,0,0.6912143230438232,-86.78839874267578,94.31999969482422,9.756885528564453,-85.59461212158203,35.95222854614258,0.6912143230438232,-86.78839874267578,94.31999969482422,9.756885528564453,-85.59461212158203,35.95222854614258,33.59425962165688
3.077,0,0.647907018661499,-85.46526336669922,94.13859558105469,8.359664916992188,-85.8097152709961,36.37444305419922,0.647907018661499,-85.46526336669922,94.13859558105469,8.359664916992188,-85.8097152709961,36.37444305419922,34.11611219830398
3.109,0,0.6035542488098145,-84.1383056640625,93.98899841308594,6.968921661376953,-86.04011535644531,36.84026336669922,0.6035542488098145,-84.1383056640625,93.98899841308594,6.968921661376953,-86.04011535644531,36.84026336669922,34.70319634703196
3.142,0,0.5674135684967041,-82.70263671875,93.80526733398438,5.439952850341797,-86.26187133789062,37.27653503417969,0.5674135684967041,-82.70263671875,93.80526733398438,5.439952850341797,-86.26187133789062,37.27653503417969,35.22504892367906
3.176,0,0.5037140846252441,-81.25977325439453,93.60608673095703,3.9581451416015625,-86.48030853271484,37.752716064453125,0.5037140846252441,-81.25977325439453,93.60608673095703,3.9581451416015625,-86.48030853271484,37.752716064453125,35.68166992824527
3.209,0,0.45160698890686035,-79.73013305664062,93.38200378417969,2.4168739318847656,-86.69999694824219,38.172874450683594,0.45160698890686035,-79.73013305664062,93.38200378417969,2.4168739318847656,-86.69999694824219,38.172874450683594,36.20352250489237
3.243,0,0.3936350345611572,-78.284912109375,93.17665100097656,0.9358367919921875,-86.91133880615234,38.521610260009766,0.3936350345611572,-78.284912109375,93.17665100097656,0.9358367919921875,-86.91133880615234,38.521610260009766,36.66014350945858
3.276,0,0.32954859733581543,-76.67999267578125,92.9912109375,-0.73944091796875,-87.12862396240234,38.97907257080078,0.32954859733581543,-76.67999267578125,92.9912109375,-0.73944091796875,-87.12862396240234,38.97907257080078,37.11676451402479
3.319,0,0.2575492858886719,-75.07625579833984,92.74418640136719,-2.3058853149414062,-87.32703399658203,39.356327056884766,0.2575492858886719,-75.07625579833984,92.74418640136719,-2.3058853149414062,-87.32703399658203,39.356327056884766,37.573385518590996
3.349,0,0.1754164695739746,-73.52726745605469,92.55818176269531,-3.904582977294922,-87.53114318847656,39.70972442626953,0.1754164695739746,-73.52726745605469,92.55818176269531,-3.904582977294922,-87.53114318847656,39.70972442626953,38.030006523157205
3.380,0,0.12478065490722656,-71.88866424560547,92.31070709228516,-5.540920257568359,-87.73151397705078,40.07493591308594,0.12478065490722656,-71.88866424560547,92.31070709228516,-5.540920257568359,-87.73151397705078,40.07493591308594,38.42139595564253
3.414,0,0.02914142608642578,-70.25541687011719,92.09283447265625,-7.153959274291992,-87.8970947265625,40.443321228027344,0.02914142608642578,-70.25541687011719,92.09283447265625,-7.153959274291992,-87.8970947265625,40.443321228027344,38.81278538812785
3.456,0,-0.05473136901855469,-68.62869262695312,91.8232421875,-8.741531372070312,-88.08503723144531,40.800804138183594,-0.05473136901855469,-68.62869262695312,91.8232421875,-8.741531372070312,-88.08503723144531,40.800804138183594,39.204174820613176
3.485,0,-0.16057491302490234,-66.93991088867188,91.58724975585938,-10.412641525268555,-88.25969696044922,41.13768005371094,-0.16057491302490234,-66.93991088867188,91.58724975585938,-10.412641525268555,-88.25969696044922,41.13768005371094,39.595564253098495
3.520,0,-0.24358654022216797,-65.2630615234375,91.30174255371094,-11.99462890625,-88.41889953613281,41.478065490722656,-0.24358654022216797,-65.2630615234375,91.30174255371094,-11.99462890625,-88.41889953613281,41.478065490722656,39.92172211350293
3.550,0,-0.3643960952758789,-63.575843811035156,91.02538299560547,-13.629085540771484,-88.57008361816406,41.83026123046875,-0.3643960952758789,-63.575843811035156,91.02538299560547,-13.629085540771484,-88.57008361816406,41.83026123046875,40.24787997390737
3.590,0,-0.44890832901000977,-61.795166015625,90.697998046875,-15.243324279785156,-88.69060516357422,42.17206954956055,-0.44890832901000977,-61.795166015625,90.697998046875,-15.243324279785156,-88.69060516357422,42.17206954956055,40.63926940639269
3.619,0,-1.1806154251098633,-60.08436584472656,90.53218078613281,-16.931184768676758,-88.87841033935547,42.59488296508789,-1.1806154251098633,-60.08436584472656,90.53218078613281,-16.931184768676758,-88.87841033935547,42.59488296508789,40.96542726679713
3.686,0,-1.312544822692871,-59.26027297973633,90.496337890625,-17.673402786254883,-89.01631927490234,42.68872833251953,-1.312544822692871,-59.26027297973633,90.496337890625,-17.673402786254883,-89.01631927490234,42.68872833251953,41.291585127201564
3.715,0,-2.0495004653930664,-57.25371551513672,90.27479553222656,-19.596704483032227,-89.19437408447266,43.165306091308594,-2.0495004653930664,-57.25371551513672,90.27479553222656,-19.596704483032227,-89.19437408447266,43.165306091308594,41.943900848010436
3.746,0,-2.43886137008667,-55.58869934082031,90.08638763427734,-21.086837768554688,-89.3489761352539,43.37282943725586,-2.43886137008667,-55.58869934082031,90.08638763427734,-21.086837768554688,-89.3489761352539,43.37282943725586,42.1395955642531
3.781,0,-2.4719629287719727,-54.80755615234375,90.12381744384766,-21.904300689697266,-89.46463012695312,43.37646484375,-2.4719629287719727,-54.80755615234375,90.12381744384766,-21.904300689697266,-89.46463012695312,43.37646484375,42.400521852576645
3.813,0,-3.1412391662597656,-52.83720397949219,89.927001953125,-23.862953186035156,-89.62966918945312,43.80459976196289,-3.1412391662597656,-52.83720397949219,89.927001953125,-23.862953186035156,-89.62966918945312,43.80459976196289,42.66144814090019
3.848,0,-3.5818982124328613,-51.285274505615234,89.73773956298828,-25.303882598876953,-89.7637939453125,44.00975036621094,-3.5818982124328613,-51.285274505615234,89.73773956298828,-25.303882598876953,-89.7637939453125,44.00975036621094,42.922374429223744
3.880,0,-3.6278109550476074,-50.17472457885742,89.6827621459961,-26.435523986816406,-89.87029266357422,44.08928680419922,-3.6278109550476074,-50.17472457885742,89.6827621459961,-26.435523986816406,-89.87029266357422,44.08928680419922,43.05283757338552
3.916,0,-3.608734130859375,-49.51192855834961,89.7124252319336,-27.168495178222656,-90.00701141357422,44.16868591308594,-3.608734130859375,-49.51192855834961,89.7124252319336,-27.168495178222656,-90.00701141357422,44.16868591308594,43.37899543378995
3.947,0,-4.250112533569336,-47.33195495605469,89.33968353271484,-29.207660675048828,-90.11247253417969,44.47981262207031,-4.250112533569336,-47.33195495605469,89.33968353271484,-29.207660675048828,-90.11247253417969,44.47981262207031,43.574690150032616
3.980,0,-4.286026954650879,-46.33357238769531,89.22824096679688,-30.143733978271484,-90.1930923461914,44.688568115234375,-4.286026954650879,-46.33357238769531,89.22824096679688,-30.143733978271484,-90.1930923461914,44.688568115234375,43.77038486627527
4.014,0,-4.363121032714844,-45.03272247314453,89.10969543457031,-31.347875595092773,-90.27320098876953,44.81705093383789,-4.363121032714844,-45.03272247314453,89.10969543457031,-31.347875595092773,-90.27320098876953,44.81705093383789,43.90084801043705
4.046,0,-4.330567359924316,-44.214046478271484,89.11518096923828,-32.1815299987793,-90.39778137207031,44.890403747558594,-4.330567359924316,-44.214046478271484,89.11518096923828,-32.1815299987793,-90.39778137207031,44.890403747558594,44.1617742987606
4.080,0,-4.608641624450684,-42.92262268066406,88.95603942871094,-33.2921142578125,-90.45623779296875,45.04316329956055,-4.608641624450684,-42.92262268066406,88.95603942871094,-33.2921142578125,-90.45623779296875,45.04316329956055,44.35746901500326
4.115,0,-4.659818649291992,-41.046287536621094,88.58370971679688,-34.72062683105469,-90.48397827148438,45.15248107910156,-4.659818649291992,-41.046287536621094,88.58370971679688,-34.72062683105469,-90.48397827148438,45.15248107910156,44.487932159165034
4.157,0,-4.754273414611816,-39.54899978637695,88.35304260253906,-35.94658279418945,-90.54276275634766,45.2476806640625,-4.754273414611816,-39.54899978637695,88.35304260253906,-35.94658279418945,-90.54276275634766,45.2476806640625,44.61839530332681
4.184,0,-4.756377220153809,-38.223358154296875,88.13678741455078,-37.018768310546875,-90.57588958740234,45.26256561279297,-4.756377220153809,-38.223358154296875,88.13678741455078,-37.018768310546875,-90.57588958740234,45.26256561279297,44.74885844748858
4.218,0,-5.157710075378418,-35.979248046875,87.65137481689453,-38.705570220947266,-90.60385131835938,45.497520446777344,-5.157710075378418,-35.979248046875,87.65137481689453,-38.705570220947266,-90.60385131835938,45.497520446777344,44.87932159165035
4.251,0,-5.187477111816406,-34.65245056152344,87.39319610595703,-39.79712677001953,-90.63375091552734,45.61289978027344,-5.187477111816406,-34.65245056152344,87.39319610595703,-39.79712677001953,-90.63375091552734,45.61289978027344,44.94455316373124
4.284,0,-5.293636322021484,-33.20399475097656,87.14910125732422,-41.080326080322266,-90.6910400390625,45.655029296875,-5.293636322021484,-33.20399475097656,87.14910125732422,-41.080326080322266,-90.6910400390625,45.655029296875,44.94455316373124
4.325,0,-5.314352989196777,-31.72723388671875,86.82867431640625,-42.19922637939453,-90.72972869873047,45.63761901855469,-5.314352989196777,-31.72723388671875,86.82867431640625,-42.19922637939453,-90.72972869873047,45.63761901855469,45.075016307893016
4.353,0,-5.5887956619262695,-30.49233627319336,86.54248046875,-43.15507507324219,-90.77291870117188,45.680294036865234,-5.5887956619262695,-30.49233627319336,86.54248046875,-43.15507507324219,-90.77291870117188,45.680294036865234,45.20547945205479
4.388,0,-5.615257263183594,-29.52637481689453,86.34658813476562,-43.95964813232422,-90.81262969970703,45.69060134887695,-5.615257263183594,-29.52637481689453,86.34658813476562,-43.95964813232422,-90.81262969970703,45.69060134887695,45.33594259621657
4.425,0,-5.73542594909668,-28.441513061523438,86.08084869384766,-44.85858154296875,-90.83722686767578,45.66265869140625,-5.73542594909668,-28.441513061523438,86.08084869384766,-44.85858154296875,-90.83722686767578,45.66265869140625,45.33594259621657
4.451,0,-5.690112113952637,-27.325401306152344,85.7962875366211,-45.743099212646484,-90.86785888671875,45.60514831542969,-5.690112113952637,-27.325401306152344,85.7962875366211,-45.743099212646484,-90.86785888671875,45.60514831542969,45.33594259621657
4.484,0,-5.969325065612793,-26.387840270996094,85.57720184326172,-46.503082275390625,-90.90731048583984,45.59822463989258,-5.969325065612793,-26.387840270996094,85.57720184326172,-46.503082275390625,-90.90731048583984,45.59822463989258,45.33594259621657
4.517,0,-5.981228828430176,-25.54491424560547,85.35804748535156,-47.192344665527344,-90.92888641357422,45.56317901611328,-5.981228828430176,-25.54491424560547,85.35804748535156,-47.192344665527344,-90.92888641357422,45.56317901611328,45.33594259621657
4.556,0,-6.063794136047363,-24.771928787231445,85.19666290283203,-47.93168640136719,-90.96078491210938,45.47297668457031,-6.063794136047363,-24.771928787231445,85.19666290283203,-47.93168640136719,-90.96078491210938,45.47297668457031,45.33594259621657
4.584,0,-6.008857727050781,-23.70040512084961,84.91575622558594,-48.79248809814453,-90.99593353271484,45.44745635986328,-6.008857727050781,-23.70040512084961,84.91575622558594,-48.79248809814453,-90.99593353271484,45.44745635986328,45.33594259621657
4.619,0,-6.250360488891602,-22.70911407470703,84.63683319091797,-49.61204528808594,-91.02027130126953,45.441322326660156,-6.250360488891602,-22.70911407470703,84.63683319091797,-49.61204528808594,-91.02027130126953,45.441322326660156,45.33594259621657
4.653,0,-6.2203874588012695,-21.873613357543945,84.42667388916016,-50.33148193359375,-91.02645111083984,45.427978515625,-6.2203874588012695,-21.873613357543945,84.42667388916016,-50.33148193359375,-91.02645111083984,45.427978515625,45.33594259621657
4.685,0,-6.302704811096191,-21.00823974609375,84.2601547241211,-51.159236907958984,-91.04621887207031,45.34284973144531,-6.302704811096191,-21.00823974609375,84.2601547241211,-51.159236907958984,-91.04621887207031,45.34284973144531,45.33594259621657
4.719,0,-6.288917541503906,-19.575822830200195,83.81132507324219,-52.2232666015625,-91.05113983154297,45.383018493652344,-6.288917541503906,-19.575822830200195,83.81132507324219,-52.2232666015625,-91.05113983154297,45.383018493652344,45.33594259621657
4.752,0,-6.479972839355469,-18.591663360595703,83.53800201416016,-52.984649658203125,-91.04053497314453,45.418426513671875,-6.479972839355469,-18.591663360595703,83.53800201416016,-52.984649658203125,-91.04053497314453,45.418426513671875,45.33594259621657
4.784,0,-6.478684425354004,-17.593103408813477,83.26307678222656,-53.794063568115234,-91.01765441894531,45.440956115722656,-6.478684425354004,-17.593103408813477,83.26307678222656,-53.794063568115234,-91.01765441894531,45.440956115722656,45.33594259621657
4.819,0,-6.551607131958008,-16.678014755249023,83.03267669677734,-54.60613250732422,-91.01956939697266,45.324649810791016,-6.551607131958008,-16.678014755249023,83.03267669677734,-54.60613250732422,-91.01956939697266,45.324649810791016,45.33594259621657
4.854,0,-6.466527938842773,-15.523234367370605,82.7576675415039,-55.501930236816406,-91.00064086914062,45.2901611328125,-6.466527938842773,-15.523234367370605,82.7576675415039,-55.501930236816406,-91.00064086914062,45.2901611328125,45.33594259621657
4.889,0,-6.836281776428223,-14.249862670898438,82.40874481201172,-56.51620101928711,-90.97906494140625,45.2745361328125,-6.836281776428223,-14.249862670898438,82.40874481201172,-56.51620101928711,-90.97906494140625,45.2745361328125,45.33594259621657
4.921,0,-6.796727180480957,-13.593948364257812,82.28350067138672,-57.12739562988281,-90.96871948242188,45.17768096923828,-6.796727180480957,-13.593948364257812,82.28350067138672,-57.12739562988281,-90.96871948242188,45.17768096923828,45.33594259621657
4.953,0,-6.839432716369629,-12.871614456176758,82.13445281982422,-57.77265930175781,-90.98294067382812,45.07305145263672,-6.839432716369629,-12.871614456176758,82.13445281982422,-57.77265930175781,-90.98294067382812,45.07305145263672,45.33594259621657
4.987,0,-6.832272529602051,-11.95473861694336,81.77722930908203,-58.38031005859375,-90.98143005371094,45.00471878051758,-6.832272529602051,-11.95473861694336,81.77722930908203,-58.38031005859375,-90.98143005371094,45.00471878051758,45.33594259621657
5.021,0,-7.137795448303223,-11.162956237792969,81.60887145996094,-59.05177307128906,-90.95929718017578,44.868316650390625,-7.137795448303223,-11.162956237792969,81.60887145996094,-59.05177307128906,-90.95929718017578,44.868316650390625,45.33594259621657
5.053,0,-7.081252098083496,-10.784954071044922,81.70271301269531,-59.523223876953125,-90.93666076660156,44.778778076171875,-7.081252098083496,-10.784954071044922,81.70271301269531,-59.523223876953125,-90.93666076660156,44.778778076171875,45.33594259621657
5.087,0,-7.044221878051758,-10.334395408630371,81.64433288574219,-59.969520568847656,-90.9716567993164,44.528968811035156,-7.044221878051758,-10.334395408630371,81.64433288574219,-59.969520568847656,-90.9716567993164,44.528968811035156,45.33594259621657
5.120,0,-7.030738830566406,-9.762239456176758,81.40814971923828,-60.31776428222656,-90.94538879394531,44.364646911621094,-7.030738830566406,-9.762239456176758,81.40814971923828,-60.31776428222656,-90.94538879394531,44.364646911621094,45.33594259621657
5.153,0,-6.938896179199219,-9.255793571472168,81.3525619506836,-60.750205993652344,-90.8709716796875,44.385257720947266,-6.938896179199219,-9.255793571472168,81.3525619506836,-60.750205993652344,-90.8709716796875,44.385257720947266,45.20547945205479
5.187,0,-6.957696914672852,-8.821639060974121,81.34342193603516,-61.17193603515625,-90.894775390625,44.15924072265625,-6.957696914672852,-8.821639060974121,81.34342193603516,-61.17193603515625,-90.894775390625,44.15924072265625,44.94455316373124
5.220,0,-6.977734565734863,-8.232141494750977,81.10293579101562,-61.53765106201172,-90.85848999023438,44.01261901855469,-6.977734565734863,-8.232141494750977,81.10293579101562,-61.53765106201172,-90.85848999023438,44.01261901855469,44.87932159165035
5.254,0,-7.170104026794434,-7.765140533447266,81.11468505859375,-62.00860595703125,-90.83921813964844,43.90232849121094,-7.170104026794434,-7.765140533447266,81.11468505859375,-62.00860595703125,-90.83921813964844,43.90232849121094,44.74885844748858
5.287,0,-7.069685935974121,-6.860715866088867,80.82437896728516,-62.695701599121094,-90.71636962890625,44.03835678100586,-7.069685935974121,-6.860715866088867,80.82437896728516,-62.695701599121094,-90.71636962890625,44.03835678100586,44.487932159165034
5.321,0,-7.141506195068359,-5.100325584411621,80.38996124267578,-64.24455261230469,-90.70314025878906,44.18280792236328,-7.141506195068359,-5.100325584411621,80.38996124267578,-64.24455261230469,-90.70314025878906,44.18280792236328,44.422700587084144
5.356,0,-7.144243240356445,-4.2980546951293945,80.09178161621094,-64.8260498046875,-90.68336486816406,44.08544158935547,-7.144243240356445,-4.2980546951293945,80.09178161621094,-64.8260498046875,-90.68336486816406,44.08544158935547,44.35746901500326
5.388,0,-7.382284164428711,-3.6610212326049805,80.02098083496094,-65.45523071289062,-90.64694213867188,44.02922821044922,-7.382284164428711,-3.6610212326049805,80.02098083496094,-65.45523071289062,-90.64694213867188,44.02922821044922,44.29223744292237
5.421,0,-7.304771423339844,-2.3972854614257812,79.67233276367188,-66.5458755493164,-90.5332260131836,44.37265396118164,-7.304771423339844,-2.3972854614257812,79.67233276367188,-66.5458755493164,-90.5332260131836,44.37265396118164,44.29223744292237
5.454,0,-7.248564720153809,-1.6229743957519531,79.5500717163086,-67.24173736572266,-90.45878601074219,44.454776763916016,-7.248564720153809,-1.6229743957519531,79.5500717163086,-67.24173736572266,-90.45878601074219,44.454776763916016,44.29223744292237
5.488,0,-7.283926963806152,-0.8096857070922852,79.25638580322266,-67.9446029663086,-90.45578002929688,44.487213134765625,-7.283926963806152,-0.8096857070922852,79.25638580322266,-67.9446029663086,-90.45578002929688,44.487213134765625,44.29223744292237
5.521,0,-7.608614921569824,0.7743186950683594,78.75849914550781,-69.31266784667969,-90.43009948730469,45.0225830078125,-7.608614921569824,0.7743186950683594,78.75849914550781,-69.31266784667969,-90.43009948730469,45.0225830078125,44.29223744292237
5.555,0,-7.566466331481934,1.6717338562011719,78.45911407470703,-70.04783630371094,-90.33998107910156,45.17359924316406,-7.566466331481934,1.6717338562011719,78.45911407470703,-70.04783630371094,-90.33998107910156,45.17359924316406,44.29223744292237
5.587,0,-7.729459762573242,2.652698516845703,78.08580017089844,-70.8491439819336,-90.33102416992188,45.23274230957031,-7.729459762573242,2.652698516845703,78.08580017089844,-70.8491439819336,-90.33102416992188,45.23274230957031,44.29223744292237
5.622,0,-7.668996810913086,3.297595977783203,77.90023040771484,-71.40840148925781,-90.30912017822266,45.17963409423828,-7.668996810913086,3.297595977783203,77.90023040771484,-71.40840148925781,-90.30912017822266,45.17963409423828,44.487932159165034
5.654,0,-7.939181327819824,4.251953125,77.53298950195312,-72.17040252685547,-90.29497528076172,45.30990219116211,-7.939181327819824,4.251953125,77.53298950195312,-72.17040252685547,-90.29497528076172,45.30990219116211,44.6836268754077
5.688,0,-7.898275375366211,5.102514266967773,77.21831512451172,-72.87455749511719,-90.20144653320312,45.68274688720703,-7.898275375366211,5.102514266967773,77.21831512451172,-72.87455749511719,-90.20144653320312,45.68274688720703,44.81409001956947
5.758,0,-8.086709022521973,5.706336975097656,76.93160247802734,-73.27474975585938,-90.20215606689453,45.57373046875,-8.086709022521973,5.706336975097656,76.93160247802734,-73.27474975585938,-90.20215606689453,45.57373046875,44.81409001956947
5.784,0,-8.026694297790527,6.30225944519043,76.70047760009766,-73.75038146972656,-90.18183135986328,45.49821472167969,-8.026694297790527,6.30225944519043,76.70047760009766,-73.75038146972656,-90.18183135986328,45.49821472167969,45.20547945205479
5.817,0,-7.974133491516113,6.721111297607422,76.61774444580078,-74.17684936523438,-90.15831756591797,45.43169021606445,-7.974133491516113,6.721111297607422,76.61774444580078,-74.17684936523438,-90.15831756591797,45.43169021606445,45.33594259621657
5.851,0,-7.884843826293945,7.222171783447266,76.46703338623047,-74.6168212890625,-90.07560729980469,45.497703552246094,-7.884843826293945,7.222171783447266,76.46703338623047,-74.6168212890625,-90.07560729980469,45.497703552246094,45.33594259621657
5.887,0,-7.978062629699707,7.780818939208984,76.21869659423828,-75.02822875976562,-90.05315399169922,45.41661071777344,-7.978062629699707,7.780818939208984,76.21869659423828,-75.02822875976562,-90.05315399169922,45.41661071777344,45.33594259621657
5.917,0,-7.9138288497924805,8.326757431030273,75.956787109375,-75.41167449951172,-90.02661895751953,45.338375091552734,-7.9138288497924805,8.326757431030273,75.956787109375,-75.41167449951172,-90.02661895751953,45.338375091552734,45.33594259621657
5.951,0,-7.831374168395996,8.791667938232422,75.72435760498047,-75.7490234375,-89.98356628417969,45.30113220214844,-7.831374168395996,8.791667938232422,75.72435760498047,-75.7490234375,-89.98356628417969,45.30113220214844,45.33594259621657
5.988,0,-7.739214897155762,9.275911331176758,75.50719451904297,-76.11451721191406,-89.90755462646484,45.41012954711914,-7.739214897155762,9.275911331176758,75.50719451904297,-76.11451721191406,-89.90755462646484,45.41012954711914,45.33594259621657
6.018,0,-7.799055099487305,9.858190536499023,75.17005920410156,-76.4393310546875,-89.86865997314453,45.331687927246094,-7.799055099487305,9.858190536499023,75.17005920410156,-76.4393310546875,-89.86865997314453,45.331687927246094,45.33594259621657
6.051,0,-7.726607322692871,10.296075820922852,75.0835952758789,-76.87161254882812,-89.84508514404297,45.305076599121094,-7.726607322692871,10.296075820922852,75.0835952758789,-76.87161254882812,-89.84508514404297,45.305076599121094,45.33594259621657
6.085,0,-7.657465934753418,10.703104019165039,74.95187377929688,-77.2281265258789,-89.82533264160156,45.25859832763672,-7.657465934753418,10.703104019165039,74.95187377929688,-77.2281265258789,-89.82533264160156,45.25859832763672,45.33594259621657
6.118,0,-7.554388046264648,11.04269027709961,74.83401489257812,-77.55009460449219,-89.76952362060547,45.295814514160156,-7.554388046264648,11.04269027709961,74.83401489257812,-77.55009460449219,-89.76952362060547,45.295814514160156,45.33594259621657
6.151,0,-7.636248588562012,11.520273208618164,74.53453063964844,-77.83319091796875,-89.77481079101562,45.184349060058594,-7.636248588562012,11.520273208618164,74.53453063964844,-77.83319091796875,-89.77481079101562,45.184349060058594,45.33594259621657
6.185,0,-7.547228813171387,11.902214050292969,74.38003540039062,-78.17292785644531,-89.77973937988281,45.12543869018555,-7.547228813171387,11.902214050292969,74.38003540039062,-78.17292785644531,-89.77973937988281,45.12543869018555,45.33594259621657
6.218,0,-7.503586769104004,12.294729232788086,74.20738220214844,-78.53184509277344,-89.78348541259766,45.02811050415039,-7.503586769104004,12.294729232788086,74.20738220214844,-78.53184509277344,-89.78348541259766,45.02811050415039,45.33594259621657
6.251,0,-7.425497055053711,12.603326797485352,74.06289672851562,-78.83064270019531,-89.74986267089844,45.07975769042969,-7.425497055053711,12.603326797485352,74.06289672851562,-78.83064270019531,-89.74986267089844,45.07975769042969,45.33594259621657
6.285,0,-7.494898796081543,13.07958984375,73.78250885009766,-79.135986328125,-89.75598907470703,44.984901428222656,-7.494898796081543,13.07958984375,73.78250885009766,-79.135986328125,-89.75598907470703,44.984901428222656,45.33594259621657
6.319,0,-7.396659851074219,13.402154922485352,73.56571197509766,-79.35848999023438,-89.76603698730469,44.89255142211914,-7.396659851074219,13.402154922485352,73.56571197509766,-79.35848999023438,-89.76603698730469,44.89255142211914,45.33594259621657
6.352,0,-7.258177757263184,13.902854919433594,73.16515350341797,-79.61885070800781,-89.73651885986328,44.77428436279297,-7.258177757263184,13.902854919433594,73.16515350341797,-79.61885070800781,-89.73651885986328,44.77428436279297,45.33594259621657
6.386,0,-7.604639053344727,14.286857604980469,73.02589416503906,-79.96043395996094,-89.75625610351562,44.707008361816406,-7.604639053344727,14.286857604980469,73.02589416503906,-79.96043395996094,-89.75625610351562,44.707008361816406,45.33594259621657
6.419,0,-7.78557014465332,14.698066711425781,72.76985931396484,-80.195556640625,-89.77291870117188,44.67028045654297,-7.78557014465332,14.698066711425781,72.76985931396484,-80.195556640625,-89.77291870117188,44.67028045654297,45.27071102413568
6.452,0,-7.705560684204102,15.060932159423828,72.58635711669922,-80.46968078613281,-89.78401184082031,44.59357452392578,-7.705560684204102,15.060932159423828,72.58635711669922,-80.46968078613281,-89.78401184082031,44.59357452392578,45.27071102413568
6.488,0,-7.561534881591797,15.46934700012207,72.24595642089844,-80.67201232910156,-89.76868438720703,44.46263885498047,-7.561534881591797,15.46934700012207,72.24595642089844,-80.67201232910156,-89.76868438720703,44.46263885498047,45.140247879973906
6.520,0,-7.982844352722168,16.061885833740234,71.87937927246094,-80.98257446289062,-89.79444122314453,44.483463287353516,-7.982844352722168,16.061885833740234,71.87937927246094,-80.98257446289062,-89.79444122314453,44.483463287353516,44.94455316373124
6.559,0,-8.146442413330078,16.449241638183594,71.68421173095703,-81.22886657714844,-89.81397247314453,44.41973876953125,-8.146442413330078,16.449241638183594,71.68421173095703,-81.22886657714844,-89.81397247314453,44.41973876953125,44.94455316373124
6.600,0,-8.042187690734863,16.720890045166016,71.60652160644531,-81.47683715820312,-89.81755065917969,44.34530258178711,-8.042187690734863,16.720890045166016,71.60652160644531,-81.47683715820312,-89.81755065917969,44.34530258178711,44.94455316373124
6.627,0,-7.938239097595215,16.952198028564453,71.48863983154297,-81.66455841064453,-89.83363342285156,44.27786636352539,-7.938239097595215,16.952198028564453,71.48863983154297,-81.66455841064453,-89.83363342285156,44.27786636352539,44.94455316373124
6.661,0,-8.26881217956543,17.23769760131836,71.46600341796875,-81.96430969238281,-89.86388397216797,44.20330047607422,-8.26881217956543,17.23769760131836,71.46600341796875,-81.96430969238281,-89.86388397216797,44.20330047607422,44.94455316373124
6.692,0,-8.39123821258545,17.695587158203125,71.17581939697266,-82.189208984375,-89.85990142822266,44.07606506347656,-8.39123821258545,17.695587158203125,71.17581939697266,-82.189208984375,-89.85990142822266,44.07606506347656,44.81409001956947
6.729,0,-8.284810066223145,17.883777618408203,71.17929077148438,-82.41732788085938,-89.86566162109375,44.00071716308594,-8.284810066223145,17.883777618408203,71.17929077148438,-82.41732788085938,-89.86566162109375,44.00071716308594,44.6836268754077
6.762,0,-8.208331108093262,18.064891815185547,71.16001892089844,-82.60232543945312,-89.86490631103516,43.96340560913086,-8.208331108093262,18.064891815185547,71.16001892089844,-82.60232543945312,-89.86490631103516,43.96340560913086,44.553163731245924
6.826,0,-8.536537170410156,18.390304565429688,71.03045654296875,-82.84349060058594,-89.894287109375,43.87567138671875,-8.536537170410156,18.390304565429688,71.03045654296875,-82.84349060058594,-89.894287109375,43.87567138671875,44.422700587084144
6.854,0,-8.721128463745117,18.632579803466797,70.96847534179688,-83.03789520263672,-89.90733337402344,43.78451156616211,-8.721128463745117,18.632579803466797,70.96847534179688,-83.03789520263672,-89.90733337402344,43.78451156616211,44.22700587084149
6.886,0,-8.657830238342285,18.851097106933594,70.96187591552734,-83.27709197998047,-89.92326354980469,43.696998596191406,-8.657830238342285,18.851097106933594,70.96187591552734,-83.27709197998047,-89.92326354980469,43.696998596191406,44.22700587084149
6.921,0,-8.588894844055176,18.959442138671875,71.01326751708984,-83.43265533447266,-89.9176025390625,43.64073181152344,-8.588894844055176,18.959442138671875,71.01326751708984,-83.43265533447266,-89.9176025390625,43.64073181152344,44.22700587084149
6.952,0,-8.66984748840332,19.114913940429688,71.0523910522461,-83.66188049316406,-89.92918395996094,43.525238037109375,-8.66984748840332,19.114913940429688,71.0523910522461,-83.66188049316406,-89.92918395996094,43.525238037109375,44.22700587084149
6.986,0,-8.784636497497559,19.22400665283203,71.2008056640625,-83.86772155761719,-89.95890808105469,43.37770080566406,-8.784636497497559,19.22400665283203,71.2008056640625,-83.86772155761719,-89.95890808105469,43.37770080566406,44.22700587084149
7.020,0,-8.710418701171875,19.34344482421875,71.25878143310547,-84.04582214355469,-89.97187042236328,43.24150848388672,-8.710418701171875,19.34344482421875,71.25878143310547,-84.04582214355469,-89.97187042236328,43.24150848388672,44.1617742987606
7.052,0,-8.707232475280762,19.39923858642578,71.40518951416016,-84.23672485351562,-89.99425506591797,43.17073059082031,-8.707232475280762,19.39923858642578,71.40518951416016,-84.23672485351562,-89.99425506591797,43.17073059082031,43.90084801043705
7.085,0,-8.842061042785645,19.55324935913086,71.4292221069336,-84.44031524658203,-90.01179504394531,43.02860641479492,-8.842061042785645,19.55324935913086,71.4292221069336,-84.44031524658203,-90.01179504394531,43.02860641479492,43.77038486627527
7.118,0,-8.746465682983398,19.650428771972656,71.42076873779297,-84.53512573242188,-90.02144622802734,42.880126953125,-8.746465682983398,19.650428771972656,71.42076873779297,-84.53512573242188,-90.02144622802734,42.880126953125,43.574690150032616
7.154,0,-8.724048614501953,19.65176010131836,71.59030151367188,-84.67243957519531,-90.02726745605469,42.797508239746094,-8.724048614501953,19.65176010131836,71.59030151367188,-84.67243957519531,-90.02726745605469,42.797508239746094,43.444227005870836
7.187,0,-8.820416450500488,19.738300323486328,71.66497039794922,-84.82905578613281,-90.04539489746094,42.63219451904297,-8.820416450500488,19.738300323486328,71.66497039794922,-84.82905578613281,-90.04539489746094,42.63219451904297,43.444227005870836
7.219,0,-8.997513771057129,19.888214111328125,71.70410919189453,-84.98481750488281,-90.05252075195312,42.53430938720703,-8.997513771057129,19.888214111328125,71.70410919189453,-84.98481750488281,-90.05252075195312,42.53430938720703,43.31376386170906
7.255,0,-8.875908851623535,20.038257598876953,71.65106201171875,-85.10029602050781,-90.05880737304688,42.38624572753906,-8.875908851623535,20.038257598876953,71.65106201171875,-85.10029602050781,-90.05880737304688,42.38624572753906,43.1180691454664
7.286,0,-8.781346321105957,20.043476104736328,71.68590545654297,-85.10790252685547,-90.04370880126953,42.256675720214844,-8.781346321105957,20.043476104736328,71.68590545654297,-85.10790252685547,-90.04370880126953,42.256675720214844,42.98760600130463
7.321,0,-8.877374649047852,20.203723907470703,71.60692596435547,-85.22823333740234,-90.05427551269531,42.13568115234375,-8.877374649047852,20.203723907470703,71.60692596435547,-85.22823333740234,-90.05427551269531,42.13568115234375,42.79191128506197
7.355,0,-9.030672073364258,20.20196533203125,71.71491241455078,-85.26595306396484,-90.05519104003906,42.05821990966797,-9.030672073364258,20.20196533203125,71.71491241455078,-85.26595306396484,-90.05519104003906,42.05821990966797,42.66144814090019
7.388,0,-8.87678050994873,20.147205352783203,71.81524658203125,-85.30424499511719,-90.04456329345703,42.072811126708984,-8.87678050994873,20.147205352783203,71.81524658203125,-85.30424499511719,-90.04456329345703,42.072811126708984,42.53098499673842
7.423,0,-8.782477378845215,19.973567962646484,72.043212890625,-85.2739028930664,-90.04094696044922,41.94432067871094,-8.782477378845215,19.973567962646484,72.043212890625,-85.2739028930664,-90.04094696044922,41.94432067871094,42.400521852576645
7.455,0,-8.822579383850098,19.92865753173828,72.19194793701172,-85.33737182617188,-90.05721282958984,41.80616760253906,-8.822579383850098,19.92865753173828,72.19194793701172,-85.33737182617188,-90.05721282958984,41.80616760253906,42.335290280495755
7.522,0,-8.960329055786133,19.758739471435547,72.42401885986328,-85.27372741699219,-90.07461547851562,41.64545440673828,-8.960329055786133,19.758739471435547,72.42401885986328,-85.27372741699219,-90.07461547851562,41.64545440673828,42.335290280495755
7.548,0,-8.840633392333984,19.97039031982422,72.2413330078125,-85.33218383789062,-90.0683822631836,41.725440979003906,-8.840633392333984,19.97039031982422,72.2413330078125,-85.33218383789062,-90.0683822631836,41.725440979003906,42.20482713633398
7.580,0,-8.754969596862793,19.640460968017578,72.45451354980469,-85.12578582763672,-90.0661849975586,41.575992584228516,-8.754969596862793,19.640460968017578,72.45451354980469,-85.12578582763672,-90.0661849975586,41.575992584228516,42.07436399217221
7.615,0,-9.02091121673584,19.611976623535156,72.55546569824219,-85.17469024658203,-90.12474822998047,41.472557067871094,-9.02091121673584,19.611976623535156,72.55546569824219,-85.17469024658203,-90.12474822998047,41.472557067871094,42.00913242009132
7.648,0,-9.202598571777344,19.245220184326172,72.91162109375,-85.00968170166016,-90.15145111083984,41.262107849121094,-9.202598571777344,19.245220184326172,72.91162109375,-85.00968170166016,-90.15145111083984,41.262107849121094,41.943900848010436
7.682,0,-9.087248802185059,19.101520538330078,72.99208068847656,-84.8701400756836,-90.13745880126953,41.24058532714844,-9.087248802185059,19.101520538330078,72.99208068847656,-84.8701400756836,-90.13745880126953,41.24058532714844,41.943900848010436
7.714,0,-9.412257194519043,18.755233764648438,73.24234771728516,-84.64160919189453,-90.15904998779297,41.143550872802734,-9.412257194519043,18.755233764648438,73.24234771728516,-84.64160919189453,-90.15904998779297,41.143550872802734,41.878669275929546
7.749,0,-9.63365364074707,18.558345794677734,73.44863891601562,-84.62606811523438,-90.2066650390625,41.097347259521484,-9.63365364074707,18.558345794677734,73.44863891601562,-84.62606811523438,-90.2066650390625,41.097347259521484,41.68297455968688
7.781,0,-9.790096282958984,18.054790496826172,73.88069915771484,-84.38139343261719,-90.23458099365234,40.840301513671875,-9.790096282958984,18.054790496826172,73.88069915771484,-84.38139343261719,-90.23458099365234,40.840301513671875,41.55251141552511
7.815,0,-9.682906150817871,17.669815063476562,74.03025817871094,-84.04571533203125,-90.2127456665039,40.77141571044922,-9.682906150817871,17.669815063476562,74.03025817871094,-84.04571533203125,-90.2127456665039,40.77141571044922,41.48727984344423
7.848,0,-10.012552261352539,17.269702911376953,74.31394958496094,-83.82714080810547,-90.23784637451172,40.68611145019531,-10.012552261352539,17.269702911376953,74.31394958496094,-83.82714080810547,-90.23784637451172,40.68611145019531,41.35681669928245
7.882,0,-10.249468803405762,16.818450927734375,74.66169738769531,-83.70284271240234,-90.30375671386719,40.544830322265625,-10.249468803405762,16.818450927734375,74.66169738769531,-83.70284271240234,-90.30375671386719,40.544830322265625,41.16112198303979
7.914,0,-10.338540077209473,16.585445404052734,74.8102035522461,-83.54924011230469,-90.30972290039062,40.32045364379883,-10.338540077209473,16.585445404052734,74.8102035522461,-83.54924011230469,-90.30972290039062,40.32045364379883,41.0958904109589
7.951,0,-10.225151062011719,16.057344436645508,75.02388000488281,-83.12721252441406,-90.2902603149414,40.25067138671875,-10.225151062011719,16.057344436645508,75.02388000488281,-83.12721252441406,-90.2902603149414,40.25067138671875,40.90019569471624
7.982,0,-10.578276634216309,15.891450881958008,75.11700439453125,-83.0010757446289,-90.31549835205078,40.15260696411133,-10.578276634216309,15.891450881958008,75.11700439453125,-83.0010757446289,-90.31549835205078,40.15260696411133,40.769732550554465
8.016,0,-10.811860084533691,15.454597473144531,75.43816375732422,-82.81814575195312,-90.37608337402344,40.051788330078125,-10.811860084533691,15.454597473144531,75.43816375732422,-82.81814575195312,-90.37608337402344,40.051788330078125,40.704500978473575
8.050,0,-10.896127700805664,15.142860412597656,75.6077880859375,-82.60668182373047,-90.38337707519531,39.82882308959961,-10.896127700805664,15.142860412597656,75.6077880859375,-82.60668182373047,-90.38337707519531,39.82882308959961,40.50880626223092
8.083,0,-10.792990684509277,14.539077758789062,75.80670166015625,-82.08140563964844,-90.35174560546875,39.727516174316406,-10.792990684509277,14.539077758789062,75.80670166015625,-82.08140563964844,-90.35174560546875,39.727516174316406,40.44357469015003
8.124,0,-11.167695045471191,14.287935256958008,75.93640899658203,-81.89031982421875,-90.3857421875,39.63314437866211,-11.167695045471191,14.287935256958008,75.93640899658203,-81.89031982421875,-90.3857421875,39.63314437866211,40.37834311806915
8.153,0,-11.382883071899414,13.939302444458008,76.22161102294922,-81.77493286132812,-90.43317413330078,39.5986442565918,-11.382883071899414,13.939302444458008,76.22161102294922,-81.77493286132812,-90.43317413330078,39.5986442565918,40.182648401826484
8.192,0,-11.447056770324707,13.570417404174805,76.38410186767578,-81.47709655761719,-90.43206787109375,39.385318756103516,-11.447056770324707,13.570417404174805,76.38410186767578,-81.47709655761719,-90.43206787109375,39.385318756103516,40.05218525766471
8.218,0,-11.324896812438965,12.982948303222656,76.58594512939453,-80.97013854980469,-90.38336944580078,39.281044006347656,-11.324896812438965,12.982948303222656,76.58594512939453,-80.97013854980469,-90.38336944580078,39.281044006347656,39.92172211350293
8.259,0,-11.684626579284668,12.665855407714844,76.77464294433594,-80.77822875976562,-90.42169952392578,39.166507720947266,-11.684626579284668,12.665855407714844,76.77464294433594,-80.77822875976562,-90.42169952392578,39.166507720947266,39.85649054142205
8.286,0,-12.023371696472168,12.457815170288086,76.89570617675781,-80.63847351074219,-90.47366333007812,39.031776428222656,-12.023371696472168,12.457815170288086,76.89570617675781,-80.63847351074219,-90.47366333007812,39.031776428222656,39.660795825179385
8.320,0,-12.07593822479248,12.228874206542969,76.98136138916016,-80.43173217773438,-90.47735595703125,38.91600799560547,-12.07593822479248,12.228874206542969,76.98136138916016,-80.43173217773438,-90.47735595703125,38.91600799560547,39.660795825179385
8.355,0,-11.960585594177246,11.610860824584961,77.1888656616211,-79.8933334350586,-90.41735076904297,38.85080337524414,-11.960585594177246,11.610860824584961,77.1888656616211,-79.8933334350586,-90.41735076904297,38.85080337524414,39.46510110893672
8.386,0,-12.32426929473877,11.26711654663086,77.35613250732422,-79.63697814941406,-90.45428466796875,38.73333740234375,-12.32426929473877,11.26711654663086,77.35613250732422,-79.63697814941406,-90.45428466796875,38.73333740234375,39.33463796477495
8.420,0,-12.651589393615723,10.986669540405273,77.48365783691406,-79.42788696289062,-90.51788330078125,38.59376525878906,-12.651589393615723,10.986669540405273,77.48365783691406,-79.42788696289062,-90.51788330078125,38.59376525878906,39.204174820613176
8.461,0,-12.686762809753418,10.532403945922852,77.68207550048828,-79.08314514160156,-90.52083587646484,38.422447204589844,-12.686762809753418,10.532403945922852,77.68207550048828,-79.08314514160156,-90.52083587646484,38.422447204589844,39.0737116764514
8.490,0,-12.549736976623535,10.116378784179688,77.75242614746094,-78.67057800292969,-90.455078125,38.34160614013672,-12.549736976623535,10.116378784179688,77.75242614746094,-78.67057800292969,-90.455078125,38.34160614013672,38.94324853228962
8.522,0,-12.912510871887207,9.730112075805664,77.91197967529297,-78.39848327636719,-90.48070526123047,38.25288391113281,-12.912510871887207,9.730112075805664,77.91197967529297,-78.39848327636719,-90.48070526123047,38.25288391113281,38.94324853228962
8.555,0,-13.206887245178223,9.287353515625,78.09666442871094,-78.06436157226562,-90.53121948242188,38.03132629394531,-13.206887245178223,9.287353515625,78.09666442871094,-78.06436157226562,-90.53121948242188,38.03132629394531,38.87801696020874
8.588,0,-13.247986793518066,8.917770385742188,78.23805236816406,-77.75099182128906,-90.53273010253906,37.85434341430664,-13.247986793518066,8.917770385742188,78.23805236816406,-77.75099182128906,-90.53273010253906,37.85434341430664,38.617090671885194
8.622,0,-13.116650581359863,8.406097412109375,78.33366394042969,-77.26054382324219,-90.46946716308594,37.72167205810547,-13.116650581359863,8.406097412109375,78.33366394042969,-77.26054382324219,-90.46946716308594,37.72167205810547,38.486627527723414
8.656,0,-13.28630542755127,7.960798263549805,78.576171875,-76.97921752929688,-90.45763397216797,37.57159423828125,-13.28630542755127,7.960798263549805,78.576171875,-76.97921752929688,-90.45763397216797,37.57159423828125,38.29093281148076
8.688,0,-13.589301109313965,7.396610260009766,78.78662872314453,-76.534912109375,-90.50626373291016,37.354576110839844,-13.589301109313965,7.396610260009766,78.78662872314453,-76.534912109375,-90.50626373291016,37.354576110839844,38.095238095238095
8.722,0,-13.624117851257324,6.9083099365234375,78.9722900390625,-76.15351104736328,-90.49639892578125,37.19761657714844,-13.624117851257324,6.9083099365234375,78.9722900390625,-76.15351104736328,-90.49639892578125,37.19761657714844,38.030006523157205
8.763,0,-13.479292869567871,6.358860015869141,79.0750732421875,-75.61522674560547,-90.43189239501953,37.11964416503906,-13.479292869567871,6.358860015869141,79.0750732421875,-75.61522674560547,-90.43189239501953,37.11964416503906,37.76908023483366
8.791,0,-13.667847633361816,5.82806396484375,79.3123550415039,-75.23788452148438,-90.41950988769531,36.953399658203125,-13.667847633361816,5.82806396484375,79.3123550415039,-75.23788452148438,-90.41950988769531,36.953399658203125,37.638617090671886
8.824,0,-13.95178508758545,5.29448127746582,79.46697998046875,-74.78810119628906,-90.46661376953125,36.7783317565918,-13.95178508758545,5.29448127746582,79.46697998046875,-74.78810119628906,-90.46661376953125,36.7783317565918,37.44292237442922
8.862,0,-13.832205772399902,4.948474884033203,79.6015853881836,-74.51432800292969,-90.40869140625,36.671539306640625,-13.832205772399902,4.948474884033203,79.6015853881836,-74.51432800292969,-90.40869140625,36.671539306640625,37.31245923026745
8.889,0,-13.652791023254395,4.365453720092773,79.69778442382812,-73.91600036621094,-90.33444213867188,36.557960510253906,-13.652791023254395,4.365453720092773,79.69778442382812,-73.91600036621094,-90.33444213867188,36.557960510253906,37.18199608610567
8.923,0,-13.732787132263184,4.034063339233398,79.87348175048828,-73.67611694335938,-90.29508972167969,36.422279357910156,-13.732787132263184,4.034063339233398,79.87348175048828,-73.67611694335938,-90.29508972167969,36.422279357910156,36.986301369863014
8.958,0,-13.989771842956543,3.605966567993164,80.03313446044922,-73.34467315673828,-90.32955932617188,36.2059440612793,-13.989771842956543,3.605966567993164,80.03313446044922,-73.34467315673828,-90.32955932617188,36.2059440612793,36.986301369863014
8.989,0,-13.88538646697998,3.4450302124023438,80.10562133789062,-73.23675537109375,-90.27025604248047,36.11833190917969,-13.88538646697998,3.4450302124023438,80.10562133789062,-73.23675537109375,-90.27025604248047,36.11833190917969,36.921069797782124
9.023,0,-13.699103355407715,3.1949825286865234,80.1012191772461,-72.85581970214844,-90.1872329711914,36.068260192871094,-13.699103355407715,3.1949825286865234,80.1012191772461,-72.85581970214844,-90.1872329711914,36.068260192871094,36.66014350945858
9.057,0,-13.785645484924316,2.9813976287841797,80.25021362304688,-72.74574279785156,-90.15467834472656,35.946964263916016,-13.785645484924316,2.9813976287841797,80.25021362304688,-72.74574279785156,-90.15467834472656,35.946964263916016,36.5296803652968
9.091,0,-14.001202583312988,2.757303237915039,80.326171875,-72.56739807128906,-90.19691467285156,35.77554702758789,-14.001202583312988,2.757303237915039,80.326171875,-72.56739807128906,-90.19691467285156,35.77554702758789,36.399217221135025
9.125,0,-13.915989875793457,2.738994598388672,80.37281036376953,-72.58161163330078,-90.14932250976562,35.705360412597656,-13.915989875793457,2.738994598388672,80.37281036376953,-72.58161163330078,-90.14932250976562,35.705360412597656,36.26875407697325
9.159,0,-13.756867408752441,2.6059646606445312,80.42959594726562,-72.42205810546875,-90.07666015625,35.66044235229492,-13.756867408752441,2.6059646606445312,80.42959594726562,-72.42205810546875,-90.07666015625,35.66044235229492,36.20352250489237
9.191,0,-14.02698040008545,2.643423080444336,80.44415283203125,-72.46319580078125,-90.1164779663086,35.50731658935547,-14.02698040008545,2.643423080444336,80.44415283203125,-72.46319580078125,-90.1164779663086,35.50731658935547,36.13829093281148
9.224,0,-13.914990425109863,2.4797897338867188,80.53119659423828,-72.34176635742188,-90.07315063476562,35.42197799682617,-13.914990425109863,2.4797897338867188,80.53119659423828,-72.34176635742188,-90.07315063476562,35.42197799682617,35.942596216568816
9.262,0,-13.698391914367676,2.6858081817626953,80.45565795898438,-72.41468811035156,-90.02840423583984,35.41027069091797,-13.698391914367676,2.6858081817626953,80.45565795898438,-72.41468811035156,-90.02840423583984,35.41027069091797,35.81213307240704
9.299,0,-13.87216854095459,2.54730224609375,80.5257797241211,-72.33072662353516,-90.04862213134766,35.33710479736328,-13.87216854095459,2.54730224609375,80.5257797241211,-72.33072662353516,-90.04862213134766,35.33710479736328,35.81213307240704
9.332,0,-14.089709281921387,2.8686180114746094,80.4704818725586,-72.59976959228516,-90.06356811523438,35.264522552490234,-14.089709281921387,2.8686180114746094,80.4704818725586,-72.59976959228516,-90.06356811523438,35.264522552490234,35.81213307240704
9.359,0,-13.970582008361816,2.7256126403808594,80.55692291259766,-72.51119995117188,-90.01245880126953,35.192466735839844,-13.970582008361816,2.7256126403808594,80.55692291259766,-72.51119995117188,-90.01245880126953,35.192466735839844,35.81213307240704
9.396,0,-13.804146766662598,2.5016441345214844,80.71822357177734,-72.35050964355469,-89.94336700439453,35.11143112182617,-13.804146766662598,2.5016441345214844,80.71822357177734,-72.35050964355469,-89.94336700439453,35.11143112182617,35.81213307240704
9.426,0,-13.956564903259277,2.6385650634765625,80.71125793457031,-72.51075744628906,-89.98090362548828,35.13158416748047,-13.956564903259277,2.6385650634765625,80.71125793457031,-72.51075744628906,-89.98090362548828,35.13158416748047,35.68166992824527
9.460,0,-14.207266807556152,2.841297149658203,80.71101379394531,-72.736083984375,-90.04348754882812,35.046775817871094,-14.207266807556152,2.841297149658203,80.71101379394531,-72.736083984375,-90.04348754882812,35.046775817871094,35.48597521200261
9.493,0,-14.120959281921387,2.7459640502929688,80.79447174072266,-72.66761779785156,-89.99393463134766,34.93504333496094,-14.120959281921387,2.7459640502929688,80.79447174072266,-72.66761779785156,-89.99393463134766,34.93504333496094,35.42074363992172
9.527,0,-14.164732933044434,2.8232784271240234,80.76202392578125,-72.72074890136719,-90.03408813476562,35.033653259277344,-14.164732933044434,2.8232784271240234,80.76202392578125,-72.72074890136719,-90.03408813476562,35.033653259277344,35.42074363992172
9.563,0,-14.162535667419434,2.475189208984375,81.03309631347656,-72.59127807617188,-90.002685546875,34.95420455932617,-14.162535667419434,2.475189208984375,81.03309631347656,-72.59127807617188,-90.002685546875,34.95420455932617,35.42074363992172
9.596,0,-14.403254508972168,2.580038070678711,81.03575134277344,-72.70663452148438,-90.05847930908203,34.805702209472656,-14.403254508972168,2.580038070678711,81.03575134277344,-72.70663452148438,-90.05847930908203,34.805702209472656,35.42074363992172
9.626,0,-14.313935279846191,2.6639461517333984,81.09141540527344,-72.84225463867188,-90.02259826660156,34.73038864135742,-14.313935279846191,2.6639461517333984,81.09141540527344,-72.84225463867188,-90.02259826660156,34.73038864135742,35.42074363992172
9.664,0,-14.144423484802246,2.6992321014404297,81.08213806152344,-72.86785125732422,-89.9905776977539,34.67719268798828,-14.144423484802246,2.6992321014404297,81.08213806152344,-72.86785125732422,-89.9905776977539,34.67719268798828,35.22504892367906
9.692,0,-14.101046562194824,2.547079086303711,81.2982406616211,-72.88499450683594,-89.94200897216797,34.58944320678711,-14.101046562194824,2.547079086303711,81.2982406616211,-72.88499450683594,-89.94200897216797,34.58944320678711,35.09458577951728
9.726,0,-14.337885856628418,2.597057342529297,81.32936096191406,-72.9786376953125,-90.0092544555664,34.468746185302734,-14.337885856628418,2.597057342529297,81.32936096191406,-72.9786376953125,-90.0092544555664,34.468746185302734,35.0293542074364
9.760,0,-14.267430305480957,2.6429824829101562,81.35906982421875,-73.01515197753906,-90.01496887207031,34.461063385009766,-14.267430305480957,2.6429824829101562,81.35906982421875,-73.01515197753906,-90.01496887207031,34.461063385009766,35.0293542074364
9.796,0,-14.309893608093262,2.559946060180664,81.37619018554688,-72.91921997070312,-90.01839447021484,34.42005920410156,-14.309893608093262,2.559946060180664,81.37619018554688,-72.91921997070312,-90.01839447021484,34.42005920410156,35.0293542074364
9.826,0,-14.273070335388184,2.367155075073242,81.61141967773438,-72.92085266113281,-89.97505187988281,34.33328628540039,-14.273070335388184,2.367155075073242,81.61141967773438,-72.92085266113281,-89.97505187988281,34.33328628540039,34.833659491193735
9.860,0,-14.382452964782715,2.14947509765625,81.72015380859375,-72.78986358642578,-90.00740051269531,34.26872253417969,-14.382452964782715,2.14947509765625,81.72015380859375,-72.78986358642578,-90.00740051269531,34.26872253417969,34.70319634703196
9.900,0,-14.303362846374512,2.057321548461914,81.7637710571289,-72.68209838867188,-90.00923919677734,34.2454833984375,-14.303362846374512,2.057321548461914,81.7637710571289,-72.68209838867188,-90.00923919677734,34.2454833984375,34.63796477495107
9.961,0,-14.256714820861816,1.9063091278076172,81.82363891601562,-72.54853820800781,-89.99742126464844,34.197200775146484,-14.256714820861816,1.9063091278076172,81.82363891601562,-72.54853820800781,-89.99742126464844,34.197200775146484,34.63796477495107
9.990,0,-14.467738151550293,2.1397228240966797,81.80101776123047,-72.817138671875,-90.03437805175781,34.081809997558594,-14.467738151550293,2.1397228240966797,81.80101776123047,-72.817138671875,-90.03437805175781,34.081809997558594,34.63796477495107
10.021,0,-14.553624153137207,2.0574989318847656,81.85994720458984,-72.77997589111328,-90.0705337524414,34.01218795776367,-14.553624153137207,2.0574989318847656,81.85994720458984,-72.77997589111328,-90.0705337524414,34.01218795776367,34.63796477495107
10.054,0,-14.515347480773926,2.0181732177734375,81.99154663085938,-72.83462524414062,-90.04610443115234,33.91714096069336,-14.515347480773926,2.0181732177734375,81.99154663085938,-72.83462524414062,-90.04610443115234,33.91714096069336,34.63796477495107
10.088,0,-14.494723320007324,2.0133438110351562,82.05256652832031,-72.88475036621094,-90.04267120361328,33.87224578857422,-14.494723320007324,2.0133438110351562,82.05256652832031,-72.88475036621094,-90.04267120361328,33.87224578857422,34.44227005870842
10.122,0,-14.703709602355957,2.0377140045166016,82.05886840820312,-72.93096923828125,-90.08797454833984,33.77231216430664,-14.703709602355957,2.0377140045166016,82.05886840820312,-72.93096923828125,-90.08797454833984,33.77231216430664,34.24657534246575
10.155,0,-14.803936958312988,1.9570541381835938,82.1611557006836,-72.94296264648438,-90.11759948730469,33.70849609375,-14.803936958312988,1.9570541381835938,82.1611557006836,-72.94296264648438,-90.11759948730469,33.70849609375,34.24657534246575
10.188,0,-14.785861015319824,1.8706417083740234,82.28317260742188,-72.9313735961914,-90.09973907470703,33.62543487548828,-14.785861015319824,1.8706417083740234,82.28317260742188,-72.9313735961914,-90.09973907470703,33.62543487548828,34.18134377038486
10.222,0,-14.724196434020996,1.7861175537109375,82.32528686523438,-72.84510803222656,-90.09201049804688,33.61821746826172,-14.724196434020996,1.7861175537109375,82.32528686523438,-72.84510803222656,-90.09201049804688,33.61821746826172,33.9856490541422
10.266,0,-14.847844123840332,1.5485553741455078,82.46312713623047,-72.70977783203125,-90.12460327148438,33.55354309082031,-14.847844123840332,1.5485553741455078,82.46312713623047,-72.70977783203125,-90.12460327148438,33.55354309082031,33.92041748206132
10.294,0,-14.801522254943848,1.5418930053710938,82.53204345703125,-72.76339721679688,-90.11351013183594,33.49298095703125,-14.801522254943848,1.5418930053710938,82.53204345703125,-72.76339721679688,-90.11351013183594,33.49298095703125,33.92041748206132
10.326,0,-14.760149955749512,1.277547836303711,82.63311767578125,-72.51905822753906,-90.0960922241211,33.44929504394531,-14.760149955749512,1.277547836303711,82.63311767578125,-72.51905822753906,-90.0960922241211,33.44929504394531,33.92041748206132
10.359,0,-14.971848487854004,1.3498592376708984,82.6250991821289,-72.61636352539062,-90.14576721191406,33.338050842285156,-14.971848487854004,1.3498592376708984,82.6250991821289,-72.61636352539062,-90.14576721191406,33.338050842285156,33.92041748206132
10.392,0,-15.298527717590332,1.5430374145507812,82.60736846923828,-72.87347412109375,-90.22984313964844,33.31490707397461,-15.298527717590332,1.5430374145507812,82.60736846923828,-72.87347412109375,-90.22984313964844,33.31490707397461,33.92041748206132
10.426,0,-15.236552238464355,1.6231269836425781,82.64618682861328,-73.01327514648438,-90.22747802734375,33.25919723510742,-15.236552238464355,1.6231269836425781,82.64618682861328,-73.01327514648438,-90.22747802734375,33.25919723510742,33.789954337899545
10.463,0,-15.169779777526855,1.4439697265625,82.71298217773438,-72.83133697509766,-90.2085189819336,33.191375732421875,-15.169779777526855,1.4439697265625,82.71298217773438,-72.83133697509766,-90.2085189819336,33.191375732421875,33.659491193737765
10.497,0,-15.39850902557373,1.5895824432373047,82.69889068603516,-73.04039001464844,-90.27635192871094,33.13624572753906,-15.39850902557373,1.5895824432373047,82.69889068603516,-73.04039001464844,-90.27635192871094,33.13624572753906,33.52902804957599
10.526,0,-15.698430061340332,1.6551246643066406,82.69853210449219,-73.18490600585938,-90.35052490234375,33.0789794921875,-15.698430061340332,1.6551246643066406,82.69853210449219,-73.18490600585938,-90.35052490234375,33.0789794921875,33.52902804957599
10.562,0,-15.640315055847168,1.7549247741699219,82.72769165039062,-73.34746551513672,-90.34552764892578,33.00986099243164,-15.640315055847168,1.7549247741699219,82.72769165039062,-73.34746551513672,-90.34552764892578,33.00986099243164,33.52902804957599
10.596,0,-15.593771934509277,1.6518363952636719,82.72222900390625,-73.21226501464844,-90.33304595947266,32.938072204589844,-15.593771934509277,1.6518363952636719,82.72222900390625,-73.21226501464844,-90.33304595947266,32.938072204589844,33.52902804957599
10.628,0,-15.819897651672363,1.8507766723632812,82.67527770996094,-73.45513916015625,-90.40263366699219,32.87052536010742,-15.819897651672363,1.8507766723632812,82.67527770996094,-73.45513916015625,-90.40263366699219,32.87052536010742,33.52902804957599
10.659,0,-16.173580169677734,2.151947021484375,82.57731628417969,-73.74713134765625,-90.49253845214844,32.85759735107422,-16.173580169677734,2.151947021484375,82.57731628417969,-73.74713134765625,-90.49253845214844,32.85759735107422,33.46379647749511
10.693,0,-16.12139892578125,2.3838882446289062,82.54950714111328,-73.964111328125,-90.49980926513672,32.84930419921875,-16.12139892578125,2.3838882446289062,82.54950714111328,-73.964111328125,-90.49980926513672,32.84930419921875,33.268101761252446
10.732,0,-16.079757690429688,2.311368942260742,82.52903747558594,-73.8608627319336,-90.49269104003906,32.810752868652344,-16.079757690429688,2.311368942260742,82.52903747558594,-73.8608627319336,-90.49269104003906,32.810752868652344,33.13763861709067
10.768,0,-16.335140228271484,2.5792598724365234,82.46293640136719,-74.1842269897461,-90.58026885986328,32.810813903808594,-16.335140228271484,2.5792598724365234,82.46293640136719,-74.1842269897461,-90.58026885986328,32.810813903808594,33.13763861709067
10.795,0,-16.724472045898438,2.911008834838867,82.36973571777344,-74.52212524414062,-90.6742935180664,32.801719665527344,-16.724472045898438,2.911008834838867,82.36973571777344,-74.52212524414062,-90.6742935180664,32.801719665527344,33.13763861709067
10.829,0,-16.62908935546875,2.7193527221679688,82.49293518066406,-74.37205505371094,-90.64755249023438,32.81626510620117,-16.62908935546875,2.7193527221679688,82.49293518066406,-74.37205505371094,-90.64755249023438,32.81626510620117,33.13763861709067
10.867,0,-16.56047821044922,2.6675567626953125,82.55316162109375,-74.34556579589844,-90.60969543457031,32.780887603759766,-16.56047821044922,2.6675567626953125,82.55316162109375,-74.34556579589844,-90.60969543457031,32.780887603759766,33.13763861709067
10.893,0,-16.846759796142578,3.031658172607422,82.43278503417969,-74.70381164550781,-90.71167755126953,32.822410583496094,-16.846759796142578,3.031658172607422,82.43278503417969,-74.70381164550781,-90.71167755126953,32.822410583496094,33.13763861709067
10.930,0,-16.758644104003906,2.9986228942871094,82.51286315917969,-74.7027359008789,-90.69235229492188,32.863502502441406,-16.758644104003906,2.9986228942871094,82.51286315917969,-74.7027359008789,-90.69235229492188,32.863502502441406,33.13763861709067
10.963,0,-16.657390594482422,3.1182613372802734,82.4979476928711,-74.82666015625,-90.69099426269531,32.87840270996094,-16.657390594482422,3.1182613372802734,82.4979476928711,-74.82666015625,-90.69099426269531,32.87840270996094,33.13763861709067
10.997,0,-16.91928482055664,3.5844974517822266,82.33407592773438,-75.24961853027344,-90.78334045410156,32.90576934814453,-16.91928482055664,3.5844974517822266,82.33407592773438,-75.24961853027344,-90.78334045410156,32.90576934814453,33.13763861709067
11.029,0,-16.969226837158203,3.458341598510742,82.49250030517578,-75.22541809082031,-90.78243255615234,32.9448356628418,-16.969226837158203,3.458341598510742,82.49250030517578,-75.22541809082031,-90.78243255615234,32.9448356628418,33.13763861709067
11.062,0,-16.89270782470703,3.3460521697998047,82.55684661865234,-75.1203842163086,-90.75692749023438,32.97418212890625,-16.89270782470703,3.3460521697998047,82.55684661865234,-75.1203842163086,-90.75692749023438,32.97418212890625,33.13763861709067
11.103,0,-16.82449722290039,3.207315444946289,82.6425552368164,-74.98839569091797,-90.7242660522461,32.97000503540039,-16.82449722290039,3.207315444946289,82.6425552368164,-74.98839569091797,-90.7242660522461,32.97000503540039,33.13763861709067
11.130,0,-17.112285614013672,3.5818729400634766,82.50556945800781,-75.33992004394531,-90.78968811035156,32.981563568115234,-17.112285614013672,3.5818729400634766,82.50556945800781,-75.33992004394531,-90.78968811035156,32.981563568115234,33.13763861709067
11.166,0,-17.174686431884766,3.5234432220458984,82.63262939453125,-75.353271484375,-90.7894515991211,33.04841995239258,-17.174686431884766,3.5234432220458984,82.63262939453125,-75.353271484375,-90.7894515991211,33.04841995239258,33.13763861709067
11.196,0,-17.108882904052734,3.502941131591797,82.68028259277344,-75.33501434326172,-90.77269744873047,33.13764953613281,-17.108882904052734,3.502941131591797,82.68028259277344,-75.33501434326172,-90.77269744873047,33.13764953613281,33.13763861709067
11.263,0,-17.051307678222656,3.3779850006103516,82.76590728759766,-75.24531555175781,-90.75804138183594,33.180458068847656,-17.051307678222656,3.3779850006103516,82.76590728759766,-75.24531555175781,-90.75804138183594,33.180458068847656,33.13763861709067
11.291,0,-17.342411041259766,3.810810089111328,82.62894439697266,-75.66267395019531,-90.82366943359375,33.23798751831055,-17.342411041259766,3.810810089111328,82.62894439697266,-75.66267395019531,-90.82366943359375,33.23798751831055,33.07240704500978
11.323,0,-17.405513763427734,3.7429275512695312,82.77996063232422,-75.68989562988281,-90.8311996459961,33.3428955078125,-17.405513763427734,3.7429275512695312,82.77996063232422,-75.68989562988281,-90.8311996459961,33.3428955078125,33.07240704500978
11.357,0,-17.33926773071289,3.666961669921875,82.86571502685547,-75.64488220214844,-90.80941772460938,33.46559524536133,-17.33926773071289,3.666961669921875,82.86571502685547,-75.64488220214844,-90.80941772460938,33.46559524536133,33.07240704500978
11.390,0,-17.288227081298828,3.449441909790039,82.95032501220703,-75.45101928710938,-90.79151153564453,33.515525817871094,-17.288227081298828,3.449441909790039,82.95032501220703,-75.45101928710938,-90.79151153564453,33.515525817871094,33.07240704500978
11.424,0,-17.582855224609375,3.8989524841308594,82.7997817993164,-75.85414123535156,-90.86632537841797,33.56435012817383,-17.582855224609375,3.8989524841308594,82.7997817993164,-75.85414123535156,-90.86632537841797,33.56435012817383,33.07240704500978
11.457,0,-17.627182006835938,3.7962913513183594,82.93408966064453,-75.82999420166016,-90.88157653808594,33.62297058105469,-17.627182006835938,3.7962913513183594,82.93408966064453,-75.82999420166016,-90.88157653808594,33.62297058105469,33.07240704500978
11.499,0,-17.605575561523438,3.8017425537109375,82.90286254882812,-75.77064514160156,-90.87181854248047,33.70924377441406,-17.605575561523438,3.8017425537109375,82.90286254882812,-75.77064514160156,-90.87181854248047,33.70924377441406,33.07240704500978
11.527,0,-17.56595230102539,3.6878223419189453,82.9885482788086,-75.6786117553711,-90.84505462646484,33.73879623413086,-17.56595230102539,3.6878223419189453,82.9885482788086,-75.6786117553711,-90.84505462646484,33.73879623413086,33.13763861709067
11.559,0,-17.886917114257812,4.24268913269043,82.83292388916016,-76.22003936767578,-90.9410171508789,33.83010482788086,-17.886917114257812,4.24268913269043,82.83292388916016,-76.22003936767578,-90.9410171508789,33.83010482788086,33.202870189171556
11.594,0,-17.919864654541016,4.222812652587891,82.90801239013672,-76.24395751953125,-90.94227600097656,33.90464782714844,-17.919864654541016,4.222812652587891,82.90801239013672,-76.24395751953125,-90.94227600097656,33.90464782714844,33.202870189171556
11.627,0,-17.921672821044922,4.245233535766602,82.89067840576172,-76.21331787109375,-90.93464660644531,33.967979431152344,-17.921672821044922,4.245233535766602,82.89067840576172,-76.21331787109375,-90.93464660644531,33.967979431152344,33.202870189171556
11.666,0,-17.866958618164062,4.248809814453125,82.94585418701172,-76.18177032470703,-90.89205932617188,33.994728088378906,-17.866958618164062,4.248809814453125,82.94585418701172,-76.18177032470703,-90.89205932617188,33.994728088378906,33.33333333333333
11.701,0,-18.215072631835938,4.821495056152344,82.78593444824219,-76.7381820678711,-90.97225952148438,34.09912872314453,-18.215072631835938,4.821495056152344,82.78593444824219,-76.7381820678711,-90.97225952148438,34.09912872314453,33.46379647749511
11.729,0,-18.245948791503906,4.7349853515625,82.90896606445312,-76.7444076538086,-90.96526336669922,34.10340118408203,-18.245948791503906,4.7349853515625,82.90896606445312,-76.7444076538086,-90.96526336669922,34.10340118408203,33.46379647749511
11.762,0,-18.226409912109375,4.803030014038086,82.92951965332031,-76.8274917602539,-90.94866943359375,34.19690704345703,-18.226409912109375,4.803030014038086,82.92951965332031,-76.8274917602539,-90.94866943359375,34.19690704345703,33.46379647749511
11.801,0,-18.183406829833984,4.762090682983398,83.05033874511719,-76.82557678222656,-90.89328002929688,34.22376251220703,-18.183406829833984,4.762090682983398,83.05033874511719,-76.82557678222656,-90.89328002929688,34.22376251220703,33.52902804957599
11.828,0,-18.294410705566406,4.770164489746094,83.06193542480469,-76.88590240478516,-90.91136169433594,34.22570037841797,-18.294410705566406,4.770164489746094,83.06193542480469,-76.88590240478516,-90.91136169433594,34.22570037841797,33.659491193737765
11.862,0,-18.27025604248047,4.656364440917969,83.16755676269531,-76.844482421875,-90.89464569091797,34.23237609863281,-18.27025604248047,4.656364440917969,83.16755676269531,-76.844482421875,-90.89464569091797,34.23237609863281,33.789954337899545
11.896,0,-18.190933227539062,4.673908233642578,83.1798324584961,-76.88713836669922,-90.87353515625,34.28202438354492,-18.190933227539062,4.673908233642578,83.1798324584961,-76.88713836669922,-90.87353515625,34.28202438354492,33.789954337899545
11.933,0,-18.132606506347656,4.690633773803711,83.25436401367188,-76.90985870361328,-90.8223876953125,34.26287078857422,-18.132606506347656,4.690633773803711,83.25436401367188,-76.90985870361328,-90.8223876953125,34.26287078857422,33.789954337899545
11.963,0,-18.270694732666016,4.680154800415039,83.2636947631836,-76.92936706542969,-90.822509765625,34.271575927734375,-18.270694732666016,4.680154800415039,83.2636947631836,-76.92936706542969,-90.822509765625,34.271575927734375,33.789954337899545
12.030,0,-18.373538970947266,4.547544479370117,83.36357879638672,-76.91254425048828,-90.85223388671875,34.32402801513672,-18.373538970947266,4.547544479370117,83.36357879638672,-76.91254425048828,-90.85223388671875,34.32402801513672,33.789954337899545
12.058,0,-18.279205322265625,4.62086296081543,83.3432388305664,-76.95745849609375,-90.81257629394531,34.413246154785156,-18.279205322265625,4.62086296081543,83.3432388305664,-76.95745849609375,-90.81257629394531,34.413246154785156,33.789954337899545
12.089,0,-18.267486572265625,4.534442901611328,83.49855041503906,-76.90919494628906,-90.75178527832031,34.421817779541016,-18.267486572265625,4.534442901611328,83.49855041503906,-76.90919494628906,-90.75178527832031,34.421817779541016,33.789954337899545
12.126,0,-18.34756088256836,4.740575790405273,83.43617248535156,-77.16600036621094,-90.76274108886719,34.437965393066406,-18.34756088256836,4.740575790405273,83.43617248535156,-77.16600036621094,-90.76274108886719,34.437965393066406,33.92041748206132
12.158,0,-18.456153869628906,4.530525207519531,83.52960205078125,-77.0374755859375,-90.77800750732422,34.454715728759766,-18.456153869628906,4.530525207519531,83.52960205078125,-77.0374755859375,-90.77800750732422,34.454715728759766,33.92041748206132
12.192,0,-18.39664077758789,4.503164291381836,83.56634521484375,-77.03572082519531,-90.7406234741211,34.52388000488281,-18.39664077758789,4.503164291381836,83.56634521484375,-77.03572082519531,-90.7406234741211,34.52388000488281,33.9856490541422
12.225,0,-18.288246154785156,4.745264053344727,83.52394104003906,-77.24673461914062,-90.6915283203125,34.52595520019531,-18.288246154785156,4.745264053344727,83.52394104003906,-77.24673461914062,-90.6915283203125,34.52595520019531,34.11611219830398
12.257,0,-18.366588592529297,4.94654655456543,83.46366882324219,-77.47332763671875,-90.70489501953125,34.49502182006836,-18.366588592529297,4.94654655456543,83.46366882324219,-77.47332763671875,-90.70489501953125,34.49502182006836,34.18134377038486
12.291,0,-18.490463256835938,4.794824600219727,83.55671691894531,-77.41938781738281,-90.71414184570312,34.4782600402832,-18.490463256835938,4.794824600219727,83.55671691894531,-77.41938781738281,-90.71414184570312,34.4782600402832,34.18134377038486
12.325,0,-18.710906982421875,4.672735214233398,83.63377380371094,-77.34808349609375,-90.735107421875,34.504676818847656,-18.710906982421875,4.672735214233398,83.63377380371094,-77.34808349609375,-90.735107421875,34.504676818847656,34.18134377038486
12.359,0,-18.653732299804688,4.809514999389648,83.57331085205078,-77.49006652832031,-90.74801635742188,34.485015869140625,-18.653732299804688,4.809514999389648,83.57331085205078,-77.49006652832031,-90.74801635742188,34.485015869140625,34.18134377038486
12.391,0,-18.925548553466797,4.98015022277832,83.54318237304688,-77.6549072265625,-90.79270935058594,34.56299591064453,-18.925548553466797,4.98015022277832,83.54318237304688,-77.6549072265625,-90.79270935058594,34.56299591064453,34.18134377038486
12.426,0,-18.927906036376953,4.818216323852539,83.67544555664062,-77.59918975830078,-90.7636947631836,34.542301177978516,-18.927906036376953,4.818216323852539,83.67544555664062,-77.59918975830078,-90.7636947631836,34.542301177978516,34.18134377038486
12.459,0,-19.192760467529297,4.815393447875977,83.64201354980469,-77.55039978027344,-90.81744384765625,34.61721420288086,-19.192760467529297,4.815393447875977,83.64201354980469,-77.55039978027344,-90.81744384765625,34.61721420288086,34.18134377038486
12.493,0,-19.151390075683594,4.87464714050293,83.64028930664062,-77.65446472167969,-90.82749938964844,34.591026306152344,-19.151390075683594,4.87464714050293,83.64028930664062,-77.65446472167969,-90.82749938964844,34.591026306152344,34.18134377038486
12.527,0,-19.393028259277344,5.263202667236328,83.49627685546875,-77.96047973632812,-90.88585662841797,34.682891845703125,-19.393028259277344,5.263202667236328,83.49627685546875,-77.96047973632812,-90.88585662841797,34.682891845703125,34.18134377038486
12.560,0,-19.404327392578125,5.044073104858398,83.64431762695312,-77.85110473632812,-90.85493469238281,34.61668395996094,-19.404327392578125,5.044073104858398,83.64431762695312,-77.85110473632812,-90.85493469238281,34.61668395996094,34.18134377038486
12.592,0,-19.358108520507812,5.055583953857422,83.6573257446289,-77.86305236816406,-90.82447814941406,34.62665557861328,-19.358108520507812,5.055583953857422,83.6573257446289,-77.86305236816406,-90.82447814941406,34.62665557861328,34.18134377038486
12.626,0,-19.35662841796875,5.329774856567383,83.585693359375,-78.14791870117188,-90.85153198242188,34.580078125,-19.35662841796875,5.329774856567383,83.585693359375,-78.14791870117188,-90.85153198242188,34.580078125,34.18134377038486
12.660,0,-19.622364044189453,5.696161270141602,83.43148803710938,-78.41161346435547,-90.91451263427734,34.65657043457031,-19.622364044189453,5.696161270141602,83.43148803710938,-78.41161346435547,-90.91451263427734,34.65657043457031,34.18134377038486
12.692,0,-19.806472778320312,5.429592132568359,83.56706237792969,-78.27242279052734,-90.96149444580078,34.704627990722656,-19.806472778320312,5.429592132568359,83.56706237792969,-78.27242279052734,-90.96149444580078,34.704627990722656,34.18134377038486
12.725,0,-19.74673080444336,5.294099807739258,83.60679626464844,-78.15080261230469,-90.9200668334961,34.66523742675781,-19.74673080444336,5.294099807739258,83.60679626464844,-78.15080261230469,-90.9200668334961,34.66523742675781,34.18134377038486
12.759,0,-19.759784698486328,5.456439971923828,83.55394744873047,-78.3359375,-90.95378875732422,34.636260986328125,-19.759784698486328,5.456439971923828,83.55394744873047,-78.3359375,-90.95378875732422,34.636260986328125,34.18134377038486
12.793,0,-19.89520263671875,5.766010284423828,83.39529418945312,-78.61236572265625,-91.01764678955078,34.71406936645508,-19.89520263671875,5.766010284423828,83.39529418945312,-78.61236572265625,-91.01764678955078,34.71406936645508,34.18134377038486
12.832,0,-20.089935302734375,5.537471771240234,83.48409271240234,-78.44279479980469,-91.06254577636719,34.741580963134766,-20.089935302734375,5.537471771240234,83.48409271240234,-78.44279479980469,-91.06254577636719,34.741580963134766,34.18134377038486
12.860,0,-20.058521270751953,5.429111480712891,83.509033203125,-78.30410766601562,-91.02709197998047,34.7044563293457,-20.058521270751953,5.429111480712891,83.509033203125,-78.30410766601562,-91.02709197998047,34.7044563293457,34.18134377038486
12.897,0,-19.960121154785156,5.42692756652832,83.5363998413086,-78.34506225585938,-91.02011108398438,34.64392852783203,-19.960121154785156,5.42692756652832,83.5363998413086,-78.34506225585938,-91.02011108398438,34.64392852783203,34.18134377038486
12.926,0,-20.119796752929688,5.767053604125977,83.38778686523438,-78.66410064697266,-91.07573699951172,34.66888427734375,-20.119796752929688,5.767053604125977,83.38778686523438,-78.66410064697266,-91.07573699951172,34.66888427734375,34.18134377038486
12.963,0,-20.299888610839844,5.479896545410156,83.50019073486328,-78.41484069824219,-91.12503051757812,34.692726135253906,-20.299888610839844,5.479896545410156,83.50019073486328,-78.41484069824219,-91.12503051757812,34.692726135253906,34.18134377038486
12.994,0,-20.27277374267578,5.424703598022461,83.5240478515625,-78.33428955078125,-91.09371185302734,34.671756744384766,-20.27277374267578,5.424703598022461,83.5240478515625,-78.33428955078125,-91.09371185302734,34.671756744384766,34.18134377038486
13.028,0,-20.26125717163086,5.464780807495117,83.4558334350586,-78.28730773925781,-91.09089660644531,34.72037124633789,-20.26125717163086,5.464780807495117,83.4558334350586,-78.28730773925781,-91.09089660644531,34.72037124633789,34.18134377038486
13.062,0,-20.4287109375,5.753101348876953,83.3001937866211,-78.52412414550781,-91.15815734863281,34.77201461791992,-20.4287109375,5.753101348876953,83.3001937866211,-78.52412414550781,-91.15815734863281,34.77201461791992,34.18134377038486
13.094,0,-20.482505798339844,5.656394958496094,83.3544692993164,-78.46186828613281,-91.1765365600586,34.762786865234375,-20.482505798339844,5.656394958496094,83.3544692993164,-78.46186828613281,-91.1765365600586,34.762786865234375,34.18134377038486
13.134,0,-20.569782257080078,5.755008697509766,83.23970031738281,-78.46713256835938,-91.19977569580078,34.80250930786133,-20.569782257080078,5.755008697509766,83.23970031738281,-78.46713256835938,-91.19977569580078,34.80250930786133,34.18134377038486
13.166,0,-20.68338394165039,6.076539993286133,83.07331085205078,-78.67695617675781,-91.24083709716797,34.93109130859375,-20.68338394165039,6.076539993286133,83.07331085205078,-78.67695617675781,-91.24083709716797,34.93109130859375,34.18134377038486
13.193,0,-20.852806091308594,5.84922981262207,83.17466735839844,-78.5373306274414,-91.29769897460938,34.94599533081055,-20.852806091308594,5.84922981262207,83.17466735839844,-78.5373306274414,-91.29769897460938,34.94599533081055,34.18134377038486
13.234,0,-20.855388641357422,5.864093780517578,83.14494323730469,-78.49859619140625,-91.31397247314453,34.939334869384766,-20.855388641357422,5.864093780517578,83.14494323730469,-78.49859619140625,-91.31397247314453,34.939334869384766,34.24657534246575
13.261,0,-20.864574432373047,5.983268737792969,83.07270812988281,-78.51039123535156,-91.30079650878906,34.94084930419922,-20.864574432373047,5.983268737792969,83.07270812988281,-78.51039123535156,-91.30079650878906,34.94084930419922,34.44227005870842
13.303,0,-20.781524658203125,6.445976257324219,82.88522338867188,-78.79727172851562,-91.2644271850586,34.99889373779297,-20.781524658203125,6.445976257324219,82.88522338867188,-78.79727172851562,-91.2644271850586,34.99889373779297,34.57273320287019
13.331,0,-20.95630645751953,6.723155975341797,82.7679672241211,-79.01507568359375,-91.34152221679688,35.17310333251953,-20.95630645751953,6.723155975341797,82.7679672241211,-79.01507568359375,-91.34152221679688,35.17310333251953,34.57273320287019
13.363,0,-20.930091857910156,6.8189239501953125,82.70030212402344,-79.05117797851562,-91.36355590820312,35.206787109375,-20.930091857910156,6.8189239501953125,82.70030212402344,-79.05117797851562,-91.36355590820312,35.206787109375,34.57273320287019
13.400,0,-20.903160095214844,7.041318893432617,82.60869598388672,-79.14959716796875,-91.34100341796875,35.187538146972656,-20.903160095214844,7.041318893432617,82.60869598388672,-79.14959716796875,-91.34100341796875,35.187538146972656,34.57273320287019
13.429,0,-21.127429962158203,7.248287200927734,82.48265075683594,-79.2430419921875,-91.3811264038086,35.177825927734375,-21.127429962158203,7.248287200927734,82.48265075683594,-79.2430419921875,-91.3811264038086,35.177825927734375,34.70319634703196
13.465,0,-21.22307586669922,7.203104019165039,82.5332260131836,-79.20321655273438,-91.39393615722656,35.156532287597656,-21.22307586669922,7.203104019165039,82.5332260131836,-79.20321655273438,-91.39393615722656,35.156532287597656,34.833659491193735
13.496,0,-21.23117446899414,7.289834976196289,82.46247100830078,-79.15870666503906,-91.35444641113281,35.147239685058594,-21.23117446899414,7.289834976196289,82.46247100830078,-79.15870666503906,-91.35444641113281,35.147239685058594,34.898891063274625
13.530,0,-21.26849365234375,7.4319000244140625,82.39081573486328,-79.17448425292969,-91.33697509765625,35.10572814941406,-21.26849365234375,7.4319000244140625,82.39081573486328,-79.17448425292969,-91.33697509765625,35.10572814941406,34.898891063274625
13.569,0,-21.461658477783203,7.461635589599609,82.3275146484375,-79.10893249511719,-91.36146545410156,35.09645462036133,-21.461658477783203,7.461635589599609,82.3275146484375,-79.10893249511719,-91.36146545410156,35.09645462036133,34.898891063274625
13.599,0,-21.519229888916016,7.420574188232422,82.37511444091797,-79.02900695800781,-91.35396575927734,35.03761291503906,-21.519229888916016,7.420574188232422,82.37511444091797,-79.02900695800781,-91.35396575927734,35.03761291503906,34.898891063274625
13.633,0,-21.564666748046875,7.540205001831055,82.25762176513672,-79.00595092773438,-91.34831237792969,35.048484802246094,-21.564666748046875,7.540205001831055,82.25762176513672,-79.00595092773438,-91.34831237792969,35.048484802246094,34.898891063274625
13.668,0,-21.59296417236328,8.056304931640625,82.06050109863281,-79.37982177734375,-91.3628158569336,35.091270446777344,-21.59296417236328,8.056304931640625,82.06050109863281,-79.37982177734375,-91.3628158569336,35.091270446777344,34.898891063274625
13.696,0,-21.804054260253906,8.226533889770508,81.9818344116211,-79.43801879882812,-91.39289093017578,35.11511993408203,-21.804054260253906,8.226533889770508,81.9818344116211,-79.43801879882812,-91.39289093017578,35.11511993408203,34.898891063274625
13.730,0,-21.854331970214844,8.077911376953125,82.05534362792969,-79.27534484863281,-91.37403106689453,35.048301696777344,-21.854331970214844,8.077911376953125,82.05534362792969,-79.27534484863281,-91.37403106689453,35.048301696777344,34.898891063274625
13.772,0,-21.861610412597656,8.282735824584961,81.97807312011719,-79.35214233398438,-91.342529296875,35.04502868652344,-21.861610412597656,8.282735824584961,81.97807312011719,-79.35214233398438,-91.342529296875,35.04502868652344,34.898891063274625
13.801,0,-21.842636108398438,8.64289665222168,81.8306884765625,-79.52928161621094,-91.29410552978516,35.030052185058594,-21.842636108398438,8.64289665222168,81.8306884765625,-79.52928161621094,-91.29410552978516,35.030052185058594,34.898891063274625
13.832,0,-22.037742614746094,8.710947036743164,81.77243041992188,-79.51688385009766,-91.32505798339844,35.015254974365234,-22.037742614746094,8.710947036743164,81.77243041992188,-79.51688385009766,-91.32505798339844,35.015254974365234,34.898891063274625
13.867,0,-22.057647705078125,8.41425895690918,81.8629150390625,-79.18113708496094,-91.2879409790039,34.92240905761719,-22.057647705078125,8.41425895690918,81.8629150390625,-79.18113708496094,-91.2879409790039,34.92240905761719,34.898891063274625
13.901,0,-22.055782318115234,8.706130981445312,81.77561950683594,-79.3477783203125,-91.25837707519531,34.93507385253906,-22.055782318115234,8.706130981445312,81.77561950683594,-79.3477783203125,-91.25837707519531,34.93507385253906,34.898891063274625
13.932,0,-22.015018463134766,9.179544448852539,81.63020324707031,-79.64071655273438,-91.20817565917969,34.92919921875,-22.015018463134766,9.179544448852539,81.63020324707031,-79.64071655273438,-91.20817565917969,34.92919921875,34.898891063274625
13.965,0,-22.203155517578125,9.090713500976562,81.63289642333984,-79.5208740234375,-91.23490905761719,34.86476135253906,-22.203155517578125,9.090713500976562,81.63289642333984,-79.5208740234375,-91.23490905761719,34.86476135253906,34.898891063274625
13.999,0,-22.19049072265625,9.197376251220703,81.53229522705078,-79.56394958496094,-91.2301025390625,34.808799743652344,-22.19049072265625,9.197376251220703,81.53229522705078,-79.56394958496094,-91.2301025390625,34.808799743652344,34.898891063274625
14.033,0,-22.179405212402344,9.400224685668945,81.53299713134766,-79.73291015625,-91.18548583984375,34.77898406982422,-22.179405212402344,9.400224685668945,81.53299713134766,-79.73291015625,-91.18548583984375,34.77898406982422,34.898891063274625
14.068,0,-22.164501190185547,9.517459869384766,81.49061584472656,-79.72743225097656,-91.12466430664062,34.77314376831055,-22.164501190185547,9.517459869384766,81.49061584472656,-79.72743225097656,-91.12466430664062,34.77314376831055,34.898891063274625
14.099,0,-22.362403869628906,9.478418350219727,81.49728393554688,-79.67984008789062,-91.14788055419922,34.71112060546875,-22.362403869628906,9.478418350219727,81.49728393554688,-79.67984008789062,-91.14788055419922,34.71112060546875,34.898891063274625
14.133,0,-22.403949737548828,9.456642150878906,81.54841613769531,-79.669189453125,-91.13613891601562,34.7052001953125,-22.403949737548828,9.456642150878906,81.54841613769531,-79.669189453125,-91.13613891601562,34.7052001953125,34.898891063274625
14.168,0,-22.376815795898438,9.722564697265625,81.53959655761719,-79.92558288574219,-91.08414459228516,34.66229248046875,-22.376815795898438,9.722564697265625,81.53959655761719,-79.92558288574219,-91.08414459228516,34.66229248046875,34.898891063274625
14.201,0,-22.35202407836914,9.908498764038086,81.48085021972656,-80.03546142578125,-91.0466537475586,34.679744720458984,-22.35202407836914,9.908498764038086,81.48085021972656,-80.03546142578125,-91.0466537475586,34.679744720458984,34.898891063274625
14.235,0,-22.537883758544922,9.835016250610352,81.53370666503906,-80.02308654785156,-91.0610122680664,34.627410888671875,-22.537883758544922,9.835016250610352,81.53370666503906,-80.02308654785156,-91.0610122680664,34.627410888671875,34.898891063274625
14.271,0,-22.563148498535156,9.793050765991211,81.5966567993164,-80.02174377441406,-91.05159759521484,34.62989807128906,-22.563148498535156,9.793050765991211,81.5966567993164,-80.02174377441406,-91.05159759521484,34.62989807128906,34.898891063274625
14.303,0,-22.526134490966797,9.907001495361328,81.6104965209961,-80.14823913574219,-90.99628448486328,34.582862854003906,-22.526134490966797,9.907001495361328,81.6104965209961,-80.14823913574219,-90.99628448486328,34.582862854003906,34.898891063274625
14.334,0,-22.508689880371094,10.04928970336914,81.5937271118164,-80.259521484375,-90.95536804199219,34.591732025146484,-22.508689880371094,10.04928970336914,81.5937271118164,-80.259521484375,-90.95536804199219,34.591732025146484,34.898891063274625
14.369,0,-22.680400848388672,9.946876525878906,81.61713409423828,-80.18604278564453,-90.96599578857422,34.5333251953125,-22.680400848388672,9.946876525878906,81.61713409423828,-80.18604278564453,-90.96599578857422,34.5333251953125,34.898891063274625
14.416,0,-22.69971466064453,9.830730438232422,81.7093734741211,-80.156005859375,-90.95468139648438,34.51918411254883,-22.69971466064453,9.830730438232422,81.7093734741211,-80.156005859375,-90.95468139648438,34.51918411254883,34.898891063274625
14.444,0,-22.682262420654297,9.891075134277344,81.72354125976562,-80.22795104980469,-90.90518188476562,34.45408248901367,-22.682262420654297,9.891075134277344,81.72354125976562,-80.22795104980469,-90.90518188476562,34.45408248901367,34.898891063274625
14.475,0,-22.65142059326172,9.948450088500977,81.73027038574219,-80.2848129272461,-90.85890197753906,34.46202087402344,-22.65142059326172,9.948450088500977,81.73027038574219,-80.2848129272461,-90.85890197753906,34.46202087402344,34.898891063274625
14.517,0,-22.82986831665039,9.934492111206055,81.71212005615234,-80.27899169921875,-90.87387084960938,34.41486740112305,-22.82986831665039,9.934492111206055,81.71212005615234,-80.27899169921875,-90.87387084960938,34.41486740112305,34.898891063274625
14.546,0,-22.834335327148438,9.876577377319336,81.8080062866211,-80.30308532714844,-90.84915161132812,34.41228485107422,-22.834335327148438,9.876577377319336,81.8080062866211,-80.30308532714844,-90.84915161132812,34.41228485107422,34.898891063274625
14.588,0,-22.786930084228516,9.902103424072266,81.802734375,-80.3240966796875,-90.79014587402344,34.33936309814453,-22.786930084228516,9.902103424072266,81.802734375,-80.3240966796875,-90.79014587402344,34.33936309814453,34.898891063274625
14.620,0,-22.733856201171875,10.161550521850586,81.75980377197266,-80.5592041015625,-90.73583221435547,34.34112548828125,-22.733856201171875,10.161550521850586,81.75980377197266,-80.5592041015625,-90.73583221435547,34.34112548828125,34.898891063274625
14.647,0,-22.88050079345703,10.16948127746582,81.73743438720703,-80.57498168945312,-90.7446517944336,34.29594421386719,-22.88050079345703,10.16948127746582,81.73743438720703,-80.57498168945312,-90.7446517944336,34.29594421386719,34.768427919112845
14.688,0,-22.831932067871094,10.183746337890625,81.73289489746094,-80.5994873046875,-90.6903305053711,34.24009704589844,-22.831932067871094,10.183746337890625,81.73289489746094,-80.5994873046875,-90.6903305053711,34.24009704589844,34.63796477495107
14.714,0,-22.75350570678711,10.654998779296875,81.58495330810547,-80.95489501953125,-90.63853454589844,34.27749252319336,-22.75350570678711,10.654998779296875,81.58495330810547,-80.95489501953125,-90.63853454589844,34.27749252319336,34.63796477495107
14.754,0,-22.72307586669922,10.939664840698242,81.43284606933594,-81.203857421875,-90.6492691040039,34.21640396118164,-22.72307586669922,10.939664840698242,81.43284606933594,-81.203857421875,-90.6492691040039,34.21640396118164,34.57273320287019
14.780,0,-22.73937225341797,11.087343215942383,81.45616149902344,-81.39254760742188,-90.6342544555664,34.20477294921875,-22.73937225341797,11.087343215942383,81.45616149902344,-81.39254760742188,-90.6342544555664,34.20477294921875,34.5075016307893
14.816,0,-22.696979522705078,11.364147186279297,81.38982391357422,-81.63316345214844,-90.5799560546875,34.14739227294922,-22.696979522705078,11.364147186279297,81.38982391357422,-81.63316345214844,-90.5799560546875,34.14739227294922,34.44227005870842
14.847,0,-22.668872833251953,11.648820877075195,81.33055877685547,-81.86907958984375,-90.52114868164062,34.152130126953125,-22.668872833251953,11.648820877075195,81.33055877685547,-81.86907958984375,-90.52114868164062,34.152130126953125,34.44227005870842
14.881,0,-22.672378540039062,11.810874938964844,81.24778747558594,-82.0361099243164,-90.51525115966797,34.04886245727539,-22.672378540039062,11.810874938964844,81.24778747558594,-82.0361099243164,-90.51525115966797,34.04886245727539,34.44227005870842
14.914,0,-22.659652709960938,12.047283172607422,81.2221908569336,-82.27037048339844,-90.48265075683594,34.05227279663086,-22.659652709960938,12.047283172607422,81.2221908569336,-82.27037048339844,-90.48265075683594,34.05227279663086,34.44227005870842
14.948,0,-22.61508560180664,12.199060440063477,81.21199798583984,-82.414306640625,-90.43171691894531,34.020572662353516,-22.61508560180664,12.199060440063477,81.21199798583984,-82.414306640625,-90.43171691894531,34.020572662353516,34.37703848662753
14.986,0,-22.54757308959961,12.367391586303711,81.19345092773438,-82.55323791503906,-90.37515258789062,33.989013671875,-22.54757308959961,12.367391586303711,81.19345092773438,-82.55323791503906,-90.37515258789062,33.989013671875,34.31180691454664
15.017,0,-22.500164031982422,12.508913040161133,81.11697387695312,-82.68133544921875,-90.376708984375,33.94767379760742,-22.500164031982422,12.508913040161133,81.11697387695312,-82.68133544921875,-90.376708984375,33.94767379760742,34.31180691454664
15.050,0,-22.519641876220703,12.46702766418457,81.18689727783203,-82.67959594726562,-90.35852813720703,33.98464584350586,-22.519641876220703,12.46702766418457,81.18689727783203,-82.67959594726562,-90.35852813720703,33.98464584350586,34.31180691454664
15.085,0,-22.472145080566406,12.63897705078125,81.18649291992188,-82.87287902832031,-90.32551574707031,33.90739440917969,-22.472145080566406,12.63897705078125,81.18649291992188,-82.87287902832031,-90.32551574707031,33.90739440917969,34.31180691454664
15.116,0,-22.375450134277344,12.830934524536133,81.109375,-82.9887466430664,-90.27709197998047,33.913429260253906,-22.375450134277344,12.830934524536133,81.109375,-82.9887466430664,-90.27709197998047,33.913429260253906,34.31180691454664
15.158,0,-22.27410888671875,13.18808364868164,80.93629455566406,-83.2348403930664,-90.27006530761719,33.95425033569336,-22.27410888671875,13.18808364868164,80.93629455566406,-83.2348403930664,-90.27006530761719,33.95425033569336,34.31180691454664
15.186,0,-22.2818603515625,13.206932067871094,80.97936248779297,-83.25189971923828,-90.24665832519531,33.93302917480469,-22.2818603515625,13.206932067871094,80.97936248779297,-83.25189971923828,-90.24665832519531,33.93302917480469,34.24657534246575
15.230,0,-22.268169403076172,12.98574447631836,81.1308822631836,-83.1182861328125,-90.21631622314453,33.88398361206055,-22.268169403076172,12.98574447631836,81.1308822631836,-83.1182861328125,-90.21631622314453,33.88398361206055,34.24657534246575
15.256,0,-22.19666290283203,13.057283401489258,81.09970092773438,-83.13788604736328,-90.17437744140625,33.8719482421875,-22.19666290283203,13.057283401489258,81.09970092773438,-83.13788604736328,-90.17437744140625,33.8719482421875,34.24657534246575
15.291,0,-22.20504379272461,13.205869674682617,81.04962921142578,-83.27965545654297,-90.20366668701172,33.912940979003906,-22.20504379272461,13.205869674682617,81.04962921142578,-83.27965545654297,-90.20366668701172,33.912940979003906,34.24657534246575
15.322,0,-22.212787628173828,13.2293701171875,81.10419464111328,-83.3401107788086,-90.19253540039062,33.93159484863281,-22.212787628173828,13.2293701171875,81.10419464111328,-83.3401107788086,-90.19253540039062,33.93159484863281,34.24657534246575
15.357,0,-22.184680938720703,13.181303024291992,81.14279174804688,-83.29953002929688,-90.14669799804688,33.949588775634766,-22.184680938720703,13.181303024291992,81.14279174804688,-83.29953002929688,-90.14669799804688,33.949588775634766,34.24657534246575
15.389,0,-22.123245239257812,13.322914123535156,81.04550170898438,-83.318115234375,-90.11811828613281,34.0057258605957,-22.123245239257812,13.322914123535156,81.04550170898438,-83.318115234375,-90.11811828613281,34.0057258605957,34.24657534246575
15.422,0,-22.143604278564453,13.126890182495117,81.00048065185547,-83.0618667602539,-90.1133041381836,34.00965118408203,-22.143604278564453,13.126890182495117,81.00048065185547,-83.0618667602539,-90.1133041381836,34.00965118408203,34.24657534246575
15.459,0,-22.130447387695312,13.041936874389648,81.00294494628906,-82.90425872802734,-90.09062194824219,34.05057144165039,-22.130447387695312,13.041936874389648,81.00294494628906,-82.90425872802734,-90.09062194824219,34.05057144165039,34.24657534246575
15.489,0,-22.00985336303711,13.390146255493164,80.77459716796875,-83.06781005859375,-90.0462417602539,34.132423400878906,-22.00985336303711,13.390146255493164,80.77459716796875,-83.06781005859375,-90.0462417602539,34.132423400878906,34.24657534246575
15.525,0,-21.925621032714844,13.264957427978516,80.66617584228516,-82.84097290039062,-90.06027221679688,34.120704650878906,-21.925621032714844,13.264957427978516,80.66617584228516,-82.84097290039062,-90.06027221679688,34.120704650878906,34.24657534246575
15.558,0,-21.909603118896484,13.10367202758789,80.68119812011719,-82.70327758789062,-90.03352355957031,34.08453369140625,-21.909603118896484,13.10367202758789,80.68119812011719,-82.70327758789062,-90.03352355957031,34.08453369140625,34.24657534246575
15.594,0,-21.85684585571289,13.214887619018555,80.60563659667969,-82.76081848144531,-90.0112075805664,34.11531066894531,-21.85684585571289,13.214887619018555,80.60563659667969,-82.76081848144531,-90.0112075805664,34.11531066894531,34.24657534246575
15.624,0,-21.7252197265625,13.701736450195312,80.42550659179688,-83.15106964111328,-89.95307922363281,34.16749572753906,-21.7252197265625,13.701736450195312,80.42550659179688,-83.15106964111328,-89.95307922363281,34.16749572753906,34.24657534246575
15.659,0,-21.586055755615234,13.803865432739258,80.26878356933594,-83.18557739257812,-89.96040344238281,34.12587356567383,-21.586055755615234,13.803865432739258,80.26878356933594,-83.18557739257812,-89.96040344238281,34.12587356567383,34.24657534246575
15.692,0,-21.522846221923828,13.706188201904297,80.24005126953125,-83.06011199951172,-89.9568862915039,34.13748550415039,-21.522846221923828,13.706188201904297,80.24005126953125,-83.06011199951172,-89.9568862915039,34.13748550415039,34.24657534246575
15.725,0,-21.444786071777344,13.879508972167969,80.16842651367188,-83.18228912353516,-89.92733764648438,34.140071868896484,-21.444786071777344,13.879508972167969,80.16842651367188,-83.18228912353516,-89.92733764648438,34.140071868896484,34.24657534246575
15.758,0,-21.317516326904297,14.08743667602539,79.97591400146484,-83.26448059082031,-89.8762435913086,34.18476867675781,-21.317516326904297,14.08743667602539,79.97591400146484,-83.26448059082031,-89.8762435913086,34.18476867675781,34.24657534246575
15.793,0,-21.26186752319336,14.232763290405273,79.85748291015625,-83.35671997070312,-89.86603546142578,34.14081573486328,-21.26186752319336,14.232763290405273,79.85748291015625,-83.35671997070312,-89.86603546142578,34.14081573486328,34.24657534246575
15.826,0,-21.183177947998047,14.399335861206055,79.81205749511719,-83.5308837890625,-89.83245086669922,34.0246696472168,-21.183177947998047,14.399335861206055,79.81205749511719,-83.5308837890625,-89.83245086669922,34.0246696472168,34.24657534246575
15.859,0,-21.172317504882812,14.44624137878418,79.83985137939453,-83.65269470214844,-89.80203247070312,34.02340316772461,-21.172317504882812,14.44624137878418,79.83985137939453,-83.65269470214844,-89.80203247070312,34.02340316772461,34.24657534246575
15.892,0,-21.024795532226562,14.761919021606445,79.66766357421875,-83.85059356689453,-89.73866271972656,34.00904846191406,-21.024795532226562,14.761919021606445,79.66766357421875,-83.85059356689453,-89.73866271972656,34.00904846191406,34.24657534246575
15.925,0,-20.96023178100586,14.877532958984375,79.56037902832031,-83.92817687988281,-89.72539520263672,33.92787170410156,-20.96023178100586,14.877532958984375,79.56037902832031,-83.92817687988281,-89.72539520263672,33.92787170410156,34.24657534246575
15.959,0,-20.84368133544922,14.96055793762207,79.51806640625,-83.97807312011719,-89.6816177368164,33.87559509277344,-20.84368133544922,14.96055793762207,79.51806640625,-83.97807312011719,-89.6816177368164,33.87559509277344,34.24657534246575
15.993,0,-20.758182525634766,15.186906814575195,79.46263885498047,-84.1927490234375,-89.63460540771484,33.8083381652832,-20.758182525634766,15.186906814575195,79.46263885498047,-84.1927490234375,-89.63460540771484,33.8083381652832,34.24657534246575
16.027,0,-20.708965301513672,15.081964492797852,79.58638000488281,-84.16036987304688,-89.62828063964844,33.76109313964844,-20.708965301513672,15.081964492797852,79.58638000488281,-84.16036987304688,-89.62828063964844,33.76109313964844,34.18134377038486
16.059,0,-20.71384048461914,15.108701705932617,79.6722412109375,-84.26890563964844,-89.61955261230469,33.72247314453125,-20.71384048461914,15.108701705932617,79.6722412109375,-84.26890563964844,-89.61955261230469,33.72247314453125,34.18134377038486
16.092,0,-20.604736328125,15.368698120117188,79.59912872314453,-84.51556396484375,-89.56634521484375,33.68365478515625,-20.604736328125,15.368698120117188,79.59912872314453,-84.51556396484375,-89.56634521484375,33.68365478515625,34.18134377038486
16.125,0,-20.481918334960938,15.397090911865234,79.56324768066406,-84.5221939086914,-89.53070068359375,33.656219482421875,-20.481918334960938,15.397090911865234,79.56324768066406,-84.5221939086914,-89.53070068359375,33.656219482421875,34.18134377038486
16.167,0,-20.426136016845703,15.457460403442383,79.59773254394531,-84.5751953125,-89.53023529052734,33.674720764160156,-20.426136016845703,15.457460403442383,79.59773254394531,-84.5751953125,-89.53023529052734,33.674720764160156,34.18134377038486
16.193,0,-20.410781860351562,15.631271362304688,79.59175872802734,-84.771240234375,-89.52828979492188,33.69795227050781,-20.410781860351562,15.631271362304688,79.59175872802734,-84.771240234375,-89.52828979492188,33.69795227050781,34.18134377038486
16.230,0,-20.285282135009766,15.850704193115234,79.4845962524414,-84.99505615234375,-89.49606323242188,33.692562103271484,-20.285282135009766,15.850704193115234,79.4845962524414,-84.99505615234375,-89.49606323242188,33.692562103271484,34.18134377038486
16.259,0,-20.22311782836914,15.823959350585938,79.59498596191406,-85.10804748535156,-89.4930648803711,33.60115051269531,-20.22311782836914,15.823959350585938,79.59498596191406,-85.10804748535156,-89.4930648803711,33.60115051269531,34.18134377038486
16.293,0,-20.152179718017578,15.773921966552734,79.65873718261719,-85.0420913696289,-89.48008728027344,33.54786682128906,-20.152179718017578,15.773921966552734,79.65873718261719,-85.0420913696289,-89.48008728027344,33.54786682128906,34.18134377038486
16.330,0,-20.477645874023438,15.624931335449219,79.81671905517578,-84.98945617675781,-89.4965591430664,33.54228973388672,-20.477645874023438,15.624931335449219,79.81671905517578,-84.98945617675781,-89.4965591430664,33.54228973388672,34.18134377038486
16.369,0,-20.34539794921875,15.85344123840332,79.7245101928711,-85.18262481689453,-89.45977020263672,33.44075012207031,-20.34539794921875,15.85344123840332,79.7245101928711,-85.18262481689453,-89.45977020263672,33.44075012207031,34.11611219830398
16.397,0,-20.340999603271484,16.214223861694336,79.66559600830078,-85.46449279785156,-89.44427490234375,33.54265594482422,-20.340999603271484,16.214223861694336,79.66559600830078,-85.46449279785156,-89.44427490234375,33.54265594482422,33.92041748206132
16.430,0,-20.25971221923828,16.3172607421875,79.66879272460938,-85.52339172363281,-89.42376708984375,33.49703598022461,-20.25971221923828,16.3172607421875,79.66879272460938,-85.52339172363281,-89.42376708984375,33.49703598022461,33.85518590998043
16.462,0,-20.250598907470703,16.350444793701172,79.66744232177734,-85.58265686035156,-89.42573547363281,33.543113708496094,-20.250598907470703,16.350444793701172,79.66744232177734,-85.58265686035156,-89.42573547363281,33.543113708496094,33.85518590998043
16.502,0,-20.210018157958984,16.3829345703125,79.63380432128906,-85.53851318359375,-89.4332275390625,33.60898971557617,-20.210018157958984,16.3829345703125,79.63380432128906,-85.53851318359375,-89.4332275390625,33.60898971557617,33.85518590998043
16.529,0,-20.323261260986328,16.00660514831543,79.79238891601562,-85.28279113769531,-89.45948028564453,33.5723762512207,-20.323261260986328,16.00660514831543,79.79238891601562,-85.28279113769531,-89.45948028564453,33.5723762512207,33.85518590998043
16.567,0,-20.242061614990234,16.083101272583008,79.78295135498047,-85.31299591064453,-89.44950103759766,33.6519775390625,-20.242061614990234,16.083101272583008,79.78295135498047,-85.31299591064453,-89.44950103759766,33.6519775390625,33.85518590998043
16.602,0,-20.320247650146484,16.06334686279297,79.84246826171875,-85.39370727539062,-89.49408721923828,33.67953109741211,-20.320247650146484,16.06334686279297,79.84246826171875,-85.39370727539062,-89.49408721923828,33.67953109741211,33.85518590998043
16.629,0,-20.320133209228516,16.286094665527344,79.78086853027344,-85.5967788696289,-89.48278045654297,33.61414337158203,-20.320133209228516,16.286094665527344,79.78086853027344,-85.5967788696289,-89.48278045654297,33.61414337158203,33.85518590998043
16.663,0,-20.473758697509766,16.063011169433594,79.88312530517578,-85.4869384765625,-89.53095245361328,33.676361083984375,-20.473758697509766,16.063011169433594,79.88312530517578,-85.4869384765625,-89.53095245361328,33.676361083984375,33.85518590998043
16.699,0,-20.363113403320312,16.217466354370117,79.75935363769531,-85.52191162109375,-89.52264404296875,33.69452667236328,-20.363113403320312,16.217466354370117,79.75935363769531,-85.52191162109375,-89.52264404296875,33.69452667236328,33.85518590998043
16.730,0,-20.611583709716797,16.029813766479492,79.7978515625,-85.25013732910156,-89.53455352783203,33.777626037597656,-20.611583709716797,16.029813766479492,79.7978515625,-85.25013732910156,-89.53455352783203,33.777626037597656,33.85518590998043
16.763,0,-20.488548278808594,16.160324096679688,79.6785659790039,-85.312744140625,-89.49930572509766,33.72146987915039,-20.488548278808594,16.160324096679688,79.6785659790039,-85.312744140625,-89.49930572509766,33.72146987915039,33.85518590998043
16.796,0,-20.638408660888672,15.869539260864258,79.89398193359375,-85.23145294189453,-89.5394515991211,33.71215057373047,-20.638408660888672,15.869539260864258,79.89398193359375,-85.23145294189453,-89.5394515991211,33.71215057373047,33.85518590998043
16.830,0,-20.620574951171875,16.275455474853516,79.660888671875,-85.4034423828125,-89.55213165283203,33.8630485534668,-20.620574951171875,16.275455474853516,79.660888671875,-85.4034423828125,-89.55213165283203,33.8630485534668,33.85518590998043
16.865,0,-20.85024642944336,16.173660278320312,79.56820678710938,-85.07971954345703,-89.5748062133789,34.01678466796875,-20.85024642944336,16.173660278320312,79.56820678710938,-85.07971954345703,-89.5748062133789,34.01678466796875,33.85518590998043
16.897,0,-20.76874542236328,16.337947845458984,79.44589233398438,-85.17496490478516,-89.56976318359375,33.99632263183594,-20.76874542236328,16.337947845458984,79.44589233398438,-85.17496490478516,-89.56976318359375,33.99632263183594,33.85518590998043
16.930,0,-20.921131134033203,16.217784881591797,79.44810485839844,-85.05024719238281,-89.61900329589844,34.03230285644531,-20.921131134033203,16.217784881591797,79.44810485839844,-85.05024719238281,-89.61900329589844,34.03230285644531,33.85518590998043
16.963,0,-20.946117401123047,16.443710327148438,79.33330535888672,-85.14341735839844,-89.64187622070312,34.127906799316406,-20.946117401123047,16.443710327148438,79.33330535888672,-85.14341735839844,-89.64187622070312,34.127906799316406,33.85518590998043
16.996,0,-21.172225952148438,16.186784744262695,79.36651611328125,-84.81474304199219,-89.6412124633789,34.17150115966797,-21.172225952148438,16.186784744262695,79.36651611328125,-84.81474304199219,-89.6412124633789,34.17150115966797,33.85518590998043
17.031,0,-21.052196502685547,16.429859161376953,79.18278503417969,-84.93643188476562,-89.60665130615234,34.10537338256836,-21.052196502685547,16.429859161376953,79.18278503417969,-84.93643188476562,-89.60665130615234,34.10537338256836,33.85518590998043
17.065,0,-21.40682601928711,15.97354507446289,79.36316680908203,-84.60523986816406,-89.68247985839844,34.13319778442383,-21.40682601928711,15.97354507446289,79.36316680908203,-84.60523986816406,-89.68247985839844,34.13319778442383,33.85518590998043
17.108,0,-21.26076889038086,16.205928802490234,79.20718383789062,-84.64043426513672,-89.66049194335938,34.2021369934082,-21.26076889038086,16.205928802490234,79.20718383789062,-84.64043426513672,-89.66049194335938,34.2021369934082,33.85518590998043
17.135,0,-21.474956512451172,16.06207275390625,79.19727325439453,-84.34864807128906,-89.65645599365234,34.22078323364258,-21.474956512451172,16.06207275390625,79.19727325439453,-84.34864807128906,-89.65645599365234,34.22078323364258,33.85518590998043
17.167,0,-21.372539520263672,16.044755935668945,79.14464569091797,-84.25315856933594,-89.62625885009766,34.24402618408203,-21.372539520263672,16.044755935668945,79.14464569091797,-84.25315856933594,-89.62625885009766,34.24402618408203,33.85518590998043
17.201,0,-21.7545166015625,15.454492568969727,79.31705474853516,-83.75347900390625,-89.7060546875,34.29741668701172,-21.7545166015625,15.454492568969727,79.31705474853516,-83.75347900390625,-89.7060546875,34.29741668701172,33.85518590998043
17.233,0,-21.63031005859375,15.344472885131836,79.23460388183594,-83.46514892578125,-89.67687225341797,34.34142303466797,-21.63031005859375,15.344472885131836,79.23460388183594,-83.46514892578125,-89.67687225341797,34.34142303466797,33.85518590998043
17.267,0,-21.856460571289062,14.885025024414062,79.4022216796875,-83.03956604003906,-89.69071197509766,34.43094253540039,-21.856460571289062,14.885025024414062,79.4022216796875,-83.03956604003906,-89.69071197509766,34.43094253540039,33.85518590998043
17.300,0,-21.77950668334961,15.024599075317383,79.31250762939453,-83.14389038085938,-89.66439056396484,34.37390899658203,-21.77950668334961,15.024599075317383,79.31250762939453,-83.14389038085938,-89.66439056396484,34.37390899658203,33.85518590998043
17.335,0,-22.13916778564453,14.78155517578125,79.37220764160156,-82.87273406982422,-89.71502685546875,34.488624572753906,-22.13916778564453,14.78155517578125,79.37220764160156,-82.87273406982422,-89.71502685546875,34.488624572753906,33.85518590998043
17.367,0,-22.07712173461914,14.632429122924805,79.40165710449219,-82.6503677368164,-89.69287872314453,34.53084182739258,-22.07712173461914,14.632429122924805,79.40165710449219,-82.6503677368164,-89.69287872314453,34.53084182739258,33.92041748206132
17.409,0,-22.25518035888672,14.44471549987793,79.40877532958984,-82.42842102050781,-89.73808288574219,34.54856872558594,-22.25518035888672,14.44471549987793,79.40877532958984,-82.42842102050781,-89.73808288574219,34.54856872558594,33.92041748206132
17.433,0,-22.194355010986328,14.698171615600586,79.30337524414062,-82.61546325683594,-89.69920349121094,34.546653747558594,-22.194355010986328,14.698171615600586,79.30337524414062,-82.61546325683594,-89.69920349121094,34.546653747558594,33.92041748206132
17.471,0,-22.569629669189453,14.227315902709961,79.42772674560547,-82.1376724243164,-89.73881530761719,34.646812438964844,-22.569629669189453,14.227315902709961,79.42772674560547,-82.1376724243164,-89.73881530761719,34.646812438964844,34.11611219830398
17.503,0,-22.450790405273438,14.22230339050293,79.37809753417969,-82.02776336669922,-89.71990203857422,34.67116928100586,-22.450790405273438,14.22230339050293,79.37809753417969,-82.02776336669922,-89.71990203857422,34.67116928100586,34.18134377038486
17.536,0,-22.618507385253906,14.06059455871582,79.35176086425781,-81.79473876953125,-89.73992919921875,34.71556854248047,-22.618507385253906,14.06059455871582,79.35176086425781,-81.79473876953125,-89.73992919921875,34.71556854248047,34.18134377038486
17.567,0,-22.519493103027344,14.124685287475586,79.3305435180664,-81.86552429199219,-89.69514465332031,34.70647430419922,-22.519493103027344,14.124685287475586,79.3305435180664,-81.86552429199219,-89.69514465332031,34.70647430419922,34.18134377038486
17.609,0,-22.853042602539062,13.792888641357422,79.34042358398438,-81.4266357421875,-89.76113891601562,34.7984619140625,-22.853042602539062,13.792888641357422,79.34042358398438,-81.4266357421875,-89.76113891601562,34.7984619140625,34.18134377038486
17.635,0,-22.702938079833984,14.047281265258789,79.1854476928711,-81.53903198242188,-89.70643615722656,34.83951950073242,-22.702938079833984,14.047281265258789,79.1854476928711,-81.53903198242188,-89.70643615722656,34.83951950073242,34.18134377038486
17.670,0,-22.910037994384766,14.121406555175781,79.13847351074219,-81.57526397705078,-89.721435546875,34.871742248535156,-22.910037994384766,14.121406555175781,79.13847351074219,-81.57526397705078,-89.721435546875,34.871742248535156,34.18134377038486
17.702,0,-22.834278106689453,14.355350494384766,79.06649017333984,-81.77317810058594,-89.69786071777344,34.873802185058594,-22.834278106689453,14.355350494384766,79.06649017333984,-81.77317810058594,-89.69786071777344,34.873802185058594,34.18134377038486
17.740,0,-22.80660629272461,13.793638229370117,79.27222442626953,-81.31227111816406,-89.67082977294922,34.878013610839844,-22.80660629272461,13.793638229370117,79.27222442626953,-81.31227111816406,-89.67082977294922,34.878013610839844,34.18134377038486
17.768,0,-22.73260498046875,13.689931869506836,79.38108825683594,-81.29106140136719,-89.61323547363281,34.8565559387207,-22.73260498046875,13.689931869506836,79.38108825683594,-81.29106140136719,-89.61323547363281,34.8565559387207,34.37703848662753
17.811,0,-22.6348876953125,13.998363494873047,79.23377990722656,-81.52056884765625,-89.60313415527344,34.817142486572266,-22.6348876953125,13.998363494873047,79.23377990722656,-81.52056884765625,-89.60313415527344,34.817142486572266,34.5075016307893
17.840,0,-22.590225219726562,13.766958236694336,79.2311782836914,-81.26986694335938,-89.59919738769531,34.83456039428711,-22.590225219726562,13.766958236694336,79.2311782836914,-81.26986694335938,-89.59919738769531,34.83456039428711,34.5075016307893
17.871,0,-22.48845672607422,13.962282180786133,79.16736602783203,-81.36805725097656,-89.55224609375,34.89396667480469,-22.48845672607422,13.962282180786133,79.16736602783203,-81.36805725097656,-89.55224609375,34.89396667480469,34.5075016307893
17.907,0,-22.673057556152344,14.316944122314453,79.01103210449219,-81.62460327148438,-89.56672668457031,34.92351531982422,-22.673057556152344,14.316944122314453,79.01103210449219,-81.62460327148438,-89.56672668457031,34.92351531982422,34.5075016307893
17.938,0,-22.740474700927734,14.480001449584961,78.94412994384766,-81.74891662597656,-89.58880615234375,34.894744873046875,-22.740474700927734,14.480001449584961,78.94412994384766,-81.74891662597656,-89.58880615234375,34.894744873046875,34.5075016307893
17.970,0,-22.82036590576172,14.410623550415039,78.98637390136719,-81.76456451416016,-89.58038330078125,34.83954620361328,-22.82036590576172,14.410623550415039,78.98637390136719,-81.76456451416016,-89.58038330078125,34.83954620361328,34.5075016307893
18.004,0,-22.72180938720703,14.32463264465332,78.98223114013672,-81.69048309326172,-89.54693603515625,34.88054656982422,-22.72180938720703,14.32463264465332,78.98223114013672,-81.69048309326172,-89.54693603515625,34.88054656982422,34.5075016307893
18.045,0,-22.90184783935547,14.751762390136719,78.86137390136719,-82.05474090576172,-89.53934478759766,34.929927825927734,-22.90184783935547,14.751762390136719,78.86137390136719,-82.05474090576172,-89.53934478759766,34.929927825927734,34.5075016307893
18.071,0,-22.932605743408203,15.318071365356445,78.69474029541016,-82.5294418334961,-89.536376953125,34.95164489746094,-22.932605743408203,15.318071365356445,78.69474029541016,-82.5294418334961,-89.536376953125,34.95164489746094,34.5075016307893
18.105,0,-22.978351593017578,14.21475601196289,79.25904846191406,-81.78471374511719,-89.51380920410156,34.74251174926758,-22.978351593017578,14.21475601196289,79.25904846191406,-81.78471374511719,-89.51380920410156,34.74251174926758,34.5075016307893
18.140,0,-23.01156234741211,14.196538925170898,79.32380676269531,-81.81182861328125,-89.49618530273438,34.75938415527344,-23.01156234741211,14.196538925170898,79.32380676269531,-81.81182861328125,-89.49618530273438,34.75938415527344,34.5075016307893
18.172,0,-22.98736572265625,14.147836685180664,79.36970520019531,-81.7599868774414,-89.43338775634766,34.75390625,-22.98736572265625,14.147836685180664,79.36970520019531,-81.7599868774414,-89.43338775634766,34.75390625,34.5075016307893
18.204,0,-22.985809326171875,14.81660270690918,79.1856460571289,-82.33224487304688,-89.43171691894531,34.772132873535156,-22.985809326171875,14.81660270690918,79.1856460571289,-82.33224487304688,-89.43171691894531,34.772132873535156,34.5075016307893
18.240,0,-23.005035400390625,13.621843338012695,79.76021575927734,-81.521240234375,-89.41930389404297,34.57475662231445,-23.005035400390625,13.621843338012695,79.76021575927734,-81.521240234375,-89.41930389404297,34.57475662231445,34.5075016307893
18.274,0,-23.01644515991211,13.929489135742188,79.67227172851562,-81.80287170410156,-89.420654296875,34.62915802001953,-23.01644515991211,13.929489135742188,79.67227172851562,-81.80287170410156,-89.420654296875,34.62915802001953,34.5075016307893
18.308,0,-22.99936294555664,13.882129669189453,79.64772033691406,-81.64833068847656,-89.36251831054688,34.66586685180664,-22.99936294555664,13.882129669189453,79.64772033691406,-81.64833068847656,-89.36251831054688,34.66586685180664,34.5075016307893
18.342,0,-23.02459716796875,13.923133850097656,79.67008972167969,-81.65512084960938,-89.32392120361328,34.63136672973633,-23.02459716796875,13.923133850097656,79.67008972167969,-81.65512084960938,-89.32392120361328,34.63136672973633,34.5075016307893
18.387,0,-23.027313232421875,12.813796997070312,80.17744445800781,-80.87849426269531,-89.30204772949219,34.45122146606445,-23.027313232421875,12.813796997070312,80.17744445800781,-80.87849426269531,-89.30204772949219,34.45122146606445,34.5075016307893
18.415,0,-23.04214859008789,12.890327453613281,80.12117004394531,-80.95909118652344,-89.29008483886719,34.513893127441406,-23.04214859008789,12.890327453613281,80.12117004394531,-80.95909118652344,-89.29008483886719,34.513893127441406,34.5075016307893
18.452,0,-22.999317169189453,12.877084732055664,80.12197875976562,-80.88218688964844,-89.23948669433594,34.522857666015625,-22.999317169189453,12.877084732055664,80.12197875976562,-80.88218688964844,-89.23948669433594,34.522857666015625,34.5075016307893
18.480,0,-23.02576446533203,13.105680465698242,80.12744140625,-81.12350463867188,-89.20821380615234,34.49814224243164,-23.02576446533203,13.105680465698242,80.12744140625,-81.12350463867188,-89.20821380615234,34.49814224243164,34.5075016307893
18.513,0,-23.085254669189453,11.877494812011719,80.62950134277344,-80.17417907714844,-89.18821716308594,34.32652282714844,-23.085254669189453,11.877494812011719,80.62950134277344,-80.17417907714844,-89.18821716308594,34.32652282714844,34.5075016307893
18.549,0,-23.12630844116211,11.941030502319336,80.53551483154297,-80.19796752929688,-89.19129943847656,34.45573806762695,-23.12630844116211,11.941030502319336,80.53551483154297,-80.19796752929688,-89.19129943847656,34.45573806762695,34.5075016307893
18.582,0,-23.081893920898438,12.064077377319336,80.46456909179688,-80.24823760986328,-89.14451599121094,34.517120361328125,-23.081893920898438,12.064077377319336,80.46456909179688,-80.24823760986328,-89.14451599121094,34.517120361328125,34.5075016307893
18.616,0,-23.125690460205078,12.228693008422852,80.44473266601562,-80.42902374267578,-89.11327362060547,34.523494720458984,-23.125690460205078,12.228693008422852,80.44473266601562,-80.42902374267578,-89.11327362060547,34.523494720458984,34.5075016307893
18.647,0,-23.18020248413086,11.405467987060547,80.60578918457031,-79.6214828491211,-89.12100982666016,34.565460205078125,-23.18020248413086,11.405467987060547,80.60578918457031,-79.6214828491211,-89.12100982666016,34.565460205078125,34.5075016307893
18.680,0,-23.20981216430664,11.336969375610352,80.54278564453125,-79.52220153808594,-89.14546966552734,34.69350814819336,-23.20981216430664,11.336969375610352,80.54278564453125,-79.52220153808594,-89.14546966552734,34.69350814819336,34.5075016307893
18.713,0,-23.169998168945312,11.50672721862793,80.4507064819336,-79.59425354003906,-89.10649108886719,34.79838943481445,-23.169998168945312,11.50672721862793,80.4507064819336,-79.59425354003906,-89.10649108886719,34.79838943481445,34.5075016307893
18.747,0,-23.22296905517578,11.532861709594727,80.41150665283203,-79.62272644042969,-89.08855438232422,34.85299301147461,-23.22296905517578,11.532861709594727,80.41150665283203,-79.62272644042969,-89.08855438232422,34.85299301147461,34.5075016307893
18.780,0,-23.24764633178711,10.691934585571289,80.59388732910156,-78.78300476074219,-89.07624816894531,34.85943603515625,-23.24764633178711,10.691934585571289,80.59388732910156,-78.78300476074219,-89.07624816894531,34.85943603515625,34.5075016307893
18.814,0,-23.162891387939453,10.833963394165039,80.5262451171875,-78.94532012939453,-89.06698608398438,34.91007995605469,-23.162891387939453,10.833963394165039,80.5262451171875,-78.94532012939453,-89.06698608398438,34.91007995605469,34.5075016307893
18.849,0,-23.288894653320312,12.05398178100586,80.30017852783203,-80.15785217285156,-89.0835952758789,35.13585662841797,-23.288894653320312,12.05398178100586,80.30017852783203,-80.15785217285156,-89.0835952758789,35.13585662841797,34.5075016307893
18.880,0,-23.33706283569336,12.175247192382812,80.3262710571289,-80.35212707519531,-89.04871368408203,35.214630126953125,-23.33706283569336,12.175247192382812,80.3262710571289,-80.35212707519531,-89.04871368408203,35.214630126953125,34.5075016307893
18.913,0,-23.404094696044922,11.357145309448242,80.51634216308594,-79.53842163085938,-89.05143737792969,35.31232833862305,-23.404094696044922,11.357145309448242,80.51634216308594,-79.53842163085938,-89.05143737792969,35.31232833862305,34.57273320287019
18.947,0,-23.332645416259766,11.66921615600586,80.38255310058594,-79.82879638671875,-89.0356674194336,35.47311782836914,-23.332645416259766,11.66921615600586,80.38255310058594,-79.82879638671875,-89.0356674194336,35.47311782836914,34.63796477495107
18.981,0,-23.39300537109375,12.359149932861328,80.1867446899414,-80.41969299316406,-89.04329681396484,35.584102630615234,-23.39300537109375,12.359149932861328,80.1867446899414,-80.41969299316406,-89.04329681396484,35.584102630615234,34.833659491193735
19.015,0,-23.418624877929688,12.601533889770508,80.20765686035156,-80.72571563720703,-89.00267791748047,35.61085510253906,-23.418624877929688,12.601533889770508,80.20765686035156,-80.72571563720703,-89.00267791748047,35.61085510253906,34.96412263535551
19.049,0,-23.489818572998047,11.759849548339844,80.46375274658203,-79.98106384277344,-89.00544738769531,35.71315002441406,-23.489818572998047,11.759849548339844,80.46375274658203,-79.98106384277344,-89.00544738769531,35.71315002441406,35.09458577951728
19.083,0,-23.54669952392578,11.971611022949219,80.42345428466797,-80.24871826171875,-89.02081298828125,35.83868408203125,-23.54669952392578,11.971611022949219,80.42345428466797,-80.24871826171875,-89.02081298828125,35.83868408203125,35.15981735159817
19.117,0,-23.64162826538086,12.57432746887207,80.24991607666016,-80.7725830078125,-89.0379409790039,35.92912673950195,-23.64162826538086,12.57432746887207,80.24991607666016,-80.7725830078125,-89.0379409790039,35.92912673950195,35.290280495759944
19.150,0,-23.683456420898438,12.722957611083984,80.26435852050781,-80.98664855957031,-89.02067565917969,36.01251220703125,-23.683456420898438,12.722957611083984,80.26435852050781,-80.98664855957031,-89.02067565917969,36.01251220703125,35.290280495759944
19.183,0,-23.67626190185547,12.10305404663086,80.42963409423828,-80.3916015625,-89.01468658447266,36.058509826660156,-23.67626190185547,12.10305404663086,80.42963409423828,-80.3916015625,-89.01468658447266,36.058509826660156,35.42074363992172
19.217,0,-23.720359802246094,12.244157791137695,80.4272232055664,-80.62019348144531,-89.03645324707031,36.13147735595703,-23.720359802246094,12.244157791137695,80.4272232055664,-80.62019348144531,-89.03645324707031,36.13147735595703,35.5512067840835
19.250,0,-23.827442169189453,12.725732803344727,80.31947326660156,-81.06448364257812,-89.06648254394531,36.17450714111328,-23.827442169189453,12.725732803344727,80.31947326660156,-81.06448364257812,-89.06648254394531,36.17450714111328,35.68166992824527
19.283,0,-23.911640167236328,12.807096481323242,80.42493438720703,-81.29454040527344,-89.04727935791016,36.23526382446289,-23.911640167236328,12.807096481323242,80.42493438720703,-81.29454040527344,-89.04727935791016,36.23526382446289,35.68166992824527
19.316,0,-23.90880584716797,12.166021347045898,80.6020278930664,-80.71783447265625,-89.04570770263672,36.291526794433594,-23.90880584716797,12.166021347045898,80.6020278930664,-80.71783447265625,-89.04570770263672,36.291526794433594,35.68166992824527
19.350,0,-23.97357940673828,12.099893569946289,80.68386840820312,-80.78546142578125,-89.07086181640625,36.332672119140625,-23.97357940673828,12.099893569946289,80.68386840820312,-80.78546142578125,-89.07086181640625,36.332672119140625,35.68166992824527
19.383,0,-24.098175048828125,12.379003524780273,80.64273071289062,-81.05729675292969,-89.1031494140625,36.321598052978516,-24.098175048828125,12.379003524780273,80.64273071289062,-81.05729675292969,-89.1031494140625,36.321598052978516,35.68166992824527
19.416,0,-24.136383056640625,12.532773971557617,80.7052230834961,-81.3375473022461,-89.08433532714844,36.38970184326172,-24.136383056640625,12.532773971557617,80.7052230834961,-81.3375473022461,-89.08433532714844,36.38970184326172,35.68166992824527
19.450,0,-24.095237731933594,11.958446502685547,80.77853393554688,-80.74331665039062,-89.09932708740234,36.3885498046875,-24.095237731933594,11.958446502685547,80.77853393554688,-80.74331665039062,-89.09932708740234,36.3885498046875,35.68166992824527
19.483,0,-24.11498260498047,11.934686660766602,80.86338806152344,-80.8639907836914,-89.122802734375,36.358489990234375,-24.11498260498047,11.934686660766602,80.86338806152344,-80.8639907836914,-89.122802734375,36.358489990234375,35.68166992824527
19.516,0,-24.110023498535156,12.363384246826172,80.72879028320312,-81.27888488769531,-89.16693878173828,36.315574645996094,-24.110023498535156,12.363384246826172,80.72879028320312,-81.27888488769531,-89.16693878173828,36.315574645996094,35.87736464448793
19.550,0,-24.079044342041016,12.605144500732422,80.71788787841797,-81.55923461914062,-89.14244079589844,36.341365814208984,-24.079044342041016,12.605144500732422,80.71788787841797,-81.55923461914062,-89.14244079589844,36.341365814208984,36.007827788649706
19.583,0,-24.058055877685547,11.925270080566406,80.90737915039062,-81.01040649414062,-89.18213653564453,36.3613395690918,-24.058055877685547,11.925270080566406,80.90737915039062,-81.01040649414062,-89.18213653564453,36.3613395690918,36.007827788649706
19.617,0,-24.03363800048828,11.982275009155273,80.93907165527344,-81.19255065917969,-89.20753479003906,36.343597412109375,-24.03363800048828,11.982275009155273,80.93907165527344,-81.19255065917969,-89.20753479003906,36.343597412109375,36.007827788649706
19.650,0,-24.003437042236328,12.407838821411133,80.81071472167969,-81.57553100585938,-89.258544921875,36.265445709228516,-24.003437042236328,12.407838821411133,80.81071472167969,-81.57553100585938,-89.258544921875,36.265445709228516,36.007827788649706
19.684,0,-23.983112335205078,12.50527572631836,80.88321685791016,-81.79631042480469,-89.24375915527344,36.21907043457031,-23.983112335205078,12.50527572631836,80.88321685791016,-81.79631042480469,-89.24375915527344,36.21907043457031,36.007827788649706
19.726,0,-24.004615783691406,11.791898727416992,81.16229248046875,-81.26864624023438,-89.28999328613281,36.21040344238281,-24.004615783691406,11.791898727416992,81.16229248046875,-81.26864624023438,-89.28999328613281,36.21040344238281,36.007827788649706
19.754,0,-24.00061798095703,11.565017700195312,81.28245544433594,-81.13365173339844,-89.32087707519531,36.19866180419922,-24.00061798095703,11.565017700195312,81.28245544433594,-81.13365173339844,-89.32087707519531,36.19866180419922,36.007827788649706
19.788,0,-23.95986557006836,11.872329711914062,81.19071197509766,-81.40887451171875,-89.3772964477539,36.065528869628906,-23.95986557006836,11.872329711914062,81.19071197509766,-81.40887451171875,-89.3772964477539,36.065528869628906,36.007827788649706
19.819,0,-23.914215087890625,12.096431732177734,81.21197509765625,-81.71310424804688,-89.3626480102539,35.98966979980469,-23.914215087890625,12.096431732177734,81.21197509765625,-81.71310424804688,-89.3626480102539,35.98966979980469,36.007827788649706
19.854,0,-23.914508819580078,11.484884262084961,81.43830871582031,-81.26277160644531,-89.40015411376953,35.92346954345703,-23.914508819580078,11.484884262084961,81.43830871582031,-81.26277160644531,-89.40015411376953,35.92346954345703,36.007827788649706
19.887,0,-23.808616638183594,11.311727523803711,81.42464447021484,-81.13105773925781,-89.42003631591797,35.969825744628906,-23.808616638183594,11.311727523803711,81.42464447021484,-81.13105773925781,-89.42003631591797,35.969825744628906,36.007827788649706
19.920,0,-23.873336791992188,11.273296356201172,81.44586944580078,-81.08989715576172,-89.48631286621094,35.95512771606445,-23.873336791992188,11.273296356201172,81.44586944580078,-81.08989715576172,-89.48631286621094,35.95512771606445,36.007827788649706
19.954,0,-23.800273895263672,11.309423446655273,81.46829223632812,-81.15543365478516,-89.46876525878906,35.86458969116211,-23.800273895263672,11.309423446655273,81.46829223632812,-81.15543365478516,-89.46876525878906,35.86458969116211,36.007827788649706
19.987,0,-23.795425415039062,10.624139785766602,81.69792175292969,-80.60840606689453,-89.49786376953125,35.77268981933594,-23.795425415039062,10.624139785766602,81.69792175292969,-80.60840606689453,-89.49786376953125,35.77268981933594,36.007827788649706
20.020,0,-23.72549057006836,10.51142692565918,81.76289367675781,-80.60791015625,-89.51508331298828,35.77321243286133,-23.72549057006836,10.51142692565918,81.76289367675781,-80.60791015625,-89.51508331298828,35.77321243286133,36.007827788649706
20.054,0,-23.78714370727539,10.427095413208008,81.75080871582031,-80.47579956054688,-89.581787109375,35.696651458740234,-23.78714370727539,10.427095413208008,81.75080871582031,-80.47579956054688,-89.581787109375,35.696651458740234,36.007827788649706
20.087,0,-23.752079010009766,10.44249153137207,81.75794982910156,-80.53673553466797,-89.5797348022461,35.62715530395508,-23.752079010009766,10.44249153137207,81.75794982910156,-80.53673553466797,-89.5797348022461,35.62715530395508,36.007827788649706
20.121,0,-23.65477752685547,9.652437210083008,81.99858093261719,-79.90338134765625,-89.5805892944336,35.49082565307617,-23.65477752685547,9.652437210083008,81.99858093261719,-79.90338134765625,-89.5805892944336,35.49082565307617,36.007827788649706
20.155,0,-23.569915771484375,9.291847229003906,82.11892700195312,-79.7091293334961,-89.57247924804688,35.443153381347656,-23.569915771484375,9.291847229003906,82.11892700195312,-79.7091293334961,-89.57247924804688,35.443153381347656,36.007827788649706
20.223,0,-23.563270568847656,9.277132034301758,82.041015625,-79.61349487304688,-89.62115478515625,35.34700012207031,-23.563270568847656,9.277132034301758,82.041015625,-79.61349487304688,-89.62115478515625,35.34700012207031,36.007827788649706
20.251,0,-23.447471618652344,9.51516342163086,81.95040893554688,-79.84464263916016,-89.60307312011719,35.19968795776367,-23.447471618652344,9.51516342163086,81.95040893554688,-79.84464263916016,-89.60307312011719,35.19968795776367,35.81213307240704
20.283,0,-23.324256896972656,8.819974899291992,82.1668472290039,-79.29714965820312,-89.60932159423828,35.04950714111328,-23.324256896972656,8.819974899291992,82.1668472290039,-79.29714965820312,-89.60932159423828,35.04950714111328,35.74690150032615
20.317,0,-23.283363342285156,8.547073364257812,82.2749252319336,-79.17163848876953,-89.62138366699219,35.02291488647461,-23.283363342285156,8.547073364257812,82.2749252319336,-79.17163848876953,-89.62138366699219,35.02291488647461,35.61643835616438
20.350,0,-23.40188217163086,8.503820419311523,82.29572296142578,-79.13438415527344,-89.65475463867188,34.94260025024414,-23.40188217163086,8.503820419311523,82.29572296142578,-79.13438415527344,-89.65475463867188,34.94260025024414,35.5512067840835
20.385,0,-23.259689331054688,8.895284652709961,82.12528228759766,-79.45909118652344,-89.62934875488281,34.856529235839844,-23.259689331054688,8.895284652709961,82.12528228759766,-79.45909118652344,-89.62934875488281,34.856529235839844,35.355512067840834
20.417,0,-23.13581085205078,8.257225036621094,82.30767059326172,-78.97076416015625,-89.63298034667969,34.742523193359375,-23.13581085205078,8.257225036621094,82.30767059326172,-78.97076416015625,-89.63298034667969,34.742523193359375,35.290280495759944
20.450,0,-23.155223846435547,8.136032104492188,82.32403564453125,-78.8985366821289,-89.63062286376953,34.72092819213867,-23.155223846435547,8.136032104492188,82.32403564453125,-78.8985366821289,-89.63062286376953,34.72092819213867,35.290280495759944
20.483,0,-23.25515365600586,8.045015335083008,82.3651351928711,-78.85858154296875,-89.65699005126953,34.679222106933594,-23.25515365600586,8.045015335083008,82.3651351928711,-78.85858154296875,-89.65699005126953,34.679222106933594,35.15981735159817
20.517,0,-23.210323333740234,8.164068222045898,82.31232452392578,-78.95101928710938,-89.65353393554688,34.61785125732422,-23.210323333740234,8.164068222045898,82.31232452392578,-78.95101928710938,-89.65353393554688,34.61785125732422,35.0293542074364
20.551,0,-23.090499877929688,7.481595993041992,82.48810577392578,-78.4478759765625,-89.66453552246094,34.53742218017578,-23.090499877929688,7.481595993041992,82.48810577392578,-78.4478759765625,-89.66453552246094,34.53742218017578,35.0293542074364
20.589,0,-23.10260772705078,7.4654083251953125,82.51748657226562,-78.49535369873047,-89.67696380615234,34.51516342163086,-23.10260772705078,7.4654083251953125,82.51748657226562,-78.49535369873047,-89.67696380615234,34.51516342163086,34.96412263535551
20.626,0,-23.197368621826172,7.494880676269531,82.44965362548828,-78.46832275390625,-89.68061828613281,34.59219741821289,-23.197368621826172,7.494880676269531,82.44965362548828,-78.46832275390625,-89.68061828613281,34.59219741821289,34.96412263535551
20.654,0,-23.174285888671875,7.38348388671875,82.60595703125,-78.49018096923828,-89.65218353271484,34.51918411254883,-23.174285888671875,7.38348388671875,82.60595703125,-78.49018096923828,-89.65218353271484,34.51918411254883,34.96412263535551
20.720,0,-23.076095581054688,6.965839385986328,82.69485473632812,-78.08547973632812,-89.63848876953125,34.52043914794922,-23.076095581054688,6.965839385986328,82.69485473632812,-78.08547973632812,-89.63848876953125,34.52043914794922,34.96412263535551
20.747,0,-23.026439666748047,7.250286102294922,82.6890869140625,-78.490478515625,-89.64989471435547,34.53309631347656,-23.026439666748047,7.250286102294922,82.6890869140625,-78.490478515625,-89.64989471435547,34.53309631347656,34.96412263535551
20.780,0,-23.005329132080078,7.63667106628418,82.55681610107422,-78.87991333007812,-89.68001556396484,34.65760040283203,-23.005329132080078,7.63667106628418,82.55681610107422,-78.87991333007812,-89.68001556396484,34.65760040283203,34.96412263535551
20.812,0,-22.964038848876953,7.6741485595703125,82.65206909179688,-79.0069351196289,-89.65254211425781,34.67557144165039,-22.964038848876953,7.6741485595703125,82.65206909179688,-79.0069351196289,-89.65254211425781,34.67557144165039,34.96412263535551
20.846,0,-22.921955108642578,7.291286468505859,82.80473327636719,-78.71885681152344,-89.65174102783203,34.778099060058594,-22.921955108642578,7.291286468505859,82.80473327636719,-78.71885681152344,-89.65174102783203,34.778099060058594,34.96412263535551
20.885,0,-22.903091430664062,7.658540725708008,82.84414672851562,-79.23738861083984,-89.67793273925781,34.868896484375,-22.903091430664062,7.658540725708008,82.84414672851562,-79.23738861083984,-89.67793273925781,34.868896484375,34.96412263535551
20.912,0,-22.91019058227539,7.238801956176758,83.0719223022461,-79.02955627441406,-89.65585327148438,34.953311920166016,-22.91019058227539,7.238801956176758,83.0719223022461,-79.02955627441406,-89.65585327148438,34.953311920166016,34.96412263535551
20.946,0,-22.922473907470703,7.316995620727539,83.18931579589844,-79.19760131835938,-89.6340560913086,35.07862091064453,-22.922473907470703,7.316995620727539,83.18931579589844,-79.19760131835938,-89.6340560913086,35.07862091064453,34.96412263535551
20.980,0,-22.86017608642578,7.01447868347168,83.285400390625,-78.93801879882812,-89.63595581054688,35.17456817626953,-22.86017608642578,7.01447868347168,83.285400390625,-78.93801879882812,-89.63595581054688,35.17456817626953,34.96412263535551
21.012,0,-22.89226531982422,7.134435653686523,83.33415985107422,-79.14817810058594,-89.64439392089844,35.38072967529297,-22.89226531982422,7.134435653686523,83.33415985107422,-79.14817810058594,-89.64439392089844,35.38072967529297,34.96412263535551
21.046,0,-22.907955169677734,6.676939010620117,83.52989959716797,-78.88487243652344,-89.63075256347656,35.44340515136719,-22.907955169677734,6.676939010620117,83.52989959716797,-78.88487243652344,-89.63075256347656,35.44340515136719,34.96412263535551
21.082,0,-22.896930694580078,6.920087814331055,83.54107666015625,-79.16785430908203,-89.6128921508789,35.64501953125,-22.896930694580078,6.920087814331055,83.54107666015625,-79.16785430908203,-89.6128921508789,35.64501953125,34.96412263535551
21.113,0,-22.81835174560547,6.646152496337891,83.61012268066406,-78.85437774658203,-89.62041473388672,35.72466278076172,-22.81835174560547,6.646152496337891,83.61012268066406,-78.85437774658203,-89.62041473388672,35.72466278076172,34.96412263535551
21.147,0,-23.025413513183594,5.821386337280273,84.27753448486328,-78.62709045410156,-89.66184997558594,35.647743225097656,-23.025413513183594,5.821386337280273,84.27753448486328,-78.62709045410156,-89.66184997558594,35.647743225097656,35.0293542074364
21.183,0,-22.946434020996094,5.542278289794922,84.40933227539062,-78.45975494384766,-89.6654052734375,35.7790641784668,-22.946434020996094,5.542278289794922,84.40933227539062,-78.45975494384766,-89.6654052734375,35.7790641784668,35.22504892367906
21.218,0,-22.97207260131836,5.985141754150391,84.49956512451172,-79.01741027832031,-89.66688537597656,35.89323043823242,-22.97207260131836,5.985141754150391,84.49956512451172,-79.01741027832031,-89.66688537597656,35.89323043823242,35.290280495759944
21.247,0,-22.91231918334961,5.601982116699219,84.62442779541016,-78.61603546142578,-89.68070983886719,35.955955505371094,-22.91231918334961,5.601982116699219,84.62442779541016,-78.61603546142578,-89.68070983886719,35.955955505371094,35.290280495759944
21.289,0,-23.113597869873047,4.840980529785156,85.3653793334961,-78.51748657226562,-89.71426391601562,35.789146423339844,-23.113597869873047,4.840980529785156,85.3653793334961,-78.51748657226562,-89.71426391601562,35.789146423339844,35.355512067840834
21.317,0,-23.07709503173828,4.515705108642578,85.4690933227539,-78.25321960449219,-89.73001098632812,35.904991149902344,-23.07709503173828,4.515705108642578,85.4690933227539,-78.25321960449219,-89.73001098632812,35.904991149902344,35.5512067840835
21.357,0,-23.066905975341797,5.271276473999023,85.42782592773438,-79.0540542602539,-89.7493667602539,35.92941665649414,-23.066905975341797,5.271276473999023,85.42782592773438,-79.0540542602539,-89.7493667602539,35.92941665649414,35.61643835616438
21.385,0,-22.976150512695312,5.0162811279296875,85.518310546875,-78.79307556152344,-89.74945831298828,35.971004486083984,-22.976150512695312,5.0162811279296875,85.518310546875,-78.79307556152344,-89.74945831298828,35.971004486083984,35.61643835616438
21.417,0,-23.205448150634766,4.302253723144531,86.01936340332031,-78.549560546875,-89.79876708984375,35.79643249511719,-23.205448150634766,4.302253723144531,86.01936340332031,-78.549560546875,-89.79876708984375,35.79643249511719,35.61643835616438
21.452,0,-23.14401626586914,3.907472610473633,86.0688247680664,-78.22052001953125,-89.81077575683594,35.834163665771484,-23.14401626586914,3.907472610473633,86.0688247680664,-78.22052001953125,-89.81077575683594,35.834163665771484,35.61643835616438
21.488,0,-23.136962890625,4.658174514770508,85.99433135986328,-79.04743957519531,-89.82386779785156,35.886680603027344,-23.136962890625,4.658174514770508,85.99433135986328,-79.04743957519531,-89.82386779785156,35.886680603027344,35.61643835616438
21.518,0,-23.097095489501953,4.282209396362305,86.05477142333984,-78.61997985839844,-89.84418487548828,35.91472625732422,-23.097095489501953,4.282209396362305,86.05477142333984,-78.61997985839844,-89.84418487548828,35.91472625732422,35.61643835616438
21.561,0,-23.089664459228516,3.553272247314453,86.51056671142578,-78.36033630371094,-89.88961791992188,35.75433349609375,-23.089664459228516,3.553272247314453,86.51056671142578,-78.36033630371094,-89.88961791992188,35.75433349609375,35.61643835616438
21.589,0,-22.999637603759766,3.298532485961914,86.4492416381836,-78.0343017578125,-89.90306854248047,35.81388854980469,-22.999637603759766,3.298532485961914,86.4492416381836,-78.0343017578125,-89.90306854248047,35.81388854980469,35.61643835616438
21.620,0,-22.83075714111328,3.9323863983154297,86.41838073730469,-78.73558044433594,-89.83837127685547,35.76578903198242,-22.83075714111328,3.9323863983154297,86.41838073730469,-78.73558044433594,-89.83837127685547,35.76578903198242,35.61643835616438
21.657,0,-22.792369842529297,3.5710525512695312,86.43504333496094,-78.26972961425781,-89.86128997802734,35.78717041015625,-22.792369842529297,3.5710525512695312,86.43504333496094,-78.26972961425781,-89.86128997802734,35.78717041015625,35.61643835616438
21.691,0,-22.62734603881836,2.869272232055664,86.81739044189453,-77.96121215820312,-89.89440155029297,35.64425277709961,-22.62734603881836,2.869272232055664,86.81739044189453,-77.96121215820312,-89.89440155029297,35.64425277709961,35.61643835616438
21.722,0,-22.491134643554688,2.7076148986816406,86.7714614868164,-77.73960876464844,-89.89422607421875,35.64333724975586,-22.491134643554688,2.7076148986816406,86.7714614868164,-77.73960876464844,-89.89422607421875,35.64333724975586,35.61643835616438
21.754,0,-22.300216674804688,3.416748046875,86.75607299804688,-78.58456420898438,-89.85234832763672,35.53712463378906,-22.300216674804688,3.416748046875,86.75607299804688,-78.58456420898438,-89.85234832763672,35.53712463378906,35.61643835616438
21.788,0,-22.214946746826172,2.936952590942383,86.77069091796875,-77.9790267944336,-89.86685943603516,35.51426315307617,-22.214946746826172,2.936952590942383,86.77069091796875,-77.9790267944336,-89.86685943603516,35.51426315307617,35.61643835616438
21.821,0,-22.079978942871094,2.6859664916992188,86.8101577758789,-77.75709533691406,-89.86386108398438,35.50035858154297,-22.079978942871094,2.6859664916992188,86.8101577758789,-77.75709533691406,-89.86386108398438,35.50035858154297,35.61643835616438
21.874,0,-22.056583404541016,3.5004043579101562,86.67955017089844,-78.58177947998047,-89.84182739257812,35.42841339111328,-22.056583404541016,3.5004043579101562,86.67955017089844,-78.58177947998047,-89.84182739257812,35.42841339111328,35.61643835616438
21.902,0,-21.865718841552734,3.1364498138427734,86.89096069335938,-78.36231231689453,-89.83501434326172,35.311710357666016,-21.865718841552734,3.1364498138427734,86.89096069335938,-78.36231231689453,-89.83501434326172,35.311710357666016,35.61643835616438
21.933,0,-21.767261505126953,2.991220474243164,86.79890441894531,-78.09184265136719,-89.81423950195312,35.30352783203125,-21.767261505126953,2.991220474243164,86.79890441894531,-78.09184265136719,-89.81423950195312,35.30352783203125,35.61643835616438
21.967,0,-21.666236877441406,2.60491943359375,86.88069152832031,-77.76280212402344,-89.80165100097656,35.23381805419922,-21.666236877441406,2.60491943359375,86.88069152832031,-77.76280212402344,-89.80165100097656,35.23381805419922,35.61643835616438
22.008,0,-21.568523406982422,3.439760208129883,86.72241973876953,-78.62269592285156,-89.77639770507812,35.11030578613281,-21.568523406982422,3.439760208129883,86.72241973876953,-78.62269592285156,-89.77639770507812,35.11030578613281,35.61643835616438
22.036,0,-21.528564453125,2.950345993041992,86.88519287109375,-78.1719970703125,-89.77117919921875,35.066307067871094,-21.528564453125,2.950345993041992,86.88519287109375,-78.1719970703125,-89.77117919921875,35.066307067871094,35.61643835616438
22.080,0,-21.554725646972656,2.803037643432617,86.82269287109375,-77.88442993164062,-89.7725601196289,35.05552673339844,-21.554725646972656,2.803037643432617,86.82269287109375,-77.88442993164062,-89.7725601196289,35.05552673339844,35.61643835616438
22.108,0,-21.547725677490234,2.403627395629883,86.89128112792969,-77.49118041992188,-89.75177001953125,35.025367736816406,-21.547725677490234,2.403627395629883,86.89128112792969,-77.49118041992188,-89.75177001953125,35.025367736816406,35.5512067840835
22.140,0,-21.46186065673828,3.187162399291992,86.76968383789062,-78.3353271484375,-89.7267074584961,34.92720413208008,-21.46186065673828,3.187162399291992,86.76968383789062,-78.3353271484375,-89.7267074584961,34.92720413208008,35.5512067840835
22.190,0,-21.41085433959961,2.854534149169922,86.83078002929688,-77.95256042480469,-89.73159790039062,34.85401153564453,-21.41085433959961,2.854534149169922,86.83078002929688,-77.95256042480469,-89.73159790039062,34.85401153564453,35.355512067840834
22.217,0,-21.431354522705078,2.744081497192383,86.81874084472656,-77.79374694824219,-89.74163055419922,34.858978271484375,-21.431354522705078,2.744081497192383,86.81874084472656,-77.79374694824219,-89.74163055419922,34.858978271484375,35.290280495759944
22.249,0,-21.290191650390625,2.2984390258789062,86.89471435546875,-77.35903930664062,-89.70235443115234,34.81230163574219,-21.290191650390625,2.2984390258789062,86.89471435546875,-77.35903930664062,-89.70235443115234,34.81230163574219,35.290280495759944
22.282,0,-21.258583068847656,3.1602249145507812,86.79347229003906,-78.27688598632812,-89.68738555908203,34.739768981933594,-21.258583068847656,3.1602249145507812,86.79347229003906,-78.27688598632812,-89.68738555908203,34.739768981933594,35.290280495759944
22.316,0,-21.218486785888672,2.7484512329101562,86.89903259277344,-77.8470458984375,-89.69366455078125,34.63603973388672,-21.218486785888672,2.7484512329101562,86.89903259277344,-77.8470458984375,-89.69366455078125,34.63603973388672,35.22504892367906
22.351,0,-21.14324951171875,2.4957733154296875,86.85620880126953,-77.51754760742188,-89.68864440917969,34.58549499511719,-21.14324951171875,2.4957733154296875,86.85620880126953,-77.51754760742188,-89.68864440917969,34.58549499511719,35.09458577951728
22.383,0,-21.125518798828125,2.2273311614990234,86.83161926269531,-77.15769958496094,-89.65935516357422,34.54362869262695,-21.125518798828125,2.2273311614990234,86.83161926269531,-77.15769958496094,-89.65935516357422,34.54362869262695,34.96412263535551
22.418,0,-21.013206481933594,3.0249996185302734,86.73178100585938,-78.01557922363281,-89.61866760253906,34.46342086791992,-21.013206481933594,3.0249996185302734,86.73178100585938,-78.01557922363281,-89.61866760253906,34.46342086791992,34.96412263535551
22.450,0,-21.042198181152344,2.6924800872802734,86.83546447753906,-77.62760162353516,-89.61556243896484,34.42918395996094,-21.042198181152344,2.6924800872802734,86.83546447753906,-77.62760162353516,-89.61556243896484,34.42918395996094,34.96412263535551
22.486,0,-20.956329345703125,2.4709300994873047,86.77308654785156,-77.30598449707031,-89.59564208984375,34.3773078918457,-20.956329345703125,2.4709300994873047,86.77308654785156,-77.30598449707031,-89.59564208984375,34.3773078918457,34.96412263535551
22.516,0,-20.77043914794922,2.21832275390625,86.74580383300781,-76.96694946289062,-89.54622650146484,34.341888427734375,-20.77043914794922,2.21832275390625,86.74580383300781,-76.96694946289062,-89.54622650146484,34.341888427734375,34.898891063274625
22.552,0,-20.643348693847656,2.990802764892578,86.64665985107422,-77.79324340820312,-89.5064468383789,34.2869987487793,-20.643348693847656,2.990802764892578,86.64665985107422,-77.79324340820312,-89.5064468383789,34.2869987487793,34.768427919112845
22.585,0,-20.642593383789062,2.6194210052490234,86.71875762939453,-77.35369873046875,-89.50065612792969,34.24955368041992,-20.642593383789062,2.6194210052490234,86.71875762939453,-77.35369873046875,-89.50065612792969,34.24955368041992,34.63796477495107
22.622,0,-20.573036193847656,2.3406600952148438,86.70325469970703,-77.004638671875,-89.47682189941406,34.188751220703125,-20.573036193847656,2.3406600952148438,86.70325469970703,-77.004638671875,-89.47682189941406,34.188751220703125,34.63796477495107
22.650,0,-20.448699951171875,2.2109718322753906,86.63356018066406,-76.76007080078125,-89.44534301757812,34.16746520996094,-20.448699951171875,2.2109718322753906,86.63356018066406,-76.76007080078125,-89.44534301757812,34.16746520996094,34.63796477495107
22.683,0,-20.302490234375,2.939271926879883,86.5416030883789,-77.53813171386719,-89.40228271484375,34.123836517333984,-20.302490234375,2.939271926879883,86.5416030883789,-77.53813171386719,-89.40228271484375,34.123836517333984,34.63796477495107
22.718,0,-20.261760711669922,2.626211166381836,86.56765747070312,-77.12260437011719,-89.3991928100586,34.074188232421875,-20.261760711669922,2.626211166381836,86.56765747070312,-77.12260437011719,-89.3991928100586,34.074188232421875,34.63796477495107
22.751,0,-20.150150299072266,2.373506546020508,86.51295471191406,-76.77212524414062,-89.36214447021484,34.03092956542969,-20.150150299072266,2.373506546020508,86.51295471191406,-76.77212524414062,-89.36214447021484,34.03092956542969,34.63796477495107
22.784,0,-20.08246612548828,2.2377853393554688,86.47595977783203,-76.52172088623047,-89.3206558227539,34.002166748046875,-20.08246612548828,2.2377853393554688,86.47595977783203,-76.52172088623047,-89.3206558227539,34.002166748046875,34.57273320287019
22.816,0,-19.883113861083984,3.1212596893310547,86.33650970458984,-77.42662048339844,-89.26714324951172,34.00438690185547,-19.883113861083984,3.1212596893310547,86.33650970458984,-77.42662048339844,-89.26714324951172,34.00438690185547,34.44227005870842
22.850,0,-20.013343811035156,2.4556961059570312,86.56146240234375,-76.81208038330078,-89.23089599609375,33.94264221191406,-20.013343811035156,2.4556961059570312,86.56146240234375,-76.81208038330078,-89.23089599609375,33.94264221191406,34.31180691454664
22.884,0,-19.964805603027344,2.2078990936279297,86.61160278320312,-76.572021484375,-89.17750549316406,33.88387680053711,-19.964805603027344,2.2078990936279297,86.61160278320312,-76.572021484375,-89.17750549316406,33.88387680053711,34.24657534246575
22.918,0,-20.05908966064453,1.7934226989746094,86.62542724609375,-76.05326843261719,-89.15983581542969,33.84716796875,-20.05908966064453,1.7934226989746094,86.62542724609375,-76.05326843261719,-89.15983581542969,33.84716796875,34.24657534246575
22.952,0,-19.827224731445312,2.6831417083740234,86.45553588867188,-76.94432830810547,-89.08613586425781,33.82373809814453,-19.827224731445312,2.6831417083740234,86.45553588867188,-76.94432830810547,-89.08613586425781,33.82373809814453,34.24657534246575
22.984,0,-19.933876037597656,2.3850555419921875,86.55082702636719,-76.64826202392578,-89.106689453125,33.73692321777344,-19.933876037597656,2.3850555419921875,86.55082702636719,-76.64826202392578,-89.106689453125,33.73692321777344,34.24657534246575
23.021,0,-19.831897735595703,2.0714569091796875,86.63517761230469,-76.34346771240234,-89.04137420654297,33.71097183227539,-19.831897735595703,2.0714569091796875,86.63517761230469,-76.34346771240234,-89.04137420654297,33.71097183227539,34.24657534246575
23.053,0,-19.72956085205078,1.6550960540771484,86.65321350097656,-75.84201049804688,-88.99690246582031,33.663326263427734,-19.72956085205078,1.6550960540771484,86.65321350097656,-75.84201049804688,-88.99690246582031,33.663326263427734,34.24657534246575
23.087,0,-19.541671752929688,2.613666534423828,86.46514892578125,-76.7725830078125,-88.9381103515625,33.61750030517578,-19.541671752929688,2.613666534423828,86.46514892578125,-76.7725830078125,-88.9381103515625,33.61750030517578,34.24657534246575
23.150,0,-19.513263702392578,2.572538375854492,86.475341796875,-76.70393371582031,-88.9592514038086,33.59359359741211,-19.513263702392578,2.572538375854492,86.475341796875,-76.70393371582031,-88.9592514038086,33.59359359741211,34.24657534246575
23.196,0,-19.304466247558594,2.426525115966797,86.51087951660156,-76.60861206054688,-88.88844299316406,33.515506744384766,-19.304466247558594,2.426525115966797,86.51087951660156,-76.60861206054688,-88.88844299316406,33.515506744384766,33.9856490541422
23.224,0,-19.161128997802734,2.1629104614257812,86.46990203857422,-76.22990417480469,-88.85050964355469,33.42618942260742,-19.161128997802734,2.1629104614257812,86.46990203857422,-76.22990417480469,-88.85050964355469,33.42618942260742,33.85518590998043
23.258,0,-19.02267837524414,3.0100936889648438,86.30830383300781,-77.04838562011719,-88.79196166992188,33.3626708984375,-19.02267837524414,3.0100936889648438,86.30830383300781,-77.04838562011719,-88.79196166992188,33.3626708984375,33.85518590998043
23.291,0,-19.05813217163086,3.0296497344970703,86.29430389404297,-77.01324462890625,-88.81068420410156,33.34415817260742,-19.05813217163086,3.0296497344970703,86.29430389404297,-77.01324462890625,-88.81068420410156,33.34415817260742,33.85518590998043
23.324,0,-18.870098114013672,2.8929824829101562,86.34463500976562,-76.95042419433594,-88.72906494140625,33.23837661743164,-18.870098114013672,2.8929824829101562,86.34463500976562,-76.95042419433594,-88.72906494140625,33.23837661743164,33.85518590998043
23.360,0,-19.090442657470703,2.0331039428710938,86.84366607666016,-76.49008178710938,-88.78805541992188,33.137054443359375,-19.090442657470703,2.0331039428710938,86.84366607666016,-76.49008178710938,-88.78805541992188,33.137054443359375,33.85518590998043
23.393,0,-18.926448822021484,2.8164596557617188,86.67601776123047,-77.24430847167969,-88.771728515625,33.14969253540039,-18.926448822021484,2.8164596557617188,86.67601776123047,-77.24430847167969,-88.771728515625,33.14969253540039,33.789954337899545
23.427,0,-18.9173583984375,2.8515052795410156,86.63360595703125,-77.20059204101562,-88.78462219238281,33.19410705566406,-18.9173583984375,2.8515052795410156,86.63360595703125,-77.20059204101562,-88.78462219238281,33.19410705566406,33.52902804957599
23.460,0,-18.734493255615234,2.582866668701172,86.72046661376953,-77.03594970703125,-88.70465087890625,33.027732849121094,-18.734493255615234,2.582866668701172,86.72046661376953,-77.03594970703125,-88.70465087890625,33.027732849121094,33.46379647749511
23.504,0,-18.993743896484375,1.8855934143066406,87.11243438720703,-76.667236328125,-88.78562927246094,33.00552749633789,-18.993743896484375,1.8855934143066406,87.11243438720703,-76.667236328125,-88.78562927246094,33.00552749633789,33.46379647749511
23.531,0,-18.820072174072266,2.604433059692383,86.97564697265625,-77.37313842773438,-88.76296997070312,32.986846923828125,-18.820072174072266,2.604433059692383,86.97564697265625,-77.37313842773438,-88.76296997070312,32.986846923828125,33.46379647749511
23.563,0,-18.83319854736328,2.624197006225586,86.9668197631836,-77.3768310546875,-88.77429962158203,32.9979362487793,-18.83319854736328,2.624197006225586,86.9668197631836,-77.3768310546875,-88.77429962158203,32.9979362487793,33.46379647749511
23.596,0,-18.842666625976562,2.3910255432128906,86.954833984375,-77.06318664550781,-88.78784942626953,33.06338119506836,-18.842666625976562,2.3910255432128906,86.954833984375,-77.06318664550781,-88.78784942626953,33.06338119506836,33.39856490541422
23.631,0,-19.127208709716797,1.783102035522461,87.32953643798828,-76.79821014404297,-88.87213134765625,33.00297164916992,-19.127208709716797,1.783102035522461,87.32953643798828,-76.79821014404297,-88.87213134765625,33.00297164916992,33.268101761252446
23.664,0,-18.911190032958984,2.7049427032470703,87.11824035644531,-77.65052795410156,-88.82697296142578,32.966514587402344,-18.911190032958984,2.7049427032470703,87.11824035644531,-77.65052795410156,-88.82697296142578,32.966514587402344,33.202870189171556
23.696,0,-18.878097534179688,2.555002212524414,87.16342163085938,-77.51861572265625,-88.8265151977539,33.03753662109375,-18.878097534179688,2.555002212524414,87.16342163085938,-77.51861572265625,-88.8265151977539,33.03753662109375,33.202870189171556
23.732,0,-18.75019073486328,2.9595718383789062,87.089599609375,-77.87581634521484,-88.84192657470703,33.34559631347656,-18.75019073486328,2.9595718383789062,87.089599609375,-77.87581634521484,-88.84192657470703,33.34559631347656,33.202870189171556
23.765,0,-18.4940185546875,3.6910781860351562,86.94475555419922,-78.6615982055664,-88.82227325439453,33.318756103515625,-18.4940185546875,3.6910781860351562,86.94475555419922,-78.6615982055664,-88.82227325439453,33.318756103515625,33.202870189171556
23.796,0,-18.433441162109375,3.573484420776367,86.93616485595703,-78.4957275390625,-88.82781219482422,33.279232025146484,-18.433441162109375,3.573484420776367,86.93616485595703,-78.4957275390625,-88.82781219482422,33.279232025146484,33.202870189171556
23.840,0,-18.395496368408203,3.345233917236328,86.97152709960938,-78.26153564453125,-88.84111022949219,33.32844161987305,-18.395496368408203,3.345233917236328,86.97152709960938,-78.26153564453125,-88.84111022949219,33.32844161987305,33.202870189171556
23.868,0,-18.24094009399414,2.7217483520507812,87.28353881835938,-77.86087799072266,-88.8652114868164,33.30260467529297,-18.24094009399414,2.7217483520507812,87.28353881835938,-77.86087799072266,-88.8652114868164,33.30260467529297,33.202870189171556
23.900,0,-18.013530731201172,3.3138160705566406,87.18946838378906,-78.53309631347656,-88.84109497070312,33.2325325012207,-18.013530731201172,3.3138160705566406,87.18946838378906,-78.53309631347656,-88.84109497070312,33.2325325012207,33.202870189171556
23.937,0,-17.922019958496094,3.221851348876953,87.18873596191406,-78.41172790527344,-88.84668731689453,33.2384033203125,-17.922019958496094,3.221851348876953,87.18873596191406,-78.41172790527344,-88.84668731689453,33.2384033203125,33.202870189171556
23.967,0,-17.88031005859375,2.875741958618164,87.23970794677734,-78.0589599609375,-88.86001586914062,33.27719497680664,-17.88031005859375,2.875741958618164,87.23970794677734,-78.0589599609375,-88.86001586914062,33.27719497680664,33.202870189171556
24.000,0,-17.98398208618164,2.7271480560302734,87.39527893066406,-78.05870819091797,-88.92765045166016,33.153926849365234,-17.98398208618164,2.7271480560302734,87.39527893066406,-78.05870819091797,-88.92765045166016,33.153926849365234,33.202870189171556
24.033,0,-17.72588348388672,3.2720375061035156,87.27711486816406,-78.65769958496094,-88.90028381347656,33.119327545166016,-17.72588348388672,3.2720375061035156,87.27711486816406,-78.65769958496094,-88.90028381347656,33.119327545166016,33.202870189171556
24.067,0,-17.635112762451172,3.1055049896240234,87.30187225341797,-78.50617980957031,-88.9150161743164,33.122283935546875,-17.635112762451172,3.1055049896240234,87.30187225341797,-78.50617980957031,-88.9150161743164,33.122283935546875,33.202870189171556
24.109,0,-17.461040496826172,2.6794281005859375,87.37712860107422,-78.14997863769531,-88.9143295288086,33.150238037109375,-17.461040496826172,2.6794281005859375,87.37712860107422,-78.14997863769531,-88.9143295288086,33.150238037109375,33.202870189171556
24.137,0,-17.604782104492188,2.4600048065185547,87.47545623779297,-78.03026580810547,-89.00318908691406,33.090850830078125,-17.604782104492188,2.4600048065185547,87.47545623779297,-78.03026580810547,-89.00318908691406,33.090850830078125,33.202870189171556
24.170,0,-17.62213897705078,2.061857223510742,87.49288940429688,-77.56742858886719,-89.02925109863281,33.06964111328125,-17.62213897705078,2.061857223510742,87.49288940429688,-77.56742858886719,-89.02925109863281,33.06964111328125,33.202870189171556
24.210,0,-17.61157989501953,1.7464141845703125,87.49994659423828,-77.19871520996094,-89.05623626708984,33.192352294921875,-17.61157989501953,1.7464141845703125,87.49994659423828,-77.19871520996094,-89.05623626708984,33.192352294921875,33.202870189171556
24.238,0,-17.697402954101562,0.9135818481445312,87.75906372070312,-76.49348449707031,-89.0320053100586,33.18006134033203,-17.697402954101562,0.9135818481445312,87.75906372070312,-76.49348449707031,-89.0320053100586,33.18006134033203,33.202870189171556
24.272,0,-17.51949691772461,1.6703472137451172,87.53213500976562,-77.19650268554688,-89.04612731933594,33.324806213378906,-17.51949691772461,1.6703472137451172,87.53213500976562,-77.19650268554688,-89.04612731933594,33.324806213378906,33.202870189171556
24.304,0,-17.494308471679688,1.249502182006836,87.55895233154297,-76.69564819335938,-89.06075286865234,33.358768463134766,-17.494308471679688,1.249502182006836,87.55895233154297,-76.69564819335938,-89.06075286865234,33.358768463134766,33.202870189171556
24.338,0,-17.463417053222656,0.8092899322509766,87.58338928222656,-76.20026397705078,-89.08494567871094,33.466224670410156,-17.463417053222656,0.8092899322509766,87.58338928222656,-76.20026397705078,-89.08494567871094,33.466224670410156,33.202870189171556
24.371,0,-17.357261657714844,0.6424617767333984,87.57552337646484,-75.99026489257812,-89.07795715332031,33.341712951660156,-17.357261657714844,0.6424617767333984,87.57552337646484,-75.99026489257812,-89.07795715332031,33.341712951660156,33.202870189171556
24.405,0,-17.164283752441406,1.4149799346923828,87.35966491699219,-76.71379089355469,-89.0914306640625,33.51734924316406,-17.164283752441406,1.4149799346923828,87.35966491699219,-76.71379089355469,-89.0914306640625,33.51734924316406,33.202870189171556
24.438,0,-17.02408218383789,1.2688159942626953,87.25138092041016,-76.40939331054688,-89.10406494140625,33.57273864746094,-17.02408218383789,1.2688159942626953,87.25138092041016,-76.40939331054688,-89.10406494140625,33.57273864746094,33.202870189171556
24.471,0,-16.981277465820312,0.855865478515625,87.2946548461914,-75.93211364746094,-89.12144470214844,33.67180252075195,-16.981277465820312,0.855865478515625,87.2946548461914,-75.93211364746094,-89.12144470214844,33.67180252075195,33.202870189171556
24.504,0,-16.950088500976562,1.0729713439941406,87.18719482421875,-76.07145690917969,-89.12138366699219,33.73796844482422,-16.950088500976562,1.0729713439941406,87.18719482421875,-76.07145690917969,-89.12138366699219,33.73796844482422,33.202870189171556
24.538,0,-16.679058074951172,2.0617141723632812,86.97480010986328,-77.05628967285156,-89.10499572753906,33.88409423828125,-16.679058074951172,2.0617141723632812,86.97480010986328,-77.05628967285156,-89.10499572753906,33.88409423828125,33.13763861709067
24.570,0,-16.645076751708984,1.9807319641113281,86.8670883178711,-76.775146484375,-89.09938049316406,33.970333099365234,-16.645076751708984,1.9807319641113281,86.8670883178711,-76.775146484375,-89.09938049316406,33.970333099365234,33.202870189171556
24.604,0,-16.580482482910156,1.690439224243164,86.83291625976562,-76.35026550292969,-89.12751770019531,34.162574768066406,-16.580482482910156,1.690439224243164,86.83291625976562,-76.35026550292969,-89.12751770019531,34.162574768066406,33.33333333333333
24.637,0,-16.40975570678711,1.7778263092041016,86.6880874633789,-76.34022521972656,-89.10079956054688,34.13264083862305,-16.40975570678711,1.7778263092041016,86.6880874633789,-76.34022521972656,-89.10079956054688,34.13264083862305,33.46379647749511
24.671,0,-16.196643829345703,2.7431793212890625,86.49691009521484,-77.33895874023438,-89.08130645751953,34.21091842651367,-16.196643829345703,2.7431793212890625,86.49691009521484,-77.33895874023438,-89.08130645751953,34.21091842651367,33.59425962165688
24.704,0,-16.126625061035156,2.6987152099609375,86.35081481933594,-77.05680847167969,-89.07537078857422,34.29829406738281,-16.126625061035156,2.6987152099609375,86.35081481933594,-77.05680847167969,-89.07537078857422,34.29829406738281,33.724722765818655
24.737,0,-15.869379997253418,2.6187686920166016,86.220947265625,-76.85720825195312,-89.07267761230469,34.36955642700195,-15.869379997253418,2.6187686920166016,86.220947265625,-76.85720825195312,-89.07267761230469,34.36955642700195,33.724722765818655
24.772,0,-15.882735252380371,2.9229774475097656,86.07366943359375,-77.0411605834961,-89.08578491210938,34.439598083496094,-15.882735252380371,2.9229774475097656,86.07366943359375,-77.0411605834961,-89.08578491210938,34.439598083496094,33.85518590998043
24.803,0,-15.617146492004395,3.754243850708008,85.8166732788086,-77.78321838378906,-89.00364685058594,34.485355377197266,-15.617146492004395,3.754243850708008,85.8166732788086,-77.78321838378906,-89.00364685058594,34.485355377197266,33.85518590998043
24.841,0,-15.518912315368652,3.3322830200195312,85.78572082519531,-77.21900939941406,-88.99954986572266,34.50566101074219,-15.518912315368652,3.3322830200195312,85.78572082519531,-77.21900939941406,-88.99954986572266,34.50566101074219,33.85518590998043
24.874,0,-15.30043888092041,3.3459091186523438,85.5531005859375,-76.96951293945312,-89.02564239501953,34.734012603759766,-15.30043888092041,3.3459091186523438,85.5531005859375,-76.96951293945312,-89.02564239501953,34.734012603759766,34.05088062622309
24.904,0,-15.301188468933105,3.682039260864258,85.42543029785156,-77.20761108398438,-89.037353515625,34.8026123046875,-15.301188468933105,3.682039260864258,85.42543029785156,-77.20761108398438,-89.037353515625,34.8026123046875,34.11611219830398
24.938,0,-15.092228889465332,4.8608245849609375,85.16863250732422,-78.42399597167969,-89.00469207763672,34.97865676879883,-15.092228889465332,4.8608245849609375,85.16863250732422,-78.42399597167969,-89.00469207763672,34.97865676879883,34.11611219830398
