t_s,episode,target.shoulder_pan.pos,target.shoulder_lift.pos,target.elbow_flex.pos,target.wrist_flex.pos,target.wrist_roll.pos,target.gripper.pos,sent.shoulder_pan.pos,sent.shoulder_lift.pos,sent.elbow_flex.pos,sent.wrist_flex.pos,sent.wrist_roll.pos,sent.gripper.pos,gripper_actual
0.219,0,-2.4406538009643555,-101.4335708618164,96.06201934814453,49.797569274902344,-17.423812866210938,0.407562255859375,-2.4406538009643555,-101.4335708618164,96.06201934814453,52.494505494505496,-17.423812866210938,0.407562255859375,2.152641878669276
0.245,0,-2.9319396018981934,-101.56511688232422,96.14437866210938,49.261985778808594,-18.698165893554688,0.3854026794433594,-2.9319396018981934,-101.56511688232422,96.14437866210938,52.494505494505496,-18.698165893554688,0.3854026794433594,2.152641878669276
0.281,0,-2.8421945571899414,-101.49281311035156,96.20700073242188,48.97218322753906,-19.28942108154297,0.4272022247314453,-2.8421945571899414,-101.49281311035156,96.20700073242188,52.23076923076923,-19.28942108154297,0.4272022247314453,2.152641878669276
0.320,0,-2.8879804611206055,-101.51756286621094,96.24118041992188,48.42876434326172,-20.653854370117188,0.4238910675048828,-2.8879804611206055,-101.51756286621094,96.24118041992188,50.38461538461539,-20.653854370117188,0.4238910675048828,1.761252446183953
0.345,0,-2.830183982849121,-101.4401626586914,96.2874755859375,47.421669006347656,-22.465221405029297,0.4352607727050781,-2.830183982849121,-101.4401626586914,96.2874755859375,49.505494505494504,-22.465221405029297,0.4352607727050781,1.4350945857795172
0.379,0,-2.857491970062256,-101.4462890625,96.38185119628906,46.684814453125,-24.5946044921875,0.4276714324951172,-2.857491970062256,-101.4462890625,96.38185119628906,48.45054945054945,-24.296703296703296,0.4276714324951172,1.36986301369863
0.417,0,-2.763585090637207,-101.39683532714844,96.44407653808594,46.093719482421875,-26.339611053466797,0.4320411682128906,-2.763585090637207,-101.39683532714844,96.44407653808594,46.86813186813187,-26.142857142857142,0.4320411682128906,1.36986301369863
0.446,0,-2.6740312576293945,-101.34355926513672,96.4908676147461,45.39393615722656,-28.223106384277344,0.4328498840332031,-2.6740312576293945,-101.34355926513672,96.4908676147461,45.9010989010989,-27.373626373626372,0.4328498840332031,1.36986301369863
0.489,0,-2.6933064460754395,-101.31473541259766,96.53592681884766,44.62709045410156,-30.596492767333984,0.412353515625,-2.6933064460754395,-101.31473541259766,96.53592681884766,44.62709045410156,-29.395604395604394,0.412353515625,1.36986301369863
0.520,0,-2.7815234661102295,-101.33036041259766,96.60826110839844,44.041236877441406,-32.635372161865234,0.40104103088378906,-2.7815234661102295,-101.33036041259766,96.60826110839844,44.041236877441406,-30.714285714285715,0.40104103088378906,1.36986301369863
0.549,0,-2.7925515174865723,-101.3365707397461,96.64403533935547,43.75183868408203,-33.90791320800781,0.3870277404785156,-2.7925515174865723,-101.3365707397461,96.64403533935547,43.75183868408203,-31.857142857142858,0.3870277404785156,1.36986301369863
0.580,0,-2.714320659637451,-101.34323120117188,96.69877624511719,43.115638732910156,-35.941280364990234,0.3660888671875,-2.714320659637451,-101.34323120117188,96.69877624511719,43.115638732910156,-33.527472527472526,0.3660888671875,1.36986301369863
0.615,0,-2.7305257320404053,-101.33888244628906,96.72368621826172,42.53697204589844,-37.72332763671875,0.3493156433105469,-2.7305257320404053,-101.33888244628906,96.72368621826172,42.53697204589844,-35.02197802197802,0.3493156433105469,1.36986301369863
0.658,0,-2.7463979721069336,-101.3580093383789,96.75978088378906,42.06372833251953,-39.42584228515625,0.3333473205566406,-2.7463979721069336,-101.3580093383789,96.75978088378906,42.06372833251953,-37.043956043956044,0.3333473205566406,1.36986301369863
0.689,0,-2.650392532348633,-101.3495864868164,96.78619384765625,41.58960723876953,-41.15541076660156,0.3294677734375,-2.650392532348633,-101.3495864868164,96.78619384765625,41.58960723876953,-38.27472527472528,0.3294677734375,1.36986301369863
0.720,0,-2.5441627502441406,-101.34921264648438,96.80230712890625,41.117584228515625,-42.91249465942383,0.31255531311035156,-2.5441627502441406,-101.34921264648438,96.80230712890625,41.117584228515625,-39.505494505494504,0.31255531311035156,1.36986301369863
0.749,0,-2.4878482818603516,-101.40503692626953,96.81884765625,40.665802001953125,-44.83893966674805,0.2774314880371094,-2.4878482818603516,-101.40503692626953,96.81884765625,40.665802001953125,-41.08791208791209,0.2774314880371094,1.36986301369863
0.788,0,-2.507516622543335,-101.4632568359375,96.82907104492188,40.28614044189453,-46.463863372802734,0.2547187805175781,-2.507516622543335,-101.4632568359375,96.82907104492188,40.28614044189453,-42.84615384615385,0.2547187805175781,1.36986301369863
0.820,0,-2.449462413787842,-101.47770690917969,96.83393859863281,39.923545837402344,-48.09562683105469,0.2466907501220703,-2.449462413787842,-101.47770690917969,96.83393859863281,39.923545837402344,-44.07692307692308,0.2466907501220703,1.36986301369863
0.850,0,-2.3504695892333984,-101.51502990722656,96.82972717285156,39.455162048339844,-49.95779037475586,0.25510215759277344,-2.3504695892333984,-101.51502990722656,96.82972717285156,39.455162048339844,-45.48351648351648,0.25510215759277344,1.304631441617743
0.882,0,-2.3005409240722656,-101.52659606933594,96.82096862792969,38.98784637451172,-51.73821258544922,0.27643585205078125,-2.3005409240722656,-101.52659606933594,96.82096862792969,38.98784637451172,-47.15384615384615,0.27643585205078125,1.304631441617743
0.918,0,-2.300490617752075,-101.5687026977539,96.81594848632812,38.59162139892578,-53.48283386230469,0.2790107727050781,-2.300490617752075,-101.5687026977539,96.81594848632812,38.59162139892578,-48.73626373626374,0.2790107727050781,1.304631441617743
0.950,0,-2.2442569732666016,-101.59162139892578,96.80044555664062,38.20817565917969,-55.053043365478516,0.3299102783203125,-2.2442569732666016,-101.59162139892578,96.80044555664062,38.20817565917969,-50.31868131868132,0.3299102783203125,1.304631441617743
0.988,0,-2.202707052230835,-101.62018585205078,96.77436828613281,37.79112243652344,-56.747474670410156,0.3982524871826172,-2.202707052230835,-101.62018585205078,96.77436828613281,37.79112243652344,-51.989010989010985,0.3982524871826172,1.304631441617743
1.018,0,-2.1494662761688232,-101.65138244628906,96.7525863647461,37.340858459472656,-58.47531509399414,0.4749031066894531,-2.1494662761688232,-101.65138244628906,96.7525863647461,37.340858459472656,-53.395604395604394,0.4749031066894531,1.304631441617743
1.050,0,-2.1456689834594727,-101.7079086303711,96.73565673828125,36.91304016113281,-60.206966400146484,0.5694484710693359,-2.1456689834594727,-101.7079086303711,96.73565673828125,36.91304016113281,-54.8021978021978,0.5694484710693359,1.304631441617743
1.083,0,-2.07664155960083,-101.71758270263672,96.69803619384766,36.41851806640625,-61.99964904785156,0.7320289611816406,-2.07664155960083,-101.71758270263672,96.69803619384766,36.41851806640625,-56.472527472527474,0.7320289611816406,1.304631441617743
1.124,0,-2.0083632469177246,-101.75425720214844,96.66854858398438,35.86341094970703,-63.87217712402344,0.9639644622802734,-2.0083632469177246,-101.75425720214844,96.66854858398438,35.86341094970703,-58.23076923076923,0.9639644622802734,1.304631441617743
1.151,0,-1.9506326913833618,-101.78604888916016,96.62841796875,35.30879211425781,-65.6646499633789,1.2105464935302734,-1.9506326913833618,-101.78604888916016,96.62841796875,35.30879211425781,-59.46153846153846,1.2105464935302734,1.304631441617743
1.184,0,-1.8922677040100098,-101.82554626464844,96.59989166259766,34.77708435058594,-67.46586608886719,1.469125747680664,-1.8922677040100098,-101.82554626464844,96.59989166259766,34.77708435058594,-60.86813186813187,1.469125747680664,1.304631441617743
1.217,0,-1.8210731744766235,-101.84900665283203,96.56730651855469,34.187259674072266,-69.2311782836914,1.844482421875,-1.8210731744766235,-101.84900665283203,96.56730651855469,34.187259674072266,-62.45054945054945,1.844482421875,1.304631441617743
1.250,0,-1.705959677696228,-101.86531066894531,96.52496337890625,33.5519905090332,-71.05277252197266,2.2573375701904297,-1.705959677696228,-101.86531066894531,96.52496337890625,33.5519905090332,-63.94505494505494,2.2573375701904297,1.36986301369863
1.287,0,-1.6058478355407715,-101.87911987304688,96.49412536621094,32.93288803100586,-72.70596313476562,2.695718765258789,-1.6058478355407715,-101.87911987304688,96.49412536621094,32.93288803100586,-65.61538461538461,2.695718765258789,1.4350945857795172
1.317,0,-1.4924654960632324,-101.86738586425781,96.46749877929688,32.38017272949219,-74.25306701660156,3.1311187744140625,-1.4924654960632324,-101.86738586425781,96.46749877929688,32.38017272949219,-67.02197802197801,3.1311187744140625,1.5655577299412915
1.351,0,-1.4236000776290894,-101.85714721679688,96.45332336425781,31.79073715209961,-75.6565170288086,3.6612071990966797,-1.4236000776290894,-101.85714721679688,96.45332336425781,31.79073715209961,-68.42857142857143,3.6612071990966797,1.82648401826484
1.387,0,-1.3238275051116943,-101.84860229492188,96.4400634765625,31.22496795654297,-76.87632751464844,4.229005813598633,-1.3238275051116943,-101.84860229492188,96.4400634765625,31.22496795654297,-70.18681318681318,4.229005813598633,2.217873450750163
1.421,0,-1.2561447620391846,-101.82112121582031,96.43756103515625,30.554237365722656,-78.08979797363281,4.854841232299805,-1.2561447620391846,-101.82112121582031,96.43756103515625,30.554237365722656,-71.68131868131869,4.854841232299805,2.674494455316373
1.452,0,-1.1573984622955322,-101.66854095458984,96.44316864013672,29.8564453125,-79.01457214355469,5.429544448852539,-1.1573984622955322,-101.66854095458984,96.44316864013672,29.8564453125,-73.08791208791209,5.429544448852539,3.131115459882583
1.493,0,-1.1207098960876465,-101.48101043701172,96.44953918457031,29.137969970703125,-79.82723999023438,6.111124038696289,-1.1207098960876465,-101.48101043701172,96.44953918457031,29.137969970703125,-75.1978021978022,6.111124038696289,3.587736464448793
1.521,0,-1.0298690795898438,-101.18830871582031,96.45881652832031,28.356407165527344,-80.51111602783203,6.748424530029297,-1.0298690795898438,-101.18830871582031,96.45881652832031,28.356407165527344,-76.25274725274726,6.748424530029297,4.240052185257665
1.552,0,-0.9452697038650513,-100.76177978515625,96.4652099609375,27.46963882446289,-81.11331939697266,7.43206787109375,-0.9452697038650513,-100.76177978515625,96.4652099609375,27.46963882446289,-77.48351648351648,7.43206787109375,4.761904761904762
1.594,0,-0.872944712638855,-100.18388366699219,96.4925308227539,26.479183197021484,-81.64937591552734,8.134644508361816,-0.872944712638855,-100.18388366699219,96.4925308227539,26.479183197021484,-79.5934065934066,8.134644508361816,5.348988910632746
1.618,0,-0.7970565557479858,-99.51841735839844,96.49943542480469,25.40377426147461,-82.15023040771484,8.855461120605469,-0.7970565557479858,-99.51841735839844,96.49943542480469,25.40377426147461,-80.56043956043956,8.855461120605469,6.001304631441617
1.653,0,-0.7129344940185547,-98.73418426513672,96.49695587158203,24.235923767089844,-82.5677490234375,9.554786682128906,-0.7129344940185547,-98.73418426513672,96.49695587158203,24.235923767089844,-81.87912087912088,9.554786682128906,6.588388780169602
1.690,0,-0.6100946664810181,-97.78954315185547,96.50267028808594,22.880645751953125,-82.96170043945312,10.32895565032959,-0.6100946664810181,-97.78954315185547,96.50267028808594,22.880645751953125,-82.96170043945312,10.32895565032959,7.371167645140248
1.717,0,-0.5192527770996094,-96.61310577392578,96.47738647460938,21.412189483642578,-83.3245849609375,11.10083293914795,-0.5192527770996094,-96.61310577392578,96.47738647460938,21.54945054945055,-83.3245849609375,11.10083293914795,8.023483365949119
1.757,0,-0.45642486214637756,-95.49813079833984,96.47198486328125,19.954387664794922,-83.66278076171875,11.8540620803833,-0.45642486214637756,-95.49813079833984,96.47198486328125,20.054945054945055,-83.66278076171875,11.8540620803833,8.741030658838877
1.788,0,-0.3717747926712036,-94.1098861694336,96.42387390136719,18.303455352783203,-84.02501678466797,12.649059295654297,-0.3717747926712036,-94.1098861694336,96.42387390136719,19.0,-84.02501678466797,12.649059295654297,9.523809523809524
1.819,0,-0.27045363187789917,-92.48565673828125,96.34735107421875,16.400169372558594,-84.3412094116211,13.536027908325195,-0.27045363187789917,-92.48565673828125,96.34735107421875,17.945054945054945,-84.3412094116211,13.536027908325195,10.241356816699282
1.854,0,-0.21223223209381104,-90.94773864746094,96.29898071289062,14.661617279052734,-84.64535522460938,14.348732948303223,-0.21223223209381104,-90.94773864746094,96.29898071289062,16.45054945054945,-84.64535522460938,14.348732948303223,10.95890410958904
1.886,0,-0.13926124572753906,-89.211669921875,96.18391418457031,12.7388916015625,-84.9566650390625,15.261129379272461,-0.13926124572753906,-89.211669921875,96.18391418457031,15.307692307692307,-84.9566650390625,15.261129379272461,11.87214611872146
1.919,0,-0.03016418218612671,-87.42012786865234,96.05939483642578,10.810810089111328,-85.2547378540039,16.113588333129883,-0.03016418218612671,-87.79120879120879,96.05939483642578,14.164835164835164,-85.2547378540039,16.113588333129883,12.589693411611218
1.953,0,0.06049907207489014,-85.32647705078125,95.86418151855469,8.583106994628906,-85.57704162597656,17.122146606445312,0.06049907207489014,-86.2967032967033,95.86418151855469,12.758241758241759,-85.57704162597656,17.122146606445312,13.50293542074364
1.986,0,0.13216733932495117,-83.33164978027344,95.63114929199219,6.536735534667969,-85.86312866210938,18.065231323242188,0.13216733932495117,-84.62637362637362,95.63114929199219,11.615384615384617,-85.86312866210938,18.065231323242188,14.350945857795171
2.020,0,0.18000423908233643,-81.32891082763672,95.40459442138672,4.5413818359375,-86.10960388183594,18.967256546020508,0.18000423908233643,-83.13186813186813,95.40459442138672,10.296703296703297,-86.10960388183594,18.967256546020508,15.264187866927593
2.053,0,0.26527512073516846,-79.25605010986328,95.14299011230469,2.5236339569091797,-86.38265228271484,19.90194320678711,0.2652751207351684,-81.63736263736264,95.14299011230469,8.978021978021978,-86.38265228271484,19.90194320678711,16.17742987606001
2.087,0,0.31267082691192627,-77.04336547851562,94.82750701904297,0.3882274627685547,-86.6256332397461,20.883665084838867,0.3126708269119262,-80.05494505494505,94.82750701904297,7.835164835164836,-86.6256332397461,20.883665084838867,17.025440313111545
2.120,0,0.3849830627441406,-74.95899200439453,94.47723388671875,-1.5570755004882812,-86.84894561767578,21.757841110229492,0.38498306274414057,-78.47252747252747,94.47723388671875,6.428571428571429,-86.84894561767578,21.757841110229492,18.003913894324853
2.157,0,0.39841341972351074,-72.84294891357422,94.12263488769531,-3.474069595336914,-87.05622100830078,22.613880157470703,0.3984134197235107,-76.8021978021978,94.12263488769531,5.1098901098901095,-87.05622100830078,22.613880157470703,18.98238747553816
2.187,0,0.4486199617385864,-70.7795639038086,93.75009155273438,-5.319055557250977,-87.25597381591797,23.452939987182617,0.44861996173858637,-75.3956043956044,93.75009155273438,3.967032967032967,-87.25597381591797,23.452939987182617,19.960861056751465
2.220,0,0.4568740129470825,-68.67896270751953,93.37361907958984,-7.175329208374023,-87.42936706542969,24.288185119628906,0.45687401294708246,-73.9010989010989,93.37361907958984,2.5604395604395602,-87.42936706542969,24.288185119628906,20.743639921722114
2.254,0,0.45768141746520996,-66.6868896484375,92.95389556884766,-8.913740158081055,-87.60492706298828,25.087017059326172,0.4576814174652099,-72.31868131868131,92.95389556884766,1.3296703296703294,-87.60492706298828,25.087017059326172,21.65688193085453
2.287,0,0.4434072971343994,-64.63169860839844,92.50692749023438,-10.638580322265625,-87.7440414428711,25.88121795654297,0.4434072971343994,-70.82417582417582,92.50692749023438,0.18681318681318704,-87.7440414428711,25.88121795654297,22.504892367906066
2.328,0,0.4346036911010742,-62.48686218261719,92.0482406616211,-12.470598220825195,-87.90064239501953,26.627910614013672,0.4346036911010742,-68.8021978021978,92.0482406616211,-1.4835164835164836,-87.90064239501953,26.627910614013672,23.418134377038484
2.354,0,0.3803671598434448,-60.37739562988281,91.56983184814453,-14.213939666748047,-88.0429458618164,27.398887634277344,0.3803671598434448,-67.74725274725274,91.56983184814453,-2.3626373626373627,-88.0429458618164,27.398887634277344,24.200913242009133
2.396,0,0.3128221035003662,-58.364315032958984,91.09088134765625,-15.86056900024414,-88.14335632324219,28.13726043701172,0.3128221035003662,-65.98901098901099,91.09088134765625,-3.9450549450549453,-88.14335632324219,28.13726043701172,24.91846053489889
2.421,0,0.266021728515625,-56.34331130981445,90.564697265625,-17.444915771484375,-88.25137329101562,28.833471298217773,0.266021728515625,-64.75824175824175,90.564697265625,-4.824175824175824,-88.25137329101562,28.833471298217773,25.766470971950422
2.454,0,0.2213599681854248,-54.411964416503906,90.05873107910156,-18.99631118774414,-88.36216735839844,29.474361419677734,0.2213599681854248,-63.43956043956044,90.05873107910156,-5.967032967032967,-88.36216735839844,29.474361419677734,26.48401826484018
2.487,0,0.14044344425201416,-52.39064407348633,89.54742431640625,-20.65159797668457,-88.460205078125,30.221473693847656,0.14044344425201416,-61.769230769230774,89.54742431640625,-7.373626373626374,-88.460205078125,30.221473693847656,27.20156555772994
2.520,0,0.05798029899597168,-50.41449737548828,89.05635833740234,-22.208683013916016,-88.54657745361328,30.868356704711914,0.05798029899597168,-60.27472527472527,89.05635833740234,-8.604395604395604,-88.54657745361328,30.868356704711914,28.049575994781474
2.554,0,-0.025642216205596924,-48.44281005859375,88.52620697021484,-23.764392852783203,-88.5967788696289,31.554729461669922,-0.025642216205596924,-58.78021978021978,88.52620697021484,-9.923076923076923,-88.5967788696289,31.554729461669922,28.701891715590342
2.587,0,-0.10877197980880737,-46.57456970214844,88.05099487304688,-25.26072120666504,-88.65376281738281,32.15210723876953,-0.10877197980880737,-57.10989010989011,88.05099487304688,-11.153846153846153,-88.65376281738281,32.15210723876953,29.419439008480104
2.621,0,-0.21379220485687256,-44.6690673828125,87.52088165283203,-26.787683486938477,-88.7225112915039,32.82400894165039,-0.21379220485687256,-55.527472527472526,87.52088165283203,-12.384615384615385,-88.7225112915039,32.82400894165039,30.136986301369863
2.662,0,-0.34037238359451294,-42.83197784423828,87.05499267578125,-28.269702911376953,-88.77887725830078,33.415557861328125,-0.34037238359451294,-53.59340659340659,87.05499267578125,-14.054945054945055,-88.77887725830078,33.415557861328125,30.78930202217873
2.694,0,-0.44587987661361694,-40.96043395996094,86.51228332519531,-29.72697639465332,-88.80421447753906,34.04325866699219,-0.44587987661361694,-52.18681318681319,86.51228332519531,-15.021978021978022,-88.80421447753906,34.04325866699219,31.441617742987603
2.726,0,-0.5226178169250488,-39.198020935058594,86.04767608642578,-31.153854370117188,-88.83570861816406,34.63002014160156,-0.5226178169250488,-50.86813186813187,86.04767608642578,-16.252747252747255,-88.83570861816406,34.63002014160156,32.02870189171559
2.757,0,-0.6580848693847656,-37.26612854003906,85.53658294677734,-32.72346115112305,-88.88802337646484,35.246219635009766,-0.6580848693847656,-49.1978021978022,85.53658294677734,-17.483516483516482,-88.88802337646484,35.246219635009766,32.68101761252446
2.788,0,-0.7572250962257385,-35.60219192504883,85.09307861328125,-34.07065200805664,-88.91487121582031,35.77313995361328,-0.7572250962257385,-47.7032967032967,85.09307861328125,-18.626373626373628,-88.91487121582031,35.77313995361328,33.268101761252446
2.821,0,-0.9019478559494019,-33.947723388671875,84.59302520751953,-35.357662200927734,-88.95032501220703,36.30913162231445,-0.9019478559494019,-46.120879120879124,84.59302520751953,-19.945054945054945,-88.95032501220703,36.30913162231445,33.85518590998043
2.854,0,-0.9966955184936523,-32.309661865234375,84.15299987792969,-36.6823616027832,-88.97474670410156,36.80734634399414,-0.9966955184936523,-44.45054945054945,84.15299987792969,-21.175824175824175,-88.97474670410156,36.80734634399414,34.5075016307893
2.890,0,-1.0958939790725708,-30.66911506652832,83.68492126464844,-37.98922348022461,-89.00450134277344,37.28132629394531,-1.0958939790725708,-42.78021978021978,83.68492126464844,-22.67032967032967,-89.00450134277344,37.28132629394531,35.09458577951728
2.923,0,-1.2061429023742676,-29.20626449584961,83.25146484375,-39.13587188720703,-89.02086639404297,37.71877670288086,-1.2061429023742676,-41.1978021978022,83.25146484375,-23.813186813186814,-89.02086639404297,37.71877670288086,35.68166992824527
2.956,0,-1.321948528289795,-27.778682708740234,82.81805419921875,-40.260353088378906,-89.03795623779297,38.156524658203125,-1.321948528289795,-39.527472527472526,82.81805419921875,-25.043956043956044,-89.03795623779297,38.156524658203125,36.13829093281148
2.990,0,-1.433081865310669,-26.393985748291016,82.4029769897461,-41.35673522949219,-89.0542984008789,38.54713439941406,-1.433081865310669,-37.857142857142854,82.4029769897461,-26.36263736263736,-89.0542984008789,38.54713439941406,36.66014350945858
3.024,0,-1.5650744438171387,-24.949840545654297,81.93434143066406,-42.46144485473633,-89.06502532958984,38.93186569213867,-1.5650744438171387,-36.18681318681319,81.93434143066406,-27.593406593406595,-89.06502532958984,38.93186569213867,37.11676451402479
3.057,0,-1.675316572189331,-23.65024185180664,81.52271270751953,-43.464500427246094,-89.08528137207031,39.276023864746094,-1.675316572189331,-34.51648351648352,81.52271270751953,-28.912087912087912,-89.08528137207031,39.276023864746094,37.573385518590996
3.091,0,-1.7808806896209717,-22.377805709838867,81.09673309326172,-44.43940734863281,-89.1092529296875,39.59675598144531,-1.7808806896209717,-32.84615384615385,81.09673309326172,-30.142857142857142,-89.1092529296875,39.59675598144531,38.030006523157205
3.124,0,-1.858377456665039,-21.100711822509766,80.68062591552734,-45.43092346191406,-89.10120391845703,39.871131896972656,-1.858377456665039,-31.175824175824175,80.68062591552734,-31.373626373626372,-89.10120391845703,39.871131896972656,38.42139595564253
3.160,0,-1.970583438873291,-19.694730758666992,80.17364501953125,-46.45918273925781,-89.12503814697266,40.172325134277344,-1.970583438873291,-29.32967032967033,80.17364501953125,-32.78021978021978,-89.12503814697266,40.172325134277344,38.81278538812785
3.191,0,-2.0603537559509277,-18.555164337158203,79.77792358398438,-47.31138610839844,-89.14749908447266,40.41559600830078,-2.0603537559509277,-27.835164835164832,79.77792358398438,-34.01098901098901,-89.14749908447266,40.41559600830078,39.204174820613176
3.224,0,-2.1411492824554443,-17.330177307128906,79.31934356689453,-48.189613342285156,-89.15890502929688,40.69899368286133,-2.1411492824554443,-26.252747252747252,79.31934356689453,-35.32967032967033,-89.15890502929688,40.69899368286133,39.46510110893672
3.260,0,-2.216367721557617,-16.113344192504883,78.84349060058594,-49.05091857910156,-89.17276763916016,40.931541442871094,-2.216367721557617,-24.494505494505493,78.84349060058594,-36.824175824175825,-89.17276763916016,40.931541442871094,39.726027397260275
3.292,0,-2.322299003601074,-14.85619068145752,78.34964752197266,-49.945228576660156,-89.19886016845703,41.17287826538086,-2.322299003601074,-22.912087912087912,78.34964752197266,-38.05494505494506,-89.19886016845703,41.17287826538086,40.05218525766471
3.325,0,-2.4016942977905273,-13.666536331176758,77.85908508300781,-50.751678466796875,-89.2229232788086,41.407066345214844,-2.4016942977905273,-21.505494505494507,77.85908508300781,-39.285714285714285,-89.2229232788086,41.407066345214844,40.31311154598826
3.359,0,-2.4452085494995117,-12.475320816040039,77.32498931884766,-51.50983428955078,-89.23576354980469,41.65472412109375,-2.4452085494995117,-19.65934065934066,77.32498931884766,-40.86813186813187,-89.23576354980469,41.65472412109375,40.5740378343118
3.390,0,-2.5084943771362305,-11.26773452758789,76.80492401123047,-52.31918716430664,-89.24864196777344,41.864803314208984,-2.5084943771362305,-18.164835164835164,76.80492401123047,-42.0989010989011,-89.24864196777344,41.864803314208984,40.834964122635355
3.424,0,-2.605163335800171,-10.229053497314453,76.30818176269531,-52.984619140625,-89.2734146118164,42.05809783935547,-2.605163335800171,-16.67032967032967,76.30818176269531,-43.505494505494504,-89.2734146118164,42.05809783935547,41.03065883887801
3.458,0,-2.673755168914795,-9.178840637207031,75.79014587402344,-53.62821960449219,-89.28719329833984,42.259521484375,-2.673755168914795,-14.824175824175825,75.79014587402344,-44.91208791208791,-89.28719329833984,42.259521484375,41.291585127201564
3.490,0,-2.7481439113616943,-8.217409133911133,75.2991943359375,-54.1978759765625,-89.29847717285156,42.46186447143555,-2.7481439113616943,-13.241758241758241,75.2991943359375,-46.23076923076923,-89.29847717285156,42.46186447143555,41.55251141552511
3.524,0,-2.8123598098754883,-7.092090606689453,74.74568176269531,-54.891441345214844,-89.32609558105469,42.652122497558594,-2.8123598098754883,-11.571428571428573,74.74568176269531,-47.637362637362635,-89.32609558105469,42.652122497558594,41.74820613176777
3.557,0,-3.0310354232788086,-6.352542877197266,74.41266632080078,-55.41195297241211,-89.3677749633789,42.831878662109375,-3.0310354232788086,-9.813186813186814,74.41266632080078,-49.043956043956044,-89.3677749633789,42.831878662109375,41.943900848010436
3.591,0,-2.9097557067871094,-5.109718322753906,73.78459930419922,-56.203147888183594,-89.39979553222656,43.027748107910156,-2.9097557067871094,-8.23076923076923,73.78459930419922,-50.45054945054945,-89.39979553222656,43.027748107910156,42.1395955642531
3.625,0,-3.1596364974975586,-4.363142013549805,73.46113586425781,-56.73009490966797,-89.44713592529297,43.25977325439453,-3.1596364974975586,-6.56043956043956,73.46113586425781,-51.94505494505494,-89.44713592529297,43.25977325439453,42.335290280495755
3.658,0,-3.1398167610168457,-3.4101486206054688,72.9327621459961,-57.225250244140625,-89.48924255371094,43.511863708496094,-3.1398167610168457,-4.978021978021978,72.9327621459961,-53.26373626373626,-89.48924255371094,43.511863708496094,42.53098499673842
3.692,0,-3.1043825149536133,-2.769075393676758,72.56778717041016,-57.554046630859375,-89.54026794433594,43.78056716918945,-3.1043825149536133,-3.3076923076923084,72.56778717041016,-54.75824175824176,-89.54026794433594,43.78056716918945,42.72667971298108
3.727,0,-2.9763031005859375,-1.8466815948486328,71.9687728881836,-58.06877136230469,-89.59331512451172,43.883514404296875,-2.9763031005859375,-1.8466815948486328,71.9687728881836,-56.34065934065934,-89.59331512451172,43.883514404296875,42.98760600130463
3.759,0,-3.1941170692443848,-1.2858028411865234,71.69822692871094,-58.45970916748047,-89.64942169189453,44.07946014404297,-3.1941170692443848,-1.2858028411865234,71.69822692871094,-57.747252747252745,-89.64942169189453,44.07946014404297,43.24853228962818
3.792,0,-3.4372401237487793,-0.4438819885253906,71.16349792480469,-58.865516662597656,-89.69799041748047,44.22527313232422,-3.4372401237487793,-0.4438819885253906,71.16349792480469,-58.865516662597656,-89.69799041748047,44.22527313232422,43.37899543378995
3.825,0,-3.3184428215026855,0.06121253967285156,70.66307830810547,-58.977447509765625,-89.73070526123047,44.460914611816406,-3.3184428215026855,0.06121253967285156,70.66307830810547,-58.977447509765625,-89.73070526123047,44.460914611816406,43.509458577951726
3.860,0,-3.1558661460876465,0.8470325469970703,70.06739807128906,-59.339088439941406,-89.76823425292969,44.557621002197266,-3.1558661460876465,0.8470325469970705,70.06739807128906,-59.339088439941406,-89.76823425292969,44.557621002197266,43.70515329419439
3.893,0,-3.3534584045410156,1.5550289154052734,69.6925277709961,-59.8061637878418,-89.81680297851562,44.80432891845703,-3.3534584045410156,1.5550289154052734,69.6925277709961,-59.8061637878418,-89.81680297851562,44.80432891845703,43.966079582517935
3.927,0,-3.573273181915283,2.260232925415039,69.1993179321289,-60.120872497558594,-89.8617172241211,44.909400939941406,-3.573273181915283,2.260232925415039,69.1993179321289,-60.120872497558594,-89.8617172241211,44.909400939941406,44.1617742987606
3.962,0,-3.4250097274780273,2.927713394165039,68.60511016845703,-60.32681655883789,-89.91539001464844,45.215354919433594,-3.4250097274780273,2.927713394165039,68.60511016845703,-60.32681655883789,-89.91539001464844,45.215354919433594,44.29223744292237
3.991,0,-3.212198257446289,3.8673534393310547,67.87459564208984,-60.669395446777344,-89.98318481445312,45.31650161743164,-3.212198257446289,3.8673534393310547,67.87459564208984,-60.669395446777344,-89.98318481445312,45.31650161743164,44.487932159165034
4.030,0,-3.4023380279541016,4.462865829467773,67.5111083984375,-60.95425033569336,-90.02478790283203,45.51575469970703,-3.4023380279541016,4.462865829467773,67.5111083984375,-60.95425033569336,-90.02478790283203,45.51575469970703,44.6836268754077
4.058,0,-3.6011757850646973,4.962381362915039,67.1559829711914,-61.107059478759766,-90.0552749633789,45.59642028808594,-3.6011757850646973,4.962381362915039,67.1559829711914,-61.107059478759766,-90.0552749633789,45.59642028808594,44.87932159165035
4.096,0,-3.4773178100585938,5.313371658325195,66.80790710449219,-61.190223693847656,-90.09073638916016,45.6527214050293,-3.4773178100585938,5.313371658325195,66.80790710449219,-61.190223693847656,-90.09073638916016,45.6527214050293,44.94455316373124
4.127,0,-3.313228130340576,5.844011306762695,66.26033782958984,-61.30148696899414,-90.14273834228516,45.70099639892578,-3.313228130340576,5.844011306762695,66.26033782958984,-61.30148696899414,-90.14273834228516,45.70099639892578,45.140247879973906
4.159,0,-3.485668659210205,6.162633895874023,66.07492065429688,-61.49916076660156,-90.17526245117188,45.76685333251953,-3.485668659210205,6.162633895874023,66.07492065429688,-61.49916076660156,-90.17526245117188,45.76685333251953,45.27071102413568
4.195,0,-3.7060494422912598,6.503084182739258,65.86365509033203,-61.7205810546875,-90.1999740600586,45.80003356933594,-3.7060494422912598,6.503084182739258,65.86365509033203,-61.7205810546875,-90.1999740600586,45.80003356933594,45.33594259621657
4.227,0,-3.718201160430908,6.762357711791992,65.63253784179688,-61.844295501708984,-90.2286376953125,45.86713409423828,-3.718201160430908,6.762357711791992,65.63253784179688,-61.844295501708984,-90.2286376953125,45.86713409423828,45.33594259621657
4.261,0,-3.589785099029541,7.21119499206543,65.12657928466797,-61.968570709228516,-90.25965118408203,45.88262939453125,-3.589785099029541,7.21119499206543,65.12657928466797,-61.968570709228516,-90.25965118408203,45.88262939453125,45.33594259621657
4.295,0,-3.7840147018432617,7.617429733276367,64.822021484375,-62.20407485961914,-90.27075958251953,46.01417922973633,-3.7840147018432617,7.617429733276367,64.822021484375,-62.20407485961914,-90.27075958251953,46.01417922973633,45.33594259621657
4.330,0,-3.810971260070801,7.843149185180664,64.5418701171875,-62.24873352050781,-90.32141876220703,45.97917938232422,-3.810971260070801,7.843149185180664,64.5418701171875,-62.24873352050781,-90.32141876220703,45.97917938232422,45.46640574037834
4.362,0,-3.782425880432129,8.074056625366211,64.32024383544922,-62.36529541015625,-90.33464813232422,46.00178527832031,-3.782425880432129,8.074056625366211,64.32024383544922,-62.36529541015625,-90.33464813232422,46.00178527832031,45.596868884540115
4.397,0,-3.6592659950256348,8.521703720092773,63.850799560546875,-62.51047134399414,-90.35501861572266,46.02410888671875,-3.6592659950256348,8.521703720092773,63.850799560546875,-62.51047134399414,-90.35501861572266,46.02410888671875,45.662100456621005
4.428,0,-3.837268829345703,8.798498153686523,63.68534851074219,-62.74026107788086,-90.40272521972656,46.022743225097656,-3.837268829345703,8.798498153686523,63.68534851074219,-62.74026107788086,-90.40272521972656,46.022743225097656,45.72733202870189
4.465,0,-4.026219367980957,8.931577682495117,63.59864807128906,-62.850189208984375,-90.42237854003906,45.96029281616211,-4.026219367980957,8.931577682495117,63.59864807128906,-62.850189208984375,-90.42237854003906,45.96029281616211,45.72733202870189
4.495,0,-4.020028114318848,9.041921615600586,63.548240661621094,-62.97331619262695,-90.42904663085938,45.91334533691406,-4.020028114318848,9.041921615600586,63.548240661621094,-62.97331619262695,-90.42904663085938,45.91334533691406,45.72733202870189
4.531,0,-3.8933353424072266,9.389429092407227,63.13317108154297,-63.073997497558594,-90.46546936035156,45.87229919433594,-3.8933353424072266,9.389429092407227,63.13317108154297,-63.073997497558594,-90.46546936035156,45.87229919433594,45.72733202870189
4.562,0,-4.147553443908691,9.567789077758789,63.056270599365234,-63.280521392822266,-90.50563049316406,45.87928771972656,-4.147553443908691,9.567789077758789,63.056270599365234,-63.280521392822266,-90.50563049316406,45.87928771972656,45.72733202870189
4.599,0,-4.365840911865234,9.655477523803711,63.031166076660156,-63.409278869628906,-90.55782318115234,45.757835388183594,-4.365840911865234,9.655477523803711,63.031166076660156,-63.409278869628906,-90.55782318115234,45.757835388183594,45.72733202870189
4.629,0,-4.389730930328369,9.740060806274414,63.01254653930664,-63.545494079589844,-90.57140350341797,45.797882080078125,-4.389730930328369,9.740060806274414,63.01254653930664,-63.545494079589844,-90.57140350341797,45.797882080078125,45.72733202870189
4.666,0,-4.344964504241943,9.862382888793945,62.85541534423828,-63.5799446105957,-90.60151672363281,45.688472747802734,-4.344964504241943,9.862382888793945,62.85541534423828,-63.5799446105957,-90.60151672363281,45.688472747802734,45.72733202870189
4.696,0,-4.395876884460449,9.949148178100586,62.8333854675293,-63.742557525634766,-90.67374420166016,45.492061614990234,-4.395876884460449,9.949148178100586,62.8333854675293,-63.742557525634766,-90.67374420166016,45.492061614990234,45.72733202870189
4.733,0,-4.634824752807617,9.949121475219727,62.867530822753906,-63.80878448486328,-90.7187271118164,45.3082389831543,-4.634824752807617,9.949121475219727,62.867530822753906,-63.80878448486328,-90.7187271118164,45.3082389831543,45.72733202870189
4.767,0,-4.639019012451172,9.879598617553711,62.89752960205078,-63.851104736328125,-90.75679779052734,45.19672393798828,-4.639019012451172,9.879598617553711,62.89752960205078,-63.851104736328125,-90.75679779052734,45.19672393798828,45.72733202870189
4.795,0,-4.6185688972473145,9.921125411987305,62.809120178222656,-63.91770553588867,-90.7959213256836,45.03047180175781,-4.6185688972473145,9.921125411987305,62.809120178222656,-63.91770553588867,-90.7959213256836,45.03047180175781,45.72733202870189
4.831,0,-4.607600688934326,10.254880905151367,62.56075668334961,-64.13822937011719,-90.8426284790039,44.87883758544922,-4.607600688934326,10.254880905151367,62.56075668334961,-64.13822937011719,-90.8426284790039,44.87883758544922,45.662100456621005
4.863,0,-4.86674165725708,10.044523239135742,62.78492736816406,-64.1248779296875,-90.8774642944336,44.65995788574219,-4.86674165725708,10.044523239135742,62.78492736816406,-64.1248779296875,-90.8774642944336,44.65995788574219,45.46640574037834
4.897,0,-4.867924213409424,9.639810562133789,62.967689514160156,-63.95259094238281,-90.91246032714844,44.42210388183594,-4.867924213409424,9.639810562133789,62.967689514160156,-63.95259094238281,-90.91246032714844,44.42210388183594,45.33594259621657
4.934,0,-4.812816619873047,9.750093460083008,62.807762145996094,-63.987491607666016,-90.93779754638672,44.29011154174805,-4.812816619873047,9.750093460083008,62.807762145996094,-63.987491607666016,-90.93779754638672,44.29011154174805,45.20547945205479
4.962,0,-4.7921977043151855,10.029195785522461,62.616294860839844,-64.1826400756836,-90.99636840820312,44.09610366821289,-4.7921977043151855,10.029195785522461,62.616294860839844,-64.1826400756836,-90.99636840820312,44.09610366821289,44.94455316373124
4.996,0,-5.108242988586426,9.954568862915039,62.696144104003906,-64.20189666748047,-91.03517150878906,43.903961181640625,-5.108242988586426,9.954568862915039,62.696144104003906,-64.20189666748047,-91.03517150878906,43.903961181640625,44.74885844748858
5.031,0,-5.207617282867432,10.090974807739258,62.63462829589844,-64.28640747070312,-91.09578704833984,43.91429901123047,-5.207617282867432,10.090974807739258,62.63462829589844,-64.28640747070312,-91.09578704833984,43.91429901123047,44.553163731245924
5.064,0,-5.517016887664795,9.934377670288086,62.72359848022461,-64.29745483398438,-91.13760375976562,43.69830322265625,-5.517016887664795,9.934377670288086,62.72359848022461,-64.29745483398438,-91.13760375976562,43.69830322265625,44.422700587084144
5.111,0,-5.348770618438721,10.859792709350586,62.11791229248047,-64.7826156616211,-91.13081359863281,44.02679443359375,-5.348770618438721,10.859792709350586,62.11791229248047,-64.7826156616211,-91.13081359863281,44.02679443359375,44.29223744292237
5.135,0,-5.497363567352295,10.840173721313477,62.04243087768555,-64.73989868164062,-91.16888427734375,43.90077209472656,-5.497363567352295,10.840173721313477,62.04243087768555,-64.73989868164062,-91.16888427734375,43.90077209472656,44.09654272667971
5.170,0,-5.599847316741943,11.311605453491211,61.80674362182617,-65.08757019042969,-91.17279815673828,43.99797821044922,-5.599847316741943,11.311605453491211,61.80674362182617,-65.08757019042969,-91.17279815673828,43.99797821044922,44.031311154598825
5.203,0,-5.432199478149414,11.767122268676758,61.452491760253906,-65.35885620117188,-91.22427368164062,43.881004333496094,-5.432199478149414,11.767122268676758,61.452491760253906,-65.35885620117188,-91.22427368164062,43.881004333496094,44.031311154598825
5.237,0,-5.184473037719727,13.58173942565918,60.49121856689453,-66.45401000976562,-91.22440338134766,44.55801773071289,-5.184473037719727,13.58173942565918,60.49121856689453,-66.45401000976562,-91.22440338134766,44.55801773071289,44.031311154598825
5.269,0,-5.427953720092773,14.099245071411133,60.276710510253906,-66.86873626708984,-91.24408721923828,44.516807556152344,-5.427953720092773,14.099245071411133,60.276710510253906,-66.86873626708984,-91.24408721923828,44.516807556152344,44.031311154598825
5.301,0,-5.247472286224365,14.92085075378418,59.72486114501953,-67.3101806640625,-91.248046875,44.79657745361328,-5.247472286224365,14.92085075378418,59.72486114501953,-67.3101806640625,-91.248046875,44.79657745361328,44.031311154598825
5.337,0,-5.139567852020264,15.300649642944336,59.42414855957031,-67.4933090209961,-91.26114654541016,44.66747283935547,-5.139567852020264,15.300649642944336,59.42414855957031,-67.4933090209961,-91.26114654541016,44.66747283935547,44.09654272667971
5.369,0,-4.87621545791626,16.31511878967285,58.770751953125,-68.05917358398438,-91.24346923828125,44.93718719482422,-4.87621545791626,16.31511878967285,58.770751953125,-68.05917358398438,-91.24346923828125,44.93718719482422,44.29223744292237
5.406,0,-4.884550094604492,16.7194881439209,58.543060302734375,-68.33654022216797,-91.30536651611328,44.71015167236328,-4.884550094604492,16.7194881439209,58.543060302734375,-68.33654022216797,-91.30536651611328,44.71015167236328,44.422700587084144
5.436,0,-5.188235759735107,16.815275192260742,58.52324676513672,-68.44160461425781,-91.35674285888672,44.46806335449219,-5.188235759735107,16.815275192260742,58.52324676513672,-68.44160461425781,-91.35674285888672,44.46806335449219,44.487932159165034
5.471,0,-5.010193824768066,17.105878829956055,58.323421478271484,-68.65299987792969,-91.41175079345703,44.11665725708008,-5.010193824768066,17.105878829956055,58.323421478271484,-68.65299987792969,-91.41175079345703,44.11665725708008,44.61839530332681
5.504,0,-4.738914489746094,17.763540267944336,57.777976989746094,-68.90982818603516,-91.3788070678711,44.23329544067383,-4.738914489746094,17.763540267944336,57.777976989746094,-68.90982818603516,-91.3788070678711,44.23329544067383,44.61839530332681
5.539,0,-5.122302532196045,17.81744956970215,57.8310432434082,-69.03153991699219,-91.41632080078125,43.89563751220703,-5.122302532196045,17.81744956970215,57.8310432434082,-69.03153991699219,-91.41632080078125,43.89563751220703,44.61839530332681
5.572,0,-5.3150739669799805,17.91895866394043,57.87904357910156,-69.2360610961914,-91.47074127197266,43.492759704589844,-5.3150739669799805,17.91895866394043,57.87904357910156,-69.2360610961914,-91.47074127197266,43.492759704589844,44.553163731245924
5.604,0,-5.6057305335998535,18.39543342590332,57.64517593383789,-69.59251403808594,-91.53455352783203,43.277587890625,-5.6057305335998535,18.39543342590332,57.64517593383789,-69.59251403808594,-91.53455352783203,43.277587890625,44.487932159165034
5.638,0,-5.449882507324219,18.603368759155273,57.366329193115234,-69.5656967163086,-91.51752471923828,43.305335998535156,-5.449882507324219,18.603368759155273,57.366329193115234,-69.5656967163086,-91.51752471923828,43.305335998535156,44.1617742987606
5.671,0,-5.8775553703308105,18.59975242614746,57.496490478515625,-69.68626403808594,-91.58963775634766,42.988800048828125,-5.8775553703308105,18.59975242614746,57.496490478515625,-69.68626403808594,-91.58963775634766,42.988800048828125,43.90084801043705
5.705,0,-5.569355010986328,19.75398826599121,56.68326950073242,-70.20968627929688,-91.5409927368164,43.43582534790039,-5.569355010986328,19.75398826599121,56.68326950073242,-70.20968627929688,-91.5409927368164,43.43582534790039,43.77038486627527
5.739,0,-5.221104621887207,20.89798927307129,55.894386291503906,-70.8419189453125,-91.51734924316406,43.9396858215332,-5.221104621887207,20.89798927307129,55.894386291503906,-70.8419189453125,-91.51734924316406,43.9396858215332,43.509458577951726
5.771,0,-5.02426815032959,21.1321964263916,55.61311340332031,-70.86131286621094,-91.4695053100586,43.96983337402344,-5.02426815032959,21.1321964263916,55.61311340332031,-70.86131286621094,-91.4695053100586,43.96983337402344,43.444227005870836
5.805,0,-5.4970703125,21.09122657775879,55.62004852294922,-70.83719635009766,-91.53207397460938,43.779911041259766,-5.4970703125,21.09122657775879,55.62004852294922,-70.83719635009766,-91.53207397460938,43.779911041259766,43.444227005870836
5.837,0,-5.252470016479492,20.920740127563477,55.63792419433594,-70.70591735839844,-91.51588439941406,43.61436462402344,-5.252470016479492,20.920740127563477,55.63792419433594,-70.70591735839844,-91.51588439941406,43.61436462402344,43.6399217221135
5.872,0,-5.1639509201049805,20.72113609313965,55.67741394042969,-70.59709167480469,-91.57505798339844,43.39872741699219,-5.1639509201049805,20.72113609313965,55.67741394042969,-70.59709167480469,-91.57505798339844,43.39872741699219,43.6399217221135
5.907,0,-5.032998085021973,20.93559455871582,55.3726806640625,-70.57713317871094,-91.54197692871094,43.38761901855469,-5.032998085021973,20.93559455871582,55.3726806640625,-70.57713317871094,-91.54197692871094,43.38761901855469,43.6399217221135
5.940,0,-4.9794697761535645,20.70269203186035,55.29736328125,-70.3401870727539,-91.5787353515625,43.19669723510742,-4.9794697761535645,20.70269203186035,55.29736328125,-70.3401870727539,-91.5787353515625,43.19669723510742,43.6399217221135
5.974,0,-4.7906341552734375,20.48887062072754,55.29448699951172,-70.18527221679688,-91.59751892089844,43.101829528808594,-4.7906341552734375,20.48887062072754,55.29448699951172,-70.18527221679688,-91.59751892089844,43.101829528808594,43.6399217221135
6.010,0,-4.7364888191223145,20.13741111755371,55.516014099121094,-70.07418823242188,-91.64856719970703,42.57756805419922,-4.7364888191223145,20.13741111755371,55.516014099121094,-70.07418823242188,-91.64856719970703,42.57756805419922,43.6399217221135
6.037,0,-4.625726699829102,20.185850143432617,55.481712341308594,-70.03072357177734,-91.61740112304688,42.39137649536133,-4.625726699829102,20.185850143432617,55.481712341308594,-70.03072357177734,-91.61740112304688,42.39137649536133,43.574690150032616
6.073,0,-4.494515419006348,20.02253532409668,55.45998001098633,-69.87760925292969,-91.64310455322266,42.094879150390625,-4.494515419006348,20.02253532409668,55.45998001098633,-69.87760925292969,-91.64310455322266,42.094879150390625,43.37899543378995
6.108,0,-4.241611003875732,19.851388931274414,55.52052307128906,-69.78651428222656,-91.66661834716797,41.77234649658203,-4.241611003875732,19.851388931274414,55.52052307128906,-69.78651428222656,-91.66661834716797,41.77234649658203,42.98760600130463
6.141,0,-4.130997180938721,19.861127853393555,55.671875,-69.86891174316406,-91.65340423583984,41.40048599243164,-4.130997180938721,19.861127853393555,55.671875,-69.86891174316406,-91.65340423583984,41.40048599243164,42.72667971298108
6.174,0,-4.328711986541748,20.73029899597168,55.29002380371094,-70.62538146972656,-91.6964111328125,41.351749420166016,-4.328711986541748,20.73029899597168,55.29002380371094,-70.62538146972656,-91.6964111328125,41.351749420166016,42.465753424657535
6.208,0,-4.1705498695373535,20.82391929626465,55.1771240234375,-70.63973999023438,-91.72126007080078,41.05743408203125,-4.1705498695373535,20.82391929626465,55.1771240234375,-70.63973999023438,-91.72126007080078,41.05743408203125,42.1395955642531
6.240,0,-3.9145302772521973,20.84029197692871,55.150978088378906,-70.60459899902344,-91.74191284179688,40.837745666503906,-3.9145302772521973,20.84029197692871,55.150978088378906,-70.60459899902344,-91.74191284179688,40.837745666503906,41.878669275929546
6.275,0,-3.7992758750915527,20.912065505981445,55.18620300292969,-70.63917541503906,-91.72972869873047,40.514427185058594,-3.7992758750915527,20.912065505981445,55.18620300292969,-70.63917541503906,-91.72972869873047,40.514427185058594,41.68297455968688
6.306,0,-3.8021302223205566,20.42009162902832,55.618839263916016,-70.51963806152344,-91.7608413696289,39.89781188964844,-3.8021302223205566,20.42009162902832,55.618839263916016,-70.51963806152344,-91.7608413696289,39.89781188964844,41.42204827136334
6.341,0,-3.685771942138672,20.689420700073242,55.380088806152344,-70.64338684082031,-91.76582336425781,39.795494079589844,-3.685771942138672,20.689420700073242,55.380088806152344,-70.64338684082031,-91.76582336425781,39.795494079589844,41.16112198303979
6.375,0,-3.4388113021850586,20.545480728149414,55.55371856689453,-70.63481140136719,-91.75951385498047,39.52051544189453,-3.4388113021850586,20.545480728149414,55.55371856689453,-70.63481140136719,-91.75951385498047,39.52051544189453,40.834964122635355
6.407,0,-3.317228317260742,20.64824867248535,55.666259765625,-70.77709197998047,-91.71917724609375,39.293766021728516,-3.317228317260742,20.64824867248535,55.666259765625,-70.77709197998047,-91.71917724609375,39.293766021728516,40.44357469015003
6.443,0,-3.286233901977539,20.161054611206055,56.06593322753906,-70.63601684570312,-91.73210144042969,38.74708938598633,-3.286233901977539,20.161054611206055,56.06593322753906,-70.63601684570312,-91.73210144042969,38.74708938598633,40.24787997390737
6.475,0,-3.2291135787963867,19.763105392456055,56.179954528808594,-70.33841705322266,-91.75611877441406,38.41896438598633,-3.2291135787963867,19.763105392456055,56.179954528808594,-70.33841705322266,-91.75611877441406,38.41896438598633,39.92172211350293
6.510,0,-2.970050811767578,19.4278507232666,56.29922866821289,-70.09306335449219,-91.73611450195312,38.28008270263672,-2.970050811767578,19.4278507232666,56.29922866821289,-70.09306335449219,-91.73611450195312,38.28008270263672,39.595564253098495
6.540,0,-2.8279647827148438,19.433839797973633,56.3911018371582,-70.16816711425781,-91.69475555419922,38.10606384277344,-2.8279647827148438,19.433839797973633,56.3911018371582,-70.16816711425781,-91.69475555419922,38.10606384277344,39.204174820613176
6.576,0,-2.816944122314453,18.936792373657227,56.750244140625,-69.88916015625,-91.68460083007812,37.76434326171875,-2.816944122314453,18.936792373657227,56.750244140625,-69.88916015625,-91.68460083007812,37.76434326171875,38.87801696020874
6.625,0,-2.709935188293457,19.436498641967773,56.39384460449219,-70.09550476074219,-91.69029235839844,37.71826171875,-2.709935188293457,19.436498641967773,56.39384460449219,-70.09550476074219,-91.69029235839844,37.71826171875,38.68232224396608
6.650,0,-2.4225475788116455,19.12177085876465,56.479698181152344,-69.82950592041016,-91.6654281616211,37.4733772277832,-2.4225475788116455,19.12177085876465,56.479698181152344,-69.82950592041016,-91.6654281616211,37.4733772277832,38.42139595564253
6.685,0,-2.2854437828063965,19.180463790893555,56.537139892578125,-69.86792755126953,-91.63441467285156,37.28806686401367,-2.2854437828063965,19.180463790893555,56.537139892578125,-69.86792755126953,-91.63441467285156,37.28806686401367,38.22570123939987
6.717,0,-2.6344475746154785,20.336538314819336,56.023353576660156,-70.80464935302734,-91.70420837402344,37.542381286621094,-2.6344475746154785,20.336538314819336,56.023353576660156,-70.80464935302734,-91.70420837402344,37.542381286621094,38.16046966731898
6.751,0,-2.5411603450775146,20.206602096557617,56.03044891357422,-70.638916015625,-91.7148666381836,37.31127166748047,-2.5411603450775146,20.206602096557617,56.03044891357422,-70.638916015625,-91.7148666381836,37.31127166748047,37.89954337899543
6.789,0,-2.303892135620117,19.8869686126709,56.24809265136719,-70.52582550048828,-91.69046783447266,37.11017608642578,-2.303892135620117,19.8869686126709,56.24809265136719,-70.52582550048828,-91.69046783447266,37.11017608642578,37.83431180691454
6.817,0,-2.2009921073913574,19.80019187927246,56.30413055419922,-70.40211486816406,-91.66172790527344,36.966453552246094,-2.2009921073913574,19.80019187927246,56.30413055419922,-70.40211486816406,-91.66172790527344,36.966453552246094,37.83431180691454
6.852,0,-2.1195058822631836,19.97800636291504,56.19395446777344,-70.46150207519531,-91.63482666015625,36.88459777832031,-2.1195058822631836,19.97800636291504,56.19395446777344,-70.46150207519531,-91.63482666015625,36.88459777832031,37.83431180691454
6.888,0,-2.0234291553497314,20.2236385345459,55.98516845703125,-70.4893798828125,-91.64544677734375,36.912132263183594,-2.0234291553497314,20.2236385345459,55.98516845703125,-70.4893798828125,-91.64544677734375,36.912132263183594,37.70384866275277
6.917,0,-1.8240554332733154,19.97477912902832,56.23881912231445,-70.42897033691406,-91.62657928466797,36.7811279296875,-1.8240554332733154,19.97477912902832,56.23881912231445,-70.42897033691406,-91.62657928466797,36.7811279296875,37.508153946510106
6.955,0,-1.7143930196762085,19.85194969177246,56.362518310546875,-70.35565948486328,-91.604736328125,36.79927444458008,-1.7143930196762085,19.85194969177246,56.362518310546875,-70.35565948486328,-91.604736328125,36.79927444458008,37.44292237442922
6.983,0,-1.7093932628631592,20.42348289489746,56.112735748291016,-70.69470977783203,-91.56790161132812,36.98308563232422,-1.7093932628631592,20.42348289489746,56.112735748291016,-70.69470977783203,-91.56790161132812,36.98308563232422,37.44292237442922
7.020,0,-1.6667762994766235,20.61375617980957,56.0103759765625,-70.74937438964844,-91.57649993896484,37.05470657348633,-1.6667762994766235,20.61375617980957,56.0103759765625,-70.74937438964844,-91.57649993896484,37.05470657348633,37.44292237442922
7.052,0,-1.4649357795715332,21.356840133666992,55.697509765625,-71.22389221191406,-91.57911682128906,37.322784423828125,-1.4649357795715332,21.356840133666992,55.697509765625,-71.22389221191406,-91.57911682128906,37.322784423828125,37.44292237442922
7.086,0,-1.4117658138275146,21.317686080932617,55.80824279785156,-71.22281646728516,-91.55327606201172,37.331275939941406,-1.4117658138275146,21.317686080932617,55.80824279785156,-71.22281646728516,-91.55327606201172,37.331275939941406,37.44292237442922
7.118,0,-1.3398196697235107,21.401567459106445,55.81736755371094,-71.14334106445312,-91.55595397949219,37.4404296875,-1.3398196697235107,21.401567459106445,55.81736755371094,-71.14334106445312,-91.55595397949219,37.4404296875,37.44292237442922
7.153,0,-1.3646289110183716,21.2305965423584,55.884098052978516,-70.91537475585938,-91.5665512084961,37.41167449951172,-1.3646289110183716,21.2305965423584,55.884098052978516,-70.91537475585938,-91.5665512084961,37.41167449951172,37.44292237442922
7.187,0,-1.1497761011123657,21.17873191833496,56.004234313964844,-70.86341094970703,-91.55903625488281,37.464210510253906,-1.1497761011123657,21.17873191833496,56.004234313964844,-70.86341094970703,-91.55903625488281,37.464210510253906,37.44292237442922
7.221,0,-1.0832130908966064,21.743196487426758,55.8150634765625,-71.32804870605469,-91.55628967285156,37.522071838378906,-1.0832130908966064,21.743196487426758,55.8150634765625,-71.32804870605469,-91.55628967285156,37.522071838378906,37.44292237442922
7.253,0,-1.1188929080963135,21.516572952270508,55.754249572753906,-70.97367858886719,-91.59291076660156,37.377716064453125,-1.1188929080963135,21.516572952270508,55.754249572753906,-70.97367858886719,-91.59291076660156,37.377716064453125,37.44292237442922
7.287,0,-1.09355628490448,21.452775955200195,55.671669006347656,-70.73963928222656,-91.63385009765625,37.259613037109375,-1.09355628490448,21.452775955200195,55.671669006347656,-70.73963928222656,-91.63385009765625,37.259613037109375,37.44292237442922
7.323,0,-1.0980921983718872,21.50819206237793,55.58200454711914,-70.69587707519531,-91.61841583251953,37.42724609375,-1.0980921983718872,21.50819206237793,55.58200454711914,-70.69587707519531,-91.61841583251953,37.42724609375,37.44292237442922
7.351,0,-0.9980183243751526,22.06537437438965,55.2647705078125,-71.04411315917969,-91.67403411865234,37.480777740478516,-0.9980183243751526,22.06537437438965,55.2647705078125,-71.04411315917969,-91.67403411865234,37.480777740478516,37.44292237442922
7.392,0,-0.934184193611145,22.17009162902832,55.121734619140625,-70.93955993652344,-91.68533325195312,37.46519470214844,-0.934184193611145,22.17009162902832,55.121734619140625,-70.93955993652344,-91.68533325195312,37.46519470214844,37.44292237442922
7.418,0,-0.9069358110427856,22.06245231628418,55.06637954711914,-70.65188598632812,-91.71783447265625,37.39790725708008,-0.9069358110427856,22.06245231628418,55.06637954711914,-70.65188598632812,-91.71783447265625,37.39790725708008,37.44292237442922
7.455,0,-1.0026849508285522,22.21681785583496,54.97260284423828,-70.74176025390625,-91.7423324584961,37.48360061645508,-1.0026849508285522,22.21681785583496,54.97260284423828,-70.74176025390625,-91.7423324584961,37.48360061645508,37.44292237442922
7.486,0,-0.8674101829528809,21.977766036987305,54.83861541748047,-70.29914093017578,-91.75569152832031,37.537628173828125,-0.8674101829528809,21.977766036987305,54.83861541748047,-70.29914093017578,-91.75569152832031,37.537628173828125,37.44292237442922
7.522,0,-0.7099303007125854,21.852041244506836,54.757118225097656,-70.07001495361328,-91.77458953857422,37.54081344604492,-0.7099303007125854,21.852041244506836,54.757118225097656,-70.07001495361328,-91.77458953857422,37.54081344604492,37.44292237442922
7.558,0,-0.857714831829071,21.74367332458496,54.814414978027344,-69.94235229492188,-91.78167724609375,37.471923828125,-0.857714831829071,21.74367332458496,54.814414978027344,-69.94235229492188,-91.78167724609375,37.471923828125,37.44292237442922
7.585,0,-0.7441574931144714,22.25190544128418,54.50726318359375,-70.1434555053711,-91.80362701416016,37.4444465637207,-0.7441574931144714,22.25190544128418,54.50726318359375,-70.1434555053711,-91.80362701416016,37.4444465637207,37.44292237442922
7.625,0,-0.6522889137268066,22.561620712280273,54.30376434326172,-70.25534057617188,-91.8216552734375,37.39126968383789,-0.6522889137268066,22.561620712280273,54.30376434326172,-70.25534057617188,-91.8216552734375,37.39126968383789,37.44292237442922
7.652,0,-0.6476202607154846,22.645849227905273,54.20232009887695,-70.21658325195312,-91.81124114990234,37.23467254638672,-0.6476202607154846,22.645849227905273,54.20232009887695,-70.21658325195312,-91.81124114990234,37.23467254638672,37.44292237442922
7.693,0,-0.6677529215812683,22.555097579956055,54.15198516845703,-70.01123046875,-91.84227752685547,37.15214538574219,-0.6677529215812683,22.555097579956055,54.15198516845703,-70.01123046875,-91.84227752685547,37.15214538574219,37.44292237442922
7.719,0,-0.7299940586090088,22.58448600769043,54.05400848388672,-69.8766098022461,-91.87954711914062,37.123775482177734,-0.7299940586090088,22.58448600769043,54.05400848388672,-69.8766098022461,-91.87954711914062,37.123775482177734,37.44292237442922
7.756,0,-0.8513893485069275,22.545286178588867,53.94627380371094,-69.74375915527344,-91.8829345703125,37.02460479736328,-0.8513893485069275,22.545286178588867,53.94627380371094,-69.74375915527344,-91.8829345703125,37.02460479736328,37.44292237442922
7.790,0,-0.8655133843421936,22.277921676635742,53.98310852050781,-69.43330383300781,-91.89250183105469,36.89189147949219,-0.8655133843421936,22.277921676635742,53.98310852050781,-69.43330383300781,-91.89250183105469,36.89189147949219,37.44292237442922
7.825,0,-0.8721609711647034,22.154848098754883,54.10786437988281,-69.37857055664062,-91.90054321289062,36.79829406738281,-0.8721609711647034,22.154848098754883,54.10786437988281,-69.37857055664062,-91.90054321289062,36.79829406738281,37.44292237442922
7.853,0,-0.8275095820426941,22.14337730407715,54.03427505493164,-69.25630187988281,-91.90290832519531,36.74108123779297,-0.8275095820426941,22.14337730407715,54.03427505493164,-69.25630187988281,-91.90290832519531,36.74108123779297,37.44292237442922
7.889,0,-0.9627269506454468,21.981916427612305,54.132354736328125,-69.12399291992188,-91.85326385498047,36.61138153076172,-0.9627269506454468,21.981916427612305,54.132354736328125,-69.12399291992188,-91.85326385498047,36.61138153076172,37.44292237442922
7.931,0,-1.0900300741195679,21.8875675201416,54.17890930175781,-68.98765563964844,-91.8209228515625,36.39885330200195,-1.0900300741195679,21.8875675201416,54.17890930175781,-68.98765563964844,-91.8209228515625,36.39885330200195,37.44292237442922
7.956,0,-1.1282765865325928,21.821306228637695,54.1229362487793,-68.82793426513672,-91.839599609375,36.15360641479492,-1.1282765865325928,21.821306228637695,54.1229362487793,-68.82793426513672,-91.839599609375,36.15360641479492,37.37769080234833
7.993,0,-0.9837968349456787,21.717432022094727,54.05506134033203,-68.61262512207031,-91.8636245727539,35.96458053588867,-0.9837968349456787,21.717432022094727,54.05506134033203,-68.61262512207031,-91.8636245727539,35.96458053588867,37.18199608610567
8.022,0,-1.1672394275665283,21.53331184387207,54.08888626098633,-68.35401916503906,-91.83876037597656,35.76264953613281,-1.1672394275665283,21.53331184387207,54.08888626098633,-68.35401916503906,-91.83876037597656,35.76264953613281,36.921069797782124
8.062,0,-1.2736297845840454,21.392881393432617,54.103736877441406,-68.18009185791016,-91.7742691040039,35.57405090332031,-1.2736297845840454,21.392881393432617,54.103736877441406,-68.18009185791016,-91.7742691040039,35.57405090332031,36.66014350945858
8.089,0,-1.3823257684707642,21.175962448120117,54.190704345703125,-67.94862365722656,-91.79341888427734,35.32139587402344,-1.3823257684707642,21.175962448120117,54.190704345703125,-67.94862365722656,-91.79341888427734,35.32139587402344,36.5296803652968
8.127,0,-1.1724400520324707,21.345258712768555,54.00347137451172,-68.00004577636719,-91.8733139038086,35.09626770019531,-1.1724400520324707,21.345258712768555,54.00347137451172,-68.00004577636719,-91.8733139038086,35.09626770019531,36.33398564905414
8.157,0,-1.1297433376312256,21.303518295288086,54.02763366699219,-67.91079711914062,-91.91022491455078,34.8922004699707,-1.1297433376312256,21.303518295288086,54.02763366699219,-67.91079711914062,-91.91022491455078,34.8922004699707,36.13829093281148
8.192,0,-1.1712281703948975,21.421403884887695,53.95697784423828,-67.93568420410156,-91.85887908935547,34.83290100097656,-1.1712281703948975,21.421403884887695,53.95697784423828,-67.93568420410156,-91.85887908935547,34.83290100097656,35.87736464448793
8.224,0,-1.243868350982666,21.27250099182129,54.073570251464844,-67.83700561523438,-91.88150024414062,34.53516387939453,-1.243868350982666,21.27250099182129,54.073570251464844,-67.83700561523438,-91.88150024414062,34.53516387939453,35.68166992824527
8.259,0,-1.496099591255188,22.052534103393555,53.84032440185547,-68.56438446044922,-91.9002456665039,34.67278289794922,-1.496099591255188,22.052534103393555,53.84032440185547,-68.56438446044922,-91.9002456665039,34.67278289794922,35.5512067840835
8.293,0,-1.3341196775436401,21.880342483520508,53.940216064453125,-68.43366241455078,-91.90242767333984,34.44430160522461,-1.3341196775436401,21.880342483520508,53.940216064453125,-68.43366241455078,-91.90242767333984,34.44430160522461,35.42074363992172
8.325,0,-1.3740134239196777,21.7570743560791,53.96672058105469,-68.29032897949219,-91.88253784179688,34.28879165649414,-1.3740134239196777,21.7570743560791,53.96672058105469,-68.29032897949219,-91.88253784179688,34.28879165649414,35.290280495759944
8.357,0,-1.4954473972320557,21.771284103393555,53.915164947509766,-68.25678253173828,-91.84940338134766,34.15201950073242,-1.4954473972320557,21.771284103393555,53.915164947509766,-68.25678253173828,-91.84940338134766,34.15201950073242,35.22504892367906
8.394,0,-1.608834981918335,21.488161087036133,54.25189208984375,-68.23672485351562,-91.87570190429688,34.002593994140625,-1.608834981918335,21.488161087036133,54.25189208984375,-68.23672485351562,-91.87570190429688,34.002593994140625,35.09458577951728
8.425,0,-1.4636427164077759,21.36332893371582,54.29106140136719,-68.10465240478516,-91.91500091552734,33.83860397338867,-1.4636427164077759,21.36332893371582,54.29106140136719,-68.10465240478516,-91.91500091552734,33.83860397338867,34.96412263535551
8.460,0,-1.4500385522842407,21.16050910949707,54.385101318359375,-67.9205322265625,-91.89794921875,33.72959518432617,-1.4500385522842407,21.16050910949707,54.385101318359375,-67.9205322265625,-91.89794921875,33.72959518432617,34.833659491193735
8.494,0,-1.5312073230743408,21.2493839263916,54.51049041748047,-68.16374206542969,-91.83275604248047,33.57126998901367,-1.5312073230743408,21.2493839263916,54.51049041748047,-68.16374206542969,-91.83275604248047,33.57126998901367,34.768427919112845
8.525,0,-1.3362878561019897,20.94828987121582,54.67628479003906,-68.00759887695312,-91.880126953125,33.39561080932617,-1.3362878561019897,20.94828987121582,54.67628479003906,-68.00759887695312,-91.880126953125,33.39561080932617,34.57273320287019
8.562,0,-1.1866090297698975,20.72405433654785,54.892330169677734,-67.99195098876953,-91.8762435913086,33.242034912109375,-1.1866090297698975,20.72405433654785,54.892330169677734,-67.99195098876953,-91.8762435913086,33.242034912109375,34.37703848662753
8.593,0,-1.1536142826080322,20.48444175720215,55.04886245727539,-67.86122131347656,-91.83050537109375,33.087005615234375,-1.1536142826080322,20.48444175720215,55.04886245727539,-67.86122131347656,-91.83050537109375,33.087005615234375,34.24657534246575
8.632,0,-1.2853267192840576,20.314054489135742,55.25452423095703,-67.85317993164062,-91.79728698730469,32.90424346923828,-1.2853267192840576,20.314054489135742,55.25452423095703,-67.85317993164062,-91.79728698730469,32.90424346923828,34.11611219830398
8.658,0,-1.1480672359466553,20.4210147857666,55.389610290527344,-68.19648742675781,-91.86404418945312,32.883487701416016,-1.1480672359466553,20.4210147857666,55.389610290527344,-68.19648742675781,-91.86404418945312,32.883487701416016,33.9856490541422
8.697,0,-1.1535439491271973,20.324708938598633,55.38089370727539,-68.14042663574219,-91.81745910644531,32.768226623535156,-1.1535439491271973,20.324708938598633,55.38089370727539,-68.14042663574219,-91.81745910644531,32.768226623535156,33.789954337899545
8.725,0,-1.0978546142578125,20.006364822387695,55.723384857177734,-68.09906768798828,-91.85687255859375,32.439979553222656,-1.0978546142578125,20.006364822387695,55.723384857177734,-68.09906768798828,-91.85687255859375,32.439979553222656,33.659491193737765
8.759,0,-1.1601488590240479,19.593889236450195,56.10833740234375,-68.01220703125,-91.85198211669922,32.24453353881836,-1.1601488590240479,19.593889236450195,56.10833740234375,-68.01220703125,-91.85198211669922,32.24453353881836,33.659491193737765
8.792,0,-1.2419118881225586,19.92661476135254,56.21537780761719,-68.57315826416016,-91.78646087646484,32.366004943847656,-1.2419118881225586,19.92661476135254,56.21537780761719,-68.57315826416016,-91.78646087646484,32.366004943847656,33.52902804957599
8.827,0,-1.306586742401123,19.49415397644043,56.58805847167969,-68.40612030029297,-91.76297760009766,32.13703536987305,-1.306586742401123,19.49415397644043,56.58805847167969,-68.40612030029297,-91.76297760009766,32.13703536987305,33.268101761252446
8.861,0,-1.205191731452942,19.07077980041504,56.938507080078125,-68.30807495117188,-91.76481628417969,31.855518341064453,-1.205191731452942,19.07077980041504,56.938507080078125,-68.30807495117188,-91.76481628417969,31.855518341064453,33.202870189171556
8.892,0,-1.2534946203231812,18.715898513793945,57.27342224121094,-68.22178649902344,-91.76547241210938,31.648521423339844,-1.2534946203231812,18.715898513793945,57.27342224121094,-68.22178649902344,-91.76547241210938,31.648521423339844,33.07240704500978
8.930,0,-1.22260320186615,18.42186164855957,57.59676742553711,-68.17788696289062,-91.76266479492188,31.596431732177734,-1.22260320186615,18.42186164855957,57.59676742553711,-68.17788696289062,-91.76266479492188,31.596431732177734,32.81148075668624
8.965,0,-1.1772953271865845,17.885282516479492,58.09331512451172,-68.08174133300781,-91.76741027832031,31.371654510498047,-1.1772953271865845,17.885282516479492,58.09331512451172,-68.08174133300781,-91.76741027832031,31.371654510498047,32.550554468362684
8.993,0,-1.1714198589324951,17.318815231323242,58.436336517333984,-67.82098388671875,-91.76531219482422,31.130189895629883,-1.1714198589324951,17.318815231323242,58.436336517333984,-67.82098388671875,-91.76531219482422,31.130189895629883,32.4853228962818
9.038,0,-1.2790563106536865,16.88115882873535,58.750946044921875,-67.62876892089844,-91.74870300292969,30.8818359375,-1.2790563106536865,16.88115882873535,58.750946044921875,-67.62876892089844,-91.74870300292969,30.8818359375,32.42009132420091
9.067,0,-1.161207914352417,16.659460067749023,58.96992111206055,-67.56147766113281,-91.74427795410156,30.828052520751953,-1.161207914352417,16.659460067749023,58.96992111206055,-67.56147766113281,-91.74427795410156,30.828052520751953,32.093933463796475
9.095,0,-1.1411395072937012,16.100980758666992,59.248191833496094,-67.22544860839844,-91.75659942626953,30.5256404876709,-1.1411395072937012,16.100980758666992,59.248191833496094,-67.22544860839844,-91.75659942626953,30.5256404876709,31.963470319634702
9.130,0,-1.0942387580871582,15.518129348754883,59.57759094238281,-66.90680694580078,-91.73736572265625,30.28960418701172,-1.0942387580871582,15.518129348754883,59.57759094238281,-66.90680694580078,-91.73736572265625,30.28960418701172,31.76777560339204
9.166,0,-1.0389240980148315,16.76690101623535,58.901268005371094,-67.78402709960938,-91.6954116821289,30.625869750976562,-1.0389240980148315,16.76690101623535,58.901268005371094,-67.78402709960938,-91.6954116821289,30.625869750976562,31.57208088714938
9.197,0,-0.9104581475257874,16.370744705200195,59.267051696777344,-67.69361877441406,-91.71974182128906,30.446672439575195,-0.9104581475257874,16.370744705200195,59.267051696777344,-67.69361877441406,-91.71974182128906,30.446672439575195,31.31115459882583
9.238,0,-0.7590389847755432,17.422758102416992,58.693214416503906,-68.45845031738281,-91.65164184570312,30.699581146240234,-0.7590389847755432,17.422758102416992,58.693214416503906,-68.45845031738281,-91.65164184570312,30.699581146240234,31.180691454664057
9.264,0,-0.7412707805633545,17.305715560913086,58.73802185058594,-68.38142395019531,-91.59500122070312,30.662887573242188,-0.7412707805633545,17.305715560913086,58.73802185058594,-68.38142395019531,-91.59500122070312,30.662887573242188,31.180691454664057
9.302,0,-0.7830965518951416,18.572797775268555,58.14482116699219,-69.31548309326172,-91.53701782226562,30.992673873901367,-0.7830965518951416,18.572797775268555,58.14482116699219,-69.31548309326172,-91.53701782226562,30.992673873901367,31.180691454664057
9.329,0,-0.6723381280899048,20.335851669311523,57.268367767333984,-70.54548645019531,-91.496337890625,31.487411499023438,-0.6723381280899048,20.335851669311523,57.268367767333984,-70.54548645019531,-91.496337890625,31.487411499023438,31.180691454664057
9.378,0,-0.5629395246505737,19.932458877563477,57.59772491455078,-70.42509460449219,-91.50695037841797,31.232074737548828,-0.5629395246505737,19.932458877563477,57.59772491455078,-70.42509460449219,-91.50695037841797,31.232074737548828,31.180691454664057
9.402,0,-0.3715956211090088,19.496004104614258,57.683692932128906,-70.0934829711914,-91.49681091308594,31.21323013305664,-0.3715956211090088,19.496004104614258,57.683692932128906,-70.0934829711914,-91.49681091308594,31.21323013305664,31.245923026744943
9.444,0,-0.38806581497192383,18.976438522338867,57.99049377441406,-69.73323822021484,-91.51908874511719,30.95146369934082,-0.38806581497192383,18.976438522338867,57.99049377441406,-69.73323822021484,-91.51908874511719,30.95146369934082,31.245923026744943
9.467,0,-0.5643478631973267,20.17402458190918,57.57400894165039,-70.83027648925781,-91.50000762939453,31.238773345947266,-0.5643478631973267,20.17402458190918,57.57400894165039,-70.83027648925781,-91.50000762939453,31.238773345947266,31.245923026744943
9.502,0,-0.462581604719162,19.676801681518555,57.91343688964844,-70.61644744873047,-91.51741027832031,30.9527587890625,-0.462581604719162,19.676801681518555,57.91343688964844,-70.61644744873047,-91.51741027832031,30.9527587890625,31.245923026744943
9.540,0,-0.28933942317962646,19.126508712768555,58.15106201171875,-70.27538299560547,-91.51777648925781,30.832035064697266,-0.28933942317962646,19.126508712768555,58.15106201171875,-70.27538299560547,-91.51777648925781,30.832035064697266,31.31115459882583
9.577,0,-0.3413292169570923,18.838850021362305,58.228816986083984,-70.01760864257812,-91.53001403808594,30.692569732666016,-0.3413292169570923,18.838850021362305,58.228816986083984,-70.01760864257812,-91.53001403808594,30.692569732666016,31.31115459882583
9.604,0,-0.6104981899261475,19.789369583129883,57.9305305480957,-70.92500305175781,-91.5248794555664,30.938762664794922,-0.6104981899261475,19.789369583129883,57.9305305480957,-70.92500305175781,-91.5248794555664,30.938762664794922,31.31115459882583
9.641,0,-0.5003502368927002,20.501283645629883,57.581748962402344,-71.48149108886719,-91.47624206542969,31.097305297851562,-0.5003502368927002,20.501283645629883,57.581748962402344,-71.48149108886719,-91.47624206542969,31.097305297851562,31.31115459882583
9.674,0,-0.3245055675506592,19.90117073059082,57.81766891479492,-71.09424591064453,-91.48674774169922,30.9367618560791,-0.3245055675506592,19.90117073059082,57.81766891479492,-71.09424591064453,-91.48674774169922,30.9367618560791,31.31115459882583
9.703,0,-0.3888666331768036,19.69340705871582,57.81692123413086,-70.85690307617188,-91.47761535644531,30.88712501525879,-0.3888666331768036,19.69340705871582,57.81692123413086,-70.85690307617188,-91.47761535644531,30.88712501525879,31.31115459882583
9.740,0,-0.5953282713890076,20.879823684692383,57.39537811279297,-71.8553466796875,-91.44440460205078,31.168262481689453,-0.5953282713890076,20.879823684692383,57.39537811279297,-71.8553466796875,-91.44440460205078,31.168262481689453,31.31115459882583
9.770,0,-0.49526143074035645,20.536569595336914,57.635520935058594,-71.72445678710938,-91.4521484375,31.005460739135742,-0.49526143074035645,20.536569595336914,57.635520935058594,-71.72445678710938,-91.4521484375,31.005460739135742,31.31115459882583
9.805,0,-0.2776191830635071,19.832857131958008,57.82813262939453,-71.2034683227539,-91.47299194335938,30.792495727539062,-0.2776191830635071,19.832857131958008,57.82813262939453,-71.2034683227539,-91.47299194335938,30.792495727539062,31.31115459882583
9.840,0,-0.30996888875961304,19.383142471313477,58.04804229736328,-70.89832305908203,-91.46648406982422,30.593822479248047,-0.30996888875961304,19.383142471313477,58.04804229736328,-70.89832305908203,-91.46648406982422,30.593822479248047,31.31115459882583
9.875,0,-0.2950112223625183,18.838972091674805,58.358062744140625,-70.59642791748047,-91.53718566894531,30.499094009399414,-0.2950112223625183,18.838972091674805,58.358062744140625,-70.59642791748047,-91.53718566894531,30.499094009399414,31.31115459882583
9.905,0,-0.2209385633468628,19.06623649597168,58.218753814697266,-70.7884521484375,-91.48804473876953,30.53122329711914,-0.2209385633468628,19.06623649597168,58.218753814697266,-70.7884521484375,-91.48804473876953,30.53122329711914,31.31115459882583
9.940,0,-0.07684379816055298,18.26655387878418,58.70075988769531,-70.43446350097656,-91.495849609375,30.241622924804688,-0.07684379816055298,18.26655387878418,58.70075988769531,-70.43446350097656,-91.495849609375,30.241622924804688,31.31115459882583
9.972,0,-0.02900528907775879,17.72001838684082,59.00253677368164,-70.14588928222656,-91.54618072509766,29.90482521057129,-0.02900528907775879,17.72001838684082,59.00253677368164,-70.14588928222656,-91.54618072509766,29.90482521057129,31.31115459882583
10.007,0,-0.08812004327774048,18.004037857055664,58.918006896972656,-70.34037780761719,-91.57816314697266,29.956619262695312,-0.08812004327774048,18.004037857055664,58.918006896972656,-70.34037780761719,-91.57816314697266,29.956619262695312,31.31115459882583
10.038,0,0.009568333625793457,18.30717658996582,58.68083190917969,-70.49592590332031,-91.5445785522461,29.94031524658203,0.009568333625793457,18.30717658996582,58.68083190917969,-70.49592590332031,-91.5445785522461,29.94031524658203,30.984996738421394
10.076,0,0.20950353145599365,17.59148597717285,58.97195053100586,-70.01579284667969,-91.53423309326172,29.67896270751953,0.20950353145599365,17.59148597717285,58.97195053100586,-70.01579284667969,-91.53423309326172,29.67896270751953,30.78930202217873
10.105,0,0.24020063877105713,17.07581901550293,59.27245330810547,-69.73503875732422,-91.57022094726562,29.39484405517578,0.24020063877105713,17.07581901550293,59.27245330810547,-69.73503875732422,-91.57022094726562,29.39484405517578,30.78930202217873
10.141,0,0.2609891891479492,16.683088302612305,59.6375732421875,-69.60311889648438,-91.62007904052734,29.250961303710938,0.2609891891479492,16.683088302612305,59.6375732421875,-69.60311889648438,-91.62007904052734,29.250961303710938,30.59360730593607
10.172,0,0.3319218158721924,16.568044662475586,59.65996551513672,-69.5209732055664,-91.59724426269531,29.175495147705078,0.3319218158721924,16.568044662475586,59.65996551513672,-69.5209732055664,-91.59724426269531,29.175495147705078,30.39791258969341
10.209,0,0.4249248504638672,16.26704216003418,59.70579147338867,-69.1658935546875,-91.53307342529297,29.140052795410156,0.4249248504638672,16.26704216003418,59.70579147338867,-69.1658935546875,-91.53307342529297,29.140052795410156,30.20221787345075
10.240,0,0.4852379560470581,15.61665153503418,60.091312408447266,-68.80232238769531,-91.54985809326172,28.842727661132812,0.48523795604705816,15.61665153503418,60.091312408447266,-68.80232238769531,-91.54985809326172,28.842727661132812,30.136986301369863
10.274,0,0.5040358304977417,15.395463943481445,60.33076477050781,-68.74636840820312,-91.58293151855469,28.777938842773438,0.5040358304977417,15.395463943481445,60.33076477050781,-68.74636840820312,-91.58293151855469,28.777938842773438,30.006523157208086
10.307,0,0.5188957452774048,15.547613143920898,60.19971466064453,-68.84140014648438,-91.55293273925781,28.853328704833984,0.5188957452774048,15.547613143920898,60.19971466064453,-68.84140014648438,-91.55293273925781,28.853328704833984,29.810828440965427
10.338,0,0.5900475978851318,15.197309494018555,60.224449157714844,-68.43721771240234,-91.48963928222656,28.8216552734375,0.5900475978851318,15.197309494018555,60.224449157714844,-68.43721771240234,-91.48963928222656,28.8216552734375,29.68036529680365
10.374,0,0.6244944334030151,14.61546516418457,60.55101776123047,-68.07710266113281,-91.51848602294922,28.5830078125,0.6244944334030151,14.61546516418457,60.55101776123047,-68.07710266113281,-91.51848602294922,28.5830078125,29.68036529680365
10.409,0,0.66949462890625,14.069894790649414,60.889530181884766,-67.79327392578125,-91.56217193603516,28.529205322265625,0.66949462890625,14.069894790649414,60.889530181884766,-67.79327392578125,-91.56217193603516,28.529205322265625,29.68036529680365
10.440,0,0.7290936708450317,14.127901077270508,60.84482192993164,-67.85697937011719,-91.52664184570312,28.524580001831055,0.7290936708450317,14.127901077270508,60.84482192993164,-67.85697937011719,-91.52664184570312,28.524580001831055,29.615133724722764
10.476,0,0.8410227298736572,13.670770645141602,61.0540885925293,-67.48966979980469,-91.48448181152344,28.450653076171875,0.8410227298736572,13.670770645141602,61.0540885925293,-67.48966979980469,-91.48448181152344,28.450653076171875,29.419439008480104
10.508,0,0.8971118927001953,13.274702072143555,61.268104553222656,-67.25172424316406,-91.5116195678711,28.18087387084961,0.8971118927001953,13.274702072143555,61.268104553222656,-67.25172424316406,-91.5116195678711,28.18087387084961,29.419439008480104
10.541,0,0.9656640291213989,12.571271896362305,61.65983581542969,-66.85798645019531,-91.56510925292969,28.044090270996094,0.965664029121399,12.571271896362305,61.65983581542969,-66.85798645019531,-91.56510925292969,28.044090270996094,29.419439008480104
10.578,0,1.0650689601898193,12.053716659545898,61.879783630371094,-66.58084106445312,-91.54301452636719,27.88001251220703,1.0650689601898193,12.053716659545898,61.879783630371094,-66.58084106445312,-91.54301452636719,27.88001251220703,29.354207436399214
10.607,0,1.218741774559021,11.015146255493164,62.31589889526367,-65.89706420898438,-91.54740142822266,27.62820816040039,1.218741774559021,11.219780219780219,62.31589889526367,-65.89706420898438,-91.54740142822266,27.62820816040039,29.09328114807567
10.641,0,1.3100534677505493,10.499078750610352,62.64252471923828,-65.69497680664062,-91.56111145019531,27.419424057006836,1.3100534677505493,10.692307692307692,62.64252471923828,-65.69497680664062,-91.56111145019531,27.419424057006836,28.897586431833005
10.675,0,1.3310776948928833,10.413137435913086,62.76285171508789,-65.71615600585938,-91.58824920654297,27.406539916992188,1.3310776948928833,10.413137435913086,62.76285171508789,-65.71615600585938,-91.58824920654297,27.406539916992188,28.767123287671232
10.708,0,1.3915334939956665,10.481550216674805,62.65922546386719,-65.77934265136719,-91.54447174072266,27.446239471435547,1.3915334939956665,10.481550216674805,62.65922546386719,-65.77934265136719,-91.54447174072266,27.446239471435547,28.506196999347683
10.744,0,1.6424258947372437,9.471822738647461,63.14023971557617,-65.18354034423828,-91.56150817871094,27.195491790771484,1.6424258947372437,9.471822738647461,63.14023971557617,-65.18354034423828,-91.56150817871094,27.195491790771484,28.37573385518591
10.776,0,1.7418895959854126,8.524805068969727,63.67796325683594,-64.712646484375,-91.60245513916016,26.933671951293945,1.7418895959854126,9.021978021978022,63.67796325683594,-64.712646484375,-91.60245513916016,26.933671951293945,28.37573385518591
10.812,0,1.6468557119369507,8.981225967407227,63.54383087158203,-65.123291015625,-91.59671020507812,27.060367584228516,1.6468557119369507,8.981225967407227,63.54383087158203,-65.123291015625,-91.59671020507812,27.060367584228516,28.31050228310502
10.843,0,1.7293497323989868,8.32176399230957,63.849063873291016,-64.7521743774414,-91.59601593017578,26.85304069519043,1.7293497323989868,8.32176399230957,63.849063873291016,-64.7521743774414,-91.59601593017578,26.85304069519043,28.049575994781474
10.876,0,1.8262213468551636,7.533529281616211,64.15763854980469,-64.17277526855469,-91.58006286621094,26.69913101196289,1.8262213468551636,7.615384615384615,64.15763854980469,-64.17277526855469,-91.58006286621094,26.69913101196289,27.919112850619697
10.909,0,1.8874629735946655,6.880006790161133,64.4325942993164,-63.68924331665039,-91.60845184326172,26.466232299804688,1.8874629735946655,7.175824175824175,64.4325942993164,-63.68924331665039,-91.60845184326172,26.466232299804688,27.919112850619697
10.943,0,2.0108280181884766,6.42729377746582,64.67311096191406,-63.39908981323242,-91.66536712646484,26.39095687866211,2.0108280181884766,6.56043956043956,64.67311096191406,-63.39908981323242,-91.66536712646484,26.39095687866211,27.85388127853881
10.976,0,2.0714573860168457,6.208921432495117,64.7065658569336,-63.256046295166016,-91.66278076171875,26.42778205871582,2.0714573860168457,6.208921432495117,64.7065658569336,-63.256046295166016,-91.66278076171875,26.42778205871582,27.59295499021526
11.008,0,1.9745303392410278,6.254507064819336,64.65225219726562,-63.30589294433594,-91.64466857910156,26.520017623901367,1.9745303392410278,6.254507064819336,64.65225219726562,-63.30589294433594,-91.64466857910156,26.520017623901367,27.46249184605349
11.045,0,2.0383009910583496,6.886938095092773,64.24453735351562,-63.65166091918945,-91.59893798828125,26.764692306518555,2.0383009910583496,6.886938095092773,64.24453735351562,-63.65166091918945,-91.59893798828125,26.764692306518555,27.397260273972602
11.075,0,1.9558783769607544,8.365842819213867,63.710201263427734,-64.80810546875,-91.58686828613281,27.091772079467773,1.9558783769607544,8.365842819213867,63.710201263427734,-64.80810546875,-91.58686828613281,27.091772079467773,27.397260273972602
11.111,0,1.9480701684951782,8.441736221313477,63.50720977783203,-64.7496337890625,-91.63043975830078,27.24066734313965,1.9480701684951782,8.441736221313477,63.50720977783203,-64.7496337890625,-91.63043975830078,27.24066734313965,27.332028701891716
11.146,0,1.8076151609420776,8.535116195678711,63.39117431640625,-64.87374877929688,-91.63554382324219,27.343814849853516,1.8076151609420776,8.535116195678711,63.39117431640625,-64.87374877929688,-91.63554382324219,27.343814849853516,27.332028701891716
11.177,0,1.771339774131775,8.027303695678711,63.65966033935547,-64.504638671875,-91.67369842529297,27.142446517944336,1.771339774131775,8.027303695678711,63.65966033935547,-64.504638671875,-91.67369842529297,27.142446517944336,27.332028701891716
11.213,0,1.7661291360855103,7.50861930847168,63.955047607421875,-64.17218017578125,-91.71871948242188,27.079254150390625,1.7661291360855103,7.50861930847168,63.955047607421875,-64.17218017578125,-91.71871948242188,27.079254150390625,27.332028701891716
11.245,0,1.771666169166565,7.609891891479492,63.77815246582031,-64.1484375,-91.76852416992188,27.119121551513672,1.771666169166565,7.609891891479492,63.77815246582031,-64.1484375,-91.76852416992188,27.119121551513672,27.332028701891716
11.279,0,1.7785283327102661,8.349210739135742,63.401153564453125,-64.66093444824219,-91.73172760009766,27.412141799926758,1.7785283327102661,8.349210739135742,63.401153564453125,-64.66093444824219,-91.73172760009766,27.412141799926758,27.332028701891716
11.312,0,1.7819324731826782,8.245744705200195,63.441612243652344,-64.60275268554688,-91.74553680419922,27.3493595123291,1.7819324731826782,8.245744705200195,63.441612243652344,-64.60275268554688,-91.74553680419922,27.3493595123291,27.332028701891716
11.349,0,1.5852769613265991,9.28700065612793,63.028839111328125,-65.4391098022461,-91.7684326171875,27.646377563476562,1.5852769613265991,9.28700065612793,63.028839111328125,-65.4391098022461,-91.7684326171875,27.646377563476562,27.332028701891716
11.377,0,1.5887545347213745,9.261274337768555,62.96435546875,-65.34300231933594,-91.78630065917969,27.662574768066406,1.5887545347213745,9.261274337768555,62.96435546875,-65.34300231933594,-91.78630065917969,27.662574768066406,27.332028701891716
11.416,0,1.4301022291183472,9.401224136352539,62.89788055419922,-65.47109985351562,-91.74322509765625,27.70273208618164,1.4301022291183472,9.401224136352539,62.89788055419922,-65.47109985351562,-91.74322509765625,27.70273208618164,27.332028701891716
11.445,0,1.3672031164169312,8.805295944213867,63.186771392822266,-65.02877807617188,-91.77760314941406,27.522705078125,1.3672031164169312,8.805295944213867,63.186771392822266,-65.02877807617188,-91.77760314941406,27.522705078125,27.397260273972602
11.481,0,1.1206613779067993,9.913423538208008,62.804317474365234,-65.93052673339844,-91.77312469482422,27.833988189697266,1.1206613779067993,9.913423538208008,62.804317474365234,-65.93052673339844,-91.77312469482422,27.833988189697266,27.397260273972602
11.513,0,1.186069369316101,9.244791030883789,63.14686584472656,-65.53461456298828,-91.78348541259766,27.57408905029297,1.186069369316101,9.244791030883789,63.14686584472656,-65.53461456298828,-91.78348541259766,27.57408905029297,27.397260273972602
11.561,0,0.9963607788085938,9.184511184692383,63.19318771362305,-65.53657531738281,-91.74113464355469,27.553361892700195,0.9963607788085938,9.184511184692383,63.19318771362305,-65.53657531738281,-91.74113464355469,27.553361892700195,27.397260273972602
11.588,0,0.926241397857666,8.845510482788086,63.348358154296875,-65.26231384277344,-91.75636291503906,27.47519874572754,0.926241397857666,8.845510482788086,63.348358154296875,-65.26231384277344,-91.75636291503906,27.47519874572754,27.46249184605349
11.618,0,0.6667952537536621,9.453268051147461,63.134273529052734,-65.75787353515625,-91.7481689453125,27.636945724487305,0.6667952537536621,9.453268051147461,63.134273529052734,-65.75787353515625,-91.7481689453125,27.636945724487305,27.46249184605349
11.657,0,0.7330317497253418,8.679216384887695,63.526947021484375,-65.28646850585938,-91.75753021240234,27.386255264282227,0.7330317497253418,8.679216384887695,63.526947021484375,-65.28646850585938,-91.75753021240234,27.386255264282227,27.46249184605349
11.684,0,0.6082926988601685,9.219335556030273,63.28147888183594,-65.647705078125,-91.69994354248047,27.57754135131836,0.6082926988601685,9.219335556030273,63.28147888183594,-65.647705078125,-91.69994354248047,27.57754135131836,27.46249184605349
11.719,0,0.5999430418014526,8.444082260131836,63.71824645996094,-65.26883697509766,-91.7330093383789,27.299406051635742,0.5999430418014526,8.444082260131836,63.71824645996094,-65.26883697509766,-91.7330093383789,27.299406051635742,27.527723418134375
11.756,0,0.35014498233795166,9.264184951782227,63.43404006958008,-65.9835205078125,-91.72645568847656,27.528114318847656,0.35014498233795166,9.264184951782227,63.43404006958008,-65.9835205078125,-91.72645568847656,27.528114318847656,27.527723418134375
11.786,0,0.3251603841781616,9.189504623413086,63.39516830444336,-66.0132064819336,-91.6796646118164,27.623226165771484,0.3251603841781616,9.189504623413086,63.39516830444336,-66.0132064819336,-91.6796646118164,27.623226165771484,27.527723418134375
11.821,0,0.46053218841552734,8.435766220092773,63.778411865234375,-65.47810363769531,-91.69232940673828,27.42354393005371,0.46053218841552734,8.435766220092773,63.778411865234375,-65.47810363769531,-91.69232940673828,27.42354393005371,27.527723418134375
11.853,0,0.45075559616088867,7.67994499206543,64.31486511230469,-65.18453979492188,-91.70944213867188,27.120460510253906,0.45075559616088867,7.67994499206543,64.31486511230469,-65.18453979492188,-91.70944213867188,27.120460510253906,27.527723418134375
11.890,0,0.4832700490951538,8.17835807800293,64.22623443603516,-65.66383361816406,-91.71881866455078,27.212047576904297,0.4832700490951538,8.17835807800293,64.22623443603516,-65.66383361816406,-91.71881866455078,27.212047576904297,27.527723418134375
11.919,0,0.43640100955963135,8.738176345825195,63.95729064941406,-66.16569519042969,-91.6622314453125,27.44991683959961,0.43640100955963135,8.738176345825195,63.95729064941406,-66.16569519042969,-91.6622314453125,27.44991683959961,27.527723418134375
11.955,0,0.3964650630950928,8.947874069213867,63.85667419433594,-66.27967834472656,-91.67906951904297,27.476789474487305,0.3964650630950928,8.947874069213867,63.85667419433594,-66.27967834472656,-91.67906951904297,27.476789474487305,27.527723418134375
11.989,0,0.41665804386138916,8.44212532043457,64.22332000732422,-66.1261978149414,-91.69071197509766,27.179805755615234,0.41665804386138916,8.44212532043457,64.22332000732422,-66.1261978149414,-91.69071197509766,27.179805755615234,27.527723418134375
12.021,0,0.5095279216766357,8.24555778503418,64.48750305175781,-66.13902282714844,-91.72102355957031,27.08145523071289,0.5095279216766357,8.24555778503418,64.48750305175781,-66.13902282714844,-91.72102355957031,27.08145523071289,27.527723418134375
12.054,0,0.456409215927124,8.107255935668945,64.53931427001953,-66.14291381835938,-91.71422576904297,27.070581436157227,0.456409215927124,8.107255935668945,64.53931427001953,-66.14291381835938,-91.71422576904297,27.070581436157227,27.527723418134375
12.091,0,0.27728211879730225,8.864587783813477,64.2738037109375,-66.7376708984375,-91.66464233398438,27.21291160583496,0.27728211879730225,8.864587783813477,64.2738037109375,-66.7376708984375,-91.66464233398438,27.21291160583496,27.527723418134375
12.121,0,0.33523762226104736,8.315229415893555,64.64708709716797,-66.53230285644531,-91.68580627441406,26.90001678466797,0.33523762226104736,8.315229415893555,64.64708709716797,-66.53230285644531,-91.68580627441406,26.90001678466797,27.527723418134375
12.157,0,0.35197603702545166,8.183061599731445,64.90309143066406,-66.54985046386719,-91.71600341796875,26.850793838500977,0.35197603702545166,8.183061599731445,64.90309143066406,-66.54985046386719,-91.71600341796875,26.850793838500977,27.527723418134375
12.187,0,0.31015026569366455,8.18763542175293,64.87386322021484,-66.67486572265625,-91.6995849609375,26.924427032470703,0.31015026569366455,8.18763542175293,64.87386322021484,-66.67486572265625,-91.6995849609375,26.924427032470703,27.527723418134375
12.226,0,0.2834075689315796,8.375452041625977,64.74280548095703,-66.80714416503906,-91.7132568359375,27.0460147857666,0.2834075689315796,8.375452041625977,64.74280548095703,-66.80714416503906,-91.7132568359375,27.0460147857666,27.527723418134375
12.254,0,0.22961902618408203,9.332391738891602,64.30673217773438,-67.52349853515625,-91.68254852294922,27.29352569580078,0.22961902618408203,9.332391738891602,64.30673217773438,-67.52349853515625,-91.68254852294922,27.29352569580078,27.527723418134375
12.291,0,0.2475370168685913,9.516458511352539,64.38410186767578,-67.71778869628906,-91.72431182861328,27.303810119628906,0.2475370168685913,9.516458511352539,64.38410186767578,-67.71778869628906,-91.72431182861328,27.303810119628906,27.527723418134375
12.327,0,0.21761870384216309,9.840951919555664,64.14167785644531,-68.0212631225586,-91.7084732055664,27.49259376525879,0.21761870384216309,9.840951919555664,64.14167785644531,-68.0212631225586,-91.7084732055664,27.49259376525879,27.527723418134375
12.355,0,0.021702110767364502,10.515775680541992,63.80781555175781,-68.45353698730469,-91.70159912109375,27.59975814819336,0.021702110767364502,10.515775680541992,63.80781555175781,-68.45353698730469,-91.70159912109375,27.59975814819336,27.527723418134375
12.390,0,-0.05091184377670288,11.23729133605957,63.39124298095703,-68.92170715332031,-91.68144226074219,27.81683349609375,-0.05091184377670288,11.23729133605957,63.39124298095703,-68.92170715332031,-91.68144226074219,27.81683349609375,27.527723418134375
12.423,0,0.06880682706832886,10.607481002807617,63.765464782714844,-68.61634063720703,-91.66807556152344,27.643877029418945,0.06880682706832886,10.607481002807617,63.765464782714844,-68.61634063720703,-91.66807556152344,27.643877029418945,27.527723418134375
12.461,0,0.2507293224334717,10.011831283569336,64.14537048339844,-68.32975769042969,-91.64675903320312,27.512590408325195,0.2507293224334717,10.011831283569336,64.14537048339844,-68.32975769042969,-91.64675903320312,27.512590408325195,27.59295499021526
12.490,0,0.09092330932617188,10.803647994995117,63.7763671875,-68.89305114746094,-91.65181732177734,27.690366744995117,0.09092330932617188,10.803647994995117,63.7763671875,-68.89305114746094,-91.65181732177734,27.690366744995117,27.65818656229615
12.527,0,0.21545028686523438,10.876142501831055,63.82371520996094,-68.91908264160156,-91.63855743408203,27.77106475830078,0.21545028686523438,10.876142501831055,63.82371520996094,-68.91908264160156,-91.63855743408203,27.77106475830078,27.65818656229615
12.556,0,0.34133219718933105,11.139142990112305,63.81209182739258,-69.13897705078125,-91.62062072753906,27.83956527709961,0.34133219718933105,11.139142990112305,63.81209182739258,-69.13897705078125,-91.62062072753906,27.83956527709961,27.65818656229615
12.593,0,0.18199503421783447,11.421396255493164,63.59543228149414,-69.26422119140625,-91.6497802734375,27.986927032470703,0.18199503421783447,11.421396255493164,63.59543228149414,-69.26422119140625,-91.6497802734375,27.986927032470703,27.65818656229615
12.622,0,0.15400540828704834,11.819375991821289,63.41938018798828,-69.56346893310547,-91.59272003173828,28.091094970703125,0.15400540828704834,11.819375991821289,63.41938018798828,-69.56346893310547,-91.59272003173828,28.091094970703125,27.65818656229615
12.661,0,0.08488494157791138,12.036886215209961,63.24796676635742,-69.673095703125,-91.5179443359375,28.178464889526367,0.08488494157791138,12.036886215209961,63.24796676635742,-69.673095703125,-91.5179443359375,28.178464889526367,27.65818656229615
12.690,0,0.19505798816680908,11.713537216186523,63.450523376464844,-69.54248046875,-91.50959777832031,28.037263870239258,0.19505798816680908,11.713537216186523,63.450523376464844,-69.54248046875,-91.50959777832031,28.037263870239258,27.723418134377038
12.726,0,0.011684596538543701,12.134977340698242,63.18193054199219,-69.79808807373047,-91.53999328613281,28.197162628173828,0.011684596538543701,12.134977340698242,63.18193054199219,-69.79808807373047,-91.53999328613281,28.197162628173828,27.919112850619697
12.758,0,0.005963623523712158,11.705629348754883,63.359615325927734,-69.4109115600586,-91.48287200927734,28.172197341918945,0.005963623523712158,11.705629348754883,63.359615325927734,-69.4109115600586,-91.48287200927734,28.172197341918945,27.919112850619697
12.795,0,0.016264379024505615,11.81501579284668,63.322139739990234,-69.4125747680664,-91.55523681640625,28.20650863647461,0.016264379024505615,11.81501579284668,63.322139739990234,-69.4125747680664,-91.55523681640625,28.20650863647461,27.984344422700584
12.826,0,0.0307161808013916,12.263677597045898,62.92930221557617,-69.6376953125,-91.60401153564453,28.4486083984375,0.0307161808013916,12.263677597045898,62.92930221557617,-69.6376953125,-91.60401153564453,28.4486083984375,27.984344422700584
12.856,0,-0.07339543104171753,11.947729110717773,62.93910217285156,-69.2077865600586,-91.59605407714844,28.4239501953125,-0.07339543104171753,11.947729110717773,62.93910217285156,-69.2077865600586,-91.59605407714844,28.4239501953125,27.984344422700584
12.895,0,-0.06270360946655273,12.385248184204102,62.71379089355469,-69.4771499633789,-91.56710815429688,28.519336700439453,-0.06270360946655273,12.385248184204102,62.71379089355469,-69.4771499633789,-91.56710815429688,28.519336700439453,28.049575994781474
12.924,0,-0.05627894401550293,12.451955795288086,62.72639846801758,-69.48851013183594,-91.61820983886719,28.51679229736328,-0.05627894401550293,12.451955795288086,62.72639846801758,-69.48851013183594,-91.61820983886719,28.51679229736328,28.180039138943247
12.962,0,-0.008070170879364014,12.816011428833008,62.369380950927734,-69.66526794433594,-91.64385223388672,28.733278274536133,-0.008070170879364014,12.816011428833008,62.369380950927734,-69.66526794433594,-91.64385223388672,28.733278274536133,28.180039138943247
12.991,0,-0.08663672208786011,13.112604141235352,62.15592575073242,-69.76893615722656,-91.6177749633789,28.943775177001953,-0.08663672208786011,13.112604141235352,62.15592575073242,-69.76893615722656,-91.6177749633789,28.943775177001953,28.37573385518591
13.029,0,-0.13040494918823242,13.239629745483398,62.057334899902344,-69.79336547851562,-91.58242797851562,29.052719116210938,-0.13040494918823242,13.239629745483398,62.057334899902344,-69.79336547851562,-91.58242797851562,29.052719116210938,28.37573385518591
13.057,0,-0.1289806365966797,13.209104537963867,62.028934478759766,-69.70614624023438,-91.63943481445312,29.009998321533203,-0.1289806365966797,13.209104537963867,62.028934478759766,-69.70614624023438,-91.63943481445312,29.009998321533203,28.37573385518591
13.097,0,-0.1076117753982544,13.616800308227539,61.564308166503906,-69.86323547363281,-91.6766128540039,29.24002456665039,-0.1076117753982544,13.616800308227539,61.564308166503906,-69.86323547363281,-91.6766128540039,29.24002456665039,28.636660143509456
13.123,0,-0.1745845079421997,13.76746940612793,61.38385009765625,-69.82157135009766,-91.6478042602539,29.381511688232422,-0.1745845079421997,13.76746940612793,61.38385009765625,-69.82157135009766,-91.6478042602539,29.381511688232422,28.767123287671232
13.162,0,-0.20801889896392822,13.980314254760742,61.179969787597656,-69.85401916503906,-91.60626220703125,29.527109146118164,-0.20801889896392822,13.980314254760742,61.179969787597656,-69.85401916503906,-91.60626220703125,29.527109146118164,28.767123287671232
13.193,0,-0.2984035015106201,14.551748275756836,60.98298645019531,-70.21841430664062,-91.6266860961914,29.697906494140625,-0.2984035015106201,14.551748275756836,60.98298645019531,-70.21841430664062,-91.6266860961914,29.697906494140625,28.962818003913892
13.228,0,-0.3245440125465393,14.73170280456543,60.643306732177734,-70.15633392333984,-91.65516662597656,29.889394760131836,-0.3245440125465393,14.73170280456543,60.643306732177734,-70.15633392333984,-91.65516662597656,29.889394760131836,29.158512720156555
13.264,0,-0.39817240834236145,14.880990982055664,60.44253158569336,-70.12408447265625,-91.61798095703125,30.0246639251709,-0.3981724083423615,14.880990982055664,60.44253158569336,-70.12408447265625,-91.61798095703125,30.0246639251709,29.288975864318328
13.292,0,-0.43665024638175964,15.155569076538086,60.23773956298828,-70.21617889404297,-91.59500122070312,30.129526138305664,-0.43665024638175964,15.155569076538086,60.23773956298828,-70.21617889404297,-91.59500122070312,30.129526138305664,29.549902152641877
13.329,0,-0.5519846677780151,15.974859237670898,59.91761016845703,-70.7874755859375,-91.61567687988281,30.44131088256836,-0.5519846677780151,15.974859237670898,59.91761016845703,-70.7874755859375,-91.61567687988281,30.44131088256836,29.68036529680365
13.361,0,-0.5783177614212036,16.554636001586914,59.41807556152344,-71.1091079711914,-91.64042663574219,30.714420318603516,-0.5783177614212036,16.554636001586914,59.41807556152344,-71.1091079711914,-91.64042663574219,30.714420318603516,29.876060013046313
13.407,0,-0.6897111535072327,17.17435646057129,59.08802032470703,-71.51211547851562,-91.58283233642578,31.01573371887207,-0.6897111535072327,17.17435646057129,59.08802032470703,-71.51211547851562,-91.58283233642578,31.01573371887207,29.9412915851272
13.432,0,-0.7563045620918274,17.692537307739258,58.82181167602539,-71.84980773925781,-91.53660583496094,31.203065872192383,-0.7563045620918274,17.692537307739258,58.82181167602539,-71.84980773925781,-91.53660583496094,31.203065872192383,30.20221787345075
13.464,0,-0.8686830401420593,18.22812843322754,58.58806228637695,-72.18115234375,-91.55427551269531,31.503469467163086,-0.8686830401420593,18.22812843322754,58.58806228637695,-72.18115234375,-91.55427551269531,31.503469467163086,30.39791258969341
13.501,0,-0.9275503754615784,18.82554817199707,58.11647415161133,-72.54203796386719,-91.59385681152344,31.756317138671875,-0.9275503754615784,18.82554817199707,58.11647415161133,-72.54203796386719,-91.59385681152344,31.756317138671875,30.724070450097845
13.535,0,-0.9030742049217224,18.915727615356445,58.05660629272461,-72.5730972290039,-91.58391571044922,31.95886993408203,-0.9030742049217224,18.915727615356445,58.05660629272461,-72.5730972290039,-91.58391571044922,31.95886993408203,30.984996738421394
13.568,0,-0.9313575625419617,19.301298141479492,57.87128448486328,-72.81779479980469,-91.56501007080078,32.110050201416016,-0.9313575625419617,19.301298141479492,57.87128448486328,-72.81779479980469,-91.56501007080078,32.110050201416016,31.180691454664057
13.599,0,-1.037622094154358,20.27107048034668,57.52431106567383,-73.54244232177734,-91.59486389160156,32.4696044921875,-1.037622094154358,20.27107048034668,57.52431106567383,-73.54244232177734,-91.59486389160156,32.4696044921875,31.441617742987603
13.636,0,-0.9459821581840515,20.128820419311523,57.575927734375,-73.45027160644531,-91.62373352050781,32.46133804321289,-0.9459821581840515,20.128820419311523,57.575927734375,-73.45027160644531,-91.62373352050781,32.46133804321289,31.637312459230266
13.667,0,-0.9799051284790039,20.78963279724121,57.197418212890625,-73.8899917602539,-91.61178588867188,32.795528411865234,-0.9799051284790039,20.78963279724121,57.197418212890625,-73.8899917602539,-91.61178588867188,32.795528411865234,31.898238747553815
13.703,0,-0.8295894861221313,20.489660263061523,57.417762756347656,-73.77543640136719,-91.61193084716797,32.69736862182617,-0.8295894861221313,20.489660263061523,57.417762756347656,-73.77543640136719,-91.61193084716797,32.69736862182617,32.159165035877365
13.733,0,-0.7827087044715881,20.205820083618164,57.56376647949219,-73.56546020507812,-91.60508728027344,32.73237609863281,-0.7827087044715881,20.205820083618164,57.56376647949219,-73.56546020507812,-91.60508728027344,32.73237609863281,32.22439660795825
13.772,0,-0.7717006206512451,19.780542373657227,57.6737174987793,-73.29788208007812,-91.6410903930664,32.60721206665039,-0.7717006206512451,19.780542373657227,57.6737174987793,-73.29788208007812,-91.6410903930664,32.60721206665039,32.42009132420091
13.800,0,-0.6915518045425415,19.382299423217773,57.86442565917969,-73.01119995117188,-91.63111114501953,32.56822204589844,-0.6915518045425415,19.382299423217773,57.86442565917969,-73.01119995117188,-91.63111114501953,32.56822204589844,32.42009132420091
13.837,0,-0.5443124175071716,19.02643394470215,58.12702178955078,-72.90158081054688,-91.64263916015625,32.372230529785156,-0.5443124175071716,19.02643394470215,58.12702178955078,-72.90158081054688,-91.64263916015625,32.372230529785156,32.42009132420091
13.868,0,-0.45777469873428345,18.74919319152832,58.22492980957031,-72.65969848632812,-91.67100524902344,32.37196731567383,-0.45777469873428345,18.74919319152832,58.22492980957031,-72.65969848632812,-91.67100524902344,32.37196731567383,32.42009132420091
13.902,0,-0.37896227836608887,18.304662704467773,58.332008361816406,-72.28175354003906,-91.69771575927734,32.24453353881836,-0.37896227836608887,18.304662704467773,58.332008361816406,-72.28175354003906,-91.69771575927734,32.24453353881836,32.42009132420091
13.936,0,-0.3501099944114685,18.214235305786133,58.292457580566406,-72.1423110961914,-91.6527099609375,32.4186897277832,-0.3501099944114685,18.214235305786133,58.292457580566406,-72.1423110961914,-91.6527099609375,32.4186897277832,32.42009132420091
13.968,0,-0.1521511673927307,17.69307518005371,58.51482009887695,-71.79292297363281,-91.64921569824219,32.289981842041016,-0.1521511673927307,17.69307518005371,58.51482009887695,-71.79292297363281,-91.64921569824219,32.289981842041016,32.42009132420091
14.004,0,-0.0524253249168396,17.330533981323242,58.68241500854492,-71.52194213867188,-91.66057586669922,32.2021484375,-0.0524253249168396,17.330533981323242,58.68241500854492,-71.52194213867188,-91.66057586669922,32.2021484375,32.42009132420091
14.036,0,0.06021881103515625,16.8099308013916,58.865501403808594,-71.12611389160156,-91.67156219482422,32.071327209472656,0.06021881103515625,16.8099308013916,58.865501403808594,-71.12611389160156,-91.67156219482422,32.071327209472656,32.42009132420091
14.073,0,0.041501641273498535,16.48045539855957,58.979305267333984,-70.82743835449219,-91.66657257080078,32.08207702636719,0.041501641273498535,16.48045539855957,58.979305267333984,-70.82743835449219,-91.66657257080078,32.08207702636719,32.42009132420091
14.102,0,0.08321881294250488,16.898611068725586,58.68590545654297,-70.93233489990234,-91.54869842529297,32.33677291870117,0.08321881294250488,16.898611068725586,58.68590545654297,-70.93233489990234,-91.54869842529297,32.33677291870117,32.42009132420091
14.139,0,0.09284073114395142,16.665319442749023,58.88615417480469,-70.80422973632812,-91.54021453857422,32.33362579345703,0.09284073114395142,16.665319442749023,58.88615417480469,-70.80422973632812,-91.54021453857422,32.33362579345703,32.42009132420091
14.170,0,0.23389506340026855,16.251989364624023,59.00373840332031,-70.46923065185547,-91.58390808105469,32.25954055786133,0.23389506340026855,16.251989364624023,59.00373840332031,-70.46923065185547,-91.58390808105469,32.25954055786133,32.42009132420091
14.203,0,0.1634882688522339,15.901418685913086,59.11738586425781,-70.13427734375,-91.57806396484375,32.20942687988281,0.1634882688522339,15.901418685913086,59.11738586425781,-70.13427734375,-91.57806396484375,32.20942687988281,32.42009132420091
14.240,0,0.5652884244918823,15.519147872924805,59.35831069946289,-69.84953308105469,-91.54722595214844,32.094390869140625,0.5652884244918823,15.519147872924805,59.35831069946289,-69.84953308105469,-91.54722595214844,32.094390869140625,32.42009132420091
14.270,0,0.6508675813674927,15.155290603637695,59.52988052368164,-69.5489501953125,-91.56172943115234,31.989791870117188,0.6508675813674927,15.155290603637695,59.52988052368164,-69.5489501953125,-91.56172943115234,31.989791870117188,32.42009132420091
14.305,0,0.6961038112640381,14.441488265991211,59.833213806152344,-69.07693481445312,-91.60298919677734,31.746952056884766,0.6961038112640381,14.441488265991211,59.833213806152344,-69.07693481445312,-91.60298919677734,31.746952056884766,32.42009132420091
14.336,0,0.5552324056625366,14.38755989074707,59.78987121582031,-68.9385757446289,-91.64553833007812,31.80540657043457,0.5552324056625366,14.38755989074707,59.78987121582031,-68.9385757446289,-91.64553833007812,31.80540657043457,32.42009132420091
14.371,0,0.9938725233078003,13.821496963500977,60.08622741699219,-68.52806091308594,-91.63375854492188,31.648025512695312,0.9938725233078003,13.821496963500977,60.08622741699219,-68.52806091308594,-91.63375854492188,31.648025512695312,32.42009132420091
14.405,0,0.7048499584197998,14.318864822387695,59.850181579589844,-68.88493347167969,-91.61613464355469,31.897171020507812,0.7048499584197998,14.318864822387695,59.850181579589844,-68.88493347167969,-91.61613464355469,31.897171020507812,32.42009132420091
14.438,0,0.7661203145980835,13.716089248657227,60.143096923828125,-68.46708679199219,-91.63626098632812,31.675493240356445,0.7661203145980835,13.716089248657227,60.143096923828125,-68.46708679199219,-91.63626098632812,31.675493240356445,32.42009132420091
14.473,0,0.592901349067688,13.69715690612793,60.08498764038086,-68.33277893066406,-91.66527557373047,31.803329467773438,0.592901349067688,13.69715690612793,60.08498764038086,-68.33277893066406,-91.66527557373047,31.803329467773438,32.35485975212002
14.505,0,0.737801194190979,13.101739883422852,60.45843505859375,-67.93194580078125,-91.64881896972656,31.564414978027344,0.737801194190979,13.101739883422852,60.45843505859375,-67.93194580078125,-91.64881896972656,31.564414978027344,32.28962818003914
14.542,0,0.39299023151397705,13.23478889465332,60.45436096191406,-68.00684356689453,-91.64291381835938,31.668437957763672,0.39299023151397705,13.23478889465332,60.45436096191406,-68.00684356689453,-91.64291381835938,31.668437957763672,32.159165035877365
14.572,0,0.42535245418548584,12.465436935424805,60.792327880859375,-67.47428131103516,-91.67357635498047,31.36281967163086,0.42535245418548584,12.465436935424805,60.792327880859375,-67.47428131103516,-91.67357635498047,31.36281967163086,32.159165035877365
14.607,0,0.3048129081726074,12.343770980834961,60.82582092285156,-67.38373565673828,-91.6656723022461,31.43754005432129,0.3048129081726074,12.343770980834961,60.82582092285156,-67.38373565673828,-91.6656723022461,31.43754005432129,32.159165035877365
14.640,0,0.4691433906555176,11.76228141784668,61.193115234375,-66.99716186523438,-91.64799499511719,31.236242294311523,0.4691433906555176,11.76228141784668,61.193115234375,-66.99716186523438,-91.64799499511719,31.236242294311523,32.02870189171559
14.674,0,0.15831422805786133,11.90696907043457,61.20734786987305,-67.14042663574219,-91.64112854003906,31.302684783935547,0.15831422805786133,11.90696907043457,61.20734786987305,-67.14042663574219,-91.64112854003906,31.302684783935547,31.963470319634702
14.708,0,0.1956639289855957,10.940359115600586,61.66346740722656,-66.53823852539062,-91.67684173583984,30.945804595947266,0.1956639289855957,10.940359115600586,61.66346740722656,-66.53823852539062,-91.67684173583984,30.945804595947266,31.898238747553815
14.739,0,0.08644098043441772,11.010259628295898,61.60088348388672,-66.57963562011719,-91.66387939453125,31.051502227783203,0.08644098043441772,11.010259628295898,61.60088348388672,-66.57963562011719,-91.66387939453125,31.051502227783203,31.898238747553815
14.777,0,0.6675702333450317,10.310598373413086,61.80423355102539,-65.9720230102539,-91.63700866699219,30.88246726989746,0.6675702333450317,10.310598373413086,61.80423355102539,-65.9720230102539,-91.63700866699219,30.88246726989746,31.83300717547293
14.806,0,0.3023402690887451,10.32286262512207,61.863121032714844,-65.99327087402344,-91.65794372558594,30.950637817382812,0.3023402690887451,10.32286262512207,61.863121032714844,-65.99327087402344,-91.65794372558594,30.950637817382812,31.702544031311152
14.840,0,0.3731117248535156,9.689054489135742,62.17639923095703,-65.55889129638672,-91.71292114257812,30.612621307373047,0.3731117248535156,9.689054489135742,62.17639923095703,-65.55889129638672,-91.71292114257812,30.612621307373047,31.702544031311152
14.872,0,0.28168344497680664,9.166337966918945,62.436805725097656,-65.22735595703125,-91.68098449707031,30.53858757019043,0.28168344497680664,9.166337966918945,62.436805725097656,-65.22735595703125,-91.68098449707031,30.53858757019043,31.702544031311152
14.908,0,0.8225140571594238,8.426454544067383,62.79507064819336,-64.66388702392578,-91.67179870605469,30.34722900390625,0.8225140571594238,8.494505494505495,62.79507064819336,-64.66388702392578,-91.67179870605469,30.34722900390625,31.57208088714938
14.941,0,0.6155532598495483,9.314172744750977,62.45429992675781,-65.28878021240234,-91.66959381103516,30.605449676513672,0.6155532598495483,9.314172744750977,62.45429992675781,-65.28878021240234,-91.66959381103516,30.605449676513672,31.31115459882583
14.973,0,0.501865029335022,8.70728874206543,62.81027603149414,-64.85936737060547,-91.73421478271484,30.294971466064453,0.501865029335022,8.70728874206543,62.81027603149414,-64.85936737060547,-91.73421478271484,30.294971466064453,31.180691454664057
15.009,0,0.4864274263381958,8.21986198425293,62.92498016357422,-64.4128646850586,-91.70606231689453,30.25362205505371,0.4864274263381958,8.21986198425293,62.92498016357422,-64.4128646850586,-91.70606231689453,30.25362205505371,31.115459882583167
15.040,0,0.78357994556427,7.870695114135742,63.11787414550781,-64.1526870727539,-91.7128677368164,30.120275497436523,0.78357994556427,7.870695114135742,63.11787414550781,-64.1526870727539,-91.7128677368164,30.120275497436523,31.05022831050228
15.073,0,0.6191048622131348,7.350053787231445,63.40217590332031,-63.735679626464844,-91.74674987792969,29.911771774291992,0.6191048622131348,7.350053787231445,63.40217590332031,-63.735679626464844,-91.74674987792969,29.911771774291992,31.05022831050228
15.111,0,0.5395447015762329,6.713800430297852,63.78114318847656,-63.31046676635742,-91.81842803955078,29.594606399536133,0.5395447015762329,6.713800430297852,63.78114318847656,-63.31046676635742,-91.81842803955078,29.594606399536133,30.919765166340508
15.139,0,0.5879188776016235,6.431978225708008,63.818634033203125,-62.968624114990234,-91.83151245117188,29.496265411376953,0.5879188776016235,6.431978225708008,63.818634033203125,-62.968624114990234,-91.83151245117188,29.496265411376953,30.724070450097845
15.178,0,0.6613835096359253,7.027990341186523,63.61949920654297,-63.526405334472656,-91.81352233886719,29.67829132080078,0.6613835096359253,7.027990341186523,63.61949920654297,-63.526405334472656,-91.81352233886719,29.67829132080078,30.528375733855185
15.207,0,0.7555878162384033,6.003961563110352,64.27043151855469,-62.913047790527344,-91.81012725830078,29.414531707763672,0.7555878162384033,6.003961563110352,64.27043151855469,-62.913047790527344,-91.81012725830078,29.414531707763672,30.332681017612522
15.244,0,0.8029438257217407,5.062990188598633,64.69218444824219,-62.22316360473633,-91.89288330078125,28.98432731628418,0.8029438257217407,5.32967032967033,64.69218444824219,-62.22316360473633,-91.89288330078125,28.98432731628418,30.267449445531636
15.276,0,0.7922196388244629,4.733999252319336,64.77774047851562,-61.849586486816406,-91.88194274902344,28.880786895751953,0.7922196388244629,4.8901098901098905,64.77774047851562,-61.849586486816406,-91.88194274902344,28.880786895751953,30.267449445531636
15.309,0,0.9607436656951904,5.134908676147461,64.69132995605469,-62.27745819091797,-91.84654235839844,28.9569091796875,0.9607436656951904,5.134908676147461,64.69132995605469,-62.27745819091797,-91.84654235839844,28.9569091796875,30.071754729288973
15.342,0,0.8439855575561523,4.318727493286133,65.13705444335938,-61.707210540771484,-91.86211395263672,28.63103485107422,0.8439855575561523,4.318727493286133,65.13705444335938,-61.707210540771484,-91.86211395263672,28.63103485107422,29.810828440965427
15.374,0,0.8640908002853394,3.2913036346435547,65.6644287109375,-61.01509475708008,-91.93080139160156,28.049924850463867,0.8640908002853394,3.9230769230769234,65.6644287109375,-61.01509475708008,-91.93080139160156,28.049924850463867,29.68036529680365
15.409,0,0.8741490840911865,3.050386428833008,65.72050476074219,-60.75618362426758,-91.92107391357422,27.95572280883789,0.8741490840911865,3.3076923076923084,65.72050476074219,-60.75618362426758,-91.92107391357422,27.95572280883789,29.549902152641877
15.447,0,0.9930785894393921,3.592721939086914,65.58059692382812,-61.252967834472656,-91.89473724365234,28.059764862060547,0.9930785894393921,3.592721939086914,65.58059692382812,-61.252967834472656,-91.89473724365234,28.059764862060547,29.288975864318328
15.507,0,0.8815562725067139,2.9060230255126953,65.97064971923828,-60.74467086791992,-91.9195556640625,27.695964813232422,0.8815562725067139,2.9060230255126953,65.97064971923828,-60.74467086791992,-91.9195556640625,27.695964813232422,28.962818003913892
15.531,0,0.7960305213928223,2.0582714080810547,66.44390106201172,-60.234458923339844,-92.03539276123047,27.257266998291016,0.7960305213928223,2.2527472527472527,66.44390106201172,-60.234458923339844,-92.03539276123047,27.257266998291016,28.897586431833005
15.565,0,0.8525439500808716,1.8680152893066406,66.43695068359375,-59.95836639404297,-92.03408813476562,27.129919052124023,0.8525439500808716,1.8680152893066406,66.43695068359375,-59.95836639404297,-92.03408813476562,27.129919052124023,28.767123287671232
15.597,0,1.0731396675109863,2.649770736694336,66.13622283935547,-60.6444091796875,-92.0001220703125,27.275747299194336,1.0731396675109863,2.649770736694336,66.13622283935547,-60.6444091796875,-92.0001220703125,27.275747299194336,28.37573385518591
15.634,0,0.9268388748168945,1.8839683532714844,66.61675262451172,-60.13658905029297,-92.02801513671875,26.82748794555664,0.9268388748168945,1.8839683532714844,66.61675262451172,-60.13658905029297,-92.02801513671875,26.82748794555664,28.11480756686236
15.665,0,0.7642829418182373,2.0968055725097656,66.43132019042969,-60.237060546875,-92.04017639160156,26.805315017700195,0.7642829418182373,2.0968055725097656,66.43132019042969,-60.237060546875,-92.04017639160156,26.805315017700195,28.049575994781474
15.703,0,0.8245470523834229,1.3661231994628906,66.7709732055664,-59.65934753417969,-92.03167724609375,26.346424102783203,0.8245470523834229,1.3661231994628906,66.7709732055664,-59.65934753417969,-92.03167724609375,26.346424102783203,27.984344422700584
15.733,0,1.0931990146636963,1.9666824340820312,66.48661041259766,-60.14830780029297,-92.01921081542969,26.384138107299805,1.0931990146636963,1.9666824340820312,66.48661041259766,-60.14830780029297,-92.01921081542969,26.384138107299805,27.723418134377038
15.769,0,0.9209213256835938,1.3414344787597656,66.85346984863281,-59.7098503112793,-92.05839538574219,26.00019645690918,0.9209213256835938,1.3414344787597656,66.85346984863281,-59.7098503112793,-92.05839538574219,26.00019645690918,27.46249184605349
15.800,0,0.7342498302459717,1.584024429321289,66.66551208496094,-59.80327606201172,-92.06666564941406,26.025402069091797,0.7342498302459717,1.584024429321289,66.66551208496094,-59.80327606201172,-92.06666564941406,26.025402069091797,27.332028701891716
15.835,0,0.7049715518951416,1.228586196899414,66.74288177490234,-59.47529602050781,-92.0951156616211,25.8265323638916,0.7049715518951416,1.228586196899414,66.74288177490234,-59.47529602050781,-92.0951156616211,25.8265323638916,27.20156555772994
15.869,0,0.7419759035110474,1.4805984497070312,66.63912963867188,-59.744850158691406,-92.11250305175781,25.866708755493164,0.7419759035110474,1.4805984497070312,66.63912963867188,-59.744850158691406,-92.11250305175781,25.866708755493164,27.00587084148728
15.900,0,0.5727797746658325,0.9563179016113281,66.93973541259766,-59.349464416503906,-92.15377807617188,25.490720748901367,0.5727797746658325,0.9563179016113281,66.93973541259766,-59.349464416503906,-92.15377807617188,25.490720748901367,26.875407697325503
15.937,0,0.36051714420318604,1.3667621612548828,66.69776916503906,-59.596195220947266,-92.16065216064453,25.60030746459961,0.36051714420318604,1.3667621612548828,66.69776916503906,-59.596195220947266,-92.16065216064453,25.60030746459961,26.74494455316373
15.968,0,0.4530179500579834,0.21809768676757812,67.23941040039062,-58.72602844238281,-92.15242767333984,25.131393432617188,0.4530179500579834,0.21809768676757812,67.23941040039062,-58.72602844238281,-92.15242767333984,25.131393432617188,26.614481409001954
16.003,0,0.8064014911651611,-0.5088977813720703,67.54192352294922,-58.17747116088867,-92.18840026855469,24.71704864501953,0.8064014911651611,-0.384615384615385,67.54192352294922,-58.17747116088867,-92.18840026855469,24.71704864501953,26.48401826484018
16.037,0,0.9405895471572876,-1.6918144226074219,68.07180786132812,-57.342041015625,-92.21222686767578,24.324298858642578,0.9405895471572876,-1.0,68.07180786132812,-57.342041015625,-92.21222686767578,24.324298858642578,26.418786692759294
16.069,0,0.6869834661483765,-2.189615249633789,68.29054260253906,-57.01748275756836,-92.18795776367188,24.145099639892578,0.6869834661483765,-1.5274725274725274,68.29054260253906,-57.01748275756836,-92.18795776367188,24.145099639892578,26.027397260273972
16.101,0,1.1049914360046387,-1.9244651794433594,68.41341400146484,-57.30096435546875,-92.20418548583984,23.93582534790039,1.1049914360046387,-1.9244651794433594,68.41341400146484,-57.30096435546875,-92.20418548583984,23.93582534790039,25.701239399869536
16.134,0,1.3841029405593872,-2.0128211975097656,68.46298217773438,-57.243896484375,-92.21605682373047,23.87924575805664,1.3841029405593872,-2.012821197509766,68.46298217773438,-57.243896484375,-92.21605682373047,23.87924575805664,25.440313111545986
16.168,0,1.601798415184021,-2.7850475311279297,68.7151870727539,-56.64686584472656,-92.22642517089844,23.412063598632812,1.601798415184021,-2.7850475311279292,68.7151870727539,-56.64686584472656,-92.22642517089844,23.412063598632812,25.11415525114155
16.201,0,1.4350427389144897,-4.042213439941406,69.3578872680664,-55.782684326171875,-92.23043060302734,22.921152114868164,1.4350427389144897,-3.197802197802198,69.3578872680664,-55.782684326171875,-92.23043060302734,22.921152114868164,24.983692106979777
16.235,0,1.2210923433303833,-2.9060611724853516,69.01541137695312,-56.7630729675293,-92.20736694335938,23.199209213256836,1.2210923433303833,-2.906061172485351,69.01541137695312,-56.7630729675293,-92.20736694335938,23.199209213256836,24.722765818656228
16.268,0,1.187973141670227,-2.9053421020507812,69.0200424194336,-56.85076904296875,-92.21883392333984,23.206167221069336,1.187973141670227,-2.9053421020507812,69.0200424194336,-56.85076904296875,-92.21883392333984,23.206167221069336,24.331376386170906
16.302,0,1.2261451482772827,-3.361825942993164,69.23603820800781,-56.477638244628906,-92.19353485107422,22.933828353881836,1.2261451482772827,-3.3618259429931645,69.23603820800781,-56.477638244628906,-92.19353485107422,22.933828353881836,24.135681669928243
16.338,0,0.9443817138671875,-3.9091854095458984,69.47447967529297,-56.12471389770508,-92.1717529296875,22.77553939819336,0.9443817138671875,-3.909185409545899,69.47447967529297,-56.12471389770508,-92.1717529296875,22.77553939819336,24.135681669928243
16.371,0,1.5261739492416382,-4.6098480224609375,69.89403533935547,-55.660240173339844,-92.17373657226562,22.442441940307617,1.5261739492416382,-4.516483516483516,69.89403533935547,-55.660240173339844,-92.17373657226562,22.442441940307617,24.135681669928243
16.402,0,1.5536051988601685,-3.8394393920898438,69.56962585449219,-56.329864501953125,-92.15093994140625,22.666149139404297,1.5536051988601685,-3.8394393920898438,69.56962585449219,-56.329864501953125,-92.15093994140625,22.666149139404297,23.939986953685583
16.435,0,1.5969380140304565,-4.693126678466797,70.03219604492188,-55.750640869140625,-92.14910888671875,22.294382095336914,1.5969380140304565,-4.693126678466797,70.03219604492188,-55.750640869140625,-92.14910888671875,22.294382095336914,23.74429223744292
16.471,0,1.398652195930481,-5.336954116821289,70.28826141357422,-55.286468505859375,-92.09660339355469,22.15262222290039,1.398652195930481,-5.336954116821289,70.28826141357422,-55.286468505859375,-92.09660339355469,22.15262222290039,23.613829093281147
16.503,0,1.2375186681747437,-4.593044281005859,70.0030517578125,-55.89036560058594,-92.02404022216797,22.37881851196289,1.2375186681747437,-4.593044281005859,70.0030517578125,-55.89036560058594,-92.02404022216797,22.37881851196289,23.483365949119374
16.537,0,1.0712485313415527,-3.7223339080810547,69.70586395263672,-56.63544464111328,-91.98145294189453,22.665313720703125,1.0712485313415527,-3.7223339080810547,69.70586395263672,-56.63544464111328,-91.98145294189453,22.665313720703125,23.222439660795825
16.571,0,0.7986894845962524,-3.2163753509521484,69.44171905517578,-57.08898162841797,-91.98872375488281,22.744182586669922,0.7986894845962524,-3.2163753509521484,69.44171905517578,-57.08898162841797,-91.98872375488281,22.744182586669922,23.222439660795825
16.604,0,0.8473494052886963,-3.9720840454101562,69.77803802490234,-56.49644470214844,-91.97431945800781,22.414024353027344,0.8473494052886963,-3.9720840454101562,69.77803802490234,-56.49644470214844,-91.97431945800781,22.414024353027344,23.222439660795825
16.640,0,0.6778565645217896,-4.735206604003906,69.98387145996094,-55.91106414794922,-91.93809509277344,22.1932373046875,0.6778565645217896,-4.735206604003906,69.98387145996094,-55.91106414794922,-91.93809509277344,22.1932373046875,23.222439660795825
16.672,0,0.5412168502807617,-4.5292510986328125,69.91365051269531,-56.12841033935547,-91.90365600585938,22.33552360534668,0.5412168502807617,-4.5292510986328125,69.91365051269531,-56.12841033935547,-91.90365600585938,22.33552360534668,23.222439660795825
16.706,0,0.34706294536590576,-3.9776744842529297,69.5971908569336,-56.608253479003906,-91.90608215332031,22.4322509765625,0.34706294536590576,-3.9776744842529297,69.5971908569336,-56.608253479003906,-91.90608215332031,22.4322509765625,23.222439660795825
16.739,0,0.4124774932861328,-5.005073547363281,70.01937103271484,-55.815025329589844,-91.9101791381836,22.141250610351562,0.4124774932861328,-5.005073547363281,70.01937103271484,-55.815025329589844,-91.9101791381836,22.141250610351562,23.222439660795825
16.772,0,0.14586448669433594,-5.627420425415039,70.23556518554688,-55.352821350097656,-91.8714599609375,22.002195358276367,0.14586448669433594,-5.627420425415039,70.23556518554688,-55.352821350097656,-91.8714599609375,22.002195358276367,23.222439660795825
16.807,0,0.07859092950820923,-5.692621231079102,70.17805480957031,-55.25562286376953,-91.81926727294922,22.002819061279297,0.07859092950820923,-5.692621231079102,70.17805480957031,-55.25562286376953,-91.81926727294922,22.002819061279297,23.222439660795825
16.839,0,0.028450191020965576,-5.683267593383789,70.17805480957031,-55.304649353027344,-91.75112915039062,21.996429443359375,0.028450191020965576,-5.683267593383789,70.17805480957031,-55.304649353027344,-91.75112915039062,21.996429443359375,23.09197651663405
16.873,0,-0.1736564040184021,-6.042871475219727,70.2037124633789,-54.98548889160156,-91.71481323242188,21.984182357788086,-0.1736564040184021,-6.042871475219727,70.2037124633789,-54.98548889160156,-91.71481323242188,21.984182357788086,22.961513372472275
16.908,0,-0.20350748300552368,-4.733572006225586,69.71556854248047,-56.06877899169922,-91.64015197753906,22.320009231567383,-0.20350748300552368,-4.733572006225586,69.71556854248047,-56.06877899169922,-91.64015197753906,22.320009231567383,22.961513372472275
16.939,0,-0.25535911321640015,-4.169645309448242,69.41170501708984,-56.493309020996094,-91.5824966430664,22.50323486328125,-0.25535911321640015,-4.169645309448242,69.41170501708984,-56.493309020996094,-91.5824966430664,22.50323486328125,22.961513372472275
16.975,0,-0.21998316049575806,-3.3309669494628906,69.05258178710938,-57.17767333984375,-91.52729034423828,22.735389709472656,-0.2199831604957581,-3.3309669494628906,69.05258178710938,-57.17767333984375,-91.52729034423828,22.735389709472656,22.89628180039139
17.008,0,-0.28170543909072876,-3.3535614013671875,69.03838348388672,-57.11521911621094,-91.54269409179688,22.801198959350586,-0.2817054390907287,-3.3535614013671875,69.03838348388672,-57.11521911621094,-91.54269409179688,22.801198959350586,22.89628180039139
17.041,0,-0.17669880390167236,-2.329072952270508,68.6479721069336,-57.903663635253906,-91.45459747314453,23.072174072265625,-0.17669880390167236,-2.329072952270508,68.6479721069336,-57.903663635253906,-91.45459747314453,23.072174072265625,22.961513372472275
17.073,0,0.26631319522857666,-3.4231185913085938,69.1933364868164,-57.18669128417969,-91.45269012451172,22.745410919189453,0.26631319522857666,-3.4231185913085938,69.1933364868164,-57.18669128417969,-91.45269012451172,22.745410919189453,22.961513372472275
17.109,0,0.2864335775375366,-4.130189895629883,69.40312194824219,-56.564266204833984,-91.45604705810547,22.49604034423828,0.2864335775375366,-4.130189895629883,69.40312194824219,-56.564266204833984,-91.45604705810547,22.49604034423828,22.961513372472275
17.138,0,0.3743852376937866,-4.598516464233398,69.56736755371094,-56.13563919067383,-91.5238037109375,22.403179168701172,0.3743852376937866,-4.598516464233398,69.56736755371094,-56.13563919067383,-91.5238037109375,22.403179168701172,22.961513372472275
17.177,0,0.4366002082824707,-4.860673904418945,69.72611999511719,-55.938514709472656,-91.47262573242188,22.336471557617188,0.4366002082824707,-4.860673904418945,69.72611999511719,-55.938514709472656,-91.47262573242188,22.336471557617188,22.961513372472275
17.206,0,0.5183420181274414,-4.684202194213867,69.6053237915039,-55.990055084228516,-91.40925598144531,22.381317138671875,0.5183420181274414,-4.684202194213867,69.6053237915039,-55.990055084228516,-91.40925598144531,22.381317138671875,22.961513372472275
17.241,0,0.44442498683929443,-5.468805313110352,69.97028350830078,-55.4029541015625,-91.40531921386719,22.114091873168945,0.44442498683929443,-5.468805313110352,69.97028350830078,-55.4029541015625,-91.40531921386719,22.114091873168945,22.961513372472275
17.278,0,0.37340009212493896,-5.279767990112305,69.85968017578125,-55.51243591308594,-91.41488647460938,22.219722747802734,0.37340009212493896,-5.279767990112305,69.85968017578125,-55.51243591308594,-91.41488647460938,22.219722747802734,22.961513372472275
17.306,0,0.38131701946258545,-3.8679962158203125,69.27696990966797,-56.56525421142578,-91.38832092285156,22.6097412109375,0.38131701946258545,-3.8679962158203125,69.27696990966797,-56.56525421142578,-91.38832092285156,22.6097412109375,22.961513372472275
17.343,0,0.4770040512084961,-3.8577537536621094,69.1848373413086,-56.40391540527344,-91.30208587646484,22.612455368041992,0.4770040512084961,-3.8577537536621094,69.1848373413086,-56.40391540527344,-91.30208587646484,22.612455368041992,22.961513372472275
17.377,0,0.3659842014312744,-3.1445083618164062,68.70539093017578,-56.73905563354492,-91.2159423828125,22.875499725341797,0.3659842014312744,-3.1445083618164062,68.70539093017578,-56.73905563354492,-91.2159423828125,22.875499725341797,22.961513372472275
17.407,0,0.306185245513916,-2.9751758575439453,68.6136703491211,-56.86030960083008,-91.2109146118164,22.976346969604492,0.306185245513916,-2.9751758575439453,68.6136703491211,-56.86030960083008,-91.2109146118164,22.976346969604492,22.961513372472275
17.442,0,0.3448348045349121,-1.4551315307617188,67.93551635742188,-57.942352294921875,-91.1684341430664,23.4058837890625,0.3448348045349121,-1.4551315307617188,67.93551635742188,-57.942352294921875,-91.1684341430664,23.4058837890625,22.961513372472275
17.477,0,0.5011774301528931,-1.1442203521728516,67.70026397705078,-58.047088623046875,-91.08907318115234,23.492835998535156,0.5011774301528931,-1.1442203521728516,67.70026397705078,-58.047088623046875,-91.08907318115234,23.492835998535156,22.961513372472275
17.507,0,0.43569791316986084,-0.3344268798828125,67.18572235107422,-58.514442443847656,-90.99398803710938,23.77303695678711,0.43569791316986084,-0.3344268798828125,67.18572235107422,-58.514442443847656,-90.99398803710938,23.77303695678711,22.961513372472275
17.544,0,0.8606005907058716,-1.1560134887695312,67.67876434326172,-58.016475677490234,-90.96864318847656,23.74333381652832,0.8606005907058716,-1.1560134887695312,67.67876434326172,-58.016475677490234,-90.96864318847656,23.74333381652832,23.222439660795825
17.576,0,0.8851501941680908,-0.174835205078125,67.29715728759766,-58.755191802978516,-90.9215316772461,24.056509017944336,0.8851501941680908,-0.174835205078125,67.29715728759766,-58.755191802978516,-90.9215316772461,24.056509017944336,23.418134377038484
17.611,0,0.8716508150100708,-0.8589897155761719,67.50420379638672,-58.104393005371094,-90.86785888671875,23.862171173095703,0.8716508150100708,-0.8589897155761719,67.50420379638672,-58.104393005371094,-90.86785888671875,23.862171173095703,23.483365949119374
17.643,0,0.6794513463973999,0.68359375,66.82111358642578,-59.31053924560547,-90.89039611816406,24.273590087890625,0.6794513463973999,0.68359375,66.82111358642578,-59.31053924560547,-90.89039611816406,24.273590087890625,23.54859752120026
17.678,0,1.026785969734192,-0.22677993774414062,67.3232192993164,-58.70934295654297,-90.83505249023438,24.22947883605957,1.026785969734192,-0.2267799377441406,67.3232192993164,-58.70934295654297,-90.83505249023438,24.22947883605957,23.679060665362034
17.710,0,1.1168795824050903,0.4841632843017578,66.97189331054688,-59.258338928222656,-90.74838256835938,24.53531837463379,1.1168795824050903,0.4841632843017578,66.97189331054688,-59.258338928222656,-90.74838256835938,24.53531837463379,23.74429223744292
17.743,0,1.1492353677749634,-0.21425628662109375,67.2024154663086,-58.60356903076172,-90.7127914428711,24.353673934936523,1.1492353677749634,-0.21425628662109375,67.2024154663086,-58.60356903076172,-90.7127914428711,24.353673934936523,24.00521852576647
17.778,0,0.9936983585357666,1.3302364349365234,66.50396728515625,-59.81233215332031,-90.71617889404297,24.781675338745117,0.9936983585357666,1.3302364349365234,66.50396728515625,-59.81233215332031,-90.71617889404297,24.781675338745117,24.135681669928243
17.815,0,0.8390853404998779,1.1969738006591797,66.61447143554688,-59.751930236816406,-90.7221450805664,24.847614288330078,0.8390853404998779,1.1969738006591797,66.61447143554688,-59.751930236816406,-90.7221450805664,24.847614288330078,24.200913242009133
17.842,0,0.845284104347229,1.4967536926269531,66.40925598144531,-59.922035217285156,-90.62877655029297,25.045000076293945,0.845284104347229,1.4967536926269531,66.40925598144531,-59.922035217285156,-90.62877655029297,25.045000076293945,24.26614481409002
17.879,0,1.0046736001968384,1.4675483703613281,66.45250701904297,-59.89326477050781,-90.5722885131836,25.088693618774414,1.0046736001968384,1.4675483703613281,66.45250701904297,-59.89326477050781,-90.5722885131836,25.088693618774414,24.527071102413565
17.909,0,0.8163137435913086,3.0750370025634766,65.74225616455078,-61.159400939941406,-90.58723449707031,25.524513244628906,0.8163137435913086,3.0750370025634766,65.74225616455078,-61.159400939941406,-90.58723449707031,25.524513244628906,24.65753424657534
17.944,0,0.6413712501525879,3.252401351928711,65.74064636230469,-61.319766998291016,-90.56974792480469,25.581541061401367,0.6413712501525879,3.252401351928711,65.74064636230469,-61.319766998291016,-90.56974792480469,25.581541061401367,24.853228962818
17.977,0,1.1719707250595093,2.718412399291992,65.90262603759766,-60.893341064453125,-90.55091857910156,25.436813354492188,1.1719707250595093,2.718412399291992,65.90262603759766,-60.893341064453125,-90.55091857910156,25.436813354492188,24.983692106979777
18.015,0,1.3181179761886597,2.7291088104248047,65.89732360839844,-60.858680725097656,-90.47598266601562,25.56879234313965,1.3181179761886597,2.7291088104248047,65.89732360839844,-60.858680725097656,-90.47598266601562,25.56879234313965,25.309849967384213
18.042,0,0.9597246646881104,3.1238231658935547,65.65725708007812,-61.15126419067383,-90.5837631225586,25.70946502685547,0.9597246646881104,3.1238231658935547,65.65725708007812,-61.15126419067383,-90.5837631225586,25.70946502685547,25.309849967384213
18.081,0,0.7952847480773926,2.992952346801758,65.79369354248047,-61.078128814697266,-90.5975570678711,25.751575469970703,0.7952847480773926,2.992952346801758,65.79369354248047,-61.078128814697266,-90.5975570678711,25.751575469970703,25.309849967384213
18.110,0,0.5204571485519409,3.2876758575439453,65.65564727783203,-61.296417236328125,-90.5864486694336,25.921096801757812,0.5204571485519409,3.2876758575439453,65.65564727783203,-61.296417236328125,-90.5864486694336,25.921096801757812,25.309849967384213
18.145,0,0.6949211359024048,3.306936264038086,65.67625427246094,-61.34450912475586,-90.5083236694336,25.992313385009766,0.6949211359024048,3.306936264038086,65.67625427246094,-61.34450912475586,-90.5083236694336,25.992313385009766,25.440313111545986
18.178,0,0.29759907722473145,3.6504383087158203,65.52555847167969,-61.665889739990234,-90.59598541259766,26.204153060913086,0.29759907722473145,3.6504383087158203,65.52555847167969,-61.665889739990234,-90.59598541259766,26.204153060913086,25.570776255707763
18.211,0,0.030200481414794922,3.478769302368164,65.67781066894531,-61.54196548461914,-90.62232971191406,26.302532196044922,0.030200481414794922,3.478769302368164,65.67781066894531,-61.54196548461914,-90.62232971191406,26.302532196044922,25.701239399869536
18.244,0,-0.2630094885826111,3.7047252655029297,65.66278839111328,-61.81758499145508,-90.69031524658203,26.473003387451172,-0.2630094885826111,3.7047252655029297,65.66278839111328,-61.81758499145508,-90.69031524658203,26.473003387451172,25.83170254403131
18.278,0,-0.128814697265625,3.8803539276123047,65.58956909179688,-61.93710708618164,-90.63005828857422,26.687726974487305,-0.12881469726562506,3.8803539276123047,65.58956909179688,-61.93710708618164,-90.63005828857422,26.687726974487305,26.027397260273972
18.312,0,-0.6170498132705688,4.393739700317383,65.3589859008789,-62.33283233642578,-90.75004577636719,26.974260330200195,-0.6170498132705688,4.393739700317383,65.3589859008789,-62.33283233642578,-90.75004577636719,26.974260330200195,26.09262883235486
18.347,0,-0.8718992471694946,4.482011795043945,65.36891174316406,-62.32503128051758,-90.75489044189453,27.1160945892334,-0.8718992471694946,4.482011795043945,65.36891174316406,-62.32503128051758,-90.75489044189453,27.1160945892334,26.28832354859752
18.379,0,-0.7745617032051086,3.6843433380126953,65.83415985107422,-61.83824157714844,-90.7380599975586,27.1160831451416,-0.7745617032051086,3.6843433380126953,65.83415985107422,-61.83824157714844,-90.7380599975586,27.1160831451416,26.549249836921067
18.412,0,-0.8138170838356018,3.675081253051758,65.7548828125,-61.67811584472656,-90.67779541015625,27.242916107177734,-0.8138170838356018,3.675081253051758,65.7548828125,-61.67811584472656,-90.67779541015625,27.242916107177734,26.74494455316373
18.449,0,-0.9435203671455383,5.303716659545898,65.02603149414062,-62.96033477783203,-90.73714447021484,27.767818450927734,-0.9435203671455383,5.303716659545898,65.02603149414062,-62.96033477783203,-90.73714447021484,27.767818450927734,26.810176125244617
18.477,0,-0.6631114482879639,4.973695755004883,65.23186492919922,-62.68320083618164,-90.77590942382812,27.82975959777832,-0.6631114482879639,4.973695755004883,65.23186492919922,-62.68320083618164,-90.77590942382812,27.82975959777832,26.810176125244617
18.516,0,-0.505439817905426,4.344839096069336,65.60396575927734,-62.283626556396484,-90.74182891845703,27.875484466552734,-0.505439817905426,4.344839096069336,65.60396575927734,-62.283626556396484,-90.74182891845703,27.875484466552734,27.00587084148728
18.545,0,-0.6848762631416321,5.106473922729492,65.2200698852539,-62.718406677246094,-90.66600799560547,28.170080184936523,-0.6848762631416321,5.106473922729492,65.2200698852539,-62.718406677246094,-90.66600799560547,28.170080184936523,27.397260273972602
18.582,0,-0.6866719722747803,6.466402053833008,64.5660629272461,-63.77680587768555,-90.68346405029297,28.5871639251709,-0.6866719722747803,6.466402053833008,64.5660629272461,-63.77680587768555,-90.68346405029297,28.5871639251709,27.59295499021526
18.612,0,-1.0100098848342896,6.924455642700195,64.4696044921875,-64.11439514160156,-90.64720153808594,28.90786361694336,-1.0100098848342896,6.924455642700195,64.4696044921875,-64.11439514160156,-90.64720153808594,28.90786361694336,27.59295499021526
18.650,0,-0.713550865650177,6.103525161743164,64.90497589111328,-63.6309814453125,-90.65264129638672,28.935882568359375,-0.713550865650177,6.103525161743164,64.90497589111328,-63.6309814453125,-90.65264129638672,28.935882568359375,27.85388127853881
18.679,0,-0.9788444638252258,7.154569625854492,64.36511993408203,-64.37234497070312,-90.61280822753906,29.35310935974121,-0.9788444638252258,7.154569625854492,64.36511993408203,-64.37234497070312,-90.61280822753906,29.35310935974121,28.245270711024133
18.714,0,-0.723340630531311,7.827875137329102,63.88106918334961,-64.79676818847656,-90.65536499023438,29.496788024902344,-0.723340630531311,7.827875137329102,63.88106918334961,-64.79676818847656,-90.65536499023438,29.496788024902344,28.506196999347683
18.749,0,-1.0513347387313843,8.700281143188477,63.64751052856445,-65.4842529296875,-90.6208724975586,29.922704696655273,-1.0513347387313843,8.700281143188477,63.64751052856445,-65.4842529296875,-90.6208724975586,29.922704696655273,28.701891715590342
18.782,0,-0.6742333173751831,7.714632034301758,64.21881866455078,-64.96952056884766,-90.64633178710938,29.911100387573242,-0.6742333173751831,7.714632034301758,64.21881866455078,-64.96952056884766,-90.64633178710938,29.911100387573242,29.02804957599478
18.812,0,-0.34356480836868286,7.067869186401367,64.61907958984375,-64.5057144165039,-90.6061782836914,29.761083602905273,-0.34356480836868286,7.067869186401367,64.61907958984375,-64.5057144165039,-90.6061782836914,29.761083602905273,29.288975864318328
18.851,0,-0.06781715154647827,7.728086471557617,64.22967529296875,-64.999755859375,-90.66183471679688,29.90077781677246,-0.06781715154647827,7.728086471557617,64.22967529296875,-64.999755859375,-90.66183471679688,29.90077781677246,29.48467058056099
18.883,0,-0.3613780736923218,8.567739486694336,64.03363037109375,-65.70903015136719,-90.64741516113281,30.341411590576172,-0.3613780736923218,8.567739486694336,64.03363037109375,-65.70903015136719,-90.64741516113281,30.341411590576172,29.549902152641877
18.913,0,-0.07544159889221191,7.623327255249023,64.6098403930664,-65.23973083496094,-90.66854095458984,30.270938873291016,-0.07544159889221191,7.623327255249023,64.6098403930664,-65.23973083496094,-90.66854095458984,30.270938873291016,29.549902152641877
18.950,0,-0.22420763969421387,6.771581649780273,65.0064926147461,-64.60681915283203,-90.71195983886719,30.104171752929688,-0.22420763969421387,6.771581649780273,65.0064926147461,-64.60681915283203,-90.71195983886719,30.104171752929688,29.549902152641877
18.982,0,-0.3558451533317566,6.003801345825195,65.41268157958984,-64.03285217285156,-90.753173828125,29.963605880737305,-0.3558451533317566,6.003801345825195,65.41268157958984,-64.03285217285156,-90.753173828125,29.963605880737305,29.876060013046313
19.017,0,0.036461472511291504,6.88963508605957,64.96681213378906,-64.67794799804688,-90.78511047363281,30.093477249145508,0.036461472511291504,6.88963508605957,64.96681213378906,-64.67794799804688,-90.78511047363281,30.093477249145508,29.876060013046313
19.048,0,0.07802879810333252,7.350618362426758,64.85581970214844,-65.11566162109375,-90.77780151367188,30.4846134185791,0.07802879810333252,7.350618362426758,64.85581970214844,-65.11566162109375,-90.77780151367188,30.4846134185791,29.876060013046313
19.083,0,0.1460210084915161,7.935464859008789,64.74137115478516,-65.73171997070312,-90.77315521240234,30.89102554321289,0.1460210084915161,7.935464859008789,64.74137115478516,-65.73171997070312,-90.77315521240234,30.89102554321289,29.876060013046313
19.116,0,-0.2505263686180115,9.775873184204102,63.940826416015625,-67.21964263916016,-90.84458923339844,31.549285888671875,-0.2505263686180115,9.775873184204102,63.940826416015625,-67.21964263916016,-90.84458923339844,31.549285888671875,29.876060013046313
19.153,0,-0.5708183646202087,10.92695426940918,63.560367584228516,-68.07111358642578,-90.8001708984375,32.09089660644531,-0.5708183646202087,10.92695426940918,63.560367584228516,-68.07111358642578,-90.8001708984375,32.09089660644531,30.20221787345075
19.182,0,-0.8816805481910706,12.108663558959961,63.119258880615234,-68.9451904296875,-90.75646209716797,32.6218147277832,-0.8816805481910706,12.108663558959961,63.119258880615234,-68.9451904296875,-90.75646209716797,32.6218147277832,30.59360730593607
19.218,0,-1.0080517530441284,12.522741317749023,62.926239013671875,-69.24043273925781,-90.6550521850586,32.9123420715332,-1.0080517530441284,12.522741317749023,62.926239013671875,-69.24043273925781,-90.6550521850586,32.9123420715332,31.05022831050228
19.249,0,-1.1737779378890991,13.018377304077148,62.539329528808594,-69.55989074707031,-90.75981140136719,33.2145881652832,-1.1737779378890991,13.018377304077148,62.539329528808594,-69.55989074707031,-90.75981140136719,33.2145881652832,31.57208088714938
19.285,0,-1.322383165359497,13.298257827758789,62.63420867919922,-69.80928039550781,-90.72074127197266,33.466041564941406,-1.322383165359497,13.298257827758789,62.63420867919922,-69.80928039550781,-90.72074127197266,33.466041564941406,32.093933463796475
19.317,0,-1.0596888065338135,12.926412582397461,62.88160705566406,-69.587158203125,-90.67557525634766,33.417686462402344,-1.0596888065338135,12.926412582397461,62.88160705566406,-69.587158203125,-90.67557525634766,33.417686462402344,32.35485975212002
19.351,0,-1.232898473739624,12.375223159790039,63.34510040283203,-69.34677124023438,-90.61212921142578,33.32109069824219,-1.232898473739624,12.375223159790039,63.34510040283203,-69.34677124023438,-90.61212921142578,33.32109069824219,32.615786040443574
19.384,0,-1.4588130712509155,12.187944412231445,63.358394622802734,-69.21540832519531,-90.71967315673828,33.267822265625,-1.4588130712509155,12.187944412231445,63.358394622802734,-69.21540832519531,-90.71967315673828,33.267822265625,32.87671232876712
19.416,0,-0.9485191702842712,12.222822189331055,63.438026428222656,-69.38656616210938,-90.69766235351562,33.215145111083984,-0.9485191702842712,12.222822189331055,63.438026428222656,-69.38656616210938,-90.69766235351562,33.215145111083984,33.07240704500978
19.454,0,-0.6629509329795837,11.959558486938477,63.60822296142578,-69.23248291015625,-90.68158721923828,33.080360412597656,-0.6629509329795837,11.959558486938477,63.60822296142578,-69.23248291015625,-90.68158721923828,33.080360412597656,33.07240704500978
19.483,0,-0.7929934859275818,12.098817825317383,63.624969482421875,-69.36373901367188,-90.62122344970703,33.11737823486328,-0.7929934859275818,12.098817825317383,63.624969482421875,-69.36373901367188,-90.62122344970703,33.11737823486328,33.13763861709067
19.520,0,-0.8491800427436829,11.653879165649414,63.65511703491211,-68.93850708007812,-90.75498962402344,32.8867073059082,-0.8491800427436829,11.653879165649414,63.65511703491211,-68.93850708007812,-90.75498962402344,32.8867073059082,33.13763861709067
19.550,0,-0.5499535202980042,12.04472541809082,63.43062210083008,-69.24662017822266,-90.72611999511719,32.963829040527344,-0.5499535202980042,12.04472541809082,63.43062210083008,-69.24662017822266,-90.72611999511719,32.963829040527344,33.13763861709067
19.584,0,-0.11334413290023804,11.424985885620117,63.872840881347656,-68.88079833984375,-90.74352264404297,32.616729736328125,-0.11334413290023804,11.424985885620117,63.872840881347656,-68.88079833984375,-90.74352264404297,32.616729736328125,33.13763861709067
19.620,0,-0.23146206140518188,11.744176864624023,63.762813568115234,-69.13430786132812,-90.68196868896484,32.71944046020508,-0.23146206140518188,11.744176864624023,63.762813568115234,-69.13430786132812,-90.68196868896484,32.71944046020508,33.13763861709067
19.653,0,-0.3115057945251465,11.423727035522461,63.66877365112305,-68.75260925292969,-90.80917358398438,32.66855239868164,-0.3115057945251465,11.423727035522461,63.66877365112305,-68.75260925292969,-90.80917358398438,32.66855239868164,33.13763861709067
19.686,0,-0.4861229658126831,12.799684524536133,63.14501953125,-69.8608627319336,-90.74899291992188,33.05054473876953,-0.4861229658126831,12.799684524536133,63.14501953125,-69.8608627319336,-90.74899291992188,33.05054473876953,33.13763861709067
19.719,0,-0.03569197654724121,12.075899124145508,63.47848892211914,-69.30609893798828,-90.74688720703125,32.744140625,-0.03569197654724121,12.075899124145508,63.47848892211914,-69.30609893798828,-90.74688720703125,32.744140625,33.13763861709067
19.754,0,-0.19468069076538086,11.551416397094727,63.75931930541992,-68.95686340332031,-90.76914978027344,32.49378967285156,-0.19468069076538086,11.551416397094727,63.75931930541992,-68.95686340332031,-90.76914978027344,32.49378967285156,33.13763861709067
19.785,0,-0.5876808166503906,11.840616226196289,63.43065643310547,-69.06236267089844,-90.8679428100586,32.509822845458984,-0.5876808166503906,11.840616226196289,63.43065643310547,-69.06236267089844,-90.8679428100586,32.509822845458984,33.13763861709067
19.821,0,-0.7167794704437256,13.20289421081543,62.86757278442383,-70.0884780883789,-90.80414581298828,32.96418762207031,-0.7167794704437256,13.20289421081543,62.86757278442383,-70.0884780883789,-90.80414581298828,32.96418762207031,32.94194390084801
19.852,0,-0.3029976487159729,12.57914924621582,63.16970443725586,-69.6048812866211,-90.80361938476562,32.746185302734375,-0.3029976487159729,12.57914924621582,63.16970443725586,-69.6048812866211,-90.80361938476562,32.746185302734375,32.87671232876712
19.894,0,-0.4671778976917267,12.225831985473633,63.36732482910156,-69.35002136230469,-90.82170867919922,32.581260681152344,-0.4671778976917267,12.225831985473633,63.36732482910156,-69.35002136230469,-90.82170867919922,32.581260681152344,32.94194390084801
19.918,0,-0.8253464102745056,12.340581893920898,63.10481262207031,-69.37334442138672,-90.96279907226562,32.43234634399414,-0.8253464102745056,12.340581893920898,63.10481262207031,-69.37334442138672,-90.96279907226562,32.43234634399414,32.94194390084801
19.952,0,-0.935097336769104,12.443452835083008,63.058807373046875,-69.46083068847656,-90.91920471191406,32.348480224609375,-0.935097336769104,12.443452835083008,63.058807373046875,-69.46083068847656,-90.91920471191406,32.348480224609375,32.94194390084801
19.988,0,-1.1506825685501099,11.980936050415039,63.259910583496094,-69.049072265625,-90.87271881103516,32.27489471435547,-1.1506825685501099,11.980936050415039,63.259910583496094,-69.049072265625,-90.87271881103516,32.27489471435547,32.94194390084801
20.019,0,-1.344414472579956,11.507646560668945,63.466651916503906,-68.64598083496094,-90.86715698242188,32.126930236816406,-1.344414472579956,11.507646560668945,63.466651916503906,-68.64598083496094,-90.86715698242188,32.126930236816406,32.94194390084801
20.056,0,-1.7393908500671387,11.418310165405273,63.25419616699219,-68.41627502441406,-90.95797729492188,32.04402160644531,-1.7393908500671387,11.418310165405273,63.25419616699219,-68.41627502441406,-90.95797729492188,32.04402160644531,32.81148075668624
20.085,0,-1.4036835432052612,12.003366470336914,62.93332290649414,-68.81507873535156,-90.94139862060547,32.15476989746094,-1.4036835432052612,12.003366470336914,62.93332290649414,-68.81507873535156,-90.94139862060547,32.15476989746094,32.81148075668624
20.121,0,-1.543177604675293,11.53898811340332,63.18564224243164,-68.45207214355469,-90.86956787109375,32.084320068359375,-1.543177604675293,11.53898811340332,63.18564224243164,-68.45207214355469,-90.86956787109375,32.084320068359375,32.81148075668624
20.152,0,-1.787923812866211,11.07011604309082,63.42027282714844,-68.07308197021484,-90.83663940429688,31.924083709716797,-1.787923812866211,11.07011604309082,63.42027282714844,-68.07308197021484,-90.83663940429688,31.924083709716797,32.68101761252446
20.189,0,-1.8866045475006104,11.447389602661133,63.060909271240234,-68.20689392089844,-90.8776626586914,32.04725646972656,-1.8866045475006104,11.447389602661133,63.060909271240234,-68.20689392089844,-90.8776626586914,32.04725646972656,32.68101761252446
20.220,0,-1.3536347150802612,11.934785842895508,62.76362609863281,-68.61685180664062,-90.83631134033203,32.166038513183594,-1.3536347150802612,11.934785842895508,62.76362609863281,-68.61685180664062,-90.83631134033203,32.166038513183594,32.550554468362684
20.255,0,-1.4455153942108154,11.449308395385742,62.9962158203125,-68.23458862304688,-90.77232360839844,32.04850387573242,-1.4455153942108154,11.449308395385742,62.9962158203125,-68.23458862304688,-90.77232360839844,32.04850387573242,32.4853228962818
20.287,0,-1.6833839416503906,11.509489059448242,62.972679138183594,-68.23332977294922,-90.72437286376953,32.06049346923828,-1.6833839416503906,11.509489059448242,62.972679138183594,-68.23332977294922,-90.72437286376953,32.06049346923828,32.4853228962818
20.322,0,-1.7650530338287354,11.699102401733398,62.65917205810547,-68.2178955078125,-90.80097961425781,32.13595199584961,-1.7650530338287354,11.699102401733398,62.65917205810547,-68.2178955078125,-90.80097961425781,32.13595199584961,32.4853228962818
20.354,0,-1.6220123767852783,12.009981155395508,62.41770935058594,-68.41094970703125,-90.7390365600586,32.114898681640625,-1.6220123767852783,12.009981155395508,62.41770935058594,-68.41094970703125,-90.7390365600586,32.114898681640625,32.4853228962818
20.391,0,-1.7165474891662598,11.595586776733398,62.579872131347656,-68.00901794433594,-90.69001770019531,32.024742126464844,-1.7165474891662598,11.595586776733398,62.579872131347656,-68.00901794433594,-90.69001770019531,32.024742126464844,32.42009132420091
20.432,0,-1.890676736831665,11.273458480834961,62.735225677490234,-67.68460083007812,-90.65596771240234,32.00856399536133,-1.890676736831665,11.273458480834961,62.735225677490234,-67.68460083007812,-90.65596771240234,32.00856399536133,32.42009132420091
20.457,0,-1.3848689794540405,11.72791862487793,62.319297790527344,-67.91815185546875,-90.68833923339844,32.11162567138672,-1.3848689794540405,11.72791862487793,62.319297790527344,-67.91815185546875,-90.68833923339844,32.11162567138672,32.42009132420091
20.489,0,-1.3265619277954102,12.40498161315918,61.9646110534668,-68.40229797363281,-90.59632873535156,32.273033142089844,-1.3265619277954102,12.40498161315918,61.9646110534668,-68.40229797363281,-90.59632873535156,32.273033142089844,32.42009132420091
20.524,0,-1.4512438774108887,12.119779586791992,62.137916564941406,-68.07846069335938,-90.51646423339844,32.18198776245117,-1.4512438774108887,12.119779586791992,62.137916564941406,-68.07846069335938,-90.51646423339844,32.18198776245117,32.42009132420091
20.561,0,-1.5684914588928223,11.873815536499023,62.24268341064453,-67.78730773925781,-90.48561096191406,32.08327865600586,-1.5684914588928223,11.873815536499023,62.24268341064453,-67.78730773925781,-90.48561096191406,32.08327865600586,32.42009132420091
20.590,0,-1.9082022905349731,12.662946701049805,61.724971771240234,-68.21681213378906,-90.5391616821289,32.24814987182617,-1.9082022905349731,12.662946701049805,61.724971771240234,-68.21681213378906,-90.5391616821289,32.24814987182617,32.42009132420091
20.626,0,-2.2301158905029297,12.532541275024414,61.765438079833984,-68.09262084960938,-90.55619049072266,32.27242660522461,-2.2301158905029297,12.532541275024414,61.765438079833984,-68.09262084960938,-90.55619049072266,32.27242660522461,32.42009132420091
20.657,0,-2.2954254150390625,12.016618728637695,62.038352966308594,-67.66617584228516,-90.51140594482422,32.13114547729492,-2.2954254150390625,12.016618728637695,62.038352966308594,-67.66617584228516,-90.51140594482422,32.13114547729492,32.42009132420091
20.693,0,-2.4768800735473633,11.688840866088867,62.28840637207031,-67.43504333496094,-90.47854614257812,32.05743408203125,-2.4768800735473633,11.688840866088867,62.28840637207031,-67.43504333496094,-90.47854614257812,32.05743408203125,32.42009132420091
20.726,0,-2.811906337738037,12.379037857055664,61.77263259887695,-67.74618530273438,-90.53849029541016,32.180030822753906,-2.811906337738037,12.379037857055664,61.77263259887695,-67.74618530273438,-90.53849029541016,32.180030822753906,32.42009132420091
20.761,0,-3.175637722015381,12.740095138549805,61.64299392700195,-68.01986694335938,-90.57333374023438,32.34999084472656,-3.175637722015381,12.740095138549805,61.64299392700195,-68.01986694335938,-90.57333374023438,32.34999084472656,32.42009132420091
20.796,0,-3.4006199836730957,12.563680648803711,61.84370803833008,-67.88758850097656,-90.52287292480469,32.266361236572266,-3.4006199836730957,12.563680648803711,61.84370803833008,-67.88758850097656,-90.52287292480469,32.266361236572266,32.42009132420091
20.831,0,-3.477415084838867,12.627187728881836,61.892295837402344,-67.84382629394531,-90.42195892333984,32.30744934082031,-3.477415084838867,12.627187728881836,61.892295837402344,-67.84382629394531,-90.42195892333984,32.30744934082031,32.42009132420091
20.861,0,-3.752847671508789,13.686548233032227,61.25359344482422,-68.47142028808594,-90.48213195800781,32.55647277832031,-3.752847671508789,13.686548233032227,61.25359344482422,-68.47142028808594,-90.48213195800781,32.55647277832031,32.42009132420091
20.899,0,-3.1864356994628906,13.474969863891602,61.571044921875,-68.51695251464844,-90.44097137451172,32.44807815551758,-3.1864356994628906,13.474969863891602,61.571044921875,-68.51695251464844,-90.44097137451172,32.44807815551758,32.42009132420091
20.924,0,-3.377345561981201,13.391141891479492,61.76673126220703,-68.42642211914062,-90.37201690673828,32.413352966308594,-3.377345561981201,13.391141891479492,61.76673126220703,-68.42642211914062,-90.37201690673828,32.413352966308594,32.42009132420091
20.959,0,-3.4528393745422363,13.24626350402832,61.983856201171875,-68.33139038085938,-90.28775024414062,32.35111999511719,-3.4528393745422363,13.24626350402832,61.983856201171875,-68.33139038085938,-90.28775024414062,32.35111999511719,32.42009132420091
20.993,0,-3.0031957626342773,13.63945198059082,61.65666198730469,-68.62655639648438,-90.3009262084961,32.399864196777344,-3.0031957626342773,13.63945198059082,61.65666198730469,-68.62655639648438,-90.3009262084961,32.399864196777344,32.42009132420091
21.030,0,-3.401456832885742,13.765352249145508,61.72819519042969,-68.79596710205078,-90.32455444335938,32.40850067138672,-3.401456832885742,13.765352249145508,61.72819519042969,-68.79596710205078,-90.32455444335938,32.40850067138672,32.42009132420091
21.059,0,-3.81268310546875,13.719694137573242,61.859378814697266,-68.85575866699219,-90.3375244140625,32.411643981933594,-3.81268310546875,13.719694137573242,61.859378814697266,-68.85575866699219,-90.3375244140625,32.411643981933594,32.42009132420091
21.095,0,-3.919528007507324,12.984674453735352,62.36359786987305,-68.42057800292969,-90.29313659667969,32.14299774169922,-3.919528007507324,12.984674453735352,62.36359786987305,-68.42057800292969,-90.29313659667969,32.14299774169922,32.42009132420091
21.126,0,-4.045134544372559,12.773164749145508,62.610443115234375,-68.33924865722656,-90.23318481445312,32.0616340637207,-4.045134544372559,12.773164749145508,62.610443115234375,-68.33924865722656,-90.23318481445312,32.0616340637207,32.42009132420091
21.163,0,-4.528474807739258,13.404550552368164,62.243595123291016,-68.78076171875,-90.29452514648438,32.03072738647461,-4.528474807739258,13.404550552368164,62.243595123291016,-68.78076171875,-90.29452514648438,32.03072738647461,32.42009132420091
21.194,0,-4.754480361938477,12.496641159057617,62.80340576171875,-68.26087951660156,-90.37908935546875,31.747053146362305,-4.754480361938477,12.496641159057617,62.80340576171875,-68.26087951660156,-90.37908935546875,31.747053146362305,32.42009132420091
21.230,0,-4.9763264656066895,11.62205696105957,63.40184020996094,-67.75042724609375,-90.36100006103516,31.38492202758789,-4.9763264656066895,11.62205696105957,63.40184020996094,-67.75042724609375,-90.36100006103516,31.38492202758789,32.42009132420091
21.259,0,-5.1027350425720215,11.430692672729492,63.6567268371582,-67.64950561523438,-90.27581787109375,31.382814407348633,-5.1027350425720215,11.430692672729492,63.6567268371582,-67.64950561523438,-90.27581787109375,31.382814407348633,32.42009132420091
21.298,0,-5.4053568840026855,11.544549942016602,63.4799919128418,-67.6905746459961,-90.38318634033203,31.32154083251953,-5.4053568840026855,11.544549942016602,63.4799919128418,-67.6905746459961,-90.38318634033203,31.32154083251953,32.159165035877365
21.327,0,-5.596745491027832,10.553804397583008,64.00204467773438,-67.00750732421875,-90.4769515991211,30.956947326660156,-5.596745491027832,10.553804397583008,64.00204467773438,-67.00750732421875,-90.4769515991211,30.956947326660156,31.898238747553815
21.366,0,-5.6909990310668945,9.513025283813477,64.64796447753906,-66.35395812988281,-90.4729995727539,30.53429412841797,-5.6909990310668945,9.513025283813477,64.64796447753906,-66.35395812988281,-90.4729995727539,30.53429412841797,31.898238747553815
21.397,0,-5.7538909912109375,9.192659378051758,64.96031188964844,-66.09751892089844,-90.41112518310547,30.413976669311523,-5.7538909912109375,9.192659378051758,64.96031188964844,-66.09751892089844,-90.41112518310547,30.413976669311523,31.702544031311152
21.427,0,-6.266572952270508,9.401960372924805,64.81639099121094,-66.26370239257812,-90.49806213378906,30.232452392578125,-6.266572952270508,9.401960372924805,64.81639099121094,-66.26370239257812,-90.49806213378906,30.232452392578125,31.441617742987603
21.463,0,-6.504785537719727,8.374353408813477,65.33546447753906,-65.5052719116211,-90.60887145996094,29.86233901977539,-6.504785537719727,8.374353408813477,65.33546447753906,-65.5052719116211,-90.60887145996094,29.86233901977539,31.115459882583167
21.495,0,-6.347804546356201,7.271551132202148,65.9863510131836,-64.77906799316406,-90.6619873046875,29.354948043823242,-6.347804546356201,7.527472527472527,65.9863510131836,-64.77906799316406,-90.6619873046875,29.354948043823242,30.85453359425962
21.528,0,-6.2199625968933105,6.088590621948242,66.66368865966797,-64.04689025878906,-90.66253662109375,28.863067626953125,-6.2199625968933105,6.824175824175825,66.66368865966797,-64.04689025878906,-90.66253662109375,28.863067626953125,30.59360730593607
21.562,0,-5.840806484222412,6.227300643920898,66.52851104736328,-64.08416748046875,-90.69652557373047,28.684371948242188,-5.840806484222412,6.227300643920898,66.52851104736328,-64.08416748046875,-90.69652557373047,28.684371948242188,30.267449445531636
21.595,0,-6.266763687133789,5.00373649597168,67.13062286376953,-63.17808151245117,-90.81330871582031,28.238880157470703,-6.266763687133789,5.32967032967033,67.13062286376953,-63.17808151245117,-90.81330871582031,28.238880157470703,29.876060013046313
21.630,0,-6.055502891540527,3.6355838775634766,67.88500213623047,-62.25042724609375,-90.82987976074219,27.771747589111328,-6.055502891540527,4.7142857142857135,67.88500213623047,-62.25042724609375,-90.82987976074219,27.771747589111328,29.48467058056099
21.663,0,-5.985827922821045,2.430906295776367,68.56006622314453,-61.46681594848633,-90.8565673828125,27.284263610839844,-5.985827922821045,3.9230769230769234,68.56006622314453,-61.46681594848633,-90.8565673828125,27.284263610839844,29.158512720156555
21.699,0,-5.705636501312256,1.8008003234863281,68.8257064819336,-60.97063064575195,-90.86866760253906,27.01659393310547,-5.705636501312256,3.1318681318681314,68.8257064819336,-60.97063064575195,-90.86866760253906,27.01659393310547,28.767123287671232
21.731,0,-6.121881484985352,1.2842655181884766,69.1092758178711,-60.56452178955078,-90.90104675292969,26.832277297973633,-6.121881484985352,2.3406593406593403,69.1092758178711,-60.56452178955078,-90.90104675292969,26.832277297973633,28.31050228310502
21.764,0,-5.998959064483643,0.10398674011230469,69.69625854492188,-59.73521423339844,-90.89408111572266,26.389774322509766,-5.998959064483643,1.5494505494505493,69.69625854492188,-59.73521423339844,-90.89408111572266,26.389774322509766,27.919112850619697
21.799,0,-6.023072242736816,-0.4019775390625,69.89144897460938,-59.26280975341797,-90.8990707397461,26.260211944580078,-6.023072242736816,0.6703296703296706,69.89144897460938,-59.26280975341797,-90.8990707397461,26.260211944580078,27.59295499021526
21.829,0,-5.6440582275390625,-1.268930435180664,70.1438980102539,-58.44458770751953,-90.90174102783203,25.874256134033203,-5.6440582275390625,-0.12087912087912045,70.1438980102539,-58.44458770751953,-90.90174102783203,25.874256134033203,27.266797129810826
21.863,0,-5.626778602600098,-2.7222938537597656,70.76831817626953,-57.25752639770508,-90.94546508789062,25.415048599243164,-5.626778602600098,-0.9120879120879124,70.76831817626953,-57.25752639770508,-90.94546508789062,25.415048599243164,26.94063926940639
21.896,0,-5.47750997543335,-3.708547592163086,71.24820709228516,-56.51060485839844,-90.90912628173828,25.01525115966797,-5.47750997543335,-1.7032967032967035,71.24820709228516,-56.51060485839844,-90.90912628173828,25.01525115966797,26.614481409001954
21.929,0,-5.3782639503479,-4.810083389282227,71.61077117919922,-55.4385871887207,-90.96600341796875,24.663747787475586,-5.3782639503479,-2.5824175824175826,71.61077117919922,-55.4385871887207,-90.96600341796875,24.663747787475586,26.22309197651663
21.963,0,-5.09182071685791,-5.273500442504883,71.61568450927734,-54.854244232177734,-90.98843383789062,24.359426498413086,-5.09182071685791,-3.4615384615384617,71.61568450927734,-54.854244232177734,-90.98843383789062,24.359426498413086,25.83170254403131
21.997,0,-5.035512447357178,-6.741933822631836,72.23833465576172,-53.66476058959961,-91.04457092285156,23.91375732421875,-5.035512447357178,-4.252747252747253,72.23833465576172,-53.66476058959961,-91.04457092285156,23.91375732421875,25.440313111545986
22.029,0,-4.779205322265625,-7.834924697875977,72.70458221435547,-52.828025817871094,-91.05474090576172,23.4384822845459,-4.779205322265625,-5.043956043956044,72.70458221435547,-52.828025817871094,-91.05474090576172,23.4384822845459,25.048923679060664
22.063,0,-4.620683670043945,-8.627737045288086,72.92277526855469,-52.00367736816406,-91.12665557861328,23.16954803466797,-4.620683670043945,-6.010989010989011,72.92277526855469,-52.00367736816406,-91.12665557861328,23.16954803466797,24.722765818656228
22.097,0,-4.329234600067139,-8.517440795898438,72.63516998291016,-51.832489013671875,-91.12322998046875,23.08064842224121,-4.329234600067139,-6.802197802197802,72.63516998291016,-51.832489013671875,-91.12322998046875,23.08064842224121,24.26614481409002
22.133,0,-4.308018207550049,-9.866388320922852,73.10304260253906,-50.60237503051758,-91.20587921142578,22.70231819152832,-4.308018207550049,-7.593406593406593,73.10304260253906,-50.60237503051758,-91.20587921142578,22.70231819152832,23.874755381604697
22.165,0,-4.017706871032715,-10.90292739868164,73.6261215209961,-49.85981750488281,-91.19966125488281,22.26714324951172,-4.017706871032715,-8.472527472527473,73.6261215209961,-49.85981750488281,-91.19966125488281,22.26714324951172,23.613829093281147
22.199,0,-4.011332988739014,-11.740884780883789,73.79761505126953,-48.907283782958984,-91.27296447753906,22.07880401611328,-4.011332988739014,-9.35164835164835,73.79761505126953,-48.907283782958984,-91.27296447753906,22.07880401611328,23.352902804957598
22.232,0,-4.2713518142700195,-11.194690704345703,73.54375457763672,-49.384952545166016,-91.26737976074219,22.17629623413086,-4.2713518142700195,-10.23076923076923,73.54375457763672,-49.384952545166016,-91.26737976074219,22.17629623413086,23.026744944553162
22.265,0,-4.571629524230957,-10.768014907836914,73.51325225830078,-49.74409866333008,-91.26241302490234,22.257495880126953,-4.571629524230957,-10.768014907836914,73.51325225830078,-49.74409866333008,-91.26241302490234,22.257495880126953,22.63535551206784
22.297,0,-4.349559307098389,-11.973636627197266,74.09642791748047,-48.905296325683594,-91.29125213623047,21.818546295166016,-4.349559307098389,-11.725274725274726,74.09642791748047,-48.905296325683594,-91.29125213623047,21.818546295166016,22.37442922374429
22.333,0,-4.553923606872559,-11.34250259399414,73.70653533935547,-49.28950500488281,-91.35725402832031,22.029300689697266,-4.553923606872559,-11.34250259399414,73.70653533935547,-49.28950500488281,-91.35725402832031,22.029300689697266,22.37442922374429
22.365,0,-4.354166507720947,-10.355470657348633,73.16557312011719,-49.95468521118164,-91.29963684082031,22.11467933654785,-4.354166507720947,-10.355470657348633,73.16557312011719,-49.95468521118164,-91.29963684082031,22.11467933654785,22.309197651663403
22.402,0,-4.60590934753418,-10.586278915405273,73.34915924072266,-49.83356857299805,-91.3077392578125,21.98533058166504,-4.60590934753418,-10.586278915405273,73.34915924072266,-49.83356857299805,-91.3077392578125,21.98533058166504,22.243966079582517
22.431,0,-4.577845096588135,-11.804128646850586,73.78105926513672,-48.83721923828125,-91.2783203125,21.586469650268555,-4.577845096588135,-11.804128646850586,73.78105926513672,-48.83721923828125,-91.2783203125,21.586469650268555,22.243966079582517
22.469,0,-4.493749141693115,-12.376571655273438,73.76714324951172,-48.151580810546875,-91.3556137084961,21.530813217163086,-4.493749141693115,-12.376571655273438,73.76714324951172,-48.151580810546875,-91.3556137084961,21.530813217163086,22.243966079582517
22.511,0,-4.382782459259033,-11.083736419677734,73.20470428466797,-49.11549377441406,-91.30728149414062,21.7535457611084,-4.382782459259033,-11.083736419677734,73.20470428466797,-49.11549377441406,-91.30728149414062,21.7535457611084,22.17873450750163
22.535,0,-4.488435745239258,-10.913442611694336,73.20594024658203,-49.303077697753906,-91.31790161132812,21.69989776611328,-4.488435745239258,-10.913442611694336,73.20594024658203,-49.303077697753906,-91.31790161132812,21.69989776611328,21.983039791258967
22.567,0,-4.3239216804504395,-12.130281448364258,73.73129272460938,-48.46063232421875,-91.2524642944336,21.3042049407959,-4.3239216804504395,-12.130281448364258,73.73129272460938,-48.46063232421875,-91.2524642944336,21.3042049407959,21.91780821917808
22.603,0,-4.274632453918457,-12.028970718383789,73.52197265625,-48.4730339050293,-91.27033233642578,21.435718536376953,-4.274632453918457,-12.028970718383789,73.52197265625,-48.4730339050293,-91.27033233642578,21.435718536376953,21.91780821917808
22.637,0,-4.040578365325928,-12.712987899780273,73.70130920410156,-47.890625,-91.24913024902344,21.28676986694336,-4.040578365325928,-12.712987899780273,73.70130920410156,-47.890625,-91.24913024902344,21.28676986694336,21.852576647097194
22.669,0,-4.0875773429870605,-13.490900993347168,74.06586456298828,-47.29669952392578,-91.32857513427734,21.08013343811035,-4.0875773429870605,-13.490900993347168,74.06586456298828,-47.29669952392578,-91.32857513427734,21.08013343811035,21.722113502935418
22.706,0,-3.9141931533813477,-15.293458938598633,74.85762786865234,-46.0037727355957,-91.33045959472656,20.48650360107422,-3.9141931533813477,-15.153846153846153,74.85762786865234,-46.0037727355957,-91.33045959472656,20.48650360107422,21.591650358773645
22.738,0,-3.7391505241394043,-16.48088264465332,75.2493896484375,-44.99506378173828,-91.31493377685547,20.235332489013672,-3.7391505241394043,-15.68131868131868,75.2493896484375,-44.99506378173828,-91.31493377685547,20.235332489013672,21.461187214611872
22.779,0,-3.4244885444641113,-16.76303482055664,75.31275177001953,-44.76784896850586,-91.28006744384766,20.13896369934082,-3.4244885444641113,-16.76303482055664,75.31275177001953,-44.76784896850586,-91.28006744384766,20.13896369934082,21.26549249836921
22.807,0,-3.6906466484069824,-16.288103103637695,75.23727416992188,-45.198944091796875,-91.24676513671875,20.223196029663086,-3.6906466484069824,-16.288103103637695,75.23727416992188,-45.198944091796875,-91.24676513671875,20.223196029663086,20.808871493803
22.840,0,-3.8040900230407715,-16.869150161743164,75.56399536132812,-44.80070495605469,-91.22477722167969,19.92518424987793,-3.8040900230407715,-16.869150161743164,75.56399536132812,-44.80070495605469,-91.22477722167969,19.92518424987793,20.613176777560337
22.870,0,-3.608264446258545,-18.31873321533203,76.069580078125,-43.58141326904297,-91.24433135986328,19.628986358642578,-3.608264446258545,-18.31873321533203,76.069580078125,-43.58141326904297,-91.24433135986328,19.628986358642578,20.417482061317678
22.905,0,-3.5038504600524902,-17.79229736328125,75.67102813720703,-43.85997009277344,-91.21919250488281,19.688072204589844,-3.5038504600524902,-17.79229736328125,75.67102813720703,-43.85997009277344,-91.21919250488281,19.688072204589844,20.417482061317678
22.936,0,-3.8277711868286133,-17.19010353088379,75.50337219238281,-44.33271789550781,-91.19873046875,19.850997924804688,-3.8277711868286133,-17.19010353088379,75.50337219238281,-44.33271789550781,-91.19873046875,19.850997924804688,20.15655577299413
22.972,0,-3.9911041259765625,-17.592147827148438,75.8198013305664,-44.16363525390625,-91.201904296875,19.664575576782227,-3.9911041259765625,-17.592147827148438,75.8198013305664,-44.16363525390625,-91.201904296875,19.664575576782227,19.960861056751465
23.005,0,-4.015988826751709,-17.971454620361328,75.93405151367188,-43.80763244628906,-91.15440368652344,19.66928482055664,-4.015988826751709,-17.971454620361328,75.93405151367188,-43.80763244628906,-91.15440368652344,19.66928482055664,19.960861056751465
23.039,0,-4.020380020141602,-16.291152954101562,75.33576965332031,-45.20744323730469,-91.14395904541016,20.00951385498047,-4.020380020141602,-16.291152954101562,75.33576965332031,-45.20744323730469,-91.14395904541016,20.00951385498047,19.89562948467058
23.072,0,-4.328490734100342,-15.506057739257812,75.18798065185547,-45.905189514160156,-91.09011840820312,20.24422836303711,-4.328490734100342,-15.506057739257812,75.18798065185547,-45.905189514160156,-91.09011840820312,20.24422836303711,19.89562948467058
23.104,0,-4.244382381439209,-16.43440055847168,75.59326171875,-45.183929443359375,-91.077880859375,19.971324920654297,-4.244382381439209,-16.43440055847168,75.59326171875,-45.183929443359375,-91.077880859375,19.971324920654297,19.89562948467058
23.139,0,-4.206740379333496,-16.68276596069336,75.63636779785156,-44.90596008300781,-91.02859497070312,20.066070556640625,-4.206740379333496,-16.68276596069336,75.63636779785156,-44.90596008300781,-91.02859497070312,20.066070556640625,19.89562948467058
23.172,0,-4.060268402099609,-15.572854042053223,75.15594482421875,-45.85565948486328,-91.00244903564453,20.337495803833008,-4.060268402099609,-15.572854042053223,75.15594482421875,-45.85565948486328,-91.00244903564453,20.337495803833008,19.89562948467058
23.205,0,-4.363053798675537,-15.009305953979492,75.0726318359375,-46.39258575439453,-90.9476547241211,20.55834197998047,-4.363053798675537,-15.009305953979492,75.0726318359375,-46.39258575439453,-90.9476547241211,20.55834197998047,19.89562948467058
23.241,0,-4.544291019439697,-15.867504119873047,75.3802719116211,-45.66808319091797,-90.94007873535156,20.37812042236328,-4.544291019439697,-15.867504119873047,75.3802719116211,-45.66808319091797,-90.94007873535156,20.37812042236328,19.89562948467058
23.272,0,-4.224311351776123,-16.073213577270508,75.40010070800781,-45.52775573730469,-90.98452758789062,20.445863723754883,-4.224311351776123,-16.073213577270508,75.40010070800781,-45.52775573730469,-90.98452758789062,20.445863723754883,19.960861056751465
23.305,0,-4.127511024475098,-15.020283699035645,74.88678741455078,-46.33648681640625,-90.94927978515625,20.700212478637695,-4.127511024475098,-15.020283699035645,74.88678741455078,-46.33648681640625,-90.94927978515625,20.700212478637695,20.026092628832355
23.342,0,-3.7872114181518555,-16.65443992614746,75.7120132446289,-45.18584060668945,-90.92501831054688,20.17047691345215,-3.7872114181518555,-16.65443992614746,75.7120132446289,-45.18584060668945,-90.92501831054688,20.17047691345215,20.026092628832355
23.372,0,-3.9314346313476562,-17.233427047729492,75.96501159667969,-44.671443939208984,-90.93592834472656,20.095781326293945,-3.9314346313476562,-17.233427047729492,75.96501159667969,-44.671443939208984,-90.93592834472656,20.095781326293945,20.026092628832355
23.407,0,-3.911411762237549,-17.943294525146484,76.16769409179688,-44.143280029296875,-91.01612854003906,19.88704490661621,-3.911411762237549,-17.943294525146484,76.16769409179688,-44.143280029296875,-91.01612854003906,19.88704490661621,20.15655577299413
23.438,0,-3.4806323051452637,-18.379409790039062,76.33287811279297,-43.91039276123047,-90.98806762695312,19.908367156982422,-3.4806323051452637,-18.379409790039062,76.33287811279297,-43.91039276123047,-90.98806762695312,19.908367156982422,20.15655577299413
23.472,0,-3.2243895530700684,-19.550884246826172,76.97177124023438,-43.22803497314453,-90.99475860595703,19.545866012573242,-3.2243895530700684,-19.550884246826172,76.97177124023438,-43.22803497314453,-90.99475860595703,19.545866012573242,20.15655577299413
23.508,0,-3.596799373626709,-20.191036224365234,77.24261474609375,-42.78235626220703,-91.0424575805664,19.44191551208496,-3.596799373626709,-20.191036224365234,77.24261474609375,-42.78235626220703,-91.0424575805664,19.44191551208496,20.15655577299413
23.539,0,-3.8976969718933105,-18.89508056640625,76.6368179321289,-43.719974517822266,-91.06040954589844,19.81349754333496,-3.8976969718933105,-18.89508056640625,76.6368179321289,-43.719974517822266,-91.06040954589844,19.81349754333496,20.15655577299413
23.575,0,-3.6843132972717285,-18.536930084228516,76.29937744140625,-43.875396728515625,-91.0174331665039,19.824588775634766,-3.6843132972717285,-18.536930084228516,76.29937744140625,-43.875396728515625,-91.0174331665039,19.824588775634766,19.960861056751465
23.606,0,-3.2947564125061035,-19.883644104003906,76.82636260986328,-42.80347442626953,-91.00521850585938,19.580102920532227,-3.2947564125061035,-19.883644104003906,76.82636260986328,-42.80347442626953,-91.00521850585938,19.580102920532227,19.89562948467058
23.641,0,-3.6882705688476562,-20.46786880493164,77.00305938720703,-42.31786346435547,-91.02098083496094,19.537282943725586,-3.6882705688476562,-20.46786880493164,77.00305938720703,-42.31786346435547,-91.02098083496094,19.537282943725586,19.830397912589692
23.754,0,-3.993010997772217,-19.279067993164062,76.41303253173828,-43.12809371948242,-91.0225601196289,19.88634490966797,-3.993010997772217,-19.279067993164062,76.41303253173828,-43.12809371948242,-91.0225601196289,19.88634490966797,19.830397912589692
23.778,0,-4.293068885803223,-17.627513885498047,75.78495025634766,-44.4563102722168,-90.99755859375,20.29776382446289,-4.293068885803223,-17.627513885498047,75.78495025634766,-44.4563102722168,-90.99755859375,20.29776382446289,19.830397912589692
23.811,0,-3.9886317253112793,-17.843852996826172,75.9948959350586,-44.420204162597656,-90.9948959350586,20.25568389892578,-3.9886317253112793,-17.843852996826172,75.9948959350586,-44.420204162597656,-90.9948959350586,20.25568389892578,19.830397912589692
23.843,0,-4.3807806968688965,-18.264205932617188,76.11742401123047,-44.01432800292969,-91.0298843383789,20.285768508911133,-4.3807806968688965,-18.264205932617188,76.11742401123047,-44.01432800292969,-91.0298843383789,20.285768508911133,19.830397912589692
23.879,0,-4.094386577606201,-17.837574005126953,75.81278228759766,-44.24354553222656,-91.04891204833984,20.491043090820312,-4.094386577606201,-17.837574005126953,75.81278228759766,-44.24354553222656,-91.04891204833984,20.491043090820312,19.89562948467058
23.913,0,-4.382640838623047,-16.12125015258789,75.20655059814453,-45.64897155761719,-90.99223327636719,20.961463928222656,-4.382640838623047,-16.12125015258789,75.20655059814453,-45.64897155761719,-90.99223327636719,20.961463928222656,19.89562948467058
23.946,0,-4.17341947555542,-15.996993064880371,75.19259643554688,-45.76801300048828,-90.98583984375,20.988903045654297,-4.17341947555542,-15.996993064880371,75.19259643554688,-45.76801300048828,-90.98583984375,20.988903045654297,19.89562948467058
23.990,0,-4.519380569458008,-16.65882110595703,75.36750793457031,-45.100852966308594,-90.9822998046875,20.941246032714844,-4.519380569458008,-16.65882110595703,75.36750793457031,-45.100852966308594,-90.9822998046875,20.941246032714844,20.221787345075015
24.018,0,-4.155322551727295,-17.409433364868164,75.6474380493164,-44.53044891357422,-90.96907043457031,20.80385971069336,-4.155322551727295,-17.409433364868164,75.6474380493164,-44.53044891357422,-90.96907043457031,20.80385971069336,20.482713633398564
24.049,0,-4.467183589935303,-15.565226554870605,75.00419616699219,-46.02555847167969,-90.94853210449219,21.285343170166016,-4.467183589935303,-15.565226554870605,75.00419616699219,-46.02555847167969,-90.94853210449219,21.285343170166016,20.54794520547945
24.081,0,-4.989897727966309,-14.670361518859863,74.67925262451172,-46.60507583618164,-90.92044067382812,21.599407196044922,-4.989897727966309,-14.670361518859863,74.67925262451172,-46.60507583618164,-90.92044067382812,21.599407196044922,20.613176777560337
24.115,0,-4.959212779998779,-15.704265594482422,75.06774139404297,-45.75354766845703,-90.97792053222656,21.46120262145996,-4.959212779998779,-15.704265594482422,75.06774139404297,-45.75354766845703,-90.97792053222656,21.46120262145996,20.678408349641224
24.150,0,-4.666965961456299,-15.94614028930664,75.0508804321289,-45.40819549560547,-90.95689392089844,21.529916763305664,-4.666965961456299,-15.94614028930664,75.0508804321289,-45.40819549560547,-90.95689392089844,21.529916763305664,21.00456621004566
24.182,0,-4.264597415924072,-16.22068977355957,75.11228942871094,-45.18889617919922,-90.88733673095703,21.380674362182617,-4.264597415924072,-16.22068977355957,75.11228942871094,-45.18889617919922,-90.88733673095703,21.380674362182617,21.06979778212655
24.216,0,-4.741049289703369,-16.222280502319336,75.21185302734375,-45.203285217285156,-90.86389923095703,21.489227294921875,-4.741049289703369,-16.222280502319336,75.21185302734375,-45.203285217285156,-90.86389923095703,21.489227294921875,21.200260926288323
24.249,0,-4.9000959396362305,-16.84070587158203,75.56526947021484,-44.81399154663086,-90.89740753173828,21.48308563232422,-4.9000959396362305,-16.84070587158203,75.56526947021484,-44.81399154663086,-90.89740753173828,21.48308563232422,21.200260926288323
24.284,0,-4.505347728729248,-17.23720932006836,75.5672378540039,-44.379615783691406,-90.89237213134766,21.57352638244629,-4.505347728729248,-17.23720932006836,75.5672378540039,-44.379615783691406,-90.89237213134766,21.57352638244629,21.200260926288323
24.321,0,-4.105621337890625,-17.63772201538086,75.64948272705078,-44.06703186035156,-90.83751678466797,21.554645538330078,-4.105621337890625,-17.63772201538086,75.64948272705078,-44.06703186035156,-90.83751678466797,21.554645538330078,21.200260926288323
24.352,0,-4.561779499053955,-17.517642974853516,75.61429595947266,-44.12214279174805,-90.8355484008789,21.720754623413086,-4.561779499053955,-17.517642974853516,75.61429595947266,-44.12214279174805,-90.8355484008789,21.720754623413086,21.200260926288323
24.382,0,-4.5494842529296875,-17.963741302490234,75.76182556152344,-43.67361068725586,-90.85038757324219,21.717296600341797,-4.5494842529296875,-17.963741302490234,75.76182556152344,-43.67361068725586,-90.85038757324219,21.717296600341797,21.200260926288323
24.416,0,-4.310295581817627,-18.115596771240234,75.750732421875,-43.483642578125,-90.84419250488281,21.82508087158203,-4.310295581817627,-18.115596771240234,75.750732421875,-43.483642578125,-90.84419250488281,21.82508087158203,21.200260926288323
24.452,0,-4.08308744430542,-18.46677017211914,75.6854476928711,-43.10859298706055,-90.7955551147461,21.941268920898438,-4.08308744430542,-18.46677017211914,75.6854476928711,-43.10859298706055,-90.7955551147461,21.941268920898438,21.26549249836921
24.487,0,-4.509277820587158,-17.76385498046875,75.35954284667969,-43.597042083740234,-90.75225067138672,22.334617614746094,-4.509277820587158,-17.76385498046875,75.35954284667969,-43.597042083740234,-90.75225067138672,22.334617614746094,21.395955642530986
24.515,0,-4.33681583404541,-19.478561401367188,76.05685424804688,-42.23178482055664,-90.77649688720703,22.040056228637695,-4.33681583404541,-19.478561401367188,76.05685424804688,-42.23178482055664,-90.77649688720703,22.040056228637695,21.52641878669276
24.550,0,-3.923337459564209,-20.002368927001953,76.19274139404297,-41.766998291015625,-90.77528381347656,22.166580200195312,-3.923337459564209,-20.002368927001953,76.19274139404297,-41.766998291015625,-90.77528381347656,22.166580200195312,21.591650358773645
24.586,0,-3.5041956901550293,-21.230634689331055,76.55258178710938,-40.80379104614258,-90.70054626464844,22.07919692993164,-3.5041956901550293,-21.230634689331055,76.55258178710938,-40.80379104614258,-90.70054626464844,22.07919692993164,21.722113502935418
24.616,0,-3.8834171295166016,-20.478870391845703,76.20951080322266,-41.31367492675781,-90.64038848876953,22.459854125976562,-3.8834171295166016,-20.478870391845703,76.20951080322266,-41.31367492675781,-90.64038848876953,22.459854125976562,21.787345075016308
24.653,0,-4.201885223388672,-20.01931381225586,75.93548583984375,-41.62255096435547,-90.6453628540039,22.764402389526367,-4.201885223388672,-20.01931381225586,75.93548583984375,-41.62255096435547,-90.6453628540039,22.764402389526367,21.787345075016308
24.684,0,-3.8376331329345703,-20.399978637695312,75.87266540527344,-41.17765808105469,-90.6080322265625,22.92691421508789,-3.8376331329345703,-20.399978637695312,75.87266540527344,-41.17765808105469,-90.6080322265625,22.92691421508789,21.787345075016308
24.720,0,-4.008674144744873,-18.811025619506836,75.10453796386719,-42.304080963134766,-90.60663604736328,23.546249389648438,-4.008674144744873,-18.811025619506836,75.10453796386719,-42.304080963134766,-90.60663604736328,23.546249389648438,22.113502935420744
24.753,0,-4.286228656768799,-17.524089813232422,74.71073913574219,-43.38050842285156,-90.56928253173828,24.057077407836914,-4.286228656768799,-17.524089813232422,74.71073913574219,-43.38050842285156,-90.56928253173828,24.057077407836914,22.37442922374429
24.783,0,-4.620561599731445,-16.85593605041504,74.29147338867188,-43.735225677490234,-90.52535247802734,24.46842384338379,-4.620561599731445,-16.85593605041504,74.29147338867188,-43.735225677490234,-90.52535247802734,24.46842384338379,22.570123939986953
24.819,0,-4.213327884674072,-16.56466293334961,73.90326690673828,-43.72301483154297,-90.49755096435547,24.817768096923828,-4.213327884674072,-16.56466293334961,73.90326690673828,-43.72301483154297,-90.49755096435547,24.817768096923828,23.09197651663405
24.853,0,-4.3261399269104,-15.314129829406738,73.20407104492188,-44.44422149658203,-90.4940414428711,25.37147331237793,-4.3261399269104,-15.314129829406738,73.20407104492188,-44.44422149658203,-90.4940414428711,25.37147331237793,23.613829093281147
24.884,0,-4.699632167816162,-13.909629821777344,72.68730163574219,-45.51780700683594,-90.44059753417969,25.954883575439453,-4.699632167816162,-13.909629821777344,72.68730163574219,-45.51780700683594,-90.44059753417969,25.954883575439453,23.939986953685583
24.922,0,-4.395251274108887,-15.361369132995605,73.373779296875,-44.500362396240234,-90.37613677978516,25.67723274230957,-4.395251274108887,-15.361369132995605,73.373779296875,-44.500362396240234,-90.37613677978516,25.67723274230957,24.331376386170906
24.951,0,-4.173751354217529,-15.374215126037598,73.09925079345703,-44.22114944458008,-90.33088684082031,26.056032180786133,-4.173751354217529,-15.374215126037598,73.09925079345703,-44.22114944458008,-90.33088684082031,26.056032180786133,24.853228962818
24.985,0,-4.387000560760498,-13.860220909118652,72.29715728759766,-45.18116760253906,-90.34766387939453,26.72988510131836,-4.387000560760498,-13.860220909118652,72.29715728759766,-45.18116760253906,-90.34766387939453,26.72988510131836,25.179386823222437
25.018,0,-4.38721227645874,-12.05377197265625,71.5962142944336,-46.507720947265625,-90.32685852050781,27.370845794677734,-4.38721227645874,-12.05377197265625,71.5962142944336,-46.507720947265625,-90.32685852050781,27.370845794677734,25.3750815394651
25.054,0,-4.082329273223877,-13.249418258666992,72.28468322753906,-45.75472640991211,-90.2735595703125,27.19301414489746,-4.082329273223877,-13.249418258666992,72.28468322753906,-45.75472640991211,-90.2735595703125,27.19301414489746,25.701239399869536
25.086,0,-3.654383659362793,-13.279315948486328,72.067138671875,-45.632537841796875,-90.28683471679688,27.555278778076172,-3.654383659362793,-13.279315948486328,72.067138671875,-45.632537841796875,-90.28683471679688,27.555278778076172,26.28832354859752
25.120,0,-3.3390188217163086,-13.545611381530762,71.90589141845703,-45.23632049560547,-90.28512573242188,27.854904174804688,-3.3390188217163086,-13.545611381530762,71.90589141845703,-45.23632049560547,-90.28512573242188,27.854904174804688,26.614481409001954
25.151,0,-3.215278148651123,-11.883138656616211,71.2619857788086,-46.493797302246094,-90.24369812011719,28.522624969482422,-3.215278148651123,-11.883138656616211,71.2619857788086,-46.493797302246094,-90.24369812011719,28.522624969482422,26.810176125244617
25.188,0,-2.9334983825683594,-12.079944610595703,71.34738159179688,-46.373748779296875,-90.2552490234375,28.648147583007812,-2.9334983825683594,-12.079944610595703,71.34738159179688,-46.373748779296875,-90.2552490234375,28.648147583007812,27.136333985649053
25.219,0,-2.734213352203369,-9.660921096801758,70.28575134277344,-48.1702880859375,-90.19413757324219,29.481502532958984,-2.734213352203369,-9.660921096801758,70.28575134277344,-48.1702880859375,-90.19413757324219,29.481502532958984,27.527723418134375
25.258,0,-2.650076389312744,-8.611785888671875,69.55876159667969,-48.69160461425781,-90.14270782470703,30.061906814575195,-2.650076389312744,-8.611785888671875,69.55876159667969,-48.69160461425781,-90.14270782470703,30.061906814575195,27.984344422700584
25.287,0,-2.5174787044525146,-7.936544418334961,69.26044464111328,-49.21400451660156,-90.10337829589844,30.529991149902344,-2.5174787044525146,-7.936544418334961,69.26044464111328,-49.21400451660156,-90.10337829589844,30.529991149902344,28.31050228310502
25.317,0,-2.233881711959839,-7.138397216796875,68.76753234863281,-49.613250732421875,-90.01268005371094,31.064069747924805,-2.233881711959839,-7.138397216796875,68.76753234863281,-49.613250732421875,-90.01268005371094,31.064069747924805,28.83235485975212
25.358,0,-2.034789562225342,-6.375970840454102,68.3858871459961,-50.17207336425781,-89.96621704101562,31.591346740722656,-2.034789562225342,-6.375970840454102,68.3858871459961,-50.17207336425781,-89.96621704101562,31.591346740722656,29.419439008480104
25.384,0,-1.915969967842102,-5.066789627075195,67.53135681152344,-50.89983367919922,-89.89707946777344,32.313087463378906,-1.915969967842102,-5.066789627075195,67.53135681152344,-50.89983367919922,-89.89707946777344,32.313087463378906,30.006523157208086
25.418,0,-1.816680908203125,-3.9610233306884766,67.01692962646484,-51.6219482421875,-89.85028839111328,32.84228515625,-1.816680908203125,-3.9610233306884766,67.01692962646484,-51.6219482421875,-89.85028839111328,32.84228515625,30.4631441617743
25.462,0,-1.6291005611419678,-4.306926727294922,67.09428405761719,-51.259246826171875,-89.7684326171875,33.013248443603516,-1.6291005611419678,-4.306926727294922,67.09428405761719,-51.259246826171875,-89.7684326171875,33.013248443603516,31.05022831050228
25.491,0,-1.5608046054840088,-1.7509040832519531,65.86773681640625,-53.05235290527344,-89.73190307617188,33.90374755859375,-1.5608046054840088,-1.7509040832519531,65.86773681640625,-53.05235290527344,-89.73190307617188,33.90374755859375,31.702544031311152
25.521,0,-1.1531059741973877,-0.056957244873046875,64.78845977783203,-54.018798828125,-89.61648559570312,34.648292541503906,-1.1531059741973877,-0.056957244873046875,64.78845977783203,-54.018798828125,-89.61648559570312,34.648292541503906,32.093933463796475
25.563,0,-0.6314239501953125,1.664072036743164,64.03026580810547,-55.252811431884766,-89.55899810791016,35.32210159301758,-0.6314239501953125,1.664072036743164,64.03026580810547,-55.252811431884766,-89.55899810791016,35.32210159301758,32.4853228962818
25.588,0,-0.30765455961227417,1.3970680236816406,64.1400146484375,-54.97808074951172,-89.49633026123047,35.503318786621094,-0.30765455961227417,1.3970680236816404,64.1400146484375,-54.97808074951172,-89.49633026123047,35.503318786621094,33.268101761252446
25.621,0,-0.21155118942260742,4.099924087524414,62.810462951660156,-56.89762878417969,-89.40061950683594,36.500274658203125,-0.21155118942260742,4.099924087524414,62.810462951660156,-56.89762878417969,-89.40061950683594,36.500274658203125,33.85518590998043
25.653,0,0.3807499408721924,5.150327682495117,62.02803421020508,-57.39642333984375,-89.28802490234375,36.995033264160156,0.3807499408721924,5.150327682495117,62.02803421020508,-57.39642333984375,-89.28802490234375,36.995033264160156,34.5075016307893
25.686,0,0.6876288652420044,6.980669021606445,61.213470458984375,-58.64335250854492,-89.20471954345703,37.67842102050781,0.6876288652420045,6.802197802197802,61.213470458984375,-58.64335250854492,-89.20471954345703,37.67842102050781,34.96412263535551
25.722,0,1.011542797088623,8.135576248168945,60.68037033081055,-59.42466735839844,-89.10070037841797,38.24724578857422,1.011542797088623,8.135576248168945,60.68037033081055,-59.42466735839844,-89.10070037841797,38.24724578857422,35.74690150032615
25.753,0,1.4769262075424194,9.84339714050293,59.649356842041016,-60.49870300292969,-88.9814224243164,39.174678802490234,1.4769262075424194,9.84339714050293,59.649356842041016,-60.49870300292969,-88.9814224243164,39.174678802490234,36.33398564905414
25.789,0,2.0683698654174805,10.41960334777832,59.11622619628906,-60.71623229980469,-88.84461212158203,39.55036163330078,2.0683698654174805,10.41960334777832,59.11622619628906,-60.71623229980469,-88.84461212158203,39.55036163330078,36.986301369863014
25.823,0,2.3369030952453613,12.53584098815918,58.25325393676758,-62.46308135986328,-88.67732238769531,40.49412536621094,2.3369030952453613,12.53584098815918,58.25325393676758,-62.46308135986328,-88.67732238769531,40.49412536621094,37.638617090671886
25.857,0,2.861015796661377,12.680356979370117,58.1221923828125,-62.44645690917969,-88.56233215332031,40.75253677368164,2.861015796661377,12.680356979370117,58.1221923828125,-62.44645690917969,-88.56233215332031,40.75253677368164,38.35616438356164
25.893,0,3.424744129180908,14.358041763305664,57.022830963134766,-63.404842376708984,-88.35746002197266,41.683326721191406,3.424744129180908,14.358041763305664,57.022830963134766,-63.404842376708984,-88.35746002197266,41.683326721191406,38.87801696020874
25.935,0,3.5434746742248535,16.63429069519043,55.82011413574219,-64.8677978515625,-88.19102478027344,42.70622253417969,3.5434746742248535,16.63429069519043,55.82011413574219,-64.8677978515625,-88.19102478027344,42.70622253417969,39.595564253098495
25.960,0,4.0064897537231445,18.22939109802246,55.040771484375,-66.03109741210938,-87.96046447753906,43.53805160522461,4.0064897537231445,18.22939109802246,55.040771484375,-66.03109741210938,-87.96046447753906,43.53805160522461,40.11741682974559
25.993,0,4.665072441101074,18.308889389038086,54.97516632080078,-65.98426818847656,-87.81739044189453,43.814422607421875,4.665072441101074,18.308889389038086,54.97516632080078,-65.98426818847656,-87.81739044189453,43.814422607421875,40.834964122635355
26.025,0,4.412399768829346,18.695959091186523,54.474124908447266,-65.99897766113281,-87.79126739501953,44.21076202392578,4.412399768829346,18.695959091186523,54.474124908447266,-65.99897766113281,-87.79126739501953,44.21076202392578,41.74820613176777
26.065,0,4.150882720947266,19.411874771118164,53.938228607177734,-66.34739685058594,-87.74983978271484,44.683570861816406,4.150882720947266,19.411874771118164,53.938228607177734,-66.34739685058594,-87.74983978271484,44.683570861816406,42.53098499673842
26.092,0,4.280275344848633,21.92201805114746,52.664459228515625,-68.05177307128906,-87.53095245361328,45.81489562988281,4.280275344848633,21.92201805114746,52.664459228515625,-68.05177307128906,-87.53095245361328,45.81489562988281,42.98760600130463
26.127,0,4.0122809410095215,22.7894344329834,52.12600326538086,-68.53297424316406,-87.47872924804688,46.50387191772461,4.0122809410095215,22.7894344329834,52.12600326538086,-68.53297424316406,-87.47872924804688,46.50387191772461,43.509458577951726
26.163,0,3.7312889099121094,23.850664138793945,51.462745666503906,-69.20088195800781,-87.4327163696289,47.33446502685547,3.7312889099121094,23.850664138793945,51.462745666503906,-69.20088195800781,-87.4327163696289,47.33446502685547,44.1617742987606
26.193,0,3.411848545074463,26.519731521606445,50.01092529296875,-70.94903564453125,-87.37063598632812,48.48439025878906,3.411848545074463,26.519731521606445,50.01092529296875,-70.94903564453125,-87.37063598632812,48.48439025878906,45.00978473581213
26.229,0,3.480156421661377,26.920045852661133,49.79143524169922,-71.2343978881836,-87.34552001953125,48.98322296142578,3.480156421661377,26.920045852661133,49.79143524169922,-71.2343978881836,-87.34552001953125,48.98322296142578,45.662100456621005
26.261,0,3.5760135650634766,27.372438430786133,49.4398193359375,-71.4603271484375,-87.34671020507812,49.49748992919922,3.5760135650634766,27.372438430786133,49.4398193359375,-71.4603271484375,-87.34671020507812,49.49748992919922,46.57534246575342
26.299,0,3.2577152252197266,27.53810691833496,49.305816650390625,-71.52726745605469,-87.355712890625,49.72499465942383,3.2577152252197266,27.53810691833496,49.305816650390625,-71.52726745605469,-87.355712890625,49.72499465942383,47.48858447488584
26.326,0,3.3199105262756348,27.40789222717285,49.48744201660156,-71.5737533569336,-87.2912826538086,50.16413497924805,3.3199105262756348,27.40789222717285,49.48744201660156,-71.5737533569336,-87.2912826538086,50.16413497924805,48.07566862361383
26.363,0,3.364564895629883,27.258195877075195,49.76045608520508,-71.66796112060547,-87.21913146972656,50.585975646972656,3.364564895629883,27.258195877075195,49.76045608520508,-71.66796112060547,-87.21913146972656,50.585975646972656,48.66275277234181
26.395,0,3.174297332763672,27.339380264282227,49.63679504394531,-71.58747100830078,-87.23989868164062,50.928192138671875,3.174297332763672,27.339380264282227,49.63679504394531,-71.58747100830078,-87.23989868164062,50.928192138671875,49.11937377690802
26.429,0,2.831833839416504,27.23600196838379,49.92607879638672,-71.77619171142578,-87.32286071777344,50.94837188720703,2.831833839416504,27.23600196838379,49.92607879638672,-71.77619171142578,-87.32286071777344,50.94837188720703,49.64122635355512
26.463,0,2.8989038467407227,27.067880630493164,50.416439056396484,-72.07180786132812,-87.2796859741211,51.05609893798828,2.8989038467407227,27.067880630493164,50.416439056396484,-72.07180786132812,-87.2796859741211,51.05609893798828,50.032615786040445
26.495,0,2.7156295776367188,27.09303092956543,50.59406280517578,-72.2001953125,-87.2823715209961,50.950904846191406,2.7156295776367188,27.09303092956543,50.59406280517578,-72.2001953125,-87.2823715209961,50.950904846191406,50.358773646444874
26.529,0,2.2740302085876465,27.0535831451416,50.76679229736328,-72.21719360351562,-87.3701400756836,50.984004974365234,2.2740302085876465,27.0535831451416,50.76679229736328,-72.21719360351562,-87.3701400756836,50.984004974365234,50.554468362687544
26.563,0,1.861801266670227,27.126188278198242,50.836021423339844,-72.30645751953125,-87.4554672241211,50.98057556152344,1.861801266670227,27.126188278198242,50.836021423339844,-72.30645751953125,-87.4554672241211,50.98057556152344,50.554468362687544
26.596,0,1.4539872407913208,27.065610885620117,51.18642807006836,-72.59449005126953,-87.51771545410156,50.928062438964844,1.4539872407913208,27.065610885620117,51.18642807006836,-72.59449005126953,-87.51771545410156,50.928062438964844,50.68493150684932
26.630,0,1.0576233863830566,27.007360458374023,51.54010772705078,-72.82667541503906,-87.49221801757812,50.804168701171875,1.0576233863830566,27.007360458374023,51.54010772705078,-72.82667541503906,-87.49221801757812,50.804168701171875,50.68493150684932
26.665,0,0.5666357278823853,26.948843002319336,51.73815155029297,-72.84771728515625,-87.55487823486328,50.824920654296875,0.5666357278823853,26.948843002319336,51.73815155029297,-72.84771728515625,-87.55487823486328,50.824920654296875,50.68493150684932
26.696,0,0.9481037855148315,27.2767276763916,51.266971588134766,-72.80229187011719,-87.58013916015625,51.04503631591797,0.9481037855148315,27.2767276763916,51.266971588134766,-72.80229187011719,-87.58013916015625,51.04503631591797,50.68493150684932
26.731,0,0.4335134029388428,27.65028190612793,51.19599533081055,-73.18265533447266,-87.61812591552734,51.25933074951172,0.4335134029388428,27.65028190612793,51.19599533081055,-73.18265533447266,-87.61812591552734,51.25933074951172,50.68493150684932
26.764,0,-0.04878944158554077,27.92655372619629,51.15296173095703,-73.37798309326172,-87.5906982421875,51.33189392089844,-0.04878944158554077,27.92655372619629,51.15296173095703,-73.37798309326172,-87.5906982421875,51.33189392089844,50.68493150684932
26.798,0,-0.44919353723526,27.864133834838867,51.414955139160156,-73.46900939941406,-87.6353988647461,51.31741714477539,-0.44919353723526,27.864133834838867,51.414955139160156,-73.46900939941406,-87.6353988647461,51.31741714477539,50.68493150684932
26.837,0,-0.1741003394126892,28.405725479125977,50.76750946044922,-73.51002502441406,-87.65324401855469,51.62385559082031,-0.1741003394126892,28.405725479125977,50.76750946044922,-73.51002502441406,-87.65324401855469,51.62385559082031,50.81539465101109
26.866,0,-0.1769479513168335,28.33003807067871,50.90301513671875,-73.57467651367188,-87.66898345947266,51.56349182128906,-0.17694795131683344,28.33003807067871,50.90301513671875,-73.57467651367188,-87.66898345947266,51.56349182128906,50.94585779517287
26.905,0,-0.5518742799758911,28.221338272094727,51.29106140136719,-73.79096984863281,-87.69945526123047,51.29798889160156,-0.5518742799758911,28.221338272094727,51.29106140136719,-73.79096984863281,-87.69945526123047,51.29798889160156,51.07632093933464
26.930,0,-0.8925027847290039,28.3062801361084,51.17804718017578,-73.70452880859375,-87.74798583984375,51.3061408996582,-0.892502784729004,28.3062801361084,51.17804718017578,-73.70452880859375,-87.74798583984375,51.3061408996582,51.206784083496416
26.974,0,-0.6399785876274109,28.869977951049805,50.51587677001953,-73.76446533203125,-87.7661361694336,51.65437698364258,-0.6399785876274109,28.869977951049805,50.51587677001953,-73.76446533203125,-87.7661361694336,51.65437698364258,51.206784083496416
26.997,0,-1.1408588886260986,28.64173698425293,51.089996337890625,-74.01878356933594,-87.86373138427734,51.43221664428711,-1.1408588886260986,28.64173698425293,51.089996337890625,-74.01878356933594,-87.86373138427734,51.43221664428711,51.206784083496416
27.030,0,-1.5332229137420654,28.551183700561523,51.415184020996094,-74.2052001953125,-87.90937042236328,51.21271514892578,-1.5332229137420654,28.551183700561523,51.415184020996094,-74.2052001953125,-87.90937042236328,51.21271514892578,51.206784083496416
27.069,0,-1.4041805267333984,28.59703254699707,51.361690521240234,-74.1754150390625,-87.906982421875,51.21440887451172,-1.4041805267333984,28.59703254699707,51.361690521240234,-74.1754150390625,-87.906982421875,51.21440887451172,51.206784083496416
27.099,0,-2.003807544708252,28.606531143188477,51.48640823364258,-74.23719787597656,-88.02543640136719,50.958473205566406,-2.003807544708252,28.606531143188477,51.48640823364258,-74.23719787597656,-88.02543640136719,50.958473205566406,51.206784083496416
27.134,0,-1.6556729078292847,28.77644157409668,51.08731460571289,-74.05780792236328,-88.00496673583984,51.09227752685547,-1.6556729078292847,28.77644157409668,51.08731460571289,-74.05780792236328,-88.00496673583984,51.09227752685547,51.206784083496416
27.165,0,-2.150073766708374,28.917863845825195,50.96855163574219,-74.0468978881836,-88.10392761230469,51.03797912597656,-2.150073766708374,28.917863845825195,50.96855163574219,-74.0468978881836,-88.10392761230469,51.03797912597656,51.206784083496416
27.204,0,-1.5668749809265137,29.06410789489746,50.80187225341797,-74.06723022460938,-88.04779052734375,50.95857238769531,-1.5668749809265137,29.06410789489746,50.80187225341797,-74.06723022460938,-88.04779052734375,50.95857238769531,51.206784083496416
27.232,0,-1.8802636861801147,29.181570053100586,50.664283752441406,-74.00529479980469,-88.05689239501953,50.95813751220703,-1.8802636861801147,29.181570053100586,50.664283752441406,-74.00529479980469,-88.05689239501953,50.95813751220703,51.206784083496416
27.270,0,-1.374076247215271,29.40862464904785,50.23704528808594,-73.82918548583984,-87.98950958251953,51.077362060546875,-1.374076247215271,29.40862464904785,50.23704528808594,-73.82918548583984,-87.98950958251953,51.077362060546875,51.206784083496416
27.298,0,-1.2208744287490845,29.38043785095215,50.08216857910156,-73.66613006591797,-87.98680877685547,51.149688720703125,-1.2208744287490845,29.38043785095215,50.08216857910156,-73.66613006591797,-87.98680877685547,51.149688720703125,51.206784083496416
27.335,0,-1.1793062686920166,29.46462059020996,49.9876708984375,-73.67574310302734,-88.02845001220703,50.96701431274414,-1.1793062686920166,29.46462059020996,49.9876708984375,-73.67574310302734,-88.02845001220703,50.96701431274414,51.206784083496416
27.365,0,-1.1098377704620361,29.55098533630371,49.870086669921875,-73.62509155273438,-88.02479553222656,51.000579833984375,-1.1098377704620361,29.55098533630371,49.870086669921875,-73.62509155273438,-88.02479553222656,51.000579833984375,51.206784083496416
27.403,0,-0.538646399974823,29.84479331970215,49.34392166137695,-73.37509155273438,-87.94013977050781,51.268592834472656,-0.538646399974823,29.84479331970215,49.34392166137695,-73.37509155273438,-87.94013977050781,51.268592834472656,51.206784083496416
27.433,0,-0.3738224506378174,29.797876358032227,49.205501556396484,-73.19613647460938,-87.9670181274414,51.40702819824219,-0.3738224506378174,29.797876358032227,49.205501556396484,-73.19613647460938,-87.9670181274414,51.40702819824219,51.206784083496416
27.471,0,0.2555108070373535,29.798715591430664,49.17900085449219,-73.23621368408203,-87.8605728149414,51.437171936035156,0.2555108070373535,29.798715591430664,49.17900085449219,-73.23621368408203,-87.8605728149414,51.437171936035156,51.206784083496416
27.504,0,0.6749448776245117,29.7860164642334,49.085227966308594,-73.16157531738281,-87.75275421142578,51.50108337402344,0.6749448776245117,29.7860164642334,49.085227966308594,-73.16157531738281,-87.75275421142578,51.50108337402344,51.206784083496416
27.532,0,1.3564461469650269,30.079477310180664,48.50665283203125,-72.92333984375,-87.67546081542969,51.773895263671875,1.3564461469650269,30.079477310180664,48.50665283203125,-72.92333984375,-87.67546081542969,51.773895263671875,51.206784083496416
27.568,0,1.6144617795944214,30.021459579467773,48.29051971435547,-72.65473937988281,-87.66217803955078,51.982696533203125,1.6144617795944214,30.021459579467773,48.29051971435547,-72.65473937988281,-87.66217803955078,51.982696533203125,51.206784083496416
27.603,0,2.2545108795166016,30.029699325561523,48.17150115966797,-72.61949157714844,-87.5536880493164,52.09694290161133,2.2545108795166016,30.029699325561523,48.17150115966797,-72.61949157714844,-87.5536880493164,52.09694290161133,51.2720156555773
27.636,0,2.713365077972412,30.025602340698242,47.993072509765625,-72.45836639404297,-87.43595123291016,52.28241729736328,2.713365077972412,30.025602340698242,47.993072509765625,-72.45836639404297,-87.43595123291016,52.28241729736328,51.46771037181996
27.670,0,3.2970752716064453,30.29722785949707,47.27885437011719,-72.0721435546875,-87.3634262084961,52.59764099121094,3.2970752716064453,30.29722785949707,47.27885437011719,-72.0721435546875,-87.3634262084961,52.59764099121094,51.598173515981735
27.702,0,3.051177501678467,30.25932502746582,47.1400146484375,-71.88832092285156,-87.42005920410156,52.667396545410156,3.051177501678467,30.25932502746582,47.1400146484375,-71.88832092285156,-87.42005920410156,52.667396545410156,51.79386823222439
27.738,0,3.7399916648864746,30.277956008911133,46.987335205078125,-71.82569885253906,-87.31124877929688,52.7536506652832,3.7399916648864746,30.277956008911133,46.987335205078125,-71.82569885253906,-87.31124877929688,52.7536506652832,51.98956294846706
27.769,0,4.243197917938232,30.1350040435791,47.10377502441406,-71.80198669433594,-87.22325134277344,52.780029296875,4.243197917938232,30.1350040435791,47.10377502441406,-71.80198669433594,-87.22325134277344,52.780029296875,52.25048923679061
27.805,0,4.807496070861816,30.304964065551758,46.57068634033203,-71.50259399414062,-87.15896606445312,52.94475555419922,4.807496070861816,30.304964065551758,46.57068634033203,-71.50259399414062,-87.15896606445312,52.94475555419922,52.31572080887149
27.838,0,4.681168079376221,30.20381736755371,46.49502944946289,-71.3214111328125,-87.20648193359375,52.90702819824219,4.681168079376221,30.20381736755371,46.49502944946289,-71.3214111328125,-87.20648193359375,52.90702819824219,52.38095238095239
27.872,0,4.575567722320557,30.186372756958008,46.53684997558594,-71.3680419921875,-87.24353790283203,52.75174331665039,4.575567722320557,30.186372756958008,46.53684997558594,-71.3680419921875,-87.24353790283203,52.75174331665039,52.38095238095239
27.903,0,4.946331977844238,30.1955623626709,46.283905029296875,-71.13777160644531,-87.17427062988281,52.78722381591797,4.946331977844238,30.1955623626709,46.283905029296875,-71.13777160644531,-87.17427062988281,52.78722381591797,52.51141552511416
27.942,0,5.137414932250977,30.39238166809082,45.82429504394531,-70.84630584716797,-87.18879699707031,52.871437072753906,5.137414932250977,30.39238166809082,45.82429504394531,-70.84630584716797,-87.18879699707031,52.871437072753906,52.57664709719504
27.968,0,4.910111427307129,30.271787643432617,45.76741027832031,-70.65699768066406,-87.26666259765625,52.78099060058594,4.910111427307129,30.271787643432617,45.76741027832031,-70.65699768066406,-87.26666259765625,52.78099060058594,52.64187866927593
28.008,0,4.79533576965332,30.25555992126465,45.81925964355469,-70.68798828125,-87.30168151855469,52.56206512451172,4.79533576965332,30.25555992126465,45.81925964355469,-70.68798828125,-87.30168151855469,52.56206512451172,52.64187866927593
28.035,0,4.472490310668945,30.147737503051758,45.92095947265625,-70.63197326660156,-87.3782730102539,52.322853088378906,4.472490310668945,30.147737503051758,45.92095947265625,-70.63197326660156,-87.3782730102539,52.322853088378906,52.64187866927593
28.072,0,4.4642791748046875,30.215784072875977,45.6749382019043,-70.40858459472656,-87.43108367919922,52.239036560058594,4.4642791748046875,30.215784072875977,45.6749382019043,-70.40858459472656,-87.43108367919922,52.239036560058594,52.64187866927593
28.104,0,4.217333793640137,29.9528865814209,45.99192810058594,-70.40205383300781,-87.5118179321289,52.03618240356445,4.217333793640137,29.9528865814209,45.99192810058594,-70.40205383300781,-87.5118179321289,52.03618240356445,52.64187866927593
28.142,0,3.9538040161132812,29.89592170715332,46.19764709472656,-70.47903442382812,-87.591064453125,51.69004821777344,3.9538040161132812,29.89592170715332,46.19764709472656,-70.47903442382812,-87.591064453125,51.69004821777344,52.64187866927593
28.170,0,3.5818324089050293,29.766286849975586,46.376529693603516,-70.47489929199219,-87.66999816894531,51.28509521484375,3.5818324089050293,29.766286849975586,46.376529693603516,-70.47489929199219,-87.66999816894531,51.28509521484375,52.51141552511416
28.207,0,3.985426902770996,29.88360023498535,45.966026306152344,-70.15247344970703,-87.66642761230469,51.2859001159668,3.985426902770996,29.88360023498535,45.966026306152344,-70.15247344970703,-87.66642761230469,51.2859001159668,52.31572080887149
28.238,0,3.608170986175537,29.655622482299805,46.15860366821289,-70.00736999511719,-87.74761199951172,51.064727783203125,3.608170986175537,29.655622482299805,46.15860366821289,-70.00736999511719,-87.74761199951172,51.064727783203125,52.054794520547944
28.273,0,3.3105530738830566,29.549203872680664,46.397987365722656,-70.06758880615234,-87.82206726074219,50.67167282104492,3.3105530738830566,29.549203872680664,46.397987365722656,-70.06758880615234,-87.82206726074219,50.67167282104492,51.85909980430529
28.305,0,3.030977725982666,29.408021926879883,46.56194305419922,-70.05250549316406,-87.88651275634766,50.228981018066406,3.030977725982666,29.408021926879883,46.56194305419922,-70.05250549316406,-87.88651275634766,50.228981018066406,51.598173515981735
28.343,0,3.3834915161132812,29.586809158325195,46.06103515625,-69.70579528808594,-87.88152313232422,50.25286865234375,3.3834915161132812,29.586809158325195,46.06103515625,-69.70579528808594,-87.88152313232422,50.25286865234375,51.33724722765819
28.372,0,3.0367183685302734,29.33339500427246,46.310611724853516,-69.60847473144531,-87.97320556640625,49.9354248046875,3.0367183685302734,29.33339500427246,46.310611724853516,-69.60847473144531,-87.97320556640625,49.9354248046875,51.011089367253746
28.408,0,3.0772976875305176,29.277345657348633,46.415061950683594,-69.5947265625,-87.99105072021484,49.63707733154297,3.0772976875305176,29.277345657348633,46.415061950683594,-69.5947265625,-87.99105072021484,49.63707733154297,50.7501630789302
28.438,0,2.8680777549743652,29.03984260559082,46.71599197387695,-69.59577941894531,-88.05963897705078,49.20001220703125,2.8680777549743652,29.03984260559082,46.71599197387695,-69.59577941894531,-88.05963897705078,49.20001220703125,50.554468362687544
28.476,0,2.9679760932922363,29.17497444152832,46.285179138183594,-69.22906494140625,-88.09632873535156,49.18751525878906,2.9679760932922363,29.17497444152832,46.285179138183594,-69.22906494140625,-88.09632873535156,49.18751525878906,50.2283105022831
28.508,0,2.7016096115112305,28.9660587310791,46.30115509033203,-68.960205078125,-88.17340087890625,48.884315490722656,2.7016096115112305,28.9660587310791,46.30115509033203,-68.960205078125,-88.17340087890625,48.884315490722656,49.902152641878665
28.538,0,2.611661911010742,28.83207130432129,46.49997329711914,-68.93778991699219,-88.23626708984375,48.46092987060547,2.611661911010742,28.83207130432129,46.49997329711914,-68.93778991699219,-88.23626708984375,48.46092987060547,49.706457925636
28.573,0,2.527066230773926,28.6689395904541,46.757232666015625,-68.99407958984375,-88.29729461669922,48.038414001464844,2.527066230773926,28.6689395904541,46.757232666015625,-68.99407958984375,-88.29729461669922,48.038414001464844,49.510763209393346
28.609,0,3.1852450370788574,28.665433883666992,46.61479949951172,-68.78450775146484,-88.25663757324219,47.88080596923828,3.1852450370788574,28.665433883666992,46.61479949951172,-68.78450775146484,-88.25663757324219,47.88080596923828,49.18460534898891
28.639,0,3.1019158363342285,28.42881965637207,46.6239128112793,-68.50166320800781,-88.33929443359375,47.488311767578125,3.1019158363342285,28.42881965637207,46.6239128112793,-68.50166320800781,-88.33929443359375,47.488311767578125,48.793215916503584
28.677,0,3.006558418273926,28.255422592163086,46.892921447753906,-68.48046875,-88.41622161865234,47.01445007324219,3.006558418273926,28.255422592163086,46.892921447753906,-68.48046875,-88.41622161865234,47.01445007324219,48.46705805609915
28.706,0,2.928985118865967,27.938154220581055,47.36783218383789,-68.61116027832031,-88.42719268798828,46.75975799560547,2.928985118865967,27.938154220581055,47.36783218383789,-68.61116027832031,-88.42719268798828,46.75975799560547,48.2061317677756
28.743,0,3.1330370903015137,27.72858238220215,47.481101989746094,-68.45663452148438,-88.4568862915039,46.5681037902832,3.1330370903015137,27.72858238220215,47.481101989746094,-68.45663452148438,-88.4568862915039,46.5681037902832,47.879973907371166
28.774,0,3.294417381286621,27.386682510375977,47.4185791015625,-68.05769348144531,-88.47349548339844,46.34796905517578,3.294417381286621,27.386682510375977,47.4185791015625,-68.05769348144531,-88.47349548339844,46.34796905517578,47.48858447488584
28.810,0,3.0611839294433594,27.211091995239258,47.65399932861328,-67.98779296875,-88.51197052001953,45.978580474853516,3.0611839294433594,27.211091995239258,47.65399932861328,-67.98779296875,-88.51197052001953,45.978580474853516,47.162426614481404
28.842,0,2.9189186096191406,26.924211502075195,48.062347412109375,-68.04684448242188,-88.54613494873047,45.71403503417969,2.9189186096191406,26.924211502075195,48.062347412109375,-68.04684448242188,-88.54613494873047,45.71403503417969,46.90150032615786
28.877,0,3.171922206878662,26.67976188659668,48.00680923461914,-67.6576156616211,-88.55729675292969,45.582359313964844,3.171922206878662,26.67976188659668,48.00680923461914,-67.6576156616211,-88.55729675292969,45.582359313964844,46.705805609915195
28.911,0,3.1421618461608887,26.401105880737305,48.07331466674805,-67.40953063964844,-88.63980865478516,45.22406768798828,3.1421618461608887,26.401105880737305,48.07331466674805,-67.40953063964844,-88.63980865478516,45.22406768798828,46.31441617742988
28.942,0,2.9805808067321777,26.134733200073242,48.45476150512695,-67.3941650390625,-88.67867279052734,44.84151840209961,2.9805808067321777,26.134733200073242,48.45476150512695,-67.3941650390625,-88.67867279052734,44.84151840209961,46.053489889106324
28.975,0,2.901259422302246,25.883604049682617,48.792274475097656,-67.3934326171875,-88.67973327636719,44.62862777709961,2.901259422302246,25.883604049682617,48.792274475097656,-67.3934326171875,-88.67973327636719,44.62862777709961,45.85779517286366
29.010,0,2.59030818939209,25.676729202270508,49.00578308105469,-67.30168151855469,-88.80425262451172,44.42394256591797,2.59030818939209,25.676729202270508,49.00578308105469,-67.30168151855469,-88.80425262451172,44.42394256591797,45.531637312459225
29.041,0,2.5047149658203125,25.332704544067383,49.12431716918945,-67.01309967041016,-88.88664245605469,43.99803161621094,2.5047149658203125,25.332704544067383,49.12431716918945,-67.01309967041016,-88.88664245605469,43.99803161621094,45.20547945205479
29.076,0,2.552028179168701,25.119348526000977,49.27647399902344,-66.83682250976562,-88.88587951660156,43.68268966674805,2.552028179168701,25.119348526000977,49.27647399902344,-66.83682250976562,-88.88587951660156,43.68268966674805,44.94455316373124
29.107,0,2.21517276763916,24.87030601501465,49.569732666015625,-66.83001708984375,-88.95500183105469,43.33440399169922,2.21517276763916,24.87030601501465,49.569732666015625,-66.83001708984375,-88.95500183105469,43.33440399169922,44.6836268754077
29.142,0,2.8322267532348633,24.73064613342285,49.5531005859375,-66.63336181640625,-88.88353729248047,43.237037658691406,2.8322267532348633,24.73064613342285,49.5531005859375,-66.63336181640625,-88.88353729248047,43.237037658691406,44.35746901500326
29.176,0,2.7318778038024902,24.3266544342041,49.68595886230469,-66.32310485839844,-88.9520034790039,42.86041259765625,2.7318778038024902,24.3266544342041,49.68595886230469,-66.32310485839844,-88.9520034790039,42.86041259765625,43.966079582517935
29.211,0,2.7726011276245117,24.127954483032227,49.915287017822266,-66.2574462890625,-88.98731231689453,42.51203155517578,2.7726011276245117,24.127954483032227,49.915287017822266,-66.2574462890625,-88.98731231689453,42.51203155517578,43.70515329419439
29.244,0,2.501437187194824,23.84767723083496,50.34077453613281,-66.34259033203125,-89.06747436523438,42.08502960205078,2.501437187194824,23.84767723083496,50.34077453613281,-66.34259033203125,-89.06747436523438,42.08502960205078,43.444227005870836
29.275,0,2.738015651702881,23.799882888793945,50.202030181884766,-66.10084533691406,-88.97698974609375,42.06293487548828,2.738015651702881,23.799882888793945,50.202030181884766,-66.10084533691406,-88.97698974609375,42.06293487548828,43.18330071754729
29.311,0,2.678309917449951,23.43058967590332,50.26128387451172,-65.7812728881836,-89.02562713623047,41.78314971923828,2.678309917449951,23.43058967590332,50.26128387451172,-65.7812728881836,-89.02562713623047,41.78314971923828,42.79191128506197
29.344,0,2.375833034515381,23.11869239807129,50.587989807128906,-65.69161987304688,-89.06661987304688,41.330848693847656,2.375833034515381,23.11869239807129,50.587989807128906,-65.69161987304688,-89.06661987304688,41.330848693847656,42.53098499673842
29.377,0,2.096355438232422,22.969419479370117,50.893165588378906,-65.75529479980469,-89.15412139892578,40.93321228027344,2.096355438232422,22.969419479370117,50.893165588378906,-65.75529479980469,-89.15412139892578,40.93321228027344,42.335290280495755
29.414,0,2.348604202270508,22.884504318237305,50.843528747558594,-65.56095886230469,-89.102294921875,40.847747802734375,2.348604202270508,22.884504318237305,50.843528747558594,-65.56095886230469,-89.102294921875,40.847747802734375,42.07436399217221
29.446,0,2.256061553955078,22.47861671447754,51.0791015625,-65.35499572753906,-89.18644714355469,40.499656677246094,2.256061553955078,22.47861671447754,51.0791015625,-65.35499572753906,-89.18644714355469,40.499656677246094,41.617742987606
29.484,0,1.9036704301834106,22.12453269958496,51.36467742919922,-65.15254211425781,-89.27166748046875,40.0205078125,1.9036704301834106,22.12453269958496,51.36467742919922,-65.15254211425781,-89.27166748046875,40.0205078125,41.35681669928245
29.510,0,1.531723141670227,21.840044021606445,51.75373840332031,-65.13744354248047,-89.3761215209961,39.611656188964844,1.531723141670227,21.840044021606445,51.75373840332031,-65.13744354248047,-89.3761215209961,39.611656188964844,41.0958904109589
29.544,0,1.6765681505203247,21.677091598510742,51.730003356933594,-64.87339782714844,-89.35309600830078,39.376564025878906,1.6765681505203247,21.677091598510742,51.730003356933594,-64.87339782714844,-89.35309600830078,39.376564025878906,40.769732550554465
29.577,0,1.2180620431900024,21.194517135620117,52.037506103515625,-64.6356201171875,-89.47395324707031,39.09745407104492,1.2180620431900024,21.194517135620117,52.037506103515625,-64.6356201171875,-89.47395324707031,39.09745407104492,40.37834311806915
29.613,0,0.8959115743637085,20.741891860961914,52.44872283935547,-64.48660278320312,-89.58597564697266,38.69595718383789,0.8959115743637085,20.741891860961914,52.44872283935547,-64.48660278320312,-89.58597564697266,38.69595718383789,39.98695368558382
29.649,0,0.5398867130279541,20.397829055786133,52.89434051513672,-64.4751205444336,-89.6700668334961,38.43042755126953,0.5398867130279541,20.397829055786133,52.89434051513672,-64.4751205444336,-89.6700668334961,38.43042755126953,39.660795825179385
29.678,0,0.7117540836334229,20.13554573059082,52.94520568847656,-64.1868896484375,-89.65690612792969,38.32196044921875,0.7117540836334229,20.13554573059082,52.94520568847656,-64.1868896484375,-89.65690612792969,38.32196044921875,39.39986953685584
29.714,0,0.24869132041931152,19.589208602905273,53.259586334228516,-63.88565444946289,-89.77635192871094,38.06990051269531,0.24869132041931152,19.589208602905273,53.259586334228516,-63.88565444946289,-89.77635192871094,38.06990051269531,39.0737116764514
29.745,0,-0.11828738451004028,19.184587478637695,53.600765228271484,-63.703731536865234,-89.89535522460938,37.69441604614258,-0.11828738451004028,19.184587478637695,53.600765228271484,-63.703731536865234,-89.89535522460938,37.69441604614258,38.81278538812785
29.780,0,-0.47064265608787537,18.79750633239746,54.026824951171875,-63.7054328918457,-89.98767852783203,37.329315185546875,-0.47064265608787537,18.79750633239746,54.026824951171875,-63.7054328918457,-89.98767852783203,37.329315185546875,38.551859099804304
29.812,0,0.06944417953491211,19.55460548400879,53.427513122558594,-63.88518142700195,-89.92871856689453,37.555267333984375,0.06944417953491211,19.55460548400879,53.427513122558594,-63.88518142700195,-89.92871856689453,37.555267333984375,38.35616438356164
29.847,0,0.3981001377105713,19.240087509155273,53.33552551269531,-63.51142501831055,-89.8541488647461,37.68192672729492,0.3981001377105713,19.240087509155273,53.33552551269531,-63.51142501831055,-89.8541488647461,37.68192672729492,37.96477495107632
29.880,0,0.58428955078125,18.8221492767334,53.48748779296875,-63.218040466308594,-89.80198669433594,37.45387649536133,0.58428955078125,18.8221492767334,53.48748779296875,-63.218040466308594,-89.80198669433594,37.45387649536133,37.76908023483366
29.913,0,0.28366827964782715,18.41520118713379,53.82118225097656,-63.098731994628906,-89.87810516357422,37.151466369628906,0.28366827964782715,18.41520118713379,53.82118225097656,-63.098731994628906,-89.87810516357422,37.151466369628906,37.70384866275277
29.945,0,0.8302026987075806,19.017915725708008,53.340484619140625,-63.264896392822266,-89.82875061035156,37.39863967895508,0.8302026987075806,19.017915725708008,53.340484619140625,-63.264896392822266,-89.82875061035156,37.39863967895508,37.70384866275277
29.981,0,0.3084571361541748,19.069231033325195,53.26567077636719,-63.28662872314453,-89.88946533203125,37.49374008178711,0.3084571361541748,19.069231033325195,53.26567077636719,-63.28662872314453,-89.88946533203125,37.49374008178711,37.70384866275277
30.013,0,0.04856175184249878,18.87973976135254,53.4320182800293,-63.186851501464844,-89.89582824707031,37.48887252807617,0.04856175184249878,18.87973976135254,53.4320182800293,-63.186851501464844,-89.89582824707031,37.48887252807617,37.638617090671886
30.045,0,-0.30913251638412476,18.762460708618164,53.618141174316406,-63.18125534057617,-89.9810791015625,37.378150939941406,-0.30913251638412476,18.762460708618164,53.618141174316406,-63.18125534057617,-89.9810791015625,37.378150939941406,37.573385518590996
30.080,0,0.2603718042373657,19.395586013793945,53.077537536621094,-63.270591735839844,-89.91280364990234,37.68675994873047,0.2603718042373657,19.395586013793945,53.077537536621094,-63.270591735839844,-89.91280364990234,37.68675994873047,37.573385518590996
30.113,0,0.46772003173828125,18.980810165405273,53.20848846435547,-62.95082092285156,-89.88827514648438,37.661643981933594,0.46772003173828125,18.980810165405273,53.20848846435547,-62.95082092285156,-89.88827514648438,37.661643981933594,37.573385518590996
30.148,0,0.16123664379119873,18.414289474487305,53.82317352294922,-62.81609344482422,-89.89794921875,37.522911071777344,0.16123664379119873,18.414289474487305,53.82317352294922,-62.81609344482422,-89.89794921875,37.522911071777344,37.573385518590996
30.179,0,0.05105578899383545,18.087308883666992,54.117027282714844,-62.698062896728516,-89.9073715209961,37.494712829589844,0.05105578899383545,18.087308883666992,54.117027282714844,-62.698062896728516,-89.9073715209961,37.494712829589844,37.573385518590996
30.213,0,0.3354940414428711,18.15110206604004,53.95853042602539,-62.57640075683594,-89.84239959716797,37.79128646850586,0.3354940414428711,18.15110206604004,53.95853042602539,-62.57640075683594,-89.84239959716797,37.79128646850586,37.573385518590996
30.247,0,0.1605015993118286,18.1016788482666,53.90996170043945,-62.43223571777344,-89.83711242675781,37.98057174682617,0.1605015993118286,18.1016788482666,53.90996170043945,-62.43223571777344,-89.83711242675781,37.98057174682617,37.573385518590996
30.284,0,-0.19336360692977905,17.676137924194336,54.183650970458984,-62.11397933959961,-89.86864471435547,37.79790496826172,-0.19336360692977905,17.676137924194336,54.183650970458984,-62.11397933959961,-89.86864471435547,37.79790496826172,37.573385518590996
30.315,0,0.024548828601837158,17.353994369506836,54.521644592285156,-62.033504486083984,-89.85609436035156,37.84893035888672,0.024548828601837158,17.353994369506836,54.521644592285156,-62.033504486083984,-89.85609436035156,37.84893035888672,37.573385518590996
30.351,0,0.2541593313217163,18.367944717407227,53.83521270751953,-62.47609329223633,-89.77508544921875,38.26764678955078,0.2541593313217163,18.367944717407227,53.83521270751953,-62.47609329223633,-89.77508544921875,38.26764678955078,37.573385518590996
30.381,0,0.468960165977478,18.140954971313477,53.783111572265625,-62.18620300292969,-89.7489013671875,38.46849822998047,0.468960165977478,18.140954971313477,53.783111572265625,-62.18620300292969,-89.7489013671875,38.46849822998047,37.573385518590996
30.419,0,0.09267878532409668,17.918893814086914,53.96222686767578,-61.98789596557617,-89.73346710205078,38.38651657104492,0.09267878532409668,17.918893814086914,53.96222686767578,-61.98789596557617,-89.73346710205078,38.38651657104492,37.573385518590996
30.448,0,0.6845829486846924,17.559804916381836,54.018680572509766,-61.6199836730957,-89.65290069580078,38.42039489746094,0.6845829486846924,17.559804916381836,54.018680572509766,-61.6199836730957,-89.65290069580078,38.42039489746094,37.83431180691454
30.482,0,0.9461520910263062,18.3226375579834,53.45613479614258,-61.91427993774414,-89.5706558227539,38.788414001464844,0.9461520910263062,18.3226375579834,53.45613479614258,-61.91427993774414,-89.5706558227539,38.788414001464844,38.030006523157205
30.517,0,0.8418824672698975,18.109277725219727,53.36547088623047,-61.593536376953125,-89.55760955810547,38.90677261352539,0.8418824672698975,18.109277725219727,53.36547088623047,-61.593536376953125,-89.55760955810547,38.90677261352539,38.030006523157205
30.547,0,0.8369135856628418,17.76548194885254,53.685062408447266,-61.46222686767578,-89.5318374633789,38.804222106933594,0.8369135856628418,17.76548194885254,53.685062408447266,-61.46222686767578,-89.5318374633789,38.804222106933594,38.030006523157205
30.584,0,1.2796269655227661,17.472536087036133,53.78130340576172,-61.22858428955078,-89.4794921875,38.79725646972656,1.2796269655227661,17.472536087036133,53.78130340576172,-61.22858428955078,-89.4794921875,38.79725646972656,38.29093281148076
30.615,0,1.8813859224319458,18.653261184692383,52.968299865722656,-61.797237396240234,-89.38316345214844,39.20880889892578,1.8813859224319458,18.653261184692383,52.968299865722656,-61.797237396240234,-89.38316345214844,39.20880889892578,38.42139595564253
30.651,0,2.524282455444336,18.522798538208008,52.986480712890625,-61.83448791503906,-89.31996154785156,39.162086486816406,2.524282455444336,18.522798538208008,52.986480712890625,-61.83448791503906,-89.31996154785156,39.162086486816406,38.42139595564253
30.684,0,2.912911891937256,18.408750534057617,53.068382263183594,-61.86509704589844,-89.27212524414062,39.07635498046875,2.912911891937256,18.408750534057617,53.068382263183594,-61.86509704589844,-89.27212524414062,39.07635498046875,38.42139595564253
30.717,0,3.474508762359619,18.267778396606445,53.123023986816406,-61.824745178222656,-89.2412338256836,38.9894905090332,3.474508762359619,18.267778396606445,53.123023986816406,-61.824745178222656,-89.2412338256836,38.9894905090332,38.68232224396608
30.750,0,3.8393678665161133,19.774507522583008,52.349998474121094,-62.861175537109375,-89.16938781738281,39.44356155395508,3.8393678665161133,19.774507522583008,52.349998474121094,-62.861175537109375,-89.16938781738281,39.44356155395508,38.81278538812785
30.786,0,3.617863178253174,20.39884376525879,51.97894287109375,-63.39173889160156,-89.18367767333984,39.61646270751953,3.617863178253174,20.39884376525879,51.97894287109375,-63.39173889160156,-89.18367767333984,39.61646270751953,38.81278538812785
30.816,0,3.9981040954589844,20.74991798400879,51.92203903198242,-63.80378341674805,-89.15206909179688,39.55608367919922,3.9981040954589844,20.74991798400879,51.92203903198242,-63.80378341674805,-89.15206909179688,39.55608367919922,38.81278538812785
30.853,0,4.619680404663086,20.82273292541504,51.89752960205078,-63.959007263183594,-89.07615661621094,39.59549331665039,4.619680404663086,20.82273292541504,51.89752960205078,-63.959007263183594,-89.07615661621094,39.59549331665039,39.0737116764514
30.884,0,5.285390377044678,21.07346534729004,51.641761779785156,-64.10263061523438,-89.02774047851562,39.56051254272461,5.285390377044678,21.07346534729004,51.641761779785156,-64.10263061523438,-89.02774047851562,39.56051254272461,39.204174820613176
30.918,0,5.184612274169922,21.385080337524414,51.5638427734375,-64.57452392578125,-89.03328704833984,39.690162658691406,5.184612274169922,21.385080337524414,51.5638427734375,-64.57452392578125,-89.03328704833984,39.690162658691406,39.204174820613176
30.952,0,5.380491256713867,21.37919807434082,51.655548095703125,-64.6705322265625,-89.02175903320312,39.528221130371094,5.380491256713867,21.37919807434082,51.655548095703125,-64.6705322265625,-89.02175903320312,39.528221130371094,39.204174820613176
30.985,0,5.68902063369751,21.139585494995117,51.99223327636719,-64.78506469726562,-89.01611328125,39.30613708496094,5.68902063369751,21.139585494995117,51.99223327636719,-64.78506469726562,-89.01611328125,39.30613708496094,39.204174820613176
31.019,0,5.567007064819336,21.266504287719727,51.890296936035156,-64.82392120361328,-89.01966857910156,39.27507781982422,5.567007064819336,21.266504287719727,51.890296936035156,-64.82392120361328,-89.01966857910156,39.27507781982422,39.204174820613176
31.052,0,5.420801639556885,20.967920303344727,52.17979049682617,-64.82178497314453,-89.067138671875,39.10658264160156,5.420801639556885,20.967920303344727,52.17979049682617,-64.82178497314453,-89.067138671875,39.10658264160156,39.204174820613176
31.085,0,5.335334777832031,20.8608341217041,52.376399993896484,-64.84107971191406,-89.09059143066406,38.81052780151367,5.335334777832031,20.8608341217041,52.376399993896484,-64.84107971191406,-89.09059143066406,38.81052780151367,39.204174820613176
31.119,0,5.655954837799072,20.61224937438965,52.73968505859375,-64.9428482055664,-89.08202362060547,38.60589599609375,5.655954837799072,20.61224937438965,52.73968505859375,-64.9428482055664,-89.08202362060547,38.60589599609375,39.204174820613176
31.152,0,5.493840217590332,20.666013717651367,52.7658576965332,-65.00373840332031,-89.1277084350586,38.498111724853516,5.493840217590332,20.666013717651367,52.7658576965332,-65.00373840332031,-89.1277084350586,38.498111724853516,39.138943248532286
31.186,0,5.219690322875977,20.43028450012207,52.84435272216797,-64.82807922363281,-89.16654968261719,38.52714157104492,5.219690322875977,20.43028450012207,52.84435272216797,-64.82807922363281,-89.16654968261719,38.52714157104492,39.00848010437051
31.218,0,5.196730613708496,20.29566764831543,53.01311492919922,-64.78666687011719,-89.205810546875,38.25758743286133,5.196730613708496,20.29566764831543,53.01311492919922,-64.78666687011719,-89.205810546875,38.25758743286133,38.87801696020874
31.254,0,5.716955661773682,20.119482040405273,52.95869064331055,-64.56561279296875,-89.16639709472656,38.274444580078125,5.716955661773682,20.119482040405273,52.95869064331055,-64.56561279296875,-89.16639709472656,38.274444580078125,38.74755381604697
31.288,0,5.5062665939331055,20.18645668029785,52.88473892211914,-64.57453918457031,-89.23239135742188,38.354148864746094,5.5062665939331055,20.18645668029785,52.88473892211914,-64.57453918457031,-89.23239135742188,38.354148864746094,38.68232224396608
31.317,0,5.3436808586120605,19.984006881713867,52.83573913574219,-64.35691833496094,-89.27032470703125,38.472232818603516,5.3436808586120605,19.984006881713867,52.83573913574219,-64.35691833496094,-89.27032470703125,38.472232818603516,38.551859099804304
31.354,0,5.2858405113220215,19.87803077697754,52.93389129638672,-64.28553771972656,-89.27957153320312,38.341758728027344,5.2858405113220215,19.87803077697754,52.93389129638672,-64.28553771972656,-89.27957153320312,38.341758728027344,38.551859099804304
31.399,0,5.257112979888916,19.655031204223633,53.224029541015625,-64.28303527832031,-89.31304168701172,38.217342376708984,5.257112979888916,19.655031204223633,53.224029541015625,-64.28303527832031,-89.31304168701172,38.217342376708984,38.551859099804304
31.427,0,5.065957069396973,19.600236892700195,53.294212341308594,-64.28487396240234,-89.35892486572266,38.25886535644531,5.065957069396973,19.600236892700195,53.294212341308594,-64.28487396240234,-89.35892486572266,38.25886535644531,38.551859099804304
31.456,0,4.9461894035339355,19.43963050842285,53.223777770996094,-64.07219696044922,-89.4073715209961,38.39448165893555,4.9461894035339355,19.43963050842285,53.223777770996094,-64.07219696044922,-89.4073715209961,38.39448165893555,38.551859099804304
31.490,0,4.892844200134277,19.287839889526367,53.311561584472656,-63.93009567260742,-89.43877410888672,38.28559112548828,4.892844200134277,19.287839889526367,53.311561584472656,-63.93009567260742,-89.43877410888672,38.28559112548828,38.551859099804304
31.524,0,5.177736282348633,18.998689651489258,53.445030212402344,-63.728755950927734,-89.43009948730469,38.301963806152344,5.177736282348633,18.998689651489258,53.445030212402344,-63.728755950927734,-89.43009948730469,38.301963806152344,38.551859099804304
31.556,0,5.34487771987915,19.62955665588379,52.972145080566406,-64.00444030761719,-89.38418579101562,38.71678161621094,5.34487771987915,19.62955665588379,52.972145080566406,-64.00444030761719,-89.38418579101562,38.71678161621094,38.486627527723414
31.591,0,5.511813640594482,20.21556282043457,52.57373809814453,-64.30084228515625,-89.3400650024414,39.04438781738281,5.511813640594482,20.21556282043457,52.57373809814453,-64.30084228515625,-89.3400650024414,39.04438781738281,38.486627527723414
31.625,0,5.256576061248779,19.873220443725586,52.75251770019531,-64.07583618164062,-89.35038757324219,39.13471984863281,5.256576061248779,19.873220443725586,52.75251770019531,-64.07583618164062,-89.35038757324219,39.13471984863281,38.551859099804304
31.659,0,5.063398361206055,19.602140426635742,52.99799346923828,-63.985435485839844,-89.36039733886719,38.99654769897461,5.063398361206055,19.602140426635742,52.99799346923828,-63.985435485839844,-89.36039733886719,38.99654769897461,38.551859099804304
31.690,0,5.403481483459473,20.353307723999023,52.485382080078125,-64.38935852050781,-89.25418853759766,39.42539596557617,5.403481483459473,20.353307723999023,52.485382080078125,-64.38935852050781,-89.25418853759766,39.42539596557617,38.551859099804304
31.727,0,5.729451656341553,21.09267234802246,51.993953704833984,-64.7744140625,-89.15967559814453,39.84434509277344,5.729451656341553,21.09267234802246,51.993953704833984,-64.7744140625,-89.15967559814453,39.84434509277344,38.551859099804304
31.756,0,5.225389003753662,21.173471450805664,51.77313232421875,-64.73847198486328,-89.17774963378906,40.04065704345703,5.225389003753662,21.173471450805664,51.77313232421875,-64.73847198486328,-89.17774963378906,40.04065704345703,38.68232224396608
31.793,0,5.819065093994141,20.98005485534668,51.77448654174805,-64.46728515625,-89.07145690917969,40.110267639160156,5.819065093994141,20.98005485534668,51.77448654174805,-64.46728515625,-89.07145690917969,40.110267639160156,39.00848010437051
31.824,0,6.452212333679199,20.890859603881836,51.77583694458008,-64.35263061523438,-88.97343444824219,40.22801971435547,6.452212333679199,20.890859603881836,51.77583694458008,-64.35263061523438,-88.97343444824219,40.22801971435547,39.33463796477495
31.859,0,6.6323652267456055,21.468687057495117,51.31580352783203,-64.56363677978516,-88.9306869506836,40.501914978027344,6.6323652267456055,21.468687057495117,51.31580352783203,-64.56363677978516,-88.9306869506836,40.501914978027344,39.595564253098495
31.892,0,6.285743236541748,21.371248245239258,51.24586486816406,-64.43336486816406,-88.93695831298828,40.775184631347656,6.285743236541748,21.371248245239258,51.24586486816406,-64.43336486816406,-88.93695831298828,40.775184631347656,39.726027397260275
31.928,0,6.093079090118408,21.188058853149414,51.44756317138672,-64.373779296875,-88.95288848876953,40.6553955078125,6.093079090118408,21.188058853149414,51.44756317138672,-64.373779296875,-88.95288848876953,40.6553955078125,39.92172211350293
31.958,0,6.357926368713379,21.51106834411621,51.09208679199219,-64.45271301269531,-88.91184997558594,40.991764068603516,6.357926368713379,21.51106834411621,51.09208679199219,-64.45271301269531,-88.91184997558594,40.991764068603516,40.182648401826484
31.993,0,6.565905570983887,21.8652286529541,50.7325325012207,-64.50396728515625,-88.86293029785156,41.254417419433594,6.565905570983887,21.8652286529541,50.7325325012207,-64.50396728515625,-88.86293029785156,41.254417419433594,40.31311154598826
32.027,0,6.054749965667725,22.650514602661133,49.98516082763672,-64.74810791015625,-88.8735580444336,41.757232666015625,6.054749965667725,22.650514602661133,49.98516082763672,-64.74810791015625,-88.8735580444336,41.757232666015625,40.37834311806915
32.058,0,6.608115196228027,22.56891441345215,49.860408782958984,-64.46775817871094,-88.79479217529297,41.794593811035156,6.608115196228027,22.56891441345215,49.860408782958984,-64.46775817871094,-88.79479217529297,41.794593811035156,40.63926940639269
32.093,0,7.19605827331543,22.554834365844727,49.71737289428711,-64.28828430175781,-88.7179946899414,41.903953552246094,7.19605827331543,22.554834365844727,49.71737289428711,-64.28828430175781,-88.7179946899414,41.903953552246094,40.90019569471624
32.126,0,7.423712730407715,23.00786781311035,49.248714447021484,-64.29322814941406,-88.65151977539062,42.304962158203125,7.423712730407715,23.00786781311035,49.248714447021484,-64.29322814941406,-88.65151977539062,42.304962158203125,41.226353555120674
32.166,0,7.272525787353516,22.90229606628418,49.43751907348633,-64.24056243896484,-88.64216613769531,42.21039962768555,7.272525787353516,22.90229606628418,49.43751907348633,-64.24056243896484,-88.64216613769531,42.21039962768555,41.42204827136334
32.190,0,7.164616584777832,22.740819931030273,49.588279724121094,-64.1185302734375,-88.61289978027344,42.10124588012695,7.164616584777832,22.740819931030273,49.588279724121094,-64.1185302734375,-88.61289978027344,42.10124588012695,41.617742987606
32.226,0,7.054359436035156,22.59739112854004,49.92649841308594,-64.20879364013672,-88.67537689208984,42.19498825073242,7.054359436035156,22.59739112854004,49.92649841308594,-64.20879364013672,-88.67537689208984,42.19498825073242,41.81343770384866
32.260,0,7.08808708190918,22.448503494262695,49.869197845458984,-63.97464370727539,-88.65910339355469,42.37904357910156,7.08808708190918,22.448503494262695,49.869197845458984,-63.97464370727539,-88.65910339355469,42.37904357910156,41.81343770384866
32.294,0,7.108072757720947,22.358243942260742,49.75467300415039,-63.729454040527344,-88.63265991210938,42.54595947265625,7.108072757720947,22.358243942260742,49.75467300415039,-63.729454040527344,-88.63265991210938,42.54595947265625,41.81343770384866
32.327,0,6.816677570343018,22.187726974487305,49.80434036254883,-63.46259307861328,-88.6672134399414,42.3371696472168,6.816677570343018,22.187726974487305,49.80434036254883,-63.46259307861328,-88.6672134399414,42.3371696472168,41.878669275929546
32.360,0,6.807292938232422,22.023221969604492,50.10414123535156,-63.56229782104492,-88.70866394042969,42.26527404785156,6.807292938232422,22.023221969604492,50.10414123535156,-63.56229782104492,-88.70866394042969,42.26527404785156,41.943900848010436
32.395,0,6.834049224853516,21.855146408081055,50.387428283691406,-63.625831604003906,-88.73928833007812,42.121986389160156,6.834049224853516,21.855146408081055,50.387428283691406,-63.625831604003906,-88.73928833007812,42.121986389160156,42.00913242009132
32.429,0,6.7967915534973145,22.194570541381836,50.23954772949219,-63.93849563598633,-88.69049835205078,42.04119110107422,6.7967915534973145,22.194570541381836,50.23954772949219,-63.93849563598633,-88.69049835205078,42.04119110107422,42.07436399217221
32.461,0,6.624831676483154,21.9841365814209,50.25895690917969,-63.67121124267578,-88.70441436767578,41.77954864501953,6.624831676483154,21.9841365814209,50.25895690917969,-63.67121124267578,-88.70441436767578,41.77954864501953,42.07436399217221
32.499,0,6.470156192779541,21.830087661743164,50.60041809082031,-63.7921257019043,-88.77945709228516,41.62249755859375,6.470156192779541,21.830087661743164,50.60041809082031,-63.7921257019043,-88.77945709228516,41.62249755859375,42.07436399217221
32.529,0,7.171368598937988,22.07029151916504,50.22221374511719,-63.845088958740234,-88.65483856201172,41.883201599121094,7.171368598937988,22.07029151916504,50.22221374511719,-63.845088958740234,-88.65483856201172,41.883201599121094,42.07436399217221
32.559,0,7.12757682800293,22.25965690612793,50.1646614074707,-64.10584259033203,-88.61698913574219,41.81616973876953,7.12757682800293,22.25965690612793,50.1646614074707,-64.10584259033203,-88.61698913574219,41.81616973876953,42.07436399217221
32.595,0,6.889995098114014,22.031896591186523,50.471900939941406,-64.04179382324219,-88.66703033447266,41.394134521484375,6.889995098114014,22.031896591186523,50.471900939941406,-64.04179382324219,-88.66703033447266,41.394134521484375,42.07436399217221
32.629,0,6.715714931488037,22.028711318969727,50.61838912963867,-64.17523193359375,-88.74830627441406,41.217811584472656,6.715714931488037,22.028711318969727,50.61838912963867,-64.17523193359375,-88.74830627441406,41.217811584472656,42.07436399217221
32.676,0,7.579927444458008,22.26877784729004,50.177947998046875,-64.14593505859375,-88.64281463623047,41.54920196533203,7.579927444458008,22.26877784729004,50.177947998046875,-64.14593505859375,-88.64281463623047,41.54920196533203,42.07436399217221
32.700,0,7.561093330383301,22.47102928161621,50.09667205810547,-64.372314453125,-88.61412048339844,41.54039001464844,7.561093330383301,22.47102928161621,50.09667205810547,-64.372314453125,-88.61412048339844,41.54039001464844,41.74820613176777
32.747,0,7.348293304443359,22.18745231628418,50.3912353515625,-64.26419067382812,-88.66065979003906,41.12928009033203,7.348293304443359,22.18745231628418,50.3912353515625,-64.26419067382812,-88.66065979003906,41.12928009033203,41.617742987606
32.770,0,7.181936264038086,22.035276412963867,50.58223342895508,-64.2083740234375,-88.7128677368164,40.80972671508789,7.181936264038086,22.035276412963867,50.58223342895508,-64.2083740234375,-88.7128677368164,40.80972671508789,41.617742987606
32.803,0,6.991273880004883,21.93308448791504,50.74381637573242,-64.22431945800781,-88.79559326171875,40.749305725097656,6.991273880004883,21.93308448791504,50.74381637573242,-64.22431945800781,-88.79559326171875,40.749305725097656,41.617742987606
32.839,0,6.747082233428955,21.879873275756836,50.77863311767578,-64.20054626464844,-88.83203125,40.89307403564453,6.747082233428955,21.879873275756836,50.77863311767578,-64.20054626464844,-88.83203125,40.89307403564453,41.42204827136334
32.873,0,6.577666282653809,22.15638542175293,50.719871520996094,-64.42679595947266,-88.80294799804688,40.733787536621094,6.577666282653809,22.15638542175293,50.719871520996094,-64.42679595947266,-88.80294799804688,40.733787536621094,41.226353555120674
32.905,0,6.365461349487305,21.897382736206055,50.954734802246094,-64.30355834960938,-88.85816955566406,40.443565368652344,6.365461349487305,21.897382736206055,50.954734802246094,-64.30355834960938,-88.85816955566406,40.443565368652344,41.16112198303979
32.940,0,6.17253303527832,21.8507022857666,51.065040588378906,-64.32200622558594,-88.93170166015625,40.40717697143555,6.17253303527832,21.8507022857666,51.065040588378906,-64.32200622558594,-88.93170166015625,40.40717697143555,41.0958904109589
32.973,0,5.918895244598389,21.704763412475586,51.11443328857422,-64.24763488769531,-88.98841857910156,40.51924514770508,5.918895244598389,21.704763412475586,51.11443328857422,-64.24763488769531,-88.98841857910156,40.51924514770508,41.03065883887801
33.006,0,5.869487285614014,22.025362014770508,50.897769927978516,-64.44563293457031,-88.94752502441406,40.52111053466797,5.869487285614014,22.025362014770508,50.897769927978516,-64.44563293457031,-88.94752502441406,40.52111053466797,40.769732550554465
33.041,0,5.642274856567383,21.69338035583496,51.083438873291016,-64.1759033203125,-88.99555206298828,40.292110443115234,5.642274856567383,21.69338035583496,51.083438873291016,-64.1759033203125,-88.99555206298828,40.292110443115234,40.704500978473575
33.071,0,5.429996013641357,21.537778854370117,51.19731903076172,-64.04933166503906,-89.04627227783203,40.215938568115234,5.429996013641357,21.537778854370117,51.19731903076172,-64.04933166503906,-89.04627227783203,40.215938568115234,40.704500978473575
33.107,0,5.129162788391113,21.306150436401367,51.30570983886719,-63.91067886352539,-89.12030029296875,40.196861267089844,5.129162788391113,21.306150436401367,51.30570983886719,-63.91067886352539,-89.12030029296875,40.196861267089844,40.704500978473575
33.140,0,5.0006537437438965,22.212461471557617,50.840728759765625,-64.49799346923828,-89.05142211914062,40.46284484863281,5.0006537437438965,22.212461471557617,50.840728759765625,-64.49799346923828,-89.05142211914062,40.46284484863281,40.704500978473575
33.174,0,5.2552266120910645,21.93357276916504,50.888893127441406,-64.23457336425781,-89.01404571533203,40.444976806640625,5.2552266120910645,21.93357276916504,50.888893127441406,-64.23457336425781,-89.01404571533203,40.444976806640625,40.704500978473575
33.206,0,5.326247215270996,22.42771339416504,50.471920013427734,-64.33756256103516,-88.95915222167969,40.82093811035156,5.326247215270996,22.42771339416504,50.471920013427734,-64.33756256103516,-88.95915222167969,40.82093811035156,40.704500978473575
33.242,0,5.020405292510986,22.312631607055664,50.40668869018555,-64.17015075683594,-89.02249145507812,40.90850067138672,5.020405292510986,22.312631607055664,50.40668869018555,-64.17015075683594,-89.02249145507812,40.90850067138672,40.704500978473575
33.271,0,4.728797912597656,22.198667526245117,50.46650695800781,-64.0927963256836,-89.07960510253906,40.95269012451172,4.728797912597656,22.198667526245117,50.46650695800781,-64.0927963256836,-89.07960510253906,40.95269012451172,40.704500978473575
33.309,0,4.59024715423584,22.41632652282715,50.270713806152344,-64.13687133789062,-89.03534698486328,40.95573425292969,4.59024715423584,22.41632652282715,50.270713806152344,-64.13687133789062,-89.03534698486328,40.95573425292969,40.704500978473575
33.340,0,4.47445821762085,22.1662654876709,50.312042236328125,-63.80122756958008,-89.04353332519531,40.7619743347168,4.47445821762085,22.1662654876709,50.312042236328125,-63.80122756958008,-89.04353332519531,40.7619743347168,40.704500978473575
33.373,0,4.2959465980529785,22.029085159301758,50.35901641845703,-63.65201187133789,-89.08011627197266,40.80841064453125,4.2959465980529785,22.029085159301758,50.35901641845703,-63.65201187133789,-89.08011627197266,40.80841064453125,40.704500978473575
33.413,0,4.751002788543701,22.73224449157715,49.728187561035156,-63.93182373046875,-88.96299743652344,41.29206085205078,4.751002788543701,22.73224449157715,49.728187561035156,-63.93182373046875,-88.96299743652344,41.29206085205078,40.704500978473575
33.439,0,5.115042686462402,23.40752601623535,49.12030029296875,-64.16627502441406,-88.87203979492188,41.64971160888672,5.115042686462402,23.40752601623535,49.12030029296875,-64.16627502441406,-88.87203979492188,41.64971160888672,40.704500978473575
33.472,0,5.182192325592041,23.734773635864258,48.856468200683594,-64.27281188964844,-88.78273010253906,41.554534912109375,5.182192325592041,23.734773635864258,48.856468200683594,-64.27281188964844,-88.78273010253906,41.554534912109375,40.704500978473575
33.507,0,5.2742390632629395,23.527170181274414,48.90550994873047,-64.07514953613281,-88.77679443359375,41.4258918762207,5.2742390632629395,23.527170181274414,48.90550994873047,-64.07514953613281,-88.77679443359375,41.4258918762207,40.96542726679713
33.542,0,5.239285469055176,23.60920524597168,48.681968688964844,-63.962459564208984,-88.77558898925781,41.67591857910156,5.239285469055176,23.60920524597168,48.681968688964844,-63.962459564208984,-88.77558898925781,41.67591857910156,41.0958904109589
33.572,0,5.525428295135498,24.663114547729492,47.91615295410156,-64.47081756591797,-88.65827178955078,42.14300537109375,5.525428295135498,24.663114547729492,47.91615295410156,-64.47081756591797,-88.65827178955078,42.14300537109375,41.16112198303979
33.608,0,5.606534957885742,24.920156478881836,47.67269515991211,-64.49796295166016,-88.56236267089844,42.056640625,5.606534957885742,24.920156478881836,47.67269515991211,-64.49796295166016,-88.56236267089844,42.056640625,41.226353555120674
33.639,0,5.653556823730469,24.74213218688965,47.7286376953125,-64.34956359863281,-88.55882263183594,41.91587829589844,5.653556823730469,24.74213218688965,47.7286376953125,-64.34956359863281,-88.55882263183594,41.91587829589844,41.35681669928245
33.676,0,5.5658955574035645,24.65342903137207,47.822166442871094,-64.36981964111328,-88.58345031738281,41.97858428955078,5.5658955574035645,24.65342903137207,47.822166442871094,-64.36981964111328,-88.58345031738281,41.97858428955078,41.617742987606
33.707,0,5.96946382522583,24.910985946655273,47.544921875,-64.526611328125,-88.50536346435547,42.20289611816406,5.96946382522583,24.910985946655273,47.544921875,-64.526611328125,-88.50536346435547,42.20289611816406,41.617742987606
33.742,0,6.059449672698975,25.943044662475586,47.02745819091797,-65.21684265136719,-88.36036682128906,42.429847717285156,6.059449672698975,25.943044662475586,47.02745819091797,-65.21684265136719,-88.36036682128906,42.429847717285156,41.617742987606
33.773,0,6.455227851867676,25.717775344848633,47.045230865478516,-65.04975128173828,-88.30288696289062,42.33353805541992,6.455227851867676,25.717775344848633,47.045230865478516,-65.04975128173828,-88.30288696289062,42.33353805541992,41.617742987606
33.806,0,6.411674976348877,25.70534324645996,47.05314636230469,-65.04583740234375,-88.30892944335938,42.405120849609375,6.411674976348877,25.70534324645996,47.05314636230469,-65.04583740234375,-88.30892944335938,42.405120849609375,41.81343770384866
33.840,0,7.0633039474487305,25.512128829956055,47.05390930175781,-64.93851470947266,-88.18699645996094,42.46513748168945,7.0633039474487305,25.512128829956055,47.05390930175781,-64.93851470947266,-88.18699645996094,42.46513748168945,41.943900848010436
33.877,0,6.908337116241455,25.437620162963867,47.26750946044922,-64.99238586425781,-88.16681671142578,42.36545181274414,6.908337116241455,25.437620162963867,47.26750946044922,-64.99238586425781,-88.16681671142578,42.36545181274414,42.00913242009132
33.907,0,7.090602397918701,25.280202865600586,47.30950927734375,-64.86772155761719,-88.14506530761719,42.32744598388672,7.090602397918701,25.280202865600586,47.30950927734375,-64.86772155761719,-88.14506530761719,42.32744598388672,42.07436399217221
33.943,0,7.0009565353393555,25.19510841369629,47.406829833984375,-64.88983154296875,-88.14507293701172,42.40419006347656,7.0009565353393555,25.19510841369629,47.406829833984375,-64.88983154296875,-88.14507293701172,42.40419006347656,42.1395955642531
33.977,0,6.750070571899414,25.01453971862793,47.42454528808594,-64.71514892578125,-88.16162872314453,42.60040283203125,6.750070571899414,25.01453971862793,47.42454528808594,-64.71514892578125,-88.16162872314453,42.60040283203125,42.1395955642531
34.009,0,6.591368675231934,24.9798641204834,47.64764404296875,-64.84557342529297,-88.1427001953125,42.5672607421875,6.591368675231934,24.9798641204834,47.64764404296875,-64.84557342529297,-88.1427001953125,42.5672607421875,42.1395955642531
34.043,0,6.5969061851501465,24.896345138549805,47.81385803222656,-64.94585418701172,-88.14286041259766,42.46539306640625,6.5969061851501465,24.896345138549805,47.81385803222656,-64.94585418701172,-88.14286041259766,42.46539306640625,42.1395955642531
34.075,0,6.4447126388549805,24.916555404663086,47.84034729003906,-64.99261474609375,-88.15241241455078,42.579139709472656,6.4447126388549805,24.916555404663086,47.84034729003906,-64.99261474609375,-88.15241241455078,42.579139709472656,42.20482713633398
34.110,0,6.20308780670166,24.895715713500977,47.73542785644531,-64.87045288085938,-88.1964111328125,42.80680465698242,6.20308780670166,24.895715713500977,47.73542785644531,-64.87045288085938,-88.1964111328125,42.80680465698242,42.27005870841487
34.144,0,6.064318656921387,24.86958122253418,47.88176727294922,-64.96111297607422,-88.17941284179688,42.7509765625,6.064318656921387,24.86958122253418,47.88176727294922,-64.96111297607422,-88.17941284179688,42.7509765625,42.27005870841487
34.179,0,6.706329822540283,24.783021926879883,47.88380432128906,-64.89745330810547,-88.0799789428711,42.702266693115234,6.706329822540283,24.783021926879883,47.88380432128906,-64.89745330810547,-88.0799789428711,42.702266693115234,42.27005870841487
34.208,0,7.198333740234375,24.826902389526367,47.70580291748047,-64.8748550415039,-88.040771484375,42.665504455566406,7.198333740234375,24.826902389526367,47.70580291748047,-64.8748550415039,-88.040771484375,42.665504455566406,42.335290280495755
34.245,0,7.022053241729736,24.666879653930664,47.76233673095703,-64.79219818115234,-88.0965347290039,42.68189239501953,7.022053241729736,24.666879653930664,47.76233673095703,-64.79219818115234,-88.0965347290039,42.68189239501953,42.400521852576645
34.278,0,6.878168106079102,24.7019100189209,47.912086486816406,-64.93364715576172,-88.06293487548828,42.612083435058594,6.878168106079102,24.7019100189209,47.912086486816406,-64.93364715576172,-88.06293487548828,42.612083435058594,42.400521852576645
34.312,0,7.394518852233887,24.646432876586914,47.89845657348633,-64.899169921875,-87.97223663330078,42.48009490966797,7.394518852233887,24.646432876586914,47.89845657348633,-64.899169921875,-87.97223663330078,42.48009490966797,42.400521852576645
34.345,0,7.776702880859375,24.670007705688477,47.7083625793457,-64.80720520019531,-87.89116668701172,42.575740814208984,7.776702880859375,24.670007705688477,47.7083625793457,-64.80720520019531,-87.89116668701172,42.575740814208984,42.400521852576645
34.378,0,7.639885902404785,24.641042709350586,47.65428924560547,-64.72245788574219,-87.92547607421875,42.594390869140625,7.639885902404785,24.641042709350586,47.65428924560547,-64.72245788574219,-87.92547607421875,42.594390869140625,42.400521852576645
34.411,0,7.459170341491699,24.72503089904785,47.729679107666016,-64.82554626464844,-87.90648651123047,42.62158203125,7.459170341491699,24.72503089904785,47.729679107666016,-64.82554626464844,-87.90648651123047,42.62158203125,42.400521852576645
34.444,0,7.7364349365234375,24.67740821838379,47.795616149902344,-64.83946990966797,-87.85760498046875,42.39575958251953,7.7364349365234375,24.67740821838379,47.795616149902344,-64.83946990966797,-87.85760498046875,42.39575958251953,42.400521852576645
34.478,0,8.092264175415039,24.625551223754883,47.65141296386719,-64.66268920898438,-87.80476379394531,42.34425354003906,8.092264175415039,24.625551223754883,47.65141296386719,-64.66268920898438,-87.80476379394531,42.34425354003906,42.400521852576645
34.512,0,7.939200401306152,24.72402000427246,47.52230453491211,-64.66619873046875,-87.83218383789062,42.500755310058594,7.939200401306152,24.72402000427246,47.52230453491211,-64.66619873046875,-87.83218383789062,42.500755310058594,42.400521852576645
34.547,0,7.769377708435059,24.784494400024414,47.6116943359375,-64.77052307128906,-87.81160736083984,42.49178695678711,7.769377708435059,24.784494400024414,47.6116943359375,-64.77052307128906,-87.81160736083984,42.49178695678711,42.400521852576645
34.576,0,8.017162322998047,24.745752334594727,47.71277618408203,-64.79531860351562,-87.77357482910156,42.32126235961914,8.017162322998047,24.745752334594727,47.71277618408203,-64.79531860351562,-87.77357482910156,42.32126235961914,42.400521852576645
34.612,0,8.395251274108887,24.63233757019043,47.63279342651367,-64.64523315429688,-87.71699523925781,42.28645324707031,8.395251274108887,24.63233757019043,47.63279342651367,-64.64523315429688,-87.71699523925781,42.28645324707031,42.400521852576645
34.645,0,8.191890716552734,24.668901443481445,47.57837677001953,-64.66365051269531,-87.75173950195312,42.47480773925781,8.191890716552734,24.668901443481445,47.57837677001953,-64.66365051269531,-87.75173950195312,42.47480773925781,42.400521852576645
34.681,0,7.988717079162598,24.745302200317383,47.69196319580078,-64.83346557617188,-87.74920654296875,42.383079528808594,7.988717079162598,24.745302200317383,47.69196319580078,-64.83346557617188,-87.74920654296875,42.383079528808594,42.400521852576645
34.711,0,7.896773338317871,24.73533821105957,47.783878326416016,-64.89102935791016,-87.77365112304688,42.208160400390625,7.896773338317871,24.73533821105957,47.783878326416016,-64.89102935791016,-87.77365112304688,42.208160400390625,42.400521852576645
34.748,0,7.72576904296875,24.746084213256836,47.74225616455078,-64.80201721191406,-87.8170394897461,42.26599884033203,7.72576904296875,24.746084213256836,47.74225616455078,-64.80201721191406,-87.8170394897461,42.26599884033203,42.400521852576645
34.779,0,7.520848274230957,24.897531509399414,47.544559478759766,-64.82266998291016,-87.85254669189453,42.57521057128906,7.520848274230957,24.897531509399414,47.544559478759766,-64.82266998291016,-87.85254669189453,42.57521057128906,42.400521852576645
34.814,0,7.272587776184082,25.09714698791504,47.52947235107422,-64.99868774414062,-87.82764434814453,42.52363586425781,7.272587776184082,25.09714698791504,47.52947235107422,-64.99868774414062,-87.82764434814453,42.52363586425781,42.400521852576645
34.846,0,7.147761344909668,25.07879066467285,47.663368225097656,-65.0638656616211,-87.85371398925781,42.3382453918457,7.147761344909668,25.07879066467285,47.663368225097656,-65.0638656616211,-87.85371398925781,42.3382453918457,42.400521852576645
34.882,0,6.925104141235352,25.275285720825195,47.48832702636719,-65.03512573242188,-87.90206146240234,42.47475814819336,6.925104141235352,25.275285720825195,47.48832702636719,-65.03512573242188,-87.90206146240234,42.47475814819336,42.400521852576645
34.912,0,6.739551067352295,25.18961524963379,47.48975372314453,-65.01287078857422,-87.93695068359375,42.73310089111328,6.739551067352295,25.18961524963379,47.48975372314453,-65.01287078857422,-87.93695068359375,42.73310089111328,42.400521852576645
34.947,0,6.977800369262695,25.08477210998535,47.48088836669922,-64.90031433105469,-87.89301300048828,42.812679290771484,6.977800369262695,25.08477210998535,47.48088836669922,-64.90031433105469,-87.89301300048828,42.812679290771484,42.400521852576645
34.982,0,7.311522483825684,25.00765037536621,47.45469665527344,-64.80259704589844,-87.83231353759766,42.861000061035156,7.311522483825684,25.00765037536621,47.45469665527344,-64.80259704589844,-87.83231353759766,42.861000061035156,42.400521852576645
35.012,0,7.774590492248535,24.995290756225586,47.313087463378906,-64.71705627441406,-87.75363159179688,42.91230010986328,7.774590492248535,24.995290756225586,47.313087463378906,-64.71705627441406,-87.75363159179688,42.91230010986328,42.400521852576645
35.047,0,7.543715476989746,25.047712326049805,47.233543395996094,-64.76268005371094,-87.7753677368164,43.206329345703125,7.543715476989746,25.047712326049805,47.233543395996094,-64.76268005371094,-87.7753677368164,43.206329345703125,42.400521852576645
35.079,0,7.794482231140137,24.948209762573242,47.23490905761719,-64.67433166503906,-87.7178726196289,43.29795837402344,7.794482231140137,24.948209762573242,47.23490905761719,-64.67433166503906,-87.7178726196289,43.29795837402344,42.400521852576645
35.116,0,7.7601423263549805,24.919645309448242,47.31591796875,-64.72162628173828,-87.70970153808594,43.24505615234375,7.7601423263549805,24.919645309448242,47.31591796875,-64.72162628173828,-87.70970153808594,43.24505615234375,42.465753424657535
35.146,0,8.181254386901855,24.609743118286133,47.526702880859375,-64.6241683959961,-87.6794662475586,43.30013656616211,8.181254386901855,24.609743118286133,47.526702880859375,-64.6241683959961,-87.6794662475586,43.30013656616211,42.79191128506197
35.184,0,7.984990119934082,24.876012802124023,47.17167282104492,-64.66162872314453,-87.67149353027344,43.80489730834961,7.984990119934082,24.876012802124023,47.17167282104492,-64.66162872314453,-87.67149353027344,43.80489730834961,42.857142857142854
35.214,0,7.768649101257324,24.829526901245117,47.44245910644531,-64.79790496826172,-87.62913513183594,43.65195846557617,7.768649101257324,24.829526901245117,47.44245910644531,-64.79790496826172,-87.62913513183594,43.65195846557617,42.857142857142854
35.250,0,7.716518402099609,24.84381675720215,47.40739059448242,-64.77180480957031,-87.67481231689453,43.526336669921875,7.716518402099609,24.84381675720215,47.40739059448242,-64.77180480957031,-87.67481231689453,43.526336669921875,42.98760600130463
35.282,0,8.04792594909668,24.791109085083008,47.35304260253906,-64.75169372558594,-87.62508392333984,43.684017181396484,8.04792594909668,24.791109085083008,47.35304260253906,-64.75169372558594,-87.62508392333984,43.684017181396484,43.24853228962818
35.316,0,7.756877899169922,25.027223587036133,47.03214645385742,-64.75125885009766,-87.63939666748047,43.97616195678711,7.756877899169922,25.027223587036133,47.03214645385742,-64.75125885009766,-87.63939666748047,43.97616195678711,43.24853228962818
35.350,0,7.524894714355469,25.17397117614746,47.086143493652344,-64.90531921386719,-87.59889221191406,43.97264862060547,7.524894714355469,25.17397117614746,47.086143493652344,-64.90531921386719,-87.59889221191406,43.97264862060547,43.31376386170906
35.383,0,7.418915748596191,25.2070255279541,47.02165222167969,-64.893310546875,-87.64256286621094,43.923702239990234,7.418915748596191,25.2070255279541,47.02165222167969,-64.893310546875,-87.64256286621094,43.923702239990234,43.444227005870836
35.415,0,7.284496307373047,25.235750198364258,46.97627258300781,-64.86735534667969,-87.67608642578125,43.98161315917969,7.284496307373047,25.235750198364258,46.97627258300781,-64.86735534667969,-87.67608642578125,43.98161315917969,43.6399217221135
35.451,0,7.697234153747559,25.871618270874023,46.35588073730469,-65.0534896850586,-87.56301879882812,44.429039001464844,7.697234153747559,25.871618270874023,46.35588073730469,-65.0534896850586,-87.56301879882812,44.429039001464844,43.6399217221135
35.482,0,7.593127250671387,26.02882194519043,46.24239730834961,-65.03466796875,-87.48219299316406,44.611228942871094,7.593127250671387,26.02882194519043,46.24239730834961,-65.03466796875,-87.48219299316406,44.611228942871094,43.6399217221135
35.519,0,7.443658828735352,26.157861709594727,46.0780143737793,-64.98733520507812,-87.48336791992188,44.67829513549805,7.443658828735352,26.157861709594727,46.0780143737793,-64.98733520507812,-87.48336791992188,44.67829513549805,43.77038486627527
35.551,0,7.290152549743652,26.21978187561035,45.99932861328125,-64.90635681152344,-87.52506256103516,44.71693420410156,7.290152549743652,26.21978187561035,45.99932861328125,-64.90635681152344,-87.52506256103516,44.71693420410156,44.09654272667971
35.582,0,7.177309989929199,26.169095993041992,45.892120361328125,-64.82757568359375,-87.54833221435547,44.866493225097656,7.177309989929199,26.169095993041992,45.892120361328125,-64.82757568359375,-87.54833221435547,44.866493225097656,44.22700587084149
35.616,0,7.014638900756836,26.145612716674805,46.13227081298828,-64.96809387207031,-87.56078338623047,44.741512298583984,7.014638900756836,26.145612716674805,46.13227081298828,-64.96809387207031,-87.56078338623047,44.741512298583984,44.22700587084149
35.651,0,6.971190929412842,26.29469871520996,45.94758605957031,-64.91352844238281,-87.55711364746094,44.80978012084961,6.971190929412842,26.29469871520996,45.94758605957031,-64.91352844238281,-87.55711364746094,44.80978012084961,44.22700587084149
35.683,0,7.31828498840332,26.45029640197754,45.59360122680664,-64.73140716552734,-87.53253173828125,45.01893997192383,7.31828498840332,26.45029640197754,45.59360122680664,-64.73140716552734,-87.53253173828125,45.01893997192383,44.35746901500326
35.720,0,7.172327041625977,26.454904556274414,45.417869567871094,-64.62982177734375,-87.54292297363281,45.233909606933594,7.172327041625977,26.454904556274414,45.417869567871094,-64.62982177734375,-87.54292297363281,45.233909606933594,44.487932159165034
35.750,0,6.978282451629639,26.432004928588867,45.60708999633789,-64.73985290527344,-87.55258178710938,45.106632232666016,6.978282451629639,26.432004928588867,45.60708999633789,-64.73985290527344,-87.55258178710938,45.106632232666016,44.61839530332681
35.783,0,6.865616798400879,26.447282791137695,45.61775588989258,-64.7110824584961,-87.59251403808594,44.964088439941406,6.865616798400879,26.447282791137695,45.61775588989258,-64.7110824584961,-87.59251403808594,44.964088439941406,44.74885844748858
35.819,0,7.60297966003418,26.56117057800293,45.280189514160156,-64.57425689697266,-87.50494384765625,45.1424560546875,7.60297966003418,26.56117057800293,45.280189514160156,-64.57425689697266,-87.50494384765625,45.1424560546875,44.81409001956947
35.851,0,7.485301971435547,26.56886863708496,45.210205078125,-64.58363342285156,-87.5412826538086,45.221012115478516,7.485301971435547,26.56886863708496,45.210205078125,-64.58363342285156,-87.5412826538086,45.221012115478516,44.81409001956947
35.884,0,7.304511070251465,26.549020767211914,45.39748001098633,-64.71489715576172,-87.54949188232422,45.090087890625,7.304511070251465,26.549020767211914,45.39748001098633,-64.71489715576172,-87.54949188232422,45.090087890625,44.81409001956947
35.920,0,8.072421073913574,26.537687301635742,45.39549255371094,-64.74766540527344,-87.46038055419922,44.992801666259766,8.072421073913574,26.537687301635742,45.39549255371094,-64.74766540527344,-87.46038055419922,44.992801666259766,44.94455316373124
35.953,0,7.945181846618652,26.59197425842285,45.39089584350586,-64.75997924804688,-87.50853729248047,44.82896423339844,7.945181846618652,26.59197425842285,45.39089584350586,-64.75997924804688,-87.50853729248047,44.82896423339844,44.94455316373124
35.985,0,7.743562698364258,26.538766860961914,45.428489685058594,-64.75421142578125,-87.55362701416016,44.80461120605469,7.743562698364258,26.538766860961914,45.428489685058594,-64.75421142578125,-87.55362701416016,44.80461120605469,44.94455316373124
36.019,0,7.567919731140137,26.466936111450195,45.672645568847656,-64.88382720947266,-87.56646728515625,44.54377746582031,7.567919731140137,26.466936111450195,45.672645568847656,-64.88382720947266,-87.56646728515625,44.54377746582031,44.94455316373124
36.052,0,7.430718421936035,26.4841251373291,45.71943283081055,-64.90409851074219,-87.60182189941406,44.35108184814453,7.430718421936035,26.4841251373291,45.71943283081055,-64.90409851074219,-87.60182189941406,44.35108184814453,44.94455316373124
36.083,0,7.459751129150391,26.397356033325195,45.870548248291016,-64.93234252929688,-87.62806701660156,44.181671142578125,7.459751129150391,26.397356033325195,45.870548248291016,-64.93234252929688,-87.62806701660156,44.181671142578125,44.94455316373124
36.118,0,7.219090461730957,26.4051570892334,45.8749885559082,-64.9732666015625,-87.68356323242188,44.13201904296875,7.219090461730957,26.4051570892334,45.8749885559082,-64.9732666015625,-87.68356323242188,44.13201904296875,44.81409001956947
36.153,0,7.6311750411987305,26.55909538269043,45.76468276977539,-65.08103942871094,-87.57584381103516,44.14130401611328,7.6311750411987305,26.55909538269043,45.76468276977539,-65.08103942871094,-87.57584381103516,44.14130401611328,44.553163731245924
36.186,0,7.837296485900879,26.560815811157227,45.87298583984375,-65.17971801757812,-87.5654067993164,44.00140380859375,7.837296485900879,26.560815811157227,45.87298583984375,-65.17971801757812,-87.5654067993164,44.00140380859375,44.487932159165034
36.220,0,7.731230735778809,26.553998947143555,45.96422576904297,-65.20802307128906,-87.60704803466797,43.79331970214844,7.731230735778809,26.553998947143555,45.96422576904297,-65.20802307128906,-87.60704803466797,43.79331970214844,44.422700587084144
36.254,0,7.508562088012695,26.52060890197754,45.98776626586914,-65.19801330566406,-87.65442657470703,43.705081939697266,7.508562088012695,26.52060890197754,45.98776626586914,-65.19801330566406,-87.65442657470703,43.705081939697266,44.422700587084144
36.286,0,7.33758544921875,26.442235946655273,46.28050231933594,-65.36126708984375,-87.67236328125,43.375205993652344,7.33758544921875,26.442235946655273,46.28050231933594,-65.36126708984375,-87.67236328125,43.375205993652344,44.422700587084144
36.318,0,7.1768903732299805,26.38971519470215,46.44222640991211,-65.40510559082031,-87.72273254394531,43.05980682373047,7.1768903732299805,26.38971519470215,46.44222640991211,-65.40510559082031,-87.72273254394531,43.05980682373047,44.1617742987606
36.355,0,7.063064098358154,26.443288803100586,46.50688171386719,-65.51719665527344,-87.77830505371094,42.912620544433594,7.063064098358154,26.443288803100586,46.50688171386719,-65.51719665527344,-87.77830505371094,42.912620544433594,43.966079582517935
36.386,0,6.807275295257568,26.30677604675293,46.615447998046875,-65.49275207519531,-87.83314514160156,42.773956298828125,6.807275295257568,26.30677604675293,46.615447998046875,-65.49275207519531,-87.83314514160156,42.773956298828125,43.70515329419439
36.420,0,6.665831565856934,26.193235397338867,46.914459228515625,-65.64156341552734,-87.826416015625,42.49747085571289,6.665831565856934,26.193235397338867,46.914459228515625,-65.64156341552734,-87.826416015625,42.49747085571289,43.444227005870836
36.454,0,6.553020000457764,26.13326072692871,47.10606002807617,-65.7362289428711,-87.8700180053711,42.14884948730469,6.553020000457764,26.13326072692871,47.10606002807617,-65.7362289428711,-87.8700180053711,42.14884948730469,43.24853228962818
36.489,0,6.430189609527588,26.105783462524414,47.261680603027344,-65.80191040039062,-87.94113159179688,41.93299102783203,6.430189609527588,26.105783462524414,47.261680603027344,-65.80191040039062,-87.94113159179688,41.93299102783203,42.98760600130463
36.520,0,6.254261016845703,25.950075149536133,47.428279876708984,-65.79844665527344,-87.99323272705078,41.90953063964844,6.254261016845703,25.950075149536133,47.428279876708984,-65.79844665527344,-87.99323272705078,41.90953063964844,42.79191128506197
36.556,0,6.141135215759277,25.79758644104004,47.671958923339844,-65.86913299560547,-87.99198913574219,41.73548126220703,6.141135215759277,25.79758644104004,47.671958923339844,-65.86913299560547,-87.99198913574219,41.73548126220703,42.53098499673842
36.587,0,6.024830341339111,25.6401424407959,47.87458801269531,-65.86213684082031,-88.04582214355469,41.58098602294922,6.024830341339111,25.6401424407959,47.87458801269531,-65.86213684082031,-88.04582214355469,41.58098602294922,42.27005870841487
36.624,0,5.88145637512207,25.53028678894043,47.99281311035156,-65.82337951660156,-88.1042251586914,41.47783279418945,5.88145637512207,25.53028678894043,47.99281311035156,-65.82337951660156,-88.1042251586914,41.47783279418945,42.20482713633398
36.654,0,6.015786647796631,25.55818748474121,47.80616760253906,-65.74544525146484,-88.094970703125,41.721282958984375,6.015786647796631,25.55818748474121,47.80616760253906,-65.74544525146484,-88.094970703125,41.721282958984375,42.00913242009132
36.689,0,5.890322208404541,25.38410758972168,48.07233428955078,-65.8113784790039,-88.0986099243164,41.60926818847656,5.890322208404541,25.38410758972168,48.07233428955078,-65.8113784790039,-88.0986099243164,41.60926818847656,41.878669275929546
36.723,0,5.772798538208008,25.15422248840332,48.29843521118164,-65.749267578125,-88.15496826171875,41.50592041015625,5.772798538208008,25.15422248840332,48.29843521118164,-65.749267578125,-88.15496826171875,41.50592041015625,41.81343770384866
36.756,0,5.673511028289795,25.065420150756836,48.41828155517578,-65.7443618774414,-88.22554016113281,41.35856246948242,5.673511028289795,25.065420150756836,48.41828155517578,-65.7443618774414,-88.22554016113281,41.35856246948242,41.81343770384866
36.788,0,6.412694931030273,25.696794509887695,47.82926940917969,-66.00607299804688,-88.10799407958984,41.782989501953125,6.412694931030273,25.696794509887695,47.82926940917969,-66.00607299804688,-88.10799407958984,41.782989501953125,41.81343770384866
36.823,0,6.235265731811523,25.90699577331543,47.81005859375,-66.239501953125,-88.101806640625,41.72050476074219,6.235265731811523,25.90699577331543,47.81005859375,-66.239501953125,-88.101806640625,41.72050476074219,41.81343770384866
36.855,0,6.238652229309082,25.710962295532227,48.00690460205078,-66.23039245605469,-88.11971282958984,41.63355255126953,6.238652229309082,25.710962295532227,48.00690460205078,-66.23039245605469,-88.11971282958984,41.63355255126953,41.81343770384866
36.893,0,6.103612899780273,25.6411190032959,48.025577545166016,-66.1519775390625,-88.18159484863281,41.62916946411133,6.103612899780273,25.6411190032959,48.025577545166016,-66.1519775390625,-88.18159484863281,41.62916946411133,41.81343770384866
36.920,0,5.884520053863525,25.784116744995117,48.011932373046875,-66.34162902832031,-88.1763916015625,41.70513916015625,5.884520053863525,25.784116744995117,48.011932373046875,-66.34162902832031,-88.1763916015625,41.70513916015625,41.81343770384866
36.957,0,5.684146881103516,25.904855728149414,48.05957794189453,-66.55270385742188,-88.15386962890625,41.73689270019531,5.684146881103516,25.904855728149414,48.05957794189453,-66.55270385742188,-88.15386962890625,41.73689270019531,41.81343770384866
36.989,0,6.0469231605529785,25.784547805786133,48.05169677734375,-66.41510009765625,-88.10086059570312,41.833885192871094,6.0469231605529785,25.784547805786133,48.05169677734375,-66.41510009765625,-88.10086059570312,41.833885192871094,41.81343770384866
37.025,0,5.886440753936768,25.88450050354004,47.866424560546875,-66.44355773925781,-88.1208724975586,42.212890625,5.886440753936768,25.88450050354004,47.866424560546875,-66.44355773925781,-88.1208724975586,42.212890625,41.81343770384866
37.057,0,5.7032904624938965,25.961759567260742,47.7122802734375,-66.45780944824219,-88.13381958007812,42.56982421875,5.7032904624938965,25.961759567260742,47.7122802734375,-66.45780944824219,-88.13381958007812,42.56982421875,41.81343770384866
37.088,0,5.51310396194458,26.077795028686523,47.49757385253906,-66.42880249023438,-88.1451644897461,42.928558349609375,5.51310396194458,26.077795028686523,47.49757385253906,-66.42880249023438,-88.1451644897461,42.928558349609375,41.81343770384866
37.123,0,5.540543556213379,26.010499954223633,47.399444580078125,-66.24575805664062,-88.1187973022461,42.987159729003906,5.540543556213379,26.010499954223633,47.399444580078125,-66.24575805664062,-88.1187973022461,42.987159729003906,42.00913242009132
37.157,0,5.541740894317627,26.02012825012207,47.272674560546875,-66.08613586425781,-88.09212493896484,43.08558654785156,5.541740894317627,26.02012825012207,47.272674560546875,-66.08613586425781,-88.09212493896484,43.08558654785156,42.27005870841487
37.190,0,5.4056396484375,25.918642044067383,47.37060546875,-66.07118225097656,-88.1643295288086,43.21806335449219,5.4056396484375,25.918642044067383,47.37060546875,-66.07118225097656,-88.1643295288086,43.21806335449219,42.465753424657535
37.225,0,5.205045223236084,25.78590202331543,47.42821502685547,-66.04371643066406,-88.22803497314453,43.25924301147461,5.205045223236084,25.78590202331543,47.42821502685547,-66.04371643066406,-88.22803497314453,43.25924301147461,42.59621656881931
37.258,0,4.822396755218506,25.845788955688477,47.562095642089844,-66.26869201660156,-88.1866683959961,43.19075012207031,4.822396755218506,25.845788955688477,47.562095642089844,-66.26869201660156,-88.1866683959961,43.19075012207031,42.79191128506197
37.292,0,4.995285511016846,25.75872230529785,47.258270263671875,-65.91738891601562,-88.22002410888672,43.63665771484375,4.995285511016846,25.75872230529785,47.258270263671875,-65.91738891601562,-88.22002410888672,43.63665771484375,42.922374429223744
37.325,0,5.148742198944092,25.64823341369629,47.054100036621094,-65.61773681640625,-88.2560806274414,43.99358367919922,5.148742198944092,25.64823341369629,47.054100036621094,-65.61773681640625,-88.2560806274414,43.99358367919922,42.98760600130463
37.358,0,4.944107532501221,25.42838478088379,47.14680099487305,-65.49302673339844,-88.31243896484375,44.024757385253906,4.944107532501221,25.42838478088379,47.14680099487305,-65.49302673339844,-88.31243896484375,44.024757385253906,42.98760600130463
37.393,0,5.246392250061035,25.3902645111084,47.1973991394043,-65.5533447265625,-88.26658630371094,43.972900390625,5.246392250061035,25.3902645111084,47.1973991394043,-65.5533447265625,-88.26658630371094,43.972900390625,43.31376386170906
37.425,0,5.512864112854004,25.220487594604492,47.27412414550781,-65.431396484375,-88.23221588134766,43.93585205078125,5.512864112854004,25.220487594604492,47.27412414550781,-65.431396484375,-88.23221588134766,43.93585205078125,43.574690150032616
37.460,0,6.183411121368408,25.714967727661133,46.68833923339844,-65.39791870117188,-88.11890411376953,44.25379180908203,6.183411121368408,25.714967727661133,46.68833923339844,-65.39791870117188,-88.11890411376953,44.25379180908203,43.6399217221135
37.492,0,6.099841117858887,25.541826248168945,46.89113235473633,-65.40471649169922,-88.12556457519531,44.09244918823242,6.099841117858887,25.541826248168945,46.89113235473633,-65.40471649169922,-88.12556457519531,44.09244918823242,43.6399217221135
37.527,0,6.026143550872803,25.479318618774414,47.01763916015625,-65.4857177734375,-88.13066101074219,44.08666229248047,6.026143550872803,25.479318618774414,47.01763916015625,-65.4857177734375,-88.13066101074219,44.08666229248047,43.70515329419439
37.560,0,5.926395893096924,25.34869956970215,47.221092224121094,-65.58523559570312,-88.16043090820312,44.009952545166016,5.926395893096924,25.34869956970215,47.221092224121094,-65.58523559570312,-88.16043090820312,44.009952545166016,43.83561643835616
37.591,0,6.095908164978027,25.48426628112793,46.894187927246094,-65.48291015625,-88.10401916503906,44.31292724609375,6.095908164978027,25.48426628112793,46.894187927246094,-65.48291015625,-88.10401916503906,44.31292724609375,43.77038486627527
37.626,0,6.3159613609313965,25.640626907348633,46.542877197265625,-65.38509368896484,-88.02494812011719,44.67969512939453,6.3159613609313965,25.640626907348633,46.542877197265625,-65.38509368896484,-88.02494812011719,44.67969512939453,43.77038486627527
37.661,0,6.202621936798096,25.467947006225586,46.796695709228516,-65.43698120117188,-88.07120513916016,44.50926208496094,6.202621936798096,25.467947006225586,46.796695709228516,-65.43698120117188,-88.07120513916016,44.50926208496094,43.77038486627527
37.693,0,6.0839715003967285,25.420381546020508,46.87676239013672,-65.44247436523438,-88.13606262207031,44.63383483886719,6.0839715003967285,25.420381546020508,46.87676239013672,-65.44247436523438,-88.13606262207031,44.63383483886719,44.031311154598825
37.730,0,5.933830738067627,25.17812156677246,47.08690643310547,-65.33080291748047,-88.21400451660156,44.617332458496094,5.933830738067627,25.17812156677246,47.08690643310547,-65.33080291748047,-88.21400451660156,44.617332458496094,44.1617742987606
37.759,0,5.765686988830566,24.98346519470215,47.36988830566406,-65.39002990722656,-88.24392700195312,44.532859802246094,5.765686988830566,24.98346519470215,47.36988830566406,-65.39002990722656,-88.24392700195312,44.532859802246094,44.1617742987606
37.794,0,5.653921604156494,24.77741050720215,47.66136932373047,-65.46024322509766,-88.2780532836914,44.38133239746094,5.653921604156494,24.77741050720215,47.66136932373047,-65.46024322509766,-88.2780532836914,44.38133239746094,44.1617742987606
37.826,0,5.4465813636779785,24.655778884887695,47.913612365722656,-65.550048828125,-88.33423614501953,44.254600524902344,5.4465813636779785,24.655778884887695,47.913612365722656,-65.550048828125,-88.33423614501953,44.254600524902344,44.1617742987606
37.861,0,5.50917911529541,24.662858963012695,47.69825744628906,-65.36735534667969,-88.3280029296875,44.46287536621094,5.50917911529541,24.662858963012695,47.69825744628906,-65.36735534667969,-88.3280029296875,44.46287536621094,44.1617742987606
37.893,0,5.308349609375,24.368619918823242,48.12821960449219,-65.45783233642578,-88.3651123046875,44.220603942871094,5.308349609375,24.368619918823242,48.12821960449219,-65.45783233642578,-88.3651123046875,44.220603942871094,44.1617742987606
37.929,0,5.1421122550964355,24.164644241333008,48.48750305175781,-65.60746002197266,-88.41178131103516,44.08869934082031,5.1421122550964355,24.164644241333008,48.48750305175781,-65.60746002197266,-88.41178131103516,44.08869934082031,44.1617742987606
37.961,0,4.980287075042725,23.962602615356445,48.79529571533203,-65.64461517333984,-88.49165344238281,44.06899642944336,4.980287075042725,23.962602615356445,48.79529571533203,-65.64461517333984,-88.49165344238281,44.06899642944336,44.1617742987606
37.996,0,5.047506332397461,23.974714279174805,48.62511444091797,-65.48941040039062,-88.49440002441406,44.21756362915039,5.047506332397461,23.974714279174805,48.62511444091797,-65.48941040039062,-88.49440002441406,44.21756362915039,44.1617742987606
38.028,0,4.813484191894531,23.765138626098633,48.99989700317383,-65.60431671142578,-88.54157257080078,43.966766357421875,4.813484191894531,23.765138626098633,48.99989700317383,-65.60431671142578,-88.54157257080078,43.966766357421875,44.1617742987606
38.061,0,4.900326251983643,23.80179786682129,48.89237594604492,-65.48735046386719,-88.52486419677734,44.147193908691406,4.900326251983643,23.80179786682129,48.89237594604492,-65.48735046386719,-88.52486419677734,44.147193908691406,44.1617742987606
38.095,0,4.5781025886535645,23.675363540649414,49.08708190917969,-65.50239562988281,-88.6124267578125,44.10847091674805,4.5781025886535645,23.675363540649414,49.08708190917969,-65.50239562988281,-88.6124267578125,44.10847091674805,44.1617742987606
38.128,0,5.503129482269287,24.3592586517334,48.49224090576172,-65.76531982421875,-88.4795913696289,44.34691619873047,5.503129482269287,24.3592586517334,48.49224090576172,-65.76531982421875,-88.4795913696289,44.34691619873047,44.1617742987606
38.164,0,5.245598793029785,24.183259963989258,48.82621765136719,-65.89031982421875,-88.53230285644531,44.104637145996094,5.245598793029785,24.183259963989258,48.82621765136719,-65.89031982421875,-88.53230285644531,44.104637145996094,44.1617742987606
38.194,0,5.029114246368408,23.9675235748291,49.19529724121094,-65.98396301269531,-88.58863830566406,43.82672119140625,5.029114246368408,23.9675235748291,49.19529724121094,-65.98396301269531,-88.58863830566406,43.82672119140625,44.1617742987606
38.229,0,4.704823017120361,23.819814682006836,49.42919921875,-66.02389526367188,-88.67766571044922,43.74364471435547,4.704823017120361,23.819814682006836,49.42919921875,-66.02389526367188,-88.67766571044922,43.74364471435547,44.1617742987606
38.262,0,4.35188627243042,23.90418815612793,49.372406005859375,-66.06126403808594,-88.741455078125,43.638519287109375,4.35188627243042,23.90418815612793,49.372406005859375,-66.06126403808594,-88.741455078125,43.638519287109375,44.1617742987606
38.296,0,4.043488025665283,23.677114486694336,49.771385192871094,-66.17422485351562,-88.80464935302734,43.40094757080078,4.043488025665283,23.677114486694336,49.771385192871094,-66.17422485351562,-88.80464935302734,43.40094757080078,44.09654272667971
38.329,0,3.8021817207336426,23.486650466918945,50.15022277832031,-66.29972839355469,-88.87792205810547,43.035850524902344,3.8021817207336426,23.486650466918945,50.15022277832031,-66.29972839355469,-88.87792205810547,43.035850524902344,44.031311154598825
38.364,0,3.5234293937683105,23.24007225036621,50.51457214355469,-66.36820220947266,-88.98780822753906,42.94749450683594,3.5234293937683105,23.24007225036621,50.51457214355469,-66.36820220947266,-88.98780822753906,42.94749450683594,43.90084801043705
38.395,0,3.3081040382385254,23.178983688354492,50.503135681152344,-66.31455993652344,-89.02735900878906,42.883628845214844,3.3081040382385254,23.178983688354492,50.503135681152344,-66.31455993652344,-89.02735900878906,42.883628845214844,43.6399217221135
38.433,0,3.001056671142578,22.930448532104492,50.93962097167969,-66.45809936523438,-89.10743713378906,42.61906433105469,3.001056671142578,22.930448532104492,50.93962097167969,-66.45809936523438,-89.10743713378906,42.61906433105469,43.37899543378995
38.462,0,2.743014335632324,22.64003562927246,51.36347961425781,-66.53495025634766,-89.18730926513672,42.18849182128906,2.743014335632324,22.64003562927246,51.36347961425781,-66.53495025634766,-89.18730926513672,42.18849182128906,43.31376386170906
38.497,0,2.4274773597717285,22.46329689025879,51.71529769897461,-66.64114379882812,-89.29434967041016,42.10668182373047,2.4274773597717285,22.46329689025879,51.71529769897461,-66.64114379882812,-89.29434967041016,42.10668182373047,43.24853228962818
38.530,0,2.2075209617614746,22.26703453063965,51.80888366699219,-66.57415771484375,-89.36104583740234,42.05810546875,2.2075209617614746,22.26703453063965,51.80888366699219,-66.57415771484375,-89.36104583740234,42.05810546875,42.98760600130463
38.562,0,1.8557614088058472,21.987592697143555,52.310394287109375,-66.72309112548828,-89.39122009277344,41.72650146484375,1.8557614088058472,21.987592697143555,52.310394287109375,-66.72309112548828,-89.39122009277344,41.72650146484375,42.59621656881931
38.599,0,1.5651360750198364,21.660505294799805,52.770111083984375,-66.78300476074219,-89.47594451904297,41.287818908691406,1.5651360750198364,21.660505294799805,52.770111083984375,-66.78300476074219,-89.47594451904297,41.287818908691406,42.465753424657535
38.630,0,1.2105971574783325,21.437692642211914,53.19688034057617,-66.91140747070312,-89.60012817382812,41.170555114746094,1.2105971574783325,21.437692642211914,53.19688034057617,-66.91140747070312,-89.60012817382812,41.170555114746094,42.27005870841487
38.664,0,0.9640829563140869,21.200563430786133,53.340538024902344,-66.85371398925781,-89.6755142211914,41.07349395751953,0.9640829563140869,21.200563430786133,53.340538024902344,-66.85371398925781,-89.6755142211914,41.07349395751953,42.00913242009132
38.698,0,0.8275376558303833,20.96793556213379,53.578147888183594,-66.80767059326172,-89.665771484375,40.92787170410156,0.8275376558303833,20.96793556213379,53.578147888183594,-66.80767059326172,-89.665771484375,40.92787170410156,41.68297455968688
38.731,0,0.49742722511291504,20.682161331176758,54.02161407470703,-66.93141174316406,-89.78009796142578,40.53219985961914,0.49742722511291504,20.682161331176758,54.02161407470703,-66.93141174316406,-89.78009796142578,40.53219985961914,41.48727984344423
38.765,0,0.09633654356002808,20.427621841430664,54.37247085571289,-66.94564819335938,-89.92395782470703,40.22776794433594,0.09633654356002808,20.427621841430664,54.37247085571289,-66.94564819335938,-89.92395782470703,40.22776794433594,41.35681669928245
38.797,0,-0.35391509532928467,20.274789810180664,54.51692199707031,-66.93504333496094,-90.03372192382812,40.09002685546875,-0.35391509532928467,20.274789810180664,54.51692199707031,-66.93504333496094,-90.03372192382812,40.09002685546875,41.0958904109589
38.833,0,-0.7151170969009399,19.893827438354492,54.998741149902344,-66.95926666259766,-90.10607147216797,39.86476135253906,-0.71511709690094,19.893827438354492,54.998741149902344,-66.95926666259766,-90.10607147216797,39.86476135253906,40.769732550554465
38.863,0,-0.447892963886261,19.609148025512695,55.25421905517578,-66.86418151855469,-90.15233612060547,39.71212387084961,-0.44789296388626104,19.609148025512695,55.25421905517578,-66.86418151855469,-90.15233612060547,39.71212387084961,40.5740378343118
38.901,0,-0.8769227266311646,19.132654190063477,55.52289581298828,-66.58895874023438,-90.16706848144531,39.726890563964844,-0.8769227266311646,19.132654190063477,55.52289581298828,-66.58895874023438,-90.16706848144531,39.726890563964844,40.31311154598826
38.931,0,-1.4646823406219482,19.43711280822754,55.47953796386719,-66.91596984863281,-90.19744873046875,39.646644592285156,-1.4646823406219482,19.43711280822754,55.47953796386719,-66.91596984863281,-90.19744873046875,39.646644592285156,40.182648401826484
38.966,0,-1.8758866786956787,19.187936782836914,55.837928771972656,-66.9512939453125,-90.24011993408203,39.31608581542969,-1.8758866786956787,19.187936782836914,55.837928771972656,-66.9512939453125,-90.24011993408203,39.31608581542969,40.05218525766471
38.999,0,-2.0754661560058594,18.83650779724121,56.206809997558594,-66.81686401367188,-90.30162048339844,39.1802978515625,-2.0754661560058594,18.83650779724121,56.206809997558594,-66.81686401367188,-90.30162048339844,39.1802978515625,39.92172211350293
39.034,0,-2.5535640716552734,18.657873153686523,56.32786560058594,-66.7941665649414,-90.37994384765625,39.13508224487305,-2.5535640716552734,18.657873153686523,56.32786560058594,-66.7941665649414,-90.37994384765625,39.13508224487305,39.85649054142205
39.065,0,-2.7647132873535156,19.58144187927246,55.77301788330078,-67.36949157714844,-90.41996765136719,39.239559173583984,-2.7647132873535156,19.58144187927246,55.77301788330078,-67.36949157714844,-90.41996765136719,39.239559173583984,39.595564253098495
39.098,0,-2.976410388946533,19.997072219848633,55.63351821899414,-67.62842559814453,-90.38043212890625,39.10618591308594,-2.976410388946533,19.997072219848633,55.63351821899414,-67.62842559814453,-90.38043212890625,39.10618591308594,39.46510110893672
39.136,0,-2.651740550994873,19.5286922454834,55.954429626464844,-67.45637512207031,-90.38734436035156,38.85964584350586,-2.651740550994873,19.5286922454834,55.954429626464844,-67.45637512207031,-90.38734436035156,38.85964584350586,39.39986953685584
39.165,0,-2.0267677307128906,19.52125358581543,55.73766326904297,-67.2288818359375,-90.31216430664062,38.9131965637207,-2.0267677307128906,19.52125358581543,55.73766326904297,-67.2288818359375,-90.31216430664062,38.9131965637207,39.39986953685584
39.201,0,-1.8865423202514648,20.5660343170166,55.13843536376953,-67.92958068847656,-90.25946807861328,39.00998306274414,-1.8865423202514648,20.5660343170166,55.13843536376953,-67.92958068847656,-90.25946807861328,39.00998306274414,39.39986953685584
39.233,0,-1.5136418342590332,21.19193458557129,54.85860824584961,-68.40892028808594,-90.22608184814453,38.97344970703125,-1.5136418342590332,21.19193458557129,54.85860824584961,-68.40892028808594,-90.22608184814453,38.97344970703125,39.204174820613176
39.269,0,-1.1185922622680664,20.937353134155273,55.00733184814453,-68.28977966308594,-90.23078918457031,38.8505859375,-1.1185922622680664,20.937353134155273,55.00733184814453,-68.28977966308594,-90.23078918457031,38.8505859375,39.204174820613176
39.299,0,-1.0155537128448486,20.856794357299805,55.05836486816406,-68.23945617675781,-90.22976684570312,38.9109001159668,-1.0155537128448486,20.856794357299805,55.05836486816406,-68.23945617675781,-90.22976684570312,38.9109001159668,39.204174820613176
39.336,0,-1.3556387424468994,20.48113441467285,55.156951904296875,-67.89543151855469,-90.29417419433594,38.58467102050781,-1.3556387424468994,20.48113441467285,55.156951904296875,-67.89543151855469,-90.29417419433594,38.58467102050781,39.204174820613176
39.366,0,-1.013846755027771,20.40775489807129,55.30531692504883,-67.9617691040039,-90.2296142578125,38.42892074584961,-1.013846755027771,20.40775489807129,55.30531692504883,-67.9617691040039,-90.2296142578125,38.42892074584961,39.138943248532286
39.402,0,-1.1448415517807007,20.297109603881836,55.586570739746094,-68.07074737548828,-90.22102355957031,38.47764205932617,-1.1448415517807007,20.297109603881836,55.586570739746094,-68.07074737548828,-90.22102355957031,38.47764205932617,39.138943248532286
39.438,0,-1.1833845376968384,20.324132919311523,55.500831604003906,-67.96241760253906,-90.23101806640625,38.572669982910156,-1.1833845376968384,20.324132919311523,55.500831604003906,-67.96241760253906,-90.23101806640625,38.572669982910156,38.94324853228962
39.471,0,-1.095184564590454,20.146963119506836,55.35377883911133,-67.64126586914062,-90.2506332397461,38.460819244384766,-1.095184564590454,20.146963119506836,55.35377883911133,-67.64126586914062,-90.2506332397461,38.460819244384766,38.81278538812785
39.501,0,-0.8337370157241821,20.132204055786133,55.4311637878418,-67.67601013183594,-90.22897338867188,38.342735290527344,-0.8337370157241821,20.132204055786133,55.4311637878418,-67.67601013183594,-90.22897338867188,38.342735290527344,38.81278538812785
39.537,0,-1.064557433128357,20.091806411743164,55.67507553100586,-67.75883483886719,-90.2398452758789,38.40254211425781,-1.064557433128357,20.091806411743164,55.67507553100586,-67.75883483886719,-90.2398452758789,38.40254211425781,38.81278538812785
39.574,0,-0.9110695719718933,20.027097702026367,55.549888610839844,-67.56388854980469,-90.20387268066406,38.54304504394531,-0.9110695719718933,20.027097702026367,55.549888610839844,-67.56388854980469,-90.20387268066406,38.54304504394531,38.81278538812785
39.602,0,-1.129052996635437,19.8070125579834,55.55218505859375,-67.28926849365234,-90.25909423828125,38.4480094909668,-1.129052996635437,19.8070125579834,55.55218505859375,-67.28926849365234,-90.25909423828125,38.4480094909668,38.81278538812785
39.636,0,-1.3791600465774536,19.623674392700195,55.82759475708008,-67.38436889648438,-90.27210235595703,38.369544982910156,-1.3791600465774536,19.623674392700195,55.82759475708008,-67.38436889648438,-90.27210235595703,38.369544982910156,38.81278538812785
39.669,0,-0.9946633577346802,20.476346969604492,55.36029052734375,-67.82137298583984,-90.18401336669922,38.64620590209961,-0.9946633577346802,20.476346969604492,55.36029052734375,-67.82137298583984,-90.18401336669922,38.64620590209961,38.81278538812785
39.705,0,-0.8885191679000854,20.452333450317383,55.16363525390625,-67.55830383300781,-90.14525604248047,38.82477951049805,-0.8885191679000854,20.452333450317383,55.16363525390625,-67.55830383300781,-90.14525604248047,38.82477951049805,38.81278538812785
39.734,0,-0.9850015044212341,20.292226791381836,55.042945861816406,-67.25733947753906,-90.18885803222656,38.769317626953125,-0.9850015044212341,20.292226791381836,55.042945861816406,-67.25733947753906,-90.18885803222656,38.769317626953125,38.81278538812785
39.769,0,-1.2260699272155762,20.11149024963379,55.322898864746094,-67.34396362304688,-90.19251251220703,38.7057991027832,-1.2260699272155762,20.11149024963379,55.322898864746094,-67.34396362304688,-90.19251251220703,38.7057991027832,38.81278538812785
39.800,0,-1.232692837715149,20.558195114135742,55.05757522583008,-67.58041381835938,-90.13018798828125,38.978538513183594,-1.232692837715149,20.558195114135742,55.05757522583008,-67.58041381835938,-90.13018798828125,38.978538513183594,38.81278538812785
39.837,0,-1.2816202640533447,20.444612503051758,54.93115234375,-67.32569885253906,-90.12203216552734,39.23307418823242,-1.2816202640533447,20.444612503051758,54.93115234375,-67.32569885253906,-90.12203216552734,39.23307418823242,38.81278538812785
39.868,0,-1.282541036605835,20.19952964782715,54.85138702392578,-66.9859848022461,-90.15218353271484,39.199337005615234,-1.282541036605835,20.19952964782715,54.85138702392578,-66.9859848022461,-90.15218353271484,39.199337005615234,38.81278538812785
39.903,0,-0.9942312836647034,20.189592361450195,54.79685592651367,-66.99836730957031,-90.100341796875,39.333900451660156,-0.9942312836647034,20.189592361450195,54.79685592651367,-66.99836730957031,-90.100341796875,39.333900451660156,38.81278538812785
39.936,0,-1.3646905422210693,20.718793869018555,54.57627868652344,-67.4277114868164,-90.10294342041016,39.513397216796875,-1.3646905422210693,20.718793869018555,54.57627868652344,-67.4277114868164,-90.10294342041016,39.513397216796875,38.81278538812785
39.970,0,-1.6687922477722168,20.812349319458008,54.417877197265625,-67.30390930175781,-90.10869598388672,39.67967987060547,-1.6687922477722168,20.812349319458008,54.417877197265625,-67.30390930175781,-90.10869598388672,39.67967987060547,38.81278538812785
40.002,0,-2.0940709114074707,20.683382034301758,54.3907470703125,-67.09465026855469,-90.15611267089844,39.634307861328125,-2.0940709114074707,20.683382034301758,54.3907470703125,-67.09465026855469,-90.15611267089844,39.634307861328125,38.87801696020874
40.037,0,-2.348846435546875,20.680479049682617,54.526275634765625,-67.1925048828125,-90.14202117919922,39.628353118896484,-2.348846435546875,20.680479049682617,54.526275634765625,-67.1925048828125,-90.14202117919922,39.628353118896484,39.0737116764514
40.070,0,-2.7818496227264404,20.973756790161133,54.518226623535156,-67.56768798828125,-90.14659118652344,39.65065002441406,-2.7818496227264404,20.973756790161133,54.518226623535156,-67.56768798828125,-90.14659118652344,39.65065002441406,39.204174820613176
40.103,0,-3.1261038780212402,20.8333683013916,54.53299331665039,-67.31715393066406,-90.16284942626953,39.740089416503906,-3.1261038780212402,20.8333683013916,54.53299331665039,-67.31715393066406,-90.16284942626953,39.740089416503906,39.33463796477495
40.137,0,-3.4922609329223633,20.62831687927246,54.61145782470703,-67.16363525390625,-90.22496032714844,39.61534881591797,-3.4922609329223633,20.62831687927246,54.61145782470703,-67.16363525390625,-90.22496032714844,39.61534881591797,39.33463796477495
40.169,0,-3.117934226989746,20.773618698120117,54.509178161621094,-67.31396484375,-90.16024017333984,39.83802032470703,-3.117934226989746,20.773618698120117,54.509178161621094,-67.31396484375,-90.16024017333984,39.83802032470703,39.33463796477495
40.205,0,-3.123826026916504,21.778932571411133,54.02067947387695,-68.11846923828125,-90.09333801269531,40.055599212646484,-3.123826026916504,21.778932571411133,54.02067947387695,-68.11846923828125,-90.09333801269531,40.055599212646484,39.33463796477495
40.236,0,-3.065882682800293,21.791696548461914,53.83330535888672,-67.88080596923828,-90.04290771484375,40.36692810058594,-3.065882682800293,21.791696548461914,53.83330535888672,-67.88080596923828,-90.04290771484375,40.36692810058594,39.33463796477495
40.270,0,-2.8340725898742676,21.68043327331543,53.62468338012695,-67.57485961914062,-90.01100158691406,40.34552001953125,-2.8340725898742676,21.68043327331543,53.62468338012695,-67.57485961914062,-90.01100158691406,40.34552001953125,39.33463796477495
40.304,0,-2.4225406646728516,21.587560653686523,53.68813705444336,-67.53276062011719,-89.91410064697266,40.422454833984375,-2.4225406646728516,21.587560653686523,53.68813705444336,-67.53276062011719,-89.91410064697266,40.422454833984375,39.660795825179385
40.338,0,-2.1983587741851807,22.44373893737793,53.421539306640625,-68.27311706542969,-89.79299926757812,40.63247299194336,-2.1983587741851807,22.44373893737793,53.421539306640625,-68.27311706542969,-89.79299926757812,40.63247299194336,39.92172211350293
40.372,0,-1.6237187385559082,22.39174461364746,53.18315124511719,-67.96165466308594,-89.6697998046875,40.82498550415039,-1.6237187385559082,22.39174461364746,53.18315124511719,-67.96165466308594,-89.6697998046875,40.82498550415039,39.92172211350293
40.402,0,-1.4055312871932983,22.27573585510254,52.98711395263672,-67.66033935546875,-89.63317108154297,40.84307098388672,-1.4055312871932983,22.27573585510254,52.98711395263672,-67.66033935546875,-89.63317108154297,40.84307098388672,39.98695368558382
40.438,0,-0.8421030044555664,22.26060676574707,52.87102508544922,-67.5008544921875,-89.52249908447266,40.809051513671875,-0.8421030044555664,22.26060676574707,52.87102508544922,-67.5008544921875,-89.52249908447266,40.809051513671875,40.24787997390737
40.471,0,-0.09306329488754272,23.46537971496582,52.281585693359375,-68.28129577636719,-89.36166381835938,41.136558532714844,-0.09306329488754272,23.46537971496582,52.281585693359375,-68.28129577636719,-89.36166381835938,41.136558532714844,40.37834311806915
40.505,0,-0.10907268524169922,23.44667625427246,52.10950469970703,-68.024169921875,-89.33924865722656,41.34966278076172,-0.10907268524169922,23.44667625427246,52.10950469970703,-68.024169921875,-89.33924865722656,41.34966278076172,40.44357469015003
40.538,0,-0.46093112230300903,23.20283317565918,52.12255859375,-67.76226806640625,-89.38065338134766,41.272911071777344,-0.46093112230300903,23.20283317565918,52.12255859375,-67.76226806640625,-89.38065338134766,41.272911071777344,40.5740378343118
40.573,0,0.16035902500152588,23.107927322387695,52.064414978027344,-67.6009292602539,-89.26744079589844,41.30493927001953,0.16035902500152588,23.107927322387695,52.064414978027344,-67.6009292602539,-89.26744079589844,41.30493927001953,40.769732550554465
40.603,0,0.8998517990112305,23.98908042907715,51.56053161621094,-68.18894958496094,-89.14180755615234,41.589054107666016,0.8998517990112305,23.98908042907715,51.56053161621094,-68.18894958496094,-89.14180755615234,41.589054107666016,40.90019569471624
40.639,0,1.6168307065963745,23.983400344848633,51.32673645019531,-67.90518951416016,-89.0191879272461,41.77287292480469,1.6168307065963745,23.983400344848633,51.32673645019531,-67.90518951416016,-89.0191879272461,41.77287292480469,40.90019569471624
40.672,0,2.372161388397217,24.010278701782227,50.98841094970703,-67.70735931396484,-88.92192840576172,41.90724182128906,2.372161388397217,24.010278701782227,50.98841094970703,-67.70735931396484,-88.92192840576172,41.90724182128906,41.03065883887801
40.706,0,2.1669225692749023,23.843839645385742,51.15863800048828,-67.59187316894531,-88.9032211303711,41.80632781982422,2.1669225692749023,23.843839645385742,51.15863800048828,-67.59187316894531,-88.9032211303711,41.80632781982422,41.291585127201564
40.739,0,1.7684468030929565,23.785478591918945,51.396949768066406,-67.71392822265625,-88.92710876464844,41.700191497802734,1.7684468030929565,23.785478591918945,51.396949768066406,-67.71392822265625,-88.92710876464844,41.700191497802734,41.48727984344423
40.772,0,2.521523952484131,23.80878257751465,51.14927291870117,-67.44070434570312,-88.79989624023438,41.910675048828125,2.521523952484131,23.80878257751465,51.14927291870117,-67.44070434570312,-88.79989624023438,41.910675048828125,41.48727984344423
40.806,0,3.323275089263916,23.837995529174805,50.84196472167969,-67.25309753417969,-88.70281219482422,42.0638542175293,3.323275089263916,23.837995529174805,50.84196472167969,-67.25309753417969,-88.70281219482422,42.0638542175293,41.48727984344423
40.840,0,3.5877017974853516,23.68751335144043,50.90069580078125,-67.13751220703125,-88.63409423828125,41.99732208251953,3.5877017974853516,23.68751335144043,50.90069580078125,-67.13751220703125,-88.63409423828125,41.99732208251953,41.48727984344423
40.873,0,3.7950706481933594,24.30308723449707,50.45480728149414,-67.44718933105469,-88.55840301513672,42.30363464355469,3.7950706481933594,24.30308723449707,50.45480728149414,-67.44718933105469,-88.55840301513672,42.30363464355469,41.48727984344423
40.909,0,3.5104947090148926,24.01930809020996,50.725196838378906,-67.36521911621094,-88.60163879394531,42.36189270019531,3.5104947090148926,24.01930809020996,50.725196838378906,-67.36521911621094,-88.60163879394531,42.36189270019531,41.55251141552511
40.940,0,3.561460018157959,24.12998390197754,50.3449592590332,-67.15865325927734,-88.56106567382812,42.553497314453125,3.561460018157959,24.12998390197754,50.3449592590332,-67.15865325927734,-88.56106567382812,42.553497314453125,41.68297455968688
40.973,0,3.8409690856933594,24.024755477905273,50.43526077270508,-67.0821533203125,-88.48860931396484,42.48473358154297,3.8409690856933594,24.024755477905273,50.43526077270508,-67.0821533203125,-88.48860931396484,42.48473358154297,41.943900848010436
41.008,0,3.8060455322265625,24.769529342651367,49.99528503417969,-67.53266906738281,-88.42659759521484,42.86595916748047,3.8060455322265625,24.769529342651367,49.99528503417969,-67.53266906738281,-88.42659759521484,42.86595916748047,42.07436399217221
41.040,0,3.5471668243408203,24.428525924682617,50.31475067138672,-67.44015502929688,-88.46708679199219,42.862327575683594,3.5471668243408203,24.428525924682617,50.31475067138672,-67.44015502929688,-88.46708679199219,42.862327575683594,42.20482713633398
41.072,0,3.512444496154785,24.384355545043945,50.07585906982422,-67.1677474975586,-88.46232604980469,42.99060821533203,3.512444496154785,24.384355545043945,50.07585906982422,-67.1677474975586,-88.46232604980469,42.99060821533203,42.27005870841487
41.106,0,3.2255191802978516,24.24681282043457,50.32378005981445,-67.16387939453125,-88.46385955810547,42.94310760498047,3.2255191802978516,24.24681282043457,50.32378005981445,-67.16387939453125,-88.46385955810547,42.94310760498047,42.465753424657535
41.141,0,2.9043684005737305,24.151323318481445,50.52472686767578,-67.22807312011719,-88.49363708496094,42.69841766357422,2.9043684005737305,24.151323318481445,50.52472686767578,-67.22807312011719,-88.49363708496094,42.69841766357422,42.59621656881931
41.174,0,3.3504395484924316,23.772375106811523,50.690834045410156,-67.03028869628906,-88.43719482421875,42.73109436035156,3.3504395484924316,23.772375106811523,50.690834045410156,-67.03028869628906,-88.43719482421875,42.73109436035156,42.59621656881931
41.207,0,3.384324073791504,23.696020126342773,50.48101043701172,-66.7568359375,-88.44560241699219,42.80841064453125,3.384324073791504,23.696020126342773,50.48101043701172,-66.7568359375,-88.44560241699219,42.80841064453125,42.59621656881931
41.242,0,3.1283726692199707,23.412172317504883,50.74201965332031,-66.60018920898438,-88.49068450927734,42.45435333251953,3.1283726692199707,23.412172317504883,50.74201965332031,-66.60018920898438,-88.49068450927734,42.45435333251953,42.59621656881931
41.277,0,2.8072190284729004,23.266958236694336,50.94059753417969,-66.57347106933594,-88.52117919921875,42.1740837097168,2.8072190284729004,23.266958236694336,50.94059753417969,-66.57347106933594,-88.52117919921875,42.1740837097168,42.59621656881931
41.308,0,2.402766704559326,22.888952255249023,51.32176208496094,-66.47230529785156,-88.58609008789062,42.100608825683594,2.402766704559326,22.888952255249023,51.32176208496094,-66.47230529785156,-88.58609008789062,42.100608825683594,42.59621656881931
41.342,0,2.4269022941589355,22.79173469543457,51.140281677246094,-66.19679260253906,-88.59658813476562,42.16520690917969,2.4269022941589355,22.79173469543457,51.140281677246094,-66.19679260253906,-88.59658813476562,42.16520690917969,42.59621656881931
41.376,0,2.1636428833007812,22.415193557739258,51.460166931152344,-65.9771957397461,-88.65062713623047,41.69225311279297,2.1636428833007812,22.415193557739258,51.460166931152344,-65.9771957397461,-88.65062713623047,41.69225311279297,42.53098499673842
41.407,0,1.7795301675796509,22.304391860961914,51.59511184692383,-65.91853332519531,-88.68408966064453,41.53687286376953,1.7795301675796509,22.304391860961914,51.59511184692383,-65.91853332519531,-88.68408966064453,41.53687286376953,42.465753424657535
41.442,0,1.3881784677505493,22.20326042175293,51.76587677001953,-65.91744232177734,-88.76620483398438,41.46137619018555,1.3881784677505493,22.20326042175293,51.76587677001953,-65.91744232177734,-88.76620483398438,41.46137619018555,42.400521852576645
41.475,0,0.9552687406539917,21.84214210510254,51.950401306152344,-65.65914916992188,-88.83448791503906,41.28875732421875,0.9552687406539917,21.84214210510254,51.950401306152344,-65.65914916992188,-88.83448791503906,41.28875732421875,42.07436399217221
41.509,0,0.620390772819519,21.481672286987305,52.26173400878906,-65.45821380615234,-88.88811492919922,40.81529235839844,0.620390772819519,21.481672286987305,52.26173400878906,-65.45821380615234,-88.88811492919922,40.81529235839844,41.878669275929546
41.544,0,0.18044376373291016,21.377901077270508,52.33489990234375,-65.34750366210938,-88.93815612792969,40.6046028137207,0.18044376373291016,21.377901077270508,52.33489990234375,-65.34750366210938,-88.93815612792969,40.6046028137207,41.74820613176777
41.576,0,-0.21169376373291016,20.969449996948242,52.655799865722656,-65.12205505371094,-89.01362609863281,40.2349739074707,-0.21169376373291016,20.969449996948242,52.655799865722656,-65.12205505371094,-89.01362609863281,40.2349739074707,41.55251141552511
41.608,0,0.4127199649810791,20.668962478637695,52.733558654785156,-64.86042785644531,-88.96475219726562,40.08970642089844,0.4127199649810791,20.668962478637695,52.733558654785156,-64.86042785644531,-88.96475219726562,40.08970642089844,41.16112198303979
41.643,0,0.09718424081802368,20.214570999145508,53.083412170410156,-64.59075927734375,-89.03807067871094,39.57520294189453,0.09718424081802368,20.214570999145508,53.083412170410156,-64.59075927734375,-89.03807067871094,39.57520294189453,40.90019569471624
41.676,0,-0.3142136335372925,20.06083869934082,53.22791290283203,-64.50138854980469,-89.09107971191406,39.27165603637695,-0.3142136335372926,20.06083869934082,53.22791290283203,-64.50138854980469,-89.09107971191406,39.27165603637695,40.63926940639269
41.712,0,-0.7395840883255005,19.59322166442871,53.534297943115234,-64.15192413330078,-89.18013763427734,38.893184661865234,-0.7395840883255005,19.59322166442871,53.534297943115234,-64.15192413330078,-89.18013763427734,38.893184661865234,40.24787997390737
41.742,0,-1.2803280353546143,19.2058162689209,53.82721710205078,-64.01264953613281,-89.23078155517578,38.97133255004883,-1.2803280353546143,19.2058162689209,53.82721710205078,-64.01264953613281,-89.23078155517578,38.97133255004883,39.98695368558382
41.776,0,-1.7256803512573242,18.78106117248535,54.134193420410156,-63.69951629638672,-89.31179809570312,38.525238037109375,-1.7256803512573242,18.78106117248535,54.134193420410156,-63.69951629638672,-89.31179809570312,38.525238037109375,39.660795825179385
41.809,0,-2.233445644378662,18.74265480041504,54.189422607421875,-63.68366241455078,-89.39058685302734,38.28642654418945,-2.233445644378662,18.74265480041504,54.189422607421875,-63.68366241455078,-89.39058685302734,38.28642654418945,39.39986953685584
41.845,0,-2.490818977355957,18.2839412689209,54.476661682128906,-63.38610076904297,-89.48114776611328,37.91722106933594,-2.490818977355957,18.2839412689209,54.476661682128906,-63.38610076904297,-89.48114776611328,37.91722106933594,39.204174820613176
41.875,0,-3.1325597763061523,17.84444236755371,54.92595672607422,-63.33014678955078,-89.56929016113281,37.93320083618164,-3.1325597763061523,17.84444236755371,54.92595672607422,-63.33014678955078,-89.56929016113281,37.93320083618164,38.81278538812785
41.913,0,-3.359196662902832,17.445680618286133,55.16169738769531,-63.036434173583984,-89.62772369384766,37.625022888183594,-3.359196662902832,17.445680618286133,55.16169738769531,-63.036434173583984,-89.62772369384766,37.625022888183594,38.551859099804304
41.943,0,-3.9435806274414062,17.459428787231445,55.264102935791016,-63.091243743896484,-89.72257995605469,37.4537353515625,-3.9435806274414062,17.459428787231445,55.264102935791016,-63.091243743896484,-89.72257995605469,37.4537353515625,38.35616438356164
41.977,0,-4.379157066345215,16.915193557739258,55.67839813232422,-62.7993049621582,-89.82959747314453,37.13146209716797,-4.379157066345215,16.915193557739258,55.67839813232422,-62.7993049621582,-89.82959747314453,37.13146209716797,38.16046966731898
42.013,0,-5.066061973571777,16.35312843322754,56.25759506225586,-62.700626373291016,-89.92745208740234,37.096092224121094,-5.066061973571777,16.35312843322754,56.25759506225586,-62.700626373291016,-89.92745208740234,37.096092224121094,37.89954337899543
42.044,0,-5.321492671966553,15.844533920288086,56.57726287841797,-62.3707275390625,-89.9945297241211,36.72044372558594,-5.321492671966553,15.844533920288086,56.57726287841797,-62.3707275390625,-89.9945297241211,36.72044372558594,37.638617090671886
42.077,0,-4.862810134887695,15.873865127563477,56.50008773803711,-62.327388763427734,-89.96768188476562,36.66520690917969,-4.862810134887695,15.873865127563477,56.50008773803711,-62.327388763427734,-89.96768188476562,36.66520690917969,37.44292237442922
42.111,0,-5.221353530883789,15.377042770385742,56.90006637573242,-62.09462356567383,-90.08786010742188,36.37031936645508,-5.221353530883789,15.377042770385742,56.90006637573242,-62.09462356567383,-90.08786010742188,36.37031936645508,37.24722765818656
42.145,0,-5.8788957595825195,14.722833633422852,57.50960159301758,-61.93162155151367,-90.18390655517578,36.2270622253418,-5.8788957595825195,14.722833633422852,57.50960159301758,-61.93162155151367,-90.18390655517578,36.2270622253418,36.986301369863014
42.179,0,-6.208416938781738,14.192922592163086,57.81930923461914,-61.5750732421875,-90.27446746826172,35.848934173583984,-6.208416938781738,14.192922592163086,57.81930923461914,-61.5750732421875,-90.27446746826172,35.848934173583984,36.79060665362035
42.213,0,-6.7800517082214355,14.212057113647461,57.87578582763672,-61.630611419677734,-90.36473846435547,35.82566452026367,-6.7800517082214355,14.212057113647461,57.87578582763672,-61.630611419677734,-90.36473846435547,35.82566452026367,36.66014350945858
42.247,0,-6.541207313537598,13.747808456420898,58.090309143066406,-61.32228088378906,-90.38652038574219,35.605037689208984,-6.541207313537598,13.747808456420898,58.090309143066406,-61.32228088378906,-90.38652038574219,35.605037689208984,36.399217221135025
42.279,0,-7.345363616943359,13.145540237426758,58.648719787597656,-61.1893310546875,-90.5115966796875,35.51890182495117,-7.345363616943359,13.145540237426758,58.648719787597656,-61.1893310546875,-90.5115966796875,35.51890182495117,36.20352250489237
42.312,0,-7.726460933685303,12.645437240600586,58.949283599853516,-60.86060333251953,-90.60169982910156,35.12895584106445,-7.726460933685303,12.645437240600586,58.949283599853516,-60.86060333251953,-90.60169982910156,35.12895584106445,36.07305936073059
42.348,0,-8.411087036132812,12.525129318237305,58.99640655517578,-60.700653076171875,-90.71234130859375,34.93215560913086,-8.411087036132812,12.525129318237305,58.99640655517578,-60.700653076171875,-90.71234130859375,34.93215560913086,35.87736464448793
42.379,0,-8.38687801361084,12.40839958190918,58.92021179199219,-60.55447769165039,-90.7530517578125,34.98686599731445,-8.38687801361084,12.40839958190918,58.92021179199219,-60.55447769165039,-90.7530517578125,34.98686599731445,35.68166992824527
42.413,0,-8.897664070129395,12.654806137084961,58.90666198730469,-60.880516052246094,-90.78372955322266,35.103240966796875,-8.897664070129395,12.654806137084961,58.90666198730469,-60.880516052246094,-90.78372955322266,35.103240966796875,35.290280495759944
42.448,0,-8.963369369506836,12.395280838012695,58.960113525390625,-60.58369445800781,-90.81574249267578,34.89220428466797,-8.963369369506836,12.395280838012695,58.960113525390625,-60.58369445800781,-90.81574249267578,34.89220428466797,35.290280495759944
42.479,0,-9.312912940979004,13.123208999633789,58.64901351928711,-61.05671691894531,-90.8316421508789,35.02350997924805,-9.312912940979004,13.123208999633789,58.64901351928711,-61.05671691894531,-90.8316421508789,35.02350997924805,35.22504892367906
42.514,0,-9.60560417175293,13.030328750610352,58.720855712890625,-61.07077407836914,-90.91149139404297,35.05226516723633,-9.60560417175293,13.030328750610352,58.720855712890625,-61.07077407836914,-90.91149139404297,35.05226516723633,35.22504892367906
42.547,0,-9.946737289428711,13.836671829223633,58.305606842041016,-61.685157775878906,-90.9176254272461,35.29793167114258,-9.946737289428711,13.836671829223633,58.305606842041016,-61.685157775878906,-90.9176254272461,35.29793167114258,35.22504892367906
42.582,0,-9.78523063659668,13.547876358032227,58.385032653808594,-61.41431427001953,-90.92479705810547,35.101600646972656,-9.78523063659668,13.547876358032227,58.385032653808594,-61.41431427001953,-90.92479705810547,35.101600646972656,35.22504892367906
42.614,0,-9.741654396057129,13.94853401184082,58.39727020263672,-61.91169738769531,-90.90554809570312,35.11491012573242,-9.741654396057129,13.94853401184082,58.39727020263672,-61.91169738769531,-90.90554809570312,35.11491012573242,35.22504892367906
42.647,0,-9.502581596374512,13.53514289855957,58.92704391479492,-62.03476333618164,-90.96214294433594,35.01601791381836,-9.502581596374512,13.53514289855957,58.92704391479492,-62.03476333618164,-90.96214294433594,35.01601791381836,35.22504892367906
42.683,0,-9.165310859680176,13.943113327026367,58.657257080078125,-62.28122329711914,-90.90115356445312,35.12824630737305,-9.165310859680176,13.943113327026367,58.657257080078125,-62.28122329711914,-90.90115356445312,35.12824630737305,35.15981735159817
42.714,0,-8.882620811462402,13.754350662231445,58.78337097167969,-62.214202880859375,-90.90364074707031,34.82376480102539,-8.882620811462402,13.754350662231445,58.78337097167969,-62.214202880859375,-90.90364074707031,34.82376480102539,35.15981735159817
42.749,0,-8.71843433380127,13.288480758666992,59.24105453491211,-62.1297721862793,-90.90884399414062,34.603912353515625,-8.71843433380127,13.288480758666992,59.24105453491211,-62.1297721862793,-90.90884399414062,34.603912353515625,35.15981735159817
42.782,0,-8.540994644165039,13.196371078491211,59.34248352050781,-62.13249206542969,-90.95850372314453,34.569740295410156,-8.540994644165039,13.196371078491211,59.34248352050781,-62.13249206542969,-90.95850372314453,34.569740295410156,35.15981735159817
42.816,0,-8.720390319824219,14.039030075073242,58.87835693359375,-62.70889663696289,-90.95722961425781,34.865394592285156,-8.720390319824219,14.039030075073242,58.87835693359375,-62.70889663696289,-90.95722961425781,34.865394592285156,35.15981735159817
42.850,0,-8.66391658782959,13.801385879516602,59.038482666015625,-62.57602310180664,-90.97428131103516,34.5584716796875,-8.66391658782959,13.801385879516602,59.038482666015625,-62.57602310180664,-90.97428131103516,34.5584716796875,35.09458577951728
42.883,0,-8.509732246398926,13.366216659545898,59.39835739135742,-62.46599578857422,-90.9137954711914,34.50341796875,-8.509732246398926,13.366216659545898,59.39835739135742,-62.46599578857422,-90.9137954711914,34.50341796875,34.96412263535551
42.914,0,-8.28022575378418,13.337179183959961,59.321876525878906,-62.36983871459961,-90.96620178222656,34.52072525024414,-8.28022575378418,13.337179183959961,59.321876525878906,-62.36983871459961,-90.96620178222656,34.52072525024414,34.96412263535551
42.949,0,-8.26400089263916,14.066438674926758,58.8533821105957,-62.809757232666016,-90.93730926513672,34.79652404785156,-8.26400089263916,14.066438674926758,58.8533821105957,-62.809757232666016,-90.93730926513672,34.79652404785156,34.833659491193735
42.983,0,-8.107979774475098,13.895223617553711,58.86015701293945,-62.604896545410156,-90.95748901367188,34.51801681518555,-8.107979774475098,13.895223617553711,58.86015701293945,-62.604896545410156,-90.95748901367188,34.51801681518555,34.768427919112845
43.016,0,-8.058549880981445,13.470453262329102,59.14578628540039,-62.374637603759766,-90.93116760253906,34.40239334106445,-8.058549880981445,13.470453262329102,59.14578628540039,-62.374637603759766,-90.93116760253906,34.40239334106445,34.768427919112845
43.049,0,-8.259014129638672,13.462652206420898,59.07122039794922,-62.29471969604492,-90.97901916503906,34.47087097167969,-8.259014129638672,13.462652206420898,59.07122039794922,-62.29471969604492,-90.97901916503906,34.47087097167969,34.768427919112845
43.082,0,-8.168712615966797,14.019826889038086,58.701141357421875,-62.662017822265625,-90.94047546386719,34.746726989746094,-8.168712615966797,14.019826889038086,58.701141357421875,-62.662017822265625,-90.94047546386719,34.746726989746094,34.63796477495107
43.116,0,-8.139714241027832,13.75514030456543,58.804073333740234,-62.4435920715332,-90.98855590820312,34.45848846435547,-8.139714241027832,13.75514030456543,58.804073333740234,-62.4435920715332,-90.98855590820312,34.45848846435547,34.57273320287019
43.149,0,-8.020137786865234,13.32008171081543,59.095733642578125,-62.19984436035156,-90.962646484375,34.32866668701172,-8.020137786865234,13.32008171081543,59.095733642578125,-62.19984436035156,-90.962646484375,34.32866668701172,34.57273320287019
43.184,0,-8.077884674072266,13.062952041625977,59.44392395019531,-62.23772048950195,-91.04291534423828,34.09663772583008,-8.077884674072266,13.062952041625977,59.44392395019531,-62.23772048950195,-91.04291534423828,34.09663772583008,34.57273320287019
43.216,0,-8.144091606140137,13.657476425170898,59.07609558105469,-62.662689208984375,-91.04879760742188,34.41450500488281,-8.144091606140137,13.657476425170898,59.07609558105469,-62.662689208984375,-91.04879760742188,34.41450500488281,34.57273320287019
43.252,0,-8.108678817749023,13.422613143920898,59.1920166015625,-62.49396514892578,-91.0875244140625,34.102882385253906,-8.108678817749023,13.422613143920898,59.1920166015625,-62.49396514892578,-91.0875244140625,34.102882385253906,34.57273320287019
43.282,0,-7.971390724182129,12.941308975219727,59.46544647216797,-62.22474670410156,-91.07018280029297,33.98461151123047,-7.971390724182129,12.941308975219727,59.46544647216797,-62.22474670410156,-91.07018280029297,33.98461151123047,34.57273320287019
43.317,0,-7.770731449127197,12.689092636108398,59.54793930053711,-62.02553939819336,-91.0951919555664,33.837608337402344,-7.770731449127197,12.689092636108398,59.54793930053711,-62.02553939819336,-91.0951919555664,33.837608337402344,34.57273320287019
43.352,0,-7.607649803161621,13.364274978637695,59.07432174682617,-62.48682403564453,-91.0782470703125,34.178550720214844,-7.607649803161621,13.364274978637695,59.07432174682617,-62.48682403564453,-91.0782470703125,34.178550720214844,34.31180691454664
43.384,0,-7.649576663970947,13.082033157348633,59.289859771728516,-62.45594787597656,-91.09796905517578,33.968997955322266,-7.649576663970947,13.082033157348633,59.289859771728516,-62.45594787597656,-91.09796905517578,33.968997955322266,34.18134377038486
43.417,0,-7.645974636077881,12.650609970092773,59.47045135498047,-62.134681701660156,-91.11846923828125,33.85438537597656,-7.645974636077881,12.650609970092773,59.47045135498047,-62.134681701660156,-91.11846923828125,33.85438537597656,34.18134377038486
43.452,0,-7.272942543029785,12.768560409545898,59.32162094116211,-62.16234588623047,-91.14356994628906,33.82243728637695,-7.272942543029785,12.768560409545898,59.32162094116211,-62.16234588623047,-91.14356994628906,33.82243728637695,34.18134377038486
43.485,0,-7.115469455718994,13.570089340209961,58.76333236694336,-62.64393997192383,-91.11106872558594,34.24546813964844,-7.115469455718994,13.570089340209961,58.76333236694336,-62.64393997192383,-91.11106872558594,34.24546813964844,34.18134377038486
43.518,0,-6.835172653198242,13.553339004516602,58.72388458251953,-62.675048828125,-91.12199401855469,34.232269287109375,-6.835172653198242,13.553339004516602,58.72388458251953,-62.675048828125,-91.12199401855469,34.232269287109375,34.11611219830398
43.553,0,-6.83103609085083,13.072172164916992,58.914337158203125,-62.27639389038086,-91.11205291748047,34.14046859741211,-6.83103609085083,13.072172164916992,58.914337158203125,-62.27639389038086,-91.11205291748047,34.14046859741211,34.11611219830398
43.585,0,-6.490817546844482,13.378828048706055,58.66937255859375,-62.450077056884766,-91.12393188476562,34.243309020996094,-6.490817546844482,13.378828048706055,58.66937255859375,-62.450077056884766,-91.12393188476562,34.243309020996094,34.11611219830398
43.618,0,-6.629022598266602,14.326169967651367,58.08349609375,-63.05570983886719,-91.10819244384766,34.73152542114258,-6.629022598266602,14.326169967651367,58.08349609375,-63.05570983886719,-91.10819244384766,34.73152542114258,34.11611219830398
43.652,0,-6.35615348815918,14.337892532348633,58.06123352050781,-63.09493637084961,-91.11267852783203,34.682769775390625,-6.35615348815918,14.337892532348633,58.06123352050781,-63.09493637084961,-91.11267852783203,34.682769775390625,34.11611219830398
43.686,0,-6.431564807891846,13.953351974487305,58.24928665161133,-62.838897705078125,-91.11135864257812,34.63767623901367,-6.431564807891846,13.953351974487305,58.24928665161133,-62.838897705078125,-91.11135864257812,34.63767623901367,34.11611219830398
43.719,0,-6.509214401245117,14.422224044799805,57.801490783691406,-62.92528533935547,-91.06700897216797,34.80078887939453,-6.509214401245117,14.422224044799805,57.801490783691406,-62.92528533935547,-91.06700897216797,34.80078887939453,34.24657534246575
43.752,0,-6.643155574798584,15.366987228393555,57.20062255859375,-63.54072570800781,-91.05216979980469,35.330509185791016,-6.643155574798584,15.366987228393555,57.20062255859375,-63.54072570800781,-91.05216979980469,35.330509185791016,34.24657534246575
43.787,0,-6.425185203552246,15.482332229614258,57.10853576660156,-63.61956787109375,-91.05203247070312,35.337669372558594,-6.425185203552246,15.482332229614258,57.10853576660156,-63.61956787109375,-91.05203247070312,35.337669372558594,34.37703848662753
43.819,0,-6.493509769439697,15.039350509643555,57.298221588134766,-63.31181716918945,-91.05821228027344,35.24262237548828,-6.493509769439697,15.039350509643555,57.298221588134766,-63.31181716918945,-91.05821228027344,35.24262237548828,34.57273320287019
43.853,0,-6.571244716644287,15.353982925415039,56.939002990722656,-63.346256256103516,-91.01808166503906,35.3421630859375,-6.571244716644287,15.353982925415039,56.939002990722656,-63.346256256103516,-91.01808166503906,35.3421630859375,34.833659491193735
43.887,0,-6.686574459075928,16.113168716430664,56.34989547729492,-63.769622802734375,-90.99007415771484,35.767005920410156,-6.686574459075928,16.113168716430664,56.34989547729492,-63.769622802734375,-90.99007415771484,35.767005920410156,34.898891063274625
43.921,0,-6.895549297332764,16.02604103088379,56.34904479980469,-63.71900177001953,-90.94122314453125,35.792232513427734,-6.895549297332764,16.02604103088379,56.34904479980469,-63.71900177001953,-90.94122314453125,35.792232513427734,34.898891063274625
43.955,0,-6.740926742553711,15.858938217163086,56.40052795410156,-63.58291244506836,-90.86443328857422,35.8033447265625,-6.740926742553711,15.858938217163086,56.40052795410156,-63.58291244506836,-90.86443328857422,35.8033447265625,34.96412263535551
43.987,0,-6.5615081787109375,16.021825790405273,56.023597717285156,-63.381919860839844,-90.83688354492188,35.85698699951172,-6.5615081787109375,16.021825790405273,56.023597717285156,-63.381919860839844,-90.83688354492188,35.85698699951172,35.22504892367906
44.021,0,-6.450589656829834,16.40726661682129,55.63666534423828,-63.5837516784668,-90.774169921875,36.23139953613281,-6.450589656829834,16.40726661682129,55.63666534423828,-63.5837516784668,-90.774169921875,36.23139953613281,35.355512067840834
44.053,0,-6.6465325355529785,16.32972526550293,55.63539505004883,-63.53745651245117,-90.7362060546875,36.21491622924805,-6.6465325355529785,16.32972526550293,55.63539505004883,-63.53745651245117,-90.7362060546875,36.21491622924805,35.42074363992172
44.086,0,-6.3804826736450195,15.974885940551758,55.713165283203125,-63.26483917236328,-90.69368743896484,36.188377380371094,-6.3804826736450195,15.974885940551758,55.713165283203125,-63.26483917236328,-90.69368743896484,36.188377380371094,35.48597521200261
44.119,0,-5.990940570831299,16.527742385864258,55.20728302001953,-63.365264892578125,-90.61698913574219,36.304298400878906,-5.990940570831299,16.527742385864258,55.20728302001953,-63.365264892578125,-90.61698913574219,36.304298400878906,35.74690150032615
44.154,0,-5.796182155609131,16.5365047454834,55.04082489013672,-63.379695892333984,-90.60233306884766,36.553184509277344,-5.796182155609131,16.5365047454834,55.04082489013672,-63.379695892333984,-90.60233306884766,36.553184509277344,35.81213307240704
44.186,0,-5.817140579223633,16.172964096069336,55.27962875366211,-63.22056579589844,-90.55146789550781,36.55775451660156,-5.817140579223633,16.172964096069336,55.27962875366211,-63.22056579589844,-90.55146789550781,36.55775451660156,35.81213307240704
44.221,0,-5.495770454406738,15.858846664428711,55.361732482910156,-62.984596252441406,-90.46749114990234,36.514888763427734,-5.495770454406738,15.858846664428711,55.361732482910156,-62.984596252441406,-90.46749114990234,36.514888763427734,36.007827788649706
44.256,0,-4.850444793701172,15.971658706665039,55.04431915283203,-62.79537582397461,-90.39178466796875,36.522918701171875,-4.850444793701172,15.971658706665039,55.04431915283203,-62.79537582397461,-90.39178466796875,36.522918701171875,36.13829093281148
44.287,0,-4.337181091308594,16.365625381469727,54.56936264038086,-62.82472610473633,-90.32914733886719,36.851566314697266,-4.337181091308594,16.365625381469727,54.56936264038086,-62.82472610473633,-90.32914733886719,36.851566314697266,36.13829093281148
44.322,0,-4.77823543548584,15.768655776977539,54.988590240478516,-62.51839065551758,-90.36060333251953,36.630126953125,-4.77823543548584,15.768655776977539,54.988590240478516,-62.51839065551758,-90.36060333251953,36.630126953125,36.13829093281148
44.355,0,-4.81133508682251,15.481428146362305,54.832210540771484,-62.091609954833984,-90.41244506835938,36.262691497802734,-4.81133508682251,15.481428146362305,54.832210540771484,-62.091609954833984,-90.41244506835938,36.262691497802734,36.20352250489237
44.389,0,-4.287317276000977,14.957979202270508,54.653541564941406,-61.380760192871094,-90.34335327148438,36.164302825927734,-4.287317276000977,14.957979202270508,54.653541564941406,-61.380760192871094,-90.34335327148438,36.164302825927734,36.33398564905414
44.422,0,-4.702326774597168,14.293230056762695,55.144309997558594,-61.04798126220703,-90.39749145507812,36.098453521728516,-4.702326774597168,14.293230056762695,55.144309997558594,-61.04798126220703,-90.39749145507812,36.098453521728516,36.33398564905414
44.454,0,-4.271337509155273,14.010931015014648,55.148338317871094,-60.71154022216797,-90.3316421508789,36.02470397949219,-4.271337509155273,14.010931015014648,55.148338317871094,-60.71154022216797,-90.3316421508789,36.02470397949219,36.26875407697325
44.489,0,-4.034801483154297,13.89674186706543,54.834129333496094,-60.27545166015625,-90.29573822021484,35.656768798828125,-4.034801483154297,13.89674186706543,54.834129333496094,-60.27545166015625,-90.29573822021484,35.656768798828125,36.26875407697325
44.523,0,-3.6303348541259766,13.289068222045898,54.81751251220703,-59.589988708496094,-90.25206756591797,35.48744201660156,-3.6303348541259766,13.289068222045898,54.81751251220703,-59.589988708496094,-90.25206756591797,35.48744201660156,36.26875407697325
44.556,0,-4.245158672332764,12.490728378295898,55.40851974487305,-59.159515380859375,-90.33598327636719,35.39714813232422,-4.245158672332764,12.490728378295898,55.40851974487305,-59.159515380859375,-90.33598327636719,35.39714813232422,36.26875407697325
44.588,0,-3.7667956352233887,11.942411422729492,55.459083557128906,-58.63578414916992,-90.27432250976562,35.18778991699219,-3.7667956352233887,11.942411422729492,55.459083557128906,-58.63578414916992,-90.27432250976562,35.18778991699219,36.007827788649706
44.621,0,-4.385590553283691,11.653890609741211,55.48992919921875,-58.35894012451172,-90.39530181884766,34.82271194458008,-4.385590553283691,11.653890609741211,55.48992919921875,-58.35894012451172,-90.39530181884766,34.82271194458008,35.81213307240704
44.656,0,-3.7114486694335938,11.878149032592773,54.99461364746094,-58.17913055419922,-90.2865982055664,34.90087127685547,-3.7114486694335938,11.878149032592773,54.99461364746094,-58.17913055419922,-90.2865982055664,34.90087127685547,35.61643835616438
44.689,0,-4.348243236541748,11.017755508422852,55.57958221435547,-57.65557861328125,-90.37299346923828,34.72449493408203,-4.348243236541748,11.017755508422852,55.57958221435547,-57.65557861328125,-90.37299346923828,34.72449493408203,35.48597521200261
44.723,0,-3.8814568519592285,10.512853622436523,55.62956237792969,-57.151634216308594,-90.29310607910156,34.566810607910156,-3.8814568519592285,10.512853622436523,55.62956237792969,-57.151634216308594,-90.29310607910156,34.566810607910156,35.290280495759944
44.758,0,-3.6238083839416504,10.283796310424805,55.44044494628906,-56.74541473388672,-90.30718231201172,34.20163345336914,-3.6238083839416504,10.283796310424805,55.44044494628906,-56.74541473388672,-90.30718231201172,34.20163345336914,35.15981735159817
44.789,0,-2.933840274810791,10.501668930053711,54.928855895996094,-56.54851531982422,-90.20361328125,34.27320098876953,-2.933840274810791,10.501668930053711,54.928855895996094,-56.54851531982422,-90.20361328125,34.27320098876953,34.96412263535551
44.824,0,-3.5689473152160645,9.537237167358398,55.60478210449219,-56.015296936035156,-90.28489685058594,34.05324935913086,-3.5689473152160645,9.537237167358398,55.60478210449219,-56.015296936035156,-90.28489685058594,34.05324935913086,34.768427919112845
44.857,0,-2.886547565460205,8.86182975769043,55.79072570800781,-55.519683837890625,-90.22347259521484,33.84626770019531,-2.886547565460205,8.86182975769043,55.79072570800781,-55.519683837890625,-90.22347259521484,33.84626770019531,34.57273320287019
44.891,0,-3.404475212097168,8.657808303833008,56.08515930175781,-55.51841354370117,-90.35343170166016,33.735111236572266,-3.404475212097168,8.657808303833008,56.08515930175781,-55.51841354370117,-90.35343170166016,33.735111236572266,34.57273320287019
44.924,0,-3.300717830657959,8.272192001342773,56.14876174926758,-55.175148010253906,-90.34293365478516,33.60228729248047,-3.300717830657959,8.272192001342773,56.14876174926758,-55.175148010253906,-90.34293365478516,33.60228729248047,34.44227005870842
44.959,0,-3.9184908866882324,7.29212760925293,56.7913818359375,-54.621604919433594,-90.42166137695312,33.347591400146484,-3.9184908866882324,7.29212760925293,56.7913818359375,-54.621604919433594,-90.42166137695312,33.347591400146484,34.18134377038486
44.992,0,-3.8093619346618652,6.898710250854492,56.96428680419922,-54.41505813598633,-90.39179229736328,33.2662467956543,-3.8093619346618652,6.898710250854492,56.96428680419922,-54.41505813598633,-90.39179229736328,33.2662467956543,34.05088062622309
45.025,0,-4.320257663726807,6.63813591003418,57.245452880859375,-54.37101745605469,-90.51346588134766,33.287174224853516,-4.320257663726807,6.63813591003418,57.245452880859375,-54.37101745605469,-90.51346588134766,33.287174224853516,33.789954337899545
45.059,0,-4.815340995788574,5.677064895629883,57.805328369140625,-53.80622100830078,-90.65184020996094,32.848018646240234,-4.815340995788574,5.681318681318681,57.805328369140625,-53.80622100830078,-90.65184020996094,32.848018646240234,33.659491193737765
45.093,0,-5.386612415313721,4.631673812866211,58.518070220947266,-53.25907897949219,-90.71993255615234,32.61893081665039,-5.386612415313721,5.241758241758241,58.518070220947266,-53.25907897949219,-90.71993255615234,32.61893081665039,33.52902804957599
45.125,0,-5.901810169219971,3.733297348022461,59.11516571044922,-52.799190521240234,-90.81124877929688,32.21292495727539,-5.901810169219971,4.538461538461538,59.11516571044922,-52.799190521240234,-90.81124877929688,32.21292495727539,33.39856490541422
45.158,0,-6.4523491859436035,3.396486282348633,59.473026275634766,-52.74867630004883,-90.94498443603516,32.13807678222656,-6.4523491859436035,3.9230769230769234,59.473026275634766,-52.74867630004883,-90.94498443603516,32.13807678222656,33.13763861709067
45.192,0,-6.931565284729004,2.3516902923583984,60.08701705932617,-52.153785705566406,-91.07159423828125,31.735126495361328,-6.931565284729004,3.3076923076923084,60.08701705932617,-52.153785705566406,-91.07159423828125,31.735126495361328,32.81148075668624
45.226,0,-7.508634567260742,1.2663745880126953,60.78704833984375,-51.54252624511719,-91.1317138671875,31.55005645751953,-7.508634567260742,2.6923076923076925,60.78704833984375,-51.54252624511719,-91.1317138671875,31.55005645751953,32.615786040443574
45.258,0,-7.999493598937988,0.4913368225097656,61.22940444946289,-51.06194305419922,-91.18029022216797,31.364978790283203,-7.999493598937988,1.989010989010989,61.22940444946289,-51.06194305419922,-91.18029022216797,31.364978790283203,32.35485975212002
45.291,0,-8.530555725097656,-0.3923988342285156,61.874366760253906,-50.66015625,-91.30502319335938,31.236679077148438,-8.530555725097656,1.2857142857142856,61.874366760253906,-50.66015625,-91.30502319335938,31.236679077148438,32.02870189171559
45.325,0,-9.07730484008789,-1.3726844787597656,62.4142951965332,-50.06035614013672,-91.44117736816406,30.887344360351562,-9.07730484008789,0.5824175824175821,62.4142951965332,-50.06035614013672,-91.44117736816406,30.887344360351562,31.83300717547293
45.358,0,-9.540464401245117,-2.639659881591797,63.178287506103516,-49.347198486328125,-91.46833801269531,30.67928695678711,-9.540464401245117,-0.12087912087912045,63.178287506103516,-49.347198486328125,-91.46833801269531,30.67928695678711,31.57208088714938
45.392,0,-9.767202377319336,-3.475292205810547,63.608070373535156,-48.81794357299805,-91.45162200927734,30.60793685913086,-9.767202377319336,-0.8241758241758239,63.608070373535156,-48.81794357299805,-91.45162200927734,30.60793685913086,31.376386170906716
45.425,0,-9.563664436340332,-3.2699966430664062,63.442222595214844,-48.99954605102539,-91.45433807373047,30.55620574951172,-9.563664436340332,-1.6153846153846154,63.442222595214844,-48.99954605102539,-91.45433807373047,30.55620574951172,31.115459882583167
45.460,0,-9.36553955078125,-3.147970199584961,63.32913589477539,-49.175838470458984,-91.46141052246094,30.481857299804688,-9.36553955078125,-2.4065934065934065,63.32913589477539,-49.175838470458984,-91.46141052246094,30.481857299804688,30.984996738421394
45.492,0,-9.86246395111084,-4.218271255493164,64.07196044921875,-48.62667465209961,-91.48506164550781,30.351743698120117,-9.86246395111084,-2.934065934065934,64.07196044921875,-48.62667465209961,-91.48506164550781,30.351743698120117,30.78930202217873
45.525,0,-10.263580322265625,-5.189624786376953,64.69084167480469,-48.106605529785156,-91.52377319335938,29.99250030517578,-10.263580322265625,-3.6373626373626373,64.69084167480469,-48.106605529785156,-91.52377319335938,29.99250030517578,30.658838878016958
45.559,0,-10.736573219299316,-6.21751594543457,65.37701416015625,-47.56808853149414,-91.5762939453125,29.61255645751953,-10.736573219299316,-4.428571428571429,65.37701416015625,-47.56808853149414,-91.5762939453125,29.61255645751953,30.658838878016958
45.591,0,-11.025761604309082,-6.609764099121094,65.86253356933594,-47.609275817871094,-91.64391326904297,29.50253677368164,-11.025761604309082,-5.21978021978022,65.86253356933594,-47.609275817871094,-91.64391326904297,29.50253677368164,30.59360730593607
45.625,0,-10.888744354248047,-7.581377029418945,66.4579086303711,-47.023929595947266,-91.55148315429688,29.411293029785156,-10.888744354248047,-6.010989010989011,66.4579086303711,-47.023929595947266,-91.55148315429688,29.411293029785156,30.267449445531636
45.659,0,-10.704169273376465,-8.454294204711914,67.04998016357422,-46.53287887573242,-91.46900177001953,29.29084014892578,-10.704169273376465,-6.802197802197802,67.04998016357422,-46.53287887573242,-91.46900177001953,29.29084014892578,29.876060013046313
45.692,0,-10.685781478881836,-8.868139266967773,67.48877716064453,-46.41930389404297,-91.48148345947266,29.104164123535156,-10.685781478881836,-7.593406593406593,67.48877716064453,-46.41930389404297,-91.48148345947266,29.104164123535156,29.74559686888454
45.725,0,-10.411654472351074,-8.301607131958008,67.27013397216797,-46.89647674560547,-91.48316955566406,29.190580368041992,-10.411654472351074,-8.301607131958008,67.27013397216797,-46.89647674560547,-91.48316955566406,29.190580368041992,29.74559686888454
45.758,0,-10.153568267822266,-7.886648178100586,67.12608337402344,-47.2972412109375,-91.4914321899414,29.21596908569336,-10.153568267822266,-7.886648178100586,67.12608337402344,-47.2972412109375,-91.4914321899414,29.21596908569336,29.68036529680365
45.792,0,-9.72317886352539,-8.70579719543457,67.50656127929688,-46.7738037109375,-91.43053436279297,29.025922775268555,-9.72317886352539,-8.70579719543457,67.50656127929688,-46.7738037109375,-91.43053436279297,29.025922775268555,29.48467058056099
45.829,0,-9.247218132019043,-9.541114807128906,67.96784973144531,-46.28296661376953,-91.3916015625,28.672412872314453,-9.247218132019043,-9.541114807128906,67.96784973144531,-46.28296661376953,-91.3916015625,28.672412872314453,29.419439008480104
45.860,0,-8.926318168640137,-10.044597625732422,68.36105346679688,-46.070491790771484,-91.36377716064453,28.590171813964844,-8.926318168640137,-10.044597625732422,68.36105346679688,-46.070491790771484,-91.36377716064453,28.590171813964844,29.354207436399214
45.896,0,-8.845322608947754,-10.917909622192383,68.91927337646484,-45.463539123535156,-91.29838562011719,28.444900512695312,-8.845322608947754,-10.917909622192383,68.91927337646484,-45.463539123535156,-91.29838562011719,28.444900512695312,29.354207436399214
45.928,0,-8.702065467834473,-11.843219757080078,69.48876190185547,-44.85089874267578,-91.23213195800781,28.377050399780273,-8.702065467834473,-11.843219757080078,69.48876190185547,-44.85089874267578,-91.23213195800781,28.377050399780273,29.09328114807567
45.961,0,-8.340649604797363,-12.011322021484375,69.69386291503906,-44.81840515136719,-91.2577896118164,28.21462059020996,-8.340649604797363,-12.011322021484375,69.69386291503906,-44.81840515136719,-91.2577896118164,28.21462059020996,28.897586431833005
45.996,0,-8.067757606506348,-11.639896392822266,69.43130493164062,-45.051719665527344,-91.28545379638672,28.26528549194336,-8.067757606506348,-11.639896392822266,69.43130493164062,-45.051719665527344,-91.28545379638672,28.26528549194336,28.767123287671232
46.028,0,-7.784740924835205,-11.401744842529297,69.23633575439453,-45.174827575683594,-91.30958557128906,28.2131290435791,-7.784740924835205,-11.401744842529297,69.23633575439453,-45.174827575683594,-91.30958557128906,28.2131290435791,28.57142857142857
46.059,0,-8.06624984741211,-12.284612655639648,69.69811248779297,-44.489078521728516,-91.32891845703125,27.94970703125,-8.06624984741211,-12.284612655639648,69.69811248779297,-44.489078521728516,-91.32891845703125,27.94970703125,28.506196999347683
46.093,0,-7.66551399230957,-12.115015029907227,69.77477264404297,-44.68374252319336,-91.34990692138672,27.88507652282715,-7.66551399230957,-12.115015029907227,69.77477264404297,-44.68374252319336,-91.34990692138672,27.88507652282715,28.506196999347683
46.126,0,-7.286339282989502,-12.080455780029297,69.8891830444336,-44.75627899169922,-91.35382843017578,27.81922149658203,-7.286339282989502,-12.080455780029297,69.8891830444336,-44.75627899169922,-91.35382843017578,27.81922149658203,28.440965427266796
46.162,0,-7.229724407196045,-12.883989334106445,70.51728057861328,-44.285491943359375,-91.26922607421875,27.693134307861328,-7.229724407196045,-12.883989334106445,70.51728057861328,-44.285491943359375,-91.26922607421875,27.693134307861328,28.245270711024133
46.195,0,-7.461296558380127,-13.71888542175293,70.94866180419922,-43.59793472290039,-91.2904052734375,27.459152221679688,-7.461296558380127,-13.71888542175293,70.94866180419922,-43.59793472290039,-91.2904052734375,27.459152221679688,28.180039138943247
46.230,0,-7.694075584411621,-14.640496253967285,71.40052032470703,-42.8343505859375,-91.2962417602539,27.21381950378418,-7.694075584411621,-14.640496253967285,71.40052032470703,-42.8343505859375,-91.2962417602539,27.21381950378418,28.049575994781474
46.261,0,-7.568997859954834,-13.87499713897705,71.0455551147461,-43.44462966918945,-91.35792541503906,27.344087600708008,-7.568997859954834,-13.87499713897705,71.0455551147461,-43.44462966918945,-91.35792541503906,27.344087600708008,27.919112850619697
46.298,0,-7.462644100189209,-12.999340057373047,70.6706314086914,-44.05500030517578,-91.29766845703125,27.672672271728516,-7.462644100189209,-12.999340057373047,70.6706314086914,-44.05500030517578,-91.29766845703125,27.672672271728516,27.723418134377038
46.327,0,-7.569002151489258,-12.552022933959961,70.55596923828125,-44.4208984375,-91.26760864257812,27.84467315673828,-7.569002151489258,-12.552022933959961,70.55596923828125,-44.4208984375,-91.26760864257812,27.84467315673828,27.59295499021526
46.360,0,-7.241631507873535,-12.598350524902344,70.73463439941406,-44.4626579284668,-91.2999038696289,27.719484329223633,-7.241631507873535,-12.598350524902344,70.73463439941406,-44.4626579284668,-91.2999038696289,27.719484329223633,27.59295499021526
46.397,0,-7.119279384613037,-11.727838516235352,70.3467788696289,-45.13348388671875,-91.37062072753906,27.833757400512695,-7.119279384613037,-11.727838516235352,70.3467788696289,-45.13348388671875,-91.37062072753906,27.833757400512695,27.59295499021526
46.430,0,-7.0085039138793945,-10.756341934204102,69.99220275878906,-45.84100341796875,-91.29881286621094,28.182626724243164,-7.0085039138793945,-10.756341934204102,69.99220275878906,-45.84100341796875,-91.29881286621094,28.182626724243164,27.59295499021526
46.464,0,-6.728078842163086,-11.529659271240234,70.49842834472656,-45.442108154296875,-91.25812530517578,27.877033233642578,-6.728078842163086,-11.529659271240234,70.49842834472656,-45.442108154296875,-91.25812530517578,27.877033233642578,27.59295499021526
46.496,0,-6.440888404846191,-11.37529182434082,70.63961791992188,-45.76423645019531,-91.27501678466797,27.833877563476562,-6.440888404846191,-11.37529182434082,70.63961791992188,-45.76423645019531,-91.27501678466797,27.833877563476562,27.59295499021526
46.531,0,-6.470630168914795,-10.058683395385742,70.19429779052734,-46.911773681640625,-91.30504608154297,28.080062866210938,-6.470630168914795,-10.058683395385742,70.19429779052734,-46.911773681640625,-91.30504608154297,28.080062866210938,27.59295499021526
46.563,0,-6.613622188568115,-9.702552795410156,70.08524322509766,-47.09809112548828,-91.31481170654297,28.243000030517578,-6.613622188568115,-9.702552795410156,70.08524322509766,-47.09809112548828,-91.31481170654297,28.243000030517578,27.59295499021526
46.596,0,-6.085785388946533,-10.424442291259766,70.5020751953125,-46.70569610595703,-91.32182312011719,27.865102767944336,-6.085785388946533,-10.424442291259766,70.5020751953125,-46.70569610595703,-91.32182312011719,27.865102767944336,27.59295499021526
46.633,0,-5.846003532409668,-10.218568801879883,70.61882781982422,-47.062076568603516,-91.36377716064453,27.950641632080078,-5.846003532409668,-10.218568801879883,70.61882781982422,-47.062076568603516,-91.36377716064453,27.950641632080078,27.65818656229615
46.663,0,-5.7991862297058105,-8.996320724487305,70.25389862060547,-48.17327880859375,-91.37757873535156,28.163726806640625,-5.7991862297058105,-8.996320724487305,70.25389862060547,-48.17327880859375,-91.37757873535156,28.163726806640625,27.723418134377038
46.696,0,-6.005491256713867,-8.03341293334961,69.9034423828125,-48.895484924316406,-91.38249969482422,28.532623291015625,-6.005491256713867,-8.03341293334961,69.9034423828125,-48.895484924316406,-91.38249969482422,28.532623291015625,27.723418134377038
46.733,0,-5.473491668701172,-8.703758239746094,70.37503051757812,-48.64221954345703,-91.3940658569336,28.17507553100586,-5.473491668701172,-8.703758239746094,70.37503051757812,-48.64221954345703,-91.3940658569336,28.17507553100586,27.723418134377038
46.764,0,-5.224565505981445,-9.208860397338867,70.52991485595703,-48.180240631103516,-91.41938781738281,27.878585815429688,-5.224565505981445,-9.208860397338867,70.52991485595703,-48.180240631103516,-91.41938781738281,27.878585815429688,27.788649706457925
46.800,0,-5.128448963165283,-7.954809188842773,70.151611328125,-49.34337615966797,-91.44493865966797,28.133522033691406,-5.128448963165283,-7.954809188842773,70.151611328125,-49.34337615966797,-91.44493865966797,28.133522033691406,27.919112850619697
46.831,0,-5.0686235427856445,-6.81884765625,69.75225067138672,-50.27677917480469,-91.41342163085938,28.537456512451172,-5.0686235427856445,-6.81884765625,69.75225067138672,-50.27677917480469,-91.41342163085938,28.537456512451172,27.919112850619697
46.864,0,-5.156411647796631,-6.933259963989258,69.96937561035156,-50.33995056152344,-91.41857147216797,28.492862701416016,-5.156411647796631,-6.933259963989258,69.96937561035156,-50.33995056152344,-91.41857147216797,28.492862701416016,27.919112850619697
46.901,0,-4.781672477722168,-7.425899505615234,70.16905975341797,-49.984458923339844,-91.42588806152344,28.17080307006836,-4.781672477722168,-7.425899505615234,70.16905975341797,-49.984458923339844,-91.42588806152344,28.17080307006836,27.984344422700584
46.930,0,-4.6719651222229,-6.101041793823242,69.74317169189453,-51.18994140625,-91.45223236083984,28.45462417602539,-4.6719651222229,-6.101041793823242,69.74317169189453,-51.18994140625,-91.45223236083984,28.45462417602539,28.11480756686236
46.967,0,-4.628732204437256,-4.945150375366211,69.3520278930664,-52.1832275390625,-91.43621826171875,28.889690399169922,-4.628732204437256,-4.945150375366211,69.3520278930664,-52.1832275390625,-91.43621826171875,28.889690399169922,28.049575994781474
46.998,0,-4.5825300216674805,-4.885471343994141,69.41595458984375,-52.32171630859375,-91.41771697998047,28.93285369873047,-4.5825300216674805,-4.885471343994141,69.41595458984375,-52.32171630859375,-91.41771697998047,28.93285369873047,28.11480756686236
47.034,0,-3.8846545219421387,-5.366003036499023,69.46038055419922,-51.86650085449219,-91.398193359375,28.708812713623047,-3.8846545219421387,-5.366003036499023,69.46038055419922,-51.86650085449219,-91.398193359375,28.708812713623047,28.31050228310502
47.064,0,-3.798603057861328,-3.4105682373046875,68.7718505859375,-53.551414489746094,-91.43693542480469,29.14495086669922,-3.798603057861328,-3.4105682373046875,68.7718505859375,-53.551414489746094,-91.43693542480469,29.14495086669922,28.506196999347683
47.097,0,-4.0508270263671875,-2.634786605834961,68.4786605834961,-54.17950439453125,-91.47900390625,29.47878646850586,-4.0508270263671875,-2.634786605834961,68.4786605834961,-54.17950439453125,-91.47900390625,29.47878646850586,28.57142857142857
47.131,0,-3.9327945709228516,-2.3747291564941406,68.47319030761719,-54.49323272705078,-91.44126892089844,29.64838409423828,-3.9327945709228516,-2.3747291564941406,68.47319030761719,-54.49323272705078,-91.44126892089844,29.64838409423828,28.636660143509456
47.166,0,-3.6118125915527344,-1.6309967041015625,68.03359985351562,-55.023521423339844,-91.34513092041016,30.036527633666992,-3.6118125915527344,-1.6309967041015625,68.03359985351562,-55.023521423339844,-91.34513092041016,30.036527633666992,28.897586431833005
47.199,0,-3.5632858276367188,-1.0072669982910156,67.85179901123047,-55.6421012878418,-91.41786193847656,30.044700622558594,-3.5632858276367188,-1.0072669982910156,67.85179901123047,-55.6421012878418,-91.41786193847656,30.044700622558594,29.158512720156555
47.233,0,-3.4268698692321777,0.13454055786132812,67.3886489868164,-56.59735870361328,-91.39446258544922,30.53329849243164,-3.4268698692321777,0.13454055786132812,67.3886489868164,-56.59735870361328,-91.39446258544922,30.53329849243164,29.354207436399214
47.269,0,-3.280538558959961,0.3479480743408203,67.30986022949219,-56.79679870605469,-91.34674835205078,30.766281127929688,-3.280538558959961,0.3479480743408203,67.30986022949219,-56.79679870605469,-91.34674835205078,30.766281127929688,29.615133724722764
47.309,0,-2.9817728996276855,1.2197761535644531,66.92496490478516,-57.5423583984375,-91.25060272216797,31.216617584228516,-2.9817728996276855,1.2197761535644531,66.92496490478516,-57.5423583984375,-91.25060272216797,31.216617584228516,29.74559686888454
47.334,0,-2.646714687347412,2.1102161407470703,66.42094421386719,-58.16218566894531,-91.24760437011719,31.396194458007812,-2.646714687347412,2.1102161407470703,66.42094421386719,-58.16218566894531,-91.24760437011719,31.396194458007812,30.136986301369863
47.367,0,-2.558741569519043,2.5373497009277344,66.19879150390625,-58.49876403808594,-91.26268005371094,31.68393325805664,-2.558741569519043,2.5373497009277344,66.19879150390625,-58.49876403808594,-91.26268005371094,31.68393325805664,30.332681017612522
47.405,0,-1.9633606672286987,2.217987060546875,66.39012908935547,-58.351585388183594,-91.18741607666016,31.679901123046875,-1.9633606672286987,2.217987060546875,66.39012908935547,-58.351585388183594,-91.18741607666016,31.679901123046875,30.724070450097845
47.432,0,-1.3629292249679565,2.30682373046875,66.19068908691406,-58.3080940246582,-91.1399154663086,31.713424682617188,-1.3629292249679565,2.30682373046875,66.19068908691406,-58.3080940246582,-91.1399154663086,31.713424682617188,31.05022831050228
47.471,0,-1.0370075702667236,3.0222835540771484,65.91512298583984,-58.93659210205078,-91.11051940917969,31.9393310546875,-1.0370075702667236,3.0222835540771484,65.91512298583984,-58.93659210205078,-91.11051940917969,31.9393310546875,31.180691454664057
47.501,0,-0.888077974319458,3.459627151489258,65.71505737304688,-59.301753997802734,-91.11741638183594,32.22492218017578,-0.888077974319458,3.459627151489258,65.71505737304688,-59.301753997802734,-91.11741638183594,32.22492218017578,31.376386170906716
47.537,0,-0.16087031364440918,3.062009811401367,65.96064758300781,-59.11036682128906,-91.03937530517578,32.16746139526367,-0.16087031364440918,3.062009811401367,65.96064758300781,-59.11036682128906,-91.03937530517578,32.16746139526367,31.441617742987603
47.567,0,0.509131908416748,2.9663944244384766,65.8875503540039,-59.013397216796875,-91.00102233886719,32.19393539428711,0.509131908416748,2.9663944244384766,65.8875503540039,-59.013397216796875,-91.00102233886719,32.19393539428711,31.57208088714938
47.603,0,0.8810285329818726,3.756063461303711,65.57052612304688,-59.733787536621094,-90.97932434082031,32.4354362487793,0.8810285329818728,3.756063461303711,65.57052612304688,-59.733787536621094,-90.97932434082031,32.4354362487793,31.83300717547293
47.636,0,0.7677366733551025,4.337091445922852,65.53448486328125,-60.40050506591797,-90.93756103515625,32.870582580566406,0.7677366733551024,4.337091445922852,65.53448486328125,-60.40050506591797,-90.93756103515625,32.870582580566406,31.83300717547293
47.670,0,0.9919090270996094,4.113508224487305,65.7989273071289,-60.361846923828125,-90.80448913574219,33.069942474365234,0.9919090270996094,4.113508224487305,65.7989273071289,-60.361846923828125,-90.80448913574219,33.069942474365234,31.83300717547293
47.704,0,1.6545101404190063,4.351537704467773,65.55854034423828,-60.448638916015625,-90.75070190429688,33.145530700683594,1.6545101404190063,4.351537704467773,65.55854034423828,-60.448638916015625,-90.75070190429688,33.145530700683594,32.093933463796475
47.736,0,1.642701268196106,5.74376106262207,64.96126556396484,-61.50160598754883,-90.76757049560547,33.451148986816406,1.642701268196106,5.74376106262207,64.96126556396484,-61.50160598754883,-90.76757049560547,33.451148986816406,32.42009132420091
47.769,0,1.6265634298324585,5.862009048461914,65.16100311279297,-61.82679748535156,-90.71150207519531,33.6579704284668,1.6265634298324585,5.862009048461914,65.16100311279297,-61.82679748535156,-90.71150207519531,33.6579704284668,32.68101761252446
47.805,0,1.7358952760696411,5.643930435180664,65.38876342773438,-61.75246047973633,-90.64167785644531,33.7004508972168,1.7358952760696411,5.643930435180664,65.38876342773438,-61.75246047973633,-90.64167785644531,33.7004508972168,32.81148075668624
47.837,0,2.3260154724121094,7.328313827514648,64.66712951660156,-63.13258361816406,-90.51052856445312,34.25082778930664,2.3260154724121094,7.328313827514648,64.66712951660156,-63.13258361816406,-90.51052856445312,34.25082778930664,33.07240704500978
47.870,0,2.746973991394043,7.598321914672852,64.56056213378906,-63.42240905761719,-90.42208862304688,34.44293212890625,2.746973991394043,7.598321914672852,64.56056213378906,-63.42240905761719,-90.42208862304688,34.44293212890625,33.268101761252446
47.904,0,2.772465229034424,7.997102737426758,64.64228820800781,-63.99232482910156,-90.3619155883789,34.78063201904297,2.772465229034424,7.997102737426758,64.64228820800781,-63.99232482910156,-90.3619155883789,34.78063201904297,33.46379647749511
47.938,0,2.938938617706299,7.83167839050293,64.86366271972656,-64.01300811767578,-90.27249908447266,34.89604187011719,2.938938617706299,7.83167839050293,64.86366271972656,-64.01300811767578,-90.27249908447266,34.89604187011719,33.85518590998043
47.970,0,3.4333839416503906,8.324033737182617,64.57679748535156,-64.44325256347656,-90.24873352050781,35.035362243652344,3.4333839416503906,8.324033737182617,64.57679748535156,-64.44325256347656,-90.24873352050781,35.035362243652344,34.11611219830398
48.007,0,3.893077850341797,8.485311508178711,64.5835189819336,-64.688720703125,-90.23339080810547,35.242706298828125,3.893077850341797,8.485311508178711,64.5835189819336,-64.688720703125,-90.23339080810547,35.242706298828125,34.37703848662753
48.037,0,3.6968607902526855,8.489870071411133,64.65934753417969,-64.81916809082031,-90.25817108154297,35.465675354003906,3.6968607902526855,8.489870071411133,64.65934753417969,-64.81916809082031,-90.25817108154297,35.465675354003906,34.57273320287019
48.073,0,3.9163551330566406,8.207014083862305,64.99177551269531,-64.7744140625,-90.22639465332031,35.47041320800781,3.9163551330566406,8.207014083862305,64.99177551269531,-64.7744140625,-90.22639465332031,35.47041320800781,34.70319634703196
48.105,0,3.8890280723571777,8.051542282104492,65.26449584960938,-64.89728546142578,-90.212890625,35.481658935546875,3.8890280723571777,8.051542282104492,65.26449584960938,-64.89728546142578,-90.212890625,35.481658935546875,34.898891063274625
48.142,0,3.761446475982666,7.588869094848633,65.5235824584961,-64.63621520996094,-90.242431640625,35.298980712890625,3.761446475982666,7.588869094848633,65.5235824584961,-64.63621520996094,-90.242431640625,35.298980712890625,35.09458577951728
48.169,0,3.8752622604370117,7.328409194946289,65.78158569335938,-64.61143493652344,-90.2567138671875,35.52758026123047,3.8752622604370117,7.328409194946289,65.78158569335938,-64.61143493652344,-90.2567138671875,35.52758026123047,35.15981735159817
48.205,0,4.096970081329346,6.977323532104492,66.11820983886719,-64.4730224609375,-90.23806762695312,35.52067565917969,4.096970081329346,6.977323532104492,66.11820983886719,-64.4730224609375,-90.23806762695312,35.52067565917969,35.15981735159817
48.238,0,4.176854133605957,8.450498580932617,65.62506103515625,-65.68910217285156,-90.18716430664062,36.158206939697266,4.176854133605957,8.450498580932617,65.62506103515625,-65.68910217285156,-90.18716430664062,36.158206939697266,35.15981735159817
48.273,0,4.059443950653076,7.953733444213867,65.80728149414062,-65.28224182128906,-90.19942474365234,35.94765090942383,4.059443950653076,7.953733444213867,65.80728149414062,-65.28224182128906,-90.19942474365234,35.94765090942383,35.15981735159817
48.306,0,4.0745930671691895,7.85954475402832,65.89421844482422,-65.26676940917969,-90.20465850830078,36.28230667114258,4.0745930671691895,7.85954475402832,65.89421844482422,-65.26676940917969,-90.20465850830078,36.28230667114258,35.290280495759944
48.341,0,4.477250099182129,7.505403518676758,66.17494201660156,-65.11296081542969,-90.1605224609375,36.33885192871094,4.477250099182129,7.505403518676758,66.17494201660156,-65.11296081542969,-90.1605224609375,36.33885192871094,35.5512067840835
48.373,0,4.506165027618408,8.256559371948242,65.91612243652344,-65.75405883789062,-90.1441421508789,36.78913497924805,4.506165027618408,8.256559371948242,65.91612243652344,-65.75405883789062,-90.1441421508789,36.78913497924805,35.68166992824527
48.406,0,4.532499313354492,7.854028701782227,65.97675323486328,-65.37014770507812,-90.1304931640625,36.67379379272461,4.532499313354492,7.854028701782227,65.97675323486328,-65.37014770507812,-90.1304931640625,36.67379379272461,35.942596216568816
48.442,0,4.510752201080322,8.277421951293945,65.82315063476562,-65.71681213378906,-90.13885498046875,37.21986389160156,4.510752201080322,8.277421951293945,65.82315063476562,-65.71681213378906,-90.13885498046875,37.21986389160156,36.13829093281148
48.473,0,4.550748348236084,7.896501541137695,66.2364730834961,-65.61567687988281,-90.10881805419922,37.25013732910156,4.550748348236084,7.896501541137695,66.2364730834961,-65.61567687988281,-90.10881805419922,37.25013732910156,36.33398564905414
48.505,0,5.241772651672363,8.499261856079102,65.85968017578125,-66.00595092773438,-90.0426254272461,37.66320037841797,5.241772651672363,8.499261856079102,65.85968017578125,-66.00595092773438,-90.0426254272461,37.66320037841797,36.464448793215915
48.541,0,4.976012706756592,8.194208145141602,66.02383422851562,-65.78934478759766,-90.06946563720703,37.500877380371094,4.976012706756592,8.194208145141602,66.02383422851562,-65.78934478759766,-90.06946563720703,37.500877380371094,36.79060665362035
48.572,0,5.578029632568359,10.097902297973633,65.2872085571289,-67.36341094970703,-89.95887756347656,38.37370300292969,5.578029632568359,10.097902297973633,65.2872085571289,-67.36341094970703,-89.95887756347656,38.37370300292969,36.986301369863014
48.606,0,6.391799449920654,9.853193283081055,65.3963394165039,-67.18234252929688,-89.88704681396484,38.38283157348633,6.391799449920654,9.853193283081055,65.3963394165039,-67.18234252929688,-89.88704681396484,38.38283157348633,37.18199608610567
48.638,0,6.931876182556152,10.186914443969727,65.27934265136719,-67.54243469238281,-89.85746765136719,38.676204681396484,6.931876182556152,10.186914443969727,65.27934265136719,-67.54243469238281,-89.85746765136719,38.676204681396484,37.31245923026745
48.672,0,7.645700454711914,9.971261978149414,65.24139404296875,-67.32782745361328,-89.8085708618164,38.64533615112305,7.645700454711914,9.971261978149414,65.24139404296875,-67.32782745361328,-89.8085708618164,38.64533615112305,37.76908023483366
48.708,0,7.984439849853516,10.435949325561523,65.08702087402344,-67.82160949707031,-89.71587371826172,39.154380798339844,7.984439849853516,10.435949325561523,65.08702087402344,-67.82160949707031,-89.71587371826172,39.154380798339844,38.030006523157205
48.739,0,8.471668243408203,10.611917495727539,65.10942077636719,-68.13690185546875,-89.60589599609375,39.514686584472656,8.471668243408203,10.611917495727539,65.10942077636719,-68.13690185546875,-89.60589599609375,39.514686584472656,38.22570123939987
48.774,0,9.101994514465332,11.138700485229492,64.87346649169922,-68.62076568603516,-89.56553649902344,39.859596252441406,9.101994514465332,11.138700485229492,64.87346649169922,-68.62076568603516,-89.56553649902344,39.859596252441406,38.42139595564253
48.807,0,8.906987190246582,10.76722526550293,65.08124542236328,-68.420654296875,-89.61216735839844,39.7320556640625,8.906987190246582,10.76722526550293,65.08124542236328,-68.420654296875,-89.61216735839844,39.7320556640625,38.81278538812785
48.839,0,9.16089916229248,11.247407913208008,64.9269027709961,-68.79927825927734,-89.53680419921875,40.27338409423828,9.16089916229248,11.247407913208008,64.9269027709961,-68.79927825927734,-89.53680419921875,40.27338409423828,39.138943248532286
48.875,0,9.337172508239746,10.917352676391602,65.11714935302734,-68.60420227050781,-89.46085357666016,40.25293731689453,9.337172508239746,10.917352676391602,65.11714935302734,-68.60420227050781,-89.46085357666016,40.25293731689453,39.33463796477495
48.906,0,10.063987731933594,11.311491012573242,64.91046905517578,-68.88215637207031,-89.40483856201172,40.54511260986328,10.063987731933594,11.311491012573242,64.91046905517578,-68.88215637207031,-89.40483856201172,40.54511260986328,39.39986953685584
48.942,0,9.854185104370117,11.073213577270508,65.02818298339844,-68.72207641601562,-89.44619750976562,40.46446990966797,9.854185104370117,11.073213577270508,65.02818298339844,-68.72207641601562,-89.44619750976562,40.46446990966797,39.726027397260275
48.973,0,10.130264282226562,11.68977165222168,64.78466033935547,-69.13713073730469,-89.34561157226562,41.03315353393555,10.130264282226562,11.68977165222168,64.78466033935547,-69.13713073730469,-89.34561157226562,41.03315353393555,39.98695368558382
49.008,0,10.401060104370117,11.303640365600586,64.90303802490234,-68.81675720214844,-89.27192687988281,41.04734802246094,10.401060104370117,11.303640365600586,64.90303802490234,-68.81675720214844,-89.27192687988281,41.04734802246094,40.05218525766471
49.043,0,10.427705764770508,11.836729049682617,64.74290466308594,-69.32862854003906,-89.26295471191406,41.352108001708984,10.427705764770508,11.836729049682617,64.74290466308594,-69.32862854003906,-89.26295471191406,41.352108001708984,40.182648401826484
49.075,0,10.109835624694824,11.568506240844727,64.88642120361328,-69.13089752197266,-89.33124542236328,41.22637176513672,10.109835624694824,11.568506240844727,64.88642120361328,-69.13089752197266,-89.33124542236328,41.22637176513672,40.5740378343118
49.109,0,10.615506172180176,11.926111221313477,64.71917724609375,-69.33984375,-89.22847747802734,41.62794494628906,10.615506172180176,11.926111221313477,64.71917724609375,-69.33984375,-89.22847747802734,41.62794494628906,40.704500978473575
49.144,0,10.906022071838379,11.591089248657227,64.808837890625,-69.0286865234375,-89.15673828125,41.61748504638672,10.906022071838379,11.591089248657227,64.808837890625,-69.0286865234375,-89.15673828125,41.61748504638672,40.834964122635355
49.174,0,10.93552017211914,12.08934211730957,64.62867736816406,-69.44635772705078,-89.12958526611328,41.874610900878906,10.93552017211914,12.08934211730957,64.62867736816406,-69.44635772705078,-89.12958526611328,41.874610900878906,40.96542726679713
49.212,0,10.663002967834473,11.805410385131836,64.80794525146484,-69.2555160522461,-89.18203735351562,41.78144073486328,10.663002967834473,11.805410385131836,64.80794525146484,-69.2555160522461,-89.18203735351562,41.78144073486328,41.16112198303979
49.242,0,11.427519798278809,12.14616584777832,64.6310043334961,-69.38549041748047,-89.07779693603516,42.141841888427734,11.427519798278809,12.14616584777832,64.6310043334961,-69.38549041748047,-89.07779693603516,42.141841888427734,41.291585127201564
49.275,0,11.458041191101074,11.830381393432617,64.8112564086914,-69.12101745605469,-89.03540802001953,42.14127731323242,11.458041191101074,11.830381393432617,64.8112564086914,-69.12101745605469,-89.03540802001953,42.14127731323242,41.48727984344423
49.312,0,11.539642333984375,12.313467025756836,64.70375061035156,-69.55888366699219,-89.00416564941406,42.40336608886719,11.539642333984375,12.313467025756836,64.70375061035156,-69.55888366699219,-89.00416564941406,42.40336608886719,41.48727984344423
49.342,0,11.309349060058594,11.963907241821289,64.88607025146484,-69.2590560913086,-89.04833221435547,42.18817901611328,11.309349060058594,11.963907241821289,64.88607025146484,-69.2590560913086,-89.04833221435547,42.18817901611328,41.74820613176777
49.378,0,11.588125228881836,12.256002426147461,64.85069274902344,-69.50486755371094,-89.03836059570312,42.476261138916016,11.588125228881836,12.256002426147461,64.85069274902344,-69.50486755371094,-89.03836059570312,42.476261138916016,41.878669275929546
49.408,0,11.6881742477417,11.970075607299805,65.01118469238281,-69.27984619140625,-88.9940185546875,42.445682525634766,11.6881742477417,11.970075607299805,65.01118469238281,-69.27984619140625,-88.9940185546875,42.445682525634766,41.943900848010436
49.446,0,11.666518211364746,12.017698287963867,65.09255981445312,-69.40558624267578,-89.01876831054688,42.448551177978516,11.666518211364746,12.017698287963867,65.09255981445312,-69.40558624267578,-89.01876831054688,42.448551177978516,42.00913242009132
49.475,0,11.415634155273438,11.683801651000977,65.32100677490234,-69.17453002929688,-89.07969665527344,42.16832733154297,11.415634155273438,11.683801651000977,65.32100677490234,-69.17453002929688,-89.07969665527344,42.16832733154297,42.1395955642531
49.511,0,11.412398338317871,11.796335220336914,65.28652954101562,-69.2000961303711,-89.1085205078125,42.400882720947266,11.412398338317871,11.796335220336914,65.28652954101562,-69.2000961303711,-89.1085205078125,42.400882720947266,42.20482713633398
49.545,0,11.07639217376709,11.606782913208008,65.367431640625,-68.99783325195312,-89.10001373291016,42.223358154296875,11.07639217376709,11.606782913208008,65.367431640625,-68.99783325195312,-89.10001373291016,42.223358154296875,42.20482713633398
49.577,0,11.023157119750977,11.657052993774414,65.48196411132812,-69.14512634277344,-89.13201904296875,42.186981201171875,11.023157119750977,11.657052993774414,65.48196411132812,-69.14512634277344,-89.13201904296875,42.186981201171875,42.20482713633398
49.609,0,10.78282356262207,11.238580703735352,65.78102111816406,-68.88721466064453,-89.1850357055664,41.8765754699707,10.78282356262207,11.238580703735352,65.78102111816406,-68.88721466064453,-89.1850357055664,41.8765754699707,42.20482713633398
49.644,0,10.78040885925293,11.415571212768555,65.75242614746094,-68.98648071289062,-89.21658325195312,42.1126708984375,10.78040885925293,11.415571212768555,65.75242614746094,-68.98648071289062,-89.21658325195312,42.1126708984375,42.20482713633398
49.679,0,10.517291069030762,11.145967483520508,65.89157104492188,-68.784423828125,-89.21693420410156,41.92095184326172,10.517291069030762,11.145967483520508,65.89157104492188,-68.784423828125,-89.21693420410156,41.92095184326172,42.20482713633398
49.711,0,10.3040132522583,11.139436721801758,66.04087829589844,-68.89683532714844,-89.29693603515625,41.811546325683594,10.3040132522583,11.139436721801758,66.04087829589844,-68.89683532714844,-89.29693603515625,41.811546325683594,42.20482713633398
49.747,0,10.063261032104492,10.642332077026367,66.30036163330078,-68.50249481201172,-89.35130310058594,41.458412170410156,10.063261032104492,10.642332077026367,66.30036163330078,-68.50249481201172,-89.35130310058594,41.458412170410156,42.20482713633398
49.777,0,10.046957969665527,10.786588668823242,66.29610443115234,-68.60107421875,-89.38630676269531,41.73950958251953,10.046957969665527,10.786588668823242,66.29610443115234,-68.60107421875,-89.38630676269531,41.73950958251953,42.20482713633398
49.813,0,9.689743995666504,10.589075088500977,66.36245727539062,-68.37681579589844,-89.3818588256836,41.61610412597656,9.689743995666504,10.589075088500977,66.36245727539062,-68.37681579589844,-89.3818588256836,41.61610412597656,42.07436399217221
49.845,0,9.479931831359863,10.332551956176758,66.665283203125,-68.34716033935547,-89.45494079589844,41.428565979003906,9.479931831359863,10.332551956176758,66.665283203125,-68.34716033935547,-89.45494079589844,41.428565979003906,41.943900848010436
49.878,0,9.654688835144043,9.893587112426758,66.88495635986328,-68.00093078613281,-89.46216583251953,41.19786834716797,9.654688835144043,9.893587112426758,66.88495635986328,-68.00093078613281,-89.46216583251953,41.19786834716797,41.81343770384866
49.913,0,9.596214294433594,10.073904037475586,66.83051300048828,-68.10709381103516,-89.49409484863281,41.54248046875,9.596214294433594,10.073904037475586,66.83051300048828,-68.10709381103516,-89.49409484863281,41.54248046875,41.74820613176777
49.946,0,9.220102310180664,9.968194961547852,66.90776824951172,-67.98347473144531,-89.49617767333984,41.43168640136719,9.220102310180664,9.968194961547852,66.90776824951172,-67.98347473144531,-89.49617767333984,41.43168640136719,41.68297455968688
49.981,0,9.493013381958008,9.839776992797852,66.84557342529297,-67.73408508300781,-89.5216064453125,41.25010681152344,9.493013381958008,9.839776992797852,66.84557342529297,-67.73408508300781,-89.5216064453125,41.25010681152344,41.617742987606
50.013,0,9.834678649902344,9.48857307434082,66.96356964111328,-67.42404174804688,-89.54598999023438,41.02307891845703,9.834678649902344,9.48857307434082,66.96356964111328,-67.42404174804688,-89.54598999023438,41.02307891845703,41.617742987606
50.048,0,9.734342575073242,9.830224990844727,66.8768081665039,-67.71183776855469,-89.56687927246094,41.38604736328125,9.734342575073242,9.830224990844727,66.8768081665039,-67.71183776855469,-89.56687927246094,41.38604736328125,41.617742987606
50.077,0,9.388660430908203,9.792722702026367,66.91706085205078,-67.63766479492188,-89.55810546875,41.298133850097656,9.388660430908203,9.792722702026367,66.91706085205078,-67.63766479492188,-89.55810546875,41.298133850097656,41.617742987606
50.112,0,9.674267768859863,9.73234748840332,66.7906265258789,-67.41412353515625,-89.58812713623047,41.201358795166016,9.674267768859863,9.73234748840332,66.7906265258789,-67.41412353515625,-89.58812713623047,41.201358795166016,41.48727984344423
50.146,0,9.632662773132324,9.869089126586914,66.68772888183594,-67.42036437988281,-89.58202362060547,41.18539810180664,9.632662773132324,9.869089126586914,66.68772888183594,-67.42036437988281,-89.58202362060547,41.18539810180664,41.48727984344423
50.182,0,9.881134033203125,11.359651565551758,66.1678466796875,-68.5994873046875,-89.5511474609375,41.82991027832031,9.881134033203125,11.359651565551758,66.1678466796875,-68.5994873046875,-89.5511474609375,41.82991027832031,41.48727984344423
50.213,0,10.159990310668945,11.366495132446289,66.02698516845703,-68.42961120605469,-89.46151733398438,41.7960205078125,10.159990310668945,11.366495132446289,66.02698516845703,-68.42961120605469,-89.46151733398438,41.7960205078125,41.48727984344423
50.247,0,10.11913776397705,11.854707717895508,65.87490844726562,-68.83299255371094,-89.51396942138672,41.93413543701172,10.11913776397705,11.854707717895508,65.87490844726562,-68.83299255371094,-89.51396942138672,41.93413543701172,41.48727984344423
50.282,0,10.225789070129395,11.469377517700195,65.96023559570312,-68.43167114257812,-89.50822448730469,41.7806396484375,10.225789070129395,11.469377517700195,65.96023559570312,-68.43167114257812,-89.50822448730469,41.7806396484375,41.48727984344423
50.314,0,11.184727668762207,12.401601791381836,65.42943572998047,-69.08462524414062,-89.42312622070312,42.26112365722656,11.184727668762207,12.401601791381836,65.42943572998047,-69.08462524414062,-89.42312622070312,42.26112365722656,41.48727984344423
50.349,0,10.813931465148926,12.232309341430664,65.53645324707031,-68.95809936523438,-89.44731140136719,42.037960052490234,10.813931465148926,12.232309341430664,65.53645324707031,-68.95809936523438,-89.44731140136719,42.037960052490234,41.48727984344423
50.381,0,10.808674812316895,12.78068733215332,65.34660339355469,-69.39453887939453,-89.48995208740234,42.26934814453125,10.808674812316895,12.78068733215332,65.34660339355469,-69.39453887939453,-89.48995208740234,42.26934814453125,41.55251141552511
50.414,0,10.796564102172852,12.437616348266602,65.45346069335938,-69.02438354492188,-89.50659942626953,42.133663177490234,10.796564102172852,12.437616348266602,65.45346069335938,-69.02438354492188,-89.50659942626953,42.133663177490234,41.74820613176777
50.451,0,11.768360137939453,13.294942855834961,64.94596099853516,-69.61896514892578,-89.41998291015625,42.642127990722656,11.768360137939453,13.294942855834961,64.94596099853516,-69.61896514892578,-89.41998291015625,42.642127990722656,41.74820613176777
50.479,0,12.284621238708496,13.630407333374023,64.75724029541016,-69.84860229492188,-89.326416015625,42.675559997558594,12.284621238708496,13.630407333374023,64.75724029541016,-69.84860229492188,-89.326416015625,42.675559997558594,41.878669275929546
50.516,0,12.353487014770508,14.357542037963867,64.43231964111328,-70.41485595703125,-89.35772705078125,42.997886657714844,12.353487014770508,14.357542037963867,64.43231964111328,-70.41485595703125,-89.35772705078125,42.997886657714844,41.878669275929546
50.549,0,12.567934036254883,14.864442825317383,64.1279525756836,-70.72138977050781,-89.27434539794922,43.19251251220703,12.567934036254883,14.864442825317383,64.1279525756836,-70.72138977050781,-89.27434539794922,43.19251251220703,42.1395955642531
50.581,0,12.911810874938965,14.319696426391602,64.14849090576172,-70.10183715820312,-89.22467041015625,43.02210235595703,12.911810874938965,14.319696426391602,64.14849090576172,-70.10183715820312,-89.22467041015625,43.02210235595703,42.400521852576645
50.615,0,12.663044929504395,14.496767044067383,64.1510238647461,-70.25079345703125,-89.19540405273438,43.021278381347656,12.663044929504395,14.496767044067383,64.1510238647461,-70.25079345703125,-89.19540405273438,43.021278381347656,42.59621656881931
50.649,0,12.643796920776367,14.371053695678711,64.23686981201172,-70.2236328125,-89.24140167236328,42.91730880737305,12.643796920776367,14.371053695678711,64.23686981201172,-70.2236328125,-89.24140167236328,42.91730880737305,42.72667971298108
50.681,0,12.879232406616211,14.748247146606445,64.02935028076172,-70.47904968261719,-89.16485595703125,43.078887939453125,12.879232406616211,14.748247146606445,64.02935028076172,-70.47904968261719,-89.16485595703125,43.078887939453125,42.72667971298108
50.715,0,13.174989700317383,14.280263900756836,64.041748046875,-69.91874694824219,-89.11686706542969,42.93479537963867,13.174989700317383,14.280263900756836,64.041748046875,-69.91874694824219,-89.11686706542969,42.93479537963867,42.72667971298108
50.748,0,13.017024040222168,14.336931228637695,64.0430908203125,-69.94631958007812,-89.0580825805664,42.92414093017578,13.017024040222168,14.336931228637695,64.0430908203125,-69.94631958007812,-89.0580825805664,42.92414093017578,42.72667971298108
50.785,0,13.110411643981934,14.604211807250977,63.9473991394043,-70.14274597167969,-89.05901336669922,43.077964782714844,13.110411643981934,14.604211807250977,63.9473991394043,-70.14274597167969,-89.05901336669922,43.077964782714844,42.72667971298108
50.815,0,13.412673950195312,14.677457809448242,63.904544830322266,-70.22425079345703,-89.04396057128906,43.10344696044922,13.412673950195312,14.677457809448242,63.904544830322266,-70.22425079345703,-89.04396057128906,43.10344696044922,42.72667971298108
50.851,0,13.623608589172363,14.471982955932617,63.804176330566406,-69.87266540527344,-88.98058319091797,43.14265441894531,13.623608589172363,14.471982955932617,63.804176330566406,-69.87266540527344,-88.98058319091797,43.14265441894531,42.72667971298108
50.882,0,13.330845832824707,14.624021530151367,63.73855972290039,-69.89779663085938,-88.92990112304688,43.20020294189453,13.330845832824707,14.624021530151367,63.73855972290039,-69.89779663085938,-88.92990112304688,43.20020294189453,42.72667971298108
50.918,0,13.404289245605469,14.943971633911133,63.60993957519531,-70.12998962402344,-88.93617248535156,43.40088653564453,13.404289245605469,14.943971633911133,63.60993957519531,-70.12998962402344,-88.93617248535156,43.40088653564453,42.72667971298108
50.949,0,13.587006568908691,14.834081649780273,63.56990432739258,-69.94563293457031,-88.9245376586914,43.44493103027344,13.587006568908691,14.834081649780273,63.56990432739258,-69.94563293457031,-88.9245376586914,43.44493103027344,42.72667971298108
50.985,0,13.397647857666016,15.093023300170898,63.342247009277344,-70.00849914550781,-88.89500427246094,43.626312255859375,13.397647857666016,15.093023300170898,63.342247009277344,-70.00849914550781,-88.89500427246094,43.626312255859375,42.857142857142854
51.017,0,13.055431365966797,14.960817337036133,63.41793441772461,-69.89869689941406,-88.87687683105469,43.60868453979492,13.055431365966797,14.960817337036133,63.41793441772461,-69.89869689941406,-88.87687683105469,43.60868453979492,43.05283757338552
51.050,0,13.092004776000977,14.882452011108398,63.28923034667969,-69.6912841796875,-88.9264907836914,43.552494049072266,13.092004776000977,14.882452011108398,63.28923034667969,-69.6912841796875,-88.9264907836914,43.552494049072266,43.1180691454664
51.096,0,13.302876472473145,14.517892837524414,63.304298400878906,-69.30048370361328,-88.90503692626953,43.481014251708984,13.302876472473145,14.517892837524414,63.304298400878906,-69.30048370361328,-88.90503692626953,43.481014251708984,43.18330071754729
51.120,0,13.72239875793457,14.024293899536133,63.270870208740234,-68.67759704589844,-88.81880950927734,43.44736862182617,13.72239875793457,14.024293899536133,63.270870208740234,-68.67759704589844,-88.81880950927734,43.44736862182617,43.24853228962818
51.153,0,14.28477954864502,14.123254776000977,63.108272552490234,-68.66876220703125,-88.72213745117188,43.48775863647461,14.28477954864502,14.123254776000977,63.108272552490234,-68.66876220703125,-88.72213745117188,43.48775863647461,43.31376386170906
51.189,0,14.364462852478027,13.94572639465332,63.07179260253906,-68.42677307128906,-88.77690124511719,43.3749885559082,14.364462852478027,13.94572639465332,63.07179260253906,-68.42677307128906,-88.77690124511719,43.3749885559082,43.31376386170906
51.221,0,14.392839431762695,13.802709579467773,63.047603607177734,-68.24191284179688,-88.73812866210938,43.33503723144531,14.392839431762695,13.802709579467773,63.047603607177734,-68.24191284179688,-88.73812866210938,43.33503723144531,43.31376386170906
51.255,0,14.171113967895508,13.428365707397461,63.077613830566406,-67.82284545898438,-88.74459075927734,43.32359313964844,14.171113967895508,13.428365707397461,63.077613830566406,-67.82284545898438,-88.74459075927734,43.32359313964844,43.31376386170906
51.290,0,14.386009216308594,13.402803421020508,62.99943161010742,-67.69465637207031,-88.62433624267578,43.331825256347656,14.386009216308594,13.402803421020508,62.99943161010742,-67.69465637207031,-88.62433624267578,43.331825256347656,43.31376386170906
51.320,0,14.524277687072754,13.294023513793945,63.037174224853516,-67.6190414428711,-88.65791320800781,43.259605407714844,14.524277687072754,13.294023513793945,63.037174224853516,-67.6190414428711,-88.65791320800781,43.259605407714844,43.31376386170906
51.356,0,14.5866060256958,13.093591690063477,63.042884826660156,-67.40675354003906,-88.60171508789062,43.21764373779297,14.5866060256958,13.093591690063477,63.042884826660156,-67.40675354003906,-88.60171508789062,43.21764373779297,43.31376386170906
51.390,0,14.478157043457031,12.950349807739258,62.99303436279297,-67.13770294189453,-88.55037689208984,43.28318405151367,14.478157043457031,12.950349807739258,62.99303436279297,-67.13770294189453,-88.55037689208984,43.28318405151367,43.31376386170906
51.424,0,14.707512855529785,12.888269424438477,62.92162322998047,-66.99627685546875,-88.43347930908203,43.277618408203125,14.707512855529785,12.888269424438477,62.92162322998047,-66.99627685546875,-88.43347930908203,43.277618408203125,43.31376386170906
51.457,0,14.779706001281738,12.639398574829102,63.008460998535156,-66.75834655761719,-88.48674011230469,43.144554138183594,14.779706001281738,12.639398574829102,63.008460998535156,-66.75834655761719,-88.48674011230469,43.144554138183594,43.31376386170906
51.492,0,14.564363479614258,12.156538009643555,63.18620300292969,-66.32494354248047,-88.52883911132812,42.871498107910156,14.564363479614258,12.156538009643555,63.18620300292969,-66.32494354248047,-88.52883911132812,42.871498107910156,43.31376386170906
51.523,0,14.376943588256836,11.72816276550293,63.249149322509766,-65.82410430908203,-88.50263214111328,42.81703186035156,14.376943588256836,11.72816276550293,63.249149322509766,-65.82410430908203,-88.50263214111328,42.81703186035156,43.31376386170906
51.559,0,14.522760391235352,11.42689323425293,63.30287170410156,-65.47663879394531,-88.40446472167969,42.795616149902344,14.522760391235352,11.42689323425293,63.30287170410156,-65.47663879394531,-88.40446472167969,42.795616149902344,43.24853228962818
51.589,0,14.59400749206543,11.211263656616211,63.32194519042969,-65.227783203125,-88.447265625,42.59884262084961,14.59400749206543,11.211263656616211,63.32194519042969,-65.227783203125,-88.447265625,42.59884262084961,43.24853228962818
51.622,0,14.408549308776855,10.575777053833008,63.61118698120117,-64.74301147460938,-88.49739837646484,42.32647705078125,14.408549308776855,10.575777053833008,63.61118698120117,-64.74301147460938,-88.49739837646484,42.32647705078125,43.24853228962818
51.658,0,14.315361022949219,9.951501846313477,63.80543899536133,-64.17448425292969,-88.44908142089844,42.19855499267578,14.315361022949219,9.951501846313477,63.80543899536133,-64.17448425292969,-88.44908142089844,42.19855499267578,43.24853228962818
51.690,0,14.02280330657959,9.599752426147461,63.980140686035156,-63.88086700439453,-88.41065216064453,42.04279327392578,14.02280330657959,9.599752426147461,63.980140686035156,-63.88086700439453,-88.41065216064453,42.04279327392578,42.98760600130463
51.726,0,14.132137298583984,9.307058334350586,64.08538055419922,-63.61598587036133,-88.4480209350586,41.832759857177734,14.132137298583984,9.307058334350586,64.08538055419922,-63.61598587036133,-88.4480209350586,41.832759857177734,42.72667971298108
51.756,0,14.516454696655273,8.624582290649414,64.28593444824219,-63.004852294921875,-88.40023040771484,41.66094970703125,14.516454696655273,8.624582290649414,64.28593444824219,-63.004852294921875,-88.40023040771484,41.66094970703125,42.53098499673842
51.791,0,14.449678421020508,7.944883346557617,64.5541763305664,-62.437156677246094,-88.35279846191406,41.512481689453125,14.449678421020508,7.944883346557617,64.5541763305664,-62.437156677246094,-88.35279846191406,41.512481689453125,42.400521852576645
51.825,0,14.179609298706055,7.406694412231445,64.77117156982422,-61.98267364501953,-88.32451629638672,41.340335845947266,14.179609298706055,7.406694412231445,64.77117156982422,-61.98267364501953,-88.32451629638672,41.340335845947266,42.1395955642531
51.857,0,14.210548400878906,7.209009170532227,64.83753204345703,-61.81739807128906,-88.32299041748047,41.24143981933594,14.210548400878906,7.209009170532227,64.83753204345703,-61.81739807128906,-88.32299041748047,41.24143981933594,41.943900848010436
51.893,0,14.190631866455078,6.364286422729492,65.16178894042969,-61.06855392456055,-88.27777099609375,40.924720764160156,14.190631866455078,6.364286422729492,65.16178894042969,-61.06855392456055,-88.27777099609375,40.924720764160156,41.74820613176777
51.925,0,14.317691802978516,5.582437515258789,65.48410034179688,-60.41357421875,-88.23248291015625,40.774696350097656,14.317691802978516,5.582437515258789,65.48410034179688,-60.41357421875,-88.23248291015625,40.774696350097656,41.617742987606
51.960,0,14.018924713134766,4.826433181762695,65.83378601074219,-59.85951232910156,-88.2108154296875,40.420814514160156,14.018924713134766,4.826433181762695,65.83378601074219,-59.85951232910156,-88.2108154296875,40.420814514160156,41.48727984344423
51.991,0,14.045613288879395,4.384004592895508,66.09492492675781,-59.600341796875,-88.21611022949219,40.22307586669922,14.045613288879395,4.384004592895508,66.09492492675781,-59.600341796875,-88.21611022949219,40.22307586669922,41.226353555120674
52.025,0,13.96077823638916,3.4902095794677734,66.44386291503906,-58.82417297363281,-88.19480895996094,39.857177734375,13.96077823638916,3.4902095794677734,66.44386291503906,-58.82417297363281,-88.19480895996094,39.857177734375,40.96542726679713
52.065,0,14.763989448547363,2.6206607818603516,66.626220703125,-58.00370788574219,-88.11223602294922,39.74879455566406,14.763989448547363,2.6206607818603516,66.626220703125,-58.00370788574219,-88.11223602294922,39.74879455566406,40.704500978473575
52.089,0,15.10551643371582,1.7258071899414062,66.85968780517578,-57.203697204589844,-88.0381851196289,39.42723846435547,15.10551643371582,2.0769230769230766,66.85968780517578,-57.203697204589844,-88.0381851196289,39.42723846435547,40.44357469015003
52.126,0,15.114479064941406,1.4462394714355469,66.97671508789062,-57.025306701660156,-88.03865814208984,39.318870544433594,15.114479064941406,1.4462394714355469,66.97671508789062,-57.025306701660156,-88.03865814208984,39.318870544433594,40.24787997390737
52.163,0,14.909523010253906,0.6427745819091797,67.24801635742188,-56.239410400390625,-88.05250549316406,38.981788635253906,14.909523010253906,0.6427745819091797,67.24801635742188,-56.239410400390625,-88.05250549316406,38.981788635253906,39.92172211350293
52.193,0,15.290371894836426,-0.37546539306640625,67.50399017333984,-55.24077606201172,-88.01092529296875,38.82514953613281,15.290371894836426,-0.20879120879120894,67.50399017333984,-55.24077606201172,-88.01092529296875,38.82514953613281,39.726027397260275
52.228,0,14.956059455871582,-1.0222759246826172,67.71737670898438,-54.66488265991211,-87.97323608398438,38.639976501464844,14.956059455871582,-1.0222759246826176,67.71737670898438,-54.66488265991211,-87.97323608398438,38.639976501464844,39.53033268101761
52.260,0,15.474394798278809,-1.5608692169189453,67.896484375,-54.288917541503906,-87.91766357421875,38.42192077636719,15.474394798278809,-1.5608692169189453,67.896484375,-54.288917541503906,-87.91766357421875,38.42192077636719,39.26940639269406
52.295,0,16.357025146484375,-2.5447425842285156,68.03143310546875,-53.356719970703125,-87.85601043701172,38.08008575439453,16.357025146484375,-2.544742584228516,68.03143310546875,-53.356719970703125,-87.85601043701172,38.08008575439453,39.0737116764514
52.327,0,16.334115982055664,-3.580974578857422,68.41423034667969,-52.45219802856445,-87.8774185180664,37.89122772216797,16.334115982055664,-3.197802197802198,68.41423034667969,-52.45219802856445,-87.8774185180664,37.89122772216797,38.94324853228962
52.366,0,16.815860748291016,-4.353801727294922,68.56932067871094,-51.79446029663086,-87.8044204711914,37.77042770385742,16.815860748291016,-4.252747252747253,68.56932067871094,-51.79446029663086,-87.8044204711914,37.77042770385742,38.617090671885194
52.393,0,16.842876434326172,-5.160833358764648,68.83300018310547,-51.13292694091797,-87.8379135131836,37.52030944824219,16.842876434326172,-4.78021978021978,68.83300018310547,-51.13292694091797,-87.8379135131836,37.52030944824219,38.35616438356164
52.426,0,17.72393798828125,-6.373140335083008,69.11776733398438,-50.14347839355469,-87.77728271484375,37.143184661865234,17.72393798828125,-5.571428571428571,69.11776733398438,-50.14347839355469,-87.77728271484375,37.143184661865234,38.22570123939987
52.460,0,17.63734245300293,-7.409427642822266,69.42520141601562,-49.18592834472656,-87.78748321533203,36.99140167236328,17.63734245300293,-6.450549450549451,69.42520141601562,-49.18592834472656,-87.78748321533203,36.99140167236328,37.96477495107632
52.492,0,17.528759002685547,-8.284557342529297,69.68034362792969,-48.40441131591797,-87.76766967773438,36.8411750793457,17.528759002685547,-7.153846153846153,69.68034362792969,-48.40441131591797,-87.76766967773438,36.8411750793457,37.76908023483366
52.527,0,17.625253677368164,-9.059221267700195,70.133544921875,-47.986663818359375,-87.81888580322266,36.52798843383789,17.625253677368164,-8.12087912087912,70.133544921875,-47.986663818359375,-87.81888580322266,36.52798843383789,37.44292237442922
52.560,0,18.573835372924805,-10.364646911621094,70.4216079711914,-46.877586364746094,-87.76263427734375,36.17770004272461,18.573835372924805,-8.912087912087912,70.4216079711914,-46.877586364746094,-87.76263427734375,36.17770004272461,37.24722765818656
52.595,0,18.34996223449707,-10.83993148803711,70.4228744506836,-46.324249267578125,-87.80558776855469,36.10483169555664,18.34996223449707,-9.791208791208792,70.4228744506836,-46.324249267578125,-87.80558776855469,36.10483169555664,37.0515329419439
52.629,0,18.249794006347656,-11.834596633911133,70.69923400878906,-45.42196273803711,-87.77626037597656,35.912559509277344,18.249794006347656,-10.670329670329672,70.69923400878906,-45.42196273803711,-87.77626037597656,35.912559509277344,36.72537508153946
52.665,0,18.37303352355957,-12.469978332519531,71.03970336914062,-45.06935119628906,-87.81011962890625,35.588401794433594,18.37303352355957,-11.461538461538462,71.03970336914062,-45.06935119628906,-87.81011962890625,35.588401794433594,36.399217221135025
52.697,0,18.40142822265625,-13.610138893127441,71.3547134399414,-44.02328109741211,-87.83531188964844,35.32587432861328,18.40142822265625,-12.34065934065934,71.3547134399414,-44.02328109741211,-87.83531188964844,35.32587432861328,36.33398564905414
52.729,0,18.362215042114258,-12.45439338684082,70.92549896240234,-44.94831466674805,-87.84056091308594,35.65214157104492,18.362215042114258,-12.45439338684082,70.92549896240234,-44.94831466674805,-87.84056091308594,35.65214157104492,36.33398564905414
52.761,0,18.131202697753906,-13.608874320983887,71.3170394897461,-43.964881896972656,-87.83662414550781,35.39710235595703,18.131202697753906,-13.608874320983887,71.3170394897461,-43.964881896972656,-87.83662414550781,35.39710235595703,36.007827788649706
52.796,0,18.281206130981445,-14.438749313354492,71.7744369506836,-43.519020080566406,-87.87403869628906,34.95014572143555,18.281206130981445,-14.438749313354492,71.7744369506836,-43.519020080566406,-87.87403869628906,34.95014572143555,35.74690150032615
52.828,0,18.20387077331543,-15.600421905517578,72.28097534179688,-42.579795837402344,-87.91139221191406,34.590492248535156,18.20387077331543,-15.241758241758241,72.28097534179688,-42.579795837402344,-87.91139221191406,34.590492248535156,35.68166992824527
52.861,0,18.151453018188477,-14.823529243469238,72.01652526855469,-43.23090362548828,-87.92906951904297,34.799034118652344,18.151453018188477,-14.823529243469238,72.01652526855469,-43.23090362548828,-87.92906951904297,34.799034118652344,35.61643835616438
52.897,0,17.764963150024414,-14.340516090393066,71.73230743408203,-43.54899215698242,-87.89662170410156,34.89640808105469,17.764963150024414,-14.340516090393066,71.73230743408203,-43.54899215698242,-87.89662170410156,34.89640808105469,35.22504892367906
52.928,0,17.860092163085938,-14.961560249328613,72.13358306884766,-43.277549743652344,-87.90247344970703,34.60684585571289,17.860092163085938,-14.961560249328613,72.13358306884766,-43.277549743652344,-87.90247344970703,34.60684585571289,35.09458577951728
52.963,0,17.73399543762207,-16.097484588623047,72.58909606933594,-42.338287353515625,-87.94363403320312,34.26068878173828,17.73399543762207,-16.097484588623047,72.58909606933594,-42.338287353515625,-87.94363403320312,34.26068878173828,35.09458577951728
52.997,0,17.787090301513672,-15.234479904174805,72.2982177734375,-43.09946823120117,-87.94010162353516,34.62797164916992,17.787090301513672,-15.234479904174805,72.2982177734375,-43.09946823120117,-87.94010162353516,34.62797164916992,35.0293542074364
53.030,0,17.405073165893555,-14.35522174835205,71.83345031738281,-43.667728424072266,-87.87073516845703,34.842376708984375,17.405073165893555,-14.35522174835205,71.83345031738281,-43.667728424072266,-87.87073516845703,34.842376708984375,34.833659491193735
53.062,0,17.482398986816406,-15.056360244750977,72.2216796875,-43.30818176269531,-87.88720703125,34.522735595703125,17.482398986816406,-15.056360244750977,72.2216796875,-43.30818176269531,-87.88720703125,34.522735595703125,34.70319634703196
53.096,0,17.33429718017578,-16.328487396240234,72.7432632446289,-42.26757049560547,-87.9275131225586,34.18649673461914,17.33429718017578,-16.328487396240234,72.7432632446289,-42.26757049560547,-87.9275131225586,34.18649673461914,34.63796477495107
53.130,0,17.37114143371582,-15.045753479003906,72.27722930908203,-43.348968505859375,-87.91983795166016,34.722625732421875,17.37114143371582,-15.045753479003906,72.27722930908203,-43.348968505859375,-87.91983795166016,34.722625732421875,34.63796477495107
53.162,0,16.96802520751953,-14.214070320129395,71.88052368164062,-43.893836975097656,-87.86418914794922,34.997535705566406,16.96802520751953,-14.214070320129395,71.88052368164062,-43.893836975097656,-87.86418914794922,34.997535705566406,34.63796477495107
53.200,0,17.02846336364746,-14.787267684936523,72.1791000366211,-43.5617790222168,-87.88084411621094,34.68830108642578,17.02846336364746,-14.787267684936523,72.1791000366211,-43.5617790222168,-87.88084411621094,34.68830108642578,34.57273320287019
53.228,0,16.84537124633789,-15.928899765014648,72.6867446899414,-42.6533088684082,-87.92556762695312,34.368316650390625,16.84537124633789,-15.928899765014648,72.6867446899414,-42.6533088684082,-87.92556762695312,34.368316650390625,34.57273320287019
53.267,0,16.70915412902832,-15.145301818847656,72.50239562988281,-43.339088439941406,-87.92093658447266,34.59672546386719,16.70915412902832,-15.145301818847656,72.50239562988281,-43.339088439941406,-87.92093658447266,34.59672546386719,34.57273320287019
53.297,0,16.302879333496094,-14.764293670654297,72.2235336303711,-43.482826232910156,-87.8653793334961,34.702598571777344,16.302879333496094,-14.764293670654297,72.2235336303711,-43.482826232910156,-87.8653793334961,34.702598571777344,34.5075016307893
53.340,0,16.35857582092285,-15.531353950500488,72.6634521484375,-43.06340026855469,-87.88420867919922,34.37964630126953,16.35857582092285,-15.531353950500488,72.6634521484375,-43.06340026855469,-87.88420867919922,34.37964630126953,34.5075016307893
53.365,0,16.17095184326172,-16.68350601196289,73.16735076904297,-42.147804260253906,-87.92765808105469,34.03753662109375,16.17095184326172,-16.68350601196289,73.16735076904297,-42.147804260253906,-87.92765808105469,34.03753662109375,34.5075016307893
53.403,0,16.030832290649414,-15.94141960144043,72.97465515136719,-42.72954177856445,-87.89797973632812,34.20273208618164,16.030832290649414,-15.94141960144043,72.97465515136719,-42.72954177856445,-87.89797973632812,34.20273208618164,34.5075016307893
53.431,0,15.62205982208252,-15.441286087036133,72.6294937133789,-42.93513488769531,-87.84101867675781,34.34526824951172,15.62205982208252,-15.441286087036133,72.6294937133789,-42.93513488769531,-87.84101867675781,34.34526824951172,34.5075016307893
53.475,0,15.542716026306152,-15.48840618133545,72.4947280883789,-42.728729248046875,-87.85057067871094,34.42240905761719,15.542716026306152,-15.48840618133545,72.4947280883789,-42.728729248046875,-87.85057067871094,34.42240905761719,34.44227005870842
53.500,0,15.366015434265137,-16.668058395385742,73.03347778320312,-41.802974700927734,-87.90098571777344,34.07146072387695,15.366015434265137,-16.668058395385742,73.03347778320312,-41.802974700927734,-87.90098571777344,34.07146072387695,34.44227005870842
53.538,0,15.186448097229004,-15.876805305480957,72.88796997070312,-42.46992111206055,-87.87861633300781,34.25458526611328,15.186448097229004,-15.876805305480957,72.88796997070312,-42.46992111206055,-87.87861633300781,34.25458526611328,34.37703848662753
53.567,0,14.732035636901855,-15.297972679138184,72.52336883544922,-42.73963165283203,-87.8246841430664,34.40348815917969,14.732035636901855,-15.297972679138184,72.52336883544922,-42.73963165283203,-87.8246841430664,34.40348815917969,34.37703848662753
53.606,0,14.649996757507324,-14.980244636535645,72.24339294433594,-42.77725601196289,-87.81050872802734,34.6087532043457,14.649996757507324,-14.980244636535645,72.24339294433594,-42.77725601196289,-87.81050872802734,34.6087532043457,34.37703848662753
53.635,0,14.412708282470703,-16.153945922851562,72.73877716064453,-41.83149719238281,-87.85736083984375,34.25373077392578,14.412708282470703,-16.153945922851562,72.73877716064453,-41.83149719238281,-87.85736083984375,34.25373077392578,34.37703848662753
53.667,0,14.257397651672363,-14.929045677185059,72.37516784667969,-42.73167037963867,-87.81873321533203,34.57963562011719,14.257397651672363,-14.929045677185059,72.37516784667969,-42.73167037963867,-87.81873321533203,34.57963562011719,34.37703848662753
53.704,0,13.800437927246094,-14.376227378845215,71.99559020996094,-43.007877349853516,-87.75482177734375,34.70743179321289,13.800437927246094,-14.376227378845215,71.99559020996094,-43.007877349853516,-87.75482177734375,34.70743179321289,34.37703848662753
53.732,0,13.748736381530762,-14.219812393188477,71.85772705078125,-42.99178695678711,-87.71945190429688,34.89348602294922,13.748736381530762,-14.219812393188477,71.85772705078125,-42.99178695678711,-87.71945190429688,34.89348602294922,34.37703848662753
53.769,0,13.482198715209961,-15.406782150268555,72.26421356201172,-41.93907928466797,-87.74642944335938,34.54541778564453,13.482198715209961,-15.406782150268555,72.26421356201172,-41.93907928466797,-87.74642944335938,34.54541778564453,34.37703848662753
53.800,0,13.41578197479248,-14.463593482971191,71.99105834960938,-42.64573287963867,-87.7239990234375,34.9058837890625,13.41578197479248,-14.463593482971191,71.99105834960938,-42.64573287963867,-87.7239990234375,34.9058837890625,34.5075016307893
53.839,0,12.93850040435791,-13.883928298950195,71.60813903808594,-42.894775390625,-87.66199493408203,35.07876968383789,12.93850040435791,-13.883928298950195,71.60813903808594,-42.894775390625,-87.66199493408203,35.07876968383789,34.5075016307893
53.867,0,13.453701972961426,-14.723713874816895,71.96263122558594,-42.223602294921875,-87.58641815185547,35.05339050292969,13.453701972961426,-14.723713874816895,71.96263122558594,-42.223602294921875,-87.58641815185547,35.05339050292969,34.5075016307893
53.902,0,13.20362663269043,-15.902697563171387,72.34945678710938,-41.163230895996094,-87.6390151977539,34.459083557128906,13.20362663269043,-15.902697563171387,72.34945678710938,-41.163230895996094,-87.6390151977539,34.459083557128906,34.63796477495107
53.933,0,13.188332557678223,-14.86182975769043,72.07980346679688,-42.02275466918945,-87.58130645751953,34.7747802734375,13.188332557678223,-14.86182975769043,72.07980346679688,-42.02275466918945,-87.58130645751953,34.7747802734375,34.70319634703196
53.966,0,12.708343505859375,-14.483237266540527,71.78652954101562,-42.15745162963867,-87.48220825195312,34.872108459472656,12.708343505859375,-14.483237266540527,71.78652954101562,-42.15745162963867,-87.48220825195312,34.872108459472656,34.768427919112845
54.002,0,12.934598922729492,-14.746173858642578,71.7293701171875,-41.72241973876953,-87.42488098144531,35.0166015625,12.934598922729492,-14.746173858642578,71.7293701171875,-41.72241973876953,-87.42488098144531,35.0166015625,34.70319634703196
54.036,0,13.437652587890625,-16.027477264404297,71.98724365234375,-40.57910919189453,-87.4017562866211,34.54156494140625,13.437652587890625,-16.027477264404297,71.98724365234375,-40.57910919189453,-87.4017562866211,34.54156494140625,34.768427919112845
54.078,0,13.399340629577637,-14.991968154907227,71.80207824707031,-41.588714599609375,-87.38162231445312,34.98200225830078,13.399340629577637,-14.991968154907227,71.80207824707031,-41.588714599609375,-87.38162231445312,34.98200225830078,34.768427919112845
54.102,0,12.969704627990723,-14.849666595458984,71.67346954345703,-41.751373291015625,-87.30853271484375,34.99477767944336,12.969704627990723,-14.849666595458984,71.67346954345703,-41.751373291015625,-87.30853271484375,34.99477767944336,34.768427919112845
54.135,0,13.146256446838379,-15.385356903076172,71.88389587402344,-41.307796478271484,-87.28260040283203,35.087913513183594,13.146256446838379,-15.385356903076172,71.88389587402344,-41.307796478271484,-87.28260040283203,35.087913513183594,34.768427919112845
54.169,0,12.939224243164062,-16.658245086669922,72.36115264892578,-40.21336364746094,-87.3377685546875,34.4980583190918,12.939224243164062,-16.658245086669922,72.36115264892578,-40.21336364746094,-87.3377685546875,34.4980583190918,34.768427919112845
54.204,0,12.943201065063477,-15.1968412399292,71.85682678222656,-41.521366119384766,-87.3516616821289,35.07843780517578,12.943201065063477,-15.1968412399292,71.85682678222656,-41.521366119384766,-87.3516616821289,35.07843780517578,34.768427919112845
54.236,0,13.089081764221191,-16.06517219543457,72.07998657226562,-40.81221008300781,-87.3414077758789,35.08931350708008,13.089081764221191,-16.06517219543457,72.07998657226562,-40.81221008300781,-87.3414077758789,35.08931350708008,34.768427919112845
54.274,0,13.224075317382812,-16.562633514404297,72.13269805908203,-40.32197570800781,-87.34015655517578,35.31340026855469,13.224075317382812,-16.562633514404297,72.13269805908203,-40.32197570800781,-87.34015655517578,35.31340026855469,34.70319634703196
54.303,0,12.95557975769043,-17.841503143310547,72.60808563232422,-39.19655227661133,-87.37732696533203,34.688777923583984,12.95557975769043,-17.841503143310547,72.60808563232422,-39.19655227661133,-87.37732696533203,34.688777923583984,34.898891063274625
54.336,0,13.341849327087402,-16.477863311767578,71.98965454101562,-40.372894287109375,-87.30370330810547,35.22942352294922,13.341849327087402,-16.477863311767578,71.98965454101562,-40.372894287109375,-87.30370330810547,35.22942352294922,34.898891063274625
54.369,0,13.723916053771973,-15.31348705291748,71.45399475097656,-41.4063835144043,-87.23982238769531,35.699737548828125,13.723916053771973,-15.31348705291748,71.45399475097656,-41.4063835144043,-87.23982238769531,35.699737548828125,34.898891063274625
54.407,0,13.938873291015625,-15.090394020080566,71.14495849609375,-41.38718032836914,-87.19047546386719,36.141422271728516,13.938873291015625,-15.090394020080566,71.14495849609375,-41.38718032836914,-87.19047546386719,36.141422271728516,34.833659491193735
54.436,0,14.963147163391113,-12.64150619506836,70.3963623046875,-43.65319061279297,-87.13890838623047,37.0308837890625,14.963147163391113,-12.64150619506836,70.3963623046875,-43.65319061279297,-87.13890838623047,37.0308837890625,35.09458577951728
54.475,0,14.571097373962402,-11.977397918701172,69.98226165771484,-44.08135223388672,-87.11776733398438,37.2711181640625,14.571097373962402,-11.977397918701172,69.98226165771484,-44.08135223388672,-87.11776733398438,37.2711181640625,35.42074363992172
54.505,0,14.506078720092773,-12.878532409667969,70.33977508544922,-43.33808898925781,-87.16541290283203,36.907310485839844,14.506078720092773,-12.878532409667969,70.33977508544922,-43.33808898925781,-87.16541290283203,36.907310485839844,35.81213307240704
54.545,0,15.13891315460205,-13.941473007202148,70.5334701538086,-42.36898422241211,-87.12940216064453,36.60295867919922,15.13891315460205,-13.941473007202148,70.5334701538086,-42.36898422241211,-87.12940216064453,36.60295867919922,36.399217221135025
54.570,0,16.205791473388672,-11.789308547973633,69.80306243896484,-44.310733795166016,-87.09847259521484,37.41252899169922,16.205791473388672,-11.789308547973633,69.80306243896484,-44.310733795166016,-87.09847259521484,37.41252899169922,36.5296803652968
54.610,0,15.839751243591309,-10.804990768432617,69.27178192138672,-45.00337219238281,-87.0705337524414,37.77784729003906,15.839751243591309,-10.804990768432617,69.27178192138672,-45.00337219238281,-87.0705337524414,37.77784729003906,36.5296803652968
54.641,0,15.783074378967285,-11.599037170410156,69.64533233642578,-44.44978332519531,-87.12541961669922,37.46854782104492,15.783074378967285,-11.599037170410156,69.64533233642578,-44.44978332519531,-87.12541961669922,37.46854782104492,36.59491193737769
54.670,0,16.23085594177246,-12.782575607299805,69.900634765625,-43.42091751098633,-87.10069274902344,37.16809844970703,16.23085594177246,-12.782575607299805,69.900634765625,-43.42091751098633,-87.10069274902344,37.16809844970703,37.0515329419439
54.704,0,17.348220825195312,-10.35799789428711,69.11019897460938,-45.592933654785156,-87.05862426757812,38.01355743408203,17.348220825195312,-10.35799789428711,69.11019897460938,-45.592933654785156,-87.05862426757812,38.01355743408203,37.18199608610567
54.740,0,17.267044067382812,-9.261896133422852,68.56402587890625,-46.46851348876953,-87.03069305419922,38.39458465576172,17.267044067382812,-9.261896133422852,68.56402587890625,-46.46851348876953,-87.03069305419922,38.39458465576172,37.11676451402479
54.773,0,17.553314208984375,-10.112039566040039,69.09524536132812,-46.04301452636719,-87.08880615234375,38.091617584228516,17.553314208984375,-10.112039566040039,69.09524536132812,-46.04301452636719,-87.08880615234375,38.091617584228516,37.24722765818656
54.809,0,18.139646530151367,-11.299858093261719,69.55985260009766,-45.190513610839844,-87.05376434326172,37.746253967285156,18.139646530151367,-11.299858093261719,69.55985260009766,-45.190513610839844,-87.05376434326172,37.746253967285156,37.70384866275277
54.841,0,18.682661056518555,-9.727636337280273,69.0755615234375,-46.68067169189453,-87.04190826416016,38.543785095214844,18.682661056518555,-9.727636337280273,69.0755615234375,-46.68067169189453,-87.04190826416016,38.543785095214844,37.83431180691454
54.876,0,18.65460205078125,-9.068864822387695,68.73821258544922,-47.26183319091797,-87.00352478027344,38.87226867675781,18.65460205078125,-9.068864822387695,68.73821258544922,-47.26183319091797,-87.00352478027344,38.87226867675781,37.83431180691454
54.907,0,18.65240478515625,-9.824941635131836,69.16453552246094,-46.7979621887207,-87.03758239746094,38.685604095458984,18.65240478515625,-9.824941635131836,69.16453552246094,-46.7979621887207,-87.03758239746094,38.685604095458984,37.89954337899543
54.944,0,18.56383514404297,-10.785400390625,69.64673614501953,-46.095123291015625,-87.08686065673828,38.16706085205078,18.56383514404297,-10.785400390625,69.64673614501953,-46.095123291015625,-87.08686065673828,38.16706085205078,38.22570123939987
54.973,0,18.48704719543457,-9.243898391723633,69.1069107055664,-47.47132110595703,-87.10733795166016,38.99736785888672,18.48704719543457,-9.243898391723633,69.1069107055664,-47.47132110595703,-87.10733795166016,38.99736785888672,38.35616438356164
55.011,0,18.14919662475586,-8.525379180908203,68.73200988769531,-48.0804443359375,-87.12825775146484,39.38612365722656,18.14919662475586,-8.525379180908203,68.73200988769531,-48.0804443359375,-87.12825775146484,39.38612365722656,38.35616438356164
55.041,0,18.10856056213379,-9.32253646850586,69.19097900390625,-47.599220275878906,-87.16311645507812,39.11345672607422,18.10856056213379,-9.32253646850586,69.19097900390625,-47.599220275878906,-87.16311645507812,39.11345672607422,38.35616438356164
55.078,0,18.04265594482422,-10.232534408569336,69.68206787109375,-46.95709228515625,-87.20720672607422,38.604454040527344,18.04265594482422,-10.232534408569336,69.68206787109375,-46.95709228515625,-87.20720672607422,38.604454040527344,38.74755381604697
55.108,0,18.005027770996094,-8.971719741821289,69.28742218017578,-48.175628662109375,-87.23341369628906,39.337188720703125,18.005027770996094,-8.971719741821289,69.28742218017578,-48.175628662109375,-87.23341369628906,39.337188720703125,38.87801696020874
55.140,0,17.605749130249023,-8.29789924621582,68.94356536865234,-48.73590850830078,-87.2509536743164,39.729408264160156,17.605749130249023,-8.29789924621582,68.94356536865234,-48.73590850830078,-87.2509536743164,39.729408264160156,38.87801696020874
55.176,0,17.56268882751465,-9.018758773803711,69.35183715820312,-48.296783447265625,-87.29849243164062,39.47597122192383,17.56268882751465,-9.018758773803711,69.35183715820312,-48.296783447265625,-87.29849243164062,39.47597122192383,38.87801696020874
55.212,0,17.483491897583008,-9.897003173828125,69.7888412475586,-47.63519287109375,-87.34974670410156,39.01118469238281,17.483491897583008,-9.897003173828125,69.7888412475586,-47.63519287109375,-87.34974670410156,39.01118469238281,39.26940639269406
55.242,0,17.79348373413086,-8.754995346069336,69.43302154541016,-48.68046569824219,-87.33687591552734,39.61040496826172,17.79348373413086,-8.754995346069336,69.43302154541016,-48.68046569824219,-87.33687591552734,39.61040496826172,39.26940639269406
55.279,0,17.49043846130371,-8.608179092407227,69.26065826416016,-48.7166633605957,-87.3391342163086,39.77806091308594,17.49043846130371,-8.608179092407227,69.26065826416016,-48.7166633605957,-87.3391342163086,39.77806091308594,39.26940639269406
55.307,0,18.40336036682129,-8.83852767944336,69.18977355957031,-48.41157531738281,-87.25586700439453,40.020530700683594,18.40336036682129,-8.83852767944336,69.18977355957031,-48.41157531738281,-87.25586700439453,40.020530700683594,39.33463796477495
55.344,0,18.368629455566406,-9.822349548339844,69.64905548095703,-47.63780975341797,-87.30677795410156,39.53139877319336,18.368629455566406,-9.822349548339844,69.64905548095703,-47.63780975341797,-87.30677795410156,39.53139877319336,39.46510110893672
55.377,0,18.779232025146484,-8.891410827636719,69.43546295166016,-48.61497497558594,-87.31377410888672,40.05950164794922,18.779232025146484,-8.891410827636719,69.43546295166016,-48.61497497558594,-87.31377410888672,40.05950164794922,39.595564253098495
55.410,0,18.475826263427734,-8.731977462768555,69.30091094970703,-48.72854995727539,-87.32877349853516,40.28561782836914,18.475826263427734,-8.731977462768555,69.30091094970703,-48.72854995727539,-87.32877349853516,40.28561782836914,39.660795825179385
55.444,0,18.505084991455078,-9.300163269042969,69.49256134033203,-48.23040008544922,-87.35078430175781,40.25032424926758,18.505084991455078,-9.300163269042969,69.49256134033203,-48.23040008544922,-87.35078430175781,40.25032424926758,39.660795825179385
55.477,0,18.48780632019043,-10.21084976196289,69.9406967163086,-47.516597747802734,-87.40037536621094,39.747406005859375,18.48780632019043,-10.21084976196289,69.9406967163086,-47.516597747802734,-87.40037536621094,39.747406005859375,39.85649054142205
55.510,0,18.44605827331543,-9.317520141601562,69.67235565185547,-48.28691101074219,-87.41346740722656,40.27124786376953,18.44605827331543,-9.317520141601562,69.67235565185547,-48.28691101074219,-87.41346740722656,40.27124786376953,39.98695368558382
55.546,0,18.1187686920166,-9.037290573120117,69.447509765625,-48.456138610839844,-87.40615844726562,40.471797943115234,18.1187686920166,-9.037290573120117,69.447509765625,-48.456138610839844,-87.40615844726562,40.471797943115234,39.92172211350293
55.577,0,18.160802841186523,-9.667430877685547,69.70187377929688,-47.94240951538086,-87.4444808959961,40.377952575683594,18.160802841186523,-9.667430877685547,69.70187377929688,-47.94240951538086,-87.4444808959961,40.377952575683594,39.92172211350293
55.611,0,18.095230102539062,-10.600374221801758,70.10893249511719,-47.14406204223633,-87.47913360595703,39.76789855957031,18.095230102539062,-10.600374221801758,70.10893249511719,-47.14406204223633,-87.47913360595703,39.76789855957031,40.11741682974559
55.644,0,18.045440673828125,-9.707921981811523,69.80684661865234,-47.92643356323242,-87.51573944091797,40.310630798339844,18.045440673828125,-9.707921981811523,69.80684661865234,-47.92643356323242,-87.51573944091797,40.310630798339844,40.182648401826484
55.678,0,18.017234802246094,-9.240898132324219,69.54264831542969,-48.313289642333984,-87.49027252197266,40.56444549560547,18.017234802246094,-9.240898132324219,69.54264831542969,-48.313289642333984,-87.49027252197266,40.56444549560547,40.182648401826484
55.711,0,18.074451446533203,-9.810800552368164,69.77352142333984,-47.82827377319336,-87.53692626953125,40.44514083862305,18.074451446533203,-9.810800552368164,69.77352142333984,-47.82827377319336,-87.53692626953125,40.44514083862305,40.182648401826484
55.743,0,17.976930618286133,-10.689435958862305,70.13250732421875,-47.05731201171875,-87.57437896728516,40.0061149597168,17.976930618286133,-10.689435958862305,70.13250732421875,-47.05731201171875,-87.57437896728516,40.0061149597168,40.31311154598826
55.779,0,18.642423629760742,-9.405282974243164,69.7502212524414,-48.23548126220703,-87.54187774658203,40.520790100097656,18.642423629760742,-9.405282974243164,69.7502212524414,-48.23548126220703,-87.54187774658203,40.520790100097656,40.31311154598826
55.809,0,18.685142517089844,-8.863121032714844,69.49311065673828,-48.66534423828125,-87.50535583496094,40.66681671142578,18.685142517089844,-8.863121032714844,69.49311065673828,-48.66534423828125,-87.50535583496094,40.66681671142578,40.31311154598826
55.847,0,18.706491470336914,-9.493770599365234,69.726318359375,-48.09443664550781,-87.52803802490234,40.504188537597656,18.706491470336914,-9.493770599365234,69.726318359375,-48.09443664550781,-87.52803802490234,40.504188537597656,40.31311154598826
55.875,0,18.629087448120117,-10.34566879272461,70.11559295654297,-47.32438278198242,-87.5749282836914,40.07863235473633,18.629087448120117,-10.34566879272461,70.11559295654297,-47.32438278198242,-87.5749282836914,40.07863235473633,40.37834311806915
55.912,0,18.53509521484375,-10.169252395629883,69.97978973388672,-47.35784149169922,-87.56395721435547,40.18470764160156,18.53509521484375,-10.169252395629883,69.97978973388672,-47.35784149169922,-87.56395721435547,40.18470764160156,40.37834311806915
55.945,0,18.42694664001465,-10.01152229309082,69.83185577392578,-47.43280029296875,-87.54986572265625,40.138484954833984,18.42694664001465,-10.01152229309082,69.83185577392578,-47.43280029296875,-87.54986572265625,40.138484954833984,40.37834311806915
55.979,0,18.45659065246582,-10.79873275756836,70.14726257324219,-46.74119186401367,-87.5688705444336,39.87097930908203,18.45659065246582,-10.79873275756836,70.14726257324219,-46.74119186401367,-87.5688705444336,39.87097930908203,40.37834311806915
56.012,0,18.728654861450195,-11.803991317749023,70.4486312866211,-45.84660720825195,-87.60314178466797,39.32681655883789,18.728654861450195,-11.803991317749023,70.4486312866211,-45.84660720825195,-87.60314178466797,39.32681655883789,40.31311154598826
56.046,0,18.752365112304688,-11.592058181762695,70.37661743164062,-45.98272705078125,-87.61630249023438,39.475467681884766,18.752365112304688,-11.592058181762695,70.37661743164062,-45.98272705078125,-87.61630249023438,39.475467681884766,40.24787997390737
56.077,0,18.46739959716797,-11.658086776733398,70.46207427978516,-46.01143264770508,-87.60932159423828,39.27627182006836,18.46739959716797,-11.658086776733398,70.46207427978516,-46.01143264770508,-87.60932159423828,39.27627182006836,39.98695368558382
56.116,0,18.462331771850586,-12.3916015625,70.8040771484375,-45.440521240234375,-87.65213775634766,39.05579376220703,18.462331771850586,-12.3916015625,70.8040771484375,-45.440521240234375,-87.65213775634766,39.05579376220703,39.79125896934116
56.146,0,18.547161102294922,-13.489529609680176,71.27320098876953,-44.550228118896484,-87.68213653564453,38.48149490356445,18.547161102294922,-13.489529609680176,71.27320098876953,-44.550228118896484,-87.68213653564453,38.48149490356445,39.79125896934116
56.178,0,18.423267364501953,-13.867637634277344,71.48297119140625,-44.29205322265625,-87.68266296386719,38.49448013305664,18.423267364501953,-13.867637634277344,71.48297119140625,-44.29205322265625,-87.68266296386719,38.49448013305664,39.595564253098495
56.213,0,18.098674774169922,-13.984628677368164,71.54383087158203,-44.29106903076172,-87.6774673461914,38.28721237182617,18.098674774169922,-13.984628677368164,71.54383087158203,-44.29106903076172,-87.6774673461914,38.28721237182617,39.33463796477495
56.247,0,17.946006774902344,-14.12438678741455,71.60108184814453,-44.21889877319336,-87.67581939697266,38.271141052246094,17.946006774902344,-14.12438678741455,71.60108184814453,-44.21889877319336,-87.67581939697266,38.271141052246094,39.00848010437051
56.278,0,17.817569732666016,-15.100187301635742,72.02938079833984,-43.36776351928711,-87.72467803955078,37.697811126708984,17.817569732666016,-15.100187301635742,72.02938079833984,-43.36776351928711,-87.72467803955078,37.697811126708984,38.81278538812785
56.311,0,17.653823852539062,-14.494422912597656,71.79305267333984,-43.725921630859375,-87.69696044921875,37.930763244628906,17.653823852539062,-14.494422912597656,71.79305267333984,-43.725921630859375,-87.69696044921875,37.930763244628906,38.617090671885194
56.349,0,17.295299530029297,-14.522438049316406,71.87198638916016,-43.7875862121582,-87.68590545654297,37.81052780151367,17.295299530029297,-14.522438049316406,71.87198638916016,-43.7875862121582,-87.68590545654297,37.81052780151367,38.35616438356164
56.380,0,16.999698638916016,-15.368595123291016,72.20816802978516,-43.111576080322266,-87.71759033203125,37.42494201660156,16.999698638916016,-15.368595123291016,72.20816802978516,-43.111576080322266,-87.71759033203125,37.42494201660156,38.22570123939987
56.417,0,16.87896728515625,-16.409000396728516,72.71090698242188,-42.26395797729492,-87.76741790771484,36.863956451416016,16.87896728515625,-16.409000396728516,72.71090698242188,-42.26395797729492,-87.76741790771484,36.863956451416016,38.030006523157205
56.445,0,16.71549415588379,-15.72274112701416,72.3996810913086,-42.62195587158203,-87.730224609375,37.13936233520508,16.71549415588379,-15.72274112701416,72.3996810913086,-42.62195587158203,-87.730224609375,37.13936233520508,37.89954337899543
56.485,0,16.22880744934082,-14.805573463439941,72.050537109375,-43.30158996582031,-87.68728637695312,37.41220474243164,16.22880744934082,-14.805573463439941,72.050537109375,-43.30158996582031,-87.68728637695312,37.41220474243164,37.70384866275277
56.512,0,15.870671272277832,-15.629069328308105,72.3871078491211,-42.64432907104492,-87.7140121459961,37.03446960449219,15.870671272277832,-15.629069328308105,72.3871078491211,-42.64432907104492,-87.7140121459961,37.03446960449219,37.37769080234833
56.551,0,15.709309577941895,-15.122299194335938,72.01522827148438,-42.869903564453125,-87.73385620117188,37.34248352050781,15.709309577941895,-15.122299194335938,72.01522827148438,-42.869903564453125,-87.73385620117188,37.34248352050781,37.37769080234833
56.581,0,15.721964836120605,-14.748068809509277,72.0343246459961,-43.323875427246094,-87.71387481689453,37.55802536010742,15.721964836120605,-14.748068809509277,72.0343246459961,-43.323875427246094,-87.71387481689453,37.55802536010742,37.31245923026745
56.617,0,15.208016395568848,-13.956478118896484,71.73994445800781,-43.925323486328125,-87.68296813964844,37.7363166809082,15.208016395568848,-13.956478118896484,71.73994445800781,-43.925323486328125,-87.68296813964844,37.7363166809082,37.31245923026745
56.647,0,14.926660537719727,-14.898482322692871,72.19986724853516,-43.25532150268555,-87.72747802734375,37.296878814697266,14.926660537719727,-14.898482322692871,72.19986724853516,-43.25532150268555,-87.72747802734375,37.296878814697266,37.24722765818656
56.684,0,14.734434127807617,-14.324657440185547,71.81471252441406,-43.51039123535156,-87.74044036865234,37.633445739746094,14.734434127807617,-14.324657440185547,71.81471252441406,-43.51039123535156,-87.74044036865234,37.633445739746094,37.24722765818656
56.716,0,14.776557922363281,-13.826624870300293,71.81130981445312,-44.07423400878906,-87.74612426757812,37.80201721191406,14.776557922363281,-13.826624870300293,71.81130981445312,-44.07423400878906,-87.74612426757812,37.80201721191406,37.24722765818656
56.751,0,14.289254188537598,-13.31800651550293,71.6618423461914,-44.43830490112305,-87.71269226074219,37.89691925048828,14.289254188537598,-13.31800651550293,71.6618423461914,-44.43830490112305,-87.71269226074219,37.89691925048828,37.24722765818656
56.782,0,13.964452743530273,-14.177993774414062,72.0671157836914,-43.80378341674805,-87.75679779052734,37.4611701965332,13.964452743530273,-14.177993774414062,72.0671157836914,-43.80378341674805,-87.75679779052734,37.4611701965332,37.37769080234833
56.817,0,13.7887601852417,-13.559248924255371,71.63117980957031,-44.09835433959961,-87.77678680419922,37.80012130737305,13.7887601852417,-13.559248924255371,71.63117980957031,-44.09835433959961,-87.77678680419922,37.80012130737305,37.508153946510106
56.851,0,14.375283241271973,-12.777732849121094,71.44236755371094,-44.82012176513672,-87.73458862304688,38.12420654296875,14.375283241271973,-12.777732849121094,71.44236755371094,-44.82012176513672,-87.73458862304688,38.12420654296875,37.573385518590996
56.884,0,13.816119194030762,-12.360530853271484,71.27631378173828,-45.08256530761719,-87.72098541259766,38.2744140625,13.816119194030762,-12.360530853271484,71.27631378173828,-45.08256530761719,-87.72098541259766,38.2744140625,37.573385518590996
56.919,0,13.522527694702148,-13.312416076660156,71.77066040039062,-44.40617752075195,-87.76530456542969,37.72751998901367,13.522527694702148,-13.312416076660156,71.77066040039062,-44.40617752075195,-87.76530456542969,37.72751998901367,37.573385518590996
56.951,0,13.037310600280762,-13.074899673461914,71.51158142089844,-44.34431076049805,-87.80642700195312,37.88018798828125,13.037310600280762,-13.074899673461914,71.51158142089844,-44.34431076049805,-87.80642700195312,37.88018798828125,37.76908023483366
56.986,0,13.579628944396973,-12.378314971923828,71.38526153564453,-45.05149459838867,-87.74813842773438,38.19749450683594,13.579628944396973,-12.378314971923828,71.38526153564453,-45.05149459838867,-87.74813842773438,38.19749450683594,37.83431180691454
57.016,0,14.013239860534668,-11.777267456054688,71.02101135253906,-45.514278411865234,-87.65540313720703,38.45294189453125,14.013239860534668,-11.777267456054688,71.02101135253906,-45.514278411865234,-87.65540313720703,38.45294189453125,37.83431180691454
57.052,0,13.733399391174316,-12.685836791992188,71.43987274169922,-44.81987762451172,-87.69562530517578,37.90753173828125,13.733399391174316,-12.685836791992188,71.43987274169922,-44.81987762451172,-87.69562530517578,37.90753173828125,37.83431180691454
57.084,0,13.281750679016113,-12.482574462890625,71.16627502441406,-44.69181442260742,-87.71824645996094,37.95246124267578,13.281750679016113,-12.482574462890625,71.16627502441406,-44.69181442260742,-87.71824645996094,37.95246124267578,38.030006523157205
57.126,0,13.797873497009277,-11.845060348510742,71.07791137695312,-45.34589767456055,-87.63645935058594,38.224185943603516,13.797873497009277,-11.845060348510742,71.07791137695312,-45.34589767456055,-87.63645935058594,38.224185943603516,38.095238095238095
57.150,0,14.193739891052246,-11.119375228881836,70.65279388427734,-45.86381530761719,-87.53838348388672,38.457733154296875,14.193739891052246,-11.119375228881836,70.65279388427734,-45.86381530761719,-87.53838348388672,38.457733154296875,38.095238095238095
57.182,0,13.939964294433594,-12.094779968261719,71.17642211914062,-45.19403076171875,-87.5857925415039,37.83921432495117,13.939964294433594,-12.094779968261719,71.17642211914062,-45.19403076171875,-87.5857925415039,37.83921432495117,38.095238095238095
57.217,0,13.473743438720703,-11.963335037231445,70.81822204589844,-44.93048095703125,-87.60828399658203,37.928253173828125,13.473743438720703,-11.963335037231445,70.81822204589844,-44.93048095703125,-87.60828399658203,37.928253173828125,38.16046966731898
57.251,0,13.984972953796387,-11.259378433227539,70.6989974975586,-45.588417053222656,-87.54020690917969,38.20558166503906,13.984972953796387,-11.259378433227539,70.6989974975586,-45.588417053222656,-87.54020690917969,38.20558166503906,38.095238095238095
57.286,0,13.483479499816895,-10.794662475585938,70.31480407714844,-45.71349334716797,-87.47333526611328,38.357303619384766,13.483479499816895,-10.794662475585938,70.31480407714844,-45.71349334716797,-87.47333526611328,38.357303619384766,37.96477495107632
57.320,0,13.238306999206543,-11.734130859375,70.8322525024414,-45.05400085449219,-87.51492309570312,37.726158142089844,13.238306999206543,-11.734130859375,70.8322525024414,-45.05400085449219,-87.51492309570312,37.726158142089844,37.96477495107632
57.351,0,12.71667194366455,-11.538671493530273,70.4335708618164,-44.841251373291016,-87.54348754882812,37.787841796875,12.71667194366455,-11.538671493530273,70.4335708618164,-44.841251373291016,-87.54348754882812,37.787841796875,37.96477495107632
57.387,0,13.254521369934082,-10.462522506713867,70.13314056396484,-45.782684326171875,-87.46631622314453,38.15670394897461,13.254521369934082,-10.462522506713867,70.13314056396484,-45.782684326171875,-87.46631622314453,38.15670394897461,37.96477495107632
57.419,0,12.67985725402832,-10.340763092041016,70.01282501220703,-45.781394958496094,-87.44623565673828,38.12610626220703,12.67985725402832,-10.340763092041016,70.01282501220703,-45.781394958496094,-87.44623565673828,38.12610626220703,37.89954337899543
57.455,0,12.319209098815918,-11.138330459594727,70.3070068359375,-45.046836853027344,-87.50955963134766,37.62342834472656,12.319209098815918,-11.138330459594727,70.3070068359375,-45.046836853027344,-87.50955963134766,37.62342834472656,37.89954337899543
57.485,0,11.767200469970703,-10.805170059204102,69.88449096679688,-44.947662353515625,-87.52680206298828,37.80329895019531,11.767200469970703,-10.805170059204102,69.88449096679688,-44.947662353515625,-87.52680206298828,37.80329895019531,37.89954337899543
57.521,0,12.443049430847168,-9.742746353149414,69.55940246582031,-45.93557357788086,-87.47103118896484,38.17333984375,12.443049430847168,-9.742746353149414,69.55940246582031,-45.93557357788086,-87.47103118896484,38.17333984375,37.83431180691454
57.553,0,11.805564880371094,-8.81690788269043,69.05548095703125,-46.4888916015625,-87.50886535644531,38.42111587524414,11.805564880371094,-8.81690788269043,69.05548095703125,-46.4888916015625,-87.50886535644531,38.42111587524414,37.83431180691454
57.585,0,11.468019485473633,-9.604963302612305,69.36776733398438,-45.7720947265625,-87.55970001220703,37.92323684692383,11.468019485473633,-9.604963302612305,69.36776733398438,-45.7720947265625,-87.55970001220703,37.92323684692383,37.83431180691454
57.621,0,10.981029510498047,-9.51179313659668,69.07527160644531,-45.57078552246094,-87.59315490722656,37.95851135253906,10.981029510498047,-9.51179313659668,69.07527160644531,-45.57078552246094,-87.59315490722656,37.95851135253906,38.030006523157205
57.656,0,11.743266105651855,-8.215089797973633,68.71379852294922,-46.79100799560547,-87.55318450927734,38.48729705810547,11.743266105651855,-8.215089797973633,68.71379852294922,-46.79100799560547,-87.55318450927734,38.48729705810547,38.095238095238095
57.687,0,11.90151596069336,-8.141956329345703,68.52975463867188,-46.875125885009766,-87.59530639648438,38.42505645751953,11.90151596069336,-8.141956329345703,68.52975463867188,-46.875125885009766,-87.59530639648438,38.42505645751953,38.030006523157205
57.721,0,12.357680320739746,-9.048036575317383,68.84085083007812,-46.21852111816406,-87.60896301269531,38.01974105834961,12.357680320739746,-9.048036575317383,68.84085083007812,-46.21852111816406,-87.60896301269531,38.01974105834961,38.030006523157205
57.754,0,11.81710147857666,-8.289676666259766,68.34568786621094,-46.532100677490234,-87.61968231201172,38.284271240234375,11.81710147857666,-8.289676666259766,68.34568786621094,-46.532100677490234,-87.61968231201172,38.284271240234375,38.16046966731898
57.785,0,11.24687671661377,-7.130380630493164,67.61711120605469,-47.07122802734375,-87.62049102783203,38.718544006347656,11.24687671661377,-7.130380630493164,67.61711120605469,-47.07122802734375,-87.62049102783203,38.718544006347656,38.095238095238095
57.822,0,11.502087593078613,-5.880947113037109,67.21707153320312,-48.1606559753418,-87.60305786132812,39.15887451171875,11.502087593078613,-5.880947113037109,67.21707153320312,-48.1606559753418,-87.60305786132812,39.15887451171875,38.095238095238095
57.855,0,11.721033096313477,-5.280252456665039,66.9280776977539,-48.73135757446289,-87.59896087646484,39.24993896484375,11.721033096313477,-5.280252456665039,66.9280776977539,-48.73135757446289,-87.59896087646484,39.24993896484375,38.16046966731898
57.889,0,11.312772750854492,-5.75670051574707,67.04999542236328,-48.2607421875,-87.65100860595703,38.93634033203125,11.312772750854492,-5.75670051574707,67.04999542236328,-48.2607421875,-87.65100860595703,38.93634033203125,38.486627527723414
57.922,0,11.339784622192383,-5.320228576660156,66.43475341796875,-48.219268798828125,-87.59717559814453,39.216636657714844,11.339784622192383,-5.320228576660156,66.43475341796875,-48.219268798828125,-87.59717559814453,39.216636657714844,38.74755381604697
57.955,0,11.930547714233398,-4.334987640380859,66.13121795654297,-49.09258270263672,-87.56595611572266,39.502418518066406,11.930547714233398,-4.334987640380859,66.13121795654297,-49.09258270263672,-87.56595611572266,39.502418518066406,38.74755381604697
57.990,0,12.11971664428711,-3.772645950317383,65.80596160888672,-49.57532501220703,-87.55062866210938,39.66072082519531,12.11971664428711,-3.772645950317383,65.80596160888672,-49.57532501220703,-87.55062866210938,39.66072082519531,38.81278538812785
58.020,0,11.795488357543945,-4.366237640380859,66.04794311523438,-49.03594207763672,-87.60785675048828,39.19589614868164,11.795488357543945,-4.366237640380859,66.04794311523438,-49.03594207763672,-87.60785675048828,39.19589614868164,39.00848010437051
58.060,0,12.563464164733887,-5.086048126220703,65.9810791015625,-48.152191162109375,-87.53780364990234,38.76371765136719,12.563464164733887,-5.086048126220703,65.9810791015625,-48.152191162109375,-87.53780364990234,38.76371765136719,39.204174820613176
58.089,0,12.763494491577148,-3.8722572326660156,65.54273986816406,-49.1123046875,-87.50834655761719,39.12557601928711,12.763494491577148,-3.8722572326660156,65.54273986816406,-49.1123046875,-87.50834655761719,39.12557601928711,39.204174820613176
58.120,0,12.166013717651367,-3.492504119873047,65.32479858398438,-49.354549407958984,-87.5545883178711,39.02479934692383,12.166013717651367,-3.492504119873047,65.32479858398438,-49.354549407958984,-87.5545883178711,39.02479934692383,39.0737116764514
58.154,0,11.763569831848145,-4.063663482666016,65.41973876953125,-48.75371551513672,-87.59761810302734,38.63941955566406,11.763569831848145,-4.063663482666016,65.41973876953125,-48.75371551513672,-87.59761810302734,38.63941955566406,39.0737116764514
58.190,0,12.48476791381836,-4.77392578125,65.37734985351562,-47.93895721435547,-87.51602172851562,38.23527526855469,12.48476791381836,-4.77392578125,65.37734985351562,-47.93895721435547,-87.51602172851562,38.23527526855469,39.0737116764514
58.225,0,13.028424263000488,-3.427030563354492,64.87713623046875,-49.08436584472656,-87.43785095214844,38.6417121887207,13.028424263000488,-3.427030563354492,64.87713623046875,-49.08436584472656,-87.43785095214844,38.6417121887207,39.00848010437051
58.256,0,13.324861526489258,-3.6668262481689453,64.9079818725586,-48.996376037597656,-87.41108703613281,38.395015716552734,13.324861526489258,-3.6668262481689453,64.9079818725586,-48.996376037597656,-87.41108703613281,38.395015716552734,38.87801696020874
58.292,0,14.201759338378906,-4.04655647277832,64.82823181152344,-48.59943389892578,-87.33929443359375,38.23448944091797,14.201759338378906,-4.04655647277832,64.82823181152344,-48.59943389892578,-87.33929443359375,38.23448944091797,38.74755381604697
58.323,0,14.682580947875977,-4.760627746582031,64.81988525390625,-47.77750778198242,-87.28511047363281,37.751312255859375,14.682580947875977,-4.760627746582031,64.81988525390625,-47.77750778198242,-87.28511047363281,37.751312255859375,38.74755381604697
58.358,0,15.195361137390137,-3.554840087890625,64.35823822021484,-48.755615234375,-87.20885467529297,38.1348876953125,15.195361137390137,-3.554840087890625,64.35823822021484,-48.755615234375,-87.20885467529297,38.1348876953125,38.617090671885194
58.390,0,15.50961971282959,-3.2989578247070312,64.2898941040039,-49.1278076171875,-87.19322967529297,38.104801177978516,15.50961971282959,-3.2989578247070312,64.2898941040039,-49.1278076171875,-87.19322967529297,38.104801177978516,38.42139595564253
58.433,0,15.286932945251465,-4.102025985717773,64.56912231445312,-48.506439208984375,-87.23190307617188,37.73601531982422,15.286932945251465,-4.102025985717773,64.56912231445312,-48.506439208984375,-87.23190307617188,37.73601531982422,38.22570123939987
58.457,0,15.116055488586426,-4.760427474975586,64.8155746459961,-47.99164581298828,-87.32238006591797,37.3668327331543,15.116055488586426,-4.760427474975586,64.8155746459961,-47.99164581298828,-87.32238006591797,37.3668327331543,38.29093281148076
58.489,0,15.6625394821167,-3.546510696411133,64.33338165283203,-48.96810531616211,-87.26612854003906,37.861751556396484,15.6625394821167,-3.546510696411133,64.33338165283203,-48.96810531616211,-87.26612854003906,37.861751556396484,38.22570123939987
58.524,0,15.431382179260254,-3.0784378051757812,64.00415802001953,-49.225433349609375,-87.25997924804688,37.81318664550781,15.431382179260254,-3.0784378051757812,64.00415802001953,-49.225433349609375,-87.25997924804688,37.81318664550781,37.96477495107632
58.558,0,15.172642707824707,-3.5416603088378906,64.04524993896484,-48.74787521362305,-87.34197998046875,37.36540222167969,15.172642707824707,-3.5416603088378906,64.04524993896484,-48.74787521362305,-87.34197998046875,37.36540222167969,37.83431180691454
58.590,0,15.226216316223145,-4.23444938659668,64.51909637451172,-48.197288513183594,-87.28268432617188,37.3917121887207,15.226216316223145,-4.23444938659668,64.51909637451172,-48.197288513183594,-87.28268432617188,37.3917121887207,37.83431180691454
58.626,0,15.1055326461792,-3.259481430053711,64.14726257324219,-48.91313171386719,-87.2931900024414,37.68301773071289,15.1055326461792,-3.259481430053711,64.14726257324219,-48.91313171386719,-87.2931900024414,37.68301773071289,37.76908023483366
58.658,0,14.67165756225586,-3.0890560150146484,63.96306228637695,-48.99700164794922,-87.32220458984375,37.677024841308594,14.67165756225586,-3.0890560150146484,63.96306228637695,-48.99700164794922,-87.32220458984375,37.677024841308594,37.638617090671886
58.695,0,14.384876251220703,-3.450878143310547,63.991397857666016,-48.654823303222656,-87.41780853271484,37.31252670288086,14.384876251220703,-3.450878143310547,63.991397857666016,-48.654823303222656,-87.41780853271484,37.31252670288086,37.638617090671886
58.727,0,14.453055381774902,-4.213151931762695,64.46340942382812,-48.059627532958984,-87.3674087524414,37.30991744995117,14.453055381774902,-4.213151931762695,64.46340942382812,-48.059627532958984,-87.3674087524414,37.30991744995117,37.638617090671886
58.758,0,14.329670906066895,-2.943399429321289,64.0462875366211,-49.09492492675781,-87.39016723632812,37.82709503173828,14.329670906066895,-2.943399429321289,64.0462875366211,-49.09492492675781,-87.39016723632812,37.82709503173828,37.638617090671886
58.799,0,14.025898933410645,-2.592000961303711,63.800113677978516,-49.37311553955078,-87.39657592773438,37.936885833740234,14.025898933410645,-2.592000961303711,63.800113677978516,-49.37311553955078,-87.39657592773438,37.936885833740234,37.573385518590996
58.825,0,13.737103462219238,-2.8467960357666016,63.75497055053711,-49.07345962524414,-87.49635314941406,37.614986419677734,13.737103462219238,-2.8467960357666016,63.75497055053711,-49.07345962524414,-87.49635314941406,37.614986419677734,37.573385518590996
58.860,0,13.78310775756836,-3.6309337615966797,64.29240417480469,-48.53919982910156,-87.44821166992188,37.62240219116211,13.78310775756836,-3.6309337615966797,64.29240417480469,-48.53919982910156,-87.44821166992188,37.62240219116211,37.638617090671886
58.902,0,13.643218994140625,-2.485565185546875,63.8995361328125,-49.433162689208984,-87.46629333496094,38.13697052001953,13.643218994140625,-2.485565185546875,63.8995361328125,-49.433162689208984,-87.46629333496094,38.13697052001953,37.573385518590996
58.927,0,13.150776863098145,-2.0951099395751953,63.607078552246094,-49.677215576171875,-87.48224639892578,38.261905670166016,13.150776863098145,-2.0951099395751953,63.607078552246094,-49.677215576171875,-87.48224639892578,38.261905670166016,37.573385518590996
58.959,0,12.799320220947266,-2.2451324462890625,63.49683380126953,-49.413291931152344,-87.56964111328125,38.02301025390625,12.799320220947266,-2.2451324462890625,63.49683380126953,-49.413291931152344,-87.56964111328125,38.02301025390625,37.573385518590996
58.992,0,12.826123237609863,-2.9710044860839844,63.99687576293945,-48.89208984375,-87.52364349365234,38.06829833984375,12.826123237609863,-2.9710044860839844,63.99687576293945,-48.89208984375,-87.52364349365234,38.06829833984375,37.76908023483366
59.028,0,13.306805610656738,-1.9698848724365234,63.696311950683594,-49.893516540527344,-87.51243591308594,38.560909271240234,13.306805610656738,-1.9698848724365234,63.696311950683594,-49.893516540527344,-87.51243591308594,38.560909271240234,37.83431180691454
59.063,0,12.815070152282715,-1.4951839447021484,63.401329040527344,-50.2530632019043,-87.52474212646484,38.71708679199219,12.815070152282715,-1.4951839447021484,63.401329040527344,-50.2530632019043,-87.52474212646484,38.71708679199219,37.83431180691454
59.094,0,13.22164249420166,-1.3697128295898438,63.165767669677734,-50.32044219970703,-87.57917785644531,38.7363395690918,13.22164249420166,-1.3697128295898438,63.165767669677734,-50.32044219970703,-87.57917785644531,38.7363395690918,37.89954337899543
59.137,0,13.258923530578613,-2.0968666076660156,63.66477584838867,-49.81251525878906,-87.52845764160156,38.74454879760742,13.258923530578613,-2.0968666076660156,63.66477584838867,-49.81251525878906,-87.52845764160156,38.74454879760742,38.22570123939987
59.161,0,13.693251609802246,-1.1308460235595703,63.392417907714844,-50.802406311035156,-87.521728515625,39.19843292236328,13.693251609802246,-1.1308460235595703,63.392417907714844,-50.802406311035156,-87.521728515625,39.19843292236328,38.35616438356164
59.194,0,13.244711875915527,-0.5840339660644531,63.124351501464844,-51.30741882324219,-87.5365219116211,39.412322998046875,13.244711875915527,-0.5840339660644531,63.124351501464844,-51.30741882324219,-87.5365219116211,39.412322998046875,38.35616438356164
59.229,0,13.116876602172852,-1.1895828247070312,63.367923736572266,-50.927616119384766,-87.63385009765625,39.088314056396484,13.116876602172852,-1.1895828247070312,63.367923736572266,-50.927616119384766,-87.63385009765625,39.088314056396484,38.486627527723414
59.262,0,13.180521965026855,-1.8285293579101562,63.84823226928711,-50.486698150634766,-87.5847396850586,39.10377883911133,13.180521965026855,-1.8285293579101562,63.84823226928711,-50.486698150634766,-87.5847396850586,39.10377883911133,38.81278538812785
59.296,0,13.485054969787598,-0.6888103485107422,63.364959716796875,-51.5024528503418,-87.5551528930664,39.58972930908203,13.485054969787598,-0.6888103485107422,63.364959716796875,-51.5024528503418,-87.5551528930664,39.58972930908203,38.87801696020874
59.328,0,12.928388595581055,0.15095901489257812,62.90387725830078,-52.08607482910156,-87.5667724609375,39.855525970458984,12.928388595581055,0.15095901489257807,62.90387725830078,-52.08607482910156,-87.5667724609375,39.855525970458984,38.87801696020874
59.364,0,12.785453796386719,-0.39006996154785156,63.165592193603516,-51.786312103271484,-87.6710205078125,39.37312316894531,12.785453796386719,-0.39006996154785156,63.165592193603516,-51.786312103271484,-87.6710205078125,39.37312316894531,38.94324853228962
59.396,0,12.836103439331055,-1.1009788513183594,63.630401611328125,-51.28059005737305,-87.60560607910156,39.3609504699707,12.836103439331055,-1.1009788513183594,63.630401611328125,-51.28059005737305,-87.60560607910156,39.3609504699707,39.26940639269406
59.430,0,12.697178840637207,0.05336761474609375,63.13935089111328,-52.114166259765625,-87.64071655273438,39.77544021606445,12.697178840637207,0.05336761474609375,63.13935089111328,-52.114166259765625,-87.64071655273438,39.77544021606445,39.26940639269406
59.465,0,12.42619800567627,0.5399951934814453,62.805721282958984,-52.459632873535156,-87.64572143554688,39.979530334472656,12.42619800567627,0.5399951934814453,62.805721282958984,-52.459632873535156,-87.64572143554688,39.979530334472656,39.26940639269406
59.498,0,12.299531936645508,-0.10162162780761719,63.1170768737793,-52.072811126708984,-87.73461151123047,39.49517822265625,12.299531936645508,-0.10162162780761719,63.1170768737793,-52.072811126708984,-87.73461151123047,39.49517822265625,39.33463796477495
59.529,0,12.329031944274902,-0.7182140350341797,63.52154541015625,-51.589866638183594,-87.69348907470703,39.49906921386719,12.329031944274902,-0.7182140350341797,63.52154541015625,-51.589866638183594,-87.69348907470703,39.49906921386719,39.53033268101761
59.567,0,12.794445991516113,0.47034645080566406,63.02347183227539,-52.566627502441406,-87.65825653076172,39.885196685791016,12.794445991516113,0.47034645080566406,63.02347183227539,-52.566627502441406,-87.65825653076172,39.885196685791016,39.53033268101761
59.598,0,12.200337409973145,0.8825645446777344,62.711822509765625,-52.74627685546875,-87.685791015625,39.99778747558594,12.200337409973145,0.8825645446777344,62.711822509765625,-52.74627685546875,-87.685791015625,39.99778747558594,39.46510110893672
59.639,0,12.198516845703125,0.16718101501464844,63.09892654418945,-52.36436462402344,-87.76953125,39.491329193115234,12.198516845703125,0.16718101501464844,63.09892654418945,-52.36436462402344,-87.76953125,39.491329193115234,39.46510110893672
59.666,0,12.158675193786621,-0.5120334625244141,63.55621337890625,-51.87806701660156,-87.73976135253906,39.483253479003906,12.158675193786621,-0.5120334625244141,63.55621337890625,-51.87806701660156,-87.73976135253906,39.483253479003906,39.660795825179385
59.695,0,12.632094383239746,0.6581878662109375,63.02967834472656,-52.82004928588867,-87.71177673339844,39.873191833496094,12.632094383239746,0.6581878662109375,63.02967834472656,-52.82004928588867,-87.71177673339844,39.873191833496094,39.726027397260275
59.730,0,12.0557279586792,1.0589237213134766,62.64752197265625,-52.92274475097656,-87.74262237548828,39.97821044921875,12.0557279586792,1.0589237213134766,62.64752197265625,-52.92274475097656,-87.74262237548828,39.97821044921875,39.595564253098495
59.765,0,11.816123008728027,0.49863624572753906,62.85411071777344,-52.45220184326172,-87.85501098632812,39.3807373046875,11.816123008728027,0.49863624572753906,62.85411071777344,-52.45220184326172,-87.85501098632812,39.3807373046875,39.595564253098495
59.796,0,11.756587028503418,-0.16631507873535156,63.2884635925293,-51.96868133544922,-87.80756378173828,39.41256332397461,11.756587028503418,-0.16631507873535156,63.2884635925293,-51.96868133544922,-87.80756378173828,39.41256332397461,39.595564253098495
59.832,0,12.176020622253418,0.9824771881103516,62.77490997314453,-52.89588165283203,-87.79903411865234,39.78712463378906,12.176020622253418,0.9824771881103516,62.77490997314453,-52.89588165283203,-87.79903411865234,39.78712463378906,39.53033268101761
59.866,0,11.5401029586792,1.3558158874511719,62.43208312988281,-53.012420654296875,-87.81111907958984,39.93606948852539,11.5401029586792,1.3558158874511719,62.43208312988281,-53.012420654296875,-87.81111907958984,39.93606948852539,39.53033268101761
59.898,0,11.712663650512695,0.7238941192626953,62.63698196411133,-52.550926208496094,-87.90853118896484,39.46078109741211,11.712663650512695,0.7238941192626953,62.63698196411133,-52.550926208496094,-87.90853118896484,39.46078109741211,39.53033268101761
59.932,0,11.626312255859375,0.08922195434570312,63.1123161315918,-52.143760681152344,-87.8645248413086,39.48363494873047,11.626312255859375,0.08922195434570312,63.1123161315918,-52.143760681152344,-87.8645248413086,39.48363494873047,39.53033268101761
59.966,0,11.419997215270996,1.5260906219482422,62.57060241699219,-53.23090744018555,-87.85709381103516,39.99842834472656,11.419997215270996,1.5260906219482422,62.57060241699219,-53.23090744018555,-87.85709381103516,39.99842834472656,39.53033268101761
60.001,0,11.225980758666992,3.0357532501220703,62.045841217041016,-54.46086120605469,-87.92110443115234,40.433494567871094,11.225980758666992,3.0357532501220703,62.045841217041016,-54.46086120605469,-87.92110443115234,40.433494567871094,39.53033268101761
