t_s,episode,target.shoulder_pan.pos,target.shoulder_lift.pos,target.elbow_flex.pos,target.wrist_flex.pos,target.wrist_roll.pos,target.gripper.pos,sent.shoulder_pan.pos,sent.shoulder_lift.pos,sent.elbow_flex.pos,sent.wrist_flex.pos,sent.wrist_roll.pos,sent.gripper.pos,gripper_actual
0.271,0,-5.441348075866699,-101.04591369628906,94.14427185058594,62.38453674316406,-15.5545654296875,-0.1779022216796875,-5.441348075866699,-101.04591369628906,94.14427185058594,67.35164835164835,-15.5545654296875,-0.1779022216796875,1.6960208741030658
0.299,0,-5.4239702224731445,-101.06046295166016,94.15908813476562,62.31939697265625,-15.595909118652344,-0.18014907836914062,-5.4239702224731445,-101.06046295166016,94.15908813476562,67.35164835164835,-15.595909118652344,-0.18014907836914062,1.6960208741030658
0.335,0,-5.5967254638671875,-101.00081634521484,94.19468688964844,62.19828796386719,-16.17059326171875,-0.099822998046875,-5.5967254638671875,-101.00081634521484,94.19468688964844,67.0,-16.17059326171875,-0.099822998046875,1.6960208741030658
0.362,0,-5.581811904907227,-100.99337768554688,94.21757507324219,62.080970764160156,-16.41155242919922,-0.04638099670410156,-5.581811904907227,-100.99337768554688,94.21757507324219,65.68131868131869,-16.41155242919922,-0.04638099670410156,1.36986301369863
0.396,0,-5.692583084106445,-100.93789672851562,94.25550079345703,61.71940612792969,-17.09496307373047,-0.03915214538574219,-5.692583084106445,-100.93789672851562,94.25550079345703,64.45054945054945,-17.09496307373047,-0.03915214538574219,1.1089367253750815
0.431,0,-5.697843551635742,-100.9163818359375,94.40164947509766,61.01689147949219,-18.30892562866211,-0.010763168334960938,-5.697843551635742,-100.9163818359375,94.40164947509766,63.30769230769231,-18.30892562866211,-0.010763168334960938,1.1089367253750815
0.494,0,-5.715115547180176,-100.87471008300781,94.53475189208984,60.243377685546875,-19.44208526611328,-0.00095367431640625,-5.715115547180176,-100.87471008300781,94.53475189208984,61.10989010989012,-19.44208526611328,-0.00095367431640625,1.1089367253750815
0.518,0,-5.668858528137207,-100.81395721435547,94.67930603027344,59.325408935546875,-20.739891052246094,0.013135910034179688,-5.668858528137207,-100.81395721435547,94.67930603027344,60.58241758241758,-20.739891052246094,0.013135910034179688,1.1089367253750815
0.563,0,-5.704015731811523,-100.74211883544922,94.82373046875,58.34468078613281,-22.38558578491211,0.020555496215820312,-5.704015731811523,-100.74211883544922,94.82373046875,59.26373626373626,-22.38558578491211,0.020555496215820312,1.1089367253750815
0.586,0,-5.7232208251953125,-100.66104125976562,94.9647445678711,57.36698913574219,-23.972713470458984,0.017238616943359375,-5.7232208251953125,-100.66104125976562,94.9647445678711,58.38461538461539,-23.972713470458984,0.017238616943359375,1.1089367253750815
0.623,0,-5.730609893798828,-100.56028747558594,95.11154174804688,56.28694152832031,-25.96805191040039,0.024225234985351562,-5.730609893798828,-100.56028747558594,95.11154174804688,57.065934065934066,-25.52747252747253,0.024225234985351562,1.1089367253750815
0.657,0,-5.728672981262207,-100.47901916503906,95.25047302246094,55.27777099609375,-27.823883056640625,0.03430938720703125,-5.728672981262207,-100.47901916503906,95.25047302246094,55.92307692307692,-27.197802197802197,0.03430938720703125,1.1089367253750815
0.687,0,-5.680624961853027,-100.41558074951172,95.38701629638672,54.358985900878906,-29.64544677734375,0.034458160400390625,-5.680624961853027,-100.41558074951172,95.38701629638672,54.86813186813187,-28.516483516483518,0.034458160400390625,1.1089367253750815
0.721,0,-5.6392107009887695,-100.34037780761719,95.5154800415039,53.414329528808594,-31.519195556640625,0.035205841064453125,-5.6392107009887695,-100.34037780761719,95.5154800415039,53.54945054945055,-30.186813186813186,0.035205841064453125,1.1089367253750815
0.754,0,-5.513790130615234,-100.29032897949219,95.62892150878906,52.5699462890625,-33.25892639160156,0.06943702697753906,-5.513790130615234,-100.29032897949219,95.62892150878906,52.5699462890625,-31.593406593406595,0.06943702697753906,1.1089367253750815
0.790,0,-5.394722938537598,-100.23617553710938,95.73593139648438,51.744285583496094,-34.97882080078125,0.10116386413574219,-5.394722938537598,-100.23617553710938,95.73593139648438,51.744285583496094,-33.26373626373626,0.10116386413574219,1.1089367253750815
0.820,0,-5.252979278564453,-100.18251037597656,95.83485412597656,50.94438934326172,-36.76381301879883,0.15264320373535156,-5.252979278564453,-100.18251037597656,95.83485412597656,50.94438934326172,-34.582417582417584,0.15264320373535156,1.1089367253750815
0.853,0,-5.101091384887695,-100.11555480957031,95.91516876220703,50.12554931640625,-38.60892868041992,0.2519512176513672,-5.101091384887695,-100.11555480957031,95.91516876220703,50.12554931640625,-35.901098901098905,0.2519512176513672,1.1089367253750815
0.887,0,-4.930150032043457,-100.05184173583984,95.98854064941406,49.34846496582031,-40.34743118286133,0.3341236114501953,-4.930150032043457,-100.05184173583984,95.98854064941406,49.34846496582031,-37.65934065934066,0.3341236114501953,1.1089367253750815
0.920,0,-4.710139274597168,-99.99498748779297,96.05366516113281,48.594093322753906,-42.12855911254883,0.4461688995361328,-4.710139274597168,-99.99498748779297,96.05366516113281,48.594093322753906,-38.97802197802198,0.4461688995361328,1.1089367253750815
0.954,0,-4.456629753112793,-99.9521255493164,96.1235122680664,47.867332458496094,-43.8767204284668,0.5943317413330078,-4.456629753112793,-99.9521255493164,96.1235122680664,47.867332458496094,-40.38461538461539,0.5943317413330078,1.1089367253750815
0.988,0,-4.187067985534668,-99.92544555664062,96.18470764160156,47.19181823730469,-45.563865661621094,0.7376060485839844,-4.187067985534668,-99.92544555664062,96.18470764160156,47.19181823730469,-42.142857142857146,0.7376060485839844,1.1089367253750815
1.057,0,-3.8778553009033203,-99.89530944824219,96.23641967773438,46.51978302001953,-47.185325622558594,0.91644287109375,-3.8778553009033203,-99.89530944824219,96.23641967773438,46.51978302001953,-45.043956043956044,0.91644287109375,1.1089367253750815
1.102,0,-3.5508666038513184,-99.85970306396484,96.28453826904297,45.793678283691406,-48.92571258544922,1.1626968383789062,-3.5508666038513184,-99.85970306396484,96.28453826904297,45.793678283691406,-46.18681318681319,1.1626968383789062,1.1089367253750815
1.159,0,-3.212390899658203,-99.81963348388672,96.32814025878906,45.083396911621094,-50.61516571044922,1.432525634765625,-3.212390899658203,-99.81963348388672,96.32814025878906,45.083396911621094,-49.0,1.432525634765625,1.1089367253750815
1.183,0,-2.824247360229492,-99.79850769042969,96.37055206298828,44.416046142578125,-52.225467681884766,1.733804702758789,-2.824247360229492,-99.79850769042969,96.37055206298828,44.416046142578125,-49.61538461538461,1.733804702758789,1.1089367253750815
1.240,0,-2.4468741416931152,-99.7830581665039,96.41441345214844,43.73175811767578,-53.86962127685547,2.0575294494628906,-2.4468741416931152,-99.7830581665039,96.41441345214844,43.73175811767578,-51.9010989010989,2.0575294494628906,1.1089367253750815
1.263,0,-2.0703811645507812,-99.76791381835938,96.45265197753906,43.079383850097656,-55.45594024658203,2.4100723266601562,-2.0703811645507812,-99.76791381835938,96.45265197753906,43.079383850097656,-52.78021978021978,2.4100723266601562,1.304631441617743
1.299,0,-1.6450977325439453,-99.75562286376953,96.48058319091797,42.4571533203125,-57.00516128540039,2.835836410522461,-1.6450977325439453,-99.75562286376953,96.48058319091797,42.4571533203125,-54.010989010989015,2.835836410522461,1.4350945857795172
1.333,0,-1.2208776473999023,-99.75049591064453,96.50419616699219,41.84288024902344,-58.51819610595703,3.284944534301758,-1.2208776473999023,-99.75049591064453,96.50419616699219,41.84288024902344,-55.76923076923077,3.284944534301758,1.6307893020221786
1.400,0,-0.7770013809204102,-99.76126861572266,96.52892303466797,41.27228546142578,-60.033809661865234,3.7650089263916016,-0.7770013809204102,-99.76126861572266,96.52892303466797,41.27228546142578,-58.582417582417584,3.7650089263916016,1.82648401826484
1.425,0,-0.3276247978210449,-99.77958679199219,96.54926300048828,40.738990783691406,-61.43303680419922,4.2504777908325195,-0.3276247978210449,-99.77958679199219,96.54926300048828,40.738990783691406,-59.285714285714285,4.2504777908325195,2.4787997390737115
1.464,0,0.1254572868347168,-99.79856872558594,96.5669174194336,40.255271911621094,-62.71552276611328,4.76531982421875,0.1254572868347168,-99.79856872558594,96.5669174194336,40.255271911621094,-60.604395604395606,4.76531982421875,2.73972602739726
1.504,0,0.5838210582733154,-99.82072448730469,96.58784484863281,39.78443908691406,-63.96576690673828,5.303461074829102,0.5838210582733154,-99.82072448730469,96.58784484863281,39.78443908691406,-62.62637362637363,5.303461074829102,3.1963470319634704
1.529,0,1.0492825508117676,-99.85580444335938,96.61182403564453,39.29182434082031,-65.16999816894531,5.907924652099609,1.0492825508117676,-99.85580444335938,96.61182403564453,39.29182434082031,-63.68131868131868,5.907924652099609,3.65296803652968
1.560,0,1.5159986019134521,-99.88787078857422,96.63021850585938,38.82727813720703,-66.2471694946289,6.541858673095703,1.5159986019134521,-99.88787078857422,96.63021850585938,38.82727813720703,-64.82417582417582,6.541858673095703,4.044357469015003
1.598,0,1.9865942001342773,-99.92247772216797,96.64562225341797,38.31163024902344,-67.29048156738281,7.239530563354492,1.9865942001342773,-99.92247772216797,96.64562225341797,38.31163024902344,-66.84615384615384,7.239530563354492,4.6966731898238745
1.638,0,2.4204955101013184,-99.94935607910156,96.65486145019531,37.8519287109375,-68.25413513183594,7.960536956787109,2.4204955101013184,-99.94935607910156,96.65486145019531,37.8519287109375,-68.25274725274726,7.960536956787109,5.218525766470972
1.663,0,2.8553667068481445,-99.97819519042969,96.66057586669922,37.36778259277344,-69.20121002197266,8.73448371887207,2.8553667068481445,-99.97819519042969,96.66057586669922,37.36778259277344,-69.20121002197266,8.73448371887207,5.805609915198956
1.693,0,3.2856099605560303,-100.009521484375,96.66320037841797,36.91969299316406,-70.0218505859375,9.541362762451172,3.2856099605560303,-100.009521484375,96.66320037841797,36.91969299316406,-70.0218505859375,9.541362762451172,6.392694063926941
1.733,0,3.7145097255706787,-100.04234313964844,96.67018127441406,36.463584899902344,-70.84893035888672,10.380858421325684,3.7145097255706787,-100.04234313964844,96.67018127441406,36.463584899902344,-70.84893035888672,10.380858421325684,7.110241356816699
1.760,0,4.140592575073242,-100.08108520507812,96.67457580566406,36.017974853515625,-71.63320922851562,11.264971733093262,4.140592575073242,-100.08108520507812,96.67457580566406,36.017974853515625,-71.63320922851562,11.264971733093262,7.893020221787345
1.801,0,4.562338352203369,-100.11148834228516,96.67973327636719,35.55213165283203,-72.36998748779297,12.184115409851074,4.562338352203369,-100.11148834228516,96.67973327636719,35.55213165283203,-72.36998748779297,12.184115409851074,8.610567514677104
1.836,0,4.99297571182251,-100.13438415527344,96.6806869506836,35.10005187988281,-73.06348419189453,13.144092559814453,4.99297571182251,-100.13438415527344,96.6806869506836,35.10005187988281,-73.06348419189453,13.144092559814453,9.523809523809524
1.860,0,5.403085231781006,-100.13951873779297,96.6835708618164,34.61297607421875,-73.72438049316406,14.152993202209473,5.403085231781006,-100.13951873779297,96.6835708618164,34.61297607421875,-73.72438049316406,14.152993202209473,10.241356816699282
1.894,0,5.818902015686035,-100.13153076171875,96.68498229980469,34.13392639160156,-74.33824157714844,15.201685905456543,5.818902015686035,-100.13153076171875,96.68498229980469,34.13392639160156,-74.33824157714844,15.201685905456543,11.089367253750815
1.978,0,6.213015556335449,-100.11012268066406,96.68954467773438,33.652198791503906,-74.92228698730469,16.242156982421875,6.213015556335449,-100.11012268066406,96.68954467773438,33.652198791503906,-74.92228698730469,16.242156982421875,12.13307240704501
2.007,0,6.604135990142822,-100.07732391357422,96.68790435791016,33.17893981933594,-75.48080444335938,17.28322982788086,6.604135990142822,-100.07732391357422,96.68790435791016,33.17893981933594,-75.48080444335938,17.28322982788086,14.024787997390737
2.035,0,6.994590759277344,-100.01219177246094,96.69547271728516,32.67455291748047,-76.02339935302734,18.361053466796875,6.994590759277344,-100.01219177246094,96.69547271728516,32.67455291748047,-76.02339935302734,18.361053466796875,14.41617742987606
2.069,0,7.364818572998047,-99.9310302734375,96.70248413085938,32.163490295410156,-76.52361297607422,19.419015884399414,7.364818572998047,-99.9310302734375,96.70248413085938,32.163490295410156,-76.52361297607422,19.419015884399414,15.198956294846704
2.108,0,7.731540679931641,-99.81470489501953,96.71060943603516,31.656509399414062,-76.97118377685547,20.477291107177734,7.731540679931641,-99.81470489501953,96.71060943603516,31.656509399414062,-76.97118377685547,20.477291107177734,16.2426614481409
2.137,0,8.069159507751465,-99.66119384765625,96.715087890625,31.108558654785156,-77.43834686279297,21.498319625854492,8.069159507751465,-99.66119384765625,96.715087890625,31.108558654785156,-77.43834686279297,21.498319625854492,17.286366601435095
2.169,0,8.398530960083008,-99.44640350341797,96.72639465332031,30.529464721679688,-77.8805160522461,22.507648468017578,8.398530960083008,-99.44640350341797,96.72639465332031,30.529464721679688,-77.8805160522461,22.507648468017578,18.199608610567513
2.206,0,8.691572189331055,-99.25642395019531,96.74040222167969,29.975135803222656,-78.2939224243164,23.489891052246094,8.691572189331055,-99.25642395019531,96.74040222167969,29.975135803222656,-78.2939224243164,23.489891052246094,19.17808219178082
2.235,0,8.983172416687012,-98.95084381103516,96.75375366210938,29.3377685546875,-78.66047668457031,24.451730728149414,8.983172416687012,-98.95084381103516,96.75375366210938,29.3377685546875,-78.66047668457031,24.451730728149414,20.352250489236788
2.269,0,9.243791580200195,-98.64494323730469,96.76720428466797,28.697341918945312,-79.0390396118164,25.380590438842773,9.243791580200195,-98.64494323730469,96.76720428466797,28.697341918945312,-79.0390396118164,25.380590438842773,21.330724070450096
2.315,0,9.50799560546875,-98.25973510742188,96.78324890136719,27.99646759033203,-79.41873931884766,26.290159225463867,9.50799560546875,-98.25973510742188,96.78324890136719,27.99646759033203,-79.41873931884766,26.290159225463867,22.37442922374429
2.339,0,9.753090858459473,-97.82697296142578,96.8014144897461,27.245506286621094,-79.78482818603516,27.19278907775879,9.753090858459473,-97.82697296142578,96.8014144897461,27.245506286621094,-79.78482818603516,27.19278907775879,23.418134377038484
2.371,0,9.99842643737793,-97.35264587402344,96.8169174194336,26.487472534179688,-80.09908294677734,28.063011169433594,9.99842643737793,-97.35264587402344,96.8169174194336,26.487472534179688,-80.09908294677734,28.063011169433594,24.200913242009133
2.406,0,10.206174850463867,-96.82351684570312,96.8306655883789,25.68575668334961,-80.42996978759766,28.89741325378418,10.206174850463867,-96.82351684570312,96.8306655883789,25.68575668334961,-80.42996978759766,28.89741325378418,25.179386823222437
2.440,0,10.425237655639648,-96.23871612548828,96.84642028808594,24.853721618652344,-80.75609588623047,29.70661735534668,10.425237655639648,-96.23871612548828,96.84642028808594,24.853721618652344,-80.75609588623047,29.70661735534668,26.157860404435745
2.473,0,10.637449264526367,-95.55426025390625,96.85929107666016,23.918411254882812,-81.08397674560547,30.497180938720703,10.637449264526367,-95.55426025390625,96.85929107666016,23.918411254882812,-81.08397674560547,30.497180938720703,27.071102413568166
2.507,0,10.850337982177734,-94.81307983398438,96.87307739257812,22.952709197998047,-81.39863586425781,31.276653289794922,10.850337982177734,-94.81307983398438,96.87307739257812,22.952709197998047,-81.39863586425781,31.276653289794922,27.85388127853881
2.540,0,11.055334091186523,-93.9168701171875,96.88136291503906,21.819042205810547,-81.75016021728516,32.05657958984375,11.055334091186523,-93.9168701171875,96.88136291503906,21.819042205810547,-81.75016021728516,32.05657958984375,28.701891715590342
2.577,0,11.272806167602539,-92.97911071777344,96.8890151977539,20.63759994506836,-82.13304138183594,32.831478118896484,11.272806167602539,-92.97911071777344,96.8890151977539,20.63759994506836,-82.13304138183594,32.831478118896484,29.549902152641877
2.607,0,11.493227005004883,-91.91827392578125,96.88661193847656,19.331928253173828,-82.51016235351562,33.590633392333984,11.493227005004883,-91.91827392578125,96.88661193847656,19.331928253173828,-82.51016235351562,33.590633392333984,30.332681017612522
2.640,0,11.72722053527832,-90.80610656738281,96.87946319580078,17.983047485351562,-82.91992950439453,34.37262725830078,11.72722053527832,-90.80610656738281,96.87946319580078,18.032967032967033,-82.91992950439453,34.37262725830078,31.05022831050228
2.674,0,11.954085350036621,-89.68162536621094,96.86795043945312,16.63034439086914,-83.2967300415039,35.1023063659668,11.954085350036621,-89.68162536621094,96.86795043945312,16.802197802197803,-83.2967300415039,35.1023063659668,31.898238747553815
2.707,0,12.150409698486328,-88.4996337890625,96.8561019897461,15.24698257446289,-83.65554809570312,35.82466125488281,12.150409698486328,-88.4996337890625,96.8561019897461,15.571428571428573,-83.65554809570312,35.82466125488281,32.68101761252446
2.740,0,12.333771705627441,-87.28411865234375,96.83731842041016,13.849571228027344,-83.97177124023438,36.49162292480469,12.333771705627441,-87.28411865234375,96.83731842041016,14.34065934065934,-83.97177124023438,36.49162292480469,33.46379647749511
2.774,0,12.48851203918457,-86.01129913330078,96.81565856933594,12.442909240722656,-84.24700927734375,37.116981506347656,12.48851203918457,-86.01129913330078,96.81565856933594,13.10989010989011,-84.24700927734375,37.116981506347656,34.18134377038486
2.808,0,12.648484230041504,-84.72305297851562,96.78219604492188,11.025123596191406,-84.50192260742188,37.68838882446289,12.648484230041504,-84.72305297851562,96.78219604492188,11.87912087912088,-84.50192260742188,37.68838882446289,34.96412263535551
2.841,0,12.7810697555542,-83.38834381103516,96.75100708007812,9.570953369140625,-84.75105285644531,38.24397277832031,12.7810697555542,-83.38834381103516,96.75100708007812,10.736263736263735,-84.75105285644531,38.24397277832031,35.68166992824527
2.881,0,12.903407096862793,-82.05199432373047,96.70378112792969,8.13272476196289,-84.96387481689453,38.73784637451172,12.903407096862793,-82.05199432373047,96.70378112792969,9.241758241758241,-84.96387481689453,38.73784637451172,36.33398564905414
2.909,0,12.994672775268555,-80.70655059814453,96.66024017333984,6.7078399658203125,-85.15444946289062,39.19174575805664,12.994672775268555,-80.70655059814453,96.66024017333984,8.362637362637363,-85.15444946289062,39.19174575805664,36.921069797782124
2.940,0,13.105900764465332,-79.35540008544922,96.60161590576172,5.288749694824219,-85.338134765625,39.5904541015625,13.105900764465332,-79.35540008544922,96.60161590576172,7.219780219780219,-85.338134765625,39.5904541015625,37.508153946510106
2.973,0,13.18828010559082,-77.99696350097656,96.53826904296875,3.880451202392578,-85.51044464111328,39.96687316894531,13.18828010559082,-77.99696350097656,96.53826904296875,5.9010989010989015,-85.51044464111328,39.96687316894531,38.030006523157205
3.039,0,13.260167121887207,-76.61689758300781,96.45320129394531,2.462108612060547,-85.66338348388672,40.29114532470703,13.260167121887207,-76.61689758300781,96.45320129394531,3.5274725274725274,-85.66338348388672,40.29114532470703,38.551859099804304
3.069,0,13.34320068359375,-75.22398376464844,96.365478515625,1.0468482971191406,-85.81350708007812,40.58977508544922,13.34320068359375,-75.22398376464844,96.365478515625,2.9120879120879124,-85.81350708007812,40.58977508544922,39.26940639269406
3.097,0,13.408242225646973,-73.80147552490234,96.26364135742188,-0.3796882629394531,-85.95824432373047,40.857215881347656,13.408242225646973,-73.80147552490234,96.26364135742188,2.032967032967033,-85.95824432373047,40.857215881347656,39.39986953685584
3.129,0,13.473512649536133,-72.38603210449219,96.15176391601562,-1.7977027893066406,-86.08991241455078,41.10652160644531,13.473512649536133,-72.38603210449219,96.15176391601562,0.6263736263736268,-86.08991241455078,41.10652160644531,39.79125896934116
3.162,0,13.52796745300293,-70.92153930664062,96.01858520507812,-3.2314682006835938,-86.19561004638672,41.34446716308594,13.52796745300293,-70.92153930664062,96.01858520507812,-0.5164835164835164,-86.19561004638672,41.34446716308594,40.11741682974559
3.196,0,13.588072776794434,-69.42234802246094,95.86390686035156,-4.715080261230469,-86.31422424316406,41.566139221191406,13.588072776794434,-69.42234802246094,95.86390686035156,-1.7472527472527473,-86.31422424316406,41.566139221191406,40.44357469015003
3.228,0,13.64230728149414,-67.9344711303711,95.69973754882812,-6.155168533325195,-86.43124389648438,41.77143859863281,13.64230728149414,-67.9344711303711,95.69973754882812,-2.978021978021978,-86.43124389648438,41.77143859863281,40.704500978473575
3.265,0,13.697042465209961,-66.38378143310547,95.49629974365234,-7.631982803344727,-86.53582763671875,41.95732116699219,13.697042465209961,-66.38378143310547,95.49629974365234,-4.2967032967032965,-86.53582763671875,41.95732116699219,40.96542726679713
3.298,0,13.737428665161133,-64.81368255615234,95.26309967041016,-9.085210800170898,-86.62102508544922,42.126373291015625,13.737428665161133,-64.84615384615384,95.26309967041016,-5.527472527472527,-86.62102508544922,42.126373291015625,41.16112198303979
3.330,0,13.797274589538574,-63.2580451965332,95.00625610351562,-10.534976959228516,-86.71886444091797,42.299278259277344,13.797274589538574,-63.43956043956044,95.00625610351562,-6.582417582417582,-86.71886444091797,42.299278259277344,41.42204827136334
3.364,0,13.832712173461914,-61.660953521728516,94.72259521484375,-11.97800064086914,-86.80770111083984,42.45429992675781,13.832712173461914,-61.85714285714286,94.72259521484375,-7.989010989010989,-86.80770111083984,42.45429992675781,41.617742987606
3.445,0,13.872832298278809,-60.1059455871582,94.41935729980469,-13.374322891235352,-86.88504028320312,42.59283447265625,13.872832298278809,-60.1059455871582,94.41935729980469,-10.626373626373628,-86.88504028320312,42.59283447265625,41.74820613176777
3.471,0,13.920268058776855,-58.55105972290039,94.09131622314453,-14.755727767944336,-86.96308898925781,42.74076843261719,13.920268058776855,-58.55105972290039,94.09131622314453,-10.978021978021978,-86.96308898925781,42.74076843261719,42.00913242009132
3.503,0,13.949394226074219,-56.9665641784668,93.74981689453125,-16.13727378845215,-87.0303726196289,42.87389373779297,13.949394226074219,-57.1978021978022,93.74981689453125,-11.857142857142858,-87.0303726196289,42.87389373779297,42.00913242009132
3.536,0,13.975553512573242,-55.39510726928711,93.38848876953125,-17.484012603759766,-87.0912094116211,42.99165344238281,13.975553512573242,-55.61538461538461,93.38848876953125,-13.43956043956044,-87.0912094116211,42.99165344238281,42.27005870841487
3.570,0,14.005013465881348,-53.82954025268555,93.0105972290039,-18.80375862121582,-87.133056640625,43.10681915283203,14.005013465881348,-53.94505494505494,93.0105972290039,-14.582417582417582,-87.133056640625,43.10681915283203,42.400521852576645
3.604,0,14.04538345336914,-52.27601623535156,92.62886047363281,-20.14181900024414,-87.18939208984375,43.23778533935547,14.04538345336914,-52.362637362637365,92.62886047363281,-15.725274725274724,-87.18939208984375,43.23778533935547,42.53098499673842
3.650,0,14.070426940917969,-50.729393005371094,92.2369384765625,-21.44696044921875,-87.2322998046875,43.35981369018555,14.070426940917969,-50.729393005371094,92.2369384765625,-17.57142857142857,-87.2322998046875,43.35981369018555,42.66144814090019
3.675,0,14.105436325073242,-49.16804122924805,91.83442687988281,-22.761016845703125,-87.27254486083984,43.47636413574219,14.105436325073242,-49.285714285714285,91.83442687988281,-18.274725274725277,-87.27254486083984,43.47636413574219,42.79191128506197
3.708,0,14.127107620239258,-47.62865447998047,91.4273910522461,-24.046607971191406,-87.30255889892578,43.593753814697266,14.127107620239258,-47.967032967032964,91.4273910522461,-19.32967032967033,-87.30255889892578,43.593753814697266,42.922374429223744
3.748,0,14.173006057739258,-46.143898010253906,91.02932739257812,-25.300491333007812,-87.34201049804688,43.72029495239258,14.173006057739258,-46.143898010253906,91.02932739257812,-20.912087912087912,-87.34201049804688,43.72029495239258,43.05283757338552
3.776,0,14.203583717346191,-44.64732360839844,90.61991882324219,-26.541942596435547,-87.37356567382812,43.84403991699219,14.203583717346191,-44.714285714285715,90.61991882324219,-21.87912087912088,-87.37356567382812,43.84403991699219,43.18330071754729
3.809,0,14.228781700134277,-43.19065856933594,90.21609497070312,-27.75090217590332,-87.3981704711914,43.9609375,14.228781700134277,-43.48351648351648,90.21609497070312,-23.021978021978022,-87.3981704711914,43.9609375,43.31376386170906
3.842,0,14.221912384033203,-42.498817443847656,90.0519027709961,-28.337106704711914,-87.414794921875,43.98488235473633,14.221912384033203,-42.498817443847656,90.0519027709961,-24.428571428571427,-87.414794921875,43.98488235473633,43.37899543378995
3.882,0,14.240731239318848,-41.826324462890625,89.88693237304688,-28.931743621826172,-87.44342803955078,44.0233154296875,14.240731239318848,-41.826324462890625,89.88693237304688,-25.747252747252748,-87.44342803955078,44.0233154296875,43.444227005870836
3.920,0,14.236324310302734,-41.09767150878906,89.68896484375,-29.552536010742188,-87.4760513305664,44.06560516357422,14.236324310302734,-41.09767150878906,89.68896484375,-27.065934065934066,-87.4760513305664,44.06560516357422,43.574690150032616
3.945,0,14.244331359863281,-40.34539794921875,89.47697448730469,-30.20716667175293,-87.49465942382812,44.12266540527344,14.244331359863281,-40.34539794921875,89.47697448730469,-27.945054945054945,-87.49465942382812,44.12266540527344,43.70515329419439
3.978,0,14.244887351989746,-39.64326477050781,89.28888702392578,-30.802207946777344,-87.51571655273438,44.15420913696289,14.244887351989746,-39.64326477050781,89.28888702392578,-29.263736263736263,-87.51571655273438,44.15420913696289,43.77038486627527
4.013,0,14.266703605651855,-38.85962677001953,89.0560302734375,-31.48980712890625,-87.53666687011719,44.22504806518555,14.266703605651855,-38.85962677001953,89.0560302734375,-30.582417582417584,-87.53666687011719,44.22504806518555,43.77038486627527
4.045,0,14.26845932006836,-38.126129150390625,88.84571838378906,-32.11967849731445,-87.56014251708984,44.274749755859375,14.26845932006836,-38.126129150390625,88.84571838378906,-31.725274725274726,-87.56014251708984,44.274749755859375,43.77038486627527
4.078,0,14.286231994628906,-37.347198486328125,88.61396789550781,-32.79206085205078,-87.57508087158203,44.341224670410156,14.286231994628906,-37.347198486328125,88.61396789550781,-32.79206085205078,-87.57508087158203,44.341224670410156,43.77038486627527
4.116,0,14.290242195129395,-36.631065368652344,88.40331268310547,-33.404151916503906,-87.5912094116211,44.38899230957031,14.290242195129395,-36.631065368652344,88.40331268310547,-33.404151916503906,-87.5912094116211,44.38899230957031,43.77038486627527
4.144,0,14.32080364227295,-35.93625259399414,88.18412780761719,-34.00718307495117,-87.61088562011719,44.44721603393555,14.32080364227295,-35.93625259399414,88.18412780761719,-34.00718307495117,-87.61088562011719,44.44721603393555,43.77038486627527
4.178,0,14.336370468139648,-35.20441436767578,87.95957946777344,-34.63119888305664,-87.62589263916016,44.50990295410156,14.336370468139648,-35.20441436767578,87.95957946777344,-34.63119888305664,-87.62589263916016,44.50990295410156,43.77038486627527
4.212,0,14.345208168029785,-34.474849700927734,87.73416137695312,-35.25430679321289,-87.64076232910156,44.56719207763672,14.345208168029785,-34.474849700927734,87.73416137695312,-35.25430679321289,-87.64076232910156,44.56719207763672,43.966079582517935
4.244,0,14.360047340393066,-33.706539154052734,87.48951721191406,-35.90227127075195,-87.62858581542969,44.63911819458008,14.360047340393066,-33.706539154052734,87.48951721191406,-35.90227127075195,-87.62858581542969,44.63911819458008,44.09654272667971
4.310,0,14.395095825195312,-33.057212829589844,87.27558898925781,-36.46104431152344,-87.63650512695312,44.695823669433594,14.395095825195312,-33.057212829589844,87.27558898925781,-36.46104431152344,-87.63650512695312,44.695823669433594,44.1617742987606
4.333,0,14.419149398803711,-32.33924865722656,87.03620910644531,-37.070762634277344,-87.63908386230469,44.775875091552734,14.419149398803711,-32.33924865722656,87.03620910644531,-37.070762634277344,-87.63908386230469,44.775875091552734,44.1617742987606
4.384,0,14.43773078918457,-31.635135650634766,86.79962158203125,-37.65378189086914,-87.63182830810547,44.84014129638672,14.43773078918457,-31.635135650634766,86.79962158203125,-37.65378189086914,-87.63182830810547,44.84014129638672,44.1617742987606
4.414,0,14.477935791015625,-30.966995239257812,86.56642150878906,-38.244136810302734,-87.63302612304688,44.9211311340332,14.477935791015625,-30.966995239257812,86.56642150878906,-38.244136810302734,-87.63302612304688,44.9211311340332,44.22700587084149
4.441,0,14.50593376159668,-30.386871337890625,86.3681640625,-38.732093811035156,-87.64450073242188,44.9708366394043,14.50593376159668,-30.386871337890625,86.3681640625,-38.732093811035156,-87.64450073242188,44.9708366394043,44.35746901500326
4.473,0,14.534900665283203,-29.821428298950195,86.17106628417969,-39.21900939941406,-87.64929962158203,45.01995086669922,14.534900665283203,-29.821428298950195,86.17106628417969,-39.21900939941406,-87.64929962158203,45.01995086669922,44.487932159165034
4.519,0,14.566322326660156,-29.275890350341797,85.97892761230469,-39.67046356201172,-87.65652465820312,45.06142044067383,14.566322326660156,-29.275890350341797,85.97892761230469,-39.67046356201172,-87.65652465820312,45.06142044067383,44.553163731245924
4.546,0,14.622121810913086,-28.728425979614258,85.7765121459961,-40.158851623535156,-87.66559600830078,45.132225036621094,14.622121810913086,-28.728425979614258,85.7765121459961,-40.158851623535156,-87.66559600830078,45.132225036621094,44.553163731245924
4.579,0,14.663959503173828,-28.17562484741211,85.58036804199219,-40.630863189697266,-87.66905975341797,45.180946350097656,14.663959503173828,-28.17562484741211,85.58036804199219,-40.630863189697266,-87.66905975341797,45.180946350097656,44.6836268754077
4.611,0,14.719156265258789,-27.684707641601562,85.40792083740234,-41.06633377075195,-87.6781997680664,45.23565673828125,14.719156265258789,-27.684707641601562,85.40792083740234,-41.06633377075195,-87.6781997680664,45.23565673828125,44.6836268754077
4.647,0,14.774066925048828,-27.245880126953125,85.24493408203125,-41.46170425415039,-87.7043228149414,45.279998779296875,14.774066925048828,-27.245880126953125,85.24493408203125,-41.46170425415039,-87.7043228149414,45.279998779296875,44.6836268754077
4.683,0,14.84273624420166,-26.81340789794922,85.0849609375,-41.86191940307617,-87.72107696533203,45.32733917236328,14.84273624420166,-26.81340789794922,85.0849609375,-41.86191940307617,-87.72107696533203,45.32733917236328,44.6836268754077
4.715,0,14.8984375,-26.390811920166016,84.932861328125,-42.24755859375,-87.73797607421875,45.36904525756836,14.8984375,-26.390811920166016,84.932861328125,-42.24755859375,-87.73797607421875,45.36904525756836,44.6836268754077
4.744,0,14.962675094604492,-26.00823402404785,84.80004119873047,-42.60670852661133,-87.75814819335938,45.397621154785156,14.962675094604492,-26.00823402404785,84.80004119873047,-42.60670852661133,-87.75814819335938,45.397621154785156,44.74885844748858
4.779,0,15.043645858764648,-25.588600158691406,84.64154052734375,-42.99962615966797,-87.79473114013672,45.43611145019531,15.043645858764648,-25.588600158691406,84.64154052734375,-42.99962615966797,-87.79473114013672,45.43611145019531,44.87932159165035
4.818,0,15.125214576721191,-25.208118438720703,84.49320220947266,-43.374324798583984,-87.81517028808594,45.47870635986328,15.125214576721191,-25.208118438720703,84.49320220947266,-43.374324798583984,-87.81517028808594,45.47870635986328,44.94455316373124
4.844,0,15.206002235412598,-24.829906463623047,84.34980773925781,-43.72407150268555,-87.84544372558594,45.51553726196289,15.206002235412598,-24.829906463623047,84.34980773925781,-43.72407150268555,-87.84544372558594,45.51553726196289,44.94455316373124
4.883,0,15.281692504882812,-24.440425872802734,84.1977767944336,-44.10633850097656,-87.86772918701172,45.549530029296875,15.281692504882812,-24.440425872802734,84.1977767944336,-44.10633850097656,-87.86772918701172,45.549530029296875,44.94455316373124
4.918,0,15.374311447143555,-24.0784854888916,84.04199981689453,-44.45887756347656,-87.88821411132812,45.59862518310547,15.374311447143555,-24.0784854888916,84.04199981689453,-44.45887756347656,-87.88821411132812,45.59862518310547,45.075016307893016
4.945,0,15.465044975280762,-23.774784088134766,83.94290924072266,-44.791378021240234,-87.91368865966797,45.614410400390625,15.465044975280762,-23.774784088134766,83.94290924072266,-44.791378021240234,-87.91368865966797,45.614410400390625,45.075016307893016
4.993,0,15.534656524658203,-23.413097381591797,83.82100677490234,-45.15923309326172,-87.91649627685547,45.632713317871094,15.534656524658203,-23.413097381591797,83.82100677490234,-45.15923309326172,-87.91649627685547,45.632713317871094,45.27071102413568
5.018,0,15.615458488464355,-23.154104232788086,83.7428970336914,-45.43849182128906,-87.92375946044922,45.6295166015625,15.615458488464355,-23.154104232788086,83.7428970336914,-45.43849182128906,-87.92375946044922,45.6295166015625,45.33594259621657
5.049,0,15.696969985961914,-22.885757446289062,83.64141082763672,-45.71757507324219,-87.91844177246094,45.636844635009766,15.696969985961914,-22.885757446289062,83.64141082763672,-45.71757507324219,-87.91844177246094,45.636844635009766,45.33594259621657
5.090,0,15.806998252868652,-22.668577194213867,83.5643310546875,-45.9689826965332,-87.9345474243164,45.63158416748047,15.806998252868652,-22.668577194213867,83.5643310546875,-45.9689826965332,-87.9345474243164,45.63158416748047,45.33594259621657
5.119,0,15.89797592163086,-22.41953468322754,83.47789764404297,-46.252410888671875,-87.94374084472656,45.63160705566406,15.89797592163086,-22.41953468322754,83.47789764404297,-46.252410888671875,-87.94374084472656,45.63160705566406,45.33594259621657
5.149,0,15.993340492248535,-22.215404510498047,83.41853332519531,-46.49714660644531,-87.9430160522461,45.618621826171875,15.993340492248535,-22.215404510498047,83.41853332519531,-46.49714660644531,-87.9430160522461,45.618621826171875,45.33594259621657
5.184,0,16.10108184814453,-22.0040340423584,83.33454132080078,-46.74292755126953,-87.94246673583984,45.6176643371582,16.10108184814453,-22.0040340423584,83.33454132080078,-46.74292755126953,-87.94246673583984,45.6176643371582,45.33594259621657
5.217,0,16.21318817138672,-21.809160232543945,83.26052856445312,-46.98576354980469,-87.94631958007812,45.59944152832031,16.21318817138672,-21.809160232543945,83.26052856445312,-46.98576354980469,-87.94631958007812,45.59944152832031,45.33594259621657
5.252,0,16.323108673095703,-21.55048370361328,83.15888214111328,-47.25799560546875,-87.94979858398438,45.58544921875,16.323108673095703,-21.55048370361328,83.15888214111328,-47.25799560546875,-87.94979858398438,45.58544921875,45.33594259621657
5.285,0,16.4364013671875,-21.34326171875,83.06619262695312,-47.488834381103516,-87.96156311035156,45.56568908691406,16.4364013671875,-21.34326171875,83.06619262695312,-47.488834381103516,-87.96156311035156,45.56568908691406,45.33594259621657
5.323,0,16.547832489013672,-21.12926483154297,82.93577575683594,-47.65812683105469,-87.92134857177734,45.52326202392578,16.547832489013672,-21.12926483154297,82.93577575683594,-47.65812683105469,-87.92134857177734,45.52326202392578,45.33594259621657
5.348,0,16.664188385009766,-20.875757217407227,82.80408477783203,-47.92597579956055,-87.9599609375,45.50932693481445,16.664188385009766,-20.875757217407227,82.80408477783203,-47.92597579956055,-87.9599609375,45.50932693481445,45.33594259621657
5.382,0,16.773611068725586,-20.648143768310547,82.69422912597656,-48.17383575439453,-87.97879028320312,45.48873519897461,16.773611068725586,-20.648143768310547,82.69422912597656,-48.17383575439453,-87.97879028320312,45.48873519897461,45.33594259621657
5.418,0,16.882972717285156,-20.471521377563477,82.5920639038086,-48.378196716308594,-87.98776245117188,45.47223663330078,16.882972717285156,-20.471521377563477,82.5920639038086,-48.378196716308594,-87.98776245117188,45.47223663330078,45.33594259621657
5.480,0,16.98043441772461,-20.34852409362793,82.51033020019531,-48.53936004638672,-87.98954772949219,45.46015930175781,16.98043441772461,-20.34852409362793,82.51033020019531,-48.53936004638672,-87.98954772949219,45.46015930175781,45.33594259621657
5.504,0,17.071489334106445,-20.179527282714844,82.41284942626953,-48.730194091796875,-87.9868392944336,45.43472671508789,17.071489334106445,-20.179527282714844,82.41284942626953,-48.730194091796875,-87.9868392944336,45.43472671508789,45.33594259621657
5.539,0,17.183090209960938,-20.074581146240234,82.34042358398438,-48.874534606933594,-87.98290252685547,45.40270233154297,17.183090209960938,-20.074581146240234,82.34042358398438,-48.874534606933594,-87.98290252685547,45.40270233154297,45.33594259621657
5.570,0,17.275650024414062,-19.971073150634766,82.26107788085938,-49.01081848144531,-87.97134399414062,45.36778259277344,17.275650024414062,-19.971073150634766,82.26107788085938,-49.01081848144531,-87.97134399414062,45.36778259277344,45.33594259621657
5.605,0,17.395545959472656,-19.895910263061523,82.19160461425781,-49.1339225769043,-87.9753646850586,45.345794677734375,17.395545959472656,-19.895910263061523,82.19160461425781,-49.1339225769043,-87.9753646850586,45.345794677734375,45.33594259621657
5.643,0,17.48632049560547,-19.797561645507812,82.1204833984375,-49.26026153564453,-87.96843719482422,45.304718017578125,17.48632049560547,-19.797561645507812,82.1204833984375,-49.26026153564453,-87.96843719482422,45.304718017578125,45.33594259621657
5.670,0,17.60097885131836,-19.758041381835938,82.07398986816406,-49.35096740722656,-87.95950317382812,45.267120361328125,17.60097885131836,-19.758041381835938,82.07398986816406,-49.35096740722656,-87.95950317382812,45.267120361328125,45.33594259621657
5.706,0,17.712223052978516,-19.717453002929688,82.02164459228516,-49.440452575683594,-87.96522521972656,45.23072814941406,17.712223052978516,-19.717453002929688,82.02164459228516,-49.440452575683594,-87.96522521972656,45.23072814941406,45.33594259621657
5.737,0,17.830028533935547,-19.693572998046875,81.99197387695312,-49.5341911315918,-87.9627456665039,45.186744689941406,17.830028533935547,-19.693572998046875,81.99197387695312,-49.5341911315918,-87.9627456665039,45.186744689941406,45.33594259621657
5.770,0,17.92473602294922,-19.615604400634766,81.94246673583984,-49.637630462646484,-87.9626693725586,45.13790512084961,17.92473602294922,-19.615604400634766,81.94246673583984,-49.637630462646484,-87.9626693725586,45.13790512084961,45.33594259621657
5.804,0,18.028457641601562,-19.576066970825195,81.90816497802734,-49.71989440917969,-87.961181640625,45.08203887939453,18.028457641601562,-19.576066970825195,81.90816497802734,-49.71989440917969,-87.961181640625,45.08203887939453,45.33594259621657
5.844,0,18.138389587402344,-19.550949096679688,81.87586212158203,-49.79437255859375,-87.97010040283203,45.03276443481445,18.138389587402344,-19.550949096679688,81.87586212158203,-49.79437255859375,-87.97010040283203,45.03276443481445,45.33594259621657
5.884,0,18.248641967773438,-19.523649215698242,81.85388946533203,-49.88588333129883,-87.98748016357422,44.96986389160156,18.248641967773438,-19.523649215698242,81.85388946533203,-49.88588333129883,-87.98748016357422,44.96986389160156,45.33594259621657
5.908,0,18.34135627746582,-19.449628829956055,81.81492614746094,-49.97743225097656,-87.99424743652344,44.90995788574219,18.34135627746582,-19.449628829956055,81.81492614746094,-49.97743225097656,-87.99424743652344,44.90995788574219,45.33594259621657
5.947,0,18.437946319580078,-19.405651092529297,81.78634643554688,-50.055328369140625,-87.99786376953125,44.84554672241211,18.437946319580078,-19.405651092529297,81.78634643554688,-50.055328369140625,-87.99786376953125,44.84554672241211,45.33594259621657
5.974,0,18.538915634155273,-19.367097854614258,81.75187683105469,-50.12712097167969,-88.00669860839844,44.78511047363281,18.538915634155273,-19.367097854614258,81.75187683105469,-50.12712097167969,-88.00669860839844,44.78511047363281,45.33594259621657
6.009,0,18.64377212524414,-19.30352783203125,81.70747375488281,-50.21986389160156,-88.01835632324219,44.726036071777344,18.64377212524414,-19.30352783203125,81.70747375488281,-50.21986389160156,-88.01835632324219,44.726036071777344,45.33594259621657
6.050,0,18.729793548583984,-19.211631774902344,81.66938018798828,-50.32486343383789,-88.02415466308594,44.655479431152344,18.729793548583984,-19.211631774902344,81.66938018798828,-50.32486343383789,-88.02415466308594,44.655479431152344,45.27071102413568
6.086,0,18.816871643066406,-19.150646209716797,81.62527465820312,-50.39772033691406,-88.0218734741211,44.594139099121094,18.816871643066406,-19.150646209716797,81.62527465820312,-50.39772033691406,-88.0218734741211,44.594139099121094,45.20547945205479
6.111,0,18.902843475341797,-19.08478355407715,81.58252716064453,-50.48054885864258,-88.0302505493164,44.53118896484375,18.902843475341797,-19.08478355407715,81.58252716064453,-50.48054885864258,-88.0302505493164,44.53118896484375,45.075016307893016
6.144,0,18.993675231933594,-19.008163452148438,81.52330780029297,-50.573368072509766,-88.04243469238281,44.470130920410156,18.993675231933594,-19.008163452148438,81.52330780029297,-50.573368072509766,-88.04243469238281,44.470130920410156,44.87932159165035
6.178,0,19.07590103149414,-18.92527198791504,81.47478485107422,-50.655853271484375,-88.05069732666016,44.40669631958008,19.07590103149414,-18.92527198791504,81.47478485107422,-50.655853271484375,-88.05069732666016,44.40669631958008,44.87932159165035
6.211,0,19.158130645751953,-18.8828067779541,81.4406509399414,-50.72244644165039,-88.04960632324219,44.342105865478516,19.158130645751953,-18.8828067779541,81.4406509399414,-50.72244644165039,-88.04960632324219,44.342105865478516,44.87932159165035
6.252,0,19.252235412597656,-18.851581573486328,81.40089416503906,-50.770145416259766,-88.05339050292969,44.280677795410156,19.252235412597656,-18.851581573486328,81.40089416503906,-50.770145416259766,-88.05339050292969,44.280677795410156,44.87932159165035
6.281,0,19.347719192504883,-18.776857376098633,81.34957885742188,-50.88086700439453,-88.0735092163086,44.22479248046875,19.347719192504883,-18.776857376098633,81.34957885742188,-50.88086700439453,-88.0735092163086,44.22479248046875,44.87932159165035
6.312,0,19.426021575927734,-18.698856353759766,81.299560546875,-50.95809555053711,-88.07437133789062,44.159088134765625,19.426021575927734,-18.698856353759766,81.299560546875,-50.95809555053711,-88.07437133789062,44.159088134765625,44.87932159165035
6.346,0,19.501976013183594,-18.64520263671875,81.26126098632812,-51.02485656738281,-88.0617446899414,44.10224151611328,19.501976013183594,-18.64520263671875,81.26126098632812,-51.02485656738281,-88.0617446899414,44.10224151611328,44.74885844748858
6.399,0,19.58746337890625,-18.599346160888672,81.21065521240234,-51.07691192626953,-88.0578842163086,44.035743713378906,19.58746337890625,-18.599346160888672,81.21065521240234,-51.07691192626953,-88.0578842163086,44.035743713378906,44.553163731245924
6.424,0,19.678279876708984,-18.505422592163086,81.14441680908203,-51.1907958984375,-88.07420349121094,43.983219146728516,19.678279876708984,-18.505422592163086,81.14441680908203,-51.1907958984375,-88.07420349121094,43.983219146728516,44.487932159165034
6.489,0,19.75353240966797,-18.43416976928711,81.09817504882812,-51.27583694458008,-88.06792449951172,43.921356201171875,19.75353240966797,-18.43416976928711,81.09817504882812,-51.27583694458008,-88.06792449951172,43.921356201171875,44.487932159165034
6.513,0,19.835922241210938,-18.39331817626953,81.04817962646484,-51.3184814453125,-88.0625991821289,43.85834503173828,19.835922241210938,-18.39331817626953,81.04817962646484,-51.3184814453125,-88.0625991821289,43.85834503173828,44.487932159165034
6.545,0,19.919273376464844,-18.371749877929688,81.00264739990234,-51.36575698852539,-88.06629943847656,43.79644012451172,19.919273376464844,-18.371749877929688,81.00264739990234,-51.36575698852539,-88.06629943847656,43.79644012451172,44.487932159165034
6.577,0,19.998470306396484,-18.29231071472168,80.94915771484375,-51.44073486328125,-88.0629653930664,43.729454040527344,19.998470306396484,-18.29231071472168,80.94915771484375,-51.44073486328125,-88.0629653930664,43.729454040527344,44.35746901500326
6.615,0,20.07387924194336,-18.246383666992188,80.910888671875,-51.49151611328125,-88.05359649658203,43.66071319580078,20.07387924194336,-18.246383666992188,80.910888671875,-51.49151611328125,-88.05359649658203,43.66071319580078,44.1617742987606
6.646,0,20.149127960205078,-18.235958099365234,80.87287902832031,-51.51624298095703,-88.04691314697266,43.59069061279297,20.149127960205078,-18.235958099365234,80.87287902832031,-51.51624298095703,-88.04691314697266,43.59069061279297,44.1617742987606
6.694,0,20.230266571044922,-18.227584838867188,80.83961486816406,-51.55268478393555,-88.0474853515625,43.53167724609375,20.230266571044922,-18.227584838867188,80.83961486816406,-51.55268478393555,-88.0474853515625,43.53167724609375,44.09654272667971
6.726,0,20.30868911743164,-18.182607650756836,80.788330078125,-51.59656524658203,-88.03944396972656,43.46235656738281,20.30868911743164,-18.182607650756836,80.788330078125,-51.59656524658203,-88.03944396972656,43.46235656738281,43.90084801043705
6.787,0,20.376121520996094,-18.13999366760254,80.7470474243164,-51.640132904052734,-88.03096771240234,43.395503997802734,20.376121520996094,-18.13999366760254,80.7470474243164,-51.640132904052734,-88.03096771240234,43.395503997802734,43.83561643835616
6.812,0,20.452796936035156,-18.116973876953125,80.69808959960938,-51.676490783691406,-88.020751953125,43.329368591308594,20.452796936035156,-18.116973876953125,80.69808959960938,-51.676490783691406,-88.020751953125,43.329368591308594,43.77038486627527
6.856,0,20.535419464111328,-18.09974479675293,80.65564727783203,-51.69707489013672,-88.01576232910156,43.258182525634766,20.535419464111328,-18.09974479675293,80.65564727783203,-51.69707489013672,-88.01576232910156,43.258182525634766,43.77038486627527
6.881,0,20.604705810546875,-18.06663703918457,80.62594604492188,-51.73001480102539,-88.00123596191406,43.183998107910156,20.604705810546875,-18.06663703918457,80.62594604492188,-51.73001480102539,-88.00123596191406,43.183998107910156,43.77038486627527
6.919,0,20.680072784423828,-18.054109573364258,80.5828628540039,-51.74523162841797,-87.99488830566406,43.116065979003906,20.680072784423828,-18.054109573364258,80.5828628540039,-51.74523162841797,-87.99488830566406,43.116065979003906,43.77038486627527
6.951,0,20.760601043701172,-18.040470123291016,80.54076385498047,-51.78426742553711,-87.99130249023438,43.042518615722656,20.760601043701172,-18.040470123291016,80.54076385498047,-51.78426742553711,-87.99130249023438,43.042518615722656,43.70515329419439
6.978,0,20.83675765991211,-18.060394287109375,80.52006530761719,-51.779014587402344,-87.98198699951172,42.971946716308594,20.83675765991211,-18.060394287109375,80.52006530761719,-51.779014587402344,-87.98198699951172,42.971946716308594,43.509458577951726
7.013,0,20.90859603881836,-18.058504104614258,80.49269104003906,-51.780738830566406,-87.97555541992188,42.895477294921875,20.90859603881836,-18.058504104614258,80.49269104003906,-51.780738830566406,-87.97555541992188,42.895477294921875,43.444227005870836
7.080,0,20.9722900390625,-18.078575134277344,80.463134765625,-51.763221740722656,-87.96402740478516,42.8201904296875,20.9722900390625,-18.078575134277344,80.463134765625,-51.763221740722656,-87.96402740478516,42.8201904296875,43.444227005870836
7.112,0,21.053245544433594,-18.09385871887207,80.44791412353516,-51.77790451049805,-87.95263671875,42.74303436279297,21.053245544433594,-18.09385871887207,80.44791412353516,-51.77790451049805,-87.95263671875,42.74303436279297,43.24853228962818
7.136,0,21.105247497558594,-18.136451721191406,80.43757629394531,-51.75026321411133,-87.94422149658203,42.65423583984375,21.105247497558594,-18.136451721191406,80.43757629394531,-51.75026321411133,-87.94422149658203,42.65423583984375,43.1180691454664
7.172,0,21.177936553955078,-18.165332794189453,80.41757202148438,-51.73518753051758,-87.93860626220703,42.586158752441406,21.177936553955078,-18.165332794189453,80.41757202148438,-51.73518753051758,-87.93860626220703,42.586158752441406,43.05283757338552
7.212,0,21.249088287353516,-18.22330665588379,80.40955352783203,-51.717002868652344,-87.93460083007812,42.50679016113281,21.249088287353516,-18.22330665588379,80.40955352783203,-51.717002868652344,-87.93460083007812,42.50679016113281,43.05283757338552
7.237,0,21.321758270263672,-18.213565826416016,80.38969421386719,-51.74638748168945,-87.92018127441406,42.42732238769531,21.321758270263672,-18.213565826416016,80.38969421386719,-51.74638748168945,-87.92018127441406,42.42732238769531,43.05283757338552
7.273,0,21.375553131103516,-18.26443099975586,80.39219665527344,-51.711483001708984,-87.91092681884766,42.33434295654297,21.375553131103516,-18.26443099975586,80.39219665527344,-51.711483001708984,-87.91092681884766,42.33434295654297,42.98760600130463
7.308,0,21.442733764648438,-18.319122314453125,80.39334106445312,-51.68117904663086,-87.90238952636719,42.25367736816406,21.442733764648438,-18.319122314453125,80.39334106445312,-51.68117904663086,-87.90238952636719,42.25367736816406,42.857142857142854
7.352,0,21.506546020507812,-18.393678665161133,80.3951187133789,-51.657501220703125,-87.89608764648438,42.174461364746094,21.506546020507812,-18.393678665161133,80.3951187133789,-51.657501220703125,-87.89608764648438,42.174461364746094,42.66144814090019
7.376,0,21.56985092163086,-18.399436950683594,80.39268493652344,-51.674537658691406,-87.87801361083984,42.09043884277344,21.56985092163086,-18.399436950683594,80.39268493652344,-51.674537658691406,-87.87801361083984,42.09043884277344,42.66144814090019
7.410,0,21.619735717773438,-18.44503402709961,80.3929214477539,-51.64311981201172,-87.8648910522461,42.001895904541016,21.619735717773438,-18.44503402709961,80.3929214477539,-51.64311981201172,-87.8648910522461,42.001895904541016,42.66144814090019
7.442,0,21.677818298339844,-18.502883911132812,80.3923568725586,-51.607261657714844,-87.85774993896484,41.91992950439453,21.677818298339844,-18.502883911132812,80.3923568725586,-51.607261657714844,-87.85774993896484,41.91992950439453,42.53098499673842
7.476,0,21.724929809570312,-18.576536178588867,80.39664459228516,-51.57658767700195,-87.84908294677734,41.844818115234375,21.724929809570312,-18.576536178588867,80.39664459228516,-51.57658767700195,-87.84908294677734,41.844818115234375,42.400521852576645
7.510,0,21.786602020263672,-18.591777801513672,80.39439392089844,-51.57223129272461,-87.82777404785156,41.753807067871094,21.786602020263672,-18.591777801513672,80.39439392089844,-51.57223129272461,-87.82777404785156,41.753807067871094,42.27005870841487
7.542,0,21.825138092041016,-18.616161346435547,80.39737701416016,-51.5589714050293,-87.81510162353516,41.6644401550293,21.825138092041016,-18.616161346435547,80.39737701416016,-51.5589714050293,-87.81510162353516,41.6644401550293,42.27005870841487
7.610,0,21.876399993896484,-18.698335647583008,80.40667724609375,-51.50864028930664,-87.80232238769531,41.58405303955078,21.876399993896484,-18.698335647583008,80.40667724609375,-51.50864028930664,-87.80232238769531,41.58405303955078,42.27005870841487
7.636,0,21.916500091552734,-18.742206573486328,80.40740966796875,-51.48149871826172,-87.78023529052734,41.506805419921875,21.916500091552734,-18.742206573486328,80.40740966796875,-51.48149871826172,-87.78023529052734,41.506805419921875,42.00913242009132
7.666,0,21.96310043334961,-18.759572982788086,80.4177017211914,-51.47896957397461,-87.76339721679688,41.41056823730469,21.96310043334961,-18.759572982788086,80.4177017211914,-51.47896957397461,-87.76339721679688,41.41056823730469,41.943900848010436
7.709,0,22.00259017944336,-18.80183219909668,80.42691040039062,-51.47938919067383,-87.75593566894531,41.33964538574219,22.00259017944336,-18.80183219909668,80.42691040039062,-51.47938919067383,-87.75593566894531,41.33964538574219,41.943900848010436
7.735,0,22.044017791748047,-18.861289978027344,80.42789459228516,-51.45537185668945,-87.75991821289062,41.27165603637695,22.044017791748047,-18.861289978027344,80.42789459228516,-51.45537185668945,-87.75991821289062,41.27165603637695,41.943900848010436
7.765,0,22.075111389160156,-18.915740966796875,80.43588256835938,-51.42259979248047,-87.73743438720703,41.19526672363281,22.075111389160156,-18.915740966796875,80.43588256835938,-51.42259979248047,-87.73743438720703,41.19526672363281,41.81343770384866
7.811,0,22.11776351928711,-18.919275283813477,80.44676208496094,-51.43354415893555,-87.72447204589844,41.09864807128906,22.11776351928711,-18.919275283813477,80.44676208496094,-51.43354415893555,-87.72447204589844,41.09864807128906,41.617742987606
7.836,0,22.156723022460938,-18.978975296020508,80.46070098876953,-51.409706115722656,-87.71299743652344,41.02434539794922,22.156723022460938,-18.978975296020508,80.46070098876953,-51.409706115722656,-87.71299743652344,41.02434539794922,41.55251141552511
7.872,0,22.186317443847656,-19.024944305419922,80.45451354980469,-51.39801788330078,-87.71729278564453,40.95365905761719,22.186317443847656,-19.024944305419922,80.45451354980469,-51.39801788330078,-87.71729278564453,40.95365905761719,41.55251141552511
7.902,0,22.239368438720703,-19.02460479736328,80.45318603515625,-51.439090728759766,-87.71659851074219,40.88576126098633,22.239368438720703,-19.02460479736328,80.45318603515625,-51.439090728759766,-87.71659851074219,40.88576126098633,41.55251141552511
7.946,0,22.273723602294922,-19.094736099243164,80.48155975341797,-51.40797424316406,-87.69970703125,40.80841064453125,22.273723602294922,-19.094736099243164,80.48155975341797,-51.40797424316406,-87.69970703125,40.80841064453125,41.35681669928245
7.969,0,22.293190002441406,-19.127103805541992,80.49232482910156,-51.392051696777344,-87.69060516357422,40.72767639160156,22.293190002441406,-19.127103805541992,80.49232482910156,-51.392051696777344,-87.69060516357422,40.72767639160156,41.16112198303979
8.010,0,22.321178436279297,-19.135536193847656,80.49162292480469,-51.41232681274414,-87.68627166748047,40.653594970703125,22.321178436279297,-19.135536193847656,80.49162292480469,-51.41232681274414,-87.68627166748047,40.653594970703125,41.16112198303979
8.038,0,22.369564056396484,-19.13182830810547,80.49080657958984,-51.45322799682617,-87.68357849121094,40.586280822753906,22.369564056396484,-19.13182830810547,80.49080657958984,-51.45322799682617,-87.68357849121094,40.586280822753906,41.16112198303979
8.068,0,22.402767181396484,-19.21065330505371,80.51798248291016,-51.41361999511719,-87.67536163330078,40.526206970214844,22.402767181396484,-19.21065330505371,80.51798248291016,-51.41361999511719,-87.67536163330078,40.526206970214844,41.16112198303979
8.103,0,22.42428207397461,-19.2315616607666,80.51773834228516,-51.410335540771484,-87.6731185913086,40.44547653198242,22.42428207397461,-19.2315616607666,80.51773834228516,-51.410335540771484,-87.6731185913086,40.44547653198242,41.16112198303979
8.139,0,22.501068115234375,-19.15749168395996,80.47032165527344,-51.46247863769531,-87.65269470214844,40.385887145996094,22.501068115234375,-19.15749168395996,80.47032165527344,-51.46247863769531,-87.65269470214844,40.385887145996094,41.03065883887801
8.176,0,22.588069915771484,-19.19620132446289,80.49674987792969,-51.47694778442383,-87.65624237060547,40.334739685058594,22.588069915771484,-19.19620132446289,80.49674987792969,-51.47694778442383,-87.65624237060547,40.334739685058594,40.834964122635355
8.203,0,22.621849060058594,-19.2919864654541,80.53547668457031,-51.425418853759766,-87.6491928100586,40.27278137207031,22.621849060058594,-19.2919864654541,80.53547668457031,-51.425418853759766,-87.6491928100586,40.27278137207031,40.769732550554465
8.277,0,22.643890380859375,-19.341304779052734,80.55765533447266,-51.399845123291016,-87.6458969116211,40.20045852661133,22.643890380859375,-19.341304779052734,80.55765533447266,-51.399845123291016,-87.6458969116211,40.20045852661133,40.769732550554465
8.307,0,22.717994689941406,-19.38357925415039,80.57621002197266,-51.39810562133789,-87.6342544555664,40.166194915771484,22.717994689941406,-19.38357925415039,80.57621002197266,-51.39810562133789,-87.6342544555664,40.166194915771484,40.63926940639269
8.342,0,22.771602630615234,-19.37531089782715,80.59170532226562,-51.42181396484375,-87.633544921875,40.09899139404297,22.771602630615234,-19.37531089782715,80.59170532226562,-51.42181396484375,-87.633544921875,40.09899139404297,40.50880626223092
8.377,0,22.79330062866211,-19.48549461364746,80.64051055908203,-51.35078430175781,-87.62745666503906,40.034996032714844,22.79330062866211,-19.48549461364746,80.64051055908203,-51.35078430175781,-87.62745666503906,40.034996032714844,40.44357469015003
8.402,0,22.81511688232422,-19.542612075805664,80.67385864257812,-51.337432861328125,-87.62674713134766,39.976463317871094,22.81511688232422,-19.542612075805664,80.67385864257812,-51.337432861328125,-87.62674713134766,39.976463317871094,40.44357469015003
8.436,0,22.876964569091797,-19.53786849975586,80.66400146484375,-51.36041259765625,-87.62187957763672,39.93384552001953,22.876964569091797,-19.53786849975586,80.66400146484375,-51.36041259765625,-87.62187957763672,39.93384552001953,40.44357469015003
8.492,0,22.921688079833984,-19.579099655151367,80.70343017578125,-51.34904098510742,-87.61872863769531,39.85954284667969,22.921688079833984,-19.579099655151367,80.70343017578125,-51.34904098510742,-87.61872863769531,39.85954284667969,40.44357469015003
8.514,0,22.931381225585938,-19.699663162231445,80.7491455078125,-51.27519989013672,-87.6171646118164,39.806373596191406,22.931381225585938,-19.699663162231445,80.7491455078125,-51.27519989013672,-87.6171646118164,39.806373596191406,40.44357469015003
8.552,0,22.94216537475586,-19.772293090820312,80.78759765625,-51.231929779052734,-87.6098861694336,39.7384147644043,22.94216537475586,-19.772293090820312,80.78759765625,-51.231929779052734,-87.6098861694336,39.7384147644043,40.44357469015003
8.589,0,23.007408142089844,-19.75769805908203,80.77102661132812,-51.25364303588867,-87.60442352294922,39.69129943847656,23.007408142089844,-19.75769805908203,80.77102661132812,-51.25364303588867,-87.60442352294922,39.69129943847656,40.31311154598826
8.615,0,23.031780242919922,-19.831668853759766,80.8081283569336,-51.23066711425781,-87.61731719970703,39.63944625854492,23.031780242919922,-19.831668853759766,80.8081283569336,-51.23066711425781,-87.61731719970703,39.63944625854492,40.11741682974559
8.686,0,23.05063247680664,-19.917369842529297,80.84831237792969,-51.18216323852539,-87.61119079589844,39.60866928100586,23.05063247680664,-19.917369842529297,80.84831237792969,-51.18216323852539,-87.61119079589844,39.60866928100586,40.05218525766471
8.711,0,23.08039093017578,-20.033771514892578,80.90259552001953,-51.122108459472656,-87.62028503417969,39.56012725830078,23.08039093017578,-20.033771514892578,80.90259552001953,-51.122108459472656,-87.62028503417969,39.56012725830078,39.92172211350293
8.751,0,23.14684295654297,-20.039600372314453,80.9124526977539,-51.15473175048828,-87.62184143066406,39.52369689941406,23.14684295654297,-20.039600372314453,80.9124526977539,-51.15473175048828,-87.62184143066406,39.52369689941406,39.92172211350293
8.798,0,23.18907928466797,-20.122976303100586,80.96234130859375,-51.09531784057617,-87.62140655517578,39.4757080078125,23.18907928466797,-20.122976303100586,80.96234130859375,-51.09531784057617,-87.62140655517578,39.4757080078125,39.92172211350293
8.824,0,23.197635650634766,-20.234827041625977,81.04242706298828,-51.041839599609375,-87.61493682861328,39.420494079589844,23.197635650634766,-20.234827041625977,81.04242706298828,-51.041839599609375,-87.61493682861328,39.420494079589844,39.79125896934116
8.863,0,23.226051330566406,-20.313549041748047,81.08051300048828,-50.99984359741211,-87.62434387207031,39.36566925048828,23.226051330566406,-20.313549041748047,81.08051300048828,-50.99984359741211,-87.62434387207031,39.36566925048828,39.660795825179385
8.886,0,23.29708480834961,-20.34969139099121,81.09916687011719,-51.006927490234375,-87.61698913574219,39.331024169921875,23.29708480834961,-20.34969139099121,81.09916687011719,-51.006927490234375,-87.61698913574219,39.331024169921875,39.660795825179385
8.936,0,23.339157104492188,-20.448259353637695,81.14910125732422,-50.934898376464844,-87.61843872070312,39.257911682128906,23.339157104492188,-20.448259353637695,81.14910125732422,-50.934898376464844,-87.61843872070312,39.257911682128906,39.660795825179385
8.963,0,23.371028900146484,-20.535053253173828,81.20426940917969,-50.901763916015625,-87.62053680419922,39.212772369384766,23.371028900146484,-20.535053253173828,81.20426940917969,-50.901763916015625,-87.62053680419922,39.212772369384766,39.660795825179385
8.994,0,23.412647247314453,-20.64510726928711,81.2607421875,-50.84016418457031,-87.6268310546875,39.152732849121094,23.412647247314453,-20.64510726928711,81.2607421875,-50.84016418457031,-87.6268310546875,39.152732849121094,39.660795825179385
9.043,0,23.48590850830078,-20.667810440063477,81.28480529785156,-50.825374603271484,-87.60120391845703,39.117454528808594,23.48590850830078,-20.667810440063477,81.28480529785156,-50.825374603271484,-87.60120391845703,39.117454528808594,39.660795825179385
9.067,0,23.498382568359375,-20.859928131103516,81.3709487915039,-50.69037628173828,-87.59581756591797,39.06242370605469,23.498382568359375,-20.859928131103516,81.3709487915039,-50.69037628173828,-87.59581756591797,39.06242370605469,39.660795825179385
9.133,0,23.53563690185547,-20.960561752319336,81.42353820800781,-50.63130569458008,-87.60200500488281,39.01068878173828,23.53563690185547,-20.960561752319336,81.42353820800781,-50.63130569458008,-87.60200500488281,39.01068878173828,39.660795825179385
9.157,0,23.60348892211914,-20.890230178833008,81.41240692138672,-50.7156982421875,-87.61734008789062,39.01665496826172,23.60348892211914,-20.890230178833008,81.41240692138672,-50.7156982421875,-87.61734008789062,39.01665496826172,39.39986953685584
9.205,0,23.6614990234375,-20.914133071899414,81.43142700195312,-50.727806091308594,-87.64061737060547,38.999908447265625,23.6614990234375,-20.914133071899414,81.43142700195312,-50.727806091308594,-87.64061737060547,38.999908447265625,39.33463796477495
9.228,0,23.680309295654297,-21.099838256835938,81.51844787597656,-50.6214599609375,-87.63259887695312,38.96004104614258,23.680309295654297,-21.099838256835938,81.51844787597656,-50.6214599609375,-87.63259887695312,38.96004104614258,39.26940639269406
9.261,0,23.714813232421875,-21.263837814331055,81.58726501464844,-50.52009963989258,-87.63893127441406,38.895042419433594,23.714813232421875,-21.263837814331055,81.58726501464844,-50.52009963989258,-87.63893127441406,38.895042419433594,39.26940639269406
9.297,0,23.802215576171875,-21.13658332824707,81.53479766845703,-50.64358139038086,-87.65605163574219,38.91429901123047,23.802215576171875,-21.13658332824707,81.53479766845703,-50.64358139038086,-87.65605163574219,38.91429901123047,39.26940639269406
9.328,0,23.842243194580078,-21.19271469116211,81.55738067626953,-50.585025787353516,-87.65543365478516,38.86735916137695,23.842243194580078,-21.19271469116211,81.55738067626953,-50.585025787353516,-87.65543365478516,38.86735916137695,39.26940639269406
9.365,0,23.85765838623047,-21.331279754638672,81.60569763183594,-50.49778747558594,-87.65708923339844,38.82271957397461,23.85765838623047,-21.331279754638672,81.60569763183594,-50.49778747558594,-87.65708923339844,38.82271957397461,39.26940639269406
9.393,0,23.88286590576172,-21.457088470458984,81.64868927001953,-50.41412353515625,-87.66085815429688,38.775543212890625,23.88286590576172,-21.457088470458984,81.64868927001953,-50.41412353515625,-87.66085815429688,38.775543212890625,39.26940639269406
9.428,0,23.956295013427734,-21.38145637512207,81.62440490722656,-50.506439208984375,-87.67980194091797,38.794342041015625,23.956295013427734,-21.38145637512207,81.62440490722656,-50.506439208984375,-87.67980194091797,38.794342041015625,39.26940639269406
9.461,0,23.98061752319336,-21.460468292236328,81.66769409179688,-50.444602966308594,-87.67450714111328,38.73760986328125,23.98061752319336,-21.460468292236328,81.66769409179688,-50.444602966308594,-87.67450714111328,38.73760986328125,39.26940639269406
9.495,0,24.00393295288086,-21.6189022064209,81.7282485961914,-50.352867126464844,-87.67933654785156,38.69127655029297,24.00393295288086,-21.6189022064209,81.7282485961914,-50.352867126464844,-87.67933654785156,38.69127655029297,39.26940639269406
9.532,0,24.01418685913086,-21.75847053527832,81.78047943115234,-50.259765625,-87.69015502929688,38.66429901123047,24.01418685913086,-21.75847053527832,81.78047943115234,-50.259765625,-87.69015502929688,38.66429901123047,39.138943248532286
9.596,0,24.063785552978516,-21.627836227416992,81.74907684326172,-50.39626693725586,-87.70063018798828,38.68193817138672,24.063785552978516,-21.627836227416992,81.74907684326172,-50.39626693725586,-87.70063018798828,38.68193817138672,39.00848010437051
9.620,0,24.088123321533203,-21.614185333251953,81.75298309326172,-50.39200973510742,-87.68726348876953,38.6627197265625,24.088123321533203,-21.614185333251953,81.75298309326172,-50.39200973510742,-87.68726348876953,38.6627197265625,38.94324853228962
9.653,0,24.100101470947266,-21.765413284301758,81.80384063720703,-50.29508590698242,-87.6827621459961,38.635902404785156,24.100101470947266,-21.765413284301758,81.80384063720703,-50.29508590698242,-87.6827621459961,38.635902404785156,38.94324853228962
9.685,0,24.109458923339844,-21.91446304321289,81.84809875488281,-50.18217086791992,-87.69441223144531,38.600982666015625,24.109458923339844,-21.91446304321289,81.84809875488281,-50.18217086791992,-87.69441223144531,38.600982666015625,38.94324853228962
9.730,0,24.17721939086914,-21.779624938964844,81.81155395507812,-50.30651092529297,-87.70520782470703,38.65662384033203,24.17721939086914,-21.779624938964844,81.81155395507812,-50.30651092529297,-87.70520782470703,38.65662384033203,38.94324853228962
9.754,0,24.205123901367188,-21.79082489013672,81.82169342041016,-50.273170471191406,-87.69210052490234,38.64640808105469,24.205123901367188,-21.79082489013672,81.82169342041016,-50.273170471191406,-87.69210052490234,38.64640808105469,38.94324853228962
9.788,0,24.213424682617188,-21.956266403198242,81.86921691894531,-50.157066345214844,-87.6889877319336,38.62400817871094,24.213424682617188,-21.956266403198242,81.86921691894531,-50.157066345214844,-87.6889877319336,38.62400817871094,38.94324853228962
9.821,0,24.225719451904297,-22.108501434326172,81.92027282714844,-50.0491828918457,-87.69277954101562,38.5864143371582,24.225719451904297,-22.108501434326172,81.92027282714844,-50.0491828918457,-87.69277954101562,38.5864143371582,38.94324853228962
9.853,0,24.27471160888672,-21.954387664794922,81.87005615234375,-50.18174362182617,-87.71064758300781,38.62693405151367,24.27471160888672,-21.954387664794922,81.87005615234375,-50.18174362182617,-87.71064758300781,38.62693405151367,38.87801696020874
9.888,0,24.308635711669922,-21.908437728881836,81.86277770996094,-50.18415451049805,-87.68653106689453,38.63783264160156,24.308635711669922,-21.908437728881836,81.86277770996094,-50.18415451049805,-87.68653106689453,38.63783264160156,38.87801696020874
9.924,0,24.309406280517578,-22.033571243286133,81.9062728881836,-50.09113311767578,-87.68215942382812,38.614418029785156,24.309406280517578,-22.033571243286133,81.9062728881836,-50.09113311767578,-87.68215942382812,38.614418029785156,38.87801696020874
9.956,0,24.314796447753906,-22.141979217529297,81.94654846191406,-50.013648986816406,-87.68798828125,38.588287353515625,24.314796447753906,-22.141979217529297,81.94654846191406,-50.013648986816406,-87.68798828125,38.588287353515625,38.87801696020874
9.988,0,24.38892364501953,-22.11210823059082,81.9314956665039,-50.05451583862305,-87.70507049560547,38.61772918701172,24.38892364501953,-22.11210823059082,81.9314956665039,-50.05451583862305,-87.70507049560547,38.61772918701172,38.87801696020874
10.027,0,24.41659927368164,-22.104902267456055,81.9360122680664,-50.02360153198242,-87.68135833740234,38.61615753173828,24.41659927368164,-22.104902267456055,81.9360122680664,-50.02360153198242,-87.68135833740234,38.61615753173828,38.87801696020874
10.063,0,24.43634796142578,-22.260765075683594,81.99322509765625,-49.9091911315918,-87.68254852294922,38.58361053466797,24.43634796142578,-22.260765075683594,81.99322509765625,-49.9091911315918,-87.68254852294922,38.58361053466797,38.87801696020874
10.092,0,24.48095703125,-22.20254135131836,81.95587158203125,-49.91995620727539,-87.6776351928711,38.59774398803711,24.48095703125,-22.20254135131836,81.95587158203125,-49.91995620727539,-87.6776351928711,38.59774398803711,38.87801696020874
10.123,0,24.545520782470703,-22.07069206237793,81.92149353027344,-50.0291748046875,-87.69081115722656,38.621978759765625,24.545520782470703,-22.07069206237793,81.92149353027344,-50.0291748046875,-87.69081115722656,38.621978759765625,38.87801696020874
10.168,0,24.51894760131836,-22.227981567382812,81.97602081298828,-49.89562225341797,-87.67671203613281,38.59502410888672,24.51894760131836,-22.227981567382812,81.97602081298828,-49.89562225341797,-87.67671203613281,38.59502410888672,38.87801696020874
10.191,0,24.53951644897461,-22.34534454345703,82.01397705078125,-49.80028533935547,-87.67961120605469,38.58259201049805,24.53951644897461,-22.34534454345703,82.01397705078125,-49.80028533935547,-87.67961120605469,38.58259201049805,38.87801696020874
10.240,0,24.58474349975586,-22.257658004760742,81.97789001464844,-49.863685607910156,-87.69166564941406,38.6013069152832,24.58474349975586,-22.257658004760742,81.97789001464844,-49.863685607910156,-87.69166564941406,38.6013069152832,38.87801696020874
10.266,0,24.620113372802734,-22.218412399291992,81.94628143310547,-49.836997985839844,-87.68722534179688,38.61566162109375,24.620113372802734,-22.218412399291992,81.94628143310547,-49.836997985839844,-87.68722534179688,38.61566162109375,38.87801696020874
10.306,0,24.641830444335938,-22.279924392700195,81.96147155761719,-49.77983093261719,-87.68358612060547,38.6172981262207,24.641830444335938,-22.279924392700195,81.96147155761719,-49.77983093261719,-87.68358612060547,38.6172981262207,38.87801696020874
10.331,0,24.663593292236328,-22.352218627929688,81.9745864868164,-49.71311950683594,-87.68955993652344,38.59806442260742,24.663593292236328,-22.352218627929688,81.9745864868164,-49.71311950683594,-87.68955993652344,38.59806442260742,38.87801696020874
10.368,0,24.73035430908203,-22.254302978515625,81.95237731933594,-49.79105758666992,-87.71119689941406,38.61109161376953,24.73035430908203,-22.254302978515625,81.95237731933594,-49.79105758666992,-87.71119689941406,38.61109161376953,38.87801696020874
10.427,0,24.76437759399414,-22.330612182617188,81.97040557861328,-49.71504211425781,-87.69901275634766,38.615150451660156,24.76437759399414,-22.330612182617188,81.97040557861328,-49.71504211425781,-87.69901275634766,38.615150451660156,38.87801696020874
10.450,0,24.774295806884766,-22.396163940429688,81.98206329345703,-49.65421676635742,-87.70293426513672,38.60575866699219,24.774295806884766,-22.396163940429688,81.98206329345703,-49.65421676635742,-87.70293426513672,38.60575866699219,38.87801696020874
10.482,0,24.82465362548828,-22.309995651245117,81.93475341796875,-49.707183837890625,-87.68965148925781,38.606781005859375,24.82465362548828,-22.309995651245117,81.93475341796875,-49.707183837890625,-87.68965148925781,38.606781005859375,38.87801696020874
10.519,0,24.892356872558594,-22.22799301147461,81.91211700439453,-49.77858352661133,-87.70539855957031,38.61802673339844,24.892356872558594,-22.22799301147461,81.91211700439453,-49.77858352661133,-87.70539855957031,38.61802673339844,38.87801696020874
10.559,0,24.9017333984375,-22.270753860473633,81.92046356201172,-49.72583770751953,-87.69651794433594,38.61871337890625,24.9017333984375,-22.270753860473633,81.92046356201172,-49.72583770751953,-87.69651794433594,38.61871337890625,38.87801696020874
10.585,0,24.89739227294922,-22.362388610839844,81.93689727783203,-49.625587463378906,-87.68366241455078,38.585899353027344,24.89739227294922,-22.362388610839844,81.93689727783203,-49.625587463378906,-87.68366241455078,38.585899353027344,38.87801696020874
10.635,0,24.94281005859375,-22.290407180786133,81.89726257324219,-49.678062438964844,-87.67726135253906,38.584007263183594,24.94281005859375,-22.290407180786133,81.89726257324219,-49.678062438964844,-87.67726135253906,38.584007263183594,38.87801696020874
10.666,0,24.96723175048828,-22.354347229003906,81.92515563964844,-49.62126922607422,-87.66665649414062,38.5711669921875,24.96723175048828,-22.354347229003906,81.92515563964844,-49.62126922607422,-87.66665649414062,38.5711669921875,38.87801696020874
10.691,0,24.978336334228516,-22.445350646972656,81.93106079101562,-49.51282501220703,-87.6604995727539,38.56246566772461,24.978336334228516,-22.445350646972656,81.93106079101562,-49.51282501220703,-87.6604995727539,38.56246566772461,38.87801696020874
10.727,0,25.013843536376953,-22.392555236816406,81.89093017578125,-49.550113677978516,-87.65032196044922,38.560401916503906,25.013843536376953,-22.392555236816406,81.89093017578125,-49.550113677978516,-87.65032196044922,38.560401916503906,38.87801696020874
10.760,0,25.051876068115234,-22.226837158203125,81.84607696533203,-49.699214935302734,-87.65882110595703,38.58546447753906,25.051876068115234,-22.226837158203125,81.84607696533203,-49.699214935302734,-87.65882110595703,38.58546447753906,38.87801696020874
10.795,0,25.06847381591797,-22.223262786865234,81.84166717529297,-49.683082580566406,-87.65089416503906,38.58898162841797,25.06847381591797,-22.223262786865234,81.84166717529297,-49.683082580566406,-87.65089416503906,38.58898162841797,38.87801696020874
10.825,0,25.05931854248047,-22.332138061523438,81.86001586914062,-49.58283233642578,-87.64325714111328,38.56226348876953,25.05931854248047,-22.332138061523438,81.86001586914062,-49.58283233642578,-87.64325714111328,38.56226348876953,38.87801696020874
10.869,0,25.09296417236328,-22.220813751220703,81.79574584960938,-49.658302307128906,-87.63078308105469,38.58229064941406,25.09296417236328,-22.220813751220703,81.79574584960938,-49.658302307128906,-87.63078308105469,38.58229064941406,38.87801696020874
10.891,0,25.136981964111328,-22.095781326293945,81.7663803100586,-49.77176284790039,-87.63862609863281,38.60107421875,25.136981964111328,-22.095781326293945,81.7663803100586,-49.77176284790039,-87.63862609863281,38.60107421875,38.87801696020874
10.936,0,25.138050079345703,-22.15525245666504,81.78044128417969,-49.71398162841797,-87.6221694946289,38.59737014770508,25.138050079345703,-22.15525245666504,81.78044128417969,-49.71398162841797,-87.6221694946289,38.59737014770508,38.87801696020874
10.961,0,25.132980346679688,-22.250181198120117,81.7926025390625,-49.619781494140625,-87.61784362792969,38.568023681640625,25.132980346679688,-22.250181198120117,81.7926025390625,-49.619781494140625,-87.61784362792969,38.568023681640625,38.87801696020874
10.999,0,25.161746978759766,-22.149667739868164,81.730712890625,-49.684268951416016,-87.60125732421875,38.59174346923828,25.161746978759766,-22.149667739868164,81.730712890625,-49.684268951416016,-87.60125732421875,38.59174346923828,38.87801696020874
11.027,0,25.215045928955078,-22.020471572875977,81.70072937011719,-49.804237365722656,-87.60891723632812,38.62169647216797,25.215045928955078,-22.020471572875977,81.70072937011719,-49.804237365722656,-87.60891723632812,38.62169647216797,38.87801696020874
11.061,0,25.198055267333984,-22.10940170288086,81.71638488769531,-49.71928787231445,-87.59300994873047,38.59966278076172,25.198055267333984,-22.10940170288086,81.71638488769531,-49.71928787231445,-87.59300994873047,38.59966278076172,38.87801696020874
11.095,0,25.193260192871094,-22.19165802001953,81.70828247070312,-49.60691452026367,-87.58885192871094,38.5859260559082,25.193260192871094,-22.19165802001953,81.70828247070312,-49.60691452026367,-87.58885192871094,38.5859260559082,38.87801696020874
11.160,0,25.220748901367188,-22.14594841003418,81.672119140625,-49.627769470214844,-87.57593536376953,38.59532928466797,25.220748901367188,-22.14594841003418,81.672119140625,-49.627769470214844,-87.57593536376953,38.59532928466797,38.87801696020874
11.183,0,25.235023498535156,-22.147531509399414,81.67244720458984,-49.657318115234375,-87.58804321289062,38.60281753540039,25.235023498535156,-22.147531509399414,81.67244720458984,-49.657318115234375,-87.58804321289062,38.60281753540039,38.87801696020874
11.215,0,25.235458374023438,-22.279003143310547,81.7060546875,-49.542762756347656,-87.58253479003906,38.57775115966797,25.235458374023438,-22.279003143310547,81.7060546875,-49.542762756347656,-87.58253479003906,38.57775115966797,38.87801696020874
11.255,0,25.25749969482422,-22.219240188598633,81.65716552734375,-49.550193786621094,-87.55912017822266,38.60167694091797,25.25749969482422,-22.219240188598633,81.65716552734375,-49.550193786621094,-87.55912017822266,38.60167694091797,38.87801696020874
11.293,0,25.28508758544922,-22.104860305786133,81.60224914550781,-49.61123275756836,-87.55394744873047,38.60027313232422,25.28508758544922,-22.104860305786133,81.60224914550781,-49.61123275756836,-87.55394744873047,38.60027313232422,38.87801696020874
11.316,0,25.293071746826172,-22.083566665649414,81.59171295166016,-49.65137481689453,-87.57144927978516,38.61430740356445,25.293071746826172,-22.083566665649414,81.59171295166016,-49.65137481689453,-87.57144927978516,38.61430740356445,38.87801696020874
11.359,0,25.293827056884766,-22.25108528137207,81.63166809082031,-49.50646209716797,-87.56314849853516,38.588592529296875,25.293827056884766,-22.25108528137207,81.63166809082031,-49.50646209716797,-87.56314849853516,38.588592529296875,38.87801696020874
11.385,0,25.323139190673828,-22.199411392211914,81.5995101928711,-49.52730941772461,-87.54039764404297,38.61188888549805,25.323139190673828,-22.199411392211914,81.5995101928711,-49.52730941772461,-87.54039764404297,38.61188888549805,38.87801696020874
11.422,0,25.35067367553711,-22.089874267578125,81.54548645019531,-49.57868576049805,-87.53223419189453,38.617454528808594,25.35067367553711,-22.089874267578125,81.54548645019531,-49.57868576049805,-87.53223419189453,38.617454528808594,38.87801696020874
11.487,0,25.391796112060547,-21.898727416992188,81.47503662109375,-49.72877502441406,-87.54717254638672,38.652530670166016,25.391796112060547,-21.898727416992188,81.47503662109375,-49.72877502441406,-87.54717254638672,38.652530670166016,38.87801696020874
11.530,0,25.386940002441406,-22.02316665649414,81.51045989990234,-49.625152587890625,-87.51985168457031,38.632816314697266,25.386940002441406,-22.02316665649414,81.51045989990234,-49.625152587890625,-87.51985168457031,38.632816314697266,38.87801696020874
11.554,0,25.387569427490234,-22.124420166015625,81.52320861816406,-49.53384017944336,-87.52413940429688,38.62919616699219,25.387569427490234,-22.124420166015625,81.52320861816406,-49.53384017944336,-87.52413940429688,38.62919616699219,38.87801696020874
11.586,0,25.439682006835938,-21.988832473754883,81.45051574707031,-49.634559631347656,-87.52952575683594,38.675724029541016,25.439682006835938,-21.988832473754883,81.45051574707031,-49.634559631347656,-87.52952575683594,38.675724029541016,38.87801696020874
11.620,0,25.47177505493164,-21.897188186645508,81.40843963623047,-49.687591552734375,-87.51624298095703,38.67987060546875,25.47177505493164,-21.897188186645508,81.40843963623047,-49.687591552734375,-87.51624298095703,38.67987060546875,38.87801696020874
11.659,0,25.463726043701172,-22.005048751831055,81.42908477783203,-49.58991622924805,-87.48728942871094,38.660545349121094,25.463726043701172,-22.005048751831055,81.42908477783203,-49.58991622924805,-87.48728942871094,38.660545349121094,38.87801696020874
11.691,0,25.459369659423828,-22.069169998168945,81.43141174316406,-49.51890182495117,-87.48603057861328,38.651824951171875,25.459369659423828,-22.069169998168945,81.43141174316406,-49.51890182495117,-87.48603057861328,38.651824951171875,38.87801696020874
11.723,0,25.508644104003906,-21.92681121826172,81.37120056152344,-49.63575744628906,-87.48779296875,38.69996643066406,25.508644104003906,-21.92681121826172,81.37120056152344,-49.63575744628906,-87.48779296875,38.69996643066406,38.87801696020874
11.757,0,25.536949157714844,-21.862316131591797,81.32847595214844,-49.66234588623047,-87.47746276855469,38.704673767089844,25.536949157714844,-21.862316131591797,81.32847595214844,-49.66234588623047,-87.47746276855469,38.704673767089844,38.87801696020874
11.787,0,25.53067398071289,-21.94723129272461,81.34896087646484,-49.57757568359375,-87.44711303710938,38.68329620361328,25.53067398071289,-21.94723129272461,81.34896087646484,-49.57757568359375,-87.44711303710938,38.68329620361328,38.87801696020874
11.823,0,25.536407470703125,-22.030149459838867,81.35038757324219,-49.4872932434082,-87.44341278076172,38.66801452636719,25.536407470703125,-22.030149459838867,81.35038757324219,-49.4872932434082,-87.44341278076172,38.66801452636719,38.87801696020874
11.856,0,25.577648162841797,-21.87006378173828,81.29597473144531,-49.6057243347168,-87.4542465209961,38.694881439208984,25.577648162841797,-21.87006378173828,81.29597473144531,-49.6057243347168,-87.4542465209961,38.694881439208984,38.87801696020874
11.898,0,25.569686889648438,-21.94485092163086,81.28898620605469,-49.529022216796875,-87.44267272949219,38.67481994628906,25.569686889648438,-21.94485092163086,81.28898620605469,-49.529022216796875,-87.44267272949219,38.67481994628906,38.87801696020874
11.924,0,25.568782806396484,-22.106050491333008,81.33531951904297,-49.38386154174805,-87.4217300415039,38.644264221191406,25.568782806396484,-22.106050491333008,81.33531951904297,-49.38386154174805,-87.4217300415039,38.644264221191406,38.87801696020874
11.960,0,25.600364685058594,-22.027610778808594,81.28722381591797,-49.41571807861328,-87.40519714355469,38.66058349609375,25.600364685058594,-22.027610778808594,81.28722381591797,-49.41571807861328,-87.40519714355469,38.66058349609375,38.87801696020874
11.990,0,25.643814086914062,-21.86867332458496,81.2242660522461,-49.536773681640625,-87.4174575805664,38.69160842895508,25.643814086914062,-21.86867332458496,81.2242660522461,-49.536773681640625,-87.4174575805664,38.69160842895508,38.87801696020874
12.023,0,25.63906478881836,-21.946046829223633,81.23633575439453,-49.46623992919922,-87.40347290039062,38.67445373535156,25.63906478881836,-21.946046829223633,81.23633575439453,-49.46623992919922,-87.40347290039062,38.67445373535156,38.87801696020874
12.057,0,25.634750366210938,-22.076904296875,81.26387023925781,-49.340492248535156,-87.38912963867188,38.6517333984375,25.634750366210938,-22.076904296875,81.26387023925781,-49.340492248535156,-87.38912963867188,38.6517333984375,38.87801696020874
12.092,0,25.626956939697266,-22.151262283325195,81.26776123046875,-49.261375427246094,-87.3943862915039,38.627044677734375,25.626956939697266,-22.151262283325195,81.26776123046875,-49.261375427246094,-87.3943862915039,38.627044677734375,38.87801696020874
12.130,0,25.668209075927734,-22.000106811523438,81.20392608642578,-49.381858825683594,-87.3987045288086,38.689537048339844,25.668209075927734,-22.000106811523438,81.20392608642578,-49.381858825683594,-87.3987045288086,38.689537048339844,38.87801696020874
12.156,0,25.693927764892578,-21.973987579345703,81.18548583984375,-49.381134033203125,-87.38442993164062,38.67284393310547,25.693927764892578,-21.973987579345703,81.18548583984375,-49.381134033203125,-87.38442993164062,38.67284393310547,38.87801696020874
12.192,0,25.679412841796875,-22.00937271118164,81.19482421875,-49.34363555908203,-87.36009979248047,38.651702880859375,25.679412841796875,-22.00937271118164,81.19482421875,-49.34363555908203,-87.36009979248047,38.651702880859375,38.87801696020874
12.223,0,25.69622039794922,-21.963834762573242,81.16996765136719,-49.35661315917969,-87.34420776367188,38.65277099609375,25.69622039794922,-21.963834762573242,81.16996765136719,-49.35661315917969,-87.34420776367188,38.65277099609375,38.87801696020874
12.257,0,25.739784240722656,-21.846172332763672,81.131103515625,-49.452796936035156,-87.35237121582031,38.68944549560547,25.739784240722656,-21.846172332763672,81.131103515625,-49.452796936035156,-87.35237121582031,38.68944549560547,38.87801696020874
12.294,0,25.72525405883789,-21.928390502929688,81.1424331665039,-49.37998962402344,-87.3396987915039,38.648094177246094,25.72525405883789,-21.928390502929688,81.1424331665039,-49.37998962402344,-87.3396987915039,38.648094177246094,38.87801696020874
12.322,0,25.711246490478516,-22.026607513427734,81.16486358642578,-49.28237533569336,-87.32344055175781,38.61223220825195,25.711246490478516,-22.026607513427734,81.16486358642578,-49.28237533569336,-87.32344055175781,38.61223220825195,38.87801696020874
12.360,0,25.728126525878906,-21.993793487548828,81.15018463134766,-49.3067512512207,-87.31019592285156,38.617835998535156,25.728126525878906,-21.993793487548828,81.15018463134766,-49.3067512512207,-87.31019592285156,38.617835998535156,38.87801696020874
12.389,0,25.77623748779297,-21.904680252075195,81.12760925292969,-49.40451431274414,-87.32292938232422,38.634727478027344,25.77623748779297,-21.904680252075195,81.12760925292969,-49.40451431274414,-87.32292938232422,38.634727478027344,38.87801696020874
12.424,0,25.759544372558594,-21.94155502319336,81.12708282470703,-49.36688232421875,-87.30513763427734,38.597740173339844,25.759544372558594,-21.94155502319336,81.12708282470703,-49.36688232421875,-87.30513763427734,38.597740173339844,38.87801696020874
12.460,0,25.76089096069336,-21.82984161376953,81.10491943359375,-49.449180603027344,-87.2701644897461,38.60680389404297,25.76089096069336,-21.82984161376953,81.10491943359375,-49.449180603027344,-87.2701644897461,38.60680389404297,38.87801696020874
12.493,0,25.790103912353516,-21.820114135742188,81.11119842529297,-49.46634292602539,-87.255859375,38.60300827026367,25.790103912353516,-21.820114135742188,81.11119842529297,-49.46634292602539,-87.255859375,38.60300827026367,38.87801696020874
12.524,0,25.797569274902344,-21.82019805908203,81.12052917480469,-49.50873947143555,-87.26507568359375,38.6038703918457,25.797569274902344,-21.82019805908203,81.12052917480469,-49.50873947143555,-87.26507568359375,38.6038703918457,38.87801696020874
12.558,0,25.77585220336914,-21.898347854614258,81.1170883178711,-49.42608642578125,-87.25556182861328,38.56486511230469,25.77585220336914,-21.898347854614258,81.1170883178711,-49.42608642578125,-87.25556182861328,38.56486511230469,38.87801696020874
12.592,0,25.76968002319336,-21.75226593017578,81.06934356689453,-49.533546447753906,-87.23167419433594,38.5792236328125,25.76968002319336,-21.75226593017578,81.06934356689453,-49.533546447753906,-87.23167419433594,38.5792236328125,38.87801696020874
12.631,0,25.75952911376953,-21.956867218017578,81.17247009277344,-49.39733123779297,-87.25012969970703,38.584014892578125,25.75952911376953,-21.956867218017578,81.17247009277344,-49.39733123779297,-87.25012969970703,38.584014892578125,38.87801696020874
12.656,0,25.755908966064453,-22.039445877075195,81.24080657958984,-49.37376403808594,-87.29230499267578,38.598995208740234,25.755908966064453,-22.039445877075195,81.24080657958984,-49.37376403808594,-87.29230499267578,38.598995208740234,38.87801696020874
12.691,0,25.762958526611328,-21.91948127746582,81.19146728515625,-49.4538459777832,-87.26607513427734,38.60780334472656,25.762958526611328,-21.91948127746582,81.19146728515625,-49.4538459777832,-87.26607513427734,38.60780334472656,38.87801696020874
12.724,0,25.772876739501953,-21.851858139038086,81.17313385009766,-49.50483703613281,-87.24754333496094,38.583587646484375,25.772876739501953,-21.851858139038086,81.17313385009766,-49.50483703613281,-87.24754333496094,38.583587646484375,38.87801696020874
12.757,0,25.758060455322266,-22.05716323852539,81.27909851074219,-49.374839782714844,-87.26526641845703,38.587059020996094,25.758060455322266,-22.05716323852539,81.27909851074219,-49.374839782714844,-87.26526641845703,38.587059020996094,38.87801696020874
12.792,0,25.76369857788086,-22.123554229736328,81.29592895507812,-49.3494758605957,-87.27790069580078,38.56969451904297,25.76369857788086,-22.123554229736328,81.29592895507812,-49.3494758605957,-87.27790069580078,38.56969451904297,38.87801696020874
12.824,0,25.76955795288086,-21.95522689819336,81.2333984375,-49.46445083618164,-87.24927520751953,38.59032440185547,25.76955795288086,-21.95522689819336,81.2333984375,-49.46445083618164,-87.24927520751953,38.59032440185547,38.87801696020874
12.858,0,25.78155517578125,-21.87948989868164,81.20325469970703,-49.505455017089844,-87.2223892211914,38.56204605102539,25.78155517578125,-21.87948989868164,81.20325469970703,-49.505455017089844,-87.2223892211914,38.56204605102539,38.87801696020874
12.894,0,25.762550354003906,-22.061349868774414,81.29525756835938,-49.39175033569336,-87.23924255371094,38.56089782714844,25.762550354003906,-22.061349868774414,81.29525756835938,-49.39175033569336,-87.23924255371094,38.56089782714844,38.87801696020874
12.936,0,25.75662612915039,-22.204490661621094,81.32325744628906,-49.277793884277344,-87.23185729980469,38.510440826416016,25.75662612915039,-22.204490661621094,81.32325744628906,-49.277793884277344,-87.23185729980469,38.510440826416016,38.87801696020874
12.963,0,25.76165008544922,-22.013404846191406,81.25086975097656,-49.409027099609375,-87.20220184326172,38.525699615478516,25.76165008544922,-22.013404846191406,81.25086975097656,-49.409027099609375,-87.20220184326172,38.525699615478516,38.87801696020874
12.997,0,25.773284912109375,-21.948055267333984,81.22383880615234,-49.4454231262207,-87.18608856201172,38.49725341796875,25.773284912109375,-21.948055267333984,81.22383880615234,-49.4454231262207,-87.18608856201172,38.49725341796875,38.87801696020874
13.028,0,25.755859375,-22.089303970336914,81.30661010742188,-49.358856201171875,-87.2317886352539,38.517311096191406,25.755859375,-22.089303970336914,81.30661010742188,-49.358856201171875,-87.2317886352539,38.517311096191406,38.87801696020874
13.063,0,25.752948760986328,-22.234859466552734,81.3375244140625,-49.23957824707031,-87.22101593017578,38.459449768066406,25.752948760986328,-22.234859466552734,81.3375244140625,-49.23957824707031,-87.22101593017578,38.459449768066406,38.87801696020874
13.096,0,25.762596130371094,-22.100162506103516,81.28023529052734,-49.333778381347656,-87.1920394897461,38.4598388671875,25.762596130371094,-22.100162506103516,81.28023529052734,-49.333778381347656,-87.1920394897461,38.4598388671875,38.87801696020874
13.129,0,25.77893829345703,-22.04281997680664,81.24932861328125,-49.35888671875,-87.17595672607422,38.43353271484375,25.77893829345703,-22.04281997680664,81.24932861328125,-49.35888671875,-87.17595672607422,38.43353271484375,38.87801696020874
13.161,0,25.764118194580078,-22.234743118286133,81.33953857421875,-49.240257263183594,-87.19772338867188,38.424739837646484,25.764118194580078,-22.234743118286133,81.33953857421875,-49.240257263183594,-87.19772338867188,38.424739837646484,38.87801696020874
13.197,0,25.758472442626953,-22.300533294677734,81.34363555908203,-49.179840087890625,-87.22285461425781,38.40425109863281,25.758472442626953,-22.300533294677734,81.34363555908203,-49.179840087890625,-87.22285461425781,38.40425109863281,38.87801696020874
13.227,0,25.767810821533203,-22.186134338378906,81.30076599121094,-49.270042419433594,-87.20631408691406,38.41255187988281,25.767810821533203,-22.186134338378906,81.30076599121094,-49.270042419433594,-87.20631408691406,38.41255187988281,38.87801696020874
13.264,0,25.78216552734375,-22.12163543701172,81.26881408691406,-49.30622863769531,-87.18952941894531,38.38526916503906,25.78216552734375,-22.12163543701172,81.26881408691406,-49.30622863769531,-87.18952941894531,38.38526916503906,38.87801696020874
13.327,0,25.768848419189453,-22.297271728515625,81.3521728515625,-49.195770263671875,-87.20795440673828,38.37915802001953,25.768848419189453,-22.297271728515625,81.3521728515625,-49.195770263671875,-87.20795440673828,38.37915802001953,38.87801696020874
13.351,0,25.762882232666016,-22.34596061706543,81.35377502441406,-49.15309524536133,-87.23229217529297,38.36243438720703,25.762882232666016,-22.34596061706543,81.35377502441406,-49.15309524536133,-87.23229217529297,38.36243438720703,38.87801696020874
13.389,0,25.765213012695312,-22.226781845092773,81.3043212890625,-49.24188995361328,-87.21794128417969,38.37673568725586,25.765213012695312,-22.226781845092773,81.3043212890625,-49.24188995361328,-87.21794128417969,38.37673568725586,38.87801696020874
13.418,0,25.78717041015625,-22.179716110229492,81.27239990234375,-49.26581954956055,-87.20341491699219,38.34510803222656,25.78717041015625,-22.179716110229492,81.27239990234375,-49.26581954956055,-87.20341491699219,38.34510803222656,38.87801696020874
13.450,0,25.773197174072266,-22.35729217529297,81.35669708251953,-49.15850067138672,-87.22456359863281,38.33757019042969,25.773197174072266,-22.35729217529297,81.35669708251953,-49.15850067138672,-87.22456359863281,38.33757019042969,38.87801696020874
13.485,0,25.771530151367188,-22.407285690307617,81.36119842529297,-49.119422912597656,-87.25013732910156,38.32743835449219,25.771530151367188,-22.407285690307617,81.36119842529297,-49.119422912597656,-87.25013732910156,38.32743835449219,38.87801696020874
13.519,0,25.769977569580078,-22.32139015197754,81.32551574707031,-49.183143615722656,-87.23387145996094,38.33087921142578,25.769977569580078,-22.32139015197754,81.32551574707031,-49.183143615722656,-87.23387145996094,38.33087921142578,38.74755381604697
13.555,0,25.802383422851562,-22.29568862915039,81.29181671142578,-49.191001892089844,-87.2142562866211,38.31165313720703,25.802383422851562,-22.29568862915039,81.29181671142578,-49.191001892089844,-87.2142562866211,38.31165313720703,38.617090671885194
13.586,0,25.782981872558594,-22.465988159179688,81.37156677246094,-49.077308654785156,-87.23138427734375,38.30010223388672,25.782981872558594,-22.465988159179688,81.37156677246094,-49.077308654785156,-87.23138427734375,38.30010223388672,38.617090671885194
13.633,0,25.76898193359375,-22.544282913208008,81.37825775146484,-49.006168365478516,-87.25910949707031,38.29093933105469,25.76898193359375,-22.544282913208008,81.37825775146484,-49.006168365478516,-87.25910949707031,38.29093933105469,38.486627527723414
13.657,0,25.778789520263672,-22.48798370361328,81.34872436523438,-49.044639587402344,-87.24130249023438,38.301475524902344,25.778789520263672,-22.48798370361328,81.34872436523438,-49.044639587402344,-87.24130249023438,38.301475524902344,38.486627527723414
13.699,0,25.766857147216797,-22.66938018798828,81.40187072753906,-48.91169738769531,-87.2632827758789,38.28260040283203,25.766857147216797,-22.66938018798828,81.40187072753906,-48.91169738769531,-87.2632827758789,38.28260040283203,38.486627527723414
13.723,0,25.766143798828125,-22.80567169189453,81.42335510253906,-48.80549621582031,-87.25695037841797,38.24248504638672,25.766143798828125,-22.80567169189453,81.42335510253906,-48.80549621582031,-87.25695037841797,38.24248504638672,38.486627527723414
13.758,0,25.767356872558594,-22.712265014648438,81.38368225097656,-48.8746223449707,-87.2649917602539,38.277164459228516,25.767356872558594,-22.712265014648438,81.38368225097656,-48.8746223449707,-87.2649917602539,38.277164459228516,38.486627527723414
13.791,0,25.788040161132812,-22.66425132751465,81.35684204101562,-48.9042854309082,-87.25562286376953,38.251007080078125,25.788040161132812,-22.66425132751465,81.35684204101562,-48.9042854309082,-87.25562286376953,38.251007080078125,38.486627527723414
13.826,0,25.769840240478516,-22.846506118774414,81.42188262939453,-48.78833770751953,-87.2751693725586,38.24209213256836,25.769840240478516,-22.846506118774414,81.42188262939453,-48.78833770751953,-87.2751693725586,38.24209213256836,38.486627527723414
13.858,0,25.766952514648438,-23.010578155517578,81.45062255859375,-48.66033935546875,-87.26344299316406,38.198570251464844,25.766952514648438,-23.010578155517578,81.45062255859375,-48.66033935546875,-87.26344299316406,38.198570251464844,38.486627527723414
13.892,0,25.76935577392578,-22.901382446289062,81.40129089355469,-48.73677444458008,-87.2694320678711,38.23784637451172,25.76935577392578,-22.901382446289062,81.40129089355469,-48.73677444458008,-87.2694320678711,38.23784637451172,38.486627527723414
13.924,0,25.795181274414062,-22.865798950195312,81.37581634521484,-48.75373458862305,-87.24932098388672,38.20832824707031,25.795181274414062,-22.865798950195312,81.37581634521484,-48.75373458862305,-87.24932098388672,38.20832824707031,38.486627527723414
13.959,0,25.778629302978516,-23.03266716003418,81.42993927001953,-48.62928009033203,-87.26359558105469,38.18395233154297,25.778629302978516,-23.03266716003418,81.42993927001953,-48.62928009033203,-87.26359558105469,38.18395233154297,38.486627527723414
13.991,0,25.770885467529297,-23.170324325561523,81.45083618164062,-48.516815185546875,-87.25016021728516,38.148162841796875,25.770885467529297,-23.170324325561523,81.45083618164062,-48.516815185546875,-87.25016021728516,38.148162841796875,38.486627527723414
14.024,0,25.793315887451172,-23.22331428527832,81.43902587890625,-48.47419738769531,-87.25074768066406,38.130218505859375,25.793315887451172,-23.22331428527832,81.43902587890625,-48.47419738769531,-87.25074768066406,38.130218505859375,38.486627527723414
14.057,0,25.81334686279297,-23.231124877929688,81.43521118164062,-48.470027923583984,-87.23385620117188,38.09867858886719,25.81334686279297,-23.231124877929688,81.43521118164062,-48.470027923583984,-87.23385620117188,38.09867858886719,38.486627527723414
14.090,0,25.808990478515625,-23.404613494873047,81.46223449707031,-48.32801055908203,-87.22623443603516,38.03865051269531,25.808990478515625,-23.404613494873047,81.46223449707031,-48.32801055908203,-87.22623443603516,38.03865051269531,38.486627527723414
14.124,0,25.79677963256836,-23.50580596923828,81.47213745117188,-48.238182067871094,-87.215087890625,38.001502990722656,25.79677963256836,-23.50580596923828,81.47213745117188,-48.238182067871094,-87.215087890625,38.001502990722656,38.486627527723414
14.167,0,25.813766479492188,-23.439743041992188,81.45065307617188,-48.279701232910156,-87.22960662841797,37.99905014038086,25.813766479492188,-23.439743041992188,81.45065307617188,-48.279701232910156,-87.22960662841797,37.99905014038086,38.486627527723414
14.190,0,25.795146942138672,-23.58635711669922,81.50374603271484,-48.17517852783203,-87.25208282470703,37.990745544433594,25.795146942138672,-23.58635711669922,81.50374603271484,-48.17517852783203,-87.25208282470703,37.990745544433594,38.486627527723414
14.224,0,25.787830352783203,-23.7442684173584,81.53260040283203,-48.04856491088867,-87.24557495117188,37.93665313720703,25.787830352783203,-23.7442684173584,81.53260040283203,-48.04856491088867,-87.24557495117188,37.93665313720703,38.486627527723414
14.296,0,25.807228088378906,-23.78373146057129,81.52198028564453,-48.017822265625,-87.22981262207031,37.908409118652344,25.807228088378906,-23.78373146057129,81.52198028564453,-48.017822265625,-87.22981262207031,37.908409118652344,38.42139595564253
14.322,0,25.812042236328125,-23.756786346435547,81.50054931640625,-48.02256774902344,-87.22740936279297,37.897857666015625,25.812042236328125,-23.756786346435547,81.50054931640625,-48.02256774902344,-87.22740936279297,37.897857666015625,38.22570123939987
14.358,0,25.78622055053711,-23.91015625,81.5643310546875,-47.916019439697266,-87.24713897705078,37.888465881347656,25.78622055053711,-23.91015625,81.5643310546875,-47.916019439697266,-87.24713897705078,37.888465881347656,38.16046966731898
14.387,0,25.77747344970703,-24.06978988647461,81.59486389160156,-47.78866195678711,-87.2426986694336,37.845947265625,25.77747344970703,-24.06978988647461,81.59486389160156,-47.78866195678711,-87.2426986694336,37.845947265625,38.16046966731898
14.423,0,25.791961669921875,-24.091644287109375,81.59461212158203,-47.78067398071289,-87.25274658203125,37.835601806640625,25.791961669921875,-24.091644287109375,81.59461212158203,-47.78067398071289,-87.25274658203125,37.835601806640625,38.16046966731898
14.467,0,25.806781768798828,-24.05978775024414,81.57830047607422,-47.79795455932617,-87.24604034423828,37.832252502441406,25.806781768798828,-24.05978775024414,81.57830047607422,-47.79795455932617,-87.24604034423828,37.832252502441406,38.16046966731898
14.491,0,25.777587890625,-24.172653198242188,81.63252258300781,-47.73042678833008,-87.27290344238281,37.840065002441406,25.777587890625,-24.172653198242188,81.63252258300781,-47.73042678833008,-87.27290344238281,37.840065002441406,38.16046966731898
14.523,0,25.764366149902344,-24.30670166015625,81.66376495361328,-47.6230583190918,-87.2642593383789,37.794498443603516,25.764366149902344,-24.30670166015625,81.66376495361328,-47.6230583190918,-87.2642593383789,37.794498443603516,38.16046966731898
14.562,0,25.778575897216797,-24.37557601928711,81.66539001464844,-47.581363677978516,-87.25459289550781,37.774261474609375,25.778575897216797,-24.37557601928711,81.66539001464844,-47.581363677978516,-87.25459289550781,37.774261474609375,38.16046966731898
14.589,0,25.79242706298828,-24.31817626953125,81.66246032714844,-47.628177642822266,-87.26852416992188,37.795745849609375,25.79242706298828,-24.31817626953125,81.66246032714844,-47.628177642822266,-87.26852416992188,37.795745849609375,38.16046966731898
14.623,0,25.76620864868164,-24.43731689453125,81.71047973632812,-47.54902267456055,-87.30107116699219,37.806640625,25.76620864868164,-24.43731689453125,81.71047973632812,-47.54902267456055,-87.30107116699219,37.806640625,38.16046966731898
14.667,0,25.752182006835938,-24.55055046081543,81.73818969726562,-47.464988708496094,-87.2956314086914,37.76549530029297,25.752182006835938,-24.55055046081543,81.73818969726562,-47.464988708496094,-87.2956314086914,37.76549530029297,38.16046966731898
14.689,0,25.76355743408203,-24.608217239379883,81.73675537109375,-47.42350769042969,-87.29053497314453,37.75429153442383,25.76355743408203,-24.608217239379883,81.73675537109375,-47.42350769042969,-87.29053497314453,37.75429153442383,38.16046966731898
14.728,0,25.7769775390625,-24.53644371032715,81.73475646972656,-47.493507385253906,-87.30262756347656,37.77198791503906,25.7769775390625,-24.53644371032715,81.73475646972656,-47.493507385253906,-87.30262756347656,37.77198791503906,38.16046966731898
14.768,0,25.758434295654297,-24.690853118896484,81.79763793945312,-47.388031005859375,-87.33491516113281,37.772186279296875,25.758434295654297,-24.690853118896484,81.79763793945312,-47.388031005859375,-87.33491516113281,37.772186279296875,38.16046966731898
14.793,0,25.739826202392578,-24.76543426513672,81.81327819824219,-47.33739471435547,-87.33259582519531,37.755470275878906,25.739826202392578,-24.76543426513672,81.81327819824219,-47.33739471435547,-87.33259582519531,37.755470275878906,38.16046966731898
14.824,0,25.755123138427734,-24.893871307373047,81.8419189453125,-47.25239562988281,-87.33501434326172,37.73694610595703,25.755123138427734,-24.893871307373047,81.8419189453125,-47.25239562988281,-87.33501434326172,37.73694610595703,38.16046966731898
14.859,0,25.7716064453125,-24.792327880859375,81.83224487304688,-47.340782165527344,-87.35035705566406,37.746578216552734,25.7716064453125,-24.792327880859375,81.83224487304688,-47.340782165527344,-87.35035705566406,37.746578216552734,38.16046966731898
14.893,0,25.742950439453125,-24.91958236694336,81.89098358154297,-47.24439239501953,-87.36701965332031,37.728572845458984,25.742950439453125,-24.91958236694336,81.89098358154297,-47.24439239501953,-87.36701965332031,37.728572845458984,38.16046966731898
14.925,0,25.74248504638672,-24.92547607421875,81.87139892578125,-47.221641540527344,-87.35102081298828,37.695377349853516,25.74248504638672,-24.92547607421875,81.87139892578125,-47.221641540527344,-87.35102081298828,37.695377349853516,38.16046966731898
14.961,0,25.760101318359375,-24.947322845458984,81.88873291015625,-47.22637939453125,-87.34571075439453,37.68503189086914,25.760101318359375,-24.947322845458984,81.88873291015625,-47.22637939453125,-87.34571075439453,37.68503189086914,38.16046966731898
15.002,0,25.728153228759766,-25.067996978759766,81.95398712158203,-47.14815902709961,-87.3921127319336,37.6903076171875,25.728153228759766,-25.067996978759766,81.95398712158203,-47.14815902709961,-87.3921127319336,37.6903076171875,38.16046966731898
15.024,0,25.76941680908203,-24.897850036621094,81.882568359375,-47.2823486328125,-87.37744903564453,37.73997497558594,25.76941680908203,-24.897850036621094,81.882568359375,-47.2823486328125,-87.37744903564453,37.73997497558594,38.095238095238095
15.060,0,25.767601013183594,-24.9222412109375,81.87338256835938,-47.2474365234375,-87.35894775390625,37.69921112060547,25.767601013183594,-24.9222412109375,81.87338256835938,-47.2474365234375,-87.35894775390625,37.69921112060547,38.095238095238095
15.095,0,25.780502319335938,-24.87157440185547,81.87239837646484,-47.302513122558594,-87.3726806640625,37.70928192138672,25.780502319335938,-24.87157440185547,81.87239837646484,-47.302513122558594,-87.3726806640625,37.70928192138672,38.095238095238095
15.127,0,25.754127502441406,-24.960599899291992,81.93180847167969,-47.23973846435547,-87.43128967285156,37.72734832763672,25.754127502441406,-24.960599899291992,81.93180847167969,-47.23973846435547,-87.43128967285156,37.72734832763672,38.095238095238095
15.159,0,25.781513214111328,-24.77722930908203,81.85986328125,-47.37430953979492,-87.40631103515625,37.74958801269531,25.781513214111328,-24.77722930908203,81.85986328125,-47.37430953979492,-87.40631103515625,37.74958801269531,38.095238095238095
15.193,0,25.80511474609375,-24.81818389892578,81.85505676269531,-47.3441047668457,-87.40432739257812,37.727516174316406,25.80511474609375,-24.81818389892578,81.85505676269531,-47.3441047668457,-87.40432739257812,37.727516174316406,38.095238095238095
15.231,0,25.822959899902344,-24.805673599243164,81.85887908935547,-47.37202453613281,-87.39895629882812,37.72417449951172,25.822959899902344,-24.805673599243164,81.85887908935547,-47.37202453613281,-87.39895629882812,37.72417449951172,38.095238095238095
15.271,0,25.789337158203125,-24.921627044677734,81.92518615722656,-47.297359466552734,-87.43975830078125,37.7358512878418,25.789337158203125,-24.921627044677734,81.92518615722656,-47.297359466552734,-87.43975830078125,37.7358512878418,38.095238095238095
15.295,0,25.808307647705078,-24.72524642944336,81.84915161132812,-47.436344146728516,-87.41049194335938,37.757755279541016,25.808307647705078,-24.72524642944336,81.84915161132812,-47.436344146728516,-87.41049194335938,37.757755279541016,38.095238095238095
15.328,0,25.82471466064453,-24.772045135498047,81.84709930419922,-47.402889251708984,-87.41022491455078,37.73571014404297,25.82471466064453,-24.772045135498047,81.84709930419922,-47.402889251708984,-87.41022491455078,37.73571014404297,38.095238095238095
15.362,0,25.85015869140625,-24.688247680664062,81.84044647216797,-47.485172271728516,-87.42597198486328,37.75803756713867,25.85015869140625,-24.688247680664062,81.84044647216797,-47.485172271728516,-87.42597198486328,37.75803756713867,38.095238095238095
15.394,0,25.814620971679688,-24.812191009521484,81.9081802368164,-47.402523040771484,-87.46961212158203,37.7674560546875,25.814620971679688,-24.812191009521484,81.9081802368164,-47.402523040771484,-87.46961212158203,37.7674560546875,38.095238095238095
15.461,0,25.867454528808594,-24.582653045654297,81.8337173461914,-47.58392333984375,-87.4488754272461,37.80049133300781,25.867454528808594,-24.582653045654297,81.8337173461914,-47.58392333984375,-87.4488754272461,37.80049133300781,38.095238095238095
15.516,0,25.876235961914062,-24.626548767089844,81.83186340332031,-47.54393005371094,-87.4400634765625,37.781593322753906,25.876235961914062,-24.626548767089844,81.83186340332031,-47.54393005371094,-87.4400634765625,37.781593322753906,38.095238095238095
15.541,0,25.889446258544922,-24.586742401123047,81.83431243896484,-47.596099853515625,-87.44085693359375,37.781978607177734,25.889446258544922,-24.586742401123047,81.83431243896484,-47.596099853515625,-87.44085693359375,37.781978607177734,38.095238095238095
15.574,0,25.874401092529297,-24.699684143066406,81.89631652832031,-47.514747619628906,-87.47039031982422,37.776123046875,25.874401092529297,-24.699684143066406,81.89631652832031,-47.514747619628906,-87.47039031982422,37.776123046875,38.095238095238095
15.610,0,25.903682708740234,-24.50273895263672,81.82951354980469,-47.675621032714844,-87.45182800292969,37.83485412597656,25.903682708740234,-24.50273895263672,81.82951354980469,-47.675621032714844,-87.45182800292969,37.83485412597656,38.095238095238095
15.639,0,25.916610717773438,-24.491485595703125,81.81983184814453,-47.67737579345703,-87.46810913085938,37.833919525146484,25.916610717773438,-24.491485595703125,81.81983184814453,-47.67737579345703,-87.46810913085938,37.833919525146484,38.095238095238095
15.685,0,25.93279266357422,-24.462778091430664,81.828125,-47.725440979003906,-87.46484375,37.83658981323242,25.93279266357422,-24.462778091430664,81.828125,-47.725440979003906,-87.46484375,37.83658981323242,38.095238095238095
15.708,0,25.907554626464844,-24.547561645507812,81.88660430908203,-47.66096496582031,-87.49164581298828,37.82672882080078,25.907554626464844,-24.547561645507812,81.88660430908203,-47.66096496582031,-87.49164581298828,37.82672882080078,38.095238095238095
15.767,0,25.940719604492188,-24.37125015258789,81.83047485351562,-47.811805725097656,-87.47228240966797,37.87921905517578,25.940719604492188,-24.37125015258789,81.83047485351562,-47.811805725097656,-87.47228240966797,37.87921905517578,38.095238095238095
15.794,0,25.947376251220703,-24.350452423095703,81.82015991210938,-47.82018280029297,-87.49174499511719,37.890052795410156,25.947376251220703,-24.350452423095703,81.82015991210938,-47.82018280029297,-87.49174499511719,37.890052795410156,38.095238095238095
15.832,0,25.955154418945312,-24.294981002807617,81.81341552734375,-47.882835388183594,-87.4830322265625,37.900634765625,25.955154418945312,-24.294981002807617,81.81341552734375,-47.882835388183594,-87.4830322265625,37.900634765625,38.095238095238095
15.860,0,25.92392349243164,-24.38250732421875,81.8749008178711,-47.820411682128906,-87.5027847290039,37.89624786376953,25.92392349243164,-24.38250732421875,81.8749008178711,-47.820411682128906,-87.5027847290039,37.89624786376953,38.095238095238095
15.890,0,25.946331024169922,-24.15939712524414,81.79817199707031,-47.9896354675293,-87.4820327758789,37.947811126708984,25.946331024169922,-24.15939712524414,81.79817199707031,-47.9896354675293,-87.4820327758789,37.947811126708984,38.095238095238095
15.925,0,25.951889038085938,-24.181873321533203,81.80659484863281,-47.979148864746094,-87.50100708007812,37.9543571472168,25.951889038085938,-24.181873321533203,81.80659484863281,-47.979148864746094,-87.50100708007812,37.9543571472168,38.095238095238095
15.958,0,25.964527130126953,-24.086620330810547,81.80108642578125,-48.07585906982422,-87.49667358398438,37.98687744140625,25.964527130126953,-24.086620330810547,81.80108642578125,-48.07585906982422,-87.49667358398438,37.98687744140625,38.095238095238095
16.023,0,25.93960952758789,-24.175771713256836,81.87085723876953,-48.03246307373047,-87.55415344238281,38.01314163208008,25.93960952758789,-24.175771713256836,81.87085723876953,-48.03246307373047,-87.55415344238281,38.01314163208008,38.095238095238095
16.052,0,25.965930938720703,-23.88387680053711,81.77657318115234,-48.253822326660156,-87.55775451660156,38.0930290222168,25.965930938720703,-23.88387680053711,81.77657318115234,-48.253822326660156,-87.55775451660156,38.0930290222168,38.095238095238095
16.079,0,25.95589828491211,-23.816837310791016,81.76351928710938,-48.31966781616211,-87.55037689208984,38.11701965332031,25.95589828491211,-23.816837310791016,81.76351928710938,-48.31966781616211,-87.55037689208984,38.11701965332031,38.095238095238095
16.114,0,25.97956085205078,-23.72022247314453,81.75633239746094,-48.42068862915039,-87.5653076171875,38.157344818115234,25.97956085205078,-23.72022247314453,81.75633239746094,-48.42068862915039,-87.5653076171875,38.157344818115234,38.095238095238095
16.150,0,25.932987213134766,-23.793527603149414,81.81644439697266,-48.3818473815918,-87.59734344482422,38.18330001831055,25.932987213134766,-23.793527603149414,81.81644439697266,-48.3818473815918,-87.59734344482422,38.18330001831055,38.095238095238095
16.204,0,25.959697723388672,-23.580158233642578,81.74366760253906,-48.54679489135742,-87.59503173828125,38.26012420654297,25.959697723388672,-23.580158233642578,81.74366760253906,-48.54679489135742,-87.59503173828125,38.26012420654297,38.095238095238095
16.230,0,25.955333709716797,-23.453840255737305,81.71050262451172,-48.629276275634766,-87.58506774902344,38.269832611083984,25.955333709716797,-23.453840255737305,81.71050262451172,-48.629276275634766,-87.58506774902344,38.269832611083984,38.095238095238095
16.261,0,25.95587158203125,-23.417266845703125,81.71549987792969,-48.678985595703125,-87.57459259033203,38.278114318847656,25.95587158203125,-23.417266845703125,81.71549987792969,-48.678985595703125,-87.57459259033203,38.278114318847656,38.095238095238095
16.295,0,25.912620544433594,-23.47411346435547,81.7806167602539,-48.65006637573242,-87.62743377685547,38.32866668701172,25.912620544433594,-23.47411346435547,81.7806167602539,-48.65006637573242,-87.62743377685547,38.32866668701172,38.095238095238095
16.328,0,25.903343200683594,-23.3649959564209,81.74991607666016,-48.7430305480957,-87.61177825927734,38.371864318847656,25.903343200683594,-23.3649959564209,81.74991607666016,-48.7430305480957,-87.61177825927734,38.371864318847656,38.095238095238095
16.394,0,25.910659790039062,-23.269821166992188,81.7317886352539,-48.84440612792969,-87.61870574951172,38.427574157714844,25.910659790039062,-23.269821166992188,81.7317886352539,-48.84440612792969,-87.61870574951172,38.427574157714844,38.095238095238095
16.420,0,25.9072265625,-23.18437385559082,81.71412658691406,-48.92133331298828,-87.60601806640625,38.442718505859375,25.9072265625,-23.18437385559082,81.71412658691406,-48.92133331298828,-87.60601806640625,38.442718505859375,38.095238095238095
16.452,0,25.922565460205078,-22.953947067260742,81.6439208984375,-49.109153747558594,-87.61128234863281,38.53765106201172,25.922565460205078,-22.953947067260742,81.6439208984375,-49.109153747558594,-87.61128234863281,38.53765106201172,38.095238095238095
16.488,0,25.903873443603516,-22.982433319091797,81.65080261230469,-49.074684143066406,-87.59935760498047,38.56487274169922,25.903873443603516,-22.982433319091797,81.65080261230469,-49.074684143066406,-87.59935760498047,38.56487274169922,38.095238095238095
16.520,0,25.900924682617188,-22.863544464111328,81.61515808105469,-49.1802978515625,-87.60871124267578,38.59514617919922,25.900924682617188,-22.863544464111328,81.61515808105469,-49.1802978515625,-87.60871124267578,38.59514617919922,38.095238095238095
16.568,0,25.856956481933594,-23.035615921020508,81.66062927246094,-49.0274658203125,-87.6150894165039,38.581417083740234,25.856956481933594,-23.035615921020508,81.66062927246094,-49.0274658203125,-87.6150894165039,38.581417083740234,38.095238095238095
16.592,0,25.87813949584961,-22.761581420898438,81.57518005371094,-49.23779296875,-87.62117004394531,38.688148498535156,25.87813949584961,-22.761581420898438,81.57518005371094,-49.23779296875,-87.62117004394531,38.688148498535156,38.095238095238095
16.624,0,25.850849151611328,-22.743019104003906,81.5613021850586,-49.246856689453125,-87.60781860351562,38.73271179199219,25.850849151611328,-22.743019104003906,81.5613021850586,-49.246856689453125,-87.60781860351562,38.73271179199219,38.16046966731898
16.657,0,25.843456268310547,-22.709373474121094,81.54872131347656,-49.26689529418945,-87.61528015136719,38.78427505493164,25.843456268310547,-22.709373474121094,81.54872131347656,-49.26689529418945,-87.61528015136719,38.78427505493164,38.16046966731898
16.693,0,25.83846664428711,-22.68146324157715,81.54885864257812,-49.306907653808594,-87.6080322265625,38.79694366455078,25.83846664428711,-22.68146324157715,81.54885864257812,-49.306907653808594,-87.6080322265625,38.79694366455078,38.16046966731898
16.728,0,25.79627227783203,-22.70745277404785,81.57056427001953,-49.2708740234375,-87.64115905761719,38.82464599609375,25.79627227783203,-22.70745277404785,81.57056427001953,-49.2708740234375,-87.64115905761719,38.82464599609375,38.16046966731898
16.761,0,25.802684783935547,-22.410463333129883,81.45873260498047,-49.497718811035156,-87.6102066040039,38.930416107177734,25.802684783935547,-22.410463333129883,81.45873260498047,-49.497718811035156,-87.6102066040039,38.930416107177734,38.22570123939987
16.793,0,25.791587829589844,-22.393970489501953,81.44927978515625,-49.50354766845703,-87.62311553955078,38.96991729736328,25.791587829589844,-22.393970489501953,81.44927978515625,-49.50354766845703,-87.62311553955078,38.96991729736328,38.35616438356164
16.826,0,25.786144256591797,-22.314697265625,81.4334716796875,-49.587459564208984,-87.6125259399414,38.99353790283203,25.786144256591797,-22.314697265625,81.4334716796875,-49.587459564208984,-87.6125259399414,38.99353790283203,38.486627527723414
16.858,0,25.744197845458984,-22.33357810974121,81.45152282714844,-49.55926513671875,-87.64305877685547,39.03215026855469,25.744197845458984,-22.33357810974121,81.45152282714844,-49.55926513671875,-87.64305877685547,39.03215026855469,38.486627527723414
16.893,0,25.754318237304688,-22.05384063720703,81.34504699707031,-49.774330139160156,-87.61461639404297,39.13025665283203,25.754318237304688,-22.05384063720703,81.34504699707031,-49.774330139160156,-87.61461639404297,39.13025665283203,38.551859099804304
16.927,0,25.747528076171875,-22.025211334228516,81.33552551269531,-49.800025939941406,-87.6242904663086,39.186527252197266,25.747528076171875,-22.025211334228516,81.33552551269531,-49.800025939941406,-87.6242904663086,39.186527252197266,38.617090671885194
16.965,0,25.749801635742188,-21.905500411987305,81.30071258544922,-49.89735794067383,-87.62205505371094,39.20782470703125,25.749801635742188,-21.905500411987305,81.30071258544922,-49.89735794067383,-87.62205505371094,39.20782470703125,38.617090671885194
16.993,0,25.708049774169922,-21.90997314453125,81.30745697021484,-49.87876892089844,-87.64656066894531,39.2314453125,25.708049774169922,-21.90997314453125,81.30745697021484,-49.87876892089844,-87.64656066894531,39.2314453125,38.617090671885194
17.027,0,25.71863555908203,-21.609554290771484,81.2126235961914,-50.11840057373047,-87.62205505371094,39.34034729003906,25.71863555908203,-21.609554290771484,81.2126235961914,-50.11840057373047,-87.62205505371094,39.34034729003906,38.617090671885194
17.060,0,25.715938568115234,-21.5811710357666,81.19723510742188,-50.13752365112305,-87.62906646728516,39.393455505371094,25.715938568115234,-21.5811710357666,81.19723510742188,-50.13752365112305,-87.62906646728516,39.393455505371094,38.74755381604697
17.093,0,25.7177734375,-21.4742431640625,81.17567443847656,-50.24125289916992,-87.6246566772461,39.42662048339844,25.7177734375,-21.4742431640625,81.17567443847656,-50.24125289916992,-87.6246566772461,39.42662048339844,38.87801696020874
17.127,0,25.676204681396484,-21.499719619750977,81.19499969482422,-50.20659637451172,-87.65312957763672,39.46758270263672,25.676204681396484,-21.499719619750977,81.19499969482422,-50.20659637451172,-87.65312957763672,39.46758270263672,38.87801696020874
17.161,0,25.69088363647461,-21.23369598388672,81.1033935546875,-50.41297149658203,-87.62268829345703,39.570472717285156,25.69088363647461,-21.23369598388672,81.1033935546875,-50.41297149658203,-87.62268829345703,39.570472717285156,38.87801696020874
17.197,0,25.68161392211914,-21.193408966064453,81.08740234375,-50.44445037841797,-87.63475036621094,39.6347770690918,25.68161392211914,-21.193408966064453,81.08740234375,-50.44445037841797,-87.63475036621094,39.6347770690918,38.87801696020874
17.227,0,25.67831802368164,-21.095426559448242,81.0584716796875,-50.53319549560547,-87.62701416015625,39.66194534301758,25.67831802368164,-21.095426559448242,81.0584716796875,-50.53319549560547,-87.62701416015625,39.66194534301758,38.94324853228962
17.261,0,25.631519317626953,-21.152088165283203,81.09487915039062,-50.48786926269531,-87.6282958984375,39.688255310058594,25.631519317626953,-21.152088165283203,81.09487915039062,-50.48786926269531,-87.6282958984375,39.688255310058594,39.138943248532286
17.294,0,25.61764907836914,-21.032106399536133,81.06209564208984,-50.57913589477539,-87.60337829589844,39.73457336425781,25.61764907836914,-21.032106399536133,81.06209564208984,-50.57913589477539,-87.60337829589844,39.73457336425781,39.26940639269406
17.328,0,25.620567321777344,-20.90277099609375,81.03216552734375,-50.71089553833008,-87.61695098876953,39.786643981933594,25.620567321777344,-20.90277099609375,81.03216552734375,-50.71089553833008,-87.61695098876953,39.786643981933594,39.33463796477495
17.364,0,25.61111831665039,-20.707046508789062,80.99445343017578,-50.866363525390625,-87.61541748046875,39.83829879760742,25.61111831665039,-20.707046508789062,80.99445343017578,-50.866363525390625,-87.61541748046875,39.83829879760742,39.33463796477495
17.401,0,25.583824157714844,-20.73662757873535,81.00952911376953,-50.819664001464844,-87.64703369140625,39.87323760986328,25.583824157714844,-20.73662757873535,81.00952911376953,-50.819664001464844,-87.64703369140625,39.87323760986328,39.33463796477495
17.428,0,25.56524658203125,-20.723695755004883,81.01763153076172,-50.83481979370117,-87.62821197509766,39.919281005859375,25.56524658203125,-20.723695755004883,81.01763153076172,-50.83481979370117,-87.62821197509766,39.919281005859375,39.33463796477495
17.462,0,25.564048767089844,-20.73906898498535,81.0110092163086,-50.80937194824219,-87.63011169433594,39.96034240722656,25.564048767089844,-20.73906898498535,81.0110092163086,-50.80937194824219,-87.63011169433594,39.96034240722656,39.33463796477495
17.495,0,25.568695068359375,-20.61941909790039,80.9860610961914,-50.924468994140625,-87.62271118164062,39.978240966796875,25.568695068359375,-20.61941909790039,80.9860610961914,-50.924468994140625,-87.62271118164062,39.978240966796875,39.33463796477495
17.528,0,25.55624008178711,-20.470674514770508,80.93977355957031,-51.0355224609375,-87.63751983642578,40.04912567138672,25.55624008178711,-20.470674514770508,80.93977355957031,-51.0355224609375,-87.63751983642578,40.04912567138672,39.33463796477495
17.561,0,25.557964324951172,-20.359970092773438,80.89918518066406,-51.14692687988281,-87.64173889160156,40.1015510559082,25.557964324951172,-20.359970092773438,80.89918518066406,-51.14692687988281,-87.64173889160156,40.1015510559082,39.33463796477495
17.596,0,25.550540924072266,-20.279762268066406,80.87232971191406,-51.205345153808594,-87.64805603027344,40.17201232910156,25.550540924072266,-20.279762268066406,80.87232971191406,-51.205345153808594,-87.64805603027344,40.17201232910156,39.53033268101761
17.628,0,25.556602478027344,-20.162080764770508,80.84613037109375,-51.316184997558594,-87.6463623046875,40.1915283203125,25.556602478027344,-20.162080764770508,80.84613037109375,-51.316184997558594,-87.6463623046875,40.1915283203125,39.595564253098495
17.668,0,25.511348724365234,-20.218021392822266,80.86820220947266,-51.260555267333984,-87.64673614501953,40.21854782104492,25.511348724365234,-20.218021392822266,80.86820220947266,-51.260555267333984,-87.64673614501953,40.21854782104492,39.595564253098495
17.695,0,25.480270385742188,-20.15996742248535,80.84529876708984,-51.2860107421875,-87.62360382080078,40.26436233520508,25.480270385742188,-20.15996742248535,80.84529876708984,-51.2860107421875,-87.62360382080078,40.26436233520508,39.595564253098495
17.728,0,25.47571563720703,-20.107227325439453,80.83186340332031,-51.34101867675781,-87.63423156738281,40.312408447265625,25.47571563720703,-20.107227325439453,80.83186340332031,-51.34101867675781,-87.63423156738281,40.312408447265625,39.726027397260275
17.761,0,25.463134765625,-19.90546226501465,80.78265380859375,-51.500789642333984,-87.64045715332031,40.36233901977539,25.463134765625,-19.90546226501465,80.78265380859375,-51.500789642333984,-87.64045715332031,40.36233901977539,39.726027397260275
17.795,0,25.46634292602539,-19.769805908203125,80.75249481201172,-51.62449645996094,-87.64912414550781,40.41819763183594,25.46634292602539,-19.769805908203125,80.75249481201172,-51.62449645996094,-87.64912414550781,40.41819763183594,39.92172211350293
17.830,0,25.443939208984375,-19.75090217590332,80.75254821777344,-51.633975982666016,-87.62832641601562,40.45167922973633,25.443939208984375,-19.75090217590332,80.75254821777344,-51.633975982666016,-87.62832641601562,40.45167922973633,39.92172211350293
17.869,0,25.461753845214844,-19.600461959838867,80.7063217163086,-51.748111724853516,-87.61846160888672,40.480079650878906,25.461753845214844,-19.600461959838867,80.7063217163086,-51.748111724853516,-87.61846160888672,40.480079650878906,39.92172211350293
17.911,0,25.43512725830078,-19.65207862854004,80.70568084716797,-51.68577194213867,-87.63109588623047,40.4939079284668,25.43512725830078,-19.65207862854004,80.70568084716797,-51.68577194213867,-87.63109588623047,40.4939079284668,39.98695368558382
17.936,0,25.411666870117188,-19.68195152282715,80.72884368896484,-51.671875,-87.61377716064453,40.51038360595703,25.411666870117188,-19.68195152282715,80.72884368896484,-51.671875,-87.61377716064453,40.51038360595703,39.98695368558382
18.002,0,25.406631469726562,-19.645004272460938,80.71968078613281,-51.71904373168945,-87.61931610107422,40.548622131347656,25.406631469726562,-19.645004272460938,80.71968078613281,-51.71904373168945,-87.61931610107422,40.548622131347656,39.98695368558382
18.027,0,25.40835952758789,-19.583133697509766,80.67716979980469,-51.73430252075195,-87.61099243164062,40.58341979980469,25.40835952758789,-19.583133697509766,80.67716979980469,-51.73430252075195,-87.61099243164062,40.58341979980469,39.98695368558382
18.060,0,25.41524887084961,-19.390485763549805,80.64191436767578,-51.89676284790039,-87.61552429199219,40.63818359375,25.41524887084961,-19.390485763549805,80.64191436767578,-51.89676284790039,-87.61552429199219,40.63818359375,40.11741682974559
18.095,0,25.370529174804688,-19.460113525390625,80.67082214355469,-51.83226013183594,-87.6157455444336,40.65047073364258,25.370529174804688,-19.460113525390625,80.67082214355469,-51.83226013183594,-87.6157455444336,40.65047073364258,40.11741682974559
18.127,0,25.367576599121094,-19.3973445892334,80.6494369506836,-51.89019012451172,-87.61689758300781,40.692047119140625,25.367576599121094,-19.3973445892334,80.6494369506836,-51.89019012451172,-87.61689758300781,40.692047119140625,40.182648401826484
18.167,0,25.376708984375,-19.316612243652344,80.5992202758789,-51.92020797729492,-87.61177825927734,40.72258377075195,25.376708984375,-19.316612243652344,80.5992202758789,-51.92020797729492,-87.61177825927734,40.72258377075195,40.31311154598826
18.193,0,25.397193908691406,-19.179166793823242,80.55892944335938,-52.04156494140625,-87.60491180419922,40.74783706665039,25.397193908691406,-19.179166793823242,80.55892944335938,-52.04156494140625,-87.60491180419922,40.74783706665039,40.31311154598826
18.235,0,25.359577178955078,-19.14463233947754,80.5562744140625,-52.044097900390625,-87.61447143554688,40.79125213623047,25.359577178955078,-19.14463233947754,80.5562744140625,-52.044097900390625,-87.61447143554688,40.79125213623047,40.31311154598826
18.261,0,25.352218627929688,-19.108619689941406,80.548095703125,-52.07120132446289,-87.59904479980469,40.801307678222656,25.352218627929688,-19.108619689941406,80.548095703125,-52.07120132446289,-87.59904479980469,40.801307678222656,40.31311154598826
18.295,0,25.382728576660156,-18.928749084472656,80.49764251708984,-52.21405792236328,-87.59736633300781,40.83970642089844,25.382728576660156,-18.928749084472656,80.49764251708984,-52.21405792236328,-87.59736633300781,40.83970642089844,40.31311154598826
18.329,0,25.394710540771484,-18.78597640991211,80.44931030273438,-52.33177185058594,-87.59061431884766,40.858768463134766,25.394710540771484,-18.78597640991211,80.44931030273438,-52.33177185058594,-87.59061431884766,40.858768463134766,40.31311154598826
18.371,0,25.36988067626953,-18.80065155029297,80.434326171875,-52.28264617919922,-87.58940124511719,40.88177490234375,25.36988067626953,-18.80065155029297,80.434326171875,-52.28264617919922,-87.58940124511719,40.88177490234375,40.31311154598826
18.415,0,25.375507354736328,-18.683448791503906,80.38994598388672,-52.35012435913086,-87.5727310180664,40.92607498168945,25.375507354736328,-18.683448791503906,80.38994598388672,-52.35012435913086,-87.5727310180664,40.92607498168945,40.31311154598826
18.441,0,25.38098907470703,-18.574132919311523,80.32955932617188,-52.429420471191406,-87.59403991699219,40.98267364501953,25.38098907470703,-18.574132919311523,80.32955932617188,-52.429420471191406,-87.59403991699219,40.98267364501953,40.31311154598826
18.503,0,25.38192367553711,-18.338180541992188,80.28402709960938,-52.62654113769531,-87.59415435791016,41.027854919433594,25.38192367553711,-18.338180541992188,80.28402709960938,-52.62654113769531,-87.59415435791016,41.027854919433594,40.31311154598826
18.526,0,25.374862670898438,-18.300243377685547,80.27182006835938,-52.6404914855957,-87.59031677246094,41.03614807128906,25.374862670898438,-18.300243377685547,80.27182006835938,-52.6404914855957,-87.59031677246094,41.03614807128906,40.44357469015003
18.561,0,25.344749450683594,-18.180030822753906,80.2304458618164,-52.752105712890625,-87.60789489746094,41.08545684814453,25.344749450683594,-18.180030822753906,80.2304458618164,-52.752105712890625,-87.60789489746094,41.08545684814453,40.5740378343118
18.594,0,25.352100372314453,-18.065935134887695,80.16622924804688,-52.831581115722656,-87.62910461425781,41.145233154296875,25.352100372314453,-18.065935134887695,80.16622924804688,-52.831581115722656,-87.62910461425781,41.145233154296875,40.704500978473575
18.629,0,25.33452606201172,-17.998367309570312,80.13426208496094,-52.84925842285156,-87.65090942382812,41.178123474121094,25.33452606201172,-17.998367309570312,80.13426208496094,-52.84925842285156,-87.65090942382812,41.178123474121094,40.704500978473575
18.662,0,25.34105682373047,-17.975627899169922,80.12692260742188,-52.85054016113281,-87.67203521728516,41.21907424926758,25.34105682373047,-17.975627899169922,80.12692260742188,-52.85054016113281,-87.67203521728516,41.21907424926758,40.704500978473575
18.694,0,25.386268615722656,-17.891475677490234,80.09479522705078,-52.911598205566406,-87.67675018310547,41.25707244873047,25.386268615722656,-17.891475677490234,80.09479522705078,-52.911598205566406,-87.67675018310547,41.25707244873047,40.704500978473575
18.744,0,25.37944793701172,-17.6802921295166,80.02836608886719,-53.09961700439453,-87.6987533569336,41.30650329589844,25.37944793701172,-17.6802921295166,80.02836608886719,-53.09961700439453,-87.6987533569336,41.30650329589844,40.704500978473575
18.769,0,25.393577575683594,-17.512290954589844,79.99322509765625,-53.25096893310547,-87.69031524658203,41.317039489746094,25.393577575683594,-17.512290954589844,79.99322509765625,-53.25096893310547,-87.69031524658203,41.317039489746094,40.769732550554465
18.802,0,25.418209075927734,-17.466943740844727,79.99468994140625,-53.29452133178711,-87.69286346435547,41.345855712890625,25.418209075927734,-17.466943740844727,79.99468994140625,-53.29452133178711,-87.69286346435547,41.345855712890625,40.834964122635355
18.835,0,25.424888610839844,-17.346834182739258,79.92723083496094,-53.37916564941406,-87.71957397460938,41.40806579589844,25.424888610839844,-17.346834182739258,79.92723083496094,-53.37916564941406,-87.71957397460938,41.40806579589844,40.834964122635355
18.873,0,25.43866729736328,-17.123937606811523,79.8729019165039,-53.56071853637695,-87.72416687011719,41.44047546386719,25.43866729736328,-17.123937606811523,79.8729019165039,-53.56071853637695,-87.72416687011719,41.44047546386719,40.834964122635355
18.902,0,25.414718627929688,-17.071739196777344,79.84441375732422,-53.57469940185547,-87.73006439208984,41.46156692504883,25.414718627929688,-17.071739196777344,79.84441375732422,-53.57469940185547,-87.73006439208984,41.46156692504883,40.90019569471624
18.937,0,25.447120666503906,-17.015703201293945,79.83360290527344,-53.63042449951172,-87.73653411865234,41.47508239746094,25.447120666503906,-17.015703201293945,79.83360290527344,-53.63042449951172,-87.73653411865234,41.47508239746094,41.03065883887801
18.970,0,25.40599822998047,-16.892242431640625,79.77091979980469,-53.70417785644531,-87.75051879882812,41.57538604736328,25.40599822998047,-16.892242431640625,79.77091979980469,-53.70417785644531,-87.75051879882812,41.57538604736328,41.0958904109589
19.004,0,25.42669677734375,-16.68277931213379,79.7401123046875,-53.904624938964844,-87.75981140136719,41.616455078125,25.42669677734375,-16.68277931213379,79.7401123046875,-53.904624938964844,-87.75981140136719,41.616455078125,41.0958904109589
19.037,0,25.41761016845703,-16.60888671875,79.70269775390625,-53.94784164428711,-87.74522399902344,41.61567687988281,25.41761016845703,-16.60888671875,79.70269775390625,-53.94784164428711,-87.74522399902344,41.61567687988281,41.0958904109589
19.071,0,25.41134262084961,-16.562795639038086,79.69103240966797,-53.9655876159668,-87.74004364013672,41.68894958496094,25.41134262084961,-16.562795639038086,79.69103240966797,-53.9655876159668,-87.74004364013672,41.68894958496094,41.0958904109589
19.103,0,25.407520294189453,-16.295785903930664,79.60416412353516,-54.190528869628906,-87.75199890136719,41.733192443847656,25.407520294189453,-16.295785903930664,79.60416412353516,-54.190528869628906,-87.75199890136719,41.733192443847656,41.0958904109589
19.142,0,25.397972106933594,-16.26591682434082,79.60426330566406,-54.208534240722656,-87.77494812011719,41.761253356933594,25.397972106933594,-16.26591682434082,79.60426330566406,-54.208534240722656,-87.77494812011719,41.761253356933594,41.0958904109589
19.169,0,25.388519287109375,-16.18549156188965,79.56609344482422,-54.2630729675293,-87.75631713867188,41.76560592651367,25.388519287109375,-16.18549156188965,79.56609344482422,-54.2630729675293,-87.75631713867188,41.76560592651367,41.0958904109589
19.205,0,25.378246307373047,-16.120882034301758,79.54605865478516,-54.29841613769531,-87.74683380126953,41.83106231689453,25.378246307373047,-16.120882034301758,79.54605865478516,-54.29841613769531,-87.74683380126953,41.83106231689453,41.226353555120674
19.243,0,25.379043579101562,-15.857853889465332,79.46434020996094,-54.52930450439453,-87.7570571899414,41.868499755859375,25.379043579101562,-15.857853889465332,79.46434020996094,-54.52930450439453,-87.7570571899414,41.868499755859375,41.35681669928245
19.271,0,25.362586975097656,-15.77520751953125,79.43638610839844,-54.57032775878906,-87.78117370605469,41.89434814453125,25.362586975097656,-15.77520751953125,79.43638610839844,-54.57032775878906,-87.78117370605469,41.89434814453125,41.48727984344423
19.305,0,25.357994079589844,-15.714197158813477,79.40945434570312,-54.61278533935547,-87.75619506835938,41.88911056518555,25.357994079589844,-15.714197158813477,79.40945434570312,-54.61278533935547,-87.75619506835938,41.88911056518555,41.48727984344423
19.337,0,25.360469818115234,-15.613308906555176,79.38682556152344,-54.683815002441406,-87.7452621459961,41.93724060058594,25.360469818115234,-15.613308906555176,79.38682556152344,-54.683815002441406,-87.7452621459961,41.93724060058594,41.48727984344423
19.371,0,25.36286163330078,-15.382635116577148,79.3185806274414,-54.89251708984375,-87.74976348876953,41.967552185058594,25.36286163330078,-15.382635116577148,79.3185806274414,-54.89251708984375,-87.74976348876953,41.967552185058594,41.48727984344423
19.417,0,25.339012145996094,-15.30175495147705,79.2860336303711,-54.92761993408203,-87.76766967773438,41.98497772216797,25.339012145996094,-15.30175495147705,79.2860336303711,-54.92761993408203,-87.76766967773438,41.98497772216797,41.48727984344423
19.442,0,25.32489013671875,-15.198647499084473,79.24398803710938,-54.99599838256836,-87.7442855834961,41.964927673339844,25.32489013671875,-15.198647499084473,79.24398803710938,-54.99599838256836,-87.7442855834961,41.964927673339844,41.48727984344423
19.474,0,25.334590911865234,-15.138218879699707,79.22219848632812,-55.04589080810547,-87.74089813232422,41.981353759765625,25.334590911865234,-15.138218879699707,79.22219848632812,-55.04589080810547,-87.74089813232422,41.981353759765625,41.48727984344423
19.508,0,25.299842834472656,-15.053436279296875,79.16133117675781,-55.09998321533203,-87.7717514038086,42.010276794433594,25.299842834472656,-15.053436279296875,79.16133117675781,-55.09998321533203,-87.7717514038086,42.010276794433594,41.48727984344423
19.541,0,25.30581283569336,-14.951041221618652,79.12413024902344,-55.172950744628906,-87.76960754394531,41.99889373779297,25.30581283569336,-14.951041221618652,79.12413024902344,-55.172950744628906,-87.76960754394531,41.99889373779297,41.48727984344423
19.580,0,25.262889862060547,-14.850728034973145,79.06392669677734,-55.20947265625,-87.7584228515625,41.997825622558594,25.262889862060547,-14.850728034973145,79.06392669677734,-55.20947265625,-87.7584228515625,41.997825622558594,41.48727984344423
19.641,0,25.311908721923828,-14.712602615356445,79.04510498046875,-55.35804748535156,-87.75082397460938,41.99614715576172,25.311908721923828,-14.712602615356445,79.04510498046875,-55.35804748535156,-87.75082397460938,41.99614715576172,41.48727984344423
19.667,0,25.30496597290039,-14.646419525146484,79.00897216796875,-55.387088775634766,-87.7632064819336,42.00647735595703,25.30496597290039,-14.646419525146484,79.00897216796875,-55.387088775634766,-87.7632064819336,42.00647735595703,41.617742987606
19.701,0,25.313133239746094,-14.563101768493652,78.972412109375,-55.44731903076172,-87.750732421875,41.97454071044922,25.313133239746094,-14.563101768493652,78.972412109375,-55.44731903076172,-87.750732421875,41.97454071044922,41.617742987606
19.732,0,25.350181579589844,-14.3822603225708,78.91336059570312,-55.59596633911133,-87.74010467529297,41.9537467956543,25.350181579589844,-14.3822603225708,78.91336059570312,-55.59596633911133,-87.74010467529297,41.9537467956543,41.617742987606
19.768,0,25.325435638427734,-14.329540252685547,78.8979721069336,-55.66209411621094,-87.77406311035156,41.97298812866211,25.325435638427734,-14.329540252685547,78.8979721069336,-55.66209411621094,-87.77406311035156,41.97298812866211,41.617742987606
19.804,0,25.343608856201172,-14.25143814086914,78.87107849121094,-55.72418975830078,-87.76842498779297,41.96064758300781,25.343608856201172,-14.25143814086914,78.87107849121094,-55.72418975830078,-87.76842498779297,41.96064758300781,41.617742987606
19.843,0,25.332660675048828,-14.195918083190918,78.8390121459961,-55.743186950683594,-87.76866149902344,41.94191360473633,25.332660675048828,-14.195918083190918,78.8390121459961,-55.743186950683594,-87.76866149902344,41.94191360473633,41.617742987606
19.868,0,25.37277603149414,-14.047935485839844,78.80162048339844,-55.88236999511719,-87.75105285644531,41.90850067138672,25.37277603149414,-14.047935485839844,78.80162048339844,-55.88236999511719,-87.75105285644531,41.90850067138672,41.617742987606
19.911,0,25.351787567138672,-13.974979400634766,78.7780532836914,-55.95919418334961,-87.78109741210938,41.91938018798828,25.351787567138672,-13.974979400634766,78.7780532836914,-55.95919418334961,-87.78109741210938,41.91938018798828,41.617742987606
19.936,0,25.372150421142578,-13.904338836669922,78.75849151611328,-56.02062225341797,-87.78094482421875,41.90833282470703,25.372150421142578,-13.904338836669922,78.75849151611328,-56.02062225341797,-87.78094482421875,41.90833282470703,41.617742987606
19.969,0,25.36219024658203,-13.840713500976562,78.72306060791016,-56.04828643798828,-87.77780151367188,41.87506103515625,25.36219024658203,-13.840713500976562,78.72306060791016,-56.04828643798828,-87.77780151367188,41.87506103515625,41.617742987606
20.007,0,25.39627456665039,-13.715240478515625,78.70001983642578,-56.178035736083984,-87.76280975341797,41.84083938598633,25.39627456665039,-13.715240478515625,78.70001983642578,-56.178035736083984,-87.76280975341797,41.84083938598633,41.617742987606
20.033,0,25.381248474121094,-13.644905090332031,78.6802749633789,-56.259132385253906,-87.78988647460938,41.855777740478516,25.381248474121094,-13.644905090332031,78.6802749633789,-56.259132385253906,-87.78988647460938,41.855777740478516,41.617742987606
20.085,0,25.40750503540039,-13.576700210571289,78.66087341308594,-56.313682556152344,-87.79090881347656,41.838905334472656,25.40750503540039,-13.576700210571289,78.66087341308594,-56.313682556152344,-87.79090881347656,41.838905334472656,41.617742987606
20.109,0,25.401744842529297,-13.523209571838379,78.63652038574219,-56.33485794067383,-87.78562927246094,41.803260803222656,25.401744842529297,-13.523209571838379,78.63652038574219,-56.33485794067383,-87.78562927246094,41.803260803222656,41.617742987606
20.144,0,25.42306900024414,-13.354376792907715,78.60183715820312,-56.499176025390625,-87.7710952758789,41.7695426940918,25.42306900024414,-13.354376792907715,78.60183715820312,-56.499176025390625,-87.7710952758789,41.7695426940918,41.617742987606
20.177,0,25.41516876220703,-13.312267303466797,78.59593200683594,-56.558387756347656,-87.79525756835938,41.77874755859375,25.41516876220703,-13.312267303466797,78.59593200683594,-56.558387756347656,-87.79525756835938,41.77874755859375,41.617742987606
20.211,0,25.438995361328125,-13.25131607055664,78.58358764648438,-56.6142578125,-87.79559326171875,41.74831008911133,25.438995361328125,-13.25131607055664,78.58358764648438,-56.6142578125,-87.79559326171875,41.74831008911133,41.617742987606
20.244,0,25.427738189697266,-13.213739395141602,78.57354736328125,-56.6336555480957,-87.78761291503906,41.703453063964844,25.427738189697266,-13.213739395141602,78.57354736328125,-56.6336555480957,-87.78761291503906,41.703453063964844,41.617742987606
20.277,0,25.45886993408203,-13.027432441711426,78.53235626220703,-56.80960464477539,-87.77579498291016,41.67384719848633,25.45886993408203,-13.027432441711426,78.53235626220703,-56.80960464477539,-87.77579498291016,41.67384719848633,41.617742987606
20.315,0,25.446773529052734,-12.980060577392578,78.52099609375,-56.86328887939453,-87.80186462402344,41.66944122314453,25.446773529052734,-12.980060577392578,78.52099609375,-56.86328887939453,-87.80186462402344,41.66944122314453,41.617742987606
20.344,0,25.47846221923828,-12.936054229736328,78.51676177978516,-56.90938949584961,-87.8042221069336,41.6392822265625,25.47846221923828,-12.936054229736328,78.51676177978516,-56.90938949584961,-87.8042221069336,41.6392822265625,41.617742987606
20.380,0,25.4691162109375,-12.925009727478027,78.5107421875,-56.90213394165039,-87.79701232910156,41.580589294433594,25.4691162109375,-12.925009727478027,78.5107421875,-56.90213394165039,-87.79701232910156,41.580589294433594,41.617742987606
20.410,0,25.490535736083984,-12.756265640258789,78.49006652832031,-57.07578659057617,-87.78095245361328,41.55559158325195,25.490535736083984,-12.756265640258789,78.49006652832031,-57.07578659057617,-87.78095245361328,41.55559158325195,41.617742987606
20.445,0,25.480178833007812,-12.741272926330566,78.48121643066406,-57.10089874267578,-87.80824279785156,41.54890823364258,25.480178833007812,-12.741272926330566,78.48121643066406,-57.10089874267578,-87.80824279785156,41.54890823364258,41.617742987606
20.477,0,25.522567749023438,-12.677349090576172,78.47407531738281,-57.16667556762695,-87.81103515625,41.516448974609375,25.522567749023438,-12.677349090576172,78.47407531738281,-57.16667556762695,-87.81103515625,41.516448974609375,41.617742987606
20.513,0,25.514423370361328,-12.65616226196289,78.46684265136719,-57.168949127197266,-87.80461120605469,41.45462417602539,25.514423370361328,-12.65616226196289,78.46684265136719,-57.168949127197266,-87.80461120605469,41.45462417602539,41.617742987606
20.554,0,25.552242279052734,-12.503474235534668,78.444091796875,-57.33145523071289,-87.79296875,41.42010498046875,25.552242279052734,-12.503474235534668,78.444091796875,-57.33145523071289,-87.79296875,41.42010498046875,41.617742987606
20.578,0,25.542072296142578,-12.471131324768066,78.41696166992188,-57.36045455932617,-87.81722259521484,41.394107818603516,25.542072296142578,-12.471131324768066,78.41696166992188,-57.36045455932617,-87.81722259521484,41.394107818603516,41.617742987606
20.612,0,25.579425811767578,-12.441953659057617,78.4216537475586,-57.40607833862305,-87.8203353881836,41.36529541015625,25.579425811767578,-12.441953659057617,78.4216537475586,-57.40607833862305,-87.8203353881836,41.36529541015625,41.617742987606
20.645,0,25.576305389404297,-12.395606994628906,78.40254211425781,-57.42076873779297,-87.80926513671875,41.305442810058594,25.576305389404297,-12.395606994628906,78.40254211425781,-57.42076873779297,-87.80926513671875,41.305442810058594,41.617742987606
20.679,0,25.62097930908203,-12.249488830566406,78.38179016113281,-57.57500457763672,-87.79672241210938,41.27095413208008,25.62097930908203,-12.249488830566406,78.38179016113281,-57.57500457763672,-87.79672241210938,41.27095413208008,41.617742987606
20.713,0,25.630504608154297,-12.177786827087402,78.36699676513672,-57.668209075927734,-87.80738067626953,41.227500915527344,25.630504608154297,-12.177786827087402,78.36699676513672,-57.668209075927734,-87.80738067626953,41.227500915527344,41.617742987606
20.745,0,25.665122985839844,-12.134808540344238,78.35953521728516,-57.712894439697266,-87.80731201171875,41.194427490234375,25.665122985839844,-12.134808540344238,78.35953521728516,-57.712894439697266,-87.80731201171875,41.194427490234375,41.617742987606
20.780,0,25.65892791748047,-12.085992813110352,78.33914184570312,-57.73360824584961,-87.79496765136719,41.143978118896484,25.65892791748047,-12.085992813110352,78.33914184570312,-57.73360824584961,-87.79496765136719,41.143978118896484,41.617742987606
20.814,0,25.7015380859375,-12.0451021194458,78.32090759277344,-57.765838623046875,-87.80342102050781,41.10608673095703,25.7015380859375,-12.0451021194458,78.32090759277344,-57.765838623046875,-87.80342102050781,41.10608673095703,41.617742987606
20.844,0,25.69650650024414,-12.049497604370117,78.30964660644531,-57.76360321044922,-87.83128356933594,41.07875442504883,25.69650650024414,-12.049497604370117,78.30964660644531,-57.76360321044922,-87.83128356933594,41.07875442504883,41.48727984344423
20.886,0,25.735210418701172,-12.016587257385254,78.30706024169922,-57.802589416503906,-87.8336181640625,41.03659439086914,25.735210418701172,-12.016587257385254,78.30706024169922,-57.802589416503906,-87.8336181640625,41.03659439086914,41.42204827136334
20.911,0,25.747356414794922,-11.864208221435547,78.26935577392578,-57.922950744628906,-87.7979507446289,40.978607177734375,25.747356414794922,-11.864208221435547,78.26935577392578,-57.922950744628906,-87.7979507446289,40.978607177734375,41.35681669928245
20.944,0,25.802642822265625,-11.702768325805664,78.223388671875,-58.082420349121094,-87.78387451171875,40.94017028808594,25.802642822265625,-11.702768325805664,78.223388671875,-58.082420349121094,-87.78387451171875,40.94017028808594,41.35681669928245
20.978,0,25.803340911865234,-11.725887298583984,78.19644927978516,-58.05853271484375,-87.81072235107422,40.904388427734375,25.803340911865234,-11.725887298583984,78.19644927978516,-58.05853271484375,-87.81072235107422,40.904388427734375,41.35681669928245
21.013,0,25.83196258544922,-11.676725387573242,78.1795883178711,-58.09059143066406,-87.82318878173828,40.87664031982422,25.83196258544922,-11.676725387573242,78.1795883178711,-58.09059143066406,-87.82318878173828,40.87664031982422,41.35681669928245
21.046,0,25.852012634277344,-11.594869613647461,78.15306854248047,-58.144569396972656,-87.81165313720703,40.81212615966797,25.852012634277344,-11.594869613647461,78.15306854248047,-58.144569396972656,-87.81165313720703,40.81212615966797,41.35681669928245
21.078,0,25.917133331298828,-11.450698852539062,78.1090087890625,-58.2763671875,-87.79940795898438,40.7758903503418,25.917133331298828,-11.450698852539062,78.1090087890625,-58.2763671875,-87.79940795898438,40.7758903503418,41.35681669928245
21.111,0,25.930099487304688,-11.445940017700195,78.09040832519531,-58.29943084716797,-87.81359100341797,40.72073745727539,25.930099487304688,-11.445940017700195,78.09040832519531,-58.29943084716797,-87.81359100341797,40.72073745727539,41.291585127201564
21.151,0,25.971458435058594,-11.402374267578125,78.07795715332031,-58.34025192260742,-87.80552673339844,40.668148040771484,25.971458435058594,-11.402374267578125,78.07795715332031,-58.34025192260742,-87.80552673339844,40.668148040771484,41.226353555120674
21.185,0,25.992332458496094,-11.279401779174805,78.03196716308594,-58.417877197265625,-87.7906494140625,40.617008209228516,25.992332458496094,-11.279401779174805,78.03196716308594,-58.417877197265625,-87.7906494140625,40.617008209228516,41.0958904109589
21.235,0,26.045055389404297,-11.324363708496094,78.02721405029297,-58.37159729003906,-87.79489135742188,40.583045959472656,26.045055389404297,-11.324363708496094,78.02721405029297,-58.37159729003906,-87.79489135742188,40.583045959472656,41.0958904109589
21.261,0,26.04241180419922,-11.345958709716797,77.98776245117188,-58.34169006347656,-87.8194351196289,40.538612365722656,26.04241180419922,-11.345958709716797,77.98776245117188,-58.34169006347656,-87.8194351196289,40.538612365722656,41.0958904109589
21.333,0,26.079673767089844,-11.310020446777344,77.9815902709961,-58.377784729003906,-87.81629180908203,40.48396301269531,26.079673767089844,-11.310020446777344,77.9815902709961,-58.377784729003906,-87.81629180908203,40.48396301269531,40.96542726679713
21.358,0,26.130897521972656,-11.165082931518555,77.93101501464844,-58.5013542175293,-87.79310607910156,40.42988586425781,26.130897521972656,-11.165082931518555,77.93101501464844,-58.5013542175293,-87.79310607910156,40.42988586425781,40.769732550554465
21.391,0,26.145462036132812,-11.001846313476562,77.85990905761719,-58.64471435546875,-87.7984848022461,40.412567138671875,26.145462036132812,-11.001846313476562,77.85990905761719,-58.64471435546875,-87.7984848022461,40.412567138671875,40.769732550554465
21.428,0,26.185733795166016,-10.999160766601562,77.84590911865234,-58.645355224609375,-87.79460144042969,40.332489013671875,26.185733795166016,-10.999160766601562,77.84590911865234,-58.645355224609375,-87.79460144042969,40.332489013671875,40.769732550554465
21.456,0,26.20453643798828,-10.98500919342041,77.82969665527344,-58.6446418762207,-87.78539276123047,40.279930114746094,26.20453643798828,-10.98500919342041,77.82969665527344,-58.6446418762207,-87.78539276123047,40.279930114746094,40.769732550554465
21.490,0,26.265090942382812,-10.85201644897461,77.77259826660156,-58.757835388183594,-87.76591491699219,40.21665954589844,26.265090942382812,-10.85201644897461,77.77259826660156,-58.757835388183594,-87.76591491699219,40.21665954589844,40.769732550554465
21.537,0,26.270671844482422,-10.848751068115234,77.73406219482422,-58.75639343261719,-87.7909164428711,40.18951416015625,26.270671844482422,-10.848751068115234,77.73406219482422,-58.75639343261719,-87.7909164428711,40.18951416015625,40.769732550554465
21.576,0,26.306896209716797,-10.853781700134277,77.71041107177734,-58.74115753173828,-87.79313659667969,40.11054229736328,26.306896209716797,-10.853781700134277,77.71041107177734,-58.74115753173828,-87.79313659667969,40.11054229736328,40.704500978473575
21.600,0,26.340721130371094,-10.86225700378418,77.69068908691406,-58.724754333496094,-87.79244995117188,40.0643310546875,26.340721130371094,-10.86225700378418,77.69068908691406,-58.724754333496094,-87.79244995117188,40.0643310546875,40.50880626223092
21.635,0,26.351531982421875,-10.710476875305176,77.62179565429688,-58.861900329589844,-87.79326629638672,40.003997802734375,26.351531982421875,-10.710476875305176,77.62179565429688,-58.861900329589844,-87.79326629638672,40.003997802734375,40.44357469015003
21.677,0,26.393646240234375,-10.534673690795898,77.55455780029297,-58.99945831298828,-87.7771987915039,39.96129608154297,26.393646240234375,-10.534673690795898,77.55455780029297,-58.99945831298828,-87.7771987915039,39.96129608154297,40.37834311806915
21.703,0,26.423500061035156,-10.595346450805664,77.54083251953125,-58.9310302734375,-87.77653503417969,39.86050796508789,26.423500061035156,-10.595346450805664,77.54083251953125,-58.9310302734375,-87.77653503417969,39.86050796508789,40.37834311806915
21.734,0,26.484394073486328,-10.557339668273926,77.50530242919922,-58.96299743652344,-87.75733184814453,39.81560516357422,26.484394073486328,-10.557339668273926,77.50530242919922,-58.96299743652344,-87.75733184814453,39.81560516357422,40.37834311806915
21.768,0,26.428600311279297,-10.386302947998047,77.42010498046875,-59.107879638671875,-87.75235748291016,39.75975036621094,26.428600311279297,-10.386302947998047,77.42010498046875,-59.107879638671875,-87.75235748291016,39.75975036621094,40.37834311806915
21.817,0,26.46869659423828,-10.235872268676758,77.37265014648438,-59.23228073120117,-87.73347473144531,39.701663970947266,26.46869659423828,-10.235872268676758,77.37265014648438,-59.23228073120117,-87.73347473144531,39.701663970947266,40.31311154598826
21.844,0,26.562904357910156,-10.04577922821045,77.25263214111328,-59.38886260986328,-87.76615905761719,39.66065216064453,26.562904357910156,-10.04577922821045,77.25263214111328,-59.38886260986328,-87.76615905761719,39.66065216064453,40.11741682974559
21.876,0,26.625408172607422,-9.981404304504395,77.20407104492188,-59.43604278564453,-87.75102233886719,39.591529846191406,26.625408172607422,-9.981404304504395,77.20407104492188,-59.43604278564453,-87.75102233886719,39.591529846191406,40.05218525766471
21.918,0,26.69729232788086,-10.030845642089844,77.2520523071289,-59.440818786621094,-87.7684555053711,39.5626220703125,26.69729232788086,-10.030845642089844,77.2520523071289,-59.440818786621094,-87.7684555053711,39.5626220703125,40.05218525766471
21.944,0,26.720611572265625,-10.030413627624512,77.22335815429688,-59.41413879394531,-87.76974487304688,39.500247955322266,26.720611572265625,-10.030413627624512,77.22335815429688,-59.41413879394531,-87.76974487304688,39.500247955322266,40.05218525766471
21.974,0,26.816410064697266,-9.821443557739258,77.09112548828125,-59.587379455566406,-87.80992126464844,39.46490478515625,26.816410064697266,-9.821443557739258,77.09112548828125,-59.587379455566406,-87.80992126464844,39.46490478515625,39.98695368558382
22.014,0,26.896549224853516,-9.896736145019531,77.15998077392578,-59.58624267578125,-87.81346893310547,39.41606903076172,26.896549224853516,-9.896736145019531,77.15998077392578,-59.58624267578125,-87.81346893310547,39.41606903076172,39.98695368558382
22.041,0,26.95132064819336,-9.956933975219727,77.21076202392578,-59.584022521972656,-87.83258819580078,39.3716926574707,26.95132064819336,-9.956933975219727,77.21076202392578,-59.584022521972656,-87.83258819580078,39.3716926574707,39.79125896934116
22.081,0,26.97002410888672,-9.970871925354004,77.19094848632812,-59.54764175415039,-87.8370361328125,39.305171966552734,26.97002410888672,-9.970871925354004,77.19094848632812,-59.54764175415039,-87.8370361328125,39.305171966552734,39.726027397260275
22.110,0,26.968624114990234,-9.627766609191895,77.04322052001953,-59.832542419433594,-87.8534927368164,39.27484893798828,26.968624114990234,-9.627766609191895,77.04322052001953,-59.832542419433594,-87.8534927368164,39.27484893798828,39.660795825179385
22.141,0,26.947021484375,-9.422005653381348,76.96998596191406,-60.001792907714844,-87.81681060791016,39.2080078125,26.947021484375,-9.422005653381348,76.96998596191406,-60.001792907714844,-87.81681060791016,39.2080078125,39.660795825179385
22.188,0,27.003376007080078,-9.492752075195312,77.03639221191406,-60.001487731933594,-87.83074188232422,39.15867614746094,27.003376007080078,-9.492752075195312,77.03639221191406,-60.001487731933594,-87.83074188232422,39.15867614746094,39.660795825179385
22.213,0,27.042194366455078,-9.387898445129395,76.94821166992188,-60.04615783691406,-87.82301330566406,39.08190155029297,27.042194366455078,-9.387898445129395,76.94821166992188,-60.04615783691406,-87.82301330566406,39.08190155029297,39.660795825179385
22.246,0,27.041004180908203,-9.02772045135498,76.8145523071289,-60.36265563964844,-87.83364868164062,39.05463409423828,27.041004180908203,-9.02772045135498,76.8145523071289,-60.36265563964844,-87.83364868164062,39.05463409423828,39.660795825179385
22.278,0,27.12923812866211,-9.094263076782227,76.86810302734375,-60.36406707763672,-87.84044647216797,39.00408172607422,27.12923812866211,-9.094263076782227,76.86810302734375,-60.36406707763672,-87.84044647216797,39.00408172607422,39.660795825179385
22.311,0,27.14047622680664,-9.115684509277344,76.85816192626953,-60.33872985839844,-87.8486557006836,38.92964172363281,27.14047622680664,-9.115684509277344,76.85816192626953,-60.33872985839844,-87.8486557006836,38.92964172363281,39.53033268101761
22.350,0,27.176738739013672,-9.008176803588867,76.7747802734375,-60.3856315612793,-87.83683013916016,38.842987060546875,27.176738739013672,-9.008176803588867,76.7747802734375,-60.3856315612793,-87.83683013916016,38.842987060546875,39.39986953685584
22.389,0,27.17052459716797,-8.624040603637695,76.63577270507812,-60.7210693359375,-87.85220336914062,38.80046844482422,27.17052459716797,-8.624040603637695,76.63577270507812,-60.7210693359375,-87.85220336914062,38.80046844482422,39.26940639269406
22.412,0,27.262550354003906,-8.701923370361328,76.6927261352539,-60.721351623535156,-87.85497283935547,38.75113296508789,27.262550354003906,-8.701923370361328,76.6927261352539,-60.721351623535156,-87.85497283935547,38.75113296508789,39.26940639269406
22.449,0,27.254989624023438,-8.735897064208984,76.68643188476562,-60.68193817138672,-87.86426544189453,38.65800476074219,27.254989624023438,-8.735897064208984,76.68643188476562,-60.68193817138672,-87.86426544189453,38.65800476074219,39.204174820613176
22.479,0,27.2935791015625,-8.638141632080078,76.60558319091797,-60.719261169433594,-87.85826873779297,38.57065963745117,27.2935791015625,-8.638141632080078,76.60558319091797,-60.719261169433594,-87.85826873779297,38.57065963745117,39.0737116764514
22.512,0,27.28290557861328,-8.280112266540527,76.47859191894531,-61.033992767333984,-87.8723373413086,38.514923095703125,27.28290557861328,-8.280112266540527,76.47859191894531,-61.033992767333984,-87.8723373413086,38.514923095703125,38.94324853228962
22.549,0,27.36937713623047,-8.37857437133789,76.55875396728516,-61.02769470214844,-87.87175750732422,38.472869873046875,27.36937713623047,-8.37857437133789,76.55875396728516,-61.02769470214844,-87.87175750732422,38.472869873046875,38.87801696020874
22.580,0,27.363544464111328,-8.394807815551758,76.54846954345703,-60.99994659423828,-87.8809814453125,38.370994567871094,27.363544464111328,-8.394807815551758,76.54846954345703,-60.99994659423828,-87.8809814453125,38.370994567871094,38.87801696020874
22.613,0,27.395050048828125,-8.318976402282715,76.47403717041016,-61.01988983154297,-87.8731918334961,38.27831268310547,27.395050048828125,-8.318976402282715,76.47403717041016,-61.01988983154297,-87.8731918334961,38.27831268310547,38.87801696020874
22.652,0,27.37978744506836,-7.941868782043457,76.34549713134766,-61.35542297363281,-87.88365936279297,38.22618103027344,27.37978744506836,-7.941868782043457,76.34549713134766,-61.35542297363281,-87.88365936279297,38.22618103027344,38.87801696020874
22.690,0,27.465816497802734,-8.032383918762207,76.4222640991211,-61.35429382324219,-87.88558959960938,38.15715408325195,27.465816497802734,-8.032383918762207,76.4222640991211,-61.35429382324219,-87.88558959960938,38.15715408325195,38.81278538812785
22.738,0,27.450759887695312,-8.044239044189453,76.40914154052734,-61.324615478515625,-87.89500427246094,38.0581169128418,27.450759887695312,-8.044239044189453,76.40914154052734,-61.324615478515625,-87.89500427246094,38.0581169128418,38.617090671885194
22.762,0,27.483013153076172,-7.957376480102539,76.3217544555664,-61.343048095703125,-87.88432312011719,37.961666107177734,27.483013153076172,-7.957376480102539,76.3217544555664,-61.343048095703125,-87.88432312011719,37.961666107177734,38.486627527723414
22.805,0,27.462295532226562,-7.588125228881836,76.20381164550781,-61.678123474121094,-87.89593505859375,37.89385223388672,27.462295532226562,-7.588125228881836,76.20381164550781,-61.678123474121094,-87.89593505859375,37.89385223388672,38.35616438356164
22.827,0,27.54401397705078,-7.675490379333496,76.28512573242188,-61.681251525878906,-87.89525604248047,37.81749725341797,27.54401397705078,-7.675490379333496,76.28512573242188,-61.681251525878906,-87.89525604248047,37.81749725341797,38.22570123939987
22.869,0,27.533912658691406,-7.695594787597656,76.2664566040039,-61.6316032409668,-87.90230560302734,37.73290252685547,27.533912658691406,-7.695594787597656,76.2664566040039,-61.6316032409668,-87.90230560302734,37.73290252685547,38.095238095238095
22.901,0,27.58373260498047,-7.624294281005859,76.18965148925781,-61.65595245361328,-87.88774108886719,37.63134002685547,27.58373260498047,-7.624294281005859,76.18965148925781,-61.65595245361328,-87.88774108886719,37.63134002685547,38.095238095238095
22.934,0,27.553634643554688,-7.292881965637207,76.10513305664062,-61.98139953613281,-87.89595794677734,37.54082489013672,27.553634643554688,-7.292881965637207,76.10513305664062,-61.98139953613281,-87.89595794677734,37.54082489013672,38.095238095238095
22.970,0,27.645381927490234,-7.373673439025879,76.18141174316406,-61.98878479003906,-87.90071105957031,37.477699279785156,27.645381927490234,-7.373673439025879,76.18141174316406,-61.98878479003906,-87.90071105957031,37.477699279785156,38.095238095238095
23.003,0,27.635334014892578,-7.370034217834473,76.15277862548828,-61.95478057861328,-87.90719604492188,37.385711669921875,27.635334014892578,-7.370034217834473,76.15277862548828,-61.95478057861328,-87.90719604492188,37.385711669921875,38.095238095238095
23.029,0,27.684215545654297,-7.343792915344238,76.0969009399414,-61.951622009277344,-87.89579010009766,37.270957946777344,27.684215545654297,-7.343792915344238,76.0969009399414,-61.951622009277344,-87.89579010009766,37.270957946777344,37.96477495107632
23.066,0,27.65762710571289,-6.975797653198242,75.98934936523438,-62.290550231933594,-87.90199279785156,37.194671630859375,27.65762710571289,-6.975797653198242,75.98934936523438,-62.290550231933594,-87.90199279785156,37.194671630859375,37.76908023483366
23.094,0,27.666519165039062,-7.007272720336914,75.98680114746094,-62.26728820800781,-87.91433715820312,37.1097412109375,27.666519165039062,-7.007272720336914,75.98680114746094,-62.26728820800781,-87.91433715820312,37.1097412109375,37.70384866275277
23.131,0,27.68708038330078,-6.891361236572266,75.88545227050781,-62.29894256591797,-87.90502166748047,37.01874923706055,27.68708038330078,-6.891361236572266,75.88545227050781,-62.29894256591797,-87.90502166748047,37.01874923706055,37.573385518590996
23.172,0,27.644275665283203,-6.713578224182129,75.81636047363281,-62.422420501708984,-87.87521362304688,36.90171432495117,27.644275665283203,-6.713578224182129,75.81636047363281,-62.422420501708984,-87.87521362304688,36.90171432495117,37.44292237442922
23.198,0,27.70278549194336,-6.840679168701172,75.92147064208984,-62.38254165649414,-87.86620330810547,36.81594467163086,27.70278549194336,-6.840679168701172,75.92147064208984,-62.38254165649414,-87.86620330810547,36.81594467163086,37.31245923026745
23.229,0,27.73312759399414,-6.897125244140625,75.94792175292969,-62.35856628417969,-87.86262512207031,36.72443389892578,27.73312759399414,-6.897125244140625,75.94792175292969,-62.35856628417969,-87.86262512207031,36.72443389892578,37.31245923026745
23.262,0,27.755714416503906,-6.800724029541016,75.85194396972656,-62.383453369140625,-87.85543823242188,36.62957000732422,27.755714416503906,-6.800724029541016,75.85194396972656,-62.383453369140625,-87.85543823242188,36.62957000732422,37.31245923026745
23.300,0,27.743648529052734,-6.417828559875488,75.69165802001953,-62.69219207763672,-87.86772155761719,36.55910110473633,27.743648529052734,-6.417828559875488,75.69165802001953,-62.69219207763672,-87.86772155761719,36.55910110473633,37.0515329419439
23.362,0,27.843441009521484,-6.36905574798584,75.72265625,-62.82279968261719,-87.9158706665039,36.484832763671875,27.843441009521484,-6.36905574798584,75.72265625,-62.82279968261719,-87.9158706665039,36.484832763671875,36.921069797782124
23.389,0,27.85000228881836,-6.404446601867676,75.72237396240234,-62.798194885253906,-87.92015838623047,36.377281188964844,27.85000228881836,-6.404446601867676,75.72237396240234,-62.798194885253906,-87.92015838623047,36.377281188964844,36.921069797782124
23.420,0,27.901412963867188,-6.340179443359375,75.65119171142578,-62.806175231933594,-87.90857696533203,36.28284454345703,27.901412963867188,-6.340179443359375,75.65119171142578,-62.806175231933594,-87.90857696533203,36.28284454345703,36.921069797782124
23.457,0,27.895858764648438,-5.93924617767334,75.48756408691406,-63.13805389404297,-87.91705322265625,36.2236328125,27.895858764648438,-5.93924617767334,75.48756408691406,-63.13805389404297,-87.91705322265625,36.2236328125,36.921069797782124
23.520,0,27.964675903320312,-6.083060264587402,75.59012603759766,-63.08426284790039,-87.9156723022461,36.11328887939453,27.964675903320312,-6.083060264587402,75.59012603759766,-63.08426284790039,-87.9156723022461,36.11328887939453,36.66014350945858
23.545,0,27.996639251708984,-6.133119583129883,75.59967041015625,-63.052467346191406,-87.91548919677734,36.01689910888672,27.996639251708984,-6.133119583129883,75.59967041015625,-63.052467346191406,-87.91548919677734,36.01689910888672,36.5296803652968
23.578,0,28.078563690185547,-5.903935432434082,75.44774627685547,-63.222076416015625,-87.94811248779297,35.945892333984375,28.078563690185547,-5.903935432434082,75.44774627685547,-63.222076416015625,-87.94811248779297,35.945892333984375,36.5296803652968
23.611,0,28.04049301147461,-5.70353889465332,75.37229919433594,-63.35767364501953,-87.90699005126953,35.845062255859375,28.04049301147461,-5.70353889465332,75.37229919433594,-63.35767364501953,-87.90699005126953,35.845062255859375,36.5296803652968
23.645,0,28.091201782226562,-5.823626518249512,75.45096588134766,-63.309059143066406,-87.91896057128906,35.750877380371094,28.091201782226562,-5.823626518249512,75.45096588134766,-63.309059143066406,-87.91896057128906,35.750877380371094,36.5296803652968
23.679,0,28.117809295654297,-5.875360488891602,75.45953369140625,-63.27024841308594,-87.92009735107422,35.644012451171875,28.117809295654297,-5.875360488891602,75.45953369140625,-63.27024841308594,-87.92009735107422,35.644012451171875,36.26875407697325
23.711,0,28.190227508544922,-5.668859481811523,75.3239974975586,-63.41944122314453,-87.94772338867188,35.58030700683594,28.190227508544922,-5.668859481811523,75.3239974975586,-63.41944122314453,-87.94772338867188,35.58030700683594,36.13829093281148
23.746,0,28.15782928466797,-5.447319030761719,75.24371337890625,-63.57612609863281,-87.90605163574219,35.492103576660156,28.15782928466797,-5.447319030761719,75.24371337890625,-63.57612609863281,-87.90605163574219,35.492103576660156,36.07305936073059
23.797,0,28.212451934814453,-5.5787763595581055,75.30626678466797,-63.50282287597656,-87.92420959472656,35.39503479003906,28.212451934814453,-5.5787763595581055,75.30626678466797,-63.50282287597656,-87.92420959472656,35.39503479003906,35.87736464448793
23.827,0,28.24877166748047,-5.625491142272949,75.3176040649414,-63.4659538269043,-87.92875671386719,35.29159164428711,28.24877166748047,-5.625491142272949,75.3176040649414,-63.4659538269043,-87.92875671386719,35.29159164428711,35.81213307240704
23.855,0,28.306537628173828,-5.433428764343262,75.18636322021484,-63.60082244873047,-87.95460510253906,35.217430114746094,28.306537628173828,-5.433428764343262,75.18636322021484,-63.60082244873047,-87.95460510253906,35.217430114746094,35.81213307240704
23.887,0,28.284420013427734,-5.199380874633789,75.09564208984375,-63.764068603515625,-87.9130859375,35.1373176574707,28.284420013427734,-5.199380874633789,75.09564208984375,-63.764068603515625,-87.9130859375,35.1373176574707,35.81213307240704
23.921,0,28.341079711914062,-5.346915245056152,75.1683120727539,-63.674598693847656,-87.92949676513672,35.03439712524414,28.341079711914062,-5.346915245056152,75.1683120727539,-63.674598693847656,-87.92949676513672,35.03439712524414,35.68166992824527
23.956,0,28.37282943725586,-5.3926544189453125,75.18233489990234,-63.64998245239258,-87.92987823486328,34.92443084716797,28.37282943725586,-5.3926544189453125,75.18233489990234,-63.64998245239258,-87.92987823486328,34.92443084716797,35.48597521200261
23.990,0,28.428062438964844,-5.188072204589844,75.04474639892578,-63.790374755859375,-87.95661163330078,34.86225509643555,28.428062438964844,-5.188072204589844,75.04474639892578,-63.790374755859375,-87.95661163330078,34.86225509643555,35.42074363992172
24.029,0,28.405052185058594,-4.926340103149414,74.94377899169922,-63.975006103515625,-87.9173583984375,34.76863479614258,28.405052185058594,-4.926340103149414,74.94377899169922,-63.975006103515625,-87.9173583984375,34.76863479614258,35.355512067840834
24.056,0,28.471633911132812,-5.076489448547363,75.01143646240234,-63.874183654785156,-87.93260955810547,34.6856689453125,28.471633911132812,-5.076489448547363,75.01143646240234,-63.874183654785156,-87.93260955810547,34.6856689453125,35.15981735159817
24.096,0,28.48971176147461,-5.1217145919799805,75.01129150390625,-63.83076477050781,-87.9350814819336,34.5407600402832,28.48971176147461,-5.1217145919799805,75.01129150390625,-63.83076477050781,-87.9350814819336,34.5407600402832,35.09458577951728
24.123,0,28.546443939208984,-4.898738861083984,74.88043975830078,-63.99531555175781,-87.96114349365234,34.48839569091797,28.546443939208984,-4.898738861083984,74.88043975830078,-63.99531555175781,-87.96114349365234,34.48839569091797,35.0293542074364
24.159,0,28.526412963867188,-4.6287994384765625,74.76425170898438,-64.17791748046875,-87.92788696289062,34.41917419433594,28.526412963867188,-4.6287994384765625,74.76425170898438,-64.17791748046875,-87.92788696289062,34.41917419433594,35.0293542074364
24.190,0,28.591922760009766,-4.785412788391113,74.84121704101562,-64.0894546508789,-87.94053649902344,34.320350646972656,28.591922760009766,-4.785412788391113,74.84121704101562,-64.0894546508789,-87.94053649902344,34.320350646972656,34.898891063274625
24.223,0,28.611801147460938,-4.825748443603516,74.83455657958984,-64.04371643066406,-87.9400634765625,34.19594955444336,28.611801147460938,-4.825748443603516,74.83455657958984,-64.04371643066406,-87.9400634765625,34.19594955444336,34.768427919112845
24.261,0,28.665542602539062,-4.579018592834473,74.70158386230469,-64.2265625,-87.97274780273438,34.14046859741211,28.665542602539062,-4.579018592834473,74.70158386230469,-64.2265625,-87.97274780273438,34.14046859741211,34.63796477495107
24.291,0,28.636329650878906,-4.3351640701293945,74.58899688720703,-64.380615234375,-87.93462371826172,34.084197998046875,28.636329650878906,-4.3351640701293945,74.58899688720703,-64.380615234375,-87.93462371826172,34.084197998046875,34.63796477495107
24.324,0,28.702281951904297,-4.478575706481934,74.65797424316406,-64.30754852294922,-87.9513168334961,33.970420837402344,28.702281951904297,-4.478575706481934,74.65797424316406,-64.30754852294922,-87.9513168334961,33.970420837402344,34.44227005870842
24.359,0,28.723007202148438,-4.524454116821289,74.65155792236328,-64.24642181396484,-87.95453643798828,33.86146545410156,28.723007202148438,-4.524454116821289,74.65155792236328,-64.24642181396484,-87.95453643798828,33.86146545410156,34.31180691454664
24.403,0,28.788742065429688,-4.309482574462891,74.5207290649414,-64.40692138671875,-87.98579406738281,33.809322357177734,28.788742065429688,-4.309482574462891,74.5207290649414,-64.40692138671875,-87.98579406738281,33.809322357177734,34.24657534246575
24.425,0,28.753948211669922,-4.060121536254883,74.42012786865234,-64.58592224121094,-87.94314575195312,33.74951171875,28.753948211669922,-4.060121536254883,74.42012786865234,-64.58592224121094,-87.94314575195312,33.74951171875,34.24657534246575
24.461,0,28.815746307373047,-4.194375991821289,74.48747253417969,-64.51203155517578,-87.9601821899414,33.672996520996094,28.815746307373047,-4.194375991821289,74.48747253417969,-64.51203155517578,-87.9601821899414,33.672996520996094,34.24657534246575
24.494,0,28.835933685302734,-4.239555358886719,74.48484802246094,-64.45662689208984,-87.96726989746094,33.54770278930664,28.835933685302734,-4.239555358886719,74.48484802246094,-64.45662689208984,-87.96726989746094,33.54770278930664,34.24657534246575
24.530,0,28.871707916259766,-4.115206718444824,74.3578109741211,-64.5040054321289,-87.98748016357422,33.548484802246094,28.871707916259766,-4.115206718444824,74.3578109741211,-64.5040054321289,-87.98748016357422,33.548484802246094,34.24657534246575
24.561,0,28.839221954345703,-3.8852577209472656,74.26815032958984,-64.67852020263672,-87.94976043701172,33.510169982910156,28.839221954345703,-3.8852577209472656,74.26815032958984,-64.67852020263672,-87.94976043701172,33.510169982910156,33.9856490541422
24.636,0,28.897438049316406,-4.000004768371582,74.33781433105469,-64.62032318115234,-87.96244049072266,33.44648742675781,28.897438049316406,-4.000004768371582,74.33781433105469,-64.62032318115234,-87.96244049072266,33.44648742675781,33.85518590998043
24.661,0,28.9521484375,-3.83420467376709,74.23355865478516,-64.73877716064453,-88.01632690429688,33.39599609375,28.9521484375,-3.83420467376709,74.23355865478516,-64.73877716064453,-88.01632690429688,33.39599609375,33.85518590998043
24.693,0,28.954368591308594,-3.9134902954101562,74.19481658935547,-64.60464477539062,-87.98114013671875,33.34698486328125,28.954368591308594,-3.9134902954101562,74.19481658935547,-64.60464477539062,-87.98114013671875,33.34698486328125,33.85518590998043
24.728,0,28.904075622558594,-3.6929922103881836,74.12346649169922,-64.77381134033203,-87.96080780029297,33.33095932006836,28.904075622558594,-3.6929922103881836,74.12346649169922,-64.77381134033203,-87.96080780029297,33.33095932006836,33.85518590998043
24.766,0,28.989337921142578,-3.825253486633301,74.21520233154297,-64.72479248046875,-87.9785385131836,33.272926330566406,28.989337921142578,-3.825253486633301,74.21520233154297,-64.72479248046875,-87.9785385131836,33.272926330566406,33.85518590998043
24.819,0,29.043251037597656,-3.7078447341918945,74.10125732421875,-64.77730560302734,-88.0250015258789,33.245994567871094,29.043251037597656,-3.7078447341918945,74.10125732421875,-64.77730560302734,-88.0250015258789,33.245994567871094,33.789954337899545
24.844,0,28.965072631835938,-3.527968406677246,74.03072357177734,-64.89460754394531,-88.00245666503906,33.20248031616211,28.965072631835938,-3.527968406677246,74.03072357177734,-64.89460754394531,-88.00245666503906,33.20248031616211,33.59425962165688
24.878,0,29.056785583496094,-3.699972152709961,74.1413803100586,-64.8319320678711,-88.01439666748047,33.14265441894531,29.056785583496094,-3.699972152709961,74.1413803100586,-64.8319320678711,-88.01439666748047,33.14265441894531,33.52902804957599
24.924,0,29.124141693115234,-3.6628074645996094,74.09042358398438,-64.86955261230469,-88.06041717529297,33.122222900390625,29.124141693115234,-3.6628074645996094,74.09042358398438,-64.86955261230469,-88.06041717529297,33.122222900390625,33.52902804957599
24.951,0,29.132781982421875,-3.706766128540039,74.05136108398438,-64.77084350585938,-88.02935791015625,33.117347717285156,29.132781982421875,-3.706766128540039,74.05136108398438,-64.77084350585938,-88.02935791015625,33.117347717285156,33.52902804957599
24.995,0,29.060123443603516,-3.5244436264038086,73.97938537597656,-64.89030456542969,-88.00880432128906,33.06971740722656,29.060123443603516,-3.5244436264038086,73.97938537597656,-64.89030456542969,-88.00880432128906,33.06971740722656,33.52902804957599
25.035,0,29.144798278808594,-3.710132598876953,74.09369659423828,-64.81802368164062,-88.0205078125,33.03372573852539,29.144798278808594,-3.710132598876953,74.09369659423828,-64.81802368164062,-88.0205078125,33.03372573852539,33.52902804957599
25.059,0,29.210281372070312,-3.656841278076172,74.03176879882812,-64.86000061035156,-88.0657730102539,33.013641357421875,29.210281372070312,-3.656841278076172,74.03176879882812,-64.86000061035156,-88.0657730102539,33.013641357421875,33.52902804957599
25.112,0,29.167510986328125,-3.448000907897949,73.95396423339844,-64.99801635742188,-88.03177642822266,32.97257995605469,29.167510986328125,-3.448000907897949,73.95396423339844,-64.99801635742188,-88.03177642822266,32.97257995605469,33.52902804957599
25.140,0,29.23084259033203,-3.682729721069336,74.05754852294922,-64.85047912597656,-88.04484558105469,32.90876770019531,29.23084259033203,-3.682729721069336,74.05754852294922,-64.85047912597656,-88.04484558105469,32.90876770019531,33.52902804957599
25.179,0,29.29549789428711,-3.714519500732422,74.05179595947266,-64.88068389892578,-88.09052276611328,32.871009826660156,29.29549789428711,-3.714519500732422,74.05179595947266,-64.88068389892578,-88.09052276611328,32.871009826660156,33.46379647749511
25.219,0,29.3017578125,-3.7659835815429688,74.0416259765625,-64.79815673828125,-88.06607818603516,32.865501403808594,29.3017578125,-3.7659835815429688,74.0416259765625,-64.79815673828125,-88.06607818603516,32.865501403808594,33.33333333333333
25.245,0,29.255359649658203,-3.5384836196899414,73.96141052246094,-64.95240783691406,-88.0440673828125,32.82948303222656,29.255359649658203,-3.5384836196899414,73.96141052246094,-64.95240783691406,-88.0440673828125,32.82948303222656,33.13763861709067
25.315,0,29.31012725830078,-3.7819557189941406,74.06525421142578,-64.7999496459961,-88.0589599609375,32.7639045715332,29.31012725830078,-3.7819557189941406,74.06525421142578,-64.7999496459961,-88.0589599609375,32.7639045715332,33.13763861709067
25.370,0,29.325054168701172,-3.933384895324707,74.14673614501953,-64.72238159179688,-88.0585708618164,32.69002151489258,29.325054168701172,-3.933384895324707,74.14673614501953,-64.72238159179688,-88.0585708618164,32.69002151489258,33.13763861709067
25.394,0,29.301795959472656,-4.072284698486328,74.16534423828125,-64.56694030761719,-88.06437683105469,32.77654266357422,29.301795959472656,-4.072284698486328,74.16534423828125,-64.56694030761719,-88.06437683105469,32.77654266357422,33.13763861709067
25.436,0,29.260456085205078,-3.877028465270996,74.10063934326172,-64.69767761230469,-88.03794860839844,32.7390022277832,29.260456085205078,-3.877028465270996,74.10063934326172,-64.69767761230469,-88.03794860839844,32.7390022277832,33.13763861709067
25.461,0,29.31310272216797,-3.789402961730957,74.03228759765625,-64.78514862060547,-88.0677719116211,32.70989227294922,29.31310272216797,-3.789402961730957,74.03228759765625,-64.78514862060547,-88.0677719116211,32.70989227294922,33.13763861709067
25.500,0,29.32784652709961,-3.928635597229004,74.09781646728516,-64.7066650390625,-88.06349182128906,32.62847900390625,29.32784652709961,-3.928635597229004,74.09781646728516,-64.7066650390625,-88.06349182128906,32.62847900390625,33.13763861709067
25.546,0,29.294204711914062,-4.04654598236084,74.13063049316406,-64.56648254394531,-88.04975891113281,32.71286392211914,29.294204711914062,-4.04654598236084,74.13063049316406,-64.56648254394531,-88.04975891113281,32.71286392211914,33.13763861709067
25.571,0,29.279033660888672,-3.695812225341797,74.00110626220703,-64.84947204589844,-88.0588150024414,32.721229553222656,29.279033660888672,-3.695812225341797,74.00110626220703,-64.84947204589844,-88.0588150024414,32.721229553222656,33.13763861709067
25.604,0,29.302043914794922,-3.7739791870117188,74.02851867675781,-64.80668640136719,-88.04346466064453,32.64680099487305,29.302043914794922,-3.7739791870117188,74.02851867675781,-64.80668640136719,-88.04346466064453,32.64680099487305,33.07240704500978
25.637,0,29.299190521240234,-3.9558801651000977,74.10057067871094,-64.6794204711914,-88.05812072753906,32.58319854736328,29.299190521240234,-3.9558801651000977,74.10057067871094,-64.6794204711914,-88.05812072753906,32.58319854736328,33.07240704500978
25.671,0,29.293678283691406,-4.08553409576416,74.14010620117188,-64.53662872314453,-88.03997802734375,32.689788818359375,29.293678283691406,-4.08553409576416,74.14010620117188,-64.53662872314453,-88.03997802734375,32.689788818359375,33.07240704500978
25.716,0,29.27450942993164,-3.800617218017578,74.04993438720703,-64.7796630859375,-88.04869079589844,32.66895294189453,29.27450942993164,-3.800617218017578,74.04993438720703,-64.7796630859375,-88.04869079589844,32.66895294189453,32.87671232876712
25.774,0,29.287609100341797,-3.885806083679199,74.06695556640625,-64.7123794555664,-88.02689361572266,32.635902404785156,29.287609100341797,-3.885806083679199,74.06695556640625,-64.7123794555664,-88.02689361572266,32.635902404785156,32.81148075668624
25.814,0,29.289329528808594,-4.0483856201171875,74.1446304321289,-64.61804962158203,-88.04047393798828,32.554443359375,29.289329528808594,-4.0483856201171875,74.1446304321289,-64.61804962158203,-88.04047393798828,32.554443359375,32.81148075668624
25.837,0,29.303653717041016,-4.090633392333984,74.13113403320312,-64.56724548339844,-88.06144714355469,32.696292877197266,29.303653717041016,-4.090633392333984,74.13113403320312,-64.56724548339844,-88.06144714355469,32.696292877197266,32.81148075668624
25.878,0,29.251140594482422,-3.8787708282470703,74.08871459960938,-64.7262954711914,-88.01570129394531,32.650291442871094,29.251140594482422,-3.8787708282470703,74.08871459960938,-64.7262954711914,-88.01570129394531,32.650291442871094,32.81148075668624
25.908,0,29.25393295288086,-3.9500465393066406,74.08907318115234,-64.65995788574219,-88.01220703125,32.62098693847656,29.25393295288086,-3.9500465393066406,74.08907318115234,-64.65995788574219,-88.01220703125,32.62098693847656,32.81148075668624
25.940,0,29.272464752197266,-4.129025459289551,74.182861328125,-64.56877899169922,-88.02174377441406,32.55522918701172,29.272464752197266,-4.129025459289551,74.182861328125,-64.56877899169922,-88.02174377441406,32.55522918701172,32.81148075668624
25.973,0,29.285430908203125,-4.1971845626831055,74.1871566772461,-64.50312805175781,-88.0342025756836,32.682838439941406,29.285430908203125,-4.1971845626831055,74.1871566772461,-64.50312805175781,-88.0342025756836,32.682838439941406,32.81148075668624
26.009,0,29.236003875732422,-4.044214248657227,74.1574478149414,-64.61085510253906,-87.99090576171875,32.67460250854492,29.236003875732422,-4.044214248657227,74.1574478149414,-64.61085510253906,-87.99090576171875,32.67460250854492,32.81148075668624
26.048,0,29.242069244384766,-4.114860534667969,74.17469024658203,-64.56424713134766,-87.98885345458984,32.62382125854492,29.242069244384766,-4.114860534667969,74.17469024658203,-64.56424713134766,-87.98885345458984,32.62382125854492,32.81148075668624
26.074,0,29.264507293701172,-4.29952335357666,74.26641845703125,-64.46781921386719,-87.99506378173828,32.59257507324219,29.264507293701172,-4.29952335357666,74.26641845703125,-64.46781921386719,-87.99506378173828,32.59257507324219,32.81148075668624
26.106,0,29.26321792602539,-4.4171037673950195,74.28984069824219,-64.35347747802734,-88.0080795288086,32.72917175292969,29.26321792602539,-4.4171037673950195,74.28984069824219,-64.35347747802734,-88.0080795288086,32.72917175292969,32.81148075668624
26.140,0,29.235721588134766,-4.287012100219727,74.26931762695312,-64.46624755859375,-87.96989440917969,32.69528579711914,29.235721588134766,-4.287012100219727,74.26931762695312,-64.46624755859375,-87.96989440917969,32.69528579711914,32.81148075668624
26.173,0,29.248157501220703,-4.328058242797852,74.2841567993164,-64.44403076171875,-87.96621704101562,32.66978454589844,29.248157501220703,-4.328058242797852,74.2841567993164,-64.44403076171875,-87.96621704101562,32.66978454589844,32.81148075668624
26.208,0,29.26079559326172,-4.544952392578125,74.37193298339844,-64.29708862304688,-87.97701263427734,32.638671875,29.26079559326172,-4.544952392578125,74.37193298339844,-64.29708862304688,-87.97701263427734,32.638671875,32.81148075668624
26.248,0,29.258480072021484,-4.632871627807617,74.40472412109375,-64.23384857177734,-87.98318481445312,32.764190673828125,29.258480072021484,-4.632871627807617,74.40472412109375,-64.23384857177734,-87.98318481445312,32.764190673828125,32.81148075668624
26.273,0,29.22763442993164,-4.494009017944336,74.37830352783203,-64.34620666503906,-87.9469223022461,32.73857879638672,29.22763442993164,-4.494009017944336,74.37830352783203,-64.34620666503906,-87.9469223022461,32.73857879638672,32.81148075668624
26.309,0,29.238452911376953,-4.598699569702148,74.42322540283203,-64.27224731445312,-87.93910217285156,32.7474479675293,29.238452911376953,-4.598699569702148,74.42322540283203,-64.27224731445312,-87.93910217285156,32.7474479675293,32.81148075668624
26.342,0,29.246692657470703,-4.828533172607422,74.5190658569336,-64.11691284179688,-87.95264434814453,32.69382858276367,29.246692657470703,-4.828533172607422,74.5190658569336,-64.11691284179688,-87.95264434814453,32.69382858276367,32.81148075668624
26.374,0,29.250347137451172,-4.956303596496582,74.56925964355469,-64.03544616699219,-87.95832824707031,32.7668342590332,29.250347137451172,-4.956303596496582,74.56925964355469,-64.03544616699219,-87.95832824707031,32.7668342590332,32.81148075668624
26.417,0,29.224445343017578,-4.890926361083984,74.56123352050781,-64.09492492675781,-87.92471313476562,32.751304626464844,29.224445343017578,-4.890926361083984,74.56123352050781,-64.09492492675781,-87.92471313476562,32.751304626464844,32.81148075668624
26.445,0,29.229461669921875,-4.970682144165039,74.61852264404297,-64.0631103515625,-87.9225845336914,32.73784637451172,29.229461669921875,-4.970682144165039,74.61852264404297,-64.0631103515625,-87.9225845336914,32.73784637451172,32.81148075668624
26.477,0,29.223228454589844,-5.081747055053711,74.64666748046875,-63.973716735839844,-87.9279556274414,32.65885543823242,29.223228454589844,-5.081747055053711,74.64666748046875,-63.973716735839844,-87.9279556274414,32.65885543823242,32.81148075668624
26.542,0,29.224010467529297,-5.233737945556641,74.69549560546875,-63.8681640625,-87.92542266845703,32.779197692871094,29.224010467529297,-5.233737945556641,74.69549560546875,-63.8681640625,-87.92542266845703,32.779197692871094,32.81148075668624
26.568,0,29.186172485351562,-5.155752182006836,74.70330047607422,-63.94751739501953,-87.8987045288086,32.75765609741211,29.186172485351562,-5.155752182006836,74.70330047607422,-63.94751739501953,-87.8987045288086,32.75765609741211,32.81148075668624
26.599,0,29.192596435546875,-5.190926551818848,74.73306274414062,-63.93682098388672,-87.89281463623047,32.765106201171875,29.192596435546875,-5.190926551818848,74.73306274414062,-63.93682098388672,-87.89281463623047,32.765106201171875,32.81148075668624
26.636,0,29.212905883789062,-5.148669242858887,74.70277404785156,-64.01363372802734,-87.92723083496094,32.69070816040039,29.212905883789062,-5.148669242858887,74.70277404785156,-64.01363372802734,-87.92723083496094,32.69070816040039,32.81148075668624
26.682,0,29.205318450927734,-5.265201568603516,74.7343978881836,-63.910972595214844,-87.9345474243164,32.80928039550781,29.205318450927734,-5.265201568603516,74.7343978881836,-63.910972595214844,-87.9345474243164,32.80928039550781,32.81148075668624
26.706,0,29.229537963867188,-5.349676132202148,74.77701568603516,-63.8701171875,-87.93583679199219,32.785125732421875,29.229537963867188,-5.349676132202148,74.77701568603516,-63.8701171875,-87.93583679199219,32.785125732421875,32.81148075668624
26.740,0,29.262615203857422,-5.45872688293457,74.84828186035156,-63.835838317871094,-87.9269790649414,32.77366638183594,29.262615203857422,-5.45872688293457,74.84828186035156,-63.835838317871094,-87.9269790649414,32.77366638183594,32.81148075668624
26.784,0,29.300804138183594,-5.43946647644043,74.81668090820312,-63.883941650390625,-87.96529388427734,32.72072982788086,29.300804138183594,-5.43946647644043,74.81668090820312,-63.883941650390625,-87.96529388427734,32.72072982788086,32.81148075668624
26.809,0,29.234100341796875,-5.443256378173828,74.85748291015625,-63.90123748779297,-87.9308090209961,32.68543243408203,29.234100341796875,-5.443256378173828,74.85748291015625,-63.90123748779297,-87.9308090209961,32.68543243408203,32.81148075668624
26.848,0,29.17432403564453,-5.323678016662598,74.85850524902344,-64.02568054199219,-87.90967559814453,32.70880889892578,29.17432403564453,-5.323678016662598,74.85850524902344,-64.02568054199219,-87.90967559814453,32.70880889892578,32.81148075668624
26.873,0,29.20626449584961,-5.42293643951416,74.93368530273438,-64.00665283203125,-87.91094970703125,32.658477783203125,29.20626449584961,-5.42293643951416,74.93368530273438,-64.00665283203125,-87.91094970703125,32.658477783203125,32.81148075668624
26.909,0,29.22083282470703,-5.526313781738281,74.97355651855469,-63.91679382324219,-87.91920471191406,32.77317428588867,29.22083282470703,-5.526313781738281,74.97355651855469,-63.91679382324219,-87.91920471191406,32.77317428588867,32.81148075668624
26.941,0,29.17636489868164,-5.71904182434082,75.06713104248047,-63.758201599121094,-87.88025665283203,32.86183547973633,29.17636489868164,-5.71904182434082,75.06713104248047,-63.758201599121094,-87.88025665283203,32.86183547973633,32.81148075668624
26.973,0,29.18770980834961,-5.855463027954102,75.14763641357422,-63.6991081237793,-87.87589263916016,32.82283020019531,29.18770980834961,-5.855463027954102,75.14763641357422,-63.6991081237793,-87.87589263916016,32.82283020019531,32.81148075668624
27.020,0,29.182971954345703,-5.954034805297852,75.1700210571289,-63.61090087890625,-87.88172149658203,32.81515121459961,29.182971954345703,-5.954034805297852,75.1700210571289,-63.61090087890625,-87.88172149658203,32.81515121459961,32.81148075668624
27.046,0,29.195056915283203,-6.031703948974609,75.22137451171875,-63.565650939941406,-87.88615417480469,32.91741943359375,29.195056915283203,-6.031703948974609,75.22137451171875,-63.565650939941406,-87.88615417480469,32.91741943359375,32.81148075668624
27.077,0,29.127166748046875,-5.95145320892334,75.2099609375,-63.634864807128906,-87.85314178466797,32.93517303466797,29.127166748046875,-5.95145320892334,75.2099609375,-63.634864807128906,-87.85314178466797,32.93517303466797,32.81148075668624
27.110,0,29.109268188476562,-6.107688903808594,75.2685775756836,-63.532554626464844,-87.85997772216797,32.879188537597656,29.109268188476562,-6.107688903808594,75.2685775756836,-63.532554626464844,-87.85997772216797,32.879188537597656,32.81148075668624
