t_s,episode,target.shoulder_pan.pos,target.shoulder_lift.pos,target.elbow_flex.pos,target.wrist_flex.pos,target.wrist_roll.pos,target.gripper.pos,sent.shoulder_pan.pos,sent.shoulder_lift.pos,sent.elbow_flex.pos,sent.wrist_flex.pos,sent.wrist_roll.pos,sent.gripper.pos,gripper_actual
0.234,0,-6.275856018066406,-99.77684783935547,93.85749053955078,60.17268371582031,-10.79559326171875,0.6172885894775391,-6.275856018066406,-99.77684783935547,93.85749053955078,60.17268371582031,-10.79559326171875,0.6172885894775391,1.1741682974559686
0.264,0,-5.362154960632324,-99.87147521972656,93.90231323242188,60.62725067138672,-10.260360717773438,0.6414165496826172,-5.362154960632324,-99.87147521972656,93.90231323242188,60.62725067138672,-10.260360717773438,0.6414165496826172,1.1741682974559686
0.328,0,-5.565728187561035,-99.9486083984375,94.10142517089844,59.81654357910156,-11.025001525878906,0.6193809509277344,-5.565728187561035,-99.9486083984375,94.10142517089844,59.81654357910156,-11.025001525878906,0.6193809509277344,1.1741682974559686
0.354,0,-5.891061782836914,-99.97514343261719,94.02043151855469,60.09574890136719,-11.768898010253906,0.5677413940429688,-5.891061782836914,-99.97514343261719,94.02043151855469,60.09574890136719,-11.768898010253906,0.5677413940429688,1.1741682974559686
0.387,0,-5.699183464050293,-100.03594970703125,94.07557678222656,59.85143280029297,-11.911338806152344,0.5779247283935547,-5.699183464050293,-100.03594970703125,94.07557678222656,59.85143280029297,-11.911338806152344,0.5779247283935547,1.1741682974559686
0.423,0,-5.771706581115723,-100.09603118896484,94.23797607421875,58.94597625732422,-12.655319213867188,0.5718841552734375,-5.771706581115723,-100.09603118896484,94.23797607421875,58.94597625732422,-12.655319213867188,0.5718841552734375,1.1741682974559686
0.454,0,-5.833558082580566,-100.08110809326172,94.36808013916016,58.13267517089844,-13.578697204589844,0.5832233428955078,-5.833558082580566,-100.08110809326172,94.36808013916016,58.13267517089844,-13.578697204589844,0.5832233428955078,1.1741682974559686
0.487,0,-5.931571960449219,-100.06759643554688,94.501220703125,57.43559265136719,-14.793907165527344,0.5703010559082031,-5.931571960449219,-100.06759643554688,94.501220703125,57.43559265136719,-14.793907165527344,0.5703010559082031,1.1741682974559686
0.525,0,-6.082488059997559,-100.03942108154297,94.60044860839844,56.78059387207031,-15.832481384277344,0.5764541625976562,-6.082488059997559,-100.03942108154297,94.60044860839844,56.78059387207031,-15.832481384277344,0.5764541625976562,1.1741682974559686
0.556,0,-6.133439064025879,-100.03894805908203,94.74687194824219,56.082542419433594,-16.912071228027344,0.5693206787109375,-6.133439064025879,-100.03894805908203,94.74687194824219,56.082542419433594,-16.912071228027344,0.5693206787109375,1.1741682974559686
0.587,0,-6.136319160461426,-100.03485870361328,94.90421295166016,55.237335205078125,-18.099201202392578,0.5747833251953125,-6.136319160461426,-100.03485870361328,94.90421295166016,55.237335205078125,-18.099201202392578,0.5747833251953125,1.1741682974559686
0.621,0,-6.207770347595215,-100.02995300292969,95.0166015625,54.66175079345703,-19.276927947998047,0.5666656494140625,-6.207770347595215,-100.02995300292969,95.0166015625,54.66175079345703,-19.276927947998047,0.5666656494140625,1.1741682974559686
0.655,0,-6.271718978881836,-100.03050231933594,95.13345336914062,54.027069091796875,-20.555877685546875,0.5598411560058594,-6.271718978881836,-100.03050231933594,95.13345336914062,54.027069091796875,-20.555877685546875,0.5598411560058594,1.1741682974559686
0.690,0,-6.280420303344727,-100.01757049560547,95.28742980957031,53.20087432861328,-21.716014862060547,0.5577716827392578,-6.280420303344727,-100.01757049560547,95.28742980957031,53.20087432861328,-21.716014862060547,0.5577716827392578,1.1741682974559686
0.729,0,-6.369611740112305,-100.02713775634766,95.44637298583984,52.29362487792969,-23.44939422607422,0.551605224609375,-6.369611740112305,-100.02713775634766,95.44637298583984,52.29362487792969,-23.44939422607422,0.551605224609375,1.1741682974559686
0.756,0,-6.44680118560791,-100.04297637939453,95.54786682128906,51.751060485839844,-24.69684600830078,0.5403652191162109,-6.44680118560791,-100.04297637939453,95.54786682128906,51.751060485839844,-24.69684600830078,0.5403652191162109,1.1741682974559686
0.790,0,-6.485917091369629,-100.06400299072266,95.66677856445312,51.057159423828125,-26.229454040527344,0.5316009521484375,-6.485917091369629,-100.06400299072266,95.66677856445312,51.057159423828125,-26.229454040527344,0.5316009521484375,1.1741682974559686
0.822,0,-6.462701797485352,-100.08556365966797,95.79753875732422,50.194908142089844,-27.856395721435547,0.5186367034912109,-6.462701797485352,-100.08556365966797,95.79753875732422,50.194908142089844,-27.856395721435547,0.5186367034912109,1.1741682974559686
0.857,0,-6.488978385925293,-100.11247253417969,95.91980743408203,49.46299743652344,-29.489032745361328,0.5065898895263672,-6.488978385925293,-100.11247253417969,95.91980743408203,49.46299743652344,-29.489032745361328,0.5065898895263672,1.1741682974559686
0.890,0,-6.501947402954102,-100.15282440185547,96.0186767578125,48.81329345703125,-31.28668975830078,0.4865264892578125,-6.501947402954102,-100.15282440185547,96.0186767578125,48.81329345703125,-31.28668975830078,0.4865264892578125,1.1741682974559686
0.924,0,-6.495149612426758,-100.1955337524414,96.10107421875,48.267181396484375,-32.82523727416992,0.46659278869628906,-6.495149612426758,-100.1955337524414,96.10107421875,48.267181396484375,-32.82523727416992,0.46659278869628906,1.1741682974559686
0.961,0,-6.429033279418945,-100.24331665039062,96.19741821289062,47.52366638183594,-34.68669509887695,0.44727325439453125,-6.429033279418945,-100.24331665039062,96.19741821289062,47.52366638183594,-34.68669509887695,0.44727325439453125,1.1741682974559686
0.992,0,-6.352034568786621,-100.2979736328125,96.2575454711914,46.96454620361328,-36.441917419433594,0.4147815704345703,-6.352034568786621,-100.2979736328125,96.2575454711914,46.96454620361328,-36.441917419433594,0.4147815704345703,1.1741682974559686
1.023,0,-6.251400947570801,-100.35894012451172,96.31645202636719,46.41301727294922,-38.319698333740234,0.3884315490722656,-6.251400947570801,-100.35894012451172,96.31645202636719,46.41301727294922,-38.319698333740234,0.3884315490722656,1.1741682974559686
1.056,0,-6.132541656494141,-100.41827392578125,96.36234283447266,45.94960021972656,-40.05766677856445,0.3582630157470703,-6.132541656494141,-100.41827392578125,96.36234283447266,45.94960021972656,-40.05766677856445,0.3582630157470703,1.1741682974559686
1.098,0,-5.983600616455078,-100.48017883300781,96.4078369140625,45.405426025390625,-41.97044372558594,0.3347969055175781,-5.983600616455078,-100.48017883300781,96.4078369140625,45.405426025390625,-41.97044372558594,0.3347969055175781,1.1741682974559686
1.125,0,-5.741358757019043,-100.54589080810547,96.43543243408203,44.86021423339844,-43.92144775390625,0.3337249755859375,-5.741358757019043,-100.54589080810547,96.43543243408203,44.86021423339844,-43.92144775390625,0.3337249755859375,1.1741682974559686
1.158,0,-5.517726898193359,-100.59200286865234,96.46755981445312,44.386566162109375,-45.8106689453125,0.3222026824951172,-5.517726898193359,-100.59200286865234,96.46755981445312,44.386566162109375,-45.8106689453125,0.3222026824951172,1.1741682974559686
1.198,0,-5.249651908874512,-100.64717864990234,96.48713684082031,43.969573974609375,-47.73402786254883,0.3984394073486328,-5.249651908874512,-100.64717864990234,96.48713684082031,43.969573974609375,-47.73402786254883,0.3984394073486328,1.1741682974559686
1.228,0,-4.933309555053711,-100.69365692138672,96.50545501708984,43.51892852783203,-49.71525955200195,0.4517650604248047,-4.933309555053711,-100.69365692138672,96.50545501708984,43.51892852783203,-49.71525955200195,0.4517650604248047,1.1741682974559686
1.258,0,-4.544424057006836,-100.75772857666016,96.52272033691406,42.994667053222656,-51.8585205078125,0.5568008422851562,-4.544424057006836,-100.75772857666016,96.52272033691406,42.994667053222656,-51.8585205078125,0.5568008422851562,1.1741682974559686
1.295,0,-4.105846405029297,-100.78352355957031,96.53785705566406,42.552825927734375,-54.012203216552734,0.7712783813476562,-4.105846405029297,-100.78352355957031,96.53785705566406,42.552825927734375,-54.012203216552734,0.7712783813476562,1.1741682974559686
1.329,0,-3.6968812942504883,-100.83067321777344,96.55113220214844,42.102088928222656,-56.02668762207031,0.9888153076171875,-3.6968812942504883,-100.83067321777344,96.55113220214844,42.102088928222656,-56.02668762207031,0.9888153076171875,1.1741682974559686
1.367,0,-3.1566333770751953,-100.86558532714844,96.55838012695312,41.52210235595703,-58.218902587890625,1.4077281951904297,-3.1566333770751953,-100.86558532714844,96.55838012695312,41.52210235595703,-58.218902587890625,1.4077281951904297,1.1741682974559686
1.395,0,-2.6258678436279297,-100.90037536621094,96.55612182617188,40.98619079589844,-60.198219299316406,1.7853584289550781,-2.6258678436279297,-100.90037536621094,96.55612182617188,40.98619079589844,-60.198219299316406,1.7853584289550781,1.1741682974559686
1.428,0,-2.0723671913146973,-100.91486358642578,96.55680847167969,40.49639892578125,-62.21771240234375,2.2203540802001953,-2.0723671913146973,-100.91486358642578,96.55680847167969,40.49639892578125,-62.21771240234375,2.2203540802001953,1.1741682974559686
1.461,0,-1.4714655876159668,-100.96162414550781,96.55414581298828,40.00746154785156,-64.23943328857422,2.6904869079589844,-1.4714655876159668,-100.96162414550781,96.55414581298828,40.00746154785156,-64.23943328857422,2.6904869079589844,1.2393998695368558
1.498,0,-0.8191742897033691,-100.98473358154297,96.54301452636719,39.4410400390625,-66.15584564208984,3.3870201110839844,-0.8191742897033691,-100.98473358154297,96.54301452636719,39.4410400390625,-66.15584564208984,3.3870201110839844,1.4350945857795172
1.529,0,-0.16964435577392578,-101.01239013671875,96.53514099121094,38.913978576660156,-67.93228149414062,4.047479629516602,-0.16964435577392578,-101.01239013671875,96.53514099121094,38.913978576660156,-67.93228149414062,4.047479629516602,1.6307893020221786
1.594,0,0.45049166679382324,-101.03717803955078,96.52713012695312,38.37171936035156,-69.53263092041016,4.801383018493652,0.45049166679382324,-101.03717803955078,96.52713012695312,38.37171936035156,-69.53263092041016,4.801383018493652,2.0221787345075013
1.620,0,1.172440528869629,-101.07254791259766,96.52714538574219,37.75958251953125,-71.03874206542969,5.662221908569336,1.172440528869629,-101.07254791259766,96.52714538574219,37.75958251953125,-71.03874206542969,5.662221908569336,3.0658838878016956
1.655,0,1.8771319389343262,-101.10797882080078,96.53313446044922,37.106117248535156,-72.54379272460938,6.744688034057617,1.8771319389343262,-101.10797882080078,96.53313446044922,37.106117248535156,-72.54379272460938,6.744688034057617,3.3920417482061316
1.693,0,2.581904411315918,-101.11927795410156,96.53857421875,36.459320068359375,-73.71791076660156,7.655106544494629,2.581904411315918,-101.11927795410156,96.53857421875,36.459320068359375,-73.71791076660156,7.655106544494629,4.044357469015003
1.721,0,3.2485098838806152,-101.09841918945312,96.5470962524414,35.79290771484375,-74.7528076171875,8.744280815124512,3.2485098838806152,-101.09841918945312,96.5470962524414,35.79290771484375,-74.7528076171875,8.744280815124512,4.761904761904762
1.764,0,3.895632743835449,-101.07455444335938,96.56230926513672,35.07707977294922,-75.65514373779297,9.823020935058594,3.895632743835449,-101.07455444335938,96.56230926513672,35.07707977294922,-75.65514373779297,9.823020935058594,5.609915198956294
1.793,0,4.5474724769592285,-101.00765228271484,96.58273315429688,34.319923400878906,-76.47325134277344,10.988558769226074,4.5474724769592285,-101.00765228271484,96.58273315429688,34.319923400878906,-76.47325134277344,10.988558769226074,6.653620352250488
1.825,0,5.133840084075928,-100.83252716064453,96.60159301757812,33.50453186035156,-77.11734008789062,12.141998291015625,5.133840084075928,-100.83252716064453,96.60159301757812,33.50453186035156,-77.11734008789062,12.141998291015625,7.566862361382909
1.858,0,5.726043701171875,-100.68037414550781,96.63260650634766,32.81968688964844,-77.74199676513672,13.180831909179688,5.726043701171875,-100.68037414550781,96.63260650634766,32.81968688964844,-77.74199676513672,13.180831909179688,8.545335942596216
1.894,0,6.237843036651611,-100.38737487792969,96.65495300292969,31.982437133789062,-78.22080993652344,14.261676788330078,6.237843036651611,-100.38737487792969,96.65495300292969,31.982437133789062,-78.22080993652344,14.261676788330078,9.719504240052185
1.928,0,6.786643981933594,-100.0660629272461,96.68540954589844,31.157318115234375,-78.71057891845703,15.376602172851562,6.786643981933594,-100.0660629272461,96.68540954589844,31.157318115234375,-78.71057891845703,15.376602172851562,10.828440965427266
1.958,0,7.265851020812988,-99.74398803710938,96.71673583984375,30.371673583984375,-79.10051727294922,16.34467887878418,7.265851020812988,-99.74398803710938,96.71673583984375,30.371673583984375,-79.10051727294922,16.34467887878418,11.937377690802348
1.992,0,7.7344489097595215,-99.22860717773438,96.7383804321289,29.445228576660156,-79.50398254394531,17.319238662719727,7.7344489097595215,-99.22860717773438,96.7383804321289,29.445228576660156,-79.50398254394531,17.319238662719727,12.981082844096543
2.024,0,8.152935028076172,-98.72911834716797,96.75635528564453,28.539230346679688,-79.80683135986328,18.193403244018555,8.152935028076172,-98.72911834716797,96.75635528564453,28.539230346679688,-79.80683135986328,18.193403244018555,14.090019569471623
2.058,0,8.605260848999023,-98.09962463378906,96.76520538330078,27.528953552246094,-80.14991760253906,19.101303100585938,8.605260848999023,-98.09962463378906,96.76520538330078,27.528953552246094,-80.14991760253906,19.101303100585938,15.133724722765818
2.092,0,8.97283935546875,-97.4721908569336,96.77790832519531,26.52826690673828,-80.43612670898438,19.962520599365234,8.97283935546875,-97.4721908569336,96.77790832519531,26.52826690673828,-80.43612670898438,19.962520599365234,16.17742987606001
2.124,0,9.35325813293457,-96.6659927368164,96.77519989013672,25.36496353149414,-80.74519348144531,20.840316772460938,9.35325813293457,-96.6659927368164,96.77519989013672,25.36496353149414,-80.74519348144531,20.840316772460938,17.025440313111545
2.161,0,9.731679916381836,-95.8763198852539,96.76498413085938,24.260223388671875,-81.0595474243164,21.712345123291016,9.731679916381836,-95.8763198852539,96.76498413085938,24.260223388671875,-81.0595474243164,21.712345123291016,18.003913894324853
2.194,0,10.060823440551758,-94.94660186767578,96.74899291992188,23.022308349609375,-81.35077667236328,22.454669952392578,10.060823440551758,-94.94660186767578,96.74899291992188,23.022308349609375,-81.35077667236328,22.454669952392578,18.98238747553816
2.232,0,10.369633674621582,-93.98002624511719,96.73219299316406,21.751113891601562,-81.61283111572266,23.277374267578125,10.369633674621582,-93.98002624511719,96.73219299316406,21.751113891601562,-81.61283111572266,23.277374267578125,19.765166340508806
2.258,0,10.674942016601562,-92.99176025390625,96.70276641845703,20.52313232421875,-81.88040161132812,23.990985870361328,10.674942016601562,-92.99176025390625,96.70276641845703,20.52313232421875,-81.88040161132812,23.990985870361328,20.678408349641224
2.294,0,10.949914932250977,-91.80720520019531,96.65015411376953,19.06307601928711,-82.19390106201172,24.775638580322266,10.949914932250977,-91.80720520019531,96.65015411376953,19.06307601928711,-82.19390106201172,24.775638580322266,21.461187214611872
2.327,0,11.212254524230957,-90.73905944824219,96.60881805419922,17.77932357788086,-82.44774627685547,25.43155288696289,11.212254524230957,-90.73905944824219,96.60881805419922,17.77932357788086,-82.44774627685547,25.43155288696289,22.243966079582517
2.358,0,11.454299926757812,-89.63555145263672,96.56826782226562,16.44384765625,-82.70235443115234,26.15214729309082,11.454299926757812,-89.63555145263672,96.56826782226562,16.44384765625,-82.70235443115234,26.15214729309082,23.026744944553162
2.396,0,11.638299942016602,-88.36848449707031,96.48910522460938,14.978988647460938,-82.95453643798828,26.781410217285156,11.638299942016602,-88.36848449707031,96.48910522460938,14.978988647460938,-82.95453643798828,26.781410217285156,23.809523809523807
2.424,0,11.874772071838379,-86.98188018798828,96.38941955566406,13.408672332763672,-83.24551391601562,27.49134635925293,11.874772071838379,-86.98188018798828,96.38941955566406,13.408672332763672,-83.24551391601562,27.49134635925293,24.527071102413565
2.460,0,12.081398963928223,-85.66624450683594,96.29574584960938,11.96041488647461,-83.48750305175781,28.118284225463867,12.081398963928223,-85.66624450683594,96.29574584960938,11.96041488647461,-83.48750305175781,28.118284225463867,25.244618395303327
2.494,0,12.2540922164917,-84.212890625,96.17193603515625,10.361793518066406,-83.73250579833984,28.742294311523438,12.2540922164917,-84.212890625,96.17193603515625,10.361793518066406,-83.73250579833984,28.742294311523438,25.962165688193085
2.534,0,12.409379005432129,-82.78114318847656,96.05715942382812,8.792282104492188,-83.96076202392578,29.303634643554688,12.409379005432129,-82.78114318847656,96.05715942382812,8.792282104492188,-83.96076202392578,29.303634643554688,26.679712981082844
2.559,0,12.554073333740234,-81.17681884765625,95.86203002929688,7.161464691162109,-84.20698547363281,29.910839080810547,12.554073333740234,-81.17681884765625,95.86203002929688,7.161464691162109,-84.20698547363281,29.910839080810547,27.332028701891716
2.592,0,12.698760032653809,-79.59663391113281,95.66143035888672,5.545562744140625,-84.4327392578125,30.471973419189453,12.698760032653809,-79.59663391113281,95.66143035888672,5.545562744140625,-84.4327392578125,30.471973419189453,27.919112850619697
2.635,0,12.79779052734375,-78.0326919555664,95.50259399414062,3.8814353942871094,-84.62393188476562,31.006254196166992,12.79779052734375,-78.0326919555664,95.50259399414062,3.8814353942871094,-84.62393188476562,31.006254196166992,28.57142857142857
2.663,0,12.859756469726562,-76.34651947021484,95.27635955810547,2.1871337890625,-84.84264373779297,31.563182830810547,12.859756469726562,-76.34651947021484,95.27635955810547,2.1871337890625,-84.84264373779297,31.563182830810547,29.22374429223744
2.698,0,12.940467834472656,-74.69644165039062,95.00687408447266,0.5967140197753906,-85.03913879394531,32.062339782714844,12.940467834472656,-74.69644165039062,95.00687408447266,0.5967140197753906,-85.03913879394531,32.062339782714844,29.74559686888454
2.735,0,13.029668807983398,-73.06256103515625,94.77793884277344,-1.0488204956054688,-85.24248504638672,32.55516052246094,13.029668807983398,-73.06256103515625,94.77793884277344,-1.0488204956054688,-85.24248504638672,32.55516052246094,30.267449445531636
2.762,0,13.066601753234863,-71.42770385742188,94.51602935791016,-2.666351318359375,-85.41922760009766,33.0260009765625,13.066601753234863,-71.42770385742188,94.51602935791016,-2.666351318359375,-85.41922760009766,33.0260009765625,30.85453359425962
2.807,0,13.100095748901367,-69.72218322753906,94.23381042480469,-4.275787353515625,-85.61304473876953,33.50568389892578,13.100095748901367,-69.72218322753906,94.23381042480469,-4.275787353515625,-85.61304473876953,33.50568389892578,31.376386170906716
2.835,0,13.157034873962402,-67.97825622558594,93.89114379882812,-5.900054931640625,-85.78030395507812,33.958248138427734,13.157034873962402,-67.97825622558594,93.89114379882812,-5.900054931640625,-85.78030395507812,33.958248138427734,32.02870189171559
2.868,0,13.201725006103516,-66.34173583984375,93.59757995605469,-7.434803009033203,-85.95730590820312,34.395362854003906,13.201725006103516,-66.34173583984375,93.59757995605469,-7.434803009033203,-85.95730590820312,34.395362854003906,32.42009132420091
2.901,0,13.202914237976074,-64.6356201171875,93.2939224243164,-9.032341003417969,-86.10914611816406,34.81983947753906,13.202914237976074,-64.6356201171875,93.2939224243164,-9.032341003417969,-86.10914611816406,34.81983947753906,32.87671232876712
2.935,0,13.217206954956055,-63.010581970214844,92.99800109863281,-10.532146453857422,-86.26134490966797,35.206085205078125,13.217206954956055,-63.010581970214844,92.99800109863281,-10.532146453857422,-86.26134490966797,35.206085205078125,33.39856490541422
2.966,0,13.226805686950684,-61.32209014892578,92.67282104492188,-12.06744384765625,-86.38835906982422,35.60093688964844,13.226805686950684,-61.32209014892578,92.67282104492188,-12.06744384765625,-86.38835906982422,35.60093688964844,33.789954337899545
3.000,0,13.226414680480957,-59.58448028564453,92.3482437133789,-13.66912841796875,-86.52769470214844,35.9938850402832,13.226414680480957,-59.58448028564453,92.3482437133789,-13.66912841796875,-86.52769470214844,35.9938850402832,34.24657534246575
3.033,0,13.224568367004395,-57.956241607666016,92.04967498779297,-15.152914047241211,-86.65911102294922,36.356361389160156,13.224568367004395,-57.956241607666016,92.04967498779297,-15.152914047241211,-86.65911102294922,36.356361389160156,34.70319634703196
3.066,0,13.2128267288208,-56.229801177978516,91.73355102539062,-16.75727653503418,-86.77652740478516,36.721961975097656,13.2128267288208,-56.229801177978516,91.73355102539062,-16.75727653503418,-86.77652740478516,36.721961975097656,35.09458577951728
3.107,0,13.206710815429688,-54.573612213134766,91.41336059570312,-18.27094268798828,-86.88304901123047,37.07351303100586,13.206710815429688,-54.573612213134766,91.41336059570312,-18.27094268798828,-86.88304901123047,37.07351303100586,35.48597521200261
3.139,0,13.195825576782227,-53.13077163696289,91.1252670288086,-19.605266571044922,-86.97702026367188,37.36030197143555,13.195825576782227,-53.13077163696289,91.1252670288086,-19.605266571044922,-86.97702026367188,37.36030197143555,35.87736464448793
3.169,0,13.159013748168945,-51.461448669433594,90.79627990722656,-21.17208480834961,-87.06272888183594,37.7297248840332,13.159013748168945,-51.461448669433594,90.79627990722656,-21.17208480834961,-87.06272888183594,37.7297248840332,36.20352250489237
3.202,0,13.129765510559082,-49.720550537109375,90.45155334472656,-22.79657554626465,-87.14020538330078,38.072208404541016,13.129765510559082,-49.720550537109375,90.45155334472656,-22.79657554626465,-87.14020538330078,38.072208404541016,36.5296803652968
3.234,0,13.121159553527832,-48.24727249145508,90.1361083984375,-24.15323829650879,-87.23587799072266,38.391361236572266,13.121159553527832,-48.24727249145508,90.1361083984375,-24.15323829650879,-87.23587799072266,38.391361236572266,36.921069797782124
3.269,0,13.10055923461914,-46.541568756103516,89.77130889892578,-25.7423095703125,-87.28472137451172,38.7497444152832,13.10055923461914,-46.541568756103516,89.77130889892578,-25.7423095703125,-87.28472137451172,38.7497444152832,37.31245923026745
3.306,0,13.059666633605957,-44.868934631347656,89.4111328125,-27.287517547607422,-87.34024047851562,39.08161926269531,13.059666633605957,-44.868934631347656,89.4111328125,-27.287517547607422,-87.34024047851562,39.08161926269531,37.638617090671886
3.338,0,13.01935863494873,-42.91716766357422,88.98614501953125,-29.069522857666016,-87.39574432373047,39.467750549316406,13.01935863494873,-42.91716766357422,88.98614501953125,-29.069522857666016,-87.39574432373047,39.467750549316406,37.96477495107632
3.385,0,12.997782707214355,-41.28166198730469,88.61866760253906,-30.603668212890625,-87.43122100830078,39.81061553955078,12.997782707214355,-41.28166198730469,88.61866760253906,-30.603668212890625,-87.43122100830078,39.81061553955078,38.35616438356164
3.413,0,12.984007835388184,-39.58788299560547,88.22167205810547,-32.139190673828125,-87.46488952636719,40.14326477050781,12.984007835388184,-39.58788299560547,88.22167205810547,-32.139190673828125,-87.46488952636719,40.14326477050781,38.74755381604697
3.445,0,12.951740264892578,-37.84724426269531,87.79743957519531,-33.72793197631836,-87.4876708984375,40.47919464111328,12.951740264892578,-37.84724426269531,87.79743957519531,-33.72793197631836,-87.4876708984375,40.47919464111328,39.0737116764514
3.479,0,12.9197998046875,-35.936195373535156,87.35244750976562,-35.47078323364258,-87.4968490600586,40.8499755859375,12.9197998046875,-35.936195373535156,87.35244750976562,-35.47078323364258,-87.4968490600586,40.8499755859375,39.33463796477495
3.512,0,12.917627334594727,-34.249759674072266,86.92137908935547,-37.01421356201172,-87.50255584716797,41.215667724609375,12.917627334594727,-34.249759674072266,86.92137908935547,-37.01421356201172,-87.50255584716797,41.215667724609375,39.726027397260275
3.545,0,12.891716957092285,-32.7127571105957,86.52078247070312,-38.3836555480957,-87.50643920898438,41.51954650878906,12.891716957092285,-32.7127571105957,86.52078247070312,-38.3836555480957,-87.50643920898438,41.51954650878906,40.05218525766471
3.586,0,12.860806465148926,-30.958833694458008,86.08148956298828,-39.97915267944336,-87.48562622070312,41.86083221435547,12.860806465148926,-30.958833694458008,86.08148956298828,-39.97915267944336,-87.48562622070312,41.86083221435547,40.44357469015003
3.614,0,12.851360321044922,-29.23385238647461,85.60868835449219,-41.5042724609375,-87.4765625,42.201416015625,12.851360321044922,-29.23385238647461,85.60868835449219,-41.5042724609375,-87.4765625,42.201416015625,40.769732550554465
3.645,0,12.790833473205566,-28.344058990478516,85.44511413574219,-42.369964599609375,-87.51773071289062,42.31733322143555,12.790833473205566,-28.344058990478516,85.44511413574219,-42.369964599609375,-87.51773071289062,42.31733322143555,41.03065883887801
3.680,0,12.634025573730469,-26.59463119506836,85.05632781982422,-43.85894012451172,-87.4924087524414,42.55906295776367,12.634025573730469,-26.59463119506836,85.05632781982422,-43.85894012451172,-87.4924087524414,42.55906295776367,41.35681669928245
3.716,0,12.540382385253906,-25.18003273010254,84.71876525878906,-45.109580993652344,-87.48059844970703,42.705318450927734,12.540382385253906,-25.18003273010254,84.71876525878906,-45.109580993652344,-87.48059844970703,42.705318450927734,41.68297455968688
3.754,0,12.469687461853027,-24.423166275024414,84.59823608398438,-45.90465545654297,-87.54684448242188,42.652427673339844,12.469687461853027,-24.423166275024414,84.59823608398438,-45.90465545654297,-87.54684448242188,42.652427673339844,41.943900848010436
3.782,0,12.274280548095703,-22.780441284179688,84.23214721679688,-47.468971252441406,-87.57442474365234,42.97694778442383,12.274280548095703,-22.780441284179688,84.23214721679688,-47.468971252441406,-87.57442474365234,42.97694778442383,42.1395955642531
3.813,0,12.172903060913086,-21.734703063964844,83.97079467773438,-48.46665954589844,-87.5843505859375,43.05187225341797,12.172903060913086,-21.734703063964844,83.97079467773438,-48.46665954589844,-87.5843505859375,43.05187225341797,42.27005870841487
3.849,0,12.01763916015625,-19.84592628479004,83.47666931152344,-50.172088623046875,-87.56170654296875,43.43135070800781,12.01763916015625,-19.84592628479004,83.47666931152344,-50.172088623046875,-87.56170654296875,43.43135070800781,42.335290280495755
3.880,0,11.94502067565918,-19.093000411987305,83.32801055908203,-50.95055389404297,-87.59960174560547,43.382877349853516,11.94502067565918,-19.093000411987305,83.32801055908203,-50.95055389404297,-87.59960174560547,43.382877349853516,42.53098499673842
3.913,0,11.872854232788086,-18.215599060058594,83.1055908203125,-51.78251266479492,-87.62179565429688,43.43389129638672,11.872854232788086,-18.215599060058594,83.1055908203125,-51.78251266479492,-87.62179565429688,43.43389129638672,42.72667971298108
3.947,0,11.83731460571289,-17.412363052368164,82.90000915527344,-52.58375549316406,-87.6518783569336,43.421241760253906,11.83731460571289,-17.412363052368164,82.90000915527344,-52.58375549316406,-87.6518783569336,43.421241760253906,42.922374429223744
3.981,0,11.721527099609375,-15.707305908203125,82.33379364013672,-53.981658935546875,-87.58845520019531,43.61480712890625,11.721527099609375,-15.707305908203125,82.33379364013672,-53.981658935546875,-87.58845520019531,43.61480712890625,42.98760600130463
4.015,0,11.71056079864502,-15.070637702941895,82.16607666015625,-54.659423828125,-87.63240814208984,43.521854400634766,11.71056079864502,-15.070637702941895,82.16607666015625,-54.659423828125,-87.63240814208984,43.521854400634766,42.98760600130463
4.049,0,11.674234390258789,-14.313434600830078,81.8961410522461,-55.36626434326172,-87.63212585449219,43.48876953125,11.674234390258789,-14.313434600830078,81.8961410522461,-55.36626434326172,-87.63212585449219,43.48876953125,43.05283757338552
4.080,0,11.60562515258789,-12.983734130859375,81.4078598022461,-56.44920349121094,-87.58660888671875,43.57915115356445,11.60562515258789,-12.983734130859375,81.4078598022461,-56.44920349121094,-87.58660888671875,43.57915115356445,43.1180691454664
4.115,0,11.616894721984863,-12.289812088012695,81.11724853515625,-57.09275436401367,-87.60330963134766,43.49305725097656,11.616894721984863,-12.289812088012695,81.11724853515625,-57.09275436401367,-87.60330963134766,43.49305725097656,43.1180691454664
4.148,0,11.63521957397461,-11.732419967651367,80.88477325439453,-57.64738464355469,-87.62873840332031,43.39106750488281,11.63521957397461,-11.732419967651367,80.88477325439453,-57.64738464355469,-87.62873840332031,43.39106750488281,43.18330071754729
4.180,0,11.62285041809082,-11.156628608703613,80.65165710449219,-58.17008590698242,-87.64009857177734,43.331817626953125,11.62285041809082,-11.156628608703613,80.65165710449219,-58.17008590698242,-87.64009857177734,43.331817626953125,43.24853228962818
4.215,0,11.596588134765625,-10.040059089660645,80.17544555664062,-59.071197509765625,-87.56217956542969,43.407073974609375,11.596588134765625,-10.040059089660645,80.17544555664062,-59.071197509765625,-87.56217956542969,43.407073974609375,43.24853228962818
4.249,0,11.660966873168945,-9.579044342041016,79.95918273925781,-59.51774597167969,-87.58837127685547,43.299224853515625,11.660966873168945,-9.579044342041016,79.95918273925781,-59.51774597167969,-87.58837127685547,43.299224853515625,43.24853228962818
4.290,0,11.70866584777832,-9.194446563720703,79.77657318115234,-59.8995361328125,-87.61405181884766,43.18208694458008,11.70866584777832,-9.194446563720703,79.77657318115234,-59.8995361328125,-87.61405181884766,43.18208694458008,43.24853228962818
4.318,0,11.722211837768555,-8.747117042541504,79.5579833984375,-60.31451416015625,-87.62552642822266,43.09581756591797,11.722211837768555,-8.747117042541504,79.5579833984375,-60.31451416015625,-87.62552642822266,43.09581756591797,43.24853228962818
4.351,0,11.731091499328613,-7.896490573883057,79.13729095458984,-60.98462677001953,-87.57320404052734,43.112491607666016,11.731091499328613,-7.896490573883057,79.13729095458984,-60.98462677001953,-87.57320404052734,43.112491607666016,43.24853228962818
4.387,0,11.81743049621582,-7.599038124084473,78.93159484863281,-61.25666427612305,-87.59490966796875,42.96796417236328,11.81743049621582,-7.599038124084473,78.93159484863281,-61.25666427612305,-87.59490966796875,42.96796417236328,43.24853228962818
4.418,0,11.863336563110352,-7.323458671569824,78.76297760009766,-61.54949951171875,-87.63016510009766,42.80323028564453,11.863336563110352,-7.323458671569824,78.76297760009766,-61.54949951171875,-87.63016510009766,42.80323028564453,43.24853228962818
4.449,0,11.933114051818848,-6.955259323120117,78.5092544555664,-61.861907958984375,-87.64054870605469,42.68878173828125,11.933114051818848,-6.955259323120117,78.5092544555664,-61.861907958984375,-87.64054870605469,42.68878173828125,43.24853228962818
4.484,0,11.939257621765137,-6.308890342712402,78.08058166503906,-62.327857971191406,-87.58146667480469,42.68672561645508,11.939257621765137,-6.308890342712402,78.08058166503906,-62.327857971191406,-87.58146667480469,42.68672561645508,43.24853228962818
4.519,0,11.978063583374023,-5.978660583496094,77.81536102294922,-62.54184341430664,-87.5854721069336,42.69414520263672,11.978063583374023,-5.978660583496094,77.81536102294922,-62.54184341430664,-87.5854721069336,42.69414520263672,43.24853228962818
4.554,0,12.068429946899414,-5.748432159423828,77.65489196777344,-62.768341064453125,-87.63343811035156,42.521053314208984,12.068429946899414,-5.748432159423828,77.65489196777344,-62.768341064453125,-87.63343811035156,42.521053314208984,43.24853228962818
4.586,0,12.149812698364258,-5.520922660827637,77.50663757324219,-63.00659942626953,-87.65646362304688,42.38681411743164,12.149812698364258,-5.520922660827637,77.50663757324219,-63.00659942626953,-87.65646362304688,42.38681411743164,43.1180691454664
4.627,0,12.20931339263916,-5.239778518676758,77.22855377197266,-63.178680419921875,-87.65618896484375,42.28703689575195,12.20931339263916,-5.239778518676758,77.22855377197266,-63.178680419921875,-87.65618896484375,42.28703689575195,42.98760600130463
4.655,0,12.284093856811523,-4.97991943359375,77.006591796875,-63.341590881347656,-87.6664810180664,42.19706726074219,12.284093856811523,-4.97991943359375,77.006591796875,-63.341590881347656,-87.6664810180664,42.19706726074219,42.857142857142854
4.688,0,12.337860107421875,-4.864823341369629,76.9742660522461,-63.52045822143555,-87.7212905883789,41.9639892578125,12.337860107421875,-4.864823341369629,76.9742660522461,-63.52045822143555,-87.7212905883789,41.9639892578125,42.72667971298108
4.720,0,12.40628719329834,-4.747213363647461,76.9647216796875,-63.717926025390625,-87.74785614013672,41.740596771240234,12.40628719329834,-4.747213363647461,76.9647216796875,-63.717926025390625,-87.74785614013672,41.740596771240234,42.59621656881931
4.753,0,12.460210800170898,-4.5816850662231445,76.85337829589844,-63.868629455566406,-87.76219940185547,41.56548309326172,12.460210800170898,-4.5816850662231445,76.85337829589844,-63.868629455566406,-87.76219940185547,41.56548309326172,42.53098499673842
4.788,0,12.515451431274414,-4.574333190917969,76.83523559570312,-63.84374237060547,-87.7640609741211,41.38306427001953,12.515451431274414,-4.574333190917969,76.83523559570312,-63.84374237060547,-87.7640609741211,41.38306427001953,42.27005870841487
4.822,0,12.558453559875488,-4.521081924438477,76.89427947998047,-63.995201110839844,-87.81739044189453,41.07179260253906,12.558453559875488,-4.521081924438477,76.89427947998047,-63.995201110839844,-87.81739044189453,41.07179260253906,42.07436399217221
4.856,0,12.613717079162598,-4.496654510498047,77.00142669677734,-64.11328125,-87.83552551269531,40.763282775878906,12.613717079162598,-4.496654510498047,77.00142669677734,-64.11328125,-87.83552551269531,40.763282775878906,41.878669275929546
4.891,0,12.670514106750488,-4.453544616699219,76.99976348876953,-64.16986083984375,-87.83940887451172,40.50166702270508,12.670514106750488,-4.453544616699219,76.99976348876953,-64.16986083984375,-87.83940887451172,40.50166702270508,41.68297455968688
4.920,0,12.755187034606934,-4.439194679260254,77.10894012451172,-64.28500366210938,-87.86564636230469,40.13771057128906,12.755187034606934,-4.439194679260254,77.10894012451172,-64.28500366210938,-87.86564636230469,40.13771057128906,41.42204827136334
4.957,0,12.789390563964844,-4.4005937576293945,77.22528076171875,-64.41410827636719,-87.91312408447266,39.766380310058594,12.789390563964844,-4.4005937576293945,77.22528076171875,-64.41410827636719,-87.91312408447266,39.766380310058594,41.0958904109589
4.987,0,12.807000160217285,-4.429987907409668,77.31855010986328,-64.4469985961914,-87.91804504394531,39.42530822753906,12.807000160217285,-4.429987907409668,77.31855010986328,-64.4469985961914,-87.91804504394531,39.42530822753906,40.834964122635355
5.022,0,12.879365921020508,-4.539608955383301,77.4674072265625,-64.38473510742188,-87.94624328613281,38.97161102294922,12.879365921020508,-4.539608955383301,77.4674072265625,-64.38473510742188,-87.94624328613281,38.97161102294922,40.50880626223092
5.056,0,12.889555931091309,-4.430968284606934,77.46966552734375,-64.4849624633789,-87.92611694335938,38.64056396484375,12.889555931091309,-4.430968284606934,77.46966552734375,-64.4849624633789,-87.92611694335938,38.64056396484375,40.182648401826484
5.087,0,12.8987455368042,-4.486364364624023,77.57329559326172,-64.46878051757812,-87.93368530273438,38.28923034667969,12.8987455368042,-4.486364364624023,77.57329559326172,-64.46878051757812,-87.93368530273438,38.28923034667969,39.79125896934116
5.127,0,12.883984565734863,-4.360352516174316,77.58328247070312,-64.690185546875,-87.9398193359375,38.111785888671875,12.883984565734863,-4.360352516174316,77.58328247070312,-64.690185546875,-87.9398193359375,38.111785888671875,39.39986953685584
5.153,0,12.930428504943848,-4.426374435424805,77.64005279541016,-64.65560913085938,-87.98102569580078,37.851341247558594,12.930428504943848,-4.426374435424805,77.64005279541016,-64.65560913085938,-87.98102569580078,37.851341247558594,39.0737116764514
5.188,0,12.93632698059082,-4.414355278015137,77.66226196289062,-64.72714233398438,-87.98214721679688,37.505001068115234,12.93632698059082,-4.414355278015137,77.66226196289062,-64.72714233398438,-87.98214721679688,37.505001068115234,38.74755381604697
5.222,0,12.945626258850098,-4.5359392166137695,77.74003601074219,-64.6475830078125,-88.00047302246094,37.14375305175781,12.945626258850098,-4.5359392166137695,77.74003601074219,-64.6475830078125,-88.00047302246094,37.14375305175781,38.42139595564253
5.264,0,12.953207969665527,-4.497209548950195,77.70781707763672,-64.66471099853516,-88.00261688232422,36.9416618347168,12.953207969665527,-4.497209548950195,77.70781707763672,-64.66471099853516,-88.00261688232422,36.9416618347168,38.16046966731898
5.293,0,13.018390655517578,-4.581703186035156,77.82366943359375,-64.61637115478516,-88.00720977783203,36.64886474609375,13.018390655517578,-4.581703186035156,77.82366943359375,-64.61637115478516,-88.00720977783203,36.64886474609375,37.76908023483366
5.329,0,13.055221557617188,-4.8265581130981445,77.96176147460938,-64.37885284423828,-88.01020050048828,36.199893951416016,13.055221557617188,-4.8265581130981445,77.96176147460938,-64.37885284423828,-88.01020050048828,36.199893951416016,37.508153946510106
5.359,0,13.052863121032715,-4.927648544311523,77.99772644042969,-64.29102325439453,-88.01343536376953,35.93500518798828,13.052863121032715,-4.927648544311523,77.99772644042969,-64.29102325439453,-88.01343536376953,35.93500518798828,37.24722765818656
5.391,0,13.070137023925781,-4.860998153686523,77.95809173583984,-64.39640808105469,-88.01319885253906,35.73075485229492,13.070137023925781,-4.860998153686523,77.95809173583984,-64.39640808105469,-88.01319885253906,35.73075485229492,36.921069797782124
5.424,0,13.104830741882324,-4.138715744018555,77.6913070678711,-64.99020385742188,-87.9940185546875,35.90888214111328,13.104830741882324,-4.138715744018555,77.6913070678711,-64.99020385742188,-87.9940185546875,35.90888214111328,36.59491193737769
5.457,0,13.127737045288086,-4.315273284912109,77.78480529785156,-64.8620376586914,-88.00540161132812,35.555503845214844,13.127737045288086,-4.315273284912109,77.78480529785156,-64.8620376586914,-88.00540161132812,35.555503845214844,36.26875407697325
5.491,0,13.026348114013672,-4.060615539550781,77.67794036865234,-65.15605163574219,-88.01715850830078,35.57008361816406,13.026348114013672,-4.060615539550781,77.67794036865234,-65.15605163574219,-88.01715850830078,35.57008361816406,36.13829093281148
5.524,0,12.989538192749023,-3.277292251586914,77.46830749511719,-65.83504486083984,-87.97811126708984,35.74955368041992,12.989538192749023,-3.277292251586914,77.46830749511719,-65.83504486083984,-87.97811126708984,35.74955368041992,36.13829093281148
5.558,0,12.965032577514648,-2.7468137741088867,77.24934387207031,-66.28138732910156,-87.96603393554688,35.8507080078125,12.965032577514648,-2.7468137741088867,77.24934387207031,-66.28138732910156,-87.96603393554688,35.8507080078125,35.942596216568816
5.591,0,12.985573768615723,-3.140848159790039,77.47228240966797,-65.9726791381836,-87.97464752197266,35.41899108886719,12.985573768615723,-3.140848159790039,77.47228240966797,-65.9726791381836,-87.97464752197266,35.41899108886719,35.87736464448793
5.625,0,12.908409118652344,-2.7875633239746094,77.36717987060547,-66.28376770019531,-87.95552062988281,35.43956756591797,12.908409118652344,-2.7875633239746094,77.36717987060547,-66.28376770019531,-87.95552062988281,35.43956756591797,35.87736464448793
5.658,0,12.874053001403809,-2.81832218170166,77.42169189453125,-66.3140869140625,-87.92183685302734,35.3194465637207,12.874053001403809,-2.81832218170166,77.42169189453125,-66.3140869140625,-87.92183685302734,35.3194465637207,35.81213307240704
5.698,0,12.774754524230957,-2.9334335327148438,77.5732650756836,-66.37003326416016,-87.92523956298828,35.07548904418945,12.774754524230957,-2.9334335327148438,77.5732650756836,-66.37003326416016,-87.92523956298828,35.07548904418945,35.74690150032615
5.726,0,12.759897232055664,-3.226055145263672,77.70146942138672,-66.093994140625,-87.92852020263672,34.639984130859375,12.759897232055664,-3.226055145263672,77.70146942138672,-66.093994140625,-87.92852020263672,34.639984130859375,35.61643835616438
5.759,0,12.675653457641602,-2.537835121154785,77.51811218261719,-66.68505859375,-87.89750671386719,34.70331573486328,12.675653457641602,-2.537835121154785,77.51811218261719,-66.68505859375,-87.89750671386719,34.70331573486328,35.48597521200261
5.793,0,12.62706184387207,-2.28829288482666,77.49472045898438,-66.90474700927734,-87.84504699707031,34.65962219238281,12.62706184387207,-2.28829288482666,77.49472045898438,-66.90474700927734,-87.84504699707031,34.65962219238281,35.22504892367906
5.826,0,12.53687858581543,-2.3843679428100586,77.59471130371094,-66.91004943847656,-87.82600402832031,34.368473052978516,12.53687858581543,-2.3843679428100586,77.59471130371094,-66.91004943847656,-87.82600402832031,34.368473052978516,35.0293542074364
5.864,0,12.476415634155273,-2.225449562072754,77.56746673583984,-67.051025390625,-87.79267120361328,34.3203125,12.476415634155273,-2.225449562072754,77.56746673583984,-67.051025390625,-87.79267120361328,34.3203125,35.0293542074364
5.925,0,12.396940231323242,-1.6870298385620117,77.40632629394531,-67.50251007080078,-87.77823638916016,34.328365325927734,12.396940231323242,-1.6870298385620117,77.40632629394531,-67.50251007080078,-87.77823638916016,34.328365325927734,34.96412263535551
5.953,0,12.452802658081055,-2.1853065490722656,77.6470947265625,-67.08988952636719,-87.75221252441406,34.08082580566406,12.452802658081055,-2.1853065490722656,77.6470947265625,-67.08988952636719,-87.75221252441406,34.08082580566406,34.63796477495107
5.994,0,12.296052932739258,-2.4066057205200195,77.80098724365234,-66.9623794555664,-87.76583099365234,33.708961486816406,12.296052932739258,-2.4066057205200195,77.80098724365234,-66.9623794555664,-87.76583099365234,33.708961486816406,34.63796477495107
6.022,0,12.290473937988281,-2.8713951110839844,78.01164245605469,-66.56014251708984,-87.76903533935547,33.15721130371094,12.290473937988281,-2.8713951110839844,78.01164245605469,-66.56014251708984,-87.76903533935547,33.15721130371094,34.57273320287019
6.054,0,12.209166526794434,-3.1522111892700195,78.03578186035156,-66.218505859375,-87.74612426757812,32.7713737487793,12.209166526794434,-3.1522111892700195,78.03578186035156,-66.218505859375,-87.74612426757812,32.7713737487793,34.37703848662753
6.087,0,12.166569709777832,-3.2890233993530273,78.06729125976562,-66.03932189941406,-87.70381164550781,32.694210052490234,12.166569709777832,-3.2890233993530273,78.06729125976562,-66.03932189941406,-87.70381164550781,32.694210052490234,33.9856490541422
6.120,0,12.05235481262207,-3.7176170349121094,78.33181762695312,-65.73678588867188,-87.7308120727539,32.19261169433594,12.05235481262207,-3.7176170349121094,78.33181762695312,-65.73678588867188,-87.7308120727539,32.19261169433594,33.52902804957599
6.155,0,12.012121200561523,-4.185286521911621,78.44474792480469,-65.2823715209961,-87.69132995605469,31.88363265991211,12.012121200561523,-4.185286521911621,78.44474792480469,-65.2823715209961,-87.69132995605469,31.88363265991211,33.268101761252446
6.187,0,11.868558883666992,-3.928462028503418,78.32108306884766,-65.42945861816406,-87.64667510986328,31.740076065063477,11.868558883666992,-3.928462028503418,78.32108306884766,-65.42945861816406,-87.64667510986328,31.740076065063477,32.94194390084801
6.237,0,11.908758163452148,-4.651030540466309,78.5563735961914,-64.74669647216797,-87.60081481933594,31.37531280517578,11.908758163452148,-4.651030540466309,78.5563735961914,-64.74669647216797,-87.60081481933594,31.37531280517578,32.550554468362684
6.265,0,11.781702041625977,-5.3726654052734375,78.95130157470703,-64.26087951660156,-87.61600494384766,30.87710952758789,11.781702041625977,-5.3726654052734375,78.95130157470703,-64.26087951660156,-87.61600494384766,30.87710952758789,32.22439660795825
6.296,0,11.728790283203125,-6.018033981323242,79.06661224365234,-63.58430862426758,-87.57719421386719,30.393272399902344,11.728790283203125,-6.018033981323242,79.06661224365234,-63.58430862426758,-87.57719421386719,30.393272399902344,31.963470319634702
6.330,0,11.63241958618164,-6.381567001342773,79.14498901367188,-63.22175598144531,-87.5794677734375,30.0872802734375,11.63241958618164,-6.381567001342773,79.14498901367188,-63.22175598144531,-87.5794677734375,30.0872802734375,31.637312459230266
6.364,0,11.631830215454102,-7.452254295349121,79.53404998779297,-62.35540771484375,-87.55228424072266,29.596588134765625,11.631830215454102,-7.452254295349121,79.53404998779297,-62.35540771484375,-87.55228424072266,29.596588134765625,31.245923026744943
6.401,0,11.46310043334961,-8.405588150024414,80.0134048461914,-61.700103759765625,-87.5625991821289,29.034160614013672,11.46310043334961,-8.405588150024414,80.0134048461914,-61.700103759765625,-87.5625991821289,29.034160614013672,30.78930202217873
6.432,0,11.329936981201172,-8.658390045166016,80.02079772949219,-61.45732116699219,-87.54383850097656,28.8988037109375,11.329936981201172,-8.658390045166016,80.02079772949219,-61.45732116699219,-87.54383850097656,28.8988037109375,30.4631441617743
6.465,0,11.267810821533203,-8.239721298217773,79.78804016113281,-61.72920227050781,-87.5093765258789,29.02487564086914,11.267810821533203,-8.239721298217773,79.78804016113281,-61.72920227050781,-87.5093765258789,29.02487564086914,30.006523157208086
6.497,0,11.171270370483398,-8.321338653564453,79.8595199584961,-61.70780944824219,-87.45759582519531,29.104778289794922,11.171270370483398,-8.321338653564453,79.8595199584961,-61.70780944824219,-87.45759582519531,29.104778289794922,29.615133724722764
6.529,0,10.998013496398926,-9.083839416503906,80.12574005126953,-61.158668518066406,-87.46331787109375,28.72722625732422,10.998013496398926,-9.083839416503906,80.12574005126953,-61.158668518066406,-87.46331787109375,28.72722625732422,29.354207436399214
6.563,0,10.940631866455078,-10.065017700195312,80.3665542602539,-60.31267547607422,-87.45323181152344,28.27645492553711,10.940631866455078,-10.065017700195312,80.3665542602539,-60.31267547607422,-87.45323181152344,28.27645492553711,29.354207436399214
6.598,0,10.809221267700195,-9.644882202148438,80.1463623046875,-60.57680892944336,-87.43553924560547,28.426067352294922,10.809221267700195,-9.644882202148438,80.1463623046875,-60.57680892944336,-87.43553924560547,28.426067352294922,29.288975864318328
6.632,0,10.735525131225586,-8.78021240234375,79.78326416015625,-61.206844329833984,-87.4009017944336,28.77764892578125,10.735525131225586,-8.78021240234375,79.78326416015625,-61.206844329833984,-87.4009017944336,28.77764892578125,28.897586431833005
6.662,0,10.607196807861328,-9.381219863891602,79.95066833496094,-60.77164840698242,-87.39656066894531,28.443214416503906,10.607196807861328,-9.381219863891602,79.95066833496094,-60.77164840698242,-87.39656066894531,28.443214416503906,28.701891715590342
6.696,0,10.548787117004395,-9.492027282714844,79.8525619506836,-60.617393493652344,-87.39019775390625,28.26144027709961,10.548787117004395,-9.492027282714844,79.8525619506836,-60.617393493652344,-87.39019775390625,28.26144027709961,28.701891715590342
6.731,0,10.45378303527832,-8.84146785736084,79.62379455566406,-61.14408874511719,-87.37220764160156,28.523569107055664,10.45378303527832,-8.84146785736084,79.62379455566406,-61.14408874511719,-87.37220764160156,28.523569107055664,28.701891715590342
6.765,0,10.348286628723145,-7.535332679748535,79.1796646118164,-62.20691680908203,-87.38219451904297,29.019027709960938,10.348286628723145,-7.535332679748535,79.1796646118164,-62.20691680908203,-87.38219451904297,29.019027709960938,28.57142857142857
6.799,0,10.14914321899414,-7.001567840576172,79.01730346679688,-62.76936721801758,-87.4054183959961,29.291820526123047,10.14914321899414,-7.001567840576172,79.01730346679688,-62.76936721801758,-87.4054183959961,29.291820526123047,28.506196999347683
6.830,0,9.991493225097656,-6.176041603088379,78.6435775756836,-63.34135437011719,-87.40912628173828,29.591175079345703,9.991493225097656,-6.176041603088379,78.6435775756836,-63.34135437011719,-87.40912628173828,29.591175079345703,28.506196999347683
6.865,0,9.84681224822998,-5.027896881103516,78.21495056152344,-64.22298431396484,-87.41765594482422,29.890945434570312,9.84681224822998,-5.027896881103516,78.21495056152344,-64.22298431396484,-87.41765594482422,29.890945434570312,28.57142857142857
6.901,0,9.724472045898438,-3.32466983795166,77.72355651855469,-65.67436218261719,-87.45428466796875,30.57253646850586,9.724472045898438,-3.32466983795166,77.72355651855469,-65.67436218261719,-87.45428466796875,30.57253646850586,28.83235485975212
6.932,0,9.614922523498535,-2.8123130798339844,77.55046081542969,-66.05150604248047,-87.44083404541016,30.760211944580078,9.614922523498535,-2.8123130798339844,77.55046081542969,-66.05150604248047,-87.44083404541016,30.760211944580078,29.09328114807567
6.965,0,9.500843048095703,-2.408148765563965,77.35858154296875,-66.27742767333984,-87.4361801147461,30.948984146118164,9.500843048095703,-2.408148765563965,77.35858154296875,-66.27742767333984,-87.4361801147461,30.948984146118164,29.419439008480104
6.999,0,9.364702224731445,-0.6434726715087891,76.91117095947266,-67.71234130859375,-87.46910858154297,31.55367660522461,9.364702224731445,-0.6434726715087891,76.91117095947266,-67.71234130859375,-87.46910858154297,31.55367660522461,29.876060013046313
7.032,0,9.245885848999023,1.3459892272949219,76.48407745361328,-69.47571563720703,-87.51470184326172,32.19997787475586,9.245885848999023,1.3459892272949219,76.48407745361328,-69.47571563720703,-87.51470184326172,32.19997787475586,30.136986301369863
7.066,0,9.093705177307129,3.338968276977539,76.062744140625,-71.18244171142578,-87.56116485595703,32.78639221191406,9.093705177307129,3.338968276977539,76.062744140625,-71.18244171142578,-87.56116485595703,32.78639221191406,30.4631441617743
7.099,0,8.986149787902832,4.468219757080078,75.67095947265625,-72.02059936523438,-87.57953643798828,33.22624588012695,8.986149787902832,4.468219757080078,75.67095947265625,-72.02059936523438,-87.57953643798828,33.22624588012695,30.984996738421394
7.132,0,8.857050895690918,6.145008087158203,75.29625701904297,-73.43283081054688,-87.6243896484375,33.800758361816406,8.857050895690918,6.145008087158203,75.29625701904297,-73.43283081054688,-87.6243896484375,33.800758361816406,31.506849315068493
7.175,0,8.785429000854492,7.069002151489258,74.96018981933594,-74.1483154296875,-87.62737274169922,34.23919677734375,8.785429000854492,7.069002151489258,74.96018981933594,-74.1483154296875,-87.62737274169922,34.23919677734375,32.093933463796475
7.201,0,8.713521957397461,6.853889465332031,75.06430053710938,-74.02047729492188,-87.61865997314453,34.082340240478516,8.713521957397461,6.853889465332031,75.06430053710938,-74.02047729492188,-87.61865997314453,34.082340240478516,32.550554468362684
7.234,0,8.708122253417969,7.485944747924805,74.73080444335938,-74.41940307617188,-87.62460327148438,34.255577087402344,8.708122253417969,7.485944747924805,74.73080444335938,-74.41940307617188,-87.62460327148438,34.255577087402344,33.07240704500978
7.267,0,8.605541229248047,7.502687454223633,74.75177764892578,-74.44943237304688,-87.62308502197266,34.371337890625,8.605541229248047,7.502687454223633,74.75177764892578,-74.44943237304688,-87.62308502197266,34.371337890625,33.39856490541422
7.301,0,8.653457641601562,7.443153381347656,74.72388458251953,-74.41636657714844,-87.62581634521484,34.7160758972168,8.653457641601562,7.443153381347656,74.72388458251953,-74.41636657714844,-87.62581634521484,34.7160758972168,33.59425962165688
7.333,0,8.56757926940918,8.297323226928711,74.43621826171875,-75.0662841796875,-87.63536834716797,34.89878463745117,8.56757926940918,8.297323226928711,74.43621826171875,-75.0662841796875,-87.63536834716797,34.89878463745117,33.789954337899545
7.367,0,8.540613174438477,8.534708023071289,74.36046600341797,-75.25028228759766,-87.61106872558594,34.924949645996094,8.540613174438477,8.534708023071289,74.36046600341797,-75.25028228759766,-87.61106872558594,34.924949645996094,33.9856490541422
7.401,0,8.435564041137695,8.946815490722656,74.20272064208984,-75.55628967285156,-87.61007690429688,35.08623123168945,8.435564041137695,8.946815490722656,74.20272064208984,-75.55628967285156,-87.61007690429688,35.08623123168945,34.31180691454664
7.435,0,8.506464958190918,8.982624053955078,74.10205078125,-75.55287170410156,-87.6008071899414,35.41687774658203,8.506464958190918,8.982624053955078,74.10205078125,-75.55287170410156,-87.6008071899414,35.41687774658203,34.5075016307893
7.480,0,8.38601303100586,8.82122802734375,74.18875885009766,-75.43721008300781,-87.60223388671875,35.22016906738281,8.38601303100586,8.82122802734375,74.18875885009766,-75.43721008300781,-87.60223388671875,35.22016906738281,34.5075016307893
7.508,0,8.352958679199219,8.270528793334961,74.50263977050781,-75.13105773925781,-87.59724426269531,34.92656707763672,8.352958679199219,8.270528793334961,74.50263977050781,-75.13105773925781,-87.59724426269531,34.92656707763672,34.768427919112845
7.542,0,8.276281356811523,8.354024887084961,74.439697265625,-75.13975524902344,-87.60639953613281,35.020957946777344,8.276281356811523,8.354024887084961,74.439697265625,-75.13975524902344,-87.60639953613281,35.020957946777344,34.898891063274625
7.578,0,8.374399185180664,8.027973175048828,74.44770050048828,-74.78305053710938,-87.59394073486328,35.216552734375,8.374399185180664,8.027973175048828,74.44770050048828,-74.78305053710938,-87.59394073486328,35.216552734375,34.898891063274625
7.607,0,8.268512725830078,8.070894241333008,74.46358489990234,-74.85063171386719,-87.5938949584961,35.08782196044922,8.268512725830078,8.070894241333008,74.46358489990234,-74.85063171386719,-87.5938949584961,35.08782196044922,34.898891063274625
7.643,0,8.243659973144531,7.63092041015625,74.68775177001953,-74.59195709228516,-87.5778579711914,34.83833694458008,8.243659973144531,7.63092041015625,74.68775177001953,-74.59195709228516,-87.5778579711914,34.83833694458008,34.898891063274625
7.677,0,8.15737247467041,7.587862014770508,74.73486328125,-74.6279296875,-87.56591796875,34.885711669921875,8.15737247467041,7.587862014770508,74.73486328125,-74.6279296875,-87.56591796875,34.885711669921875,34.898891063274625
7.707,0,8.282452583312988,7.974994659423828,74.3755111694336,-74.77996826171875,-87.56159973144531,35.2866096496582,8.282452583312988,7.974994659423828,74.3755111694336,-74.77996826171875,-87.56159973144531,35.2866096496582,34.898891063274625
7.748,0,8.213815689086914,8.224063873291016,74.27176666259766,-75.0064926147461,-87.58087158203125,35.17253494262695,8.213815689086914,8.224063873291016,74.27176666259766,-75.0064926147461,-87.58087158203125,35.17253494262695,34.898891063274625
7.775,0,8.13101863861084,7.616416931152344,74.58712005615234,-74.64249420166016,-87.57328796386719,34.92918014526367,8.13101863861084,7.616416931152344,74.58712005615234,-74.64249420166016,-87.57328796386719,34.92918014526367,34.898891063274625
7.809,0,8.057174682617188,7.588895797729492,74.57525634765625,-74.65524291992188,-87.5589828491211,34.97235107421875,8.057174682617188,7.588895797729492,74.57525634765625,-74.65524291992188,-87.5589828491211,34.97235107421875,34.898891063274625
7.848,0,8.166199684143066,7.716033935546875,74.33423614501953,-74.60691833496094,-87.56260681152344,35.34004592895508,8.166199684143066,7.716033935546875,74.33423614501953,-74.60691833496094,-87.56260681152344,35.34004592895508,34.898891063274625
7.874,0,8.048720359802246,7.482734680175781,74.48947143554688,-74.53599548339844,-87.57474517822266,35.224693298339844,8.048720359802246,7.482734680175781,74.48947143554688,-74.53599548339844,-87.57474517822266,35.224693298339844,34.898891063274625
7.917,0,7.990989685058594,7.103361129760742,74.69856262207031,-74.35094451904297,-87.5810775756836,35.042236328125,7.990989685058594,7.103361129760742,74.69856262207031,-74.35094451904297,-87.5810775756836,35.042236328125,34.898891063274625
7.944,0,7.907615661621094,7.211225509643555,74.59400177001953,-74.47140502929688,-87.57646179199219,35.19725799560547,7.907615661621094,7.211225509643555,74.59400177001953,-74.47140502929688,-87.57646179199219,35.19725799560547,34.898891063274625
7.977,0,8.022676467895508,7.328544616699219,74.46102905273438,-74.47616577148438,-87.57144927978516,35.52204513549805,8.022676467895508,7.328544616699219,74.46102905273438,-74.47616577148438,-87.57144927978516,35.52204513549805,34.898891063274625
8.010,0,7.950190544128418,6.743406295776367,74.72285461425781,-74.03323364257812,-87.570556640625,35.34468078613281,7.950190544128418,6.743406295776367,74.72285461425781,-74.03323364257812,-87.570556640625,35.34468078613281,34.898891063274625
8.045,0,7.931009292602539,6.226055145263672,75.03363800048828,-73.82412719726562,-87.54290008544922,35.128013610839844,7.931009292602539,6.226055145263672,75.03363800048828,-73.82412719726562,-87.54290008544922,35.128013610839844,34.898891063274625
8.077,0,7.8936614990234375,6.718664169311523,74.8096923828125,-74.24041748046875,-87.53881072998047,35.24681854248047,7.8936614990234375,6.718664169311523,74.8096923828125,-74.24041748046875,-87.53881072998047,35.24681854248047,35.0293542074364
8.110,0,8.03001880645752,7.349647521972656,74.46349334716797,-74.60903930664062,-87.56177520751953,35.68015670776367,8.03001880645752,7.349647521972656,74.46349334716797,-74.60903930664062,-87.56177520751953,35.68015670776367,35.0293542074364
8.145,0,7.982796669006348,7.018396377563477,74.65131378173828,-74.39677429199219,-87.5499038696289,35.60271072387695,7.982796669006348,7.018396377563477,74.65131378173828,-74.39677429199219,-87.5499038696289,35.60271072387695,35.0293542074364
8.178,0,7.938897132873535,6.638067245483398,74.89762878417969,-74.27088165283203,-87.55314636230469,35.49543762207031,7.938897132873535,6.638067245483398,74.89762878417969,-74.27088165283203,-87.55314636230469,35.49543762207031,35.0293542074364
8.211,0,7.893194198608398,6.870887756347656,74.75932312011719,-74.47407531738281,-87.54222106933594,35.700984954833984,7.893194198608398,6.870887756347656,74.75932312011719,-74.47407531738281,-87.54222106933594,35.700984954833984,35.15981735159817
8.245,0,7.998607635498047,7.515588760375977,74.47140502929688,-74.94135284423828,-87.56985473632812,36.17255401611328,7.998607635498047,7.515588760375977,74.47140502929688,-74.94135284423828,-87.56985473632812,36.17255401611328,35.22504892367906
8.278,0,7.85653018951416,7.106876373291016,74.75640106201172,-74.77662658691406,-87.57847595214844,36.0493278503418,7.85653018951416,7.106876373291016,74.75640106201172,-74.77662658691406,-87.57847595214844,36.0493278503418,35.22504892367906
8.311,0,7.770166397094727,6.917497634887695,74.91229248046875,-74.74615478515625,-87.58763885498047,36.02851104736328,7.770166397094727,6.917497634887695,74.91229248046875,-74.74615478515625,-87.58763885498047,36.02851104736328,35.355512067840834
8.344,0,7.733278274536133,6.977596282958984,74.85380554199219,-74.79589080810547,-87.59934997558594,36.243995666503906,7.733278274536133,6.977596282958984,74.85380554199219,-74.79589080810547,-87.59934997558594,36.243995666503906,35.61643835616438
8.379,0,7.844565391540527,7.288923263549805,74.6836929321289,-74.99671936035156,-87.59701538085938,36.652435302734375,7.844565391540527,7.288923263549805,74.6836929321289,-74.99671936035156,-87.59701538085938,36.652435302734375,35.61643835616438
8.412,0,7.697089672088623,7.908319473266602,74.44751739501953,-75.49471282958984,-87.65047454833984,36.83775329589844,7.697089672088623,7.908319473266602,74.44751739501953,-75.49471282958984,-87.65047454833984,36.83775329589844,35.61643835616438
8.445,0,7.621173858642578,7.859655380249023,74.56298065185547,-75.584716796875,-87.67343139648438,36.811988830566406,7.621173858642578,7.859655380249023,74.56298065185547,-75.584716796875,-87.67343139648438,36.811988830566406,35.81213307240704
8.479,0,7.574958801269531,8.006708145141602,74.50181579589844,-75.72502136230469,-87.67752838134766,36.93116760253906,7.574958801269531,8.006708145141602,74.50181579589844,-75.72502136230469,-87.67752838134766,36.93116760253906,36.13829093281148
8.511,0,7.65922737121582,8.167520523071289,74.46150970458984,-75.84054565429688,-87.67271423339844,37.30316162109375,7.65922737121582,8.167520523071289,74.46150970458984,-75.84054565429688,-87.67271423339844,37.30316162109375,36.33398564905414
8.545,0,7.571118354797363,9.066450119018555,74.17462921142578,-76.51077270507812,-87.70301055908203,37.545738220214844,7.571118354797363,9.066450119018555,74.17462921142578,-76.51077270507812,-87.70301055908203,37.545738220214844,36.464448793215915
8.590,0,7.527293682098389,9.811914443969727,73.99354553222656,-77.18492126464844,-87.73880004882812,37.69908142089844,7.527293682098389,9.811914443969727,73.99354553222656,-77.18492126464844,-87.73880004882812,37.69908142089844,36.5296803652968
8.618,0,7.4897003173828125,9.685014724731445,74.14279174804688,-77.1771240234375,-87.74192810058594,37.71178436279297,7.4897003173828125,9.685014724731445,74.14279174804688,-77.1771240234375,-87.74192810058594,37.71178436279297,36.921069797782124
8.649,0,7.572059154510498,10.365097045898438,73.8609390258789,-77.665771484375,-87.77725219726562,38.20284652709961,7.572059154510498,10.365097045898438,73.8609390258789,-77.665771484375,-87.77725219726562,38.20284652709961,37.11676451402479
8.683,0,7.483519554138184,10.935489654541016,73.6427230834961,-78.09515380859375,-87.83175659179688,38.474002838134766,7.483519554138184,10.935489654541016,73.6427230834961,-78.09515380859375,-87.83175659179688,38.474002838134766,37.31245923026745
8.717,0,7.3706464767456055,11.175813674926758,73.69029998779297,-78.46182250976562,-87.86014556884766,38.468177795410156,7.3706464767456055,11.175813674926758,73.69029998779297,-78.46182250976562,-87.86014556884766,38.468177795410156,37.44292237442922
8.749,0,7.3090972900390625,11.584787368774414,73.66681671142578,-78.89027404785156,-87.86952209472656,38.529029846191406,7.3090972900390625,11.584787368774414,73.66681671142578,-78.89027404785156,-87.86952209472656,38.529029846191406,37.83431180691454
8.783,0,7.3577728271484375,12.165689468383789,73.47293853759766,-79.26727294921875,-87.88240051269531,38.948326110839844,7.3577728271484375,12.165689468383789,73.47293853759766,-79.26727294921875,-87.88240051269531,38.948326110839844,37.96477495107632
8.818,0,7.264208793640137,12.61931037902832,73.30105590820312,-79.59443664550781,-87.90299987792969,39.076759338378906,7.264208793640137,12.61931037902832,73.30105590820312,-79.59443664550781,-87.90299987792969,39.076759338378906,38.030006523157205
8.851,0,7.2009687423706055,12.775384902954102,73.2999038696289,-79.75626373291016,-87.89810180664062,39.09300231933594,7.2009687423706055,12.775384902954102,73.2999038696289,-79.75626373291016,-87.89810180664062,39.09300231933594,38.22570123939987
8.883,0,7.205818176269531,13.08795166015625,73.22534942626953,-80.05166625976562,-87.89346313476562,39.25274658203125,7.205818176269531,13.08795166015625,73.22534942626953,-80.05166625976562,-87.89346313476562,39.25274658203125,38.551859099804304
8.917,0,7.3544769287109375,13.023120880126953,73.3188247680664,-80.08221435546875,-87.873291015625,39.378639221191406,7.3544769287109375,13.023120880126953,73.3188247680664,-80.08221435546875,-87.873291015625,39.378639221191406,38.74755381604697
8.950,0,7.25527286529541,13.104963302612305,73.29460144042969,-80.13723754882812,-87.88524627685547,39.402748107910156,7.25527286529541,13.104963302612305,73.29460144042969,-80.13723754882812,-87.88524627685547,39.402748107910156,38.81278538812785
8.983,0,7.205650329589844,13.265079498291016,73.3239974975586,-80.33918762207031,-87.87645721435547,39.50444030761719,7.205650329589844,13.265079498291016,73.3239974975586,-80.33918762207031,-87.87645721435547,39.50444030761719,38.81278538812785
9.017,0,7.175402641296387,13.430000305175781,73.28398895263672,-80.51617431640625,-87.8558120727539,39.606468200683594,7.175402641296387,13.430000305175781,73.28398895263672,-80.51617431640625,-87.8558120727539,39.606468200683594,38.87801696020874
9.051,0,7.2733001708984375,13.251243591308594,73.39972686767578,-80.36381530761719,-87.81644439697266,39.68522644042969,7.2733001708984375,13.251243591308594,73.39972686767578,-80.36381530761719,-87.81644439697266,39.68522644042969,39.00848010437051
9.099,0,7.08253288269043,13.363399505615234,73.32208251953125,-80.44346618652344,-87.84103393554688,39.65560531616211,7.08253288269043,13.363399505615234,73.32208251953125,-80.44346618652344,-87.84103393554688,39.65560531616211,39.204174820613176
9.126,0,7.0072808265686035,13.505380630493164,73.33016967773438,-80.57257080078125,-87.83154296875,39.74795150756836,7.0072808265686035,13.505380630493164,73.33016967773438,-80.57257080078125,-87.83154296875,39.74795150756836,39.33463796477495
9.158,0,6.913949012756348,13.572412490844727,73.21095275878906,-80.56936645507812,-87.82662963867188,39.829185485839844,6.913949012756348,13.572412490844727,73.21095275878906,-80.56936645507812,-87.82662963867188,39.829185485839844,39.33463796477495
9.204,0,7.029986381530762,13.48117446899414,73.29161071777344,-80.50859069824219,-87.78956604003906,39.95024108886719,7.029986381530762,13.48117446899414,73.29161071777344,-80.50859069824219,-87.78956604003906,39.95024108886719,39.39986953685584
9.230,0,6.88033390045166,13.437074661254883,73.25090026855469,-80.407470703125,-87.7968978881836,39.917747497558594,6.88033390045166,13.437074661254883,73.25090026855469,-80.407470703125,-87.7968978881836,39.917747497558594,39.53033268101761
9.265,0,6.829811096191406,13.774301528930664,73.13919067382812,-80.69255828857422,-87.80293273925781,39.9910888671875,6.829811096191406,13.774301528930664,73.13919067382812,-80.69255828857422,-87.80293273925781,39.9910888671875,39.53033268101761
9.302,0,6.753020763397217,13.915288925170898,72.9966049194336,-80.73363494873047,-87.77430725097656,40.109989166259766,6.753020763397217,13.915288925170898,72.9966049194336,-80.73363494873047,-87.77430725097656,40.109989166259766,39.53033268101761
9.330,0,6.620176792144775,14.095687866210938,72.83999633789062,-80.77498626708984,-87.7964096069336,40.17029571533203,6.620176792144775,14.095687866210938,72.83999633789062,-80.77498626708984,-87.7964096069336,40.17029571533203,39.53033268101761
9.363,0,6.610964775085449,14.12261962890625,72.76976013183594,-80.707763671875,-87.78451538085938,40.23051071166992,6.610964775085449,14.12261962890625,72.76976013183594,-80.707763671875,-87.78451538085938,40.23051071166992,39.53033268101761
9.398,0,6.527484893798828,14.323677062988281,72.58687591552734,-80.74703216552734,-87.77403259277344,40.330772399902344,6.527484893798828,14.323677062988281,72.58687591552734,-80.74703216552734,-87.77403259277344,40.330772399902344,39.595564253098495
9.433,0,6.634130001068115,14.481279373168945,72.54310607910156,-80.92449951171875,-87.75414276123047,40.38551712036133,6.634130001068115,14.481279373168945,72.54310607910156,-80.92449951171875,-87.75414276123047,40.38551712036133,39.726027397260275
9.466,0,6.466799259185791,14.781692504882812,72.39433288574219,-81.15451049804688,-87.79380798339844,40.42069625854492,6.466799259185791,14.781692504882812,72.39433288574219,-81.15451049804688,-87.79380798339844,40.42069625854492,39.92172211350293
9.510,0,6.43765926361084,14.986791610717773,72.28717041015625,-81.24310302734375,-87.77458190917969,40.49850845336914,6.43765926361084,14.986791610717773,72.28717041015625,-81.24310302734375,-87.77458190917969,40.49850845336914,39.98695368558382
9.537,0,6.296642303466797,15.349824905395508,72.05298614501953,-81.43215942382812,-87.77703094482422,40.58661651611328,6.296642303466797,15.349824905395508,72.05298614501953,-81.43215942382812,-87.77703094482422,40.58661651611328,40.05218525766471
9.570,0,6.418812274932861,15.358766555786133,72.03768157958984,-81.42964172363281,-87.74694061279297,40.83820343017578,6.418812274932861,15.358766555786133,72.03768157958984,-81.42964172363281,-87.74694061279297,40.83820343017578,40.05218525766471
9.611,0,6.185424327850342,15.75227165222168,71.94062042236328,-81.85328674316406,-87.7935562133789,40.92671203613281,6.185424327850342,15.75227165222168,71.94062042236328,-81.85328674316406,-87.7935562133789,40.92671203613281,40.05218525766471
9.640,0,6.1309404373168945,16.16463851928711,71.72451782226562,-82.04573059082031,-87.7870864868164,40.974449157714844,6.1309404373168945,16.16463851928711,71.72451782226562,-82.04573059082031,-87.7870864868164,40.974449157714844,40.182648401826484
9.670,0,5.94088888168335,16.782543182373047,71.41184997558594,-82.42221069335938,-87.78811645507812,41.057369232177734,5.94088888168335,16.782543182373047,71.41184997558594,-82.42221069335938,-87.78811645507812,41.057369232177734,40.44357469015003
9.707,0,6.029596328735352,17.002578735351562,71.29766082763672,-82.55596923828125,-87.78286743164062,41.23780059814453,6.029596328735352,17.002578735351562,71.29766082763672,-82.55596923828125,-87.78286743164062,41.23780059814453,40.5740378343118
9.773,0,5.743894577026367,17.38814926147461,71.15962982177734,-82.82542419433594,-87.81144714355469,41.25644302368164,5.743894577026367,17.38814926147461,71.15962982177734,-82.82542419433594,-87.81144714355469,41.25644302368164,40.704500978473575
9.801,0,5.72784423828125,17.411968231201172,71.1723861694336,-82.80903625488281,-87.79280090332031,41.27110290527344,5.72784423828125,17.411968231201172,71.1723861694336,-82.80903625488281,-87.79280090332031,41.27110290527344,40.834964122635355
9.833,0,5.579029083251953,17.640968322753906,71.03881072998047,-82.90821838378906,-87.76886749267578,41.23162841796875,5.579029083251953,17.640968322753906,71.03881072998047,-82.90821838378906,-87.76886749267578,41.23162841796875,40.90019569471624
9.867,0,5.66375207901001,17.745521545410156,70.98233795166016,-82.87478637695312,-87.73859405517578,41.262672424316406,5.66375207901001,17.745521545410156,70.98233795166016,-82.87478637695312,-87.73859405517578,41.262672424316406,40.90019569471624
9.900,0,5.370064735412598,17.92308807373047,70.98279571533203,-82.97327423095703,-87.7320556640625,41.19788360595703,5.370064735412598,17.92308807373047,70.98279571533203,-82.97327423095703,-87.7320556640625,41.19788360595703,40.90019569471624
9.940,0,5.27031135559082,18.047325134277344,70.92945098876953,-82.96650695800781,-87.68644714355469,41.147071838378906,5.27031135559082,18.047325134277344,70.92945098876953,-82.96650695800781,-87.68644714355469,41.147071838378906,40.90019569471624
9.971,0,5.125385284423828,18.316387176513672,70.78657531738281,-83.05220794677734,-87.64217376708984,41.067840576171875,5.125385284423828,18.316387176513672,70.78657531738281,-83.05220794677734,-87.64217376708984,41.067840576171875,40.90019569471624
10.005,0,5.24655294418335,18.41836929321289,70.74176788330078,-82.97926330566406,-87.61532592773438,41.15907287597656,5.24655294418335,18.41836929321289,70.74176788330078,-82.97926330566406,-87.61532592773438,41.15907287597656,40.90019569471624
10.032,0,4.94992208480835,18.461162567138672,70.89131927490234,-83.07705688476562,-87.63819885253906,41.048919677734375,4.94992208480835,18.461162567138672,70.89131927490234,-83.07705688476562,-87.63819885253906,41.048919677734375,40.90019569471624
10.067,0,4.85366678237915,18.37572479248047,71.03955078125,-82.97779083251953,-87.62391662597656,40.960968017578125,4.85366678237915,18.37572479248047,71.03955078125,-82.97779083251953,-87.62391662597656,40.960968017578125,40.90019569471624
10.100,0,4.734157085418701,18.261672973632812,71.16509246826172,-82.89920043945312,-87.60691833496094,40.8026237487793,4.734157085418701,18.261672973632812,71.16509246826172,-82.89920043945312,-87.60691833496094,40.8026237487793,40.90019569471624
10.134,0,4.850645065307617,17.965194702148438,71.43287658691406,-82.69627380371094,-87.59402465820312,40.66838073730469,4.850645065307617,17.965194702148438,71.43287658691406,-82.69627380371094,-87.59402465820312,40.66838073730469,40.834964122635355
10.167,0,4.561832427978516,17.85303497314453,71.66838836669922,-82.71394348144531,-87.64140319824219,40.46356201171875,4.561832427978516,17.85303497314453,71.66838836669922,-82.71394348144531,-87.64140319824219,40.46356201171875,40.834964122635355
10.209,0,4.5040764808654785,17.653396606445312,71.87262725830078,-82.53907775878906,-87.6497802734375,40.2984504699707,4.5040764808654785,17.653396606445312,71.87262725830078,-82.53907775878906,-87.6497802734375,40.2984504699707,40.834964122635355
10.240,0,4.403598785400391,17.310256958007812,72.0985107421875,-82.3035888671875,-87.64360046386719,40.03971481323242,4.403598785400391,17.310256958007812,72.0985107421875,-82.3035888671875,-87.64360046386719,40.03971481323242,40.834964122635355
10.267,0,4.515316486358643,16.86111831665039,72.40522766113281,-81.97490692138672,-87.64775848388672,39.906272888183594,4.515316486358643,16.86111831665039,72.40522766113281,-81.97490692138672,-87.64775848388672,39.906272888183594,40.834964122635355
10.303,0,4.236128807067871,16.546588897705078,72.64891815185547,-81.78422546386719,-87.70100402832031,39.693504333496094,4.236128807067871,16.546588897705078,72.64891815185547,-81.78422546386719,-87.70100402832031,39.693504333496094,40.704500978473575
10.338,0,4.137955188751221,16.32990264892578,72.72734069824219,-81.50422668457031,-87.72136688232422,39.50697708129883,4.137955188751221,16.32990264892578,72.72734069824219,-81.50422668457031,-87.72136688232422,39.50697708129883,40.37834311806915
10.375,0,4.036160945892334,15.803457260131836,73.01465606689453,-81.12164306640625,-87.71918487548828,39.27347183227539,4.036160945892334,15.803457260131836,73.01465606689453,-81.12164306640625,-87.71918487548828,39.27347183227539,40.182648401826484
10.404,0,4.152754783630371,15.23297119140625,73.30874633789062,-80.67691802978516,-87.72657775878906,39.182586669921875,4.152754783630371,15.23297119140625,73.30874633789062,-80.67691802978516,-87.72657775878906,39.182586669921875,40.05218525766471
10.437,0,3.885666847229004,14.877510070800781,73.57379150390625,-80.47077178955078,-87.77837371826172,39.000579833984375,3.885666847229004,14.877510070800781,73.57379150390625,-80.47077178955078,-87.77837371826172,39.000579833984375,39.79125896934116
10.470,0,3.8469398021698,14.365266799926758,73.85722351074219,-80.08056640625,-87.80154418945312,38.829498291015625,3.8469398021698,14.365266799926758,73.85722351074219,-80.08056640625,-87.80154418945312,38.829498291015625,39.595564253098495
10.504,0,3.7674026489257812,13.798980712890625,74.09829711914062,-79.65594482421875,-87.79718017578125,38.63654327392578,3.7674026489257812,13.798980712890625,74.09829711914062,-79.65594482421875,-87.79718017578125,38.63654327392578,39.46510110893672
10.538,0,3.8996524810791016,13.170021057128906,74.40951538085938,-79.18960571289062,-87.7889175415039,38.59467315673828,3.8996524810791016,13.170021057128906,74.40951538085938,-79.18960571289062,-87.7889175415039,38.59467315673828,39.26940639269406
10.571,0,3.6376259326934814,12.846076965332031,74.65350341796875,-78.99886322021484,-87.8393783569336,38.46340560913086,3.6376259326934814,12.846076965332031,74.65350341796875,-78.99886322021484,-87.8393783569336,38.46340560913086,39.0737116764514
10.603,0,3.6230263710021973,12.392196655273438,74.90379333496094,-78.68400573730469,-87.85542297363281,38.391807556152344,3.6230263710021973,12.392196655273438,74.90379333496094,-78.68400573730469,-87.85542297363281,38.391807556152344,38.94324853228962
10.641,0,3.5283212661743164,12.18194580078125,75.01703643798828,-78.53977966308594,-87.86381530761719,38.30615997314453,3.5283212661743164,12.18194580078125,75.01703643798828,-78.53977966308594,-87.86381530761719,38.30615997314453,38.81278538812785
10.671,0,3.6772637367248535,11.768327713012695,75.24114990234375,-78.30314636230469,-87.8641586303711,38.332427978515625,3.6772637367248535,11.768327713012695,75.24114990234375,-78.30314636230469,-87.8641586303711,38.332427978515625,38.81278538812785
10.704,0,3.4419589042663574,11.600261688232422,75.41629791259766,-78.26219177246094,-87.92459106445312,38.268890380859375,3.4419589042663574,11.600261688232422,75.41629791259766,-78.26219177246094,-87.92459106445312,38.268890380859375,38.81278538812785
10.741,0,3.421494245529175,11.367725372314453,75.50394439697266,-78.06671142578125,-87.9365234375,38.19257354736328,3.421494245529175,11.367725372314453,75.50394439697266,-78.06671142578125,-87.9365234375,38.19257354736328,38.68232224396608
10.770,0,3.3454012870788574,11.164770126342773,75.59262084960938,-77.94648742675781,-87.93838500976562,38.113441467285156,3.3454012870788574,11.164770126342773,75.59262084960938,-77.94648742675781,-87.93838500976562,38.113441467285156,38.551859099804304
10.804,0,3.5056028366088867,10.658567428588867,75.85917663574219,-77.59194946289062,-87.92388916015625,38.148841857910156,3.5056028366088867,10.658567428588867,75.85917663574219,-77.59194946289062,-87.92388916015625,38.148841857910156,38.42139595564253
10.870,0,3.2792301177978516,10.491693496704102,75.99795532226562,-77.5315933227539,-87.99369812011719,38.11259841918945,3.2792301177978516,10.491693496704102,75.99795532226562,-77.5315933227539,-87.99369812011719,38.11259841918945,38.42139595564253
10.897,0,3.2628841400146484,10.040292739868164,76.23107147216797,-77.2259521484375,-87.99900817871094,38.051063537597656,3.2628841400146484,10.040292739868164,76.23107147216797,-77.2259521484375,-87.99900817871094,38.051063537597656,38.42139595564253
10.931,0,3.105562686920166,10.20895004272461,76.12847137451172,-77.35198974609375,-88.05097198486328,38.054466247558594,3.105562686920166,10.20895004272461,76.12847137451172,-77.35198974609375,-88.05097198486328,38.054466247558594,38.42139595564253
10.963,0,3.052988052368164,10.029386520385742,76.30706024169922,-77.35162353515625,-88.04003143310547,37.97559356689453,3.052988052368164,10.029386520385742,76.30706024169922,-77.35162353515625,-88.04003143310547,37.97559356689453,38.42139595564253
10.997,0,2.836879253387451,9.678125381469727,76.56327819824219,-77.18795776367188,-88.1040267944336,37.89130401611328,2.836879253387451,9.678125381469727,76.56327819824219,-77.18795776367188,-88.1040267944336,37.89130401611328,38.42139595564253
11.030,0,2.7944581508636475,9.432674407958984,76.68009185791016,-76.98118591308594,-88.1151351928711,37.84567642211914,2.7944581508636475,9.432674407958984,76.68009185791016,-76.98118591308594,-88.1151351928711,37.84567642211914,38.42139595564253
11.064,0,2.6689250469207764,9.432048797607422,76.67924499511719,-76.98283386230469,-88.13475799560547,37.79126739501953,2.6689250469207764,9.432048797607422,76.67924499511719,-76.98283386230469,-88.13475799560547,37.79126739501953,38.35616438356164
11.099,0,2.6372506618499756,9.320001602172852,76.83735656738281,-77.03866577148438,-88.12774658203125,37.72711181640625,2.6372506618499756,9.320001602172852,76.83735656738281,-77.03866577148438,-88.12774658203125,37.72711181640625,38.22570123939987
11.131,0,2.4656500816345215,9.309989929199219,76.87516784667969,-77.03524017333984,-88.16416931152344,37.659461975097656,2.4656500816345215,9.309989929199219,76.87516784667969,-77.03524017333984,-88.16416931152344,37.659461975097656,38.095238095238095
11.165,0,2.4281439781188965,9.050264358520508,76.96331787109375,-76.76388549804688,-88.17002868652344,37.60638427734375,2.4281439781188965,9.050264358520508,76.96331787109375,-76.76388549804688,-88.17002868652344,37.60638427734375,38.030006523157205
11.197,0,2.2891721725463867,8.962108612060547,76.94474792480469,-76.65457153320312,-88.19938659667969,37.576011657714844,2.2891721725463867,8.962108612060547,76.94474792480469,-76.65457153320312,-88.19938659667969,37.576011657714844,38.030006523157205
11.234,0,2.240485191345215,8.672601699829102,77.21222686767578,-76.59870910644531,-88.19319152832031,37.478416442871094,2.240485191345215,8.672601699829102,77.21222686767578,-76.59870910644531,-88.19319152832031,37.478416442871094,38.030006523157205
11.265,0,2.0176937580108643,8.492788314819336,77.30992889404297,-76.50872039794922,-88.2598876953125,37.40837860107422,2.0176937580108643,8.492788314819336,77.30992889404297,-76.50872039794922,-88.2598876953125,37.40837860107422,38.030006523157205
11.298,0,1.9970300197601318,8.022577285766602,77.5015869140625,-76.1593017578125,-88.27297973632812,37.30943298339844,1.9970300197601318,8.022577285766602,77.5015869140625,-76.1593017578125,-88.27297973632812,37.30943298339844,38.030006523157205
11.331,0,1.838726282119751,8.06448745727539,77.45777893066406,-76.17064666748047,-88.31057739257812,37.28749084472656,1.838726282119751,8.06448745727539,77.45777893066406,-76.17064666748047,-88.31057739257812,37.28749084472656,37.96477495107632
11.364,0,1.8036036491394043,7.888118743896484,77.63259887695312,-76.1357421875,-88.29904174804688,37.175479888916016,1.8036036491394043,7.888118743896484,77.63259887695312,-76.1357421875,-88.29904174804688,37.175479888916016,37.70384866275277
11.398,0,1.5609838962554932,7.79168701171875,77.68414306640625,-76.09394836425781,-88.3670425415039,37.11404037475586,1.5609838962554932,7.79168701171875,77.68414306640625,-76.09394836425781,-88.3670425415039,37.11404037475586,37.638617090671886
11.432,0,1.498974084854126,7.50123405456543,77.77261352539062,-75.80950164794922,-88.37434387207031,37.037750244140625,1.498974084854126,7.50123405456543,77.77261352539062,-75.80950164794922,-88.37434387207031,37.037750244140625,37.508153946510106
11.464,0,1.3316125869750977,7.5550079345703125,77.70973205566406,-75.81619262695312,-88.4194564819336,37.02901077270508,1.3316125869750977,7.5550079345703125,77.70973205566406,-75.81619262695312,-88.4194564819336,37.02901077270508,37.37769080234833
11.501,0,1.3818299770355225,7.216680526733398,77.85112762451172,-75.56842041015625,-88.39543914794922,36.88208770751953,1.3818299770355225,7.216680526733398,77.85112762451172,-75.56842041015625,-88.39543914794922,36.88208770751953,37.31245923026745
11.532,0,1.148212194442749,7.036314010620117,77.88087463378906,-75.41511535644531,-88.4478530883789,36.808807373046875,1.148212194442749,7.036314010620117,77.88087463378906,-75.41511535644531,-88.4478530883789,36.808807373046875,37.31245923026745
11.565,0,1.0642426013946533,6.749687194824219,77.99745178222656,-75.17680358886719,-88.46331787109375,36.74022674560547,1.0642426013946533,6.749687194824219,77.99745178222656,-75.17680358886719,-88.46331787109375,36.74022674560547,37.31245923026745
11.599,0,0.8677668571472168,6.888141632080078,77.9017333984375,-75.22085571289062,-88.51168060302734,36.76068878173828,0.8677668571472168,6.888141632080078,77.9017333984375,-75.22085571289062,-88.51168060302734,36.76068878173828,37.31245923026745
11.633,0,0.9136528968811035,6.442058563232422,78.09112548828125,-74.9095458984375,-88.48905944824219,36.636539459228516,0.9136528968811035,6.442058563232422,78.09112548828125,-74.9095458984375,-88.48905944824219,36.636539459228516,37.31245923026745
11.693,0,0.7314362525939941,6.327287673950195,78.10807800292969,-74.7956314086914,-88.53003692626953,36.553428649902344,0.7314362525939941,6.327287673950195,78.10807800292969,-74.7956314086914,-88.53003692626953,36.553428649902344,37.18199608610567
11.721,0,0.6526715755462646,5.8806610107421875,78.27587127685547,-74.42559814453125,-88.54104614257812,36.467411041259766,0.6526715755462646,5.8806610107421875,78.27587127685547,-74.42559814453125,-88.54104614257812,36.467411041259766,36.921069797782124
11.753,0,0.5106778144836426,5.840435028076172,78.22766876220703,-74.31675720214844,-88.5584945678711,36.41253662109375,0.5106778144836426,5.840435028076172,78.22766876220703,-74.31675720214844,-88.5584945678711,36.41253662109375,36.921069797782124
11.786,0,0.5430514812469482,5.453340530395508,78.37542724609375,-74.02645874023438,-88.54450225830078,36.324058532714844,0.5430514812469482,5.453340530395508,78.37542724609375,-74.02645874023438,-88.54450225830078,36.324058532714844,36.921069797782124
11.820,0,0.35343170166015625,5.225543975830078,78.43428039550781,-73.84219360351562,-88.57549285888672,36.225303649902344,0.35343170166015625,5.225543975830078,78.43428039550781,-73.84219360351562,-88.57549285888672,36.225303649902344,36.921069797782124
11.853,0,0.20806598663330078,5.314678192138672,78.36182403564453,-73.89076232910156,-88.59954071044922,36.17652130126953,0.20806598663330078,5.314678192138672,78.36182403564453,-73.89076232910156,-88.59954071044922,36.17652130126953,36.855838225701234
11.886,0,0.07350778579711914,5.308534622192383,78.30075073242188,-73.8487548828125,-88.6197509765625,36.13239669799805,0.07350778579711914,5.308534622192383,78.30075073242188,-73.8487548828125,-88.6197509765625,36.13239669799805,36.66014350945858
11.926,0,0.1007852554321289,4.9355621337890625,78.48552703857422,-73.62335205078125,-88.61759185791016,36.063541412353516,0.1007852554321289,4.9355621337890625,78.48552703857422,-73.62335205078125,-88.61759185791016,36.063541412353516,36.5296803652968
11.954,0,0.045291900634765625,4.61619758605957,78.61084747314453,-73.36392211914062,-88.5913314819336,35.97040557861328,0.045291900634765625,4.61619758605957,78.61084747314453,-73.36392211914062,-88.5913314819336,35.97040557861328,36.5296803652968
11.987,0,-0.006424427032470703,4.340770721435547,78.7378158569336,-73.15174865722656,-88.57760620117188,35.891841888427734,-0.006424427032470703,4.340770721435547,78.7378158569336,-73.15174865722656,-88.57760620117188,35.891841888427734,36.5296803652968
12.020,0,-0.09017229080200195,3.9752769470214844,79.00057220458984,-72.99076843261719,-88.53726196289062,35.80109405517578,-0.09017229080200195,3.9752769470214844,79.00057220458984,-72.99076843261719,-88.53726196289062,35.80109405517578,36.5296803652968
12.054,0,-0.2969803810119629,3.9542160034179688,78.96297454833984,-72.93130493164062,-88.58528900146484,35.726402282714844,-0.2969803810119629,3.9542160034179688,78.96297454833984,-72.93130493164062,-88.58528900146484,35.726402282714844,36.33398564905414
12.087,0,-0.36683034896850586,3.5186405181884766,79.10700988769531,-72.56097412109375,-88.57279205322266,35.665992736816406,-0.36683034896850586,3.5186405181884766,79.10700988769531,-72.56097412109375,-88.57279205322266,35.665992736816406,36.13829093281148
12.120,0,-0.4497408866882324,3.280355453491211,79.30670166015625,-72.49598693847656,-88.53589630126953,35.57729721069336,-0.4497408866882324,3.280355453491211,79.30670166015625,-72.49598693847656,-88.53589630126953,35.57729721069336,36.07305936073059
12.154,0,-0.5096073150634766,3.2066707611083984,79.38676452636719,-72.48847961425781,-88.52887725830078,35.51375198364258,-0.5096073150634766,3.2066707611083984,79.38676452636719,-72.48847961425781,-88.52887725830078,35.51375198364258,35.942596216568816
12.187,0,-0.7551555633544922,3.383443832397461,79.28691864013672,-72.59103393554688,-88.58480834960938,35.43622589111328,-0.7551555633544922,3.383443832397461,79.28691864013672,-72.59103393554688,-88.58480834960938,35.43622589111328,35.87736464448793
12.220,0,-0.8309588432312012,3.043832778930664,79.4217300415039,-72.33642578125,-88.56718444824219,35.3697509765625,-0.8309588432312012,3.043832778930664,79.4217300415039,-72.33642578125,-88.56718444824219,35.3697509765625,35.81213307240704
12.253,0,-0.9392023086547852,2.876119613647461,79.62474060058594,-72.33717346191406,-88.53755187988281,35.3114128112793,-0.9392023086547852,2.876119613647461,79.62474060058594,-72.33717346191406,-88.53755187988281,35.3114128112793,35.74690150032615
12.286,0,-0.9837589263916016,2.828554153442383,79.69510650634766,-72.34989929199219,-88.52002716064453,35.21365737915039,-0.9837589263916016,2.828554153442383,79.69510650634766,-72.34989929199219,-88.52002716064453,35.21365737915039,35.74690150032615
12.320,0,-1.1812124252319336,2.972423553466797,79.59347534179688,-72.44169616699219,-88.57735443115234,35.137718200683594,-1.1812124252319336,2.972423553466797,79.59347534179688,-72.44169616699219,-88.57735443115234,35.137718200683594,35.74690150032615
12.353,0,-1.262521743774414,2.5924816131591797,79.73826599121094,-72.13605499267578,-88.5613784790039,35.047119140625,-1.262521743774414,2.5924816131591797,79.73826599121094,-72.13605499267578,-88.5613784790039,35.047119140625,35.74690150032615
12.386,0,-1.364962100982666,2.984346389770508,79.73296356201172,-72.5762939453125,-88.5401382446289,35.01263427734375,-1.364962100982666,2.984346389770508,79.73296356201172,-72.5762939453125,-88.5401382446289,35.01263427734375,35.5512067840835
12.420,0,-1.354835033416748,2.9352149963378906,79.78915405273438,-72.5845947265625,-88.53113555908203,34.955535888671875,-1.354835033416748,2.9352149963378906,79.78915405273438,-72.5845947265625,-88.53113555908203,34.955535888671875,35.42074363992172
12.455,0,-1.5699267387390137,3.0895957946777344,79.71337890625,-72.69293212890625,-88.60717010498047,34.94829177856445,-1.5699267387390137,3.0895957946777344,79.71337890625,-72.69293212890625,-88.60717010498047,34.94829177856445,35.42074363992172
12.488,0,-1.6189875602722168,2.6677894592285156,79.90850067138672,-72.41734313964844,-88.59967803955078,34.911407470703125,-1.6189875602722168,2.6677894592285156,79.90850067138672,-72.41734313964844,-88.59967803955078,34.911407470703125,35.355512067840834
12.528,0,-1.6947450637817383,2.8382186889648438,79.96564483642578,-72.69239807128906,-88.5785140991211,34.86174392700195,-1.6947450637817383,2.8382186889648438,79.96564483642578,-72.69239807128906,-88.5785140991211,34.86174392700195,35.22504892367906
12.557,0,-1.6945338249206543,2.8007068634033203,79.98920440673828,-72.70222473144531,-88.56145477294922,34.783321380615234,-1.6945338249206543,2.8007068634033203,79.98920440673828,-72.70222473144531,-88.56145477294922,34.783321380615234,35.15981735159817
12.588,0,-1.9275755882263184,2.76226806640625,79.96940612792969,-72.67588806152344,-88.61642456054688,34.754478454589844,-1.9275755882263184,2.76226806640625,79.96940612792969,-72.67588806152344,-88.61642456054688,34.754478454589844,35.15981735159817
12.620,0,-1.9877891540527344,2.4257965087890625,80.12150573730469,-72.44996643066406,-88.6091537475586,34.71876907348633,-1.9877891540527344,2.4257965087890625,80.12150573730469,-72.44996643066406,-88.6091537475586,34.71876907348633,35.09458577951728
12.655,0,-2.069890022277832,2.5181102752685547,80.20370483398438,-72.66754150390625,-88.58213806152344,34.641109466552734,-2.069890022277832,2.5181102752685547,80.20370483398438,-72.66754150390625,-88.58213806152344,34.641109466552734,35.0293542074364
12.688,0,-2.03645658493042,2.5418148040771484,80.2222671508789,-72.75373077392578,-88.55873107910156,34.602928161621094,-2.03645658493042,2.5418148040771484,80.2222671508789,-72.75373077392578,-88.55873107910156,34.602928161621094,35.0293542074364
12.721,0,-2.274322986602783,2.483743667602539,80.17015075683594,-72.64854431152344,-88.61968994140625,34.56774139404297,-2.274322986602783,2.483743667602539,80.17015075683594,-72.64854431152344,-88.61968994140625,34.56774139404297,35.0293542074364
12.755,0,-2.376448154449463,2.4388580322265625,80.28038024902344,-72.69258880615234,-88.59426879882812,34.47959899902344,-2.376448154449463,2.4388580322265625,80.28038024902344,-72.69258880615234,-88.59426879882812,34.47959899902344,35.0293542074364
12.789,0,-2.442145824432373,2.2600955963134766,80.47908020019531,-72.70158386230469,-88.56468200683594,34.41607666015625,-2.442145824432373,2.2600955963134766,80.47908020019531,-72.70158386230469,-88.56468200683594,34.41607666015625,35.0293542074364
12.821,0,-2.4213485717773438,2.2658309936523438,80.48715209960938,-72.74686431884766,-88.54756164550781,34.370384216308594,-2.4213485717773438,2.2658309936523438,80.48715209960938,-72.74686431884766,-88.54756164550781,34.370384216308594,35.0293542074364
12.855,0,-2.6770315170288086,2.2391624450683594,80.43602752685547,-72.69932556152344,-88.60205078125,34.33367156982422,-2.6770315170288086,2.2391624450683594,80.43602752685547,-72.69932556152344,-88.60205078125,34.33367156982422,34.898891063274625
12.888,0,-2.7931694984436035,2.237091064453125,80.54310607910156,-72.78269958496094,-88.58106231689453,34.25558090209961,-2.7931694984436035,2.237091064453125,80.54310607910156,-72.78269958496094,-88.58106231689453,34.25558090209961,34.70319634703196
12.929,0,-2.8815269470214844,2.0587635040283203,80.72637939453125,-72.7901382446289,-88.53850555419922,34.167999267578125,-2.8815269470214844,2.0587635040283203,80.72637939453125,-72.7901382446289,-88.53850555419922,34.167999267578125,34.63796477495107
12.955,0,-2.7952375411987305,2.239421844482422,80.63428497314453,-72.91880798339844,-88.54795837402344,34.174461364746094,-2.7952375411987305,2.239421844482422,80.63428497314453,-72.91880798339844,-88.54795837402344,34.174461364746094,34.63796477495107
12.996,0,-3.0216569900512695,2.2888660430908203,80.54918670654297,-72.89961242675781,-88.59815979003906,34.12007522583008,-3.0216569900512695,2.2888660430908203,80.54918670654297,-72.89961242675781,-88.59815979003906,34.12007522583008,34.63796477495107
13.025,0,-3.116389751434326,2.3027992248535156,80.61084747314453,-72.934326171875,-88.57865905761719,34.06842803955078,-3.116389751434326,2.3027992248535156,80.61084747314453,-72.934326171875,-88.57865905761719,34.06842803955078,34.63796477495107
13.055,0,-3.1721582412719727,2.1838245391845703,80.65594482421875,-72.8575210571289,-88.56076049804688,34.07704162597656,-3.1721582412719727,2.1838245391845703,80.65594482421875,-72.8575210571289,-88.56076049804688,34.07704162597656,34.5075016307893
13.089,0,-3.102786064147949,2.3949127197265625,80.54962158203125,-73.01092529296875,-88.58869934082031,34.122962951660156,-3.102786064147949,2.3949127197265625,80.54962158203125,-73.01092529296875,-88.58869934082031,34.122962951660156,34.37703848662753
13.133,0,-3.298104763031006,2.4049835205078125,80.48307800292969,-73.0014419555664,-88.62838745117188,34.05347442626953,-3.298104763031006,2.4049835205078125,80.48307800292969,-73.0014419555664,-88.62838745117188,34.05347442626953,34.37703848662753
13.160,0,-3.33160400390625,2.2731361389160156,80.55950927734375,-72.90396118164062,-88.61845397949219,34.009300231933594,-3.33160400390625,2.2731361389160156,80.55950927734375,-72.90396118164062,-88.61845397949219,34.009300231933594,34.37703848662753
13.191,0,-3.2507972717285156,2.4399948120117188,80.47450256347656,-73.01953125,-88.63321685791016,34.07311248779297,-3.2507972717285156,2.4399948120117188,80.47450256347656,-73.01953125,-88.63321685791016,34.07311248779297,34.31180691454664
13.228,0,-3.4661197662353516,2.9486827850341797,80.25588989257812,-73.37088012695312,-88.70384216308594,34.037742614746094,-3.4661197662353516,2.9486827850341797,80.25588989257812,-73.37088012695312,-88.70384216308594,34.037742614746094,34.24657534246575
13.270,0,-3.428191661834717,2.656749725341797,80.36807250976562,-73.12931823730469,-88.6987533569336,33.99808120727539,-3.428191661834717,2.656749725341797,80.36807250976562,-73.12931823730469,-88.6987533569336,33.99808120727539,34.24657534246575
13.298,0,-3.4654994010925293,2.8420047760009766,80.2932357788086,-73.25696563720703,-88.69783782958984,34.049766540527344,-3.4654994010925293,2.8420047760009766,80.2932357788086,-73.25696563720703,-88.69783782958984,34.049766540527344,34.24657534246575
13.332,0,-3.4051623344421387,3.023530960083008,80.17607116699219,-73.364501953125,-88.72532653808594,34.13795471191406,-3.4051623344421387,3.023530960083008,80.17607116699219,-73.364501953125,-88.72532653808594,34.13795471191406,34.24657534246575
13.369,0,-3.6079769134521484,3.4270172119140625,79.97440338134766,-73.60867309570312,-88.78666687011719,34.121212005615234,-3.6079769134521484,3.4270172119140625,79.97440338134766,-73.60867309570312,-88.78666687011719,34.121212005615234,34.24657534246575
13.397,0,-3.5648446083068848,3.231424331665039,80.01805877685547,-73.37881469726562,-88.79003143310547,34.10175323486328,-3.5648446083068848,3.231424331665039,80.01805877685547,-73.37881469726562,-88.79003143310547,34.10175323486328,34.24657534246575
13.431,0,-3.6233725547790527,3.3563270568847656,80.02753448486328,-73.53064727783203,-88.76679229736328,34.090171813964844,-3.6233725547790527,3.3563270568847656,80.02753448486328,-73.53064727783203,-88.76679229736328,34.090171813964844,34.24657534246575
13.463,0,-3.496279239654541,3.2360877990722656,80.0180435180664,-73.4132080078125,-88.77192687988281,34.183204650878906,-3.496279239654541,3.2360877990722656,80.0180435180664,-73.4132080078125,-88.77192687988281,34.183204650878906,34.24657534246575
13.497,0,-3.701814651489258,3.786348342895508,79.77698516845703,-73.79177856445312,-88.83827209472656,34.23873519897461,-3.701814651489258,3.786348342895508,79.77698516845703,-73.79177856445312,-88.83827209472656,34.23873519897461,34.24657534246575
13.530,0,-3.7208032608032227,3.7774314880371094,79.82474517822266,-73.76803588867188,-88.83271026611328,34.24881362915039,-3.7208032608032227,3.7774314880371094,79.82474517822266,-73.76803588867188,-88.83271026611328,34.24881362915039,34.24657534246575
13.564,0,-3.782120704650879,3.738971710205078,79.89125061035156,-73.78733825683594,-88.81025695800781,34.23178482055664,-3.782120704650879,3.738971710205078,79.89125061035156,-73.78733825683594,-88.81025695800781,34.23178482055664,34.24657534246575
13.598,0,-3.810105323791504,4.106809616088867,79.69905090332031,-74.00839233398438,-88.82627868652344,34.25117111206055,-3.810105323791504,4.106809616088867,79.69905090332031,-74.00839233398438,-88.82627868652344,34.25117111206055,34.24657534246575
13.630,0,-4.0218706130981445,4.562782287597656,79.47398376464844,-74.28659057617188,-88.89379119873047,34.30201721191406,-4.0218706130981445,4.562782287597656,79.47398376464844,-74.28659057617188,-88.89379119873047,34.30201721191406,34.24657534246575
13.666,0,-4.028472900390625,4.518697738647461,79.48915100097656,-74.22765350341797,-88.88196563720703,34.260990142822266,-4.028472900390625,4.518697738647461,79.48915100097656,-74.22765350341797,-88.88196563720703,34.260990142822266,34.24657534246575
13.699,0,-4.1258440017700195,4.818904876708984,79.48849487304688,-74.56958770751953,-88.84742736816406,34.24170684814453,-4.1258440017700195,4.818904876708984,79.48849487304688,-74.56958770751953,-88.84742736816406,34.24170684814453,34.24657534246575
13.735,0,-4.168415069580078,5.225776672363281,79.30665588378906,-74.8291015625,-88.85502624511719,34.23408126831055,-4.168415069580078,5.225776672363281,79.30665588378906,-74.8291015625,-88.85502624511719,34.23408126831055,34.24657534246575
13.768,0,-4.358066558837891,5.6055450439453125,79.17538452148438,-75.12313842773438,-88.90335845947266,34.239173889160156,-4.358066558837891,5.6055450439453125,79.17538452148438,-75.12313842773438,-88.90335845947266,34.239173889160156,34.24657534246575
13.833,0,-4.330996513366699,5.578813552856445,79.09423065185547,-75.03482055664062,-88.93826293945312,34.299842834472656,-4.330996513366699,5.578813552856445,79.09423065185547,-75.03482055664062,-88.93826293945312,34.299842834472656,34.24657534246575
13.860,0,-4.420566558837891,5.865268707275391,79.07693481445312,-75.32286071777344,-88.91846466064453,34.27922058105469,-4.420566558837891,5.865268707275391,79.07693481445312,-75.32286071777344,-88.91846466064453,34.27922058105469,34.24657534246575
13.893,0,-4.4561662673950195,6.371604919433594,78.88772583007812,-75.71123504638672,-88.93815612792969,34.28489685058594,-4.4561662673950195,6.371604919433594,78.88772583007812,-75.71123504638672,-88.93815612792969,34.28489685058594,34.24657534246575
13.928,0,-4.643376350402832,6.869922637939453,78.71292114257812,-76.09735870361328,-88.99578094482422,34.30372619628906,-4.643376350402832,6.869922637939453,78.71292114257812,-76.09735870361328,-88.99578094482422,34.30372619628906,34.24657534246575
13.960,0,-4.636072158813477,7.003936767578125,78.63485717773438,-76.1727294921875,-89.01702880859375,34.33147048950195,-4.636072158813477,7.003936767578125,78.63485717773438,-76.1727294921875,-89.01702880859375,34.33147048950195,34.24657534246575
13.992,0,-4.723336219787598,7.055341720581055,78.69450378417969,-76.26873779296875,-89.00634765625,34.33916473388672,-4.723336219787598,7.055341720581055,78.69450378417969,-76.26873779296875,-89.00634765625,34.33916473388672,34.24657534246575
14.030,0,-4.778682708740234,7.638027191162109,78.47542572021484,-76.71403503417969,-89.03182220458984,34.34428405761719,-4.778682708740234,7.638027191162109,78.47542572021484,-76.71403503417969,-89.03182220458984,34.34428405761719,34.24657534246575
14.062,0,-4.94307804107666,7.947971343994141,78.29004669189453,-76.93174743652344,-89.07914733886719,34.28817367553711,-4.94307804107666,7.947971343994141,78.29004669189453,-76.93174743652344,-89.07914733886719,34.28817367553711,34.24657534246575
14.093,0,-4.923336982727051,8.105329513549805,78.18810272216797,-77.02821350097656,-89.10679626464844,34.31641387939453,-4.923336982727051,8.105329513549805,78.18810272216797,-77.02821350097656,-89.10679626464844,34.31641387939453,34.24657534246575
14.127,0,-5.006866455078125,8.112686157226562,78.3078384399414,-77.14530944824219,-89.09166717529297,34.309104919433594,-5.006866455078125,8.112686157226562,78.3078384399414,-77.14530944824219,-89.09166717529297,34.309104919433594,34.24657534246575
14.160,0,-5.075189590454102,8.684663772583008,78.11058807373047,-77.60122680664062,-89.12645721435547,34.32072448730469,-5.075189590454102,8.684663772583008,78.11058807373047,-77.60122680664062,-89.12645721435547,34.32072448730469,34.24657534246575
14.193,0,-5.264645576477051,9.108959197998047,77.93668365478516,-77.96800231933594,-89.17374420166016,34.25200653076172,-5.264645576477051,9.108959197998047,77.93668365478516,-77.96800231933594,-89.17374420166016,34.25200653076172,34.24657534246575
14.228,0,-5.274570465087891,9.398731231689453,77.79679107666016,-78.14788055419922,-89.2139663696289,34.288124084472656,-5.274570465087891,9.398731231689453,77.79679107666016,-78.14788055419922,-89.2139663696289,34.288124084472656,34.24657534246575
14.261,0,-5.389699935913086,9.464614868164062,77.92085266113281,-78.31251525878906,-89.19495391845703,34.23464584350586,-5.389699935913086,9.464614868164062,77.92085266113281,-78.31251525878906,-89.19495391845703,34.23464584350586,34.24657534246575
14.295,0,-5.556088447570801,9.732852935791016,77.83133697509766,-78.55603790283203,-89.23538970947266,34.27412414550781,-5.556088447570801,9.732852935791016,77.83133697509766,-78.55603790283203,-89.23538970947266,34.27412414550781,34.24657534246575
14.328,0,-5.511404037475586,9.495145797729492,77.92151641845703,-78.35560607910156,-89.226318359375,34.31903839111328,-5.511404037475586,9.495145797729492,77.92151641845703,-78.35560607910156,-89.226318359375,34.31903839111328,34.24657534246575
14.361,0,-5.595005035400391,10.039960861206055,77.7723159790039,-78.85057067871094,-89.24735260009766,34.433143615722656,-5.595005035400391,10.039960861206055,77.7723159790039,-78.85057067871094,-89.24735260009766,34.433143615722656,34.24657534246575
14.394,0,-5.545907974243164,10.010457992553711,77.77357482910156,-78.80830383300781,-89.26058197021484,34.44300079345703,-5.545907974243164,10.010457992553711,77.77357482910156,-78.80830383300781,-89.26058197021484,34.44300079345703,34.24657534246575
14.430,0,-5.700268745422363,10.338775634765625,77.62709045410156,-79.0377197265625,-89.3052978515625,34.44022750854492,-5.700268745422363,10.338775634765625,77.62709045410156,-79.0377197265625,-89.3052978515625,34.44022750854492,34.24657534246575
14.463,0,-5.63487434387207,10.295307159423828,77.62407684326172,-78.98991394042969,-89.3043441772461,34.457862854003906,-5.63487434387207,10.295307159423828,77.62407684326172,-78.98991394042969,-89.3043441772461,34.457862854003906,34.18134377038486
14.495,0,-5.692563056945801,10.779170989990234,77.46574401855469,-79.38873291015625,-89.32588195800781,34.51251983642578,-5.692563056945801,10.779170989990234,77.46574401855469,-79.38873291015625,-89.32588195800781,34.51251983642578,34.18134377038486
14.529,0,-5.657327651977539,10.57084846496582,77.54683685302734,-79.2520523071289,-89.33158111572266,34.50897216796875,-5.657327651977539,10.57084846496582,77.54683685302734,-79.2520523071289,-89.33158111572266,34.50897216796875,34.18134377038486
14.565,0,-5.797542572021484,10.802644729614258,77.44793701171875,-79.43055725097656,-89.37574768066406,34.51395797729492,-5.797542572021484,10.802644729614258,77.44793701171875,-79.43055725097656,-89.37574768066406,34.51395797729492,34.18134377038486
14.616,0,-5.761486053466797,10.452581405639648,77.57748413085938,-79.12640380859375,-89.35901641845703,34.55814743041992,-5.761486053466797,10.452581405639648,77.57748413085938,-79.12640380859375,-89.35901641845703,34.55814743041992,34.18134377038486
14.642,0,-5.818198204040527,10.892679214477539,77.45286560058594,-79.54893493652344,-89.39305114746094,34.659542083740234,-5.818198204040527,10.892679214477539,77.45286560058594,-79.54893493652344,-89.39305114746094,34.659542083740234,34.18134377038486
14.676,0,-5.780585289001465,10.698711395263672,77.52275085449219,-79.37857055664062,-89.37931060791016,34.62908935546875,-5.780585289001465,10.698711395263672,77.52275085449219,-79.37857055664062,-89.37931060791016,34.62908935546875,34.18134377038486
14.708,0,-5.90507698059082,10.839832305908203,77.44459533691406,-79.47599792480469,-89.42837524414062,34.61956024169922,-5.90507698059082,10.839832305908203,77.44459533691406,-79.47599792480469,-89.42837524414062,34.61956024169922,34.18134377038486
14.742,0,-5.8809003829956055,10.52912712097168,77.52267456054688,-79.19198608398438,-89.42626953125,34.707279205322266,-5.8809003829956055,10.52912712097168,77.52267456054688,-79.19198608398438,-89.42626953125,34.707279205322266,34.18134377038486
14.775,0,-5.92661190032959,10.869195938110352,77.41292572021484,-79.45884704589844,-89.45201110839844,34.78582763671875,-5.92661190032959,10.869195938110352,77.41292572021484,-79.45884704589844,-89.45201110839844,34.78582763671875,34.18134377038486
14.812,0,-5.831160545349121,10.968158721923828,77.29342651367188,-79.45409393310547,-89.4615478515625,34.905818939208984,-5.831160545349121,10.968158721923828,77.29342651367188,-79.45409393310547,-89.4615478515625,34.905818939208984,34.18134377038486
14.842,0,-5.954855918884277,11.004150390625,77.2586669921875,-79.46432495117188,-89.49360656738281,34.89950180053711,-5.954855918884277,11.004150390625,77.2586669921875,-79.46432495117188,-89.49360656738281,34.89950180053711,34.24657534246575
14.877,0,-5.90425968170166,10.717411041259766,77.30634307861328,-79.16160583496094,-89.47996520996094,35.02107238769531,-5.90425968170166,10.717411041259766,77.30634307861328,-79.16160583496094,-89.47996520996094,35.02107238769531,34.44227005870842
14.909,0,-5.966549873352051,10.971208572387695,77.25028991699219,-79.41392517089844,-89.49739074707031,35.08549118041992,-5.966549873352051,10.971208572387695,77.25028991699219,-79.41392517089844,-89.49739074707031,35.08549118041992,34.57273320287019
14.949,0,-5.868602752685547,11.058637619018555,77.09065246582031,-79.3276596069336,-89.50962829589844,35.215423583984375,-5.868602752685547,11.058637619018555,77.09065246582031,-79.3276596069336,-89.50962829589844,35.215423583984375,34.57273320287019
14.975,0,-6.007268905639648,10.877182006835938,77.11259460449219,-79.16993713378906,-89.54715728759766,35.188331604003906,-6.007268905639648,10.877182006835938,77.11259460449219,-79.16993713378906,-89.54715728759766,35.188331604003906,34.57273320287019
15.011,0,-5.933474540710449,10.541059494018555,77.18888854980469,-78.91041564941406,-89.5373306274414,35.29890441894531,-5.933474540710449,10.541059494018555,77.18888854980469,-78.91041564941406,-89.5373306274414,35.29890441894531,34.57273320287019
15.044,0,-6.009668350219727,10.641477584838867,77.25614166259766,-79.10363006591797,-89.4997787475586,35.27904510498047,-6.009668350219727,10.641477584838867,77.25614166259766,-79.10363006591797,-89.4997787475586,35.27904510498047,34.70319634703196
15.079,0,-5.896662712097168,10.313955307006836,77.22557830810547,-78.69418334960938,-89.50421142578125,35.40068054199219,-5.896662712097168,10.313955307006836,77.22557830810547,-78.69418334960938,-89.50421142578125,35.40068054199219,34.898891063274625
15.110,0,-5.8188276290893555,9.886632919311523,77.2770767211914,-78.2909164428711,-89.51034545898438,35.54957580566406,-5.8188276290893555,9.886632919311523,77.2770767211914,-78.2909164428711,-89.51034545898438,35.54957580566406,34.898891063274625
15.144,0,-5.916036605834961,10.151025772094727,77.2751235961914,-78.57630157470703,-89.46446990966797,35.58234405517578,-5.916036605834961,10.151025772094727,77.2751235961914,-78.57630157470703,-89.46446990966797,35.58234405517578,34.898891063274625
15.179,0,-5.786903381347656,9.908893585205078,77.21321105957031,-78.22190856933594,-89.46121978759766,35.6422233581543,-5.786903381347656,9.908893585205078,77.21321105957031,-78.22190856933594,-89.46121978759766,35.6422233581543,34.898891063274625
15.211,0,-5.9194841384887695,10.004476547241211,77.1284408569336,-78.23440551757812,-89.49287414550781,35.652442932128906,-5.9194841384887695,10.004476547241211,77.1284408569336,-78.23440551757812,-89.49287414550781,35.652442932128906,35.0293542074364
15.246,0,-6.042117118835449,10.143070220947266,77.12025451660156,-78.33389282226562,-89.47669219970703,35.64979553222656,-6.042117118835449,10.143070220947266,77.12025451660156,-78.33389282226562,-89.47669219970703,35.64979553222656,35.15981735159817
15.278,0,-6.142378807067871,10.264791488647461,77.19068908691406,-78.53361511230469,-89.42180633544922,35.65523910522461,-6.142378807067871,10.264791488647461,77.19068908691406,-78.53361511230469,-89.42180633544922,35.65523910522461,35.290280495759944
15.312,0,-6.006004333496094,10.174863815307617,77.03067779541016,-78.293212890625,-89.43175506591797,35.759742736816406,-6.006004333496094,10.174863815307617,77.03067779541016,-78.293212890625,-89.43175506591797,35.759742736816406,35.290280495759944
15.346,0,-6.152229309082031,10.355831146240234,76.93753814697266,-78.40852355957031,-89.4560775756836,35.783504486083984,-6.152229309082031,10.355831146240234,76.93753814697266,-78.40852355957031,-89.4560775756836,35.783504486083984,35.290280495759944
15.378,0,-6.2564849853515625,10.583017349243164,76.90787506103516,-78.60517120361328,-89.44550323486328,35.79752731323242,-6.2564849853515625,10.583017349243164,76.90787506103516,-78.60517120361328,-89.44550323486328,35.79752731323242,35.290280495759944
15.413,0,-6.360505104064941,10.886434555053711,76.92643737792969,-78.95946502685547,-89.38603210449219,35.84679412841797,-6.360505104064941,10.886434555053711,76.92643737792969,-78.95946502685547,-89.38603210449219,35.84679412841797,35.290280495759944
15.446,0,-6.272446632385254,10.727264404296875,76.87026977539062,-78.73220825195312,-89.36338806152344,35.85336685180664,-6.272446632385254,10.727264404296875,76.87026977539062,-78.73220825195312,-89.36338806152344,35.85336685180664,35.290280495759944
15.489,0,-6.425564765930176,10.967674255371094,76.78630065917969,-78.90457153320312,-89.36663818359375,35.86699676513672,-6.425564765930176,10.967674255371094,76.78630065917969,-78.90457153320312,-89.36663818359375,35.86699676513672,35.290280495759944
15.517,0,-6.412289619445801,11.199115753173828,76.69319152832031,-79.09553527832031,-89.36166381835938,35.93076705932617,-6.412289619445801,11.199115753173828,76.69319152832031,-79.09553527832031,-89.36166381835938,35.93076705932617,35.42074363992172
15.549,0,-6.50843620300293,11.151676177978516,76.80210876464844,-79.09933471679688,-89.30653381347656,35.960662841796875,-6.50843620300293,11.151676177978516,76.80210876464844,-79.09933471679688,-89.30653381347656,35.960662841796875,35.42074363992172
15.585,0,-6.39860725402832,10.968740463256836,76.73997497558594,-78.83229064941406,-89.2795181274414,35.94658660888672,-6.39860725402832,10.968740463256836,76.73997497558594,-78.83229064941406,-89.2795181274414,35.94658660888672,35.48597521200261
15.618,0,-6.518204689025879,11.156967163085938,76.67530059814453,-78.95904541015625,-89.2845458984375,35.944942474365234,-6.518204689025879,11.156967163085938,76.67530059814453,-78.95904541015625,-89.2845458984375,35.944942474365234,35.61643835616438
15.650,0,-6.509611129760742,11.331443786621094,76.60822296142578,-79.06272888183594,-89.26834869384766,35.98591995239258,-6.509611129760742,11.331443786621094,76.60822296142578,-79.06272888183594,-89.26834869384766,35.98591995239258,35.68166992824527
15.683,0,-6.5918378829956055,11.229818344116211,76.7228012084961,-79.02489471435547,-89.21804809570312,36.00554656982422,-6.5918378829956055,11.229818344116211,76.7228012084961,-79.02489471435547,-89.21804809570312,36.00554656982422,35.68166992824527
15.716,0,-6.55836296081543,11.227054595947266,76.57948303222656,-78.90676879882812,-89.21087646484375,36.023780822753906,-6.55836296081543,11.227054595947266,76.57948303222656,-78.90676879882812,-89.21087646484375,36.023780822753906,35.68166992824527
15.749,0,-6.70036506652832,11.373741149902344,76.51630401611328,-78.99018859863281,-89.2254409790039,36.002437591552734,-6.70036506652832,11.373741149902344,76.51630401611328,-78.99018859863281,-89.2254409790039,36.002437591552734,35.68166992824527
15.783,0,-6.683088302612305,11.52878189086914,76.43316650390625,-79.07026672363281,-89.2147445678711,36.04001235961914,-6.683088302612305,11.52878189086914,76.43316650390625,-79.07026672363281,-89.2147445678711,36.04001235961914,35.68166992824527
15.816,0,-6.728598594665527,11.377506256103516,76.55714416503906,-78.93704223632812,-89.15591430664062,36.01850509643555,-6.728598594665527,11.377506256103516,76.55714416503906,-78.93704223632812,-89.15591430664062,36.01850509643555,35.68166992824527
15.849,0,-6.699441909790039,11.320585250854492,76.43062591552734,-78.76144409179688,-89.13448333740234,36.02486801147461,-6.699441909790039,11.320585250854492,76.43062591552734,-78.76144409179688,-89.13448333740234,36.02486801147461,35.68166992824527
15.883,0,-6.824301719665527,11.547477722167969,76.31596374511719,-78.89146423339844,-89.14232635498047,35.997188568115234,-6.824301719665527,11.547477722167969,76.31596374511719,-78.89146423339844,-89.14232635498047,35.997188568115234,35.68166992824527
15.916,0,-6.790727615356445,11.677778244018555,76.24118041992188,-78.94625854492188,-89.12328338623047,36.028045654296875,-6.790727615356445,11.677778244018555,76.24118041992188,-78.94625854492188,-89.12328338623047,36.028045654296875,35.68166992824527
15.950,0,-6.848265647888184,11.529451370239258,76.39955139160156,-78.85810852050781,-89.07131958007812,35.993507385253906,-6.848265647888184,11.529451370239258,76.39955139160156,-78.85810852050781,-89.07131958007812,35.993507385253906,35.68166992824527
15.983,0,-6.819559097290039,11.631988525390625,76.2532730102539,-78.82918548583984,-89.04370880126953,35.978824615478516,-6.819559097290039,11.631988525390625,76.2532730102539,-78.82918548583984,-89.04370880126953,35.978824615478516,35.68166992824527
16.019,0,-6.897278785705566,12.011922836303711,76.03669738769531,-79.0262451171875,-89.04287719726562,35.944820404052734,-6.897278785705566,12.011922836303711,76.03669738769531,-79.0262451171875,-89.04287719726562,35.944820404052734,35.68166992824527
16.051,0,-6.860379219055176,12.389053344726562,75.83824157714844,-79.26583862304688,-89.04161834716797,35.99323272705078,-6.860379219055176,12.389053344726562,75.83824157714844,-79.26583862304688,-89.04161834716797,35.99323272705078,35.68166992824527
16.085,0,-6.917183876037598,12.249177932739258,75.98278045654297,-79.17304992675781,-88.98343658447266,35.991485595703125,-6.917183876037598,12.249177932739258,75.98278045654297,-79.17304992675781,-88.98343658447266,35.991485595703125,35.68166992824527
16.116,0,-6.868106842041016,12.413536071777344,75.8085708618164,-79.21151733398438,-88.96159362792969,36.008975982666016,-6.868106842041016,12.413536071777344,75.8085708618164,-79.21151733398438,-88.96159362792969,36.008975982666016,35.68166992824527
16.151,0,-6.890627861022949,12.07015609741211,75.8816146850586,-78.85856628417969,-89.00106811523438,35.9359130859375,-6.890627861022949,12.07015609741211,75.8816146850586,-78.85856628417969,-89.00106811523438,35.9359130859375,35.68166992824527
16.183,0,-6.829141616821289,12.674711227416992,75.63848114013672,-79.36573028564453,-89.00105285644531,36.03902816772461,-6.829141616821289,12.674711227416992,75.63848114013672,-79.36573028564453,-89.00105285644531,36.03902816772461,35.68166992824527
16.217,0,-6.892090797424316,12.63168716430664,75.74635314941406,-79.34282684326172,-88.95146942138672,36.043067932128906,-6.892090797424316,12.63168716430664,75.74635314941406,-79.34282684326172,-88.95146942138672,36.043067932128906,35.68166992824527
16.253,0,-6.791542053222656,12.618240356445312,75.54264831542969,-79.15692138671875,-88.92938232421875,36.06774139404297,-6.791542053222656,12.618240356445312,75.54264831542969,-79.15692138671875,-88.92938232421875,36.06774139404297,35.68166992824527
16.284,0,-6.810375213623047,12.369977951049805,75.61088562011719,-78.90751647949219,-88.96994018554688,35.976234436035156,-6.810375213623047,12.369977951049805,75.61088562011719,-78.90751647949219,-88.96994018554688,35.976234436035156,35.68166992824527
16.318,0,-6.727943420410156,12.772815704345703,75.42813873291016,-79.18278503417969,-88.94705200195312,35.950836181640625,-6.727943420410156,12.772815704345703,75.42813873291016,-79.18278503417969,-88.94705200195312,35.950836181640625,35.68166992824527
16.354,0,-6.789090156555176,12.78675651550293,75.54210662841797,-79.22067260742188,-88.89359283447266,35.90761184692383,-6.789090156555176,12.78675651550293,75.54210662841797,-79.22067260742188,-88.89359283447266,35.90761184692383,35.68166992824527
16.385,0,-6.893244743347168,13.390541076660156,75.17472076416016,-79.55593872070312,-88.94335174560547,36.05393981933594,-6.893244743347168,13.390541076660156,75.17472076416016,-79.55593872070312,-88.94335174560547,36.05393981933594,35.68166992824527
16.417,0,-6.898455619812012,13.13145637512207,75.2578125,-79.33935546875,-88.98580932617188,36.00547790527344,-6.898455619812012,13.13145637512207,75.2578125,-79.33935546875,-88.98580932617188,36.00547790527344,35.68166992824527
16.453,0,-6.805070877075195,13.453451156616211,75.0517807006836,-79.53226470947266,-88.97636413574219,36.035247802734375,-6.805070877075195,13.453451156616211,75.0517807006836,-79.53226470947266,-88.97636413574219,36.035247802734375,35.68166992824527
16.487,0,-6.877063751220703,13.342231750488281,75.07093811035156,-79.36573791503906,-88.95912170410156,36.161476135253906,-6.877063751220703,13.342231750488281,75.07093811035156,-79.36573791503906,-88.95912170410156,36.161476135253906,35.68166992824527
16.519,0,-6.9763383865356445,14.131734848022461,74.71988677978516,-79.89862060546875,-89.00727844238281,36.2822265625,-6.9763383865356445,14.131734848022461,74.71988677978516,-79.89862060546875,-89.00727844238281,36.2822265625,35.68166992824527
16.553,0,-6.983290672302246,13.87225341796875,74.7799072265625,-79.63899993896484,-89.04226684570312,36.170928955078125,-6.983290672302246,13.87225341796875,74.7799072265625,-79.63899993896484,-89.04226684570312,36.170928955078125,35.68166992824527
16.591,0,-7.002494812011719,14.217538833618164,74.6588134765625,-79.89590454101562,-89.00724029541016,36.1458740234375,-7.002494812011719,14.217538833618164,74.6588134765625,-79.89590454101562,-89.00724029541016,36.1458740234375,35.68166992824527
16.620,0,-7.02708625793457,14.131525039672852,74.62806701660156,-79.72174072265625,-88.99099731445312,36.241310119628906,-7.02708625793457,14.131525039672852,74.62806701660156,-79.72174072265625,-88.99099731445312,36.241310119628906,35.68166992824527
16.659,0,-7.098393440246582,14.833528518676758,74.28598022460938,-80.17431640625,-89.03074645996094,36.3437385559082,-7.098393440246582,14.833528518676758,74.28598022460938,-80.17431640625,-89.03074645996094,36.3437385559082,35.68166992824527
16.686,0,-7.119998931884766,14.571554183959961,74.3798599243164,-79.9544906616211,-89.0755386352539,36.25196075439453,-7.119998931884766,14.571554183959961,74.3798599243164,-79.9544906616211,-89.0755386352539,36.25196075439453,35.68166992824527
16.720,0,-7.183884620666504,14.850912094116211,74.36058044433594,-80.21322631835938,-89.04725646972656,36.202880859375,-7.183884620666504,14.850912094116211,74.36058044433594,-80.21322631835938,-89.04725646972656,36.202880859375,35.68166992824527
16.754,0,-7.19813346862793,14.84229850769043,74.31159210205078,-80.15182495117188,-89.02603149414062,36.2535285949707,-7.19813346862793,14.84229850769043,74.31159210205078,-80.15182495117188,-89.02603149414062,36.2535285949707,35.81213307240704
16.790,0,-7.295188903808594,14.92340087890625,74.25891876220703,-80.14176177978516,-89.02703094482422,36.163795471191406,-7.295188903808594,14.92340087890625,74.25891876220703,-80.14176177978516,-89.02703094482422,36.163795471191406,35.81213307240704
16.820,0,-7.22332763671875,14.549079895019531,74.31541442871094,-79.78258514404297,-89.04137420654297,36.14020538330078,-7.22332763671875,14.549079895019531,74.31541442871094,-79.78258514404297,-89.04137420654297,36.14020538330078,35.81213307240704
16.854,0,-7.230127334594727,14.841197967529297,74.28140258789062,-80.05491638183594,-89.00560760498047,36.04277038574219,-7.230127334594727,14.841197967529297,74.28140258789062,-80.05491638183594,-89.00560760498047,36.04277038574219,35.81213307240704
16.887,0,-7.255536079406738,14.657772064208984,74.3779525756836,-79.902099609375,-88.94625091552734,36.05943298339844,-7.255536079406738,14.657772064208984,74.3779525756836,-79.902099609375,-88.94625091552734,36.05943298339844,35.81213307240704
16.920,0,-7.360685348510742,14.66799545288086,74.35592651367188,-79.82797241210938,-88.95220947265625,36.00370407104492,-7.360685348510742,14.66799545288086,74.35592651367188,-79.82797241210938,-88.95220947265625,36.00370407104492,35.81213307240704
16.954,0,-7.449528694152832,14.190385818481445,74.53766632080078,-79.44730377197266,-89.0125503540039,36.053855895996094,-7.449528694152832,14.190385818481445,74.53766632080078,-79.44730377197266,-89.0125503540039,36.053855895996094,35.81213307240704
16.987,0,-7.483875274658203,14.385822296142578,74.53953552246094,-79.63941955566406,-88.9773941040039,35.96563720703125,-7.483875274658203,14.385822296142578,74.53953552246094,-79.63941955566406,-88.9773941040039,35.96563720703125,35.81213307240704
17.020,0,-7.515636444091797,14.162115097045898,74.67339324951172,-79.47634887695312,-88.92454528808594,35.98086166381836,-7.515636444091797,14.162115097045898,74.67339324951172,-79.47634887695312,-88.92454528808594,35.98086166381836,35.81213307240704
17.054,0,-7.63149356842041,14.311895370483398,74.60807800292969,-79.52363586425781,-88.92960357666016,35.93711471557617,-7.63149356842041,14.311895370483398,74.60807800292969,-79.52363586425781,-88.92960357666016,35.93711471557617,35.81213307240704
17.087,0,-7.716236114501953,13.820098876953125,74.8015365600586,-79.13336181640625,-88.98759460449219,35.989540100097656,-7.716236114501953,13.820098876953125,74.8015365600586,-79.13336181640625,-88.98759460449219,35.989540100097656,35.81213307240704
17.127,0,-7.717410087585449,14.124534606933594,74.77091979980469,-79.3929672241211,-88.94437408447266,35.91688537597656,-7.717410087585449,14.124534606933594,74.77091979980469,-79.3929672241211,-88.94437408447266,35.91688537597656,35.81213307240704
17.154,0,-7.7501935958862305,13.876585006713867,74.92366790771484,-79.17408752441406,-88.89466857910156,35.92438888549805,-7.7501935958862305,13.876585006713867,74.92366790771484,-79.17408752441406,-88.89466857910156,35.92438888549805,35.81213307240704
17.186,0,-7.874167442321777,13.868522644042969,74.93846130371094,-79.12200164794922,-88.88755798339844,35.908470153808594,-7.874167442321777,13.868522644042969,74.93846130371094,-79.12200164794922,-88.88755798339844,35.908470153808594,35.81213307240704
17.220,0,-7.933873176574707,14.02592658996582,74.91536712646484,-79.24127197265625,-88.85987854003906,35.888771057128906,-7.933873176574707,14.02592658996582,74.91536712646484,-79.24127197265625,-88.85987854003906,35.888771057128906,35.81213307240704
17.253,0,-7.941450119018555,13.728897094726562,75.1277084350586,-79.04818725585938,-88.78270721435547,35.87346267700195,-7.941450119018555,13.728897094726562,75.1277084350586,-79.04818725585938,-88.78270721435547,35.87346267700195,35.81213307240704
17.288,0,-8.071105003356934,13.695211410522461,75.11612701416016,-78.96165466308594,-88.78717803955078,35.813026428222656,-8.071105003356934,13.695211410522461,75.11612701416016,-78.96165466308594,-88.78717803955078,35.813026428222656,35.81213307240704
17.321,0,-8.122806549072266,13.426971435546875,75.16515350341797,-78.67832946777344,-88.8447494506836,35.89717483520508,-8.122806549072266,13.426971435546875,75.16515350341797,-78.67832946777344,-88.8447494506836,35.89717483520508,35.81213307240704
17.353,0,-8.182861328125,13.608724594116211,75.18234252929688,-78.8558349609375,-88.8100814819336,35.841033935546875,-8.182861328125,13.608724594116211,75.18234252929688,-78.8558349609375,-88.8100814819336,35.841033935546875,35.81213307240704
17.387,0,-8.18419361114502,13.379863739013672,75.4075698852539,-78.7601547241211,-88.75431823730469,35.817771911621094,-8.18419361114502,13.379863739013672,75.4075698852539,-78.7601547241211,-88.75431823730469,35.817771911621094,35.81213307240704
17.421,0,-8.33799934387207,13.280509948730469,75.47136688232422,-78.69038391113281,-88.75164031982422,35.755313873291016,-8.33799934387207,13.280509948730469,75.47136688232422,-78.69038391113281,-88.75164031982422,35.755313873291016,35.81213307240704
17.455,0,-8.379403114318848,12.757986068725586,75.66566467285156,-78.29331970214844,-88.79521942138672,35.7513542175293,-8.379403114318848,12.757986068725586,75.66566467285156,-78.29331970214844,-88.79521942138672,35.7513542175293,35.81213307240704
17.488,0,-8.42972183227539,12.901477813720703,75.68197631835938,-78.46685791015625,-88.76696014404297,35.73624038696289,-8.42972183227539,12.901477813720703,75.68197631835938,-78.46685791015625,-88.76696014404297,35.73624038696289,35.81213307240704
17.521,0,-8.440902709960938,12.722429275512695,75.90374755859375,-78.48457336425781,-88.71035766601562,35.71904754638672,-8.440902709960938,12.722429275512695,75.90374755859375,-78.48457336425781,-88.71035766601562,35.71904754638672,35.81213307240704
17.554,0,-8.595401763916016,12.695596694946289,75.93128204345703,-78.48344421386719,-88.70794677734375,35.65876770019531,-8.595401763916016,12.695596694946289,75.93128204345703,-78.48344421386719,-88.70794677734375,35.65876770019531,35.81213307240704
17.589,0,-8.646140098571777,12.304155349731445,76.06009674072266,-78.17446899414062,-88.75328826904297,35.662353515625,-8.646140098571777,12.304155349731445,76.06009674072266,-78.17446899414062,-88.75328826904297,35.662353515625,35.81213307240704
17.622,0,-8.601168632507324,12.315723419189453,76.04940032958984,-78.19481658935547,-88.74378967285156,35.674072265625,-8.601168632507324,12.315723419189453,76.04940032958984,-78.19481658935547,-88.74378967285156,35.674072265625,35.81213307240704
17.657,0,-8.60782527923584,12.171485900878906,76.22415161132812,-78.14842224121094,-88.68144226074219,35.614341735839844,-8.60782527923584,12.171485900878906,76.22415161132812,-78.14842224121094,-88.68144226074219,35.614341735839844,35.81213307240704
17.690,0,-8.741954803466797,12.33509635925293,76.20529174804688,-78.3619384765625,-88.70771789550781,35.552391052246094,-8.741954803466797,12.33509635925293,76.20529174804688,-78.3619384765625,-88.70771789550781,35.552391052246094,35.81213307240704
17.727,0,-8.803556442260742,11.870460510253906,76.36068725585938,-78.04749298095703,-88.76722717285156,35.541378021240234,-8.803556442260742,11.870460510253906,76.36068725585938,-78.04749298095703,-88.76722717285156,35.541378021240234,35.81213307240704
17.757,0,-8.744746208190918,11.926332473754883,76.33418273925781,-78.12101745605469,-88.75526428222656,35.5025634765625,-8.744746208190918,11.926332473754883,76.33418273925781,-78.12101745605469,-88.75526428222656,35.5025634765625,35.81213307240704
17.790,0,-8.786575317382812,11.719846725463867,76.44793701171875,-77.97900390625,-88.71775817871094,35.49431610107422,-8.786575317382812,11.719846725463867,76.44793701171875,-77.97900390625,-88.71775817871094,35.49431610107422,35.81213307240704
17.824,0,-8.911890983581543,11.79815673828125,76.46979522705078,-78.10233306884766,-88.73707580566406,35.372318267822266,-8.911890983581543,11.79815673828125,76.46979522705078,-78.10233306884766,-88.73707580566406,35.372318267822266,35.81213307240704
17.858,0,-8.962457656860352,11.380773544311523,76.61770629882812,-77.84717559814453,-88.8107681274414,35.3412971496582,-8.962457656860352,11.380773544311523,76.61770629882812,-77.84717559814453,-88.8107681274414,35.3412971496582,35.81213307240704
17.890,0,-8.903127670288086,11.52093505859375,76.56995391845703,-78.00436401367188,-88.79606628417969,35.284481048583984,-8.903127670288086,11.52093505859375,76.56995391845703,-78.00436401367188,-88.79606628417969,35.284481048583984,35.74690150032615
17.924,0,-8.911921501159668,11.335874557495117,76.78662109375,-78.01371765136719,-88.75199127197266,35.23910140991211,-8.911921501159668,11.335874557495117,76.78662109375,-78.01371765136719,-88.75199127197266,35.23910140991211,35.74690150032615
17.958,0,-9.050846099853516,11.544742584228516,76.70056915283203,-78.22381591796875,-88.78882598876953,35.2082633972168,-9.050846099853516,11.544742584228516,76.70056915283203,-78.22381591796875,-88.78882598876953,35.2082633972168,35.61643835616438
17.991,0,-9.119454383850098,10.978328704833984,76.88697052001953,-77.82020568847656,-88.84444427490234,35.12770080566406,-9.119454383850098,10.978328704833984,76.88697052001953,-77.82020568847656,-88.84444427490234,35.12770080566406,35.5512067840835
18.024,0,-9.049599647521973,11.1490478515625,76.85774230957031,-78.02871704101562,-88.8257827758789,35.092254638671875,-9.049599647521973,11.1490478515625,76.85774230957031,-78.02871704101562,-88.8257827758789,35.092254638671875,35.5512067840835
18.057,0,-9.058877944946289,11.031352996826172,77.05493927001953,-78.08842468261719,-88.7674331665039,35.00790023803711,-9.058877944946289,11.031352996826172,77.05493927001953,-78.08842468261719,-88.7674331665039,35.00790023803711,35.5512067840835
18.092,0,-9.078821182250977,10.792165756225586,77.20501708984375,-78.02583312988281,-88.76496887207031,34.885887145996094,-9.078821182250977,10.792165756225586,77.20501708984375,-78.02583312988281,-88.76496887207031,34.885887145996094,35.5512067840835
18.126,0,-9.14571762084961,10.261737823486328,77.39756774902344,-77.70590209960938,-88.83153533935547,34.83934020996094,-9.14571762084961,10.261737823486328,77.39756774902344,-77.70590209960938,-88.83153533935547,34.83934020996094,35.5512067840835
18.157,0,-9.102907180786133,10.379119873046875,77.40655517578125,-77.95069122314453,-88.8360595703125,34.86487579345703,-9.102907180786133,10.379119873046875,77.40655517578125,-77.95069122314453,-88.8360595703125,34.86487579345703,35.42074363992172
18.193,0,-9.135993003845215,10.232391357421875,77.59707641601562,-78.00028991699219,-88.77629089355469,34.786415100097656,-9.135993003845215,10.232391357421875,77.59707641601562,-78.00028991699219,-88.77629089355469,34.786415100097656,35.355512067840834
18.229,0,-9.194353103637695,9.870109558105469,77.80523681640625,-77.83367919921875,-88.80052185058594,34.67470932006836,-9.194353103637695,9.870109558105469,77.80523681640625,-77.83367919921875,-88.80052185058594,34.67470932006836,35.22504892367906
18.258,0,-9.160446166992188,9.246515274047852,78.10081481933594,-77.50897216796875,-88.84280395507812,34.58277893066406,-9.160446166992188,9.246515274047852,78.10081481933594,-77.50897216796875,-88.84280395507812,34.58277893066406,35.15981735159817
18.294,0,-9.10745906829834,9.327333450317383,78.09532928466797,-77.67434692382812,-88.81898498535156,34.541015625,-9.10745906829834,9.327333450317383,78.09532928466797,-77.67434692382812,-88.81898498535156,34.541015625,35.0293542074364
18.324,0,-9.081201553344727,9.027292251586914,78.29935455322266,-77.57350158691406,-88.75984954833984,34.513832092285156,-9.081201553344727,9.027292251586914,78.29935455322266,-77.57350158691406,-88.75984954833984,34.513832092285156,34.96412263535551
18.358,0,-9.1370267868042,8.661506652832031,78.48004150390625,-77.38075256347656,-88.79550170898438,34.46799087524414,-9.1370267868042,8.661506652832031,78.48004150390625,-77.38075256347656,-88.79550170898438,34.46799087524414,34.96412263535551
18.392,0,-9.101943016052246,8.201013565063477,78.6959457397461,-77.12916564941406,-88.82294464111328,34.385650634765625,-9.101943016052246,8.201013565063477,78.6959457397461,-77.12916564941406,-88.82294464111328,34.385650634765625,34.96412263535551
18.435,0,-9.058104515075684,8.231760025024414,78.6940689086914,-77.17698669433594,-88.80531311035156,34.33972930908203,-9.058104515075684,8.231760025024414,78.6940689086914,-77.17698669433594,-88.80531311035156,34.33972930908203,34.898891063274625
18.462,0,-9.023911476135254,7.80827522277832,78.96007537841797,-76.95978546142578,-88.73980712890625,34.29377746582031,-9.023911476135254,7.80827522277832,78.96007537841797,-76.95978546142578,-88.73980712890625,34.29377746582031,34.768427919112845
18.495,0,-9.054851531982422,7.651271820068359,79.04393005371094,-76.85716247558594,-88.77552032470703,34.23991012573242,-9.054851531982422,7.651271820068359,79.04393005371094,-76.85716247558594,-88.77552032470703,34.23991012573242,34.63796477495107
18.531,0,-8.9597749710083,7.650800704956055,79.1207504272461,-76.94155883789062,-88.80721282958984,34.217864990234375,-8.9597749710083,7.650800704956055,79.1207504272461,-76.94155883789062,-88.80721282958984,34.217864990234375,34.63796477495107
18.562,0,-8.930123329162598,8.008079528808594,79.00151824951172,-77.25,-88.83250427246094,34.29170608520508,-8.930123329162598,8.008079528808594,79.00151824951172,-77.25,-88.83250427246094,34.29170608520508,34.63796477495107
18.596,0,-8.904664993286133,7.541835784912109,79.29744720458984,-77.03872680664062,-88.77239990234375,34.23869705200195,-8.904664993286133,7.541835784912109,79.29744720458984,-77.03872680664062,-88.77239990234375,34.23869705200195,34.63796477495107
18.629,0,-8.925193786621094,7.520832061767578,79.29977416992188,-77.03559875488281,-88.81045532226562,34.22071838378906,-8.925193786621094,7.520832061767578,79.29977416992188,-77.03559875488281,-88.81045532226562,34.22071838378906,34.63796477495107
18.662,0,-8.807740211486816,7.492280960083008,79.35765838623047,-77.08979797363281,-88.8530502319336,34.195674896240234,-8.807740211486816,7.492280960083008,79.35765838623047,-77.08979797363281,-88.8530502319336,34.195674896240234,34.63796477495107
18.696,0,-8.729219436645508,7.484416961669922,79.35099792480469,-77.05799102783203,-88.8386001586914,34.20005798339844,-8.729219436645508,7.484416961669922,79.35099792480469,-77.05799102783203,-88.8386001586914,34.20005798339844,34.63796477495107
18.730,0,-8.73873519897461,7.062742233276367,79.62232971191406,-76.86199951171875,-88.79618072509766,34.15079116821289,-8.73873519897461,7.062742233276367,79.62232971191406,-76.86199951171875,-88.79618072509766,34.15079116821289,34.63796477495107
18.761,0,-8.85096263885498,7.352062225341797,79.41828155517578,-76.98628234863281,-88.86358642578125,34.190765380859375,-8.85096263885498,7.352062225341797,79.41828155517578,-76.98628234863281,-88.86358642578125,34.190765380859375,34.63796477495107
18.796,0,-8.731416702270508,6.917144775390625,79.593017578125,-76.73606872558594,-88.90007781982422,34.137451171875,-8.731416702270508,6.917144775390625,79.593017578125,-76.73606872558594,-88.90007781982422,34.137451171875,34.63796477495107
18.828,0,-8.640312194824219,6.682304382324219,79.61226654052734,-76.51074981689453,-88.90169525146484,34.18246078491211,-8.640312194824219,6.682304382324219,79.61226654052734,-76.51074981689453,-88.90169525146484,34.18246078491211,34.63796477495107
18.862,0,-8.729535102844238,6.8457489013671875,79.45306396484375,-76.62962341308594,-88.94232177734375,34.18527603149414,-8.729535102844238,6.8457489013671875,79.45306396484375,-76.62962341308594,-88.94232177734375,34.18527603149414,34.63796477495107
18.896,0,-8.82069206237793,6.907815933227539,79.3528060913086,-76.70028686523438,-88.97975158691406,34.2037353515625,-8.82069206237793,6.907815933227539,79.3528060913086,-76.70028686523438,-88.97975158691406,34.2037353515625,34.63796477495107
18.934,0,-8.698431015014648,6.518764495849609,79.51531982421875,-76.54328155517578,-88.99882507324219,34.14141845703125,-8.698431015014648,6.518764495849609,79.51531982421875,-76.54328155517578,-88.99882507324219,34.14141845703125,34.63796477495107
18.962,0,-8.688803672790527,6.363250732421875,79.5418701171875,-76.47378540039062,-88.96095275878906,34.12855529785156,-8.688803672790527,6.363250732421875,79.5418701171875,-76.47378540039062,-88.96095275878906,34.12855529785156,34.63796477495107
18.996,0,-8.67419147491455,6.06010627746582,79.536376953125,-76.18336486816406,-88.92403411865234,34.100181579589844,-8.67419147491455,6.06010627746582,79.536376953125,-76.18336486816406,-88.92403411865234,34.100181579589844,34.63796477495107
19.029,0,-8.802452087402344,6.184236526489258,79.44334411621094,-76.29244995117188,-88.94482421875,34.182228088378906,-8.802452087402344,6.184236526489258,79.44334411621094,-76.29244995117188,-88.94482421875,34.182228088378906,34.63796477495107
19.063,0,-8.734041213989258,6.197786331176758,79.45341491699219,-76.34778594970703,-88.91735076904297,34.18933868408203,-8.734041213989258,6.197786331176758,79.45341491699219,-76.34778594970703,-88.91735076904297,34.18933868408203,34.57273320287019
19.099,0,-8.67447566986084,6.251951217651367,79.45864868164062,-76.41755676269531,-88.89429473876953,34.19017028808594,-8.67447566986084,6.251951217651367,79.45864868164062,-76.41755676269531,-88.89429473876953,34.19017028808594,34.44227005870842
19.131,0,-8.689229965209961,6.311977386474609,79.40192413330078,-76.41523742675781,-88.85962677001953,34.1767578125,-8.689229965209961,6.311977386474609,79.40192413330078,-76.41523742675781,-88.85962677001953,34.1767578125,34.37703848662753
19.165,0,-8.649121284484863,5.875738143920898,79.59133911132812,-76.09715270996094,-88.88652801513672,34.15254211425781,-8.649121284484863,5.875738143920898,79.59133911132812,-76.09715270996094,-88.88652801513672,34.15254211425781,34.37703848662753
19.196,0,-8.632011413574219,5.475292205810547,79.8024673461914,-75.8402328491211,-88.9103012084961,34.126953125,-8.632011413574219,5.475292205810547,79.8024673461914,-75.8402328491211,-88.9103012084961,34.126953125,34.37703848662753
19.235,0,-8.560133934020996,5.127904891967773,80.03227233886719,-75.684326171875,-88.87384796142578,34.09961700439453,-8.560133934020996,5.127904891967773,80.03227233886719,-75.684326171875,-88.87384796142578,34.09961700439453,34.37703848662753
19.298,0,-8.788636207580566,5.034305572509766,80.07574462890625,-75.59075927734375,-88.93915557861328,34.18317413330078,-8.788636207580566,5.034305572509766,80.07574462890625,-75.59075927734375,-88.93915557861328,34.18317413330078,34.37703848662753
19.325,0,-9.001856803894043,5.082725524902344,80.05943298339844,-75.60692596435547,-89.01800537109375,34.29759216308594,-9.001856803894043,5.082725524902344,80.05943298339844,-75.60692596435547,-89.01800537109375,34.29759216308594,34.37703848662753
19.359,0,-8.921051979064941,4.884983062744141,80.18582916259766,-75.4962387084961,-88.9752426147461,34.28167724609375,-8.921051979064941,4.884983062744141,80.18582916259766,-75.4962387084961,-88.9752426147461,34.28167724609375,34.37703848662753
19.393,0,-9.059664726257324,5.014490127563477,80.2811279296875,-75.78292846679688,-88.95691680908203,34.15688705444336,-9.059664726257324,5.014490127563477,80.2811279296875,-75.78292846679688,-88.95691680908203,34.15688705444336,34.37703848662753
19.435,0,-9.228161811828613,5.256658554077148,80.30097198486328,-76.11416625976562,-88.9443130493164,34.032588958740234,-9.228161811828613,5.256658554077148,80.30097198486328,-76.11416625976562,-88.9443130493164,34.032588958740234,34.37703848662753
19.464,0,-9.174635887145996,5.288690567016602,80.28298950195312,-76.1534423828125,-88.9762954711914,34.00501251220703,-9.174635887145996,5.288690567016602,80.28298950195312,-76.1534423828125,-88.9762954711914,34.00501251220703,34.37703848662753
19.495,0,-9.260592460632324,5.394054412841797,80.37516021728516,-76.34492492675781,-88.96942138671875,33.99668884277344,-9.260592460632324,5.394054412841797,80.37516021728516,-76.34492492675781,-88.96942138671875,33.99668884277344,34.37703848662753
19.529,0,-9.334178924560547,5.602813720703125,80.40988159179688,-76.59242248535156,-88.95097351074219,33.993167877197266,-9.334178924560547,5.602813720703125,80.40988159179688,-76.59242248535156,-88.95097351074219,33.993167877197266,34.37703848662753
19.562,0,-9.524892807006836,5.833843231201172,80.27971649169922,-76.69686889648438,-89.01531982421875,34.086570739746094,-9.524892807006836,5.833843231201172,80.27971649169922,-76.69686889648438,-89.01531982421875,34.086570739746094,34.37703848662753
19.596,0,-9.4111967086792,5.829404830932617,80.2350845336914,-76.6864013671875,-89.0727310180664,34.041507720947266,-9.4111967086792,5.829404830932617,80.2350845336914,-76.6864013671875,-89.0727310180664,34.041507720947266,34.37703848662753
19.630,0,-9.303738594055176,5.773136138916016,80.23624420166016,-76.6539077758789,-89.13037109375,33.9856071472168,-9.303738594055176,5.773136138916016,80.23624420166016,-76.6539077758789,-89.13037109375,33.9856071472168,34.37703848662753
19.662,0,-9.278624534606934,6.118349075317383,80.12041473388672,-76.98486328125,-89.12336730957031,33.948692321777344,-9.278624534606934,6.118349075317383,80.12041473388672,-76.98486328125,-89.12336730957031,33.948692321777344,34.37703848662753
19.696,0,-9.273127555847168,6.46790885925293,79.99185943603516,-77.30744934082031,-89.12076568603516,33.86884307861328,-9.273127555847168,6.46790885925293,79.99185943603516,-77.30744934082031,-89.12076568603516,33.86884307861328,34.37703848662753
19.729,0,-9.145024299621582,6.333982467651367,79.9664306640625,-77.1746597290039,-89.17253112792969,33.78163528442383,-9.145024299621582,6.333982467651367,79.9664306640625,-77.1746597290039,-89.17253112792969,33.78163528442383,34.37703848662753
19.762,0,-9.196773529052734,6.376697540283203,80.0854263305664,-77.34397888183594,-89.15457153320312,33.753814697265625,-9.196773529052734,6.376697540283203,80.0854263305664,-77.34397888183594,-89.15457153320312,33.753814697265625,34.24657534246575
19.795,0,-9.2424898147583,6.4892425537109375,80.1319808959961,-77.50590515136719,-89.12445831298828,33.747135162353516,-9.2424898147583,6.4892425537109375,80.1319808959961,-77.50590515136719,-89.12445831298828,33.747135162353516,34.24657534246575
19.829,0,-9.384743690490723,6.659698486328125,79.98670959472656,-77.47993469238281,-89.18145751953125,33.78849792480469,-9.384743690490723,6.659698486328125,79.98670959472656,-77.47993469238281,-89.18145751953125,33.78849792480469,34.11611219830398
19.869,0,-9.319648742675781,6.22578239440918,80.14643859863281,-77.14169311523438,-89.19896697998047,33.752098083496094,-9.319648742675781,6.22578239440918,80.14643859863281,-77.14169311523438,-89.19896697998047,33.752098083496094,33.9856490541422
19.896,0,-9.251145362854004,5.693367004394531,80.36319732666016,-76.74229431152344,-89.21769714355469,33.694313049316406,-9.251145362854004,5.693367004394531,80.36319732666016,-76.74229431152344,-89.21769714355469,33.694313049316406,33.9856490541422
19.929,0,-9.251822471618652,5.954685211181641,80.20317077636719,-76.93060302734375,-89.20709228515625,33.663360595703125,-9.251822471618652,5.954685211181641,80.20317077636719,-76.93060302734375,-89.20709228515625,33.663360595703125,33.9856490541422
19.967,0,-9.401788711547852,6.154228210449219,80.0736312866211,-76.9804458618164,-89.2716293334961,33.70441436767578,-9.401788711547852,6.154228210449219,80.0736312866211,-76.9804458618164,-89.2716293334961,33.70441436767578,33.9856490541422
19.997,0,-9.525004386901855,6.239145278930664,79.95157623291016,-76.899169921875,-89.33724975585938,33.779239654541016,-9.525004386901855,6.239145278930664,79.95157623291016,-76.899169921875,-89.33724975585938,33.779239654541016,33.9856490541422
20.029,0,-9.574590682983398,6.2063140869140625,80.0608139038086,-76.94275665283203,-89.32413482666016,33.786231994628906,-9.574590682983398,6.2063140869140625,80.0608139038086,-76.94275665283203,-89.32413482666016,33.786231994628906,33.9856490541422
20.072,0,-9.545344352722168,6.812347412109375,79.79198455810547,-77.40544128417969,-89.32147979736328,33.79983139038086,-9.545344352722168,6.812347412109375,79.79198455810547,-77.40544128417969,-89.32147979736328,33.79983139038086,33.9856490541422
20.100,0,-9.554255485534668,7.521766662597656,79.49977111816406,-77.96009826660156,-89.3410873413086,33.775787353515625,-9.554255485534668,7.521766662597656,79.49977111816406,-77.96009826660156,-89.3410873413086,33.775787353515625,33.9856490541422
20.134,0,-9.441781997680664,7.488458633422852,79.47643280029297,-77.89252471923828,-89.3726806640625,33.69940948486328,-9.441781997680664,7.488458633422852,79.47643280029297,-77.89252471923828,-89.3726806640625,33.69940948486328,33.9856490541422
20.166,0,-9.477352142333984,7.470735549926758,79.62469482421875,-78.01934814453125,-89.3584213256836,33.691925048828125,-9.477352142333984,7.470735549926758,79.62469482421875,-78.01934814453125,-89.3584213256836,33.691925048828125,33.9856490541422
20.200,0,-9.456334114074707,7.986486434936523,79.4066162109375,-78.44235229492188,-89.35969543457031,33.64836883544922,-9.456334114074707,7.986486434936523,79.4066162109375,-78.44235229492188,-89.35969543457031,33.64836883544922,33.9856490541422
20.236,0,-9.572335243225098,8.248411178588867,79.19667053222656,-78.49398803710938,-89.4239730834961,33.73377227783203,-9.572335243225098,8.248411178588867,79.19667053222656,-78.49398803710938,-89.4239730834961,33.73377227783203,33.9856490541422
20.266,0,-9.457541465759277,8.250078201293945,79.1691665649414,-78.48490905761719,-89.4750747680664,33.677337646484375,-9.457541465759277,8.250078201293945,79.1691665649414,-78.48490905761719,-89.4750747680664,33.677337646484375,33.9856490541422
20.301,0,-9.385496139526367,8.278318405151367,79.2711410522461,-78.62159729003906,-89.44109344482422,33.6619873046875,-9.385496139526367,8.278318405151367,79.2711410522461,-78.62159729003906,-89.44109344482422,33.6619873046875,33.9856490541422
20.333,0,-9.357074737548828,8.686452865600586,79.06813049316406,-78.94983673095703,-89.4375991821289,33.60445022583008,-9.357074737548828,8.686452865600586,79.06813049316406,-78.94983673095703,-89.4375991821289,33.60445022583008,33.9856490541422
20.366,0,-9.5343656539917,8.966678619384766,78.8726806640625,-79.02630615234375,-89.45622253417969,33.67969512939453,-9.5343656539917,8.966678619384766,78.8726806640625,-79.02630615234375,-89.45622253417969,33.67969512939453,33.9856490541422
20.400,0,-9.401845932006836,9.078006744384766,78.79947662353516,-79.07659149169922,-89.50186157226562,33.62596130371094,-9.401845932006836,9.078006744384766,78.79947662353516,-79.07659149169922,-89.50186157226562,33.62596130371094,33.9856490541422
20.432,0,-9.416754722595215,9.22512435913086,78.83416748046875,-79.27261352539062,-89.49203491210938,33.6181755065918,-9.416754722595215,9.22512435913086,78.83416748046875,-79.27261352539062,-89.49203491210938,33.6181755065918,33.9856490541422
20.466,0,-9.391251564025879,9.741830825805664,78.59412384033203,-79.69319915771484,-89.49705505371094,33.574310302734375,-9.391251564025879,9.741830825805664,78.59412384033203,-79.69319915771484,-89.49705505371094,33.574310302734375,33.9856490541422
20.500,0,-9.573531150817871,10.000923156738281,78.41773986816406,-79.77326965332031,-89.51854705810547,33.644142150878906,-9.573531150817871,10.000923156738281,78.41773986816406,-79.77326965332031,-89.51854705810547,33.644142150878906,33.9856490541422
20.532,0,-9.427968978881836,10.009119033813477,78.3504409790039,-79.73220825195312,-89.56108093261719,33.56090545654297,-9.427968978881836,10.009119033813477,78.3504409790039,-79.73220825195312,-89.56108093261719,33.56090545654297,33.9856490541422
20.567,0,-9.51778793334961,9.942392349243164,78.46453857421875,-79.80404663085938,-89.53451538085938,33.500362396240234,-9.51778793334961,9.942392349243164,78.46453857421875,-79.80404663085938,-89.53451538085938,33.500362396240234,33.9856490541422
20.600,0,-9.477208137512207,10.427885055541992,78.25054168701172,-80.21240234375,-89.53419494628906,33.46512985229492,-9.477208137512207,10.427885055541992,78.25054168701172,-80.21240234375,-89.53419494628906,33.46512985229492,33.9856490541422
20.634,0,-9.64948558807373,10.648847579956055,78.06137084960938,-80.26422882080078,-89.55854797363281,33.51089096069336,-9.64948558807373,10.648847579956055,78.06137084960938,-80.26422882080078,-89.55854797363281,33.51089096069336,33.92041748206132
20.666,0,-9.51704216003418,10.791751861572266,77.94761657714844,-80.3304672241211,-89.60081481933594,33.455596923828125,-9.51704216003418,10.791751861572266,77.94761657714844,-80.3304672241211,-89.60081481933594,33.455596923828125,33.85518590998043
20.700,0,-9.603863716125488,10.799062728881836,78.0381088256836,-80.46566772460938,-89.58063507080078,33.396873474121094,-9.603863716125488,10.799062728881836,78.0381088256836,-80.46566772460938,-89.58063507080078,33.396873474121094,33.789954337899545
20.733,0,-9.551441192626953,11.260337829589844,77.8508529663086,-80.84898376464844,-89.54061126708984,33.36915588378906,-9.551441192626953,11.260337829589844,77.8508529663086,-80.84898376464844,-89.54061126708984,33.36915588378906,33.724722765818655
20.767,0,-9.693470001220703,11.528278350830078,77.63935089111328,-80.91304779052734,-89.57141876220703,33.46320724487305,-9.693470001220703,11.528278350830078,77.63935089111328,-80.91304779052734,-89.57141876220703,33.46320724487305,33.59425962165688
20.799,0,-9.55839729309082,11.71982192993164,77.51429748535156,-81.04171752929688,-89.61954498291016,33.416114807128906,-9.55839729309082,11.71982192993164,77.51429748535156,-81.04171752929688,-89.61954498291016,33.416114807128906,33.59425962165688
20.834,0,-9.649759292602539,11.818225860595703,77.56304931640625,-81.22825622558594,-89.60830688476562,33.4083251953125,-9.649759292602539,11.818225860595703,77.56304931640625,-81.22825622558594,-89.60830688476562,33.4083251953125,33.52902804957599
20.871,0,-9.600525856018066,12.437957763671875,77.31818389892578,-81.72920227050781,-89.57818603515625,33.388916015625,-9.600525856018066,12.437957763671875,77.31818389892578,-81.72920227050781,-89.57818603515625,33.388916015625,33.52902804957599
20.901,0,-9.697821617126465,12.633024215698242,77.10032653808594,-81.69715881347656,-89.6195068359375,33.51519775390625,-9.697821617126465,12.633024215698242,77.10032653808594,-81.69715881347656,-89.6195068359375,33.51519775390625,33.52902804957599
20.933,0,-9.613554000854492,12.226091384887695,77.37120819091797,-81.49299621582031,-89.62073516845703,33.58592987060547,-9.613554000854492,12.226091384887695,77.37120819091797,-81.49299621582031,-89.62073516845703,33.58592987060547,33.52902804957599
20.967,0,-9.685290336608887,12.322986602783203,77.39781951904297,-81.658935546875,-89.6026611328125,33.56178283691406,-9.685290336608887,12.322986602783203,77.39781951904297,-81.658935546875,-89.6026611328125,33.56178283691406,33.52902804957599
21.001,0,-9.63652515411377,12.850156784057617,77.20020294189453,-82.09925079345703,-89.56672668457031,33.54573059082031,-9.63652515411377,12.850156784057617,77.20020294189453,-82.09925079345703,-89.56672668457031,33.54573059082031,33.52902804957599
21.035,0,-9.729640007019043,13.083158493041992,76.96719360351562,-82.09497833251953,-89.60209655761719,33.68560028076172,-9.729640007019043,13.083158493041992,76.96719360351562,-82.09497833251953,-89.60209655761719,33.68560028076172,33.52902804957599
21.068,0,-9.644996643066406,12.676048278808594,77.22551727294922,-81.87869262695312,-89.59718322753906,33.75884246826172,-9.644996643066406,12.676048278808594,77.22551727294922,-81.87869262695312,-89.59718322753906,33.75884246826172,33.52902804957599
21.100,0,-9.729460716247559,12.789409637451172,77.26710510253906,-82.09211730957031,-89.57749938964844,33.75014877319336,-9.729460716247559,12.789409637451172,77.26710510253906,-82.09211730957031,-89.57749938964844,33.75014877319336,33.52902804957599
21.136,0,-9.68343448638916,13.301290512084961,77.0938720703125,-82.54316711425781,-89.54041290283203,33.74068069458008,-9.68343448638916,13.301290512084961,77.0938720703125,-82.54316711425781,-89.54041290283203,33.74068069458008,33.52902804957599
21.169,0,-9.676918029785156,13.603584289550781,76.82576751708984,-82.5986557006836,-89.55876159667969,33.8677864074707,-9.676918029785156,13.603584289550781,76.82576751708984,-82.5986557006836,-89.55876159667969,33.8677864074707,33.52902804957599
21.201,0,-9.571435928344727,13.159109115600586,77.10060119628906,-82.37948608398438,-89.55287170410156,33.9514045715332,-9.571435928344727,13.159109115600586,77.10060119628906,-82.37948608398438,-89.55287170410156,33.9514045715332,33.52902804957599
21.235,0,-9.670295715332031,13.2872314453125,77.1356201171875,-82.60394287109375,-89.5337142944336,33.936004638671875,-9.670295715332031,13.2872314453125,77.1356201171875,-82.60394287109375,-89.5337142944336,33.936004638671875,33.52902804957599
21.268,0,-9.629417419433594,13.608068466186523,76.99018096923828,-82.87069702148438,-89.48883819580078,33.900474548339844,-9.629417419433594,13.608068466186523,76.99018096923828,-82.87069702148438,-89.48883819580078,33.900474548339844,33.52902804957599
21.303,0,-9.630208015441895,13.78386116027832,76.78858184814453,-82.85869598388672,-89.50914764404297,34.0277099609375,-9.630208015441895,13.78386116027832,76.78858184814453,-82.85869598388672,-89.50914764404297,34.0277099609375,33.52902804957599
21.336,0,-9.513992309570312,13.380727767944336,77.04547882080078,-82.68147277832031,-89.49691009521484,34.12731170654297,-9.513992309570312,13.380727767944336,77.04547882080078,-82.68147277832031,-89.49691009521484,34.12731170654297,33.52902804957599
21.370,0,-9.49526309967041,13.46173095703125,77.09033966064453,-82.87272644042969,-89.46185302734375,34.10293197631836,-9.49526309967041,13.46173095703125,77.09033966064453,-82.87272644042969,-89.46185302734375,34.10293197631836,33.52902804957599
21.403,0,-9.440876007080078,13.638790130615234,77.01506805419922,-83.05902099609375,-89.42799377441406,34.04575729370117,-9.440876007080078,13.638790130615234,77.01506805419922,-83.05902099609375,-89.42799377441406,34.04575729370117,33.52902804957599
21.436,0,-9.603873252868652,13.905035018920898,76.78072357177734,-83.09658813476562,-89.43426513671875,34.11142349243164,-9.603873252868652,13.905035018920898,76.78072357177734,-83.09658813476562,-89.43426513671875,34.11142349243164,33.659491193737765
21.469,0,-9.520269393920898,13.43553352355957,77.04901123046875,-82.85530853271484,-89.42536926269531,34.20903015136719,-9.520269393920898,13.43553352355957,77.04901123046875,-82.85530853271484,-89.42536926269531,34.20903015136719,33.724722765818655
21.505,0,-9.495161056518555,13.585945129394531,77.02210998535156,-83.03765869140625,-89.37569427490234,34.20707321166992,-9.495161056518555,13.585945129394531,77.02210998535156,-83.03765869140625,-89.37569427490234,34.20707321166992,33.724722765818655
21.537,0,-9.456584930419922,13.844335556030273,76.93872833251953,-83.27194213867188,-89.32886505126953,34.14519500732422,-9.456584930419922,13.844335556030273,76.93872833251953,-83.27194213867188,-89.32886505126953,34.14519500732422,33.724722765818655
21.571,0,-9.524202346801758,14.038795471191406,76.68339538574219,-83.17239379882812,-89.35317993164062,34.28597640991211,-9.524202346801758,14.038795471191406,76.68339538574219,-83.17239379882812,-89.35317993164062,34.28597640991211,33.724722765818655
21.606,0,-9.434732437133789,13.63900375366211,76.94306182861328,-82.96136474609375,-89.34355926513672,34.35878372192383,-9.434732437133789,13.63900375366211,76.94306182861328,-82.96136474609375,-89.34355926513672,34.35878372192383,33.724722765818655
21.639,0,-9.405951499938965,13.711193084716797,76.96131134033203,-83.08934020996094,-89.29473114013672,34.334930419921875,-9.405951499938965,13.711193084716797,76.96131134033203,-83.08934020996094,-89.29473114013672,34.334930419921875,33.789954337899545
21.671,0,-9.352489471435547,13.96617317199707,76.85073852539062,-83.27700805664062,-89.24401092529297,34.326351165771484,-9.352489471435547,13.96617317199707,76.85073852539062,-83.27700805664062,-89.24401092529297,34.326351165771484,33.789954337899545
21.737,0,-9.424976348876953,14.170066833496094,76.58918762207031,-83.18898010253906,-89.26579284667969,34.4459228515625,-9.424976348876953,14.170066833496094,76.58918762207031,-83.18898010253906,-89.26579284667969,34.4459228515625,33.92041748206132
21.763,0,-9.303206443786621,13.84166145324707,76.82014465332031,-83.0115966796875,-89.25566101074219,34.52178955078125,-9.303206443786621,13.84166145324707,76.82014465332031,-83.0115966796875,-89.25566101074219,34.52178955078125,34.05088062622309
21.795,0,-9.267632484436035,13.900297164916992,76.86471557617188,-83.14708709716797,-89.20105743408203,34.48841857910156,-9.267632484436035,13.900297164916992,76.86471557617188,-83.14708709716797,-89.20105743408203,34.48841857910156,34.05088062622309
21.829,0,-9.242242813110352,14.066875457763672,76.77210235595703,-83.25260162353516,-89.14458465576172,34.45540237426758,-9.242242813110352,14.066875457763672,76.77210235595703,-83.25260162353516,-89.14458465576172,34.45540237426758,34.18134377038486
21.863,0,-9.271133422851562,14.338897705078125,76.49970245361328,-83.216552734375,-89.15516662597656,34.574832916259766,-9.271133422851562,14.338897705078125,76.49970245361328,-83.216552734375,-89.15516662597656,34.574832916259766,34.18134377038486
21.895,0,-9.144865036010742,14.025203704833984,76.72711944580078,-83.05496215820312,-89.14100646972656,34.647705078125,-9.144865036010742,14.025203704833984,76.72711944580078,-83.05496215820312,-89.14100646972656,34.647705078125,34.18134377038486
21.930,0,-9.093993186950684,14.0836181640625,76.76606750488281,-83.18026733398438,-89.08938598632812,34.610904693603516,-9.093993186950684,14.0836181640625,76.76606750488281,-83.18026733398438,-89.08938598632812,34.610904693603516,34.18134377038486
21.963,0,-9.097421646118164,14.153179168701172,76.69911193847656,-83.193603515625,-89.02986145019531,34.55729675292969,-9.097421646118164,14.153179168701172,76.69911193847656,-83.193603515625,-89.02986145019531,34.55729675292969,34.18134377038486
21.996,0,-9.1349458694458,14.408349990844727,76.46565246582031,-83.16716766357422,-89.0451431274414,34.66041946411133,-9.1349458694458,14.408349990844727,76.46565246582031,-83.16716766357422,-89.0451431274414,34.66041946411133,34.18134377038486
22.029,0,-9.01050853729248,13.996963500976562,76.67488861083984,-82.88401794433594,-89.03089904785156,34.68849182128906,-9.01050853729248,13.996963500976562,76.67488861083984,-82.88401794433594,-89.03089904785156,34.68849182128906,34.24657534246575
22.063,0,-9.248106002807617,14.533164978027344,76.5120849609375,-83.33346557617188,-89.05065155029297,34.80463409423828,-9.248106002807617,14.533164978027344,76.5120849609375,-83.33346557617188,-89.05065155029297,34.80463409423828,34.24657534246575
22.096,0,-9.258275985717773,15.144657135009766,76.27305603027344,-83.81474304199219,-89.0079574584961,34.80502700805664,-9.258275985717773,15.144657135009766,76.27305603027344,-83.81474304199219,-89.0079574584961,34.80502700805664,34.24657534246575
22.130,0,-9.319437980651855,15.32989501953125,76.0221939086914,-83.72254943847656,-89.03460693359375,34.95686721801758,-9.319437980651855,15.32989501953125,76.0221939086914,-83.72254943847656,-89.03460693359375,34.95686721801758,34.24657534246575
22.165,0,-9.20893383026123,14.99411392211914,76.21109008789062,-83.50167846679688,-89.02164459228516,34.993492126464844,-9.20893383026123,14.99411392211914,76.21109008789062,-83.50167846679688,-89.02164459228516,34.993492126464844,34.24657534246575
22.197,0,-9.45260238647461,15.131269454956055,76.23809814453125,-83.65037536621094,-89.03291320800781,35.06395721435547,-9.45260238647461,15.131269454956055,76.23809814453125,-83.65037536621094,-89.03291320800781,35.06395721435547,34.44227005870842
22.229,0,-9.45789909362793,15.230621337890625,76.18834686279297,-83.7049560546875,-88.97789764404297,35.00400161743164,-9.45789909362793,15.230621337890625,76.18834686279297,-83.7049560546875,-88.97789764404297,35.00400161743164,34.57273320287019
22.265,0,-9.536375045776367,15.380966186523438,75.94462585449219,-83.57356262207031,-89.00313568115234,35.16399002075195,-9.536375045776367,15.380966186523438,75.94462585449219,-83.57356262207031,-89.00313568115234,35.16399002075195,34.63796477495107
22.298,0,-9.534985542297363,15.335670471191406,76.03468322753906,-83.6473388671875,-89.02043151855469,35.16728591918945,-9.534985542297363,15.335670471191406,76.03468322753906,-83.6473388671875,-89.02043151855469,35.16728591918945,34.70319634703196
22.332,0,-9.519458770751953,15.615255355834961,75.83760070800781,-83.77336120605469,-89.05840301513672,35.27414321899414,-9.519458770751953,15.615255355834961,75.83760070800781,-83.77336120605469,-89.05840301513672,35.27414321899414,34.833659491193735
22.366,0,-9.524373054504395,15.657577514648438,75.80030059814453,-83.78045654296875,-89.0052719116211,35.18647766113281,-9.524373054504395,15.657577514648438,75.80030059814453,-83.78045654296875,-89.0052719116211,35.18647766113281,34.898891063274625
22.398,0,-9.536225318908691,15.541755676269531,75.7934341430664,-83.56936645507812,-89.00180053710938,35.2569580078125,-9.536225318908691,15.541755676269531,75.7934341430664,-83.56936645507812,-89.00180053710938,35.2569580078125,34.898891063274625
22.436,0,-9.514389991760254,15.502006530761719,75.85702514648438,-83.62686157226562,-89.01869201660156,35.25667190551758,-9.514389991760254,15.502006530761719,75.85702514648438,-83.62686157226562,-89.01869201660156,35.25667190551758,34.898891063274625
22.466,0,-9.498490333557129,15.733417510986328,75.67240905761719,-83.71131134033203,-89.0529556274414,35.3626708984375,-9.498490333557129,15.733417510986328,75.67240905761719,-83.71131134033203,-89.0529556274414,35.3626708984375,34.898891063274625
22.500,0,-9.477941513061523,15.892616271972656,75.55843353271484,-83.77520751953125,-88.98025512695312,35.313232421875,-9.477941513061523,15.892616271972656,75.55843353271484,-83.77520751953125,-88.98025512695312,35.313232421875,34.898891063274625
22.533,0,-9.505361557006836,15.757099151611328,75.56411743164062,-83.53751373291016,-88.98394775390625,35.378807067871094,-9.505361557006836,15.757099151611328,75.56411743164062,-83.53751373291016,-88.98394775390625,35.378807067871094,34.898891063274625
22.567,0,-9.548150062561035,15.76950454711914,75.60035705566406,-83.63409423828125,-89.01258087158203,35.41991424560547,-9.548150062561035,15.76950454711914,75.60035705566406,-83.63409423828125,-89.01258087158203,35.41991424560547,34.898891063274625
22.600,0,-9.426297187805176,15.936544418334961,75.35587310791016,-83.57290649414062,-89.04145812988281,35.5625,-9.426297187805176,15.936544418334961,75.35587310791016,-83.57290649414062,-89.04145812988281,35.5625,34.898891063274625
22.640,0,-9.423025131225586,15.997978210449219,75.29913330078125,-83.59951782226562,-88.98108673095703,35.497867584228516,-9.423025131225586,15.997978210449219,75.29913330078125,-83.59951782226562,-88.98108673095703,35.497867584228516,34.898891063274625
22.667,0,-9.398452758789062,15.87563705444336,75.26925659179688,-83.35716247558594,-88.98294067382812,35.560646057128906,-9.398452758789062,15.87563705444336,75.26925659179688,-83.35716247558594,-88.98294067382812,35.560646057128906,34.898891063274625
22.699,0,-9.221199989318848,15.988679885864258,75.09597778320312,-83.31301879882812,-88.99638366699219,35.642906188964844,-9.221199989318848,15.988679885864258,75.09597778320312,-83.31301879882812,-88.99638366699219,35.642906188964844,35.0293542074364
22.732,0,-9.20681381225586,16.104578018188477,74.98011779785156,-83.35589599609375,-88.94580078125,35.59251022338867,-9.20681381225586,16.104578018188477,74.98011779785156,-83.35589599609375,-88.94580078125,35.59251022338867,35.0293542074364
22.766,0,-9.351700782775879,16.18174171447754,74.86226654052734,-83.26314544677734,-88.93964385986328,35.67201232910156,-9.351700782775879,16.18174171447754,74.86226654052734,-83.26314544677734,-88.93964385986328,35.67201232910156,35.22504892367906
22.807,0,-9.356164932250977,16.05771255493164,74.96056365966797,-83.2279281616211,-88.94790649414062,35.73172378540039,-9.356164932250977,16.05771255493164,74.96056365966797,-83.2279281616211,-88.94790649414062,35.73172378540039,35.290280495759944
22.834,0,-9.250361442565918,15.985260009765625,74.89808654785156,-83.077880859375,-88.94710540771484,35.74293518066406,-9.250361442565918,15.985260009765625,74.89808654785156,-83.077880859375,-88.94710540771484,35.74293518066406,35.290280495759944
22.869,0,-9.181246757507324,16.19900894165039,74.74391174316406,-83.18057250976562,-88.88317108154297,35.68301010131836,-9.181246757507324,16.19900894165039,74.74391174316406,-83.18057250976562,-88.88317108154297,35.68301010131836,35.290280495759944
22.901,0,-9.306660652160645,16.269641876220703,74.62598419189453,-83.07303619384766,-88.874755859375,35.7634391784668,-9.306660652160645,16.269641876220703,74.62598419189453,-83.07303619384766,-88.874755859375,35.7634391784668,35.290280495759944
22.936,0,-9.357206344604492,16.40268325805664,74.60492706298828,-83.19652557373047,-88.86286926269531,35.89253234863281,-9.357206344604492,16.40268325805664,74.60492706298828,-83.19652557373047,-88.86286926269531,35.89253234863281,35.290280495759944
22.968,0,-9.262015342712402,16.28392791748047,74.5623779296875,-83.00262451171875,-88.86197662353516,35.88880157470703,-9.262015342712402,16.28392791748047,74.5623779296875,-83.00262451171875,-88.86197662353516,35.88880157470703,35.290280495759944
23.001,0,-9.20151424407959,16.56729507446289,74.4016342163086,-83.18753051757812,-88.79313659667969,35.839813232421875,-9.20151424407959,16.56729507446289,74.4016342163086,-83.18753051757812,-88.79313659667969,35.839813232421875,35.290280495759944
23.036,0,-9.316734313964844,16.65279769897461,74.30168914794922,-83.10183715820312,-88.77969360351562,35.93404769897461,-9.316734313964844,16.65279769897461,74.30168914794922,-83.10183715820312,-88.77969360351562,35.93404769897461,35.42074363992172
23.068,0,-9.298199653625488,16.449996948242188,74.45951843261719,-83.02015686035156,-88.77082824707031,35.96868896484375,-9.298199653625488,16.449996948242188,74.45951843261719,-83.02015686035156,-88.77082824707031,35.96868896484375,35.5512067840835
23.100,0,-9.151871681213379,16.674888610839844,74.1683349609375,-83.03726196289062,-88.7839126586914,36.002113342285156,-9.151871681213379,16.674888610839844,74.1683349609375,-83.03726196289062,-88.7839126586914,36.002113342285156,35.5512067840835
23.135,0,-9.195956230163574,17.269596099853516,73.88008880615234,-83.473876953125,-88.7283935546875,35.97200393676758,-9.195956230163574,17.269596099853516,73.88008880615234,-83.473876953125,-88.7283935546875,35.97200393676758,35.5512067840835
23.170,0,-9.307262420654297,17.316547393798828,73.7839126586914,-83.3729248046875,-88.71411895751953,36.039764404296875,-9.307262420654297,17.316547393798828,73.7839126586914,-83.3729248046875,-88.71411895751953,36.039764404296875,35.61643835616438
23.203,0,-9.245630264282227,17.131717681884766,73.8985595703125,-83.27700805664062,-88.69397735595703,36.03266906738281,-9.245630264282227,17.131717681884766,73.8985595703125,-83.27700805664062,-88.69397735595703,36.03266906738281,35.61643835616438
23.239,0,-9.11467456817627,17.456954956054688,73.60304260253906,-83.39878845214844,-88.70724487304688,36.107872009277344,-9.11467456817627,17.456954956054688,73.60304260253906,-83.39878845214844,-88.70724487304688,36.107872009277344,35.68166992824527
23.270,0,-9.20387077331543,18.362472534179688,73.18168640136719,-84.07865905761719,-88.68927001953125,36.127769470214844,-9.20387077331543,18.362472534179688,73.18168640136719,-84.07865905761719,-88.68927001953125,36.127769470214844,35.68166992824527
23.303,0,-9.218111038208008,18.539703369140625,72.99566650390625,-84.05313110351562,-88.66889953613281,36.19606018066406,-9.218111038208008,18.539703369140625,72.99566650390625,-84.05313110351562,-88.66889953613281,36.19606018066406,35.68166992824527
23.334,0,-9.234018325805664,18.390480041503906,73.09333038330078,-83.99127197265625,-88.66279602050781,36.15943908691406,-9.234018325805664,18.390480041503906,73.09333038330078,-83.99127197265625,-88.66279602050781,36.15943908691406,35.68166992824527
23.369,0,-9.147031784057617,18.521373748779297,72.9857177734375,-84.02456665039062,-88.65896606445312,36.164886474609375,-9.147031784057617,18.521373748779297,72.9857177734375,-84.02456665039062,-88.65896606445312,36.164886474609375,35.68166992824527
23.402,0,-9.225990295410156,19.402042388916016,72.54873657226562,-84.6592025756836,-88.63407135009766,36.16505432128906,-9.225990295410156,19.402042388916016,72.54873657226562,-84.6592025756836,-88.63407135009766,36.16505432128906,35.68166992824527
23.435,0,-9.378498077392578,19.48003387451172,72.43267822265625,-84.55937194824219,-88.61071014404297,36.201454162597656,-9.378498077392578,19.48003387451172,72.43267822265625,-84.55937194824219,-88.61071014404297,36.201454162597656,35.68166992824527
23.470,0,-9.393179893493652,19.44217300415039,72.48426818847656,-84.58882141113281,-88.6043930053711,36.175804138183594,-9.393179893493652,19.44217300415039,72.48426818847656,-84.58882141113281,-88.6043930053711,36.175804138183594,35.68166992824527
23.502,0,-9.246905326843262,19.500255584716797,72.3819580078125,-84.55528259277344,-88.58711242675781,36.13509750366211,-9.246905326843262,19.500255584716797,72.3819580078125,-84.55528259277344,-88.58711242675781,36.13509750366211,35.68166992824527
23.535,0,-9.598246574401855,19.232250213623047,72.59859466552734,-84.49293518066406,-88.64485931396484,36.04975891113281,-9.598246574401855,19.232250213623047,72.59859466552734,-84.49293518066406,-88.64485931396484,36.04975891113281,35.68166992824527
23.569,0,-9.744990348815918,19.304630279541016,72.45354461669922,-84.36135864257812,-88.61934661865234,36.06257629394531,-9.744990348815918,19.304630279541016,72.45354461669922,-84.36135864257812,-88.61934661865234,36.06257629394531,35.68166992824527
23.603,0,-9.762726783752441,19.269775390625,72.49679565429688,-84.3777084350586,-88.60777282714844,36.043983459472656,-9.762726783752441,19.269775390625,72.49679565429688,-84.3777084350586,-88.60777282714844,36.043983459472656,35.68166992824527
23.644,0,-9.615206718444824,19.428508758544922,72.34141540527344,-84.39107513427734,-88.58348083496094,36.01276397705078,-9.615206718444824,19.428508758544922,72.34141540527344,-84.39107513427734,-88.58348083496094,36.01276397705078,35.68166992824527
23.672,0,-9.968771934509277,19.03145980834961,72.59943389892578,-84.21048736572266,-88.62525939941406,35.94645690917969,-9.968771934509277,19.03145980834961,72.59943389892578,-84.21048736572266,-88.62525939941406,35.94645690917969,35.68166992824527
23.703,0,-10.131842613220215,19.12375259399414,72.43528747558594,-84.07903289794922,-88.59884643554688,35.95917510986328,-10.131842613220215,19.12375259399414,72.43528747558594,-84.07903289794922,-88.59884643554688,35.95917510986328,35.68166992824527
23.736,0,-10.134096145629883,19.136730194091797,72.47320556640625,-84.13691711425781,-88.58324432373047,35.93729782104492,-10.134096145629883,19.136730194091797,72.47320556640625,-84.13691711425781,-88.58324432373047,35.93729782104492,35.68166992824527
23.771,0,-9.986566543579102,19.208343505859375,72.34930419921875,-84.10566711425781,-88.56266784667969,35.88116455078125,-9.986566543579102,19.208343505859375,72.34930419921875,-84.10566711425781,-88.56266784667969,35.88116455078125,35.68166992824527
23.810,0,-10.344261169433594,18.786643981933594,72.60708618164062,-83.907958984375,-88.603515625,35.80320739746094,-10.344261169433594,18.786643981933594,72.60708618164062,-83.907958984375,-88.603515625,35.80320739746094,35.68166992824527
23.837,0,-10.511774063110352,18.8900146484375,72.40655517578125,-83.76606750488281,-88.57652282714844,35.83324432373047,-10.511774063110352,18.8900146484375,72.40655517578125,-83.76606750488281,-88.57652282714844,35.83324432373047,35.68166992824527
23.870,0,-10.452066421508789,18.922317504882812,72.44000244140625,-83.85719299316406,-88.54906463623047,35.79297637939453,-10.452066421508789,18.922317504882812,72.44000244140625,-83.85719299316406,-88.54906463623047,35.79297637939453,35.61643835616438
23.904,0,-10.300572395324707,19.04544448852539,72.29177856445312,-83.84550476074219,-88.52291870117188,35.75876998901367,-10.300572395324707,19.04544448852539,72.29177856445312,-83.84550476074219,-88.52291870117188,35.75876998901367,35.61643835616438
23.938,0,-10.435946464538574,18.592437744140625,72.55322265625,-83.61788177490234,-88.5429916381836,35.703094482421875,-10.435946464538574,18.592437744140625,72.55322265625,-83.61788177490234,-88.5429916381836,35.703094482421875,35.61643835616438
23.970,0,-10.585041046142578,18.748188018798828,72.33106994628906,-83.49272918701172,-88.51628875732422,35.72229766845703,-10.585041046142578,18.748188018798828,72.33106994628906,-83.49272918701172,-88.51628875732422,35.72229766845703,35.61643835616438
24.005,0,-10.481019973754883,18.988826751708984,72.27902221679688,-83.697021484375,-88.47013092041016,35.74528503417969,-10.481019973754883,18.988826751708984,72.27902221679688,-83.697021484375,-88.47013092041016,35.74528503417969,35.61643835616438
24.037,0,-10.326394081115723,19.213211059570312,72.08833312988281,-83.73652648925781,-88.44102478027344,35.70227813720703,-10.326394081115723,19.213211059570312,72.08833312988281,-83.73652648925781,-88.44102478027344,35.70227813720703,35.61643835616438
24.071,0,-10.40618896484375,18.67172622680664,72.36180114746094,-83.44686889648438,-88.45832824707031,35.635223388671875,-10.40618896484375,18.67172622680664,72.36180114746094,-83.44686889648438,-88.45832824707031,35.635223388671875,35.61643835616438
24.104,0,-10.553894996643066,18.815628051757812,72.14742279052734,-83.3115234375,-88.43185424804688,35.647308349609375,-10.553894996643066,18.815628051757812,72.14742279052734,-83.3115234375,-88.43185424804688,35.647308349609375,35.61643835616438
24.138,0,-10.446456909179688,19.101177215576172,72.08135223388672,-83.55026245117188,-88.37945556640625,35.65865707397461,-10.446456909179688,19.101177215576172,72.08135223388672,-83.55026245117188,-88.37945556640625,35.65865707397461,35.61643835616438
24.174,0,-10.298633575439453,19.32727813720703,71.86416625976562,-83.58598327636719,-88.35343933105469,35.619319915771484,-10.298633575439453,19.32727813720703,71.86416625976562,-83.58598327636719,-88.35343933105469,35.619319915771484,35.61643835616438
24.206,0,-10.371546745300293,18.831722259521484,72.13570404052734,-83.33699035644531,-88.36638641357422,35.57981872558594,-10.371546745300293,18.831722259521484,72.13570404052734,-83.33699035644531,-88.36638641357422,35.57981872558594,35.61643835616438
24.246,0,-10.536552429199219,19.01457977294922,71.9308090209961,-83.2520980834961,-88.34805297851562,35.60322952270508,-10.536552429199219,19.01457977294922,71.9308090209961,-83.2520980834961,-88.34805297851562,35.60322952270508,35.61643835616438
24.273,0,-10.41869068145752,19.375640869140625,71.81535339355469,-83.53271484375,-88.30316162109375,35.61469650268555,-10.41869068145752,19.375640869140625,71.81535339355469,-83.53271484375,-88.30316162109375,35.61469650268555,35.61643835616438
24.307,0,-10.27047061920166,19.58782196044922,71.59469604492188,-83.55992126464844,-88.27611541748047,35.58880615234375,-10.27047061920166,19.58782196044922,71.59469604492188,-83.55992126464844,-88.27611541748047,35.58880615234375,35.61643835616438
24.341,0,-10.34118366241455,19.053539276123047,71.88554382324219,-83.28750610351562,-88.28627014160156,35.50471115112305,-10.34118366241455,19.053539276123047,71.88554382324219,-83.28750610351562,-88.28627014160156,35.50471115112305,35.61643835616438
24.375,0,-10.391522407531738,19.45539093017578,71.5531005859375,-83.30902099609375,-88.29084777832031,35.63858413696289,-10.391522407531738,19.45539093017578,71.5531005859375,-83.30902099609375,-88.29084777832031,35.63858413696289,35.61643835616438
24.428,0,-10.28397274017334,19.743865966796875,71.49172973632812,-83.54545593261719,-88.24224853515625,35.616085052490234,-10.28397274017334,19.743865966796875,71.49172973632812,-83.54545593261719,-88.24224853515625,35.616085052490234,35.61643835616438
24.455,0,-10.126358032226562,20.005859375,71.23176574707031,-83.59217834472656,-88.20983123779297,35.595611572265625,-10.126358032226562,20.005859375,71.23176574707031,-83.59217834472656,-88.20983123779297,35.595611572265625,35.61643835616438
24.488,0,-10.19640827178955,19.533676147460938,71.49537658691406,-83.35682678222656,-88.2348403930664,35.5565299987793,-10.19640827178955,19.533676147460938,71.49537658691406,-83.35682678222656,-88.2348403930664,35.5565299987793,35.61643835616438
24.529,0,-10.240422248840332,19.929283142089844,71.17125701904297,-83.38516235351562,-88.2405014038086,35.66759490966797,-10.240422248840332,19.929283142089844,71.17125701904297,-83.38516235351562,-88.2405014038086,35.66759490966797,35.61643835616438
24.555,0,-10.10107707977295,19.846466064453125,71.15808868408203,-83.26207733154297,-88.22946166992188,35.560813903808594,-10.10107707977295,19.846466064453125,71.15808868408203,-83.26207733154297,-88.22946166992188,35.560813903808594,35.61643835616438
24.587,0,-9.9575834274292,20.100662231445312,70.92267608642578,-83.32655334472656,-88.20848083496094,35.57028579711914,-9.9575834274292,20.100662231445312,70.92267608642578,-83.32655334472656,-88.20848083496094,35.57028579711914,35.61643835616438
24.622,0,-10.048398971557617,19.583404541015625,71.19269561767578,-83.04719543457031,-88.22924041748047,35.494964599609375,-10.048398971557617,19.583404541015625,71.19269561767578,-83.04719543457031,-88.22924041748047,35.494964599609375,35.61643835616438
24.658,0,-10.094748497009277,19.955604553222656,70.89640045166016,-83.07453155517578,-88.23747253417969,35.60193634033203,-10.094748497009277,19.955604553222656,70.89640045166016,-83.07453155517578,-88.23747253417969,35.60193634033203,35.61643835616438
24.698,0,-9.936012268066406,19.9383544921875,70.82931518554688,-82.97740173339844,-88.21814727783203,35.54517364501953,-9.936012268066406,19.9383544921875,70.82931518554688,-82.97740173339844,-88.21814727783203,35.54517364501953,35.61643835616438
24.726,0,-9.788146018981934,20.11099624633789,70.63561248779297,-82.9678955078125,-88.1993408203125,35.5169677734375,-9.788146018981934,20.11099624633789,70.63561248779297,-82.9678955078125,-88.1993408203125,35.5169677734375,35.61643835616438
24.760,0,-9.903019905090332,19.66827392578125,70.83187866210938,-82.69648742675781,-88.2303237915039,35.482444763183594,-9.903019905090332,19.66827392578125,70.83187866210938,-82.69648742675781,-88.2303237915039,35.482444763183594,35.61643835616438
24.791,0,-9.989642143249512,20.089656829833984,70.51512145996094,-82.79798889160156,-88.22798919677734,35.55165481567383,-9.989642143249512,20.089656829833984,70.51512145996094,-82.79798889160156,-88.22798919677734,35.55165481567383,35.61643835616438
24.824,0,-9.823806762695312,20.05071258544922,70.43156433105469,-82.64714050292969,-88.20838928222656,35.49364471435547,-9.823806762695312,20.05071258544922,70.43156433105469,-82.64714050292969,-88.20838928222656,35.49364471435547,35.61643835616438
24.858,0,-9.676613807678223,20.23586654663086,70.21634674072266,-82.63543701171875,-88.19847106933594,35.47333526611328,-9.676613807678223,20.23586654663086,70.21634674072266,-82.63543701171875,-88.19847106933594,35.47333526611328,35.61643835616438
24.892,0,-9.735222816467285,19.768409729003906,70.4092025756836,-82.32826232910156,-88.21472930908203,35.45968246459961,-9.735222816467285,19.768409729003906,70.4092025756836,-82.32826232910156,-88.21472930908203,35.45968246459961,35.61643835616438
24.924,0,-9.697226524353027,20.14687728881836,70.08548736572266,-82.4058609008789,-88.22534942626953,35.50471878051758,-9.697226524353027,20.14687728881836,70.08548736572266,-82.4058609008789,-88.22534942626953,35.50471878051758,35.61643835616438
24.958,0,-9.523537635803223,20.066043853759766,70.00251007080078,-82.21328735351562,-88.21399688720703,35.43159484863281,-9.523537635803223,20.066043853759766,70.00251007080078,-82.21328735351562,-88.21399688720703,35.43159484863281,35.61643835616438
24.993,0,-9.357181549072266,20.24111557006836,69.794677734375,-82.20255279541016,-88.19329071044922,35.406044006347656,-9.357181549072266,20.24111557006836,69.794677734375,-82.20255279541016,-88.19329071044922,35.406044006347656,35.61643835616438
25.034,0,-9.463829040527344,19.826187133789062,69.91197967529297,-81.8775405883789,-88.21279907226562,35.35976791381836,-9.463829040527344,19.826187133789062,69.91197967529297,-81.8775405883789,-88.21279907226562,35.35976791381836,35.61643835616438
25.061,0,-9.658270835876465,19.691608428955078,69.9768295288086,-81.78268432617188,-88.20056915283203,35.41379165649414,-9.658270835876465,19.691608428955078,69.9768295288086,-81.78268432617188,-88.20056915283203,35.41379165649414,35.61643835616438
25.098,0,-9.471442222595215,19.706188201904297,69.86119079589844,-81.645263671875,-88.19356536865234,35.389888763427734,-9.471442222595215,19.706188201904297,69.86119079589844,-81.645263671875,-88.19356536865234,35.389888763427734,35.61643835616438
25.130,0,-9.754231452941895,19.35631561279297,70.08287048339844,-81.45924377441406,-88.18984985351562,35.273868560791016,-9.754231452941895,19.35631561279297,70.08287048339844,-81.45924377441406,-88.18984985351562,35.273868560791016,35.61643835616438
25.197,0,-9.973405838012695,19.153900146484375,70.12788391113281,-81.26644897460938,-88.16464233398438,35.3294563293457,-9.973405838012695,19.153900146484375,70.12788391113281,-81.26644897460938,-88.16464233398438,35.3294563293457,35.61643835616438
25.224,0,-9.8336181640625,19.155929565429688,70.08483123779297,-81.18724060058594,-88.15215301513672,35.29423141479492,-9.8336181640625,19.155929565429688,70.08483123779297,-81.18724060058594,-88.15215301513672,35.29423141479492,35.61643835616438
25.258,0,-9.684478759765625,19.501113891601562,69.75325775146484,-81.24722290039062,-88.1521987915039,35.23651885986328,-9.684478759765625,19.501113891601562,69.75325775146484,-81.24722290039062,-88.1521987915039,35.23651885986328,35.61643835616438
25.291,0,-9.973822593688965,19.171714782714844,69.96903991699219,-81.07899475097656,-88.145263671875,35.1279182434082,-9.973822593688965,19.171714782714844,69.96903991699219,-81.07899475097656,-88.145263671875,35.1279182434082,35.61643835616438
25.324,0,-10.197521209716797,19.043663024902344,69.99140930175781,-80.9417724609375,-88.11734771728516,35.15909194946289,-10.197521209716797,19.043663024902344,69.99140930175781,-80.9417724609375,-88.11734771728516,35.15909194946289,35.61643835616438
25.357,0,-10.044624328613281,19.067615509033203,69.9471206665039,-80.86796569824219,-88.09364318847656,35.118385314941406,-10.044624328613281,19.067615509033203,69.9471206665039,-80.86796569824219,-88.09364318847656,35.118385314941406,35.61643835616438
25.390,0,-9.885638236999512,19.326438903808594,69.63780975341797,-80.86079406738281,-88.09190368652344,35.03936004638672,-9.885638236999512,19.326438903808594,69.63780975341797,-80.86079406738281,-88.09190368652344,35.03936004638672,35.5512067840835
25.427,0,-10.185036659240723,18.909610748291016,69.90161895751953,-80.64176940917969,-88.08558654785156,34.91018295288086,-10.185036659240723,18.909610748291016,69.90161895751953,-80.64176940917969,-88.08558654785156,34.91018295288086,35.48597521200261
25.460,0,-10.4019136428833,18.793643951416016,69.92027282714844,-80.5166015625,-88.05680084228516,34.92836380004883,-10.4019136428833,18.793643951416016,69.92027282714844,-80.5166015625,-88.05680084228516,34.92836380004883,35.48597521200261
25.491,0,-10.205412864685059,18.69750213623047,69.91224670410156,-80.37521362304688,-88.05447387695312,34.8515625,-10.205412864685059,18.69750213623047,69.91224670410156,-80.37521362304688,-88.05447387695312,34.8515625,35.48597521200261
25.528,0,-10.087790489196777,18.835010528564453,69.68917846679688,-80.3012924194336,-88.06583404541016,34.741416931152344,-10.087790489196777,18.835010528564453,69.68917846679688,-80.3012924194336,-88.06583404541016,34.741416931152344,35.355512067840834
25.558,0,-10.378085136413574,18.400848388671875,69.9565658569336,-80.05404663085938,-88.05105590820312,34.62601852416992,-10.378085136413574,18.400848388671875,69.9565658569336,-80.05404663085938,-88.05105590820312,34.62601852416992,35.22504892367906
25.591,0,-10.602898597717285,18.237247467041016,70.01807403564453,-79.91468048095703,-88.02496337890625,34.60856246948242,-10.602898597717285,18.237247467041016,70.01807403564453,-79.91468048095703,-88.02496337890625,34.60856246948242,35.15981735159817
25.624,0,-10.44249439239502,18.169689178466797,70.01262664794922,-79.78872680664062,-88.02149200439453,34.5526123046875,-10.44249439239502,18.169689178466797,70.01262664794922,-79.78872680664062,-88.02149200439453,34.5526123046875,35.09458577951728
25.659,0,-10.241941452026367,18.3839111328125,69.7000961303711,-79.70762634277344,-88.03756713867188,34.46467208862305,-10.241941452026367,18.3839111328125,69.7000961303711,-79.70762634277344,-88.03756713867188,34.46467208862305,34.96412263535551
25.692,0,-10.550779342651367,17.97365951538086,69.98861694335938,-79.5045166015625,-88.03172302246094,34.35033416748047,-10.550779342651367,17.97365951538086,69.98861694335938,-79.5045166015625,-88.03172302246094,34.35033416748047,34.898891063274625
25.726,0,-10.846516609191895,18.797775268554688,69.74652099609375,-80.24571228027344,-88.02214813232422,34.435211181640625,-10.846516609191895,18.797775268554688,69.74652099609375,-80.24571228027344,-88.02214813232422,34.435211181640625,34.898891063274625
25.759,0,-10.70295524597168,18.791675567626953,69.70291900634766,-80.15385437011719,-88.02224731445312,34.35737228393555,-10.70295524597168,18.791675567626953,69.70291900634766,-80.15385437011719,-88.02224731445312,34.35737228393555,34.833659491193735
25.793,0,-10.508445739746094,19.15770721435547,69.35781860351562,-80.22980499267578,-88.04015350341797,34.29913330078125,-10.508445739746094,19.15770721435547,69.35781860351562,-80.22980499267578,-88.04015350341797,34.29913330078125,34.70319634703196
25.825,0,-10.828712463378906,18.70842742919922,69.63465881347656,-79.98886108398438,-88.03384399414062,34.167572021484375,-10.828712463378906,18.70842742919922,69.63465881347656,-79.98886108398438,-88.03384399414062,34.167572021484375,34.63796477495107
25.859,0,-11.120620727539062,19.476078033447266,69.4371566772461,-80.72323608398438,-88.02403259277344,34.24574279785156,-11.120620727539062,19.476078033447266,69.4371566772461,-80.72323608398438,-88.02403259277344,34.24574279785156,34.63796477495107
25.893,0,-10.982244491577148,19.538105010986328,69.39851379394531,-80.68939208984375,-88.02515411376953,34.20140075683594,-10.982244491577148,19.538105010986328,69.39851379394531,-80.68939208984375,-88.02515411376953,34.20140075683594,34.57273320287019
25.926,0,-10.815705299377441,19.940589904785156,69.05575561523438,-80.78160095214844,-88.03488159179688,34.14710235595703,-10.815705299377441,19.940589904785156,69.05575561523438,-80.78160095214844,-88.03488159179688,34.14710235595703,34.57273320287019
25.959,0,-11.134296417236328,19.500354766845703,69.31395721435547,-80.51283264160156,-88.02871704101562,34.004783630371094,-11.134296417236328,19.500354766845703,69.31395721435547,-80.51283264160156,-88.02871704101562,34.004783630371094,34.57273320287019
25.992,0,-11.449932098388672,20.412166595458984,69.09480285644531,-81.3622055053711,-88.02152252197266,34.081634521484375,-11.449932098388672,20.412166595458984,69.09480285644531,-81.3622055053711,-88.02152252197266,34.081634521484375,34.57273320287019
26.025,0,-11.540898323059082,20.559558868408203,69.06531524658203,-81.45858764648438,-88.0202407836914,33.999549865722656,-11.540898323059082,20.559558868408203,69.06531524658203,-81.45858764648438,-88.0202407836914,33.999549865722656,34.44227005870842
26.059,0,-11.40543270111084,20.98535919189453,68.74718475341797,-81.60951232910156,-88.03598022460938,33.9850959777832,-11.40543270111084,20.98535919189453,68.74718475341797,-81.60951232910156,-88.03598022460938,33.9850959777832,34.31180691454664
26.094,0,-11.743741035461426,20.651073455810547,68.99532318115234,-81.4588851928711,-88.0326156616211,33.842529296875,-11.743741035461426,20.651073455810547,68.99532318115234,-81.4588851928711,-88.0326156616211,33.842529296875,34.31180691454664
26.128,0,-11.899260520935059,21.11285400390625,68.89232635498047,-81.90113067626953,-88.0682601928711,34.010860443115234,-11.899260520935059,21.11285400390625,68.89232635498047,-81.90113067626953,-88.0682601928711,34.010860443115234,34.31180691454664
26.164,0,-12.001540184020996,21.295578002929688,68.85455322265625,-82.02078247070312,-88.06982421875,33.93842697143555,-12.001540184020996,21.295578002929688,68.85455322265625,-82.02078247070312,-88.06982421875,33.93842697143555,34.24657534246575
26.192,0,-11.880328178405762,21.751895904541016,68.53888702392578,-82.193115234375,-88.07157897949219,33.91802978515625,-11.880328178405762,21.751895904541016,68.53888702392578,-82.193115234375,-88.07157897949219,33.91802978515625,34.18134377038486
26.226,0,-12.227993965148926,21.418994903564453,68.77146911621094,-82.04364013671875,-88.06766510009766,33.79058837890625,-12.227993965148926,21.418994903564453,68.77146911621094,-82.04364013671875,-88.06766510009766,33.79058837890625,34.11611219830398
26.259,0,-12.358262062072754,21.764869689941406,68.69630432128906,-82.44142150878906,-88.10562896728516,33.957008361816406,-12.358262062072754,21.764869689941406,68.69630432128906,-82.44142150878906,-88.10562896728516,33.957008361816406,34.11611219830398
26.292,0,-12.468955039978027,21.921680450439453,68.64741516113281,-82.53596496582031,-88.11827850341797,33.90150451660156,-12.468955039978027,21.921680450439453,68.64741516113281,-82.53596496582031,-88.11827850341797,33.90150451660156,34.11611219830398
26.325,0,-12.337700843811035,22.272525787353516,68.3709716796875,-82.66921997070312,-88.10075378417969,33.869258880615234,-12.337700843811035,22.272525787353516,68.3709716796875,-82.66921997070312,-88.10075378417969,33.869258880615234,34.11611219830398
26.359,0,-12.693507194519043,22.03460693359375,68.57931518554688,-82.59016418457031,-88.09765625,33.760623931884766,-12.693507194519043,22.03460693359375,68.57931518554688,-82.59016418457031,-88.09765625,33.760623931884766,34.11611219830398
26.392,0,-12.724394798278809,22.102035522460938,68.60523986816406,-82.70907592773438,-88.07621765136719,33.760215759277344,-12.724394798278809,22.102035522460938,68.60523986816406,-82.70907592773438,-88.07621765136719,33.760215759277344,34.11611219830398
26.428,0,-12.740540504455566,22.383460998535156,68.50975799560547,-82.92115783691406,-88.08690643310547,33.6881217956543,-12.740540504455566,22.383460998535156,68.50975799560547,-82.92115783691406,-88.08690643310547,33.6881217956543,34.11611219830398
26.471,0,-12.620501518249512,22.801342010498047,68.20289611816406,-83.10078430175781,-88.07523345947266,33.671478271484375,-12.620501518249512,22.801342010498047,68.20289611816406,-83.10078430175781,-88.07523345947266,33.671478271484375,34.11611219830398
26.498,0,-12.990227699279785,22.55450439453125,68.433349609375,-83.04820251464844,-88.06832885742188,33.53721618652344,-12.990227699279785,22.55450439453125,68.433349609375,-83.04820251464844,-88.06832885742188,33.53721618652344,34.11611219830398
26.537,0,-13.018099784851074,22.579387664794922,68.4858169555664,-83.15994262695312,-88.04924011230469,33.56959915161133,-13.018099784851074,22.579387664794922,68.4858169555664,-83.15994262695312,-88.04924011230469,33.56959915161133,33.9856490541422
26.566,0,-13.141974449157715,22.881420135498047,68.39563751220703,-83.38003540039062,-88.05651092529297,33.50979232788086,-13.141974449157715,22.881420135498047,68.39563751220703,-83.38003540039062,-88.05651092529297,33.50979232788086,33.85518590998043
26.596,0,-13.023337364196777,23.114543914794922,68.17815399169922,-83.43794250488281,-88.03518676757812,33.471435546875,-13.023337364196777,23.114543914794922,68.17815399169922,-83.43794250488281,-88.03518676757812,33.471435546875,33.85518590998043
26.629,0,-13.370532035827637,22.72241973876953,68.46885681152344,-83.28668212890625,-88.04106140136719,33.38237762451172,-13.370532035827637,22.72241973876953,68.46885681152344,-83.28668212890625,-88.04106140136719,33.38237762451172,33.85518590998043
26.665,0,-13.413378715515137,22.80518341064453,68.48109436035156,-83.41423034667969,-88.02230072021484,33.413448333740234,-13.413378715515137,22.80518341064453,68.48109436035156,-83.41423034667969,-88.02230072021484,33.413448333740234,33.85518590998043
26.697,0,-13.546603202819824,23.04291534423828,68.4253158569336,-83.60466766357422,-88.03797149658203,33.34656524658203,-13.546603202819824,23.04291534423828,68.4253158569336,-83.60466766357422,-88.03797149658203,33.34656524658203,33.85518590998043
26.732,0,-13.473240852355957,23.324283599853516,68.20105743408203,-83.69618225097656,-88.01895141601562,33.307273864746094,-13.473240852355957,23.324283599853516,68.20105743408203,-83.69618225097656,-88.01895141601562,33.307273864746094,33.724722765818655
26.767,0,-13.759278297424316,22.990501403808594,68.42179107666016,-83.568115234375,-88.0533676147461,33.31965637207031,-13.759278297424316,22.990501403808594,68.42179107666016,-83.568115234375,-88.0533676147461,33.31965637207031,33.724722765818655
26.799,0,-13.773200035095215,22.98480987548828,68.46388244628906,-83.642822265625,-88.04715728759766,33.38029098510742,-13.773200035095215,22.98480987548828,68.46388244628906,-83.642822265625,-88.04715728759766,33.38029098510742,33.724722765818655
26.842,0,-13.908818244934082,23.174198150634766,68.4097671508789,-83.77836608886719,-88.0637435913086,33.34497833251953,-13.908818244934082,23.174198150634766,68.4097671508789,-83.77836608886719,-88.0637435913086,33.34497833251953,33.59425962165688
26.868,0,-13.840794563293457,23.438438415527344,68.20121002197266,-83.8487548828125,-88.05428314208984,33.31513595581055,-13.840794563293457,23.438438415527344,68.20121002197266,-83.8487548828125,-88.05428314208984,33.31513595581055,33.52902804957599
26.900,0,-14.122307777404785,23.023956298828125,68.42364501953125,-83.64521789550781,-88.08808898925781,33.306968688964844,-14.122307777404785,23.023956298828125,68.42364501953125,-83.64521789550781,-88.08808898925781,33.306968688964844,33.52902804957599
26.936,0,-14.072945594787598,23.105274200439453,68.3930435180664,-83.72848510742188,-88.06643676757812,33.39386749267578,-14.072945594787598,23.105274200439453,68.3930435180664,-83.72848510742188,-88.06643676757812,33.39386749267578,33.52902804957599
26.967,0,-14.112387657165527,23.28050994873047,68.3470687866211,-83.88414001464844,-88.08451843261719,33.3451042175293,-14.112387657165527,23.28050994873047,68.3470687866211,-83.88414001464844,-88.08451843261719,33.3451042175293,33.52902804957599
27.002,0,-14.05214786529541,23.551025390625,68.13512420654297,-83.96574401855469,-88.0750503540039,33.328453063964844,-14.05214786529541,23.551025390625,68.13512420654297,-83.96574401855469,-88.0750503540039,33.328453063964844,33.52902804957599
27.037,0,-14.351822853088379,23.086029052734375,68.37017822265625,-83.70484924316406,-88.0957260131836,33.35186004638672,-14.351822853088379,23.086029052734375,68.37017822265625,-83.70484924316406,-88.0957260131836,33.35186004638672,33.52902804957599
27.078,0,-14.312289237976074,23.094825744628906,68.36310577392578,-83.73591613769531,-88.07899475097656,33.42150115966797,-14.312289237976074,23.094825744628906,68.36310577392578,-83.73591613769531,-88.07899475097656,33.42150115966797,33.52902804957599
27.105,0,-14.259495735168457,23.380207061767578,68.25053405761719,-83.95079040527344,-88.09625244140625,33.39959716796875,-14.259495735168457,23.380207061767578,68.25053405761719,-83.95079040527344,-88.09625244140625,33.39959716796875,33.52902804957599
27.138,0,-14.20067310333252,23.629154205322266,68.04344940185547,-84.03226470947266,-88.08784484863281,33.39045333862305,-14.20067310333252,23.629154205322266,68.04344940185547,-84.03226470947266,-88.08784484863281,33.39045333862305,33.52902804957599
27.171,0,-14.482321739196777,23.135562896728516,68.30181884765625,-83.75735473632812,-88.10140228271484,33.42741012573242,-14.482321739196777,23.135562896728516,68.30181884765625,-83.75735473632812,-88.10140228271484,33.42741012573242,33.52902804957599
27.205,0,-14.455168724060059,23.165157318115234,68.29217529296875,-83.78791046142578,-88.08790588378906,33.52728271484375,-14.455168724060059,23.165157318115234,68.29217529296875,-83.78791046142578,-88.08790588378906,33.52728271484375,33.52902804957599
27.239,0,-14.401371955871582,23.356128692626953,68.2265625,-83.95420837402344,-88.10572814941406,33.51298141479492,-14.401371955871582,23.356128692626953,68.2265625,-83.95420837402344,-88.10572814941406,33.51298141479492,33.52902804957599
27.271,0,-14.330155372619629,23.554889678955078,68.0680923461914,-84.02813720703125,-88.09742736816406,33.52971649169922,-14.330155372619629,23.554889678955078,68.0680923461914,-84.02813720703125,-88.09742736816406,33.52971649169922,33.52902804957599
27.305,0,-14.41342830657959,23.405384063720703,68.16130828857422,-83.9872055053711,-88.15335845947266,33.63252639770508,-14.41342830657959,23.405384063720703,68.16130828857422,-83.9872055053711,-88.15335845947266,33.63252639770508,33.52902804957599
27.338,0,-14.397774696350098,23.378501892089844,68.21891021728516,-84.02975463867188,-88.1336898803711,33.722679138183594,-14.397774696350098,23.378501892089844,68.21891021728516,-84.02975463867188,-88.1336898803711,33.722679138183594,33.52902804957599
27.371,0,-14.508479118347168,23.094226837158203,68.3622817993164,-83.82151794433594,-88.10478973388672,33.77850341796875,-14.508479118347168,23.094226837158203,68.3622817993164,-83.82151794433594,-88.10478973388672,33.77850341796875,33.52902804957599
27.405,0,-14.42595386505127,23.26197052001953,68.19906616210938,-83.83277893066406,-88.09085083007812,33.793853759765625,-14.42595386505127,23.26197052001953,68.19906616210938,-83.83277893066406,-88.09085083007812,33.793853759765625,33.52902804957599
27.446,0,-14.51210880279541,23.000152587890625,68.32198333740234,-83.70707702636719,-88.14669799804688,33.87625503540039,-14.51210880279541,23.000152587890625,68.32198333740234,-83.70707702636719,-88.14669799804688,33.87625503540039,33.52902804957599
27.472,0,-14.656954765319824,23.005718231201172,68.42931365966797,-83.82009887695312,-88.11803436279297,33.86503219604492,-14.656954765319824,23.005718231201172,68.42931365966797,-83.82009887695312,-88.11803436279297,33.86503219604492,33.52902804957599
27.505,0,-14.777987480163574,22.75218963623047,68.5842514038086,-83.65353393554688,-88.09020233154297,33.92876052856445,-14.777987480163574,22.75218963623047,68.5842514038086,-83.65353393554688,-88.09020233154297,33.92876052856445,33.52902804957599
27.542,0,-14.69831371307373,22.939556121826172,68.40727996826172,-83.67465209960938,-88.07701110839844,33.95953369140625,-14.69831371307373,22.939556121826172,68.40727996826172,-83.67465209960938,-88.07701110839844,33.95953369140625,33.52902804957599
27.575,0,-14.667679786682129,22.442161560058594,68.61659240722656,-83.27970123291016,-88.08336639404297,33.9739990234375,-14.667679786682129,22.442161560058594,68.61659240722656,-83.27970123291016,-88.08336639404297,33.9739990234375,33.52902804957599
27.607,0,-14.822476387023926,22.434261322021484,68.7496109008789,-83.40039825439453,-88.06224060058594,33.949161529541016,-14.822476387023926,22.434261322021484,68.7496109008789,-83.40039825439453,-88.06224060058594,33.949161529541016,33.52902804957599
27.641,0,-14.840657234191895,22.31751251220703,68.81737518310547,-83.26478576660156,-88.02500915527344,33.99187088012695,-14.840657234191895,22.31751251220703,68.81737518310547,-83.26478576660156,-88.02500915527344,33.99187088012695,33.52902804957599
27.679,0,-14.765267372131348,22.46209716796875,68.65125274658203,-83.24761199951172,-88.01362609863281,34.00640869140625,-14.765267372131348,22.46209716796875,68.65125274658203,-83.24761199951172,-88.01362609863281,34.00640869140625,33.52902804957599
27.706,0,-14.73932933807373,21.956871032714844,68.8715591430664,-82.84378051757812,-88.01654815673828,34.03191375732422,-14.73932933807373,21.956871032714844,68.8715591430664,-82.84378051757812,-88.01654815673828,34.03191375732422,33.52902804957599
27.742,0,-14.899680137634277,21.943771362304688,69.00418853759766,-82.9482421875,-87.99532318115234,34.026031494140625,-14.899680137634277,21.943771362304688,69.00418853759766,-82.9482421875,-87.99532318115234,34.026031494140625,33.52902804957599
27.774,0,-14.937003135681152,21.71710205078125,69.08908081054688,-82.75906372070312,-87.9538345336914,34.01420593261719,-14.937003135681152,21.71710205078125,69.08908081054688,-82.75906372070312,-87.9538345336914,34.01420593261719,33.52902804957599
27.812,0,-14.862353324890137,22.023334503173828,68.76985931396484,-82.79984283447266,-87.96734619140625,34.05039978027344,-14.862353324890137,22.023334503173828,68.76985931396484,-82.79984283447266,-87.96734619140625,34.05039978027344,33.52902804957599
27.840,0,-14.868060111999512,21.447105407714844,69.05036163330078,-82.39535522460938,-87.97183227539062,34.05741882324219,-14.868060111999512,21.447105407714844,69.05036163330078,-82.39535522460938,-87.97183227539062,34.05741882324219,33.52902804957599
27.875,0,-15.033381462097168,21.486827850341797,69.16629028320312,-82.54962921142578,-87.9612045288086,34.038108825683594,-15.033381462097168,21.486827850341797,69.16629028320312,-82.54962921142578,-87.9612045288086,34.038108825683594,33.52902804957599
27.912,0,-15.042866706848145,21.373458862304688,69.2198715209961,-82.43914794921875,-87.94194030761719,34.04193878173828,-15.042866706848145,21.373458862304688,69.2198715209961,-82.43914794921875,-87.94194030761719,34.04193878173828,33.52902804957599
27.941,0,-14.987902641296387,21.777141571044922,68.88874816894531,-82.5711669921875,-87.9510498046875,34.085693359375,-14.987902641296387,21.777141571044922,68.88874816894531,-82.5711669921875,-87.9510498046875,34.085693359375,33.52902804957599
28.008,0,-14.928912162780762,21.719329833984375,68.93033599853516,-82.53645324707031,-87.93122863769531,34.203609466552734,-14.928912162780762,21.719329833984375,68.93033599853516,-82.53645324707031,-87.93122863769531,34.203609466552734,33.52902804957599
28.036,0,-14.907858848571777,21.644126892089844,69.0258560180664,-82.56879425048828,-87.92711639404297,34.259925842285156,-14.907858848571777,21.644126892089844,69.0258560180664,-82.56879425048828,-87.92711639404297,34.259925842285156,33.724722765818655
28.068,0,-14.85644817352295,21.984066009521484,68.71530151367188,-82.65846252441406,-87.94068908691406,34.30135726928711,-14.85644817352295,21.984066009521484,68.71530151367188,-82.65846252441406,-87.94068908691406,34.30135726928711,33.724722765818655
28.106,0,-14.870287895202637,21.636810302734375,68.81634521484375,-82.34346008300781,-87.95003509521484,34.37258529663086,-14.870287895202637,21.636810302734375,68.81634521484375,-82.34346008300781,-87.95003509521484,34.37258529663086,33.724722765818655
28.133,0,-14.829548835754395,21.563018798828125,68.87129974365234,-82.33538055419922,-87.94237518310547,34.46290969848633,-14.829548835754395,21.563018798828125,68.87129974365234,-82.33538055419922,-87.94237518310547,34.46290969848633,33.85518590998043
28.169,0,-14.78117847442627,21.811336517333984,68.70858764648438,-82.47209167480469,-87.95433807373047,34.41279220581055,-14.78117847442627,21.811336517333984,68.70858764648438,-82.47209167480469,-87.95433807373047,34.41279220581055,33.85518590998043
28.205,0,-15.227896690368652,21.989418029785156,68.77616882324219,-82.66748046875,-87.98408508300781,34.53875732421875,-15.227896690368652,21.989418029785156,68.77616882324219,-82.66748046875,-87.98408508300781,34.53875732421875,33.92041748206132
28.237,0,-15.250248908996582,21.718162536621094,68.8766098022461,-82.42082214355469,-87.99739837646484,34.6251335144043,-15.250248908996582,21.718162536621094,68.8766098022461,-82.42082214355469,-87.99739837646484,34.6251335144043,33.9856490541422
28.272,0,-15.27449893951416,22.234031677246094,68.78517150878906,-82.94454956054688,-87.98226928710938,34.64259338378906,-15.27449893951416,22.234031677246094,68.78517150878906,-82.94454956054688,-87.98226928710938,34.64259338378906,34.11611219830398
28.301,0,-15.228013038635254,22.224281311035156,68.7736587524414,-82.94007873535156,-87.96894073486328,34.59275436401367,-15.228013038635254,22.224281311035156,68.7736587524414,-82.94007873535156,-87.96894073486328,34.59275436401367,34.18134377038486
28.347,0,-15.351141929626465,22.205322265625,68.78091430664062,-82.85780334472656,-87.9533920288086,34.68134307861328,-15.351141929626465,22.205322265625,68.78091430664062,-82.85780334472656,-87.9533920288086,34.68134307861328,34.18134377038486
28.374,0,-15.51562213897705,21.797130584716797,68.89643096923828,-82.48590087890625,-87.98993682861328,34.756710052490234,-15.51562213897705,21.797130584716797,68.89643096923828,-82.48590087890625,-87.98993682861328,34.756710052490234,34.18134377038486
28.408,0,-15.48801326751709,22.169891357421875,68.8548583984375,-82.8956527709961,-87.95659637451172,34.74909591674805,-15.48801326751709,22.169891357421875,68.8548583984375,-82.8956527709961,-87.95659637451172,34.74909591674805,34.18134377038486
28.442,0,-15.43706226348877,22.095478057861328,68.84466552734375,-82.81483459472656,-87.93650817871094,34.672454833984375,-15.43706226348877,22.095478057861328,68.84466552734375,-82.81483459472656,-87.93650817871094,34.672454833984375,34.18134377038486
28.474,0,-15.45862102508545,22.40185546875,68.68059539794922,-82.90116882324219,-87.9422378540039,34.72459411621094,-15.45862102508545,22.40185546875,68.68059539794922,-82.90116882324219,-87.9422378540039,34.72459411621094,34.18134377038486
28.514,0,-15.578866004943848,22.019943237304688,68.8070068359375,-82.55989074707031,-87.97068786621094,34.76101303100586,-15.578866004943848,22.019943237304688,68.8070068359375,-82.55989074707031,-87.97068786621094,34.76101303100586,34.18134377038486
28.554,0,-15.604125022888184,22.492916107177734,68.7331771850586,-83.04444122314453,-87.94586944580078,34.76238250732422,-15.604125022888184,22.492916107177734,68.7331771850586,-83.04444122314453,-87.94586944580078,34.76238250732422,34.18134377038486
28.580,0,-15.56615161895752,22.325702667236328,68.75621795654297,-82.89822387695312,-87.92211151123047,34.66139221191406,-15.56615161895752,22.325702667236328,68.75621795654297,-82.89822387695312,-87.92211151123047,34.66139221191406,34.24657534246575
28.621,0,-15.5884428024292,22.561763763427734,68.60752868652344,-82.91876220703125,-87.9225845336914,34.693145751953125,-15.5884428024292,22.561763763427734,68.60752868652344,-82.91876220703125,-87.9225845336914,34.693145751953125,34.37703848662753
28.649,0,-15.52074146270752,23.04755401611328,68.43614959716797,-83.30274963378906,-87.90504455566406,34.685401916503906,-15.52074146270752,23.04755401611328,68.43614959716797,-83.30274963378906,-87.90504455566406,34.685401916503906,34.37703848662753
28.684,0,-15.504860877990723,22.969573974609375,68.49514770507812,-83.24562072753906,-87.865966796875,34.611183166503906,-15.504860877990723,22.969573974609375,68.49514770507812,-83.24562072753906,-87.865966796875,34.611183166503906,34.37703848662753
28.715,0,-15.488476753234863,22.870052337646484,68.49967193603516,-83.1427001953125,-87.83810424804688,34.51411819458008,-15.488476753234863,22.870052337646484,68.49967193603516,-83.1427001953125,-87.83810424804688,34.51411819458008,34.37703848662753
28.748,0,-15.662432670593262,22.44265365600586,68.62642669677734,-82.7854995727539,-87.85980224609375,34.564361572265625,-15.662432670593262,22.44265365600586,68.62642669677734,-82.7854995727539,-87.85980224609375,34.564361572265625,34.37703848662753
28.783,0,-15.698708534240723,22.871898651123047,68.53760528564453,-83.21371459960938,-87.83238220214844,34.53372573852539,-15.698708534240723,22.871898651123047,68.53760528564453,-83.21371459960938,-87.83238220214844,34.53372573852539,34.37703848662753
28.816,0,-15.666337013244629,22.789695739746094,68.57356262207031,-83.16067504882812,-87.78851318359375,34.43223571777344,-15.666337013244629,22.789695739746094,68.57356262207031,-83.16067504882812,-87.78851318359375,34.43223571777344,34.37703848662753
28.848,0,-15.632950782775879,22.928565979003906,68.39141845703125,-83.17277526855469,-87.83123779296875,34.479454040527344,-15.632950782775879,22.928565979003906,68.39141845703125,-83.17277526855469,-87.83123779296875,34.479454040527344,34.37703848662753
28.882,0,-15.781636238098145,22.65972137451172,68.4676742553711,-82.93748474121094,-87.85054016113281,34.531558990478516,-15.781636238098145,22.65972137451172,68.4676742553711,-82.93748474121094,-87.85054016113281,34.531558990478516,34.37703848662753
28.916,0,-15.758599281311035,23.109603881835938,68.33621215820312,-83.36265563964844,-87.83302307128906,34.492591857910156,-15.758599281311035,23.109603881835938,68.33621215820312,-83.36265563964844,-87.83302307128906,34.492591857910156,34.37703848662753
28.949,0,-15.72789478302002,23.16114044189453,68.33019256591797,-83.40847778320312,-87.79595947265625,34.429290771484375,-15.72789478302002,23.16114044189453,68.33019256591797,-83.40847778320312,-87.79595947265625,34.429290771484375,34.37703848662753
28.982,0,-15.694771766662598,23.35346221923828,68.17935180664062,-83.49254608154297,-87.8346176147461,34.451171875,-15.694771766662598,23.35346221923828,68.17935180664062,-83.49254608154297,-87.8346176147461,34.451171875,34.37703848662753
29.018,0,-15.671137809753418,23.211715698242188,68.2501220703125,-83.35539245605469,-87.81016540527344,34.47949981689453,-15.671137809753418,23.211715698242188,68.2501220703125,-83.35539245605469,-87.81016540527344,34.47949981689453,34.37703848662753
29.049,0,-15.586085319519043,23.54395294189453,68.14148712158203,-83.66494750976562,-87.78410339355469,34.4136848449707,-15.586085319519043,23.54395294189453,68.14148712158203,-83.66494750976562,-87.78410339355469,34.4136848449707,34.37703848662753
29.083,0,-15.56162166595459,23.61220932006836,68.04388427734375,-83.64022827148438,-87.77738952636719,34.366676330566406,-15.56162166595459,23.61220932006836,68.04388427734375,-83.64022827148438,-87.77738952636719,34.366676330566406,34.37703848662753
29.116,0,-15.534163475036621,23.814319610595703,67.92144012451172,-83.7477035522461,-87.81341552734375,34.38374328613281,-15.534163475036621,23.814319610595703,67.92144012451172,-83.7477035522461,-87.81341552734375,34.38374328613281,34.37703848662753
29.154,0,-15.483668327331543,23.660945892333984,68.05695343017578,-83.66765594482422,-87.78845977783203,34.395469665527344,-15.483668327331543,23.660945892333984,68.05695343017578,-83.66765594482422,-87.78845977783203,34.395469665527344,34.37703848662753
29.184,0,-15.404099464416504,23.85045623779297,68.01287078857422,-83.87120056152344,-87.76180267333984,34.36123275756836,-15.404099464416504,23.85045623779297,68.01287078857422,-83.87120056152344,-87.76180267333984,34.36123275756836,34.37703848662753
29.217,0,-15.386475563049316,23.92282485961914,67.9383544921875,-83.853271484375,-87.7497329711914,34.32253646850586,-15.386475563049316,23.92282485961914,67.9383544921875,-83.853271484375,-87.7497329711914,34.32253646850586,34.37703848662753
29.250,0,-15.34472942352295,24.07122802734375,67.8301010131836,-83.89778137207031,-87.766845703125,34.3238525390625,-15.34472942352295,24.07122802734375,67.8301010131836,-83.89778137207031,-87.766845703125,34.3238525390625,34.37703848662753
29.284,0,-15.408787727355957,23.769306182861328,67.9884033203125,-83.69918823242188,-87.77249145507812,34.28422164916992,-15.408787727355957,23.769306182861328,67.9884033203125,-83.69918823242188,-87.77249145507812,34.28422164916992,34.37703848662753
29.318,0,-15.313250541687012,23.914188385009766,67.93407440185547,-83.85284423828125,-87.74443054199219,34.24259948730469,-15.313250541687012,23.914188385009766,67.93407440185547,-83.85284423828125,-87.74443054199219,34.24259948730469,34.37703848662753
29.351,0,-15.262730598449707,23.952972412109375,67.93385314941406,-83.88104248046875,-87.72042846679688,34.14263916015625,-15.262730598449707,23.952972412109375,67.93385314941406,-83.88104248046875,-87.72042846679688,34.14263916015625,34.37703848662753
29.388,0,-15.256770133972168,24.2305908203125,67.7054214477539,-83.96221160888672,-87.7748794555664,34.166866302490234,-15.256770133972168,24.2305908203125,67.7054214477539,-83.96221160888672,-87.7748794555664,34.166866302490234,34.37703848662753
29.423,0,-15.232077598571777,23.81832504272461,67.98332214355469,-83.73516082763672,-87.76191711425781,34.08753204345703,-15.232077598571777,23.81832504272461,67.98332214355469,-83.73516082763672,-87.76191711425781,34.08753204345703,34.37703848662753
29.449,0,-15.123642921447754,23.929100036621094,67.95366668701172,-83.87483215332031,-87.73050689697266,34.02228546142578,-15.123642921447754,23.929100036621094,67.95366668701172,-83.87483215332031,-87.73050689697266,34.02228546142578,34.37703848662753
29.491,0,-15.084057807922363,23.949440002441406,68.05133819580078,-83.96722412109375,-87.72162628173828,33.95832061767578,-15.084057807922363,23.949440002441406,68.05133819580078,-83.96722412109375,-87.72162628173828,33.95832061767578,34.37703848662753
29.519,0,-15.054200172424316,24.244068145751953,67.81578826904297,-84.04367065429688,-87.77452850341797,33.946136474609375,-15.054200172424316,24.244068145751953,67.81578826904297,-84.04367065429688,-87.77452850341797,33.946136474609375,34.37703848662753
29.551,0,-14.999190330505371,23.979686737060547,67.97896575927734,-83.88885498046875,-87.7680892944336,33.866371154785156,-14.999190330505371,23.979686737060547,67.97896575927734,-83.88885498046875,-87.7680892944336,33.866371154785156,34.37703848662753
29.584,0,-14.867859840393066,24.124263763427734,67.91683197021484,-84.02255249023438,-87.73970031738281,33.80497741699219,-14.867859840393066,24.124263763427734,67.91683197021484,-84.02255249023438,-87.73970031738281,33.80497741699219,34.37703848662753
29.618,0,-14.809769630432129,24.044513702392578,68.06761169433594,-84.08403778076172,-87.72623443603516,33.70069122314453,-14.809769630432129,24.044513702392578,68.06761169433594,-84.08403778076172,-87.72623443603516,33.70069122314453,34.37703848662753
29.655,0,-14.853203773498535,24.432209014892578,67.7557144165039,-84.17137145996094,-87.77799224853516,33.77800750732422,-14.853203773498535,24.432209014892578,67.7557144165039,-84.17137145996094,-87.77799224853516,33.77800750732422,34.31180691454664
29.697,0,-14.8006010055542,24.106842041015625,67.97941589355469,-84.01055908203125,-87.7770767211914,33.70309829711914,-14.8006010055542,24.106842041015625,67.97941589355469,-84.01055908203125,-87.7770767211914,33.70309829711914,34.24657534246575
29.726,0,-14.647189140319824,24.12726593017578,67.92900848388672,-84.05303955078125,-87.74788665771484,33.62672805786133,-14.647189140319824,24.12726593017578,67.92900848388672,-84.05303955078125,-87.74788665771484,33.62672805786133,34.05088062622309
29.763,0,-14.574065208435059,24.037288665771484,68.05997467041016,-84.06604766845703,-87.73623657226562,33.530914306640625,-14.574065208435059,24.037288665771484,68.05997467041016,-84.06604766845703,-87.73623657226562,33.530914306640625,34.05088062622309
29.793,0,-14.533751487731934,24.34282684326172,67.77462005615234,-84.12123107910156,-87.7993392944336,33.621028900146484,-14.533751487731934,24.34282684326172,67.77462005615234,-84.12123107910156,-87.7993392944336,33.621028900146484,34.05088062622309
29.824,0,-14.513455390930176,24.012004852294922,67.69496154785156,-83.67005920410156,-87.81611633300781,33.6457633972168,-14.513455390930176,24.012004852294922,67.69496154785156,-83.67005920410156,-87.81611633300781,33.6457633972168,34.05088062622309
29.857,0,-14.363387107849121,23.985244750976562,67.65667724609375,-83.66407775878906,-87.79232025146484,33.580135345458984,-14.363387107849121,23.985244750976562,67.65667724609375,-83.66407775878906,-87.79232025146484,33.580135345458984,34.05088062622309
29.892,0,-14.26506519317627,23.8995361328125,67.71002197265625,-83.65042114257812,-87.79425811767578,33.53950500488281,-14.26506519317627,23.8995361328125,67.71002197265625,-83.65042114257812,-87.79425811767578,33.53950500488281,34.05088062622309
29.933,0,-14.28764820098877,24.20916748046875,67.42886352539062,-83.71192169189453,-87.86576843261719,33.65006637573242,-14.28764820098877,24.20916748046875,67.42886352539062,-83.71192169189453,-87.86576843261719,33.65006637573242,34.05088062622309
29.960,0,-14.332564353942871,24.046066284179688,67.23291778564453,-83.31687927246094,-87.8913803100586,33.70614242553711,-14.332564353942871,24.046066284179688,67.23291778564453,-83.31687927246094,-87.8913803100586,33.70614242553711,34.05088062622309
29.991,0,-14.22363567352295,24.44052505493164,67.00028991699219,-83.5414047241211,-87.87213134765625,33.655277252197266,-14.22363567352295,24.44052505493164,67.00028991699219,-83.5414047241211,-87.87213134765625,33.655277252197266,33.9856490541422
30.025,0,-14.143071174621582,24.439064025878906,66.9972915649414,-83.53556823730469,-87.8797607421875,33.62274932861328,-14.143071174621582,24.439064025878906,66.9972915649414,-83.53556823730469,-87.8797607421875,33.62274932861328,33.9856490541422
30.059,0,-14.066815376281738,24.734230041503906,66.69692993164062,-83.58079528808594,-87.95684814453125,33.70472717285156,-14.066815376281738,24.734230041503906,66.69692993164062,-83.58079528808594,-87.95684814453125,33.70472717285156,33.9856490541422
30.092,0,-14.042254447937012,24.579418182373047,66.52720642089844,-83.20658874511719,-87.9782943725586,33.773067474365234,-14.042254447937012,24.579418182373047,66.52720642089844,-83.20658874511719,-87.9782943725586,33.773067474365234,33.9856490541422
30.126,0,-13.837464332580566,24.905067443847656,66.28303527832031,-83.321044921875,-87.95919799804688,33.73786544799805,-13.837464332580566,24.905067443847656,66.28303527832031,-83.321044921875,-87.95919799804688,33.73786544799805,33.9856490541422
30.159,0,-13.760453224182129,24.85772705078125,66.29090881347656,-83.2490234375,-87.9724349975586,33.704254150390625,-13.760453224182129,24.85772705078125,66.29090881347656,-83.2490234375,-87.9724349975586,33.704254150390625,33.9856490541422
30.192,0,-13.713860511779785,25.006481170654297,66.0419692993164,-83.20907592773438,-88.05397033691406,33.82659912109375,-13.713860511779785,25.006481170654297,66.0419692993164,-83.20907592773438,-88.05397033691406,33.82659912109375,33.9856490541422
30.226,0,-13.62552547454834,24.9232177734375,66.07608032226562,-83.091796875,-88.04812622070312,33.87068176269531,-13.62552547454834,24.9232177734375,66.07608032226562,-83.091796875,-88.04812622070312,33.87068176269531,33.9856490541422
30.260,0,-13.484349250793457,25.18970489501953,65.93226623535156,-83.26458740234375,-88.02690124511719,33.82282257080078,-13.484349250793457,25.18970489501953,65.93226623535156,-83.26458740234375,-88.02690124511719,33.82282257080078,33.9856490541422
30.294,0,-13.503090858459473,25.055503845214844,65.93695068359375,-83.07827758789062,-88.0331039428711,33.786800384521484,-13.503090858459473,25.055503845214844,65.93695068359375,-83.07827758789062,-88.0331039428711,33.786800384521484,33.9856490541422
30.326,0,-13.382645606994629,25.102069854736328,65.77664947509766,-82.9815444946289,-88.08354187011719,33.87187957763672,-13.382645606994629,25.102069854736328,65.77664947509766,-82.9815444946289,-88.08354187011719,33.87187957763672,33.9856490541422
30.362,0,-13.250096321105957,25.222339630126953,65.66006469726562,-82.9327392578125,-88.08435821533203,33.910499572753906,-13.250096321105957,25.222339630126953,65.66006469726562,-82.9327392578125,-88.08435821533203,33.910499572753906,33.9856490541422
30.395,0,-13.02245807647705,25.507564544677734,65.46652221679688,-83.07369995117188,-88.06156921386719,33.838932037353516,-13.02245807647705,25.507564544677734,65.46652221679688,-83.07369995117188,-88.06156921386719,33.838932037353516,33.9856490541422
30.427,0,-13.027411460876465,25.347564697265625,65.456298828125,-82.83342742919922,-88.0738754272461,33.84461975097656,-13.027411460876465,25.347564697265625,65.456298828125,-82.83342742919922,-88.0738754272461,33.84461975097656,33.9856490541422
30.460,0,-12.888741493225098,25.277515411376953,65.34616088867188,-82.66691589355469,-88.11470794677734,33.89234161376953,-12.888741493225098,25.277515411376953,65.34616088867188,-82.66691589355469,-88.11470794677734,33.89234161376953,33.9856490541422
30.495,0,-12.790547370910645,25.02581024169922,65.21060943603516,-82.19316864013672,-88.13583374023438,33.9852294921875,-12.790547370910645,25.02581024169922,65.21060943603516,-82.19316864013672,-88.13583374023438,33.9852294921875,33.9856490541422
30.529,0,-12.664135932922363,25.221237182617188,65.02149963378906,-82.23150634765625,-88.12665557861328,33.914859771728516,-12.664135932922363,25.221237182617188,65.02149963378906,-82.23150634765625,-88.12665557861328,33.914859771728516,33.9856490541422
30.562,0,-12.752808570861816,25.303199768066406,64.8126449584961,-82.04377746582031,-88.14997100830078,33.960140228271484,-12.752808570861816,25.303199768066406,64.8126449584961,-82.04377746582031,-88.14997100830078,33.960140228271484,33.9856490541422
30.595,0,-12.67180347442627,25.04186248779297,64.87140655517578,-81.75210571289062,-88.11000061035156,34.02744674682617,-12.67180347442627,25.04186248779297,64.87140655517578,-81.75210571289062,-88.11000061035156,34.02744674682617,33.9856490541422
30.629,0,-12.593777656555176,24.901599884033203,64.89228820800781,-81.53385925292969,-88.07827758789062,34.09750747680664,-12.593777656555176,24.901599884033203,64.89228820800781,-81.53385925292969,-88.07827758789062,34.09750747680664,33.9856490541422
30.661,0,-12.456313133239746,25.108753204345703,64.70327758789062,-81.55027770996094,-88.06942749023438,34.07000732421875,-12.456313133239746,25.108753204345703,64.70327758789062,-81.55027770996094,-88.06942749023438,34.07000732421875,33.9856490541422
30.695,0,-12.52373218536377,25.24236297607422,64.47904968261719,-81.4305419921875,-88.091064453125,34.11119079589844,-12.52373218536377,25.24236297607422,64.47904968261719,-81.4305419921875,-88.091064453125,34.11119079589844,33.9856490541422
30.729,0,-12.438746452331543,24.916561126708984,64.56218719482422,-81.09085083007812,-88.05011749267578,34.15108871459961,-12.438746452331543,24.916561126708984,64.56218719482422,-81.09085083007812,-88.05011749267578,34.15108871459961,33.9856490541422
30.761,0,-12.367836952209473,24.709117889404297,64.5931625366211,-80.8204345703125,-88.01937103271484,34.247379302978516,-12.367836952209473,24.709117889404297,64.5931625366211,-80.8204345703125,-88.01937103271484,34.247379302978516,33.9856490541422
30.795,0,-12.223982810974121,24.935890197753906,64.3969955444336,-80.86305236816406,-88.01362609863281,34.22357940673828,-12.223982810974121,24.935890197753906,64.3969955444336,-80.86305236816406,-88.01362609863281,34.22357940673828,33.9856490541422
30.828,0,-12.303105354309082,25.049598693847656,64.17250061035156,-80.71456909179688,-88.03550720214844,34.24483108520508,-12.303105354309082,25.049598693847656,64.17250061035156,-80.71456909179688,-88.03550720214844,34.24483108520508,33.9856490541422
30.862,0,-12.166640281677246,24.81991195678711,64.14616394042969,-80.38662719726562,-88.03750610351562,34.318382263183594,-12.166640281677246,24.81991195678711,64.14616394042969,-80.38662719726562,-88.03750610351562,34.318382263183594,33.9856490541422
30.896,0,-12.077912330627441,24.59436798095703,64.219970703125,-80.15971374511719,-88.001220703125,34.408424377441406,-12.077912330627441,24.59436798095703,64.219970703125,-80.15971374511719,-88.001220703125,34.408424377441406,33.9856490541422
30.928,0,-11.934029579162598,24.776046752929688,64.02313995361328,-80.12112426757812,-88.00193786621094,34.37035369873047,-11.934029579162598,24.776046752929688,64.02313995361328,-80.12112426757812,-88.00193786621094,34.37035369873047,33.9856490541422
30.963,0,-12.257676124572754,25.3272705078125,63.80565643310547,-80.58343505859375,-88.0172119140625,34.429988861083984,-12.257676124572754,25.3272705078125,63.80565643310547,-80.58343505859375,-88.0172119140625,34.429988861083984,33.9856490541422
30.996,0,-12.127242088317871,25.11758041381836,63.76987838745117,-80.2471923828125,-88.01966094970703,34.53601837158203,-12.127242088317871,25.11758041381836,63.76987838745117,-80.2471923828125,-88.01966094970703,34.53601837158203,33.9856490541422
31.030,0,-12.032868385314941,24.855464935302734,63.8651008605957,-80.02344512939453,-87.96746826171875,34.583099365234375,-12.032868385314941,24.855464935302734,63.8651008605957,-80.02344512939453,-87.96746826171875,34.583099365234375,33.9856490541422
31.063,0,-11.903504371643066,24.96973419189453,63.719608306884766,-79.95599365234375,-87.96137237548828,34.5168571472168,-11.903504371643066,24.96973419189453,63.719608306884766,-79.95599365234375,-87.96137237548828,34.5168571472168,34.05088062622309
31.102,0,-12.168320655822754,25.40201187133789,63.587886810302734,-80.37400817871094,-87.9828872680664,34.54823303222656,-12.168320655822754,25.40201187133789,63.587886810302734,-80.37400817871094,-87.9828872680664,34.54823303222656,34.18134377038486
31.133,0,-12.00209903717041,25.325336456298828,63.48731994628906,-80.14321899414062,-87.99901580810547,34.53912353515625,-12.00209903717041,25.325336456298828,63.48731994628906,-80.14321899414062,-87.99901580810547,34.53912353515625,34.24657534246575
31.162,0,-11.907952308654785,25.051551818847656,63.595008850097656,-79.88581848144531,-87.9500961303711,34.59196090698242,-11.907952308654785,25.051551818847656,63.595008850097656,-79.88581848144531,-87.9500961303711,34.59196090698242,34.24657534246575
31.196,0,-11.811135292053223,24.62569808959961,63.764915466308594,-79.49889373779297,-87.91795349121094,34.687644958496094,-11.811135292053223,24.62569808959961,63.764915466308594,-79.49889373779297,-87.91795349121094,34.687644958496094,34.24657534246575
31.229,0,-12.076067924499512,25.007003784179688,63.63604736328125,-79.85899353027344,-87.93594360351562,34.69504165649414,-12.076067924499512,25.007003784179688,63.63604736328125,-79.85899353027344,-87.93594360351562,34.69504165649414,34.24657534246575
31.263,0,-11.918776512145996,24.969341278076172,63.509857177734375,-79.63136291503906,-87.95488739013672,34.70005416870117,-11.918776512145996,24.969341278076172,63.509857177734375,-79.63136291503906,-87.95488739013672,34.70005416870117,34.24657534246575
31.297,0,-11.815594673156738,24.701122283935547,63.59058380126953,-79.36372375488281,-87.91320037841797,34.76413345336914,-11.815594673156738,24.701122283935547,63.59058380126953,-79.36372375488281,-87.91320037841797,34.76413345336914,34.24657534246575
31.331,0,-11.698994636535645,24.189048767089844,63.76787567138672,-78.881103515625,-87.87641143798828,34.8196907043457,-11.698994636535645,24.189048767089844,63.76787567138672,-78.881103515625,-87.87641143798828,34.8196907043457,34.24657534246575
31.364,0,-12.034195899963379,24.660320281982422,63.60782241821289,-79.28793334960938,-87.89629364013672,34.88440704345703,-12.034195899963379,24.660320281982422,63.60782241821289,-79.28793334960938,-87.89629364013672,34.88440704345703,34.24657534246575
31.397,0,-11.97819995880127,24.339900970458984,63.73603439331055,-79.0051040649414,-87.83839416503906,34.9193115234375,-11.97819995880127,24.339900970458984,63.73603439331055,-79.0051040649414,-87.83839416503906,34.9193115234375,34.24657534246575
31.431,0,-11.828328132629395,23.68775177001953,63.989723205566406,-78.46002960205078,-87.79595947265625,34.94032669067383,-11.828328132629395,23.68775177001953,63.989723205566406,-78.46002960205078,-87.79595947265625,34.94032669067383,34.24657534246575
31.465,0,-11.801962852478027,23.2568359375,64.13232421875,-78.16748809814453,-87.83074951171875,34.946109771728516,-11.801962852478027,23.2568359375,64.13232421875,-78.16748809814453,-87.83074951171875,34.946109771728516,34.5075016307893
31.498,0,-12.150046348571777,23.560218811035156,64.05238342285156,-78.44175720214844,-87.85437774658203,35.005218505859375,-12.150046348571777,23.560218811035156,64.05238342285156,-78.44175720214844,-87.85437774658203,35.005218505859375,34.5075016307893
31.531,0,-12.090079307556152,23.2088623046875,64.20316314697266,-78.15707397460938,-87.7965087890625,35.02354431152344,-12.090079307556152,23.2088623046875,64.20316314697266,-78.15707397460938,-87.7965087890625,35.02354431152344,34.57273320287019
31.566,0,-11.885563850402832,22.787067413330078,64.37847900390625,-77.80801391601562,-87.77029418945312,34.97442626953125,-11.885563850402832,22.787067413330078,64.37847900390625,-77.80801391601562,-87.77029418945312,34.97442626953125,34.63796477495107
31.603,0,-11.902167320251465,22.325519561767578,64.47006225585938,-77.44583129882812,-87.82945251464844,34.99101257324219,-11.902167320251465,22.325519561767578,64.47006225585938,-77.44583129882812,-87.82945251464844,34.99101257324219,34.63796477495107
31.723,0,-12.16797161102295,22.427627563476562,64.45823669433594,-77.56449890136719,-87.87754821777344,35.01130676269531,-12.16797161102295,22.427627563476562,64.45823669433594,-77.56449890136719,-87.87754821777344,35.01130676269531,34.63796477495107
31.784,0,-12.498002052307129,23.339542388916016,64.10490417480469,-78.24400329589844,-87.85613250732422,35.0467414855957,-12.498002052307129,23.339542388916016,64.10490417480469,-78.24400329589844,-87.85613250732422,35.0467414855957,34.63796477495107
31.812,0,-12.329955101013184,22.828556060791016,64.36582946777344,-77.8787841796875,-87.8286361694336,34.98210525512695,-12.329955101013184,22.828556060791016,64.36582946777344,-77.8787841796875,-87.8286361694336,34.98210525512695,34.63796477495107
31.844,0,-12.327082633972168,22.443138122558594,64.42984008789062,-77.5739517211914,-87.88334655761719,34.99094009399414,-12.327082633972168,22.443138122558594,64.42984008789062,-77.5739517211914,-87.88334655761719,34.99094009399414,34.63796477495107
31.876,0,-12.586670875549316,22.607295989990234,64.4101333618164,-77.74200439453125,-87.9229736328125,35.01758575439453,-12.586670875549316,22.607295989990234,64.4101333618164,-77.74200439453125,-87.9229736328125,35.01758575439453,34.63796477495107
31.916,0,-12.952452659606934,23.593135833740234,64.03890991210938,-78.48936462402344,-87.90745544433594,35.0685920715332,-12.952452659606934,23.593135833740234,64.03890991210938,-78.48936462402344,-87.90745544433594,35.0685920715332,34.63796477495107
31.951,0,-12.792805671691895,22.993038177490234,64.33453369140625,-78.06038665771484,-87.87858581542969,34.981048583984375,-12.792805671691895,22.993038177490234,64.33453369140625,-78.06038665771484,-87.87858581542969,34.981048583984375,34.63796477495107
31.980,0,-12.78968334197998,22.658931732177734,64.39994812011719,-77.80221557617188,-87.93525695800781,34.99098205566406,-12.78968334197998,22.658931732177734,64.39994812011719,-77.80221557617188,-87.93525695800781,34.99098205566406,34.63796477495107
32.010,0,-13.018750190734863,22.752471923828125,64.43836975097656,-77.96956634521484,-87.97914123535156,35.00807189941406,-13.018750190734863,22.752471923828125,64.43836975097656,-77.96956634521484,-87.97914123535156,35.00807189941406,34.63796477495107
32.044,0,-13.342377662658691,23.593223571777344,64.15480041503906,-78.64872741699219,-87.95903778076172,35.01217269897461,-13.342377662658691,23.593223571777344,64.15480041503906,-78.64872741699219,-87.95903778076172,35.01217269897461,34.63796477495107
32.079,0,-13.210474967956543,23.094890594482422,64.41226196289062,-78.30451965332031,-87.93121337890625,34.93711853027344,-13.210474967956543,23.094890594482422,64.41226196289062,-78.30451965332031,-87.93121337890625,34.93711853027344,34.63796477495107
32.113,0,-13.564961433410645,23.58944320678711,64.28451538085938,-78.79025268554688,-87.9325942993164,34.90208435058594,-13.564961433410645,23.58944320678711,64.28451538085938,-78.79025268554688,-87.9325942993164,34.90208435058594,34.63796477495107
32.145,0,-13.774685859680176,23.741348266601562,64.31578063964844,-79.01017761230469,-87.97132873535156,34.92936706542969,-13.774685859680176,23.741348266601562,64.31578063964844,-79.01017761230469,-87.97132873535156,34.92936706542969,34.63796477495107
32.179,0,-13.956038475036621,24.583187103271484,64.05501556396484,-79.70539855957031,-87.93792724609375,34.949039459228516,-13.956038475036621,24.583187103271484,64.05501556396484,-79.70539855957031,-87.93792724609375,34.949039459228516,34.63796477495107
32.212,0,-13.834473609924316,24.184585571289062,64.2979965209961,-79.4306640625,-87.90141296386719,34.882225036621094,-13.834473609924316,24.184585571289062,64.2979965209961,-79.4306640625,-87.90141296386719,34.882225036621094,34.63796477495107
32.249,0,-13.894827842712402,23.702350616455078,64.47476959228516,-79.11463928222656,-87.94230651855469,34.818546295166016,-13.894827842712402,23.702350616455078,64.47476959228516,-79.11463928222656,-87.94230651855469,34.818546295166016,34.63796477495107
32.282,0,-14.262551307678223,24.128154754638672,64.41474914550781,-79.55390167236328,-87.95658874511719,34.90351867675781,-14.262551307678223,24.128154754638672,64.41474914550781,-79.55390167236328,-87.95658874511719,34.90351867675781,34.63796477495107
32.313,0,-14.460165977478027,25.00218963623047,64.15333557128906,-80.28621673583984,-87.92219543457031,34.909873962402344,-14.460165977478027,25.00218963623047,64.15333557128906,-80.28621673583984,-87.92219543457031,34.909873962402344,34.63796477495107
32.345,0,-14.339922904968262,24.649749755859375,64.3675765991211,-80.05050659179688,-87.8834457397461,34.87080383300781,-14.339922904968262,24.649749755859375,64.3675765991211,-80.05050659179688,-87.8834457397461,34.87080383300781,34.63796477495107
32.379,0,-14.418854713439941,24.206645965576172,64.55674743652344,-79.78582763671875,-87.914794921875,34.80946731567383,-14.418854713439941,24.206645965576172,64.55674743652344,-79.78582763671875,-87.914794921875,34.80946731567383,34.63796477495107
32.413,0,-14.790421485900879,24.538097381591797,64.5496597290039,-80.16653442382812,-87.92973327636719,34.877540588378906,-14.790421485900879,24.538097381591797,64.5496597290039,-80.16653442382812,-87.92973327636719,34.877540588378906,34.63796477495107
32.445,0,-15.010764122009277,25.37487030029297,64.30071258544922,-80.87028503417969,-87.89736938476562,34.88587188720703,-15.010764122009277,25.37487030029297,64.30071258544922,-80.87028503417969,-87.89736938476562,34.88587188720703,34.63796477495107
32.480,0,-14.919625282287598,25.07950210571289,64.50867462158203,-80.72830963134766,-87.85526275634766,34.84550476074219,-14.919625282287598,25.07950210571289,64.50867462158203,-80.72830963134766,-87.85526275634766,34.84550476074219,34.63796477495107
32.512,0,-15.001824378967285,24.542186737060547,64.75023651123047,-80.4299087524414,-87.88583374023438,34.80056381225586,-15.001824378967285,24.542186737060547,64.75023651123047,-80.4299087524414,-87.88583374023438,34.80056381225586,34.63796477495107
32.545,0,-15.336865425109863,24.75467300415039,64.69512176513672,-80.6185073852539,-87.89863586425781,34.814056396484375,-15.336865425109863,24.75467300415039,64.69512176513672,-80.6185073852539,-87.89863586425781,34.814056396484375,34.63796477495107
32.582,0,-15.448222160339355,25.715843200683594,64.41254425048828,-81.44940185546875,-87.85543060302734,34.84888458251953,-15.448222160339355,25.715843200683594,64.41254425048828,-81.44940185546875,-87.85543060302734,34.84888458251953,34.63796477495107
32.613,0,-15.4087495803833,25.336517333984375,64.68553161621094,-81.30305480957031,-87.79754638671875,34.79180908203125,-15.4087495803833,25.336517333984375,64.68553161621094,-81.30305480957031,-87.79754638671875,34.79180908203125,34.63796477495107
32.645,0,-15.567898750305176,24.989917755126953,64.88412475585938,-81.17387390136719,-87.81591033935547,34.78833770751953,-15.567898750305176,24.989917755126953,64.88412475585938,-81.17387390136719,-87.81591033935547,34.78833770751953,34.63796477495107
32.682,0,-15.941302299499512,25.204097747802734,64.85247039794922,-81.37368774414062,-87.83973693847656,34.800682067871094,-15.941302299499512,25.204097747802734,64.85247039794922,-81.37368774414062,-87.83973693847656,34.800682067871094,34.63796477495107
32.713,0,-15.816039085388184,25.396305084228516,64.63587188720703,-81.36515808105469,-87.82909393310547,34.85462188720703,-15.816039085388184,25.396305084228516,64.63587188720703,-81.36515808105469,-87.82909393310547,34.85462188720703,34.63796477495107
32.746,0,-15.788500785827637,24.98862075805664,64.92884063720703,-81.19183349609375,-87.76800537109375,34.811737060546875,-15.788500785827637,24.98862075805664,64.92884063720703,-81.19183349609375,-87.76800537109375,34.811737060546875,34.63796477495107
32.781,0,-16.101158142089844,24.923355102539062,65.05789184570312,-81.30743408203125,-87.7879638671875,34.77996063232422,-16.101158142089844,24.923355102539062,65.05789184570312,-81.30743408203125,-87.7879638671875,34.77996063232422,34.63796477495107
32.813,0,-16.430706024169922,24.997615814208984,65.1011962890625,-81.44599914550781,-87.79508209228516,34.786231994628906,-16.430706024169922,24.997615814208984,65.1011962890625,-81.44599914550781,-87.79508209228516,34.786231994628906,34.63796477495107
32.847,0,-16.315853118896484,25.195865631103516,64.86589050292969,-81.44176483154297,-87.77890014648438,34.807342529296875,-16.315853118896484,25.195865631103516,64.86589050292969,-81.44176483154297,-87.77890014648438,34.807342529296875,34.63796477495107
32.880,0,-16.30481719970703,24.86208724975586,65.12482452392578,-81.31513977050781,-87.71419525146484,34.767940521240234,-16.30481719970703,24.86208724975586,65.12482452392578,-81.31513977050781,-87.71419525146484,34.767940521240234,34.63796477495107
32.915,0,-16.604080200195312,24.82229232788086,65.25364685058594,-81.46005249023438,-87.73103332519531,34.72751998901367,-16.604080200195312,24.82229232788086,65.25364685058594,-81.46005249023438,-87.73103332519531,34.72751998901367,34.63796477495107
32.953,0,-16.64450454711914,24.661190032958984,65.4019546508789,-81.46630859375,-87.72413635253906,34.670745849609375,-16.64450454711914,24.661190032958984,65.4019546508789,-81.46630859375,-87.72413635253906,34.670745849609375,34.63796477495107
32.982,0,-16.556461334228516,24.80704116821289,65.23180389404297,-81.47573852539062,-87.70388793945312,34.67839050292969,-16.556461334228516,24.80704116821289,65.23180389404297,-81.47573852539062,-87.70388793945312,34.67839050292969,34.63796477495107
33.015,0,-16.558517456054688,24.42824935913086,65.50811767578125,-81.33155822753906,-87.64846801757812,34.67511749267578,-16.558517456054688,24.42824935913086,65.50811767578125,-81.33155822753906,-87.64846801757812,34.67511749267578,34.63796477495107
33.049,0,-16.869998931884766,24.285545349121094,65.70066833496094,-81.42658996582031,-87.64845275878906,34.61668395996094,-16.869998931884766,24.285545349121094,65.70066833496094,-81.42658996582031,-87.64845275878906,34.61668395996094,34.63796477495107
33.082,0,-16.899898529052734,24.540470123291016,65.39122009277344,-81.39231872558594,-87.70219421386719,34.70450210571289,-16.899898529052734,24.540470123291016,65.39122009277344,-81.39231872558594,-87.70219421386719,34.70450210571289,34.63796477495107
33.120,0,-16.805377960205078,24.650115966796875,65.25027465820312,-81.38735961914062,-87.68527221679688,34.68116760253906,-16.805377960205078,24.650115966796875,65.25027465820312,-81.38735961914062,-87.68527221679688,34.68116760253906,34.63796477495107
33.149,0,-16.733997344970703,24.564125061035156,65.34211730957031,-81.40692138671875,-87.67455291748047,34.690521240234375,-16.733997344970703,24.564125061035156,65.34211730957031,-81.40692138671875,-87.67455291748047,34.690521240234375,34.63796477495107
33.183,0,-17.06865692138672,24.443843841552734,65.5354995727539,-81.54098510742188,-87.68374633789062,34.62565994262695,-17.06865692138672,24.443843841552734,65.5354995727539,-81.54098510742188,-87.68374633789062,34.62565994262695,34.63796477495107
33.217,0,-17.12879180908203,24.662349700927734,65.28678131103516,-81.53145599365234,-87.73007202148438,34.67259979248047,-17.12879180908203,24.662349700927734,65.28678131103516,-81.53145599365234,-87.73007202148438,34.67259979248047,34.63796477495107
33.263,0,-17.008926391601562,24.77358627319336,65.16673278808594,-81.54762268066406,-87.7020492553711,34.687835693359375,-17.008926391601562,24.77358627319336,65.16673278808594,-81.54762268066406,-87.7020492553711,34.687835693359375,34.63796477495107
33.289,0,-17.312774658203125,24.62847137451172,65.35504150390625,-81.65330505371094,-87.72811126708984,34.6488037109375,-17.312774658203125,24.62847137451172,65.35504150390625,-81.65330505371094,-87.72811126708984,34.6488037109375,34.63796477495107
33.322,0,-17.630752563476562,24.547000885009766,65.52703857421875,-81.81678771972656,-87.74490356445312,34.60305404663086,-17.630752563476562,24.547000885009766,65.52703857421875,-81.81678771972656,-87.74490356445312,34.60305404663086,34.63796477495107
33.368,0,-17.71895980834961,24.761234283447266,65.28947448730469,-81.81773376464844,-87.80007934570312,34.65869140625,-17.71895980834961,24.761234283447266,65.28947448730469,-81.81773376464844,-87.80007934570312,34.65869140625,34.63796477495107
33.397,0,-17.642234802246094,24.714702606201172,65.3523941040039,-81.85435485839844,-87.77836608886719,34.65998840332031,-17.642234802246094,24.714702606201172,65.3523941040039,-81.85435485839844,-87.77836608886719,34.65998840332031,34.63796477495107
33.430,0,-17.58820343017578,24.68670654296875,65.43640899658203,-81.91799926757812,-87.76165008544922,34.63512420654297,-17.58820343017578,24.68670654296875,65.43640899658203,-81.91799926757812,-87.76165008544922,34.63512420654297,34.63796477495107
33.463,0,-17.69080352783203,24.97278594970703,65.18196105957031,-81.96885681152344,-87.81655883789062,34.69190979003906,-17.69080352783203,24.97278594970703,65.18196105957031,-81.96885681152344,-87.81655883789062,34.69190979003906,34.63796477495107
33.496,0,-17.56943130493164,25.18268585205078,65.03936004638672,-82.05963134765625,-87.79369354248047,34.73773193359375,-17.56943130493164,25.18268585205078,65.03936004638672,-82.05963134765625,-87.79369354248047,34.73773193359375,34.63796477495107
33.528,0,-17.49905776977539,25.140853881835938,65.12427520751953,-82.11979675292969,-87.772216796875,34.72047424316406,-17.49905776977539,25.140853881835938,65.12427520751953,-82.11979675292969,-87.772216796875,34.72047424316406,34.63796477495107
33.562,0,-17.59326934814453,24.540016174316406,65.5231704711914,-81.87931823730469,-87.77228546142578,34.63323211669922,-17.59326934814453,24.540016174316406,65.5231704711914,-81.87931823730469,-87.77228546142578,34.63323211669922,34.63796477495107
33.596,0,-17.689090728759766,24.576435089111328,65.39153289794922,-81.766845703125,-87.81076049804688,34.623634338378906,-17.689090728759766,24.576435089111328,65.39153289794922,-81.766845703125,-87.81076049804688,34.623634338378906,34.63796477495107
33.633,0,-17.56125259399414,24.677597045898438,65.27301788330078,-81.75163269042969,-87.78201293945312,34.667938232421875,-17.56125259399414,24.677597045898438,65.27301788330078,-81.75163269042969,-87.78201293945312,34.667938232421875,34.63796477495107
33.663,0,-17.503948211669922,24.504898071289062,65.41900634765625,-81.73124694824219,-87.7581787109375,34.63768768310547,-17.503948211669922,24.504898071289062,65.41900634765625,-81.73124694824219,-87.7581787109375,34.63768768310547,34.63796477495107
33.699,0,-17.57898712158203,23.837417602539062,65.82878875732422,-81.4259033203125,-87.75482177734375,34.569976806640625,-17.57898712158203,23.837417602539062,65.82878875732422,-81.4259033203125,-87.75482177734375,34.569976806640625,34.63796477495107
33.732,0,-17.678146362304688,23.922348022460938,65.6778335571289,-81.34576416015625,-87.79364013671875,34.59770965576172,-17.678146362304688,23.922348022460938,65.6778335571289,-81.34576416015625,-87.79364013671875,34.59770965576172,34.63796477495107
33.762,0,-17.622413635253906,24.03359603881836,65.56497955322266,-81.35906982421875,-87.77214813232422,34.592796325683594,-17.622413635253906,24.03359603881836,65.56497955322266,-81.35906982421875,-87.77214813232422,34.592796325683594,34.63796477495107
33.803,0,-17.552074432373047,23.861568450927734,65.71227264404297,-81.33819580078125,-87.74805450439453,34.53821563720703,-17.552074432373047,23.861568450927734,65.71227264404297,-81.33819580078125,-87.74805450439453,34.53821563720703,34.63796477495107
33.829,0,-17.595844268798828,23.158382415771484,66.1358871459961,-81.01313018798828,-87.74867248535156,34.444740295410156,-17.595844268798828,23.158382415771484,66.1358871459961,-81.01313018798828,-87.74867248535156,34.444740295410156,34.63796477495107
33.872,0,-17.693340301513672,23.315349578857422,65.93258666992188,-80.94184875488281,-87.78912353515625,34.458499908447266,-17.693340301513672,23.315349578857422,65.93258666992188,-80.94184875488281,-87.78912353515625,34.458499908447266,34.63796477495107
33.901,0,-17.621376037597656,23.439125061035156,65.82752990722656,-80.98110961914062,-87.7738265991211,34.44491958618164,-17.621376037597656,23.439125061035156,65.82752990722656,-80.98110961914062,-87.7738265991211,34.44491958618164,34.63796477495107
33.967,0,-17.551162719726562,23.386669158935547,65.94811248779297,-81.05827331542969,-87.75318145751953,34.415550231933594,-17.551162719726562,23.386669158935547,65.94811248779297,-81.05827331542969,-87.75318145751953,34.415550231933594,34.63796477495107
33.995,0,-17.550769805908203,22.637096405029297,66.37449645996094,-80.7150650024414,-87.76324462890625,34.286800384521484,-17.550769805908203,22.637096405029297,66.37449645996094,-80.7150650024414,-87.76324462890625,34.286800384521484,34.63796477495107
34.026,0,-17.624923706054688,22.699806213378906,66.17583465576172,-80.58757019042969,-87.80924224853516,34.281002044677734,-17.624923706054688,22.699806213378906,66.17583465576172,-80.58757019042969,-87.80924224853516,34.281002044677734,34.63796477495107
34.062,0,-17.536312103271484,22.919960021972656,66.02269744873047,-80.68107604980469,-87.78339385986328,34.26143264770508,-17.536312103271484,22.919960021972656,66.02269744873047,-80.68107604980469,-87.78339385986328,34.26143264770508,34.63796477495107
34.093,0,-17.486339569091797,22.71347427368164,66.17098236083984,-80.63409423828125,-87.76728820800781,34.200931549072266,-17.486339569091797,22.71347427368164,66.17098236083984,-80.63409423828125,-87.76728820800781,34.200931549072266,34.63796477495107
34.133,0,-17.503929138183594,22.00283432006836,66.5899887084961,-80.30717468261719,-87.77378845214844,34.09428787231445,-17.503929138183594,22.00283432006836,66.5899887084961,-80.30717468261719,-87.77378845214844,34.09428787231445,34.63796477495107
34.160,0,-17.539539337158203,22.17374038696289,66.3371353149414,-80.20523071289062,-87.8154525756836,34.1151123046875,-17.539539337158203,22.17374038696289,66.3371353149414,-80.20523071289062,-87.8154525756836,34.1151123046875,34.63796477495107
34.196,0,-17.4974365234375,22.341468811035156,66.193115234375,-80.24871826171875,-87.80268096923828,34.10137939453125,-17.4974365234375,22.341468811035156,66.193115234375,-80.24871826171875,-87.80268096923828,34.10137939453125,34.5075016307893
34.232,0,-17.43023681640625,22.190906524658203,66.30650329589844,-80.22315979003906,-87.78643798828125,34.043052673339844,-17.43023681640625,22.190906524658203,66.30650329589844,-80.22315979003906,-87.78643798828125,34.043052673339844,34.37703848662753
34.295,0,-17.41936492919922,21.50674819946289,66.71428680419922,-79.85427856445312,-87.78068542480469,33.98145294189453,-17.41936492919922,21.50674819946289,66.71428680419922,-79.85427856445312,-87.78068542480469,33.98145294189453,34.37703848662753
34.323,0,-17.419925689697266,21.636226654052734,66.50167846679688,-79.76380920410156,-87.82281494140625,33.994346618652344,-17.419925689697266,21.636226654052734,66.50167846679688,-79.76380920410156,-87.82281494140625,33.994346618652344,34.37703848662753
34.362,0,-17.325538635253906,21.863677978515625,66.37615966796875,-79.919189453125,-87.80313110351562,33.9446907043457,-17.325538635253906,21.863677978515625,66.37615966796875,-79.919189453125,-87.80313110351562,33.9446907043457,34.37703848662753
34.388,0,-17.26490020751953,21.774253845214844,66.51732635498047,-79.97093200683594,-87.7815933227539,33.90093994140625,-17.26490020751953,21.774253845214844,66.51732635498047,-79.97093200683594,-87.7815933227539,33.90093994140625,34.37703848662753
34.422,0,-17.32044219970703,21.13298797607422,66.86750030517578,-79.62464904785156,-87.78041076660156,33.823123931884766,-17.32044219970703,21.13298797607422,66.86750030517578,-79.62464904785156,-87.78041076660156,33.823123931884766,34.37703848662753
34.457,0,-17.395401000976562,21.278278350830078,66.69258117675781,-79.551025390625,-87.8200454711914,33.85292053222656,-17.395401000976562,21.278278350830078,66.69258117675781,-79.551025390625,-87.8200454711914,33.85292053222656,34.37703848662753
34.493,0,-17.45592498779297,21.600341796875,66.53839874267578,-79.75037384033203,-87.80899047851562,33.85814666748047,-17.45592498779297,21.600341796875,66.53839874267578,-79.75037384033203,-87.80899047851562,33.85814666748047,34.31180691454664
34.523,0,-17.400955200195312,21.490936279296875,66.70525360107422,-79.799560546875,-87.7890625,33.80282974243164,-17.400955200195312,21.490936279296875,66.70525360107422,-79.799560546875,-87.7890625,33.80282974243164,34.24657534246575
34.555,0,-17.450546264648438,20.858165740966797,67.0632095336914,-79.48347473144531,-87.79133605957031,33.69236373901367,-17.450546264648438,20.858165740966797,67.0632095336914,-79.48347473144531,-87.79133605957031,33.69236373901367,34.24657534246575
34.588,0,-17.357017517089844,20.89175796508789,66.90983581542969,-79.33900451660156,-87.8204345703125,33.667694091796875,-17.357017517089844,20.89175796508789,66.90983581542969,-79.33900451660156,-87.8204345703125,33.667694091796875,34.11611219830398
34.631,0,-17.422653198242188,21.240306854248047,66.78829193115234,-79.60994720458984,-87.80663299560547,33.68014144897461,-17.422653198242188,21.240306854248047,66.78829193115234,-79.60994720458984,-87.80663299560547,33.68014144897461,34.11611219830398
34.666,0,-17.36611557006836,21.136314392089844,66.93772888183594,-79.65328979492188,-87.79385375976562,33.632080078125,-17.36611557006836,21.136314392089844,66.93772888183594,-79.65328979492188,-87.79385375976562,33.632080078125,34.11611219830398
34.693,0,-17.365154266357422,20.478954315185547,67.32931518554688,-79.36156463623047,-87.79954528808594,33.505149841308594,-17.365154266357422,20.478954315185547,67.32931518554688,-79.36156463623047,-87.79954528808594,33.505149841308594,34.11611219830398
34.726,0,-17.32524871826172,20.51300811767578,67.15575408935547,-79.18927001953125,-87.82283782958984,33.476749420166016,-17.32524871826172,20.51300811767578,67.15575408935547,-79.18927001953125,-87.82283782958984,33.476749420166016,34.11611219830398
34.759,0,-17.382083892822266,20.848918914794922,67.024169921875,-79.44705200195312,-87.81114196777344,33.48127365112305,-17.382083892822266,20.848918914794922,67.024169921875,-79.44705200195312,-87.81114196777344,33.48127365112305,34.11611219830398
34.797,0,-17.33426284790039,20.57333755493164,67.2332992553711,-79.41053771972656,-87.798828125,33.36027526855469,-17.33426284790039,20.57333755493164,67.2332992553711,-79.41053771972656,-87.798828125,33.36027526855469,33.92041748206132
34.826,0,-17.38959503173828,19.843399047851562,67.63019561767578,-79.03349304199219,-87.78312683105469,33.24925231933594,-17.38959503173828,19.843399047851562,67.63019561767578,-79.03349304199219,-87.78312683105469,33.24925231933594,33.85518590998043
34.860,0,-17.318538665771484,19.88210678100586,67.46987915039062,-78.9017333984375,-87.80366516113281,33.18921661376953,-17.318538665771484,19.88210678100586,67.46987915039062,-78.9017333984375,-87.80366516113281,33.18921661376953,33.789954337899545
34.892,0,-17.293243408203125,20.431751251220703,67.1906967163086,-79.25021362304688,-87.79659271240234,33.23005294799805,-17.293243408203125,20.431751251220703,67.1906967163086,-79.25021362304688,-87.79659271240234,33.23005294799805,33.724722765818655
34.926,0,-17.225685119628906,20.243385314941406,67.37608337402344,-79.24503326416016,-87.78622436523438,33.16994094848633,-17.225685119628906,20.243385314941406,67.37608337402344,-79.24503326416016,-87.78622436523438,33.16994094848633,33.52902804957599
34.959,0,-17.281208038330078,19.598289489746094,67.73294830322266,-78.92048645019531,-87.77552795410156,33.04139709472656,-17.281208038330078,19.598289489746094,67.73294830322266,-78.92048645019531,-87.77552795410156,33.04139709472656,33.46379647749511
34.995,0,-17.251365661621094,19.727752685546875,67.55498504638672,-78.84767150878906,-87.803955078125,33.001625061035156,-17.251365661621094,19.727752685546875,67.55498504638672,-78.84767150878906,-87.803955078125,33.001625061035156,33.46379647749511
35.027,0,-17.196136474609375,20.222393035888672,67.30474090576172,-79.1452865600586,-87.7835922241211,33.01214599609375,-17.196136474609375,20.222393035888672,67.30474090576172,-79.1452865600586,-87.7835922241211,33.01214599609375,33.46379647749511
35.059,0,-17.11862564086914,20.11602783203125,67.4272232055664,-79.14273071289062,-87.77122497558594,32.96895217895508,-17.11862564086914,20.11602783203125,67.4272232055664,-79.14273071289062,-87.77122497558594,32.96895217895508,33.46379647749511
35.096,0,-17.15823745727539,19.594970703125,67.68341064453125,-78.83494567871094,-87.77436065673828,32.89703369140625,-17.15823745727539,19.594970703125,67.68341064453125,-78.83494567871094,-87.77436065673828,32.89703369140625,33.46379647749511
35.128,0,-17.132080078125,19.704570770263672,67.5351791381836,-78.755859375,-87.80094909667969,32.864173889160156,-17.132080078125,19.704570770263672,67.5351791381836,-78.755859375,-87.80094909667969,32.864173889160156,33.46379647749511
35.161,0,-17.06475067138672,20.226425170898438,67.27408599853516,-79.09468078613281,-87.79168701171875,32.91128158569336,-17.06475067138672,20.226425170898438,67.27408599853516,-79.09468078613281,-87.79168701171875,32.91128158569336,33.46379647749511
35.197,0,-17.20514678955078,20.58045196533203,66.97099304199219,-79.13764190673828,-87.81842803955078,32.8934440612793,-17.20514678955078,20.58045196533203,66.97099304199219,-79.13764190673828,-87.81842803955078,32.8934440612793,33.39856490541422
35.228,0,-17.182628631591797,20.510940551757812,67.1386489868164,-79.20175170898438,-87.78666687011719,32.85249710083008,-17.182628631591797,20.510940551757812,67.1386489868164,-79.20175170898438,-87.78666687011719,32.85249710083008,33.268101761252446
35.262,0,-17.20227813720703,20.027141571044922,67.39427947998047,-78.91415405273438,-87.80374908447266,32.80538558959961,-17.20227813720703,20.027141571044922,67.39427947998047,-78.91415405273438,-87.80374908447266,32.80538558959961,33.202870189171556
35.294,0,-17.368343353271484,20.32947540283203,67.12044525146484,-78.9326171875,-87.83261108398438,32.8021354675293,-17.368343353271484,20.32947540283203,67.12044525146484,-78.9326171875,-87.83261108398438,32.8021354675293,33.202870189171556
35.329,0,-17.27008819580078,20.969833374023438,66.79115295410156,-79.30635833740234,-87.8246841430664,32.84867858886719,-17.27008819580078,20.969833374023438,66.79115295410156,-79.30635833740234,-87.8246841430664,32.84867858886719,33.07240704500978
35.362,0,-17.208560943603516,20.90346908569336,66.96662902832031,-79.38307189941406,-87.80164337158203,32.81745147705078,-17.208560943603516,20.90346908569336,66.96662902832031,-79.38307189941406,-87.80164337158203,32.81745147705078,33.07240704500978
35.395,0,-17.253143310546875,20.460784912109375,67.20063781738281,-79.11428833007812,-87.83203125,32.797096252441406,-17.253143310546875,20.460784912109375,67.20063781738281,-79.11428833007812,-87.83203125,32.797096252441406,33.07240704500978
35.429,0,-17.443668365478516,20.853031158447266,66.87882995605469,-79.17697143554688,-87.87045288085938,32.797523498535156,-17.443668365478516,20.853031158447266,66.87882995605469,-79.17697143554688,-87.87045288085938,32.797523498535156,33.07240704500978
35.461,0,-17.339862823486328,21.565059661865234,66.53433990478516,-79.60957336425781,-87.86245727539062,32.84218978881836,-17.339862823486328,21.565059661865234,66.53433990478516,-79.60957336425781,-87.86245727539062,32.84218978881836,33.07240704500978
35.496,0,-17.302337646484375,21.58730697631836,66.68778228759766,-79.75631713867188,-87.84321594238281,32.827186584472656,-17.302337646484375,21.58730697631836,66.68778228759766,-79.75631713867188,-87.84321594238281,32.827186584472656,33.07240704500978
35.528,0,-17.325286865234375,21.190567016601562,66.909912109375,-79.537109375,-87.87287139892578,32.80632781982422,-17.325286865234375,21.190567016601562,66.909912109375,-79.537109375,-87.87287139892578,32.80632781982422,33.07240704500978
35.563,0,-17.498119354248047,21.628841400146484,66.59053039550781,-79.64737701416016,-87.90785217285156,32.81732940673828,-17.498119354248047,21.628841400146484,66.59053039550781,-79.64737701416016,-87.90785217285156,32.81732940673828,33.07240704500978
35.595,0,-17.400203704833984,22.435409545898438,66.22561645507812,-80.15441131591797,-87.90902709960938,32.89255142211914,-17.400203704833984,22.435409545898438,66.22561645507812,-80.15441131591797,-87.90902709960938,32.89255142211914,33.07240704500978
35.628,0,-17.334091186523438,22.489761352539062,66.35867309570312,-80.30575561523438,-87.88301849365234,32.896636962890625,-17.334091186523438,22.489761352539062,66.35867309570312,-80.30575561523438,-87.88301849365234,32.896636962890625,33.07240704500978
35.662,0,-17.353443145751953,22.049278259277344,66.59990692138672,-80.07200622558594,-87.91224670410156,32.876129150390625,-17.353443145751953,22.049278259277344,66.59990692138672,-80.07200622558594,-87.91224670410156,32.876129150390625,33.07240704500978
35.695,0,-17.50499725341797,22.384449005126953,66.32516479492188,-80.103759765625,-87.9468765258789,32.900123596191406,-17.50499725341797,22.384449005126953,66.32516479492188,-80.103759765625,-87.9468765258789,32.900123596191406,33.07240704500978
35.729,0,-17.43280029296875,23.044212341308594,66.02279663085938,-80.50167846679688,-87.93816375732422,32.96958923339844,-17.43280029296875,23.044212341308594,66.02279663085938,-80.50167846679688,-87.93816375732422,32.96958923339844,33.07240704500978
35.762,0,-17.38884735107422,23.028072357177734,66.17550659179688,-80.61079406738281,-87.92198944091797,32.97099304199219,-17.38884735107422,23.028072357177734,66.17550659179688,-80.61079406738281,-87.92198944091797,32.97099304199219,33.07240704500978
35.802,0,-17.363746643066406,22.541000366210938,66.51177978515625,-80.41484069824219,-87.93294525146484,32.949493408203125,-17.363746643066406,22.541000366210938,66.51177978515625,-80.41484069824219,-87.93294525146484,32.949493408203125,33.07240704500978
35.829,0,-17.530780792236328,22.97781753540039,66.21063995361328,-80.52536010742188,-87.9653549194336,32.988677978515625,-17.530780792236328,22.97781753540039,66.21063995361328,-80.52536010742188,-87.9653549194336,32.988677978515625,33.07240704500978
35.863,0,-17.448013305664062,23.560253143310547,65.90966033935547,-80.85750579833984,-87.96371459960938,33.045082092285156,-17.448013305664062,23.560253143310547,65.90966033935547,-80.85750579833984,-87.96371459960938,33.045082092285156,33.07240704500978
35.900,0,-17.367725372314453,23.574657440185547,65.9991683959961,-80.95230865478516,-87.93721008300781,33.032596588134766,-17.367725372314453,23.574657440185547,65.9991683959961,-80.95230865478516,-87.93721008300781,33.032596588134766,33.07240704500978
35.966,0,-17.33450698852539,23.115631103515625,66.31848907470703,-80.77694702148438,-87.94197082519531,32.995849609375,-17.33450698852539,23.115631103515625,66.31848907470703,-80.77694702148438,-87.94197082519531,32.995849609375,33.07240704500978
35.992,0,-17.47238540649414,23.434246063232422,66.03190612792969,-80.77655792236328,-87.97975158691406,33.010616302490234,-17.47238540649414,23.434246063232422,66.03190612792969,-80.77655792236328,-87.97975158691406,33.010616302490234,33.07240704500978
36.026,0,-17.40424346923828,23.962646484375,65.7663803100586,-81.07546997070312,-87.97932434082031,33.090858459472656,-17.40424346923828,23.962646484375,65.7663803100586,-81.07546997070312,-87.97932434082031,33.090858459472656,33.07240704500978
36.059,0,-17.342769622802734,23.933425903320312,65.89793395996094,-81.17872619628906,-87.95921325683594,33.080787658691406,-17.342769622802734,23.933425903320312,65.89793395996094,-81.17872619628906,-87.95921325683594,33.080787658691406,33.07240704500978
36.092,0,-17.309223175048828,23.422119140625,66.236328125,-80.9478988647461,-87.9549789428711,33.03985595703125,-17.309223175048828,23.422119140625,66.236328125,-80.9478988647461,-87.9549789428711,33.03985595703125,33.07240704500978
36.125,0,-17.296009063720703,23.613849639892578,66.00045013427734,-80.86514282226562,-87.98296356201172,33.071266174316406,-17.296009063720703,23.613849639892578,66.00045013427734,-80.86514282226562,-87.98296356201172,33.071266174316406,33.07240704500978
36.160,0,-17.224720001220703,24.167491912841797,65.7056884765625,-81.17142486572266,-87.98027801513672,33.159725189208984,-17.224720001220703,24.167491912841797,65.7056884765625,-81.17142486572266,-87.98027801513672,33.159725189208984,33.07240704500978
36.219,0,-17.14480209350586,24.14960479736328,65.82345581054688,-81.26469421386719,-87.95748138427734,33.12413787841797,-17.14480209350586,24.14960479736328,65.82345581054688,-81.26469421386719,-87.95748138427734,33.12413787841797,33.07240704500978
36.246,0,-17.108112335205078,23.661724090576172,66.13802337646484,-81.04608917236328,-87.96041107177734,33.123931884765625,-17.108112335205078,23.661724090576172,66.13802337646484,-81.04608917236328,-87.96041107177734,33.123931884765625,33.07240704500978
36.278,0,-17.089248657226562,23.816986083984375,65.9317398071289,-80.98221588134766,-87.99565124511719,33.141082763671875,-17.089248657226562,23.816986083984375,65.9317398071289,-80.98221588134766,-87.99565124511719,33.141082763671875,33.07240704500978
36.312,0,-17.054550170898438,24.330745697021484,65.66167449951172,-81.27516174316406,-87.99117279052734,33.22429275512695,-17.054550170898438,24.330745697021484,65.66167449951172,-81.27516174316406,-87.99117279052734,33.22429275512695,33.07240704500978
36.346,0,-16.92752456665039,24.400039672851562,65.7062759399414,-81.37981414794922,-87.96195983886719,33.210845947265625,-16.92752456665039,24.400039672851562,65.7062759399414,-81.37981414794922,-87.96195983886719,33.210845947265625,33.07240704500978
36.379,0,-16.891761779785156,23.886852264404297,66.03326416015625,-81.16461181640625,-87.95701599121094,33.201744079589844,-16.891761779785156,23.886852264404297,66.03326416015625,-81.16461181640625,-87.95701599121094,33.201744079589844,33.07240704500978
36.412,0,-16.873870849609375,23.870403289794922,65.9131851196289,-80.98918914794922,-87.98340606689453,33.17937469482422,-16.873870849609375,23.870403289794922,65.9131851196289,-80.98918914794922,-87.98340606689453,33.17937469482422,33.07240704500978
36.445,0,-16.789669036865234,24.122325897216797,65.7663803100586,-81.10824584960938,-87.95650482177734,33.211917877197266,-16.789669036865234,24.122325897216797,65.7663803100586,-81.10824584960938,-87.95650482177734,33.211917877197266,33.07240704500978
36.479,0,-16.66419219970703,24.03284454345703,65.91744995117188,-81.14822387695312,-87.9218978881836,33.18612289428711,-16.66419219970703,24.03284454345703,65.91744995117188,-81.14822387695312,-87.9218978881836,33.18612289428711,33.07240704500978
36.512,0,-16.62384033203125,23.44416046142578,66.23780822753906,-80.82553100585938,-87.91105651855469,33.1336669921875,-16.62384033203125,23.44416046142578,66.23780822753906,-80.82553100585938,-87.91105651855469,33.1336669921875,33.07240704500978
36.547,0,-16.60979461669922,23.477100372314453,66.10974884033203,-80.69873046875,-87.94314575195312,33.13356399536133,-16.60979461669922,23.477100372314453,66.10974884033203,-80.69873046875,-87.94314575195312,33.13356399536133,33.07240704500978
36.579,0,-16.484405517578125,23.73865509033203,65.9534683227539,-80.80534362792969,-87.90692138671875,33.16322326660156,-16.484405517578125,23.73865509033203,65.9534683227539,-80.80534362792969,-87.90692138671875,33.16322326660156,33.07240704500978
36.613,0,-16.371551513671875,23.705810546875,66.04660034179688,-80.86053466796875,-87.87749481201172,33.1363639831543,-16.371551513671875,23.705810546875,66.04660034179688,-80.86053466796875,-87.87749481201172,33.1363639831543,33.07240704500978
36.650,0,-16.320892333984375,23.142929077148438,66.38351440429688,-80.55477905273438,-87.8656997680664,33.123130798339844,-16.320892333984375,23.142929077148438,66.38351440429688,-80.55477905273438,-87.8656997680664,33.123130798339844,33.07240704500978
36.691,0,-16.11907196044922,23.268173217773438,66.23970031738281,-80.50251007080078,-87.88807678222656,33.08382797241211,-16.11907196044922,23.268173217773438,66.23970031738281,-80.50251007080078,-87.88807678222656,33.08382797241211,33.07240704500978
36.720,0,-16.007877349853516,23.55899429321289,66.13289642333984,-80.69178009033203,-87.85900115966797,33.13558578491211,-16.007877349853516,23.55899429321289,66.13289642333984,-80.69178009033203,-87.85900115966797,33.13558578491211,33.07240704500978
36.762,0,-16.209884643554688,23.999385833740234,65.94699096679688,-81.03759765625,-87.87747955322266,33.165771484375,-16.209884643554688,23.999385833740234,65.94699096679688,-81.03759765625,-87.87747955322266,33.165771484375,33.07240704500978
36.791,0,-16.14318084716797,23.373470306396484,66.32219696044922,-80.71902465820312,-87.8729019165039,33.15609359741211,-16.14318084716797,23.373470306396484,66.32219696044922,-80.71902465820312,-87.8729019165039,33.15609359741211,33.07240704500978
36.821,0,-15.955588340759277,23.532398223876953,66.21691131591797,-80.7237777709961,-87.8861083984375,33.132633209228516,-15.955588340759277,23.532398223876953,66.21691131591797,-80.7237777709961,-87.8861083984375,33.132633209228516,33.00717547292889
36.864,0,-16.173370361328125,23.886825561523438,66.06661987304688,-81.01071166992188,-87.89984893798828,33.196624755859375,-16.173370361328125,23.886825561523438,66.06661987304688,-81.01071166992188,-87.89984893798828,33.196624755859375,33.00717547292889
36.893,0,-16.130496978759766,23.387691497802734,66.40861511230469,-80.80967712402344,-87.89089965820312,33.198368072509766,-16.130496978759766,23.387691497802734,66.40861511230469,-80.80967712402344,-87.89089965820312,33.198368072509766,33.00717547292889
36.925,0,-15.946602821350098,23.49649429321289,66.24457550048828,-80.72943115234375,-87.91960144042969,33.18773651123047,-15.946602821350098,23.49649429321289,66.24457550048828,-80.72943115234375,-87.91960144042969,33.18773651123047,33.00717547292889
36.960,0,-15.80490779876709,23.731834411621094,66.11528015136719,-80.85880279541016,-87.8962173461914,33.25788879394531,-15.80490779876709,23.731834411621094,66.11528015136719,-80.85880279541016,-87.8962173461914,33.25788879394531,33.00717547292889
36.997,0,-16.005828857421875,24.022891998291016,66.00557708740234,-81.11956787109375,-87.90767669677734,33.285072326660156,-16.005828857421875,24.022891998291016,66.00557708740234,-81.11956787109375,-87.90767669677734,33.285072326660156,33.00717547292889
37.027,0,-15.943581581115723,23.515464782714844,66.32647705078125,-80.89169311523438,-87.89695739746094,33.278411865234375,-15.943581581115723,23.515464782714844,66.32647705078125,-80.89169311523438,-87.89695739746094,33.278411865234375,33.00717547292889
37.060,0,-15.872849464416504,23.548355102539062,66.14073181152344,-80.71066284179688,-87.93250274658203,33.306888580322266,-15.872849464416504,23.548355102539062,66.14073181152344,-80.71066284179688,-87.93250274658203,33.306888580322266,33.00717547292889
37.098,0,-15.733597755432129,23.780216217041016,66.03044891357422,-80.85746002197266,-87.91011810302734,33.38772964477539,-15.733597755432129,23.780216217041016,66.03044891357422,-80.85746002197266,-87.91011810302734,33.38772964477539,33.00717547292889
37.125,0,-15.916266441345215,24.128997802734375,65.91722106933594,-81.15531921386719,-87.9212646484375,33.44147491455078,-15.916266441345215,24.128997802734375,65.91722106933594,-81.15531921386719,-87.9212646484375,33.44147491455078,33.00717547292889
37.159,0,-15.867081642150879,23.62525177001953,66.2300033569336,-80.931640625,-87.90972137451172,33.4724006652832,-15.867081642150879,23.62525177001953,66.2300033569336,-80.931640625,-87.90972137451172,33.4724006652832,33.00717547292889
37.200,0,-15.786320686340332,23.688663482666016,66.03572845458984,-80.77336120605469,-87.95030212402344,33.51084899902344,-15.786320686340332,23.688663482666016,66.03572845458984,-80.77336120605469,-87.95030212402344,33.51084899902344,33.00717547292889
37.227,0,-15.659577369689941,23.906204223632812,65.91433715820312,-80.89622497558594,-87.93010711669922,33.60203170776367,-15.659577369689941,23.906204223632812,65.91433715820312,-80.89622497558594,-87.93010711669922,33.60203170776367,33.00717547292889
37.259,0,-15.839816093444824,24.330318450927734,65.7494125366211,-81.22897338867188,-87.94388580322266,33.678226470947266,-15.839816093444824,24.330318450927734,65.7494125366211,-81.22897338867188,-87.94388580322266,33.678226470947266,33.00717547292889
37.292,0,-15.783066749572754,23.811012268066406,66.1122055053711,-81.02064514160156,-87.93077087402344,33.6885871887207,-15.783066749572754,23.811012268066406,66.1122055053711,-81.02064514160156,-87.93077087402344,33.6885871887207,33.13763861709067
37.326,0,-15.63232707977295,23.863956451416016,66.0006103515625,-80.93263244628906,-87.96719360351562,33.763309478759766,-15.63232707977295,23.863956451416016,66.0006103515625,-80.93263244628906,-87.96719360351562,33.763309478759766,33.33333333333333
37.360,0,-15.511847496032715,24.17038345336914,65.85464477539062,-81.09639739990234,-87.93736267089844,33.85521697998047,-15.511847496032715,24.17038345336914,65.85464477539062,-81.09639739990234,-87.93736267089844,33.85521697998047,33.33333333333333
37.393,0,-15.685261726379395,24.51729965209961,65.68972778320312,-81.3738784790039,-87.94793701171875,33.93228530883789,-15.685261726379395,24.51729965209961,65.68972778320312,-81.3738784790039,-87.94793701171875,33.93228530883789,33.33333333333333
37.427,0,-15.564909934997559,24.522563934326172,65.56462097167969,-81.20816040039062,-87.97694396972656,33.96595001220703,-15.564909934997559,24.522563934326172,65.56462097167969,-81.20816040039062,-87.97694396972656,33.96595001220703,33.33333333333333
37.460,0,-15.4252347946167,24.625286102294922,65.42723083496094,-81.15474700927734,-88.00515747070312,34.02273941040039,-15.4252347946167,24.625286102294922,65.42723083496094,-81.15474700927734,-88.00515747070312,34.02273941040039,33.33333333333333
37.497,0,-15.625472068786621,24.76513671875,65.39820861816406,-81.28915405273438,-88.0040054321289,33.99787139892578,-15.625472068786621,24.76513671875,65.39820861816406,-81.28915405273438,-88.0040054321289,33.99787139892578,33.33333333333333
37.531,0,-15.561745643615723,24.29082489013672,65.71098327636719,-81.07183074951172,-87.98995208740234,34.02214050292969,-15.561745643615723,24.29082489013672,65.71098327636719,-81.07183074951172,-87.98995208740234,34.02214050292969,33.39856490541422
37.564,0,-15.492640495300293,23.754318237304688,66.0254135131836,-80.77629852294922,-87.97405242919922,34.080753326416016,-15.492640495300293,23.754318237304688,66.0254135131836,-80.77629852294922,-87.97405242919922,34.080753326416016,33.46379647749511
37.593,0,-15.34809398651123,24.00409698486328,65.86896514892578,-80.8857421875,-87.94837188720703,34.163368225097656,-15.34809398651123,24.00409698486328,65.86896514892578,-80.8857421875,-87.94837188720703,34.163368225097656,33.59425962165688
37.629,0,-15.521435737609863,24.048301696777344,65.86392211914062,-80.93304443359375,-87.94346618652344,34.13164138793945,-15.521435737609863,24.048301696777344,65.86392211914062,-80.93304443359375,-87.94346618652344,34.13164138793945,33.724722765818655
37.662,0,-15.667206764221191,24.163570404052734,65.80657958984375,-81.01531982421875,-87.932861328125,34.11602783203125,-15.667206764221191,24.163570404052734,65.80657958984375,-81.01531982421875,-87.932861328125,34.11602783203125,33.724722765818655
37.700,0,-15.52713680267334,24.131824493408203,65.7164306640625,-80.84892272949219,-87.96133422851562,34.19522476196289,-15.52713680267334,24.131824493408203,65.7164306640625,-80.84892272949219,-87.96133422851562,34.19522476196289,33.724722765818655
37.731,0,-15.40221881866455,24.33495330810547,65.61830139160156,-80.95063781738281,-87.93582153320312,34.26212692260742,-15.40221881866455,24.33495330810547,65.61830139160156,-80.95063781738281,-87.93582153320312,34.26212692260742,33.724722765818655
37.764,0,-15.595053672790527,24.452980041503906,65.57427978515625,-81.02519226074219,-87.92796325683594,34.24332809448242,-15.595053672790527,24.452980041503906,65.57427978515625,-81.02519226074219,-87.92796325683594,34.24332809448242,33.724722765818655
37.809,0,-15.518033027648926,23.925548553466797,65.90434265136719,-80.78021240234375,-87.91121673583984,34.27409362792969,-15.518033027648926,23.925548553466797,65.90434265136719,-80.78021240234375,-87.91121673583984,34.27409362792969,33.85518590998043
37.835,0,-15.368746757507324,23.91354751586914,65.81714630126953,-80.63667297363281,-87.93829345703125,34.34123992919922,-15.368746757507324,23.91354751586914,65.81714630126953,-80.63667297363281,-87.93829345703125,34.34123992919922,33.85518590998043
37.869,0,-15.159016609191895,24.040069580078125,65.75413513183594,-80.70721435546875,-87.90068054199219,34.41358184814453,-15.159016609191895,24.040069580078125,65.75413513183594,-80.70721435546875,-87.90068054199219,34.41358184814453,33.85518590998043
37.905,0,-15.359131813049316,24.106861114501953,65.77147674560547,-80.79667663574219,-87.88318634033203,34.36732864379883,-15.359131813049316,24.106861114501953,65.77147674560547,-80.79667663574219,-87.88318634033203,34.36732864379883,33.85518590998043
37.934,0,-15.275532722473145,23.527870178222656,66.11725616455078,-80.52149963378906,-87.8681640625,34.39775085449219,-15.275532722473145,23.527870178222656,66.11725616455078,-80.52149963378906,-87.8681640625,34.39775085449219,33.9856490541422
37.968,0,-15.136391639709473,23.563400268554688,66.02324676513672,-80.40171813964844,-87.8960189819336,34.48173522949219,-15.136391639709473,23.563400268554688,66.02324676513672,-80.40171813964844,-87.8960189819336,34.48173522949219,34.11611219830398
38.002,0,-14.97994327545166,23.825870513916016,65.90289306640625,-80.54136657714844,-87.85694885253906,34.5755615234375,-14.97994327545166,23.825870513916016,65.90289306640625,-80.54136657714844,-87.85694885253906,34.5755615234375,34.11611219830398
38.037,0,-15.181866645812988,23.846466064453125,65.95185089111328,-80.60502624511719,-87.8388900756836,34.53885269165039,-15.181866645812988,23.846466064453125,65.95185089111328,-80.60502624511719,-87.8388900756836,34.53885269165039,34.11611219830398
38.072,0,-15.095734596252441,23.288654327392578,66.32146453857422,-80.37109375,-87.8224105834961,34.557342529296875,-15.095734596252441,23.288654327392578,66.32146453857422,-80.37109375,-87.8224105834961,34.557342529296875,34.11611219830398
38.104,0,-14.946549415588379,23.5213623046875,66.19388580322266,-80.47093200683594,-87.79485321044922,34.64657211303711,-14.946549415588379,23.5213623046875,66.19388580322266,-80.47093200683594,-87.79485321044922,34.64657211303711,34.11611219830398
38.137,0,-14.800827980041504,23.70583724975586,66.10162353515625,-80.55784606933594,-87.75556182861328,34.722808837890625,-14.800827980041504,23.70583724975586,66.10162353515625,-80.55784606933594,-87.75556182861328,34.722808837890625,34.11611219830398
