t_s,episode,target.shoulder_pan.pos,target.shoulder_lift.pos,target.elbow_flex.pos,target.wrist_flex.pos,target.wrist_roll.pos,target.gripper.pos,sent.shoulder_pan.pos,sent.shoulder_lift.pos,sent.elbow_flex.pos,sent.wrist_flex.pos,sent.wrist_roll.pos,sent.gripper.pos,gripper_actual
0.200,0,-6.902693748474121,-100.02730560302734,93.55613708496094,61.73725128173828,-12.035842895507812,0.6670818328857422,-6.902693748474121,-100.02730560302734,93.55613708496094,61.73725128173828,-12.035842895507812,0.6670818328857422,1.9569471624266144
0.223,0,-6.909635543823242,-100.0541000366211,93.59260559082031,61.609291076660156,-11.8048095703125,0.6572933197021484,-6.909635543823242,-100.0541000366211,93.59260559082031,61.609291076660156,-11.8048095703125,0.6572933197021484,1.9569471624266144
0.255,0,-6.982606887817383,-100.10828399658203,93.58190155029297,61.62992858886719,-11.908836364746094,0.6686248779296875,-6.982606887817383,-100.10828399658203,93.58190155029297,61.62992858886719,-11.908836364746094,0.6686248779296875,1.9569471624266144
0.289,0,-6.956598281860352,-100.12652587890625,93.48880767822266,62.005950927734375,-12.288848876953125,0.670928955078125,-6.956598281860352,-100.12652587890625,93.48880767822266,62.005950927734375,-12.288848876953125,0.670928955078125,1.6960208741030658
0.324,0,-7.176754951477051,-100.1350326538086,93.54447174072266,61.64042663574219,-12.332756042480469,0.6798324584960938,-7.176754951477051,-100.1350326538086,93.54447174072266,61.64042663574219,-12.332756042480469,0.6798324584960938,1.5003261578604044
0.357,0,-7.476658821105957,-100.20170593261719,93.5989990234375,61.137428283691406,-12.438804626464844,0.6694908142089844,-7.476658821105957,-100.20170593261719,93.5989990234375,61.137428283691406,-12.438804626464844,0.6694908142089844,1.5003261578604044
0.393,0,-7.689208984375,-100.25927734375,93.63668060302734,60.7667236328125,-12.805000305175781,0.6634349822998047,-7.689208984375,-100.25927734375,93.63668060302734,60.7667236328125,-12.805000305175781,0.6634349822998047,1.4350945857795172
0.425,0,-7.730217933654785,-100.29798889160156,93.67744445800781,60.48191833496094,-13.240951538085938,0.6608810424804688,-7.730217933654785,-100.29798889160156,93.67744445800781,60.48191833496094,-13.240951538085938,0.6608810424804688,1.4350945857795172
0.460,0,-7.807903289794922,-100.33654022216797,93.80635070800781,59.80110168457031,-13.83245849609375,0.6606330871582031,-7.807903289794922,-100.33654022216797,93.80635070800781,59.80110168457031,-13.83245849609375,0.6606330871582031,1.4350945857795172
0.491,0,-7.872802734375,-100.35710144042969,93.94631958007812,59.021644592285156,-14.601554870605469,0.6530132293701172,-7.872802734375,-100.35710144042969,93.94631958007812,59.021644592285156,-14.601554870605469,0.6530132293701172,1.4350945857795172
0.529,0,-7.933710098266602,-100.3993911743164,94.07801055908203,58.23875427246094,-15.447196960449219,0.6446895599365234,-7.933710098266602,-100.3993911743164,94.07801055908203,58.23875427246094,-15.447196960449219,0.6446895599365234,1.4350945857795172
0.558,0,-7.93739128112793,-100.44263458251953,94.18366241455078,57.63404846191406,-16.330490112304688,0.6348457336425781,-7.93739128112793,-100.44263458251953,94.18366241455078,57.63404846191406,-16.330490112304688,0.6348457336425781,1.4350945857795172
0.594,0,-7.952888488769531,-100.48918151855469,94.32664489746094,56.841888427734375,-17.260116577148438,0.6284370422363281,-7.952888488769531,-100.48918151855469,94.32664489746094,56.841888427734375,-17.260116577148438,0.6284370422363281,1.4350945857795172
0.625,0,-7.981224060058594,-100.52481079101562,94.47293090820312,55.991050720214844,-18.193115234375,0.6159553527832031,-7.981224060058594,-100.52481079101562,94.47293090820312,55.991050720214844,-18.193115234375,0.6159553527832031,1.4350945857795172
0.657,0,-7.984427452087402,-100.57638549804688,94.62260437011719,55.033912658691406,-19.63390350341797,0.5980148315429688,-7.984427452087402,-100.57638549804688,94.62260437011719,55.033912658691406,-19.63390350341797,0.5980148315429688,1.4350945857795172
0.691,0,-7.9206953048706055,-100.626220703125,94.73348236083984,54.32794189453125,-20.89966583251953,0.5793609619140625,-7.9206953048706055,-100.626220703125,94.73348236083984,54.32794189453125,-20.89966583251953,0.5793609619140625,1.4350945857795172
0.727,0,-7.877128601074219,-100.66999053955078,94.89533233642578,53.391082763671875,-22.283348083496094,0.5638351440429688,-7.877128601074219,-100.66999053955078,94.89533233642578,53.391082763671875,-22.283348083496094,0.5638351440429688,1.4350945857795172
0.761,0,-7.779796600341797,-100.71735382080078,95.03842163085938,52.49705505371094,-23.849639892578125,0.5438671112060547,-7.779796600341797,-100.71735382080078,95.03842163085938,52.49705505371094,-23.849639892578125,0.5438671112060547,1.4350945857795172
0.803,0,-7.723813056945801,-100.78838348388672,95.18228912353516,51.500579833984375,-25.59784698486328,0.5190086364746094,-7.723813056945801,-100.78838348388672,95.18228912353516,51.500579833984375,-25.59784698486328,0.5190086364746094,1.4350945857795172
0.825,0,-7.610573768615723,-100.84429931640625,95.3021469116211,50.683937072753906,-27.240497589111328,0.4979267120361328,-7.610573768615723,-100.84429931640625,95.3021469116211,50.683937072753906,-27.240497589111328,0.4979267120361328,1.4350945857795172
0.861,0,-7.501711845397949,-100.8950424194336,95.4393310546875,49.75408172607422,-28.89011001586914,0.4876823425292969,-7.501711845397949,-100.8950424194336,95.4393310546875,49.75408172607422,-28.89011001586914,0.4876823425292969,1.4350945857795172
0.898,0,-7.353271484375,-100.96136474609375,95.56189727783203,48.83009338378906,-30.69084930419922,0.4973564147949219,-7.353271484375,-100.96136474609375,95.56189727783203,48.83009338378906,-30.69084930419922,0.4973564147949219,1.4350945857795172
0.928,0,-7.243292808532715,-101.02916717529297,95.67127990722656,47.88130187988281,-32.63102722167969,0.5787448883056641,-7.243292808532715,-101.02916717529297,95.67127990722656,47.88130187988281,-32.63102722167969,0.5787448883056641,1.4350945857795172
0.963,0,-7.008966445922852,-101.09481811523438,95.79789733886719,46.952537536621094,-34.63594055175781,0.7516746520996094,-7.008966445922852,-101.09481811523438,95.79789733886719,46.952537536621094,-34.63594055175781,0.7516746520996094,1.4350945857795172
0.994,0,-6.77235221862793,-101.1624755859375,95.91929626464844,46.01268768310547,-36.625770568847656,0.8742790222167969,-6.77235221862793,-101.1624755859375,95.91929626464844,46.01268768310547,-36.625770568847656,0.8742790222167969,1.4350945857795172
1.029,0,-6.533568382263184,-101.2305679321289,96.0315170288086,45.10572052001953,-38.53921127319336,1.0206108093261719,-6.533568382263184,-101.2305679321289,96.0315170288086,45.10572052001953,-38.53921127319336,1.0206108093261719,1.4350945857795172
1.064,0,-6.268027305603027,-101.30860900878906,96.14016723632812,44.184776306152344,-40.65884780883789,1.2518959045410156,-6.268027305603027,-101.30860900878906,96.14016723632812,44.184776306152344,-40.65884780883789,1.2518959045410156,1.4350945857795172
1.096,0,-5.929440498352051,-101.36503601074219,96.22799682617188,43.36742401123047,-42.6717529296875,1.5604743957519531,-5.929440498352051,-101.36503601074219,96.22799682617188,43.36742401123047,-42.6717529296875,1.5604743957519531,1.4350945857795172
1.132,0,-5.612977027893066,-101.43113708496094,96.32037353515625,42.51464080810547,-44.674652099609375,1.8995113372802734,-5.612977027893066,-101.43113708496094,96.32037353515625,42.51464080810547,-44.674652099609375,1.8995113372802734,1.4350945857795172
1.161,0,-5.262842178344727,-101.49712371826172,96.40483093261719,41.64629364013672,-46.73541259765625,2.2683162689208984,-5.262842178344727,-101.49712371826172,96.40483093261719,41.64629364013672,-46.73541259765625,2.2683162689208984,1.4350945857795172
1.199,0,-4.822491645812988,-101.53791046142578,96.47285461425781,40.767913818359375,-48.92335891723633,2.7643470764160156,-4.822491645812988,-101.53791046142578,96.47285461425781,40.767913818359375,-48.92335891723633,2.7643470764160156,1.4350945857795172
1.232,0,-4.2977190017700195,-101.5710678100586,96.51727294921875,39.99095153808594,-51.182777404785156,3.3736839294433594,-4.2977190017700195,-101.5710678100586,96.51727294921875,39.99095153808594,-51.182777404785156,3.3736839294433594,1.5655577299412915
1.262,0,-3.791720390319824,-101.61161041259766,96.55258178710938,39.232879638671875,-53.33367919921875,3.912616729736328,-3.791720390319824,-101.61161041259766,96.55258178710938,39.232879638671875,-53.33367919921875,3.912616729736328,1.761252446183953
1.299,0,-3.2770133018493652,-101.6677017211914,96.58438873291016,38.395751953125,-55.538055419921875,4.505393028259277,-3.2770133018493652,-101.6677017211914,96.58438873291016,38.395751953125,-55.538055419921875,4.505393028259277,2.152641878669276
1.329,0,-2.6975064277648926,-101.63945007324219,96.61289978027344,37.51067352294922,-57.71795654296875,5.14069938659668,-2.6975064277648926,-101.63945007324219,96.61289978027344,37.51067352294922,-57.71795654296875,5.14069938659668,2.674494455316373
1.366,0,-2.0158233642578125,-101.5766372680664,96.63682556152344,36.572296142578125,-59.90978240966797,5.832106590270996,-2.0158233642578125,-101.5766372680664,96.63682556152344,36.572296142578125,-59.90978240966797,5.832106590270996,3.1963470319634704
1.397,0,-1.3547449111938477,-101.50752258300781,96.64564514160156,35.65937805175781,-62.026084899902344,6.517535209655762,-1.3547449111938477,-101.50752258300781,96.64564514160156,35.65937805175781,-62.026084899902344,6.517535209655762,3.7834311806914545
1.433,0,-0.6716880798339844,-101.33914184570312,96.64014434814453,34.56263732910156,-64.10940551757812,7.347827911376953,-0.6716880798339844,-101.33914184570312,96.64014434814453,34.56263732910156,-64.10940551757812,7.347827911376953,4.3705153294194385
1.463,0,0.01560831069946289,-101.06822204589844,96.63307189941406,33.22587585449219,-66.25633239746094,8.348764419555664,0.01560831069946289,-101.06822204589844,96.63307189941406,33.22587585449219,-66.25633239746094,8.348764419555664,5.0228310502283104
1.500,0,0.7575137615203857,-100.73303985595703,96.62442779541016,31.827735900878906,-68.3892593383789,9.538658142089844,0.7575137615203857,-100.73303985595703,96.62442779541016,31.827735900878906,-68.3892593383789,9.538658142089844,5.6751467710371815
1.531,0,1.4554955959320068,-100.322998046875,96.61697387695312,30.32318115234375,-70.36634063720703,10.904398918151855,1.4554955959320068,-100.322998046875,96.61697387695312,30.32318115234375,-70.36634063720703,10.904398918151855,6.457925636007827
1.565,0,2.1688625812530518,-99.852294921875,96.61717224121094,28.763999938964844,-72.2054443359375,12.4136962890625,2.1688625812530518,-99.852294921875,96.61717224121094,28.763999938964844,-72.2054443359375,12.4136962890625,7.30593607305936
1.598,0,2.8439154624938965,-99.30890655517578,96.64019012451172,27.152755737304688,-73.78858947753906,14.029325485229492,2.8439154624938965,-99.30890655517578,96.64019012451172,27.152755737304688,-73.78858947753906,14.029325485229492,8.414872798434441
1.633,0,3.535311698913574,-98.65342712402344,96.65972900390625,25.549636840820312,-75.19161224365234,15.665898323059082,3.535311698913574,-98.65342712402344,96.65972900390625,25.549636840820312,-75.19161224365234,15.665898323059082,9.719504240052185
1.664,0,4.149513244628906,-97.92970275878906,96.65895080566406,23.903278350830078,-76.36663818359375,17.317047119140625,4.149513244628906,-97.92970275878906,96.65895080566406,23.903278350830078,-76.36663818359375,17.317047119140625,10.95890410958904
1.703,0,4.725703239440918,-97.02255249023438,96.65388488769531,22.17974090576172,-77.35987854003906,18.861757278442383,4.725703239440918,-97.02255249023438,96.65388488769531,22.17974090576172,-77.35987854003906,18.861757278442383,12.459230267449446
1.731,0,5.23909854888916,-96.10704803466797,96.65583038330078,20.499065399169922,-78.16255187988281,20.232065200805664,5.23909854888916,-96.10704803466797,96.65583038330078,20.499065399169922,-78.16255187988281,20.232065200805664,14.024787997390737
1.766,0,5.73695182800293,-95.12315368652344,96.63758850097656,18.856231689453125,-78.81950378417969,21.532567977905273,5.73695182800293,-95.12315368652344,96.63758850097656,18.856231689453125,-78.81950378417969,21.532567977905273,15.52511415525114
1.800,0,6.13863468170166,-94.06512451171875,96.61882019042969,17.129470825195312,-79.34086608886719,22.7430419921875,6.13863468170166,-94.06512451171875,96.61882019042969,17.129470825195312,-79.34086608886719,22.7430419921875,17.09067188519243
1.835,0,6.459511756896973,-92.79366302490234,96.56837463378906,15.316936492919922,-79.78733825683594,23.857540130615234,6.459511756896973,-92.79366302490234,96.56837463378906,15.316936492919922,-79.78733825683594,23.857540130615234,18.590998043052835
1.868,0,6.802275657653809,-91.48666381835938,96.50129699707031,13.586090087890625,-80.2061767578125,24.91041374206543,6.802275657653809,-91.48666381835938,96.50129699707031,13.586090087890625,-80.2061767578125,24.91041374206543,19.89562948467058
1.900,0,7.102362632751465,-90.03755950927734,96.40839385986328,11.74053955078125,-80.5931167602539,25.97917938232422,7.102362632751465,-90.03755950927734,96.40839385986328,11.74053955078125,-80.5931167602539,25.97917938232422,21.200260926288323
1.944,0,7.323424339294434,-88.49762725830078,96.32591247558594,9.83590316772461,-80.91014862060547,26.921045303344727,7.323424339294434,-88.49762725830078,96.32591247558594,9.83590316772461,-80.91014862060547,26.921045303344727,22.439660795825176
1.967,0,7.511405944824219,-86.75035095214844,96.19450378417969,7.807041168212891,-81.22118377685547,27.8773193359375,7.511405944824219,-86.75035095214844,96.19450378417969,7.807041168212891,-81.22118377685547,27.8773193359375,23.613829093281147
2.001,0,7.718903541564941,-85.00128936767578,96.06266021728516,5.825401306152344,-81.52169036865234,28.774606704711914,7.718903541564941,-85.00128936767578,96.06266021728516,5.825401306152344,-81.52169036865234,28.774606704711914,24.592302674494455
2.039,0,7.919835090637207,-83.12712860107422,95.88093566894531,3.7575912475585938,-81.81730651855469,29.72491455078125,7.919835090637207,-83.12712860107422,95.88093566894531,3.7575912475585938,-81.81730651855469,29.72491455078125,25.63600782778865
2.070,0,8.049606323242188,-81.14588165283203,95.69103240966797,1.6154212951660156,-82.08353424072266,30.56800079345703,8.049606323242188,-81.14588165283203,95.69103240966797,1.6154212951660156,-82.08353424072266,30.56800079345703,26.74494455316373
2.104,0,8.185961723327637,-79.05201721191406,95.44943237304688,-0.5628814697265625,-82.36292266845703,31.408170700073242,8.185961723327637,-79.05201721191406,95.44943237304688,-0.5628814697265625,-82.36292266845703,31.408170700073242,27.59295499021526
2.137,0,8.325056076049805,-76.93025207519531,95.20301818847656,-2.7003822326660156,-82.65330505371094,32.205787658691406,8.325056076049805,-76.93025207519531,95.20301818847656,-2.7003822326660156,-82.65330505371094,32.205787658691406,28.57142857142857
2.170,0,8.464845657348633,-74.81977844238281,94.92417907714844,-4.850166320800781,-82.9103775024414,33.001495361328125,8.464845657348633,-74.81977844238281,94.92417907714844,-4.850166320800781,-82.9103775024414,33.001495361328125,29.419439008480104
2.204,0,8.54104232788086,-72.63786315917969,94.60061645507812,-6.980680465698242,-83.14327239990234,33.68705749511719,8.54104232788086,-72.63786315917969,94.60061645507812,-6.980680465698242,-83.14327239990234,33.68705749511719,30.332681017612522
2.236,0,8.608823776245117,-70.31747436523438,94.23285675048828,-9.202898025512695,-83.38886260986328,34.387351989746094,8.608823776245117,-70.31747436523438,94.23285675048828,-9.202898025512695,-83.38886260986328,34.387351989746094,31.180691454664057
2.270,0,8.715252876281738,-68.06861877441406,93.8586654663086,-11.27408218383789,-83.62860870361328,35.01700210571289,8.715252876281738,-68.06861877441406,93.8586654663086,-11.27408218383789,-83.62860870361328,35.01700210571289,31.963470319634702
2.306,0,8.77827262878418,-65.7300033569336,93.43234252929688,-13.443357467651367,-83.84680938720703,35.6563835144043,8.77827262878418,-65.7300033569336,93.43234252929688,-13.443357467651367,-83.84680938720703,35.6563835144043,32.74624918460535
2.339,0,8.820701599121094,-63.511985778808594,93.01084899902344,-15.440528869628906,-84.05231475830078,36.186492919921875,8.820701599121094,-63.511985778808594,93.01084899902344,-15.440528869628906,-84.05231475830078,36.186492919921875,33.52902804957599
2.371,0,8.838160514831543,-61.28219223022461,92.5057144165039,-17.335662841796875,-84.25841522216797,36.74153137207031,8.838160514831543,-61.28219223022461,92.5057144165039,-17.335662841796875,-84.25841522216797,36.74153137207031,34.11611219830398
2.405,0,8.863256454467773,-59.07353973388672,91.99478149414062,-19.168323516845703,-84.46577453613281,37.26396942138672,8.863256454467773,-59.07353973388672,91.99478149414062,-19.168323516845703,-84.46577453613281,37.26396942138672,34.833659491193735
2.437,0,8.859004974365234,-56.878414154052734,91.47187805175781,-21.0203914642334,-84.6567611694336,37.812496185302734,8.859004974365234,-56.878414154052734,91.47187805175781,-21.0203914642334,-84.6567611694336,37.812496185302734,35.42074363992172
2.470,0,8.828132629394531,-54.75328826904297,90.97505187988281,-22.80251121520996,-84.82943725585938,38.285789489746094,8.828132629394531,-54.75328826904297,90.97505187988281,-22.80251121520996,-84.82943725585938,38.285789489746094,36.007827788649706
2.506,0,8.784517288208008,-52.569271087646484,90.42210388183594,-24.545564651489258,-85.02835845947266,38.76043701171875,8.784517288208008,-52.569271087646484,90.42210388183594,-24.545564651489258,-85.02835845947266,38.76043701171875,36.5296803652968
2.538,0,8.739585876464844,-50.3615837097168,89.85758209228516,-26.303544998168945,-85.215576171875,39.207435607910156,8.739585876464844,-50.3615837097168,89.85758209228516,-26.303544998168945,-85.215576171875,39.207435607910156,37.11676451402479
2.574,0,8.657556533813477,-48.24152374267578,89.27960205078125,-27.987842559814453,-85.3646240234375,39.654014587402344,8.657556533813477,-48.24152374267578,89.27960205078125,-27.987842559814453,-85.3646240234375,39.654014587402344,37.638617090671886
2.604,0,8.58277702331543,-46.229087829589844,88.75863647460938,-29.59272575378418,-85.49842071533203,40.028282165527344,8.58277702331543,-46.229087829589844,88.75863647460938,-29.59272575378418,-85.49842071533203,40.028282165527344,38.16046966731898
2.640,0,8.482858657836914,-44.08049774169922,88.18330383300781,-31.27707290649414,-85.65995788574219,40.414363861083984,8.482858657836914,-44.08049774169922,88.18330383300781,-31.27707290649414,-85.65995788574219,40.414363861083984,38.617090671885194
2.671,0,8.399484634399414,-42.060752868652344,87.66317749023438,-32.84970474243164,-85.80834197998047,40.7322883605957,8.399484634399414,-42.060752868652344,87.66317749023438,-32.84970474243164,-85.80834197998047,40.7322883605957,39.0737116764514
2.708,0,8.287073135375977,-40.017181396484375,87.10940551757812,-34.4874382019043,-85.92000579833984,41.08714294433594,8.287073135375977,-40.017181396484375,87.10940551757812,-34.4874382019043,-85.92000579833984,41.08714294433594,39.46510110893672
2.739,0,8.191939353942871,-38.05451202392578,86.62422180175781,-36.081520080566406,-86.02790069580078,41.3648681640625,8.191939353942871,-38.05451202392578,86.62422180175781,-36.081520080566406,-86.02790069580078,41.3648681640625,39.85649054142205
2.771,0,8.074422836303711,-36.07039260864258,86.13136291503906,-37.69200897216797,-86.15074157714844,41.65643310546875,8.074422836303711,-36.07039260864258,86.13136291503906,-37.69200897216797,-86.15074157714844,41.65643310546875,40.182648401826484
2.809,0,7.977812767028809,-34.25865173339844,85.69754028320312,-39.16719055175781,-86.25267791748047,41.871734619140625,7.977812767028809,-34.25865173339844,85.69754028320312,-39.16719055175781,-86.25267791748047,41.871734619140625,40.5740378343118
2.843,0,7.879222869873047,-32.44322204589844,85.26704406738281,-40.68377685546875,-86.32473754882812,42.109519958496094,7.879222869873047,-32.44322204589844,85.26704406738281,-40.68377685546875,-86.32473754882812,42.109519958496094,40.90019569471624
2.881,0,7.774611473083496,-30.701858520507812,84.88833618164062,-42.169532775878906,-86.38286590576172,42.30518341064453,7.774611473083496,-30.701858520507812,84.88833618164062,-42.169532775878906,-86.38286590576172,42.30518341064453,41.16112198303979
2.903,0,7.664165496826172,-28.919769287109375,84.52017211914062,-43.69123458862305,-86.43680572509766,42.518341064453125,7.664165496826172,-28.919769287109375,84.52017211914062,-43.69123458862305,-86.43680572509766,42.518341064453125,41.42204827136334
2.942,0,7.578908920288086,-27.240779876708984,84.16790008544922,-45.13747787475586,-86.5013427734375,42.69226837158203,7.578908920288086,-27.240779876708984,84.16790008544922,-45.13747787475586,-86.5013427734375,42.69226837158203,41.68297455968688
2.971,0,7.478590965270996,-25.624755859375,83.82180786132812,-46.546016693115234,-86.53802490234375,42.88065719604492,7.478590965270996,-25.624755859375,83.82180786132812,-46.546016693115234,-86.53802490234375,42.88065719604492,41.943900848010436
3.015,0,7.382179260253906,-23.987628936767578,83.47161865234375,-47.977561950683594,-86.55970764160156,43.06346130371094,7.382179260253906,-23.987628936767578,83.47161865234375,-47.977561950683594,-86.55970764160156,43.06346130371094,42.1395955642531
3.037,0,7.287686824798584,-22.341140747070312,83.12689971923828,-49.42362976074219,-86.58409881591797,43.25907516479492,7.287686824798584,-22.341140747070312,83.12689971923828,-49.42362976074219,-86.58409881591797,43.25907516479492,42.335290280495755
3.073,0,7.207205295562744,-20.768632888793945,82.77506256103516,-50.78105926513672,-86.61097717285156,43.432518005371094,7.207205295562744,-20.768632888793945,82.77506256103516,-50.78105926513672,-86.61097717285156,43.432518005371094,42.53098499673842
3.117,0,7.130655288696289,-19.191320419311523,82.41431427001953,-52.15767288208008,-86.61713409423828,43.614295959472656,7.130655288696289,-19.191320419311523,82.41431427001953,-52.15767288208008,-86.61713409423828,43.614295959472656,42.72667971298108
3.140,0,7.033771514892578,-17.607934951782227,82.02600860595703,-53.51769256591797,-86.61712646484375,43.80034637451172,7.033771514892578,-17.607934951782227,82.02600860595703,-53.51769256591797,-86.61712646484375,43.80034637451172,42.922374429223744
3.185,0,6.949301719665527,-16.049013137817383,81.64493560791016,-54.84197998046875,-86.62721252441406,43.9989013671875,6.949301719665527,-16.049013137817383,81.64493560791016,-54.84197998046875,-86.62721252441406,43.9989013671875,43.05283757338552
3.208,0,6.876404762268066,-14.486955642700195,81.24273681640625,-56.16222381591797,-86.6358413696289,44.187965393066406,6.876404762268066,-14.486955642700195,81.24273681640625,-56.16222381591797,-86.6358413696289,44.187965393066406,43.31376386170906
3.242,0,6.801486015319824,-12.970342636108398,80.83151245117188,-57.435943603515625,-86.62924194335938,44.37456512451172,6.801486015319824,-12.970342636108398,80.83151245117188,-57.435943603515625,-86.62924194335938,44.37456512451172,43.444227005870836
3.276,0,6.737522125244141,-11.458145141601562,80.37093353271484,-58.676109313964844,-86.62049865722656,44.584693908691406,6.737522125244141,-11.458145141601562,80.37093353271484,-58.676109313964844,-86.62049865722656,44.584693908691406,43.6399217221135
3.312,0,6.657471179962158,-9.960716247558594,79.93034362792969,-59.89034652709961,-86.62078094482422,44.784698486328125,6.657471179962158,-9.960716247558594,79.93034362792969,-59.89034652709961,-86.62078094482422,44.784698486328125,43.90084801043705
3.344,0,6.5945353507995605,-8.528852462768555,79.47561645507812,-61.027915954589844,-86.626220703125,44.97075653076172,6.5945353507995605,-8.528852462768555,79.47561645507812,-61.027915954589844,-86.626220703125,44.97075653076172,44.031311154598825
3.380,0,6.547920227050781,-7.090044021606445,79.02828979492188,-62.218505859375,-86.61035919189453,45.173744201660156,6.547920227050781,-7.090044021606445,79.02828979492188,-62.218505859375,-86.61035919189453,45.173744201660156,44.22700587084149
3.409,0,6.5003275871276855,-5.684408187866211,78.52652740478516,-63.31697082519531,-86.5982894897461,45.363304138183594,6.5003275871276855,-5.684408187866211,78.52652740478516,-63.31697082519531,-86.5982894897461,45.363304138183594,44.422700587084144
3.448,0,6.457683563232422,-4.2328691482543945,78.02606964111328,-64.44430541992188,-86.59627532958984,45.55541229248047,6.457683563232422,-4.2328691482543945,78.02606964111328,-64.44430541992188,-86.59627532958984,45.55541229248047,44.6836268754077
3.475,0,6.411073684692383,-2.9049291610717773,77.5556869506836,-65.4854965209961,-86.59784698486328,45.729949951171875,6.411073684692383,-2.9049291610717773,77.5556869506836,-65.4854965209961,-86.59784698486328,45.729949951171875,44.81409001956947
3.514,0,6.386330604553223,-1.5817241668701172,77.06319427490234,-66.50389099121094,-86.58772277832031,45.92140197753906,6.386330604553223,-1.5817241668701172,77.06319427490234,-66.50389099121094,-86.58772277832031,45.92140197753906,45.00978473581213
3.544,0,6.298764705657959,-0.6837148666381836,76.79878234863281,-67.29374694824219,-86.58153533935547,45.944332122802734,6.298764705657959,-0.6837148666381836,76.79878234863281,-67.29374694824219,-86.58153533935547,45.944332122802734,45.20547945205479
3.580,0,6.1991424560546875,0.27618980407714844,76.54528045654297,-68.1444320678711,-86.59171295166016,45.97457504272461,6.1991424560546875,0.27618980407714844,76.54528045654297,-68.1444320678711,-86.59171295166016,45.97457504272461,45.40117416829745
3.611,0,6.123981475830078,1.1830501556396484,76.26811218261719,-68.93049621582031,-86.60052490234375,45.97138214111328,6.123981475830078,1.1830501556396484,76.26811218261719,-68.93049621582031,-86.60052490234375,45.97138214111328,45.531637312459225
3.646,0,6.074495315551758,2.117136001586914,75.96475219726562,-69.75485229492188,-86.59752655029297,45.98017120361328,6.074495315551758,2.117136001586914,75.96475219726562,-69.75485229492188,-86.59752655029297,45.98017120361328,45.596868884540115
3.678,0,6.012585639953613,2.9722118377685547,75.72175598144531,-70.54487609863281,-86.60247039794922,45.966087341308594,6.012585639953613,2.9722118377685547,75.72175598144531,-70.54487609863281,-86.60247039794922,45.966087341308594,45.662100456621005
3.714,0,5.96452522277832,3.908052444458008,75.40415954589844,-71.30146789550781,-86.60314178466797,45.98220443725586,5.96452522277832,3.908052444458008,75.40415954589844,-71.30146789550781,-86.60314178466797,45.98220443725586,45.662100456621005
3.747,0,5.906647682189941,4.74818229675293,75.147216796875,-72.0287857055664,-86.60147094726562,45.965415954589844,5.906647682189941,4.74818229675293,75.147216796875,-72.0287857055664,-86.60147094726562,45.965415954589844,45.662100456621005
3.778,0,5.891086101531982,5.6309814453125,74.79743957519531,-72.76194763183594,-86.61321258544922,45.97840881347656,5.891086101531982,5.6309814453125,74.79743957519531,-72.76194763183594,-86.61321258544922,45.97840881347656,45.662100456621005
3.814,0,5.830852508544922,6.358020782470703,74.56066131591797,-73.39344787597656,-86.64022064208984,45.95130157470703,5.830852508544922,6.358020782470703,74.56066131591797,-73.39344787597656,-86.64022064208984,45.95130157470703,45.662100456621005
3.847,0,5.8022780418396,7.1720123291015625,74.22596740722656,-74.04371643066406,-86.66488647460938,45.92988204956055,5.8022780418396,7.1720123291015625,74.22596740722656,-74.04371643066406,-86.66488647460938,45.92988204956055,45.662100456621005
3.880,0,5.762717247009277,7.875600814819336,73.93413543701172,-74.60641479492188,-86.67863464355469,45.890220642089844,5.762717247009277,7.875600814819336,73.93413543701172,-74.60641479492188,-86.67863464355469,45.890220642089844,45.662100456621005
3.914,0,5.7596116065979,8.602409362792969,73.55233764648438,-75.15435791015625,-86.6998062133789,45.85810089111328,5.7596116065979,8.602409362792969,73.55233764648438,-75.15435791015625,-86.6998062133789,45.85810089111328,45.662100456621005
3.949,0,5.733520030975342,9.249496459960938,73.22447967529297,-75.65679931640625,-86.7284164428711,45.81340026855469,5.733520030975342,9.249496459960938,73.22447967529297,-75.65679931640625,-86.7284164428711,45.81340026855469,45.662100456621005
3.980,0,5.705611228942871,9.939037322998047,72.85780334472656,-76.13716888427734,-86.73562622070312,45.7599983215332,5.705611228942871,9.939037322998047,72.85780334472656,-76.13716888427734,-86.73562622070312,45.7599983215332,45.662100456621005
4.015,0,5.727943420410156,10.57382583618164,72.49935913085938,-76.58859252929688,-86.74559020996094,45.7221794128418,5.727943420410156,10.57382583618164,72.49935913085938,-76.58859252929688,-86.74559020996094,45.7221794128418,45.662100456621005
4.047,0,5.761867046356201,11.184223175048828,72.07186889648438,-76.99349975585938,-86.77227783203125,45.657283782958984,5.761867046356201,11.184223175048828,72.07186889648438,-76.99349975585938,-86.77227783203125,45.657283782958984,45.662100456621005
4.084,0,5.746617317199707,11.782327651977539,71.74433135986328,-77.40984344482422,-86.80339813232422,45.60105895996094,5.746617317199707,11.782327651977539,71.74433135986328,-77.40984344482422,-86.80339813232422,45.60105895996094,45.662100456621005
4.113,0,5.751593589782715,12.344470977783203,71.35811614990234,-77.759765625,-86.82846069335938,45.518070220947266,5.751593589782715,12.344470977783203,71.35811614990234,-77.759765625,-86.82846069335938,45.518070220947266,45.662100456621005
4.152,0,5.784072399139404,12.898771286010742,70.96824645996094,-78.09001922607422,-86.82850646972656,45.44603729248047,5.784072399139404,12.898771286010742,70.96824645996094,-78.09001922607422,-86.82850646972656,45.44603729248047,45.662100456621005
4.180,0,5.821291923522949,13.44239616394043,70.52865600585938,-78.41311645507812,-86.8589859008789,45.35507583618164,5.821291923522949,13.44239616394043,70.52865600585938,-78.41311645507812,-86.8589859008789,45.35507583618164,45.662100456621005
4.219,0,5.834606170654297,13.979679107666016,70.181884765625,-78.73963928222656,-86.88424682617188,45.276145935058594,5.834606170654297,13.979679107666016,70.181884765625,-78.73963928222656,-86.88424682617188,45.276145935058594,45.662100456621005
4.249,0,5.864480972290039,14.516027450561523,69.76881408691406,-79.02937316894531,-86.91581726074219,45.176918029785156,5.864480972290039,14.516027450561523,69.76881408691406,-79.02937316894531,-86.91581726074219,45.176918029785156,45.662100456621005
4.282,0,5.918586730957031,15.003717422485352,69.39149475097656,-79.28288269042969,-86.91935729980469,45.09931182861328,5.918586730957031,15.003717422485352,69.39149475097656,-79.28288269042969,-86.91935729980469,45.09931182861328,45.662100456621005
4.318,0,5.9573493003845215,15.488065719604492,69.01824951171875,-79.5875244140625,-86.95628356933594,44.97550964355469,5.9573493003845215,15.488065719604492,69.01824951171875,-79.5875244140625,-86.95628356933594,44.97550964355469,45.662100456621005
4.348,0,5.973986625671387,15.93172836303711,68.67950439453125,-79.8115005493164,-86.97618865966797,44.8760986328125,5.973986625671387,15.93172836303711,68.67950439453125,-79.8115005493164,-86.97618865966797,44.8760986328125,45.662100456621005
4.386,0,5.986325263977051,16.439502716064453,68.28750610351562,-80.06427001953125,-86.99658203125,44.764347076416016,5.986325263977051,16.439502716064453,68.28750610351562,-80.06427001953125,-86.99658203125,44.764347076416016,45.662100456621005
4.414,0,6.0434675216674805,16.884471893310547,67.91168975830078,-80.2493667602539,-86.99699401855469,44.67029571533203,6.0434675216674805,16.884471893310547,67.91168975830078,-80.2493667602539,-86.99699401855469,44.67029571533203,45.40117416829745
4.452,0,6.058709621429443,17.358261108398438,67.51112365722656,-80.48313903808594,-87.03185272216797,44.53424072265625,6.058709621429443,17.358261108398438,67.51112365722656,-80.48313903808594,-87.03185272216797,44.53424072265625,45.27071102413568
4.482,0,6.06325626373291,17.790157318115234,67.20674133300781,-80.71440124511719,-87.05770874023438,44.43048858642578,6.06325626373291,17.790157318115234,67.20674133300781,-80.71440124511719,-87.05770874023438,44.43048858642578,45.075016307893016
4.519,0,6.056510925292969,18.226680755615234,66.85487365722656,-80.9170150756836,-87.06378936767578,44.30586242675781,6.056510925292969,18.226680755615234,66.85487365722656,-80.9170150756836,-87.06378936767578,44.30586242675781,44.94455316373124
4.549,0,6.105101108551025,18.65479278564453,66.49760437011719,-81.10140228271484,-87.06515502929688,44.21208953857422,6.105101108551025,18.65479278564453,66.49760437011719,-81.10140228271484,-87.06515502929688,44.21208953857422,44.87932159165035
4.584,0,6.099362850189209,19.108158111572266,66.10747528076172,-81.28788757324219,-87.10459899902344,44.066680908203125,6.099362850189209,19.108158111572266,66.10747528076172,-81.28788757324219,-87.10459899902344,44.066680908203125,44.87932159165035
4.616,0,6.065866947174072,19.52069091796875,65.79739379882812,-81.49909973144531,-87.13272094726562,43.93448257446289,6.065866947174072,19.52069091796875,65.79739379882812,-81.49909973144531,-87.13272094726562,43.93448257446289,44.61839530332681
4.655,0,6.066091060638428,19.885883331298828,65.54949951171875,-81.68453979492188,-87.145751953125,43.807559967041016,6.066091060638428,19.885883331298828,65.54949951171875,-81.68453979492188,-87.145751953125,43.807559967041016,44.553163731245924
4.682,0,6.093562602996826,20.265213012695312,65.20796966552734,-81.7996826171875,-87.13885498046875,43.699913024902344,6.093562602996826,20.265213012695312,65.20796966552734,-81.7996826171875,-87.13885498046875,43.699913024902344,44.422700587084144
4.720,0,6.066112041473389,20.606151580810547,64.98248291015625,-81.97357177734375,-87.177001953125,43.53217697143555,6.066112041473389,20.606151580810547,64.98248291015625,-81.97357177734375,-87.177001953125,43.53217697143555,44.22700587084149
4.749,0,6.023728847503662,20.941558837890625,64.75615692138672,-82.13929748535156,-87.20451354980469,43.404598236083984,6.023728847503662,20.941558837890625,64.75615692138672,-82.13929748535156,-87.20451354980469,43.404598236083984,44.09654272667971
4.787,0,5.99755859375,21.354312896728516,64.45268249511719,-82.31495666503906,-87.23190307617188,43.25847625732422,5.99755859375,21.354312896728516,64.45268249511719,-82.31495666503906,-87.23190307617188,43.25847625732422,43.90084801043705
4.818,0,6.041597843170166,21.658145904541016,64.16189575195312,-82.36055755615234,-87.21539306640625,43.130836486816406,6.041597843170166,21.658145904541016,64.16189575195312,-82.36055755615234,-87.21539306640625,43.130836486816406,43.83561643835616
4.851,0,6.020932197570801,21.943038940429688,63.960296630859375,-82.43980407714844,-87.2343521118164,42.9431266784668,6.020932197570801,21.943038940429688,63.960296630859375,-82.43980407714844,-87.2343521118164,42.9431266784668,43.77038486627527
4.886,0,6.010931968688965,22.26329803466797,63.7713737487793,-82.57083129882812,-87.24040985107422,42.822784423828125,6.010931968688965,22.26329803466797,63.7713737487793,-82.57083129882812,-87.24040985107422,42.822784423828125,43.6399217221135
4.919,0,6.006450653076172,22.67493438720703,63.44288635253906,-82.68685913085938,-87.26576232910156,42.667091369628906,6.006450653076172,22.67493438720703,63.44288635253906,-82.68685913085938,-87.26576232910156,42.667091369628906,43.444227005870836
4.952,0,6.066706657409668,22.937976837158203,63.21913528442383,-82.70329284667969,-87.25181579589844,42.518463134765625,6.066706657409668,22.937976837158203,63.21913528442383,-82.70329284667969,-87.25181579589844,42.518463134765625,43.24853228962818
4.987,0,6.05815315246582,23.16094207763672,63.05336380004883,-82.72018432617188,-87.27066802978516,42.3038330078125,6.05815315246582,23.16094207763672,63.05336380004883,-82.72018432617188,-87.27066802978516,42.3038330078125,43.05283757338552
5.019,0,6.024914741516113,23.491722106933594,62.9034538269043,-82.87031555175781,-87.28244018554688,42.157249450683594,6.024914741516113,23.491722106933594,62.9034538269043,-82.87031555175781,-87.28244018554688,42.157249450683594,42.98760600130463
5.053,0,6.031563758850098,23.844554901123047,62.61819076538086,-82.89738464355469,-87.30206298828125,41.978843688964844,6.031563758850098,23.844554901123047,62.61819076538086,-82.89738464355469,-87.30206298828125,41.978843688964844,42.79191128506197
5.086,0,6.113771438598633,24.08420181274414,62.389122009277344,-82.8628158569336,-87.28284454345703,41.79536056518555,6.113771438598633,24.08420181274414,62.389122009277344,-82.8628158569336,-87.28284454345703,41.79536056518555,42.59621656881931
5.120,0,6.085702419281006,24.284847259521484,62.22251892089844,-82.82785034179688,-87.3014907836914,41.601707458496094,6.085702419281006,24.284847259521484,62.22251892089844,-82.82785034179688,-87.3014907836914,41.601707458496094,42.400521852576645
5.154,0,6.082122325897217,24.587337493896484,62.007266998291016,-82.82725524902344,-87.29769897460938,41.43721008300781,6.082122325897217,24.587337493896484,62.007266998291016,-82.82725524902344,-87.29769897460938,41.43721008300781,42.27005870841487
5.190,0,6.120019912719727,24.824405670166016,61.80992889404297,-82.82736206054688,-87.28672790527344,41.26324462890625,6.120019912719727,24.824405670166016,61.80992889404297,-82.82736206054688,-87.28672790527344,41.26324462890625,42.07436399217221
5.220,0,6.17877197265625,24.984577178955078,61.64415740966797,-82.76791381835938,-87.28648376464844,41.078468322753906,6.17877197265625,24.984577178955078,61.64415740966797,-82.76791381835938,-87.28648376464844,41.078468322753906,41.878669275929546
5.253,0,6.141982555389404,25.072998046875,61.57154083251953,-82.65386962890625,-87.2983169555664,40.79463195800781,6.141982555389404,25.072998046875,61.57154083251953,-82.65386962890625,-87.2983169555664,40.79463195800781,41.68297455968688
5.290,0,6.20600700378418,25.33673095703125,61.396324157714844,-82.65934753417969,-87.28170013427734,40.61766815185547,6.20600700378418,25.33673095703125,61.396324157714844,-82.65934753417969,-87.28170013427734,40.61766815185547,41.55251141552511
5.321,0,6.205275535583496,25.334632873535156,61.368080139160156,-82.51143646240234,-87.27664184570312,40.35371398925781,6.205275535583496,25.334632873535156,61.368080139160156,-82.51143646240234,-87.27664184570312,40.35371398925781,41.291585127201564
5.357,0,6.20031213760376,25.457672119140625,61.20317840576172,-82.3687744140625,-87.27324676513672,40.171905517578125,6.20031213760376,25.457672119140625,61.20317840576172,-82.3687744140625,-87.27324676513672,40.171905517578125,41.0958904109589
5.387,0,6.140317916870117,25.570213317871094,61.10572814941406,-82.25205993652344,-87.30204010009766,39.874908447265625,6.140317916870117,25.570213317871094,61.10572814941406,-82.25205993652344,-87.30204010009766,39.874908447265625,40.834964122635355
5.424,0,6.133252143859863,25.60647201538086,61.010467529296875,-82.07744598388672,-87.26923370361328,39.569671630859375,6.133252143859863,25.60647201538086,61.010467529296875,-82.07744598388672,-87.26923370361328,39.569671630859375,40.63926940639269
5.454,0,6.1201605796813965,25.546314239501953,60.95231246948242,-81.83111572265625,-87.25874328613281,39.25156784057617,6.1201605796813965,25.546314239501953,60.95231246948242,-81.83111572265625,-87.25874328613281,39.25156784057617,40.37834311806915
5.491,0,6.120718479156494,25.687057495117188,60.72869873046875,-81.70634460449219,-87.24662780761719,39.02705001831055,6.120718479156494,25.687057495117188,60.72869873046875,-81.70634460449219,-87.24662780761719,39.02705001831055,40.11741682974559
5.532,0,6.027510643005371,25.515892028808594,60.84682083129883,-81.47432708740234,-87.2544937133789,38.66582489013672,6.027510643005371,25.515892028808594,60.84682083129883,-81.47432708740234,-87.2544937133789,38.66582489013672,39.79125896934116
5.554,0,6.0280585289001465,25.541057586669922,60.69092559814453,-81.25302124023438,-87.21141052246094,38.353431701660156,6.0280585289001465,25.541057586669922,60.69092559814453,-81.25302124023438,-87.21141052246094,38.353431701660156,39.53033268101761
5.588,0,5.9940571784973145,25.306865692138672,60.62470245361328,-80.79899597167969,-87.17830657958984,38.009727478027344,5.9940571784973145,25.306865692138672,60.62470245361328,-80.79899597167969,-87.17830657958984,38.009727478027344,39.33463796477495
5.624,0,5.927542209625244,25.50124740600586,60.34919357299805,-80.71269226074219,-87.13890838623047,37.76298522949219,5.927542209625244,25.50124740600586,60.34919357299805,-80.71269226074219,-87.13890838623047,37.76298522949219,38.94324853228962
5.657,0,5.826657772064209,25.26746368408203,60.6065673828125,-80.59075164794922,-87.13505554199219,37.37272644042969,5.826657772064209,25.26746368408203,60.6065673828125,-80.59075164794922,-87.13505554199219,37.37272644042969,38.617090671885194
5.690,0,5.798368453979492,25.143051147460938,60.513118743896484,-80.28549194335938,-87.10311126708984,37.05683135986328,5.798368453979492,25.143051147460938,60.513118743896484,-80.28549194335938,-87.10311126708984,37.05683135986328,38.29093281148076
5.723,0,5.806146621704102,25.545246124267578,60.21406173706055,-80.42306518554688,-87.07067108154297,36.968406677246094,5.806146621704102,25.545246124267578,60.21406173706055,-80.42306518554688,-87.07067108154297,36.968406677246094,38.030006523157205
5.757,0,5.726925373077393,26.05495834350586,59.93122100830078,-80.74834442138672,-87.07646942138672,36.913482666015625,5.726925373077393,26.05495834350586,59.93122100830078,-80.74834442138672,-87.07646942138672,36.913482666015625,37.70384866275277
5.790,0,5.630202293395996,25.782752990722656,60.112091064453125,-80.51101684570312,-87.08988189697266,36.51945495605469,5.630202293395996,25.782752990722656,60.112091064453125,-80.51101684570312,-87.08988189697266,36.51945495605469,37.44292237442922
5.826,0,5.580389499664307,25.543350219726562,60.17125701904297,-80.25148010253906,-87.08978271484375,36.12865447998047,5.580389499664307,25.543350219726562,60.17125701904297,-80.25148010253906,-87.08978271484375,36.12865447998047,37.31245923026745
5.857,0,5.570575714111328,25.96932601928711,59.90964889526367,-80.50172424316406,-87.0527114868164,36.072731018066406,5.570575714111328,25.96932601928711,59.90964889526367,-80.50172424316406,-87.0527114868164,36.072731018066406,36.986301369863014
5.892,0,5.486146926879883,26.191856384277344,59.70936584472656,-80.59857940673828,-87.06710052490234,35.906455993652344,5.486146926879883,26.191856384277344,59.70936584472656,-80.59857940673828,-87.06710052490234,35.906455993652344,36.72537508153946
5.924,0,5.367945671081543,25.982837677001953,59.880836486816406,-80.43275451660156,-87.08440399169922,35.50251007080078,5.367945671081543,25.982837677001953,59.880836486816406,-80.43275451660156,-87.08440399169922,35.50251007080078,36.464448793215915
5.961,0,5.284370422363281,25.99984359741211,59.830875396728516,-80.40438842773438,-87.0888442993164,35.20406723022461,5.284370422363281,25.99984359741211,59.830875396728516,-80.40438842773438,-87.0888442993164,35.20406723022461,36.26875407697325
5.991,0,5.279786109924316,26.400371551513672,59.61723327636719,-80.66339874267578,-87.06915283203125,35.14801788330078,5.279786109924316,26.400371551513672,59.61723327636719,-80.66339874267578,-87.06915283203125,35.14801788330078,36.07305936073059
6.026,0,5.199942111968994,27.13829803466797,59.25285339355469,-81.16873168945312,-87.08119201660156,35.15008544921875,5.199942111968994,27.13829803466797,59.25285339355469,-81.16873168945312,-87.08119201660156,35.15008544921875,35.74690150032615
6.059,0,5.087911605834961,26.793949127197266,59.47773742675781,-80.93401336669922,-87.08768463134766,34.73987579345703,5.087911605834961,26.793949127197266,59.47773742675781,-80.93401336669922,-87.08768463134766,34.73987579345703,35.5512067840835
6.091,0,5.026251792907715,26.59478759765625,59.59434509277344,-80.75238037109375,-87.06906127929688,34.49953842163086,5.026251792907715,26.59478759765625,59.59434509277344,-80.75238037109375,-87.06906127929688,34.49953842163086,35.42074363992172
6.127,0,5.005799293518066,27.364158630371094,59.33207321166992,-81.37079620361328,-87.05553436279297,34.600704193115234,5.005799293518066,27.364158630371094,59.33207321166992,-81.37079620361328,-87.05553436279297,34.600704193115234,35.355512067840834
6.161,0,4.849638938903809,28.073680877685547,58.982208251953125,-81.85808563232422,-87.07171630859375,34.596466064453125,4.849638938903809,28.073680877685547,58.982208251953125,-81.85808563232422,-87.07171630859375,34.596466064453125,35.0293542074364
6.192,0,4.668057441711426,27.996047973632812,59.06964874267578,-81.83192443847656,-87.08131408691406,34.38294219970703,4.668057441711426,27.996047973632812,59.06964874267578,-81.83192443847656,-87.08131408691406,34.38294219970703,34.898891063274625
6.228,0,4.603530406951904,28.36307144165039,58.934898376464844,-82.04386901855469,-87.07856750488281,34.339107513427734,4.603530406951904,28.36307144165039,58.934898376464844,-82.04386901855469,-87.07856750488281,34.339107513427734,34.898891063274625
6.260,0,4.479733467102051,28.221736907958984,59.06605529785156,-82.01321411132812,-87.0699691772461,34.219520568847656,4.479733467102051,28.221736907958984,59.06605529785156,-82.01321411132812,-87.0699691772461,34.219520568847656,34.768427919112845
6.294,0,4.314796447753906,29.851402282714844,58.450462341308594,-83.22187805175781,-87.10475158691406,34.4944953918457,4.314796447753906,29.851402282714844,58.450462341308594,-83.22187805175781,-87.10475158691406,34.4944953918457,34.63796477495107
6.327,0,4.152173042297363,29.474319458007812,58.7013053894043,-82.97176361083984,-87.10289001464844,34.24517822265625,4.152173042297363,29.474319458007812,58.7013053894043,-82.97176361083984,-87.10289001464844,34.24517822265625,34.63796477495107
6.362,0,4.109767436981201,29.33001708984375,58.75832748413086,-82.79193115234375,-87.08474731445312,34.056644439697266,4.109767436981201,29.33001708984375,58.75832748413086,-82.79193115234375,-87.08474731445312,34.056644439697266,34.63796477495107
6.392,0,3.993732213973999,28.86928939819336,59.07978439331055,-82.56462097167969,-87.07685852050781,33.84428405761719,3.993732213973999,28.86928939819336,59.07978439331055,-82.56462097167969,-87.07685852050781,33.84428405761719,34.63796477495107
6.430,0,3.857698917388916,29.707542419433594,58.739166259765625,-83.18553161621094,-87.10090637207031,33.8775749206543,3.857698917388916,29.707542419433594,58.739166259765625,-83.18553161621094,-87.10090637207031,33.8775749206543,34.44227005870842
6.459,0,3.7587177753448486,29.511947631835938,58.87041473388672,-83.053466796875,-87.07466125488281,33.669097900390625,3.7587177753448486,29.511947631835938,58.87041473388672,-83.053466796875,-87.07466125488281,33.669097900390625,34.24657534246575
6.494,0,3.7370171546936035,29.34316635131836,58.93375778198242,-82.88550567626953,-87.05067443847656,33.480751037597656,3.7370171546936035,29.34316635131836,58.93375778198242,-82.88550567626953,-87.05067443847656,33.480751037597656,34.11611219830398
6.525,0,3.6771938800811768,28.828125,59.204898834228516,-82.55500793457031,-87.03050231933594,33.30680847167969,3.6771938800811768,28.828125,59.204898834228516,-82.55500793457031,-87.03050231933594,33.30680847167969,34.11611219830398
6.565,0,3.584899425506592,29.82958221435547,58.78053665161133,-83.28666687011719,-87.06666564941406,33.3828125,3.584899425506592,29.82958221435547,58.78053665161133,-83.28666687011719,-87.06666564941406,33.3828125,33.85518590998043
6.593,0,3.476231813430786,29.392658233642578,59.041831970214844,-82.99597930908203,-87.05915069580078,33.170040130615234,3.476231813430786,29.392658233642578,59.041831970214844,-82.99597930908203,-87.05915069580078,33.170040130615234,33.724722765818655
6.630,0,3.3977370262145996,28.93787384033203,59.2830810546875,-82.68589782714844,-87.05030059814453,33.084415435791016,3.3977370262145996,28.93787384033203,59.2830810546875,-82.68589782714844,-87.05030059814453,33.084415435791016,33.59425962165688
6.661,0,3.39794921875,28.69971466064453,59.323036193847656,-82.52391052246094,-87.05554962158203,32.97254943847656,3.39794921875,28.69971466064453,59.323036193847656,-82.52391052246094,-87.05554962158203,32.97254943847656,33.52902804957599
6.699,0,3.2980833053588867,28.719505310058594,59.23961639404297,-82.52238464355469,-87.09159851074219,32.9314079284668,3.2980833053588867,28.719505310058594,59.23961639404297,-82.52238464355469,-87.09159851074219,32.9314079284668,33.39856490541422
6.726,0,3.1677608489990234,28.203937530517578,59.58403778076172,-82.22430419921875,-87.076416015625,32.814979553222656,3.1677608489990234,28.203937530517578,59.58403778076172,-82.22430419921875,-87.076416015625,32.814979553222656,33.268101761252446
6.764,0,3.1090986728668213,27.740070343017578,59.79967498779297,-81.89990997314453,-87.06446838378906,32.75605010986328,3.1090986728668213,27.740070343017578,59.79967498779297,-81.89990997314453,-87.06446838378906,32.75605010986328,33.13763861709067
6.796,0,3.0964694023132324,27.549556732177734,59.840492248535156,-81.77468872070312,-87.06591033935547,32.72035217285156,3.0964694023132324,27.549556732177734,59.840492248535156,-81.77468872070312,-87.06591033935547,32.72035217285156,33.13763861709067
6.829,0,3.0051355361938477,27.575820922851562,59.79428482055664,-81.83404541015625,-87.10198974609375,32.71277618408203,3.0051355361938477,27.575820922851562,59.79428482055664,-81.83404541015625,-87.10198974609375,32.71277618408203,33.13763861709067
6.863,0,2.8589584827423096,27.03797149658203,60.14257049560547,-81.529052734375,-87.07644653320312,32.64586639404297,2.8589584827423096,27.03797149658203,60.14257049560547,-81.529052734375,-87.07644653320312,32.64586639404297,33.13763861709067
6.896,0,2.7892298698425293,26.509632110595703,60.422584533691406,-81.20195007324219,-87.06163787841797,32.6083869934082,2.7892298698425293,26.509632110595703,60.422584533691406,-81.20195007324219,-87.06163787841797,32.6083869934082,33.13763861709067
6.932,0,2.8317227363586426,26.224205017089844,60.541236877441406,-81.04186248779297,-87.06646728515625,32.606849670410156,2.8317227363586426,26.224205017089844,60.541236877441406,-81.04186248779297,-87.06646728515625,32.606849670410156,33.00717547292889
6.963,0,2.7177963256835938,26.335731506347656,60.44853973388672,-81.17024230957031,-87.12452697753906,32.68083190917969,2.7177963256835938,26.335731506347656,60.44853973388672,-81.17024230957031,-87.12452697753906,32.68083190917969,33.00717547292889
6.998,0,2.5412445068359375,25.63058090209961,60.843902587890625,-80.74229431152344,-87.08972930908203,32.68527603149414,2.5412445068359375,25.63058090209961,60.843902587890625,-80.74229431152344,-87.08972930908203,32.68527603149414,33.00717547292889
7.032,0,2.3842296600341797,25.11547088623047,61.19378662109375,-80.43183135986328,-87.07061004638672,32.66997146606445,2.3842296600341797,25.11547088623047,61.19378662109375,-80.43183135986328,-87.07061004638672,32.66997146606445,33.00717547292889
7.063,0,2.346616268157959,25.040977478027344,61.15541076660156,-80.37803649902344,-87.10177612304688,32.70557403564453,2.346616268157959,25.040977478027344,61.15541076660156,-80.37803649902344,-87.10177612304688,32.70557403564453,33.00717547292889
7.108,0,2.2435572147369385,25.073795318603516,61.084754943847656,-80.39513397216797,-87.15707397460938,32.79621505737305,2.2435572147369385,25.073795318603516,61.084754943847656,-80.39513397216797,-87.15707397460938,32.79621505737305,33.00717547292889
7.131,0,2.098252296447754,24.488689422607422,61.47925567626953,-80.09719848632812,-87.11442565917969,32.75066375732422,2.098252296447754,24.488689422607422,61.47925567626953,-80.09719848632812,-87.11442565917969,32.75066375732422,33.00717547292889
7.165,0,2.0566940307617188,24.622413635253906,61.35160827636719,-80.185546875,-87.15660095214844,32.791561126708984,2.0566940307617188,24.622413635253906,61.35160827636719,-80.185546875,-87.15660095214844,32.791561126708984,33.00717547292889
7.201,0,2.0237090587615967,24.55376434326172,61.311405181884766,-80.11763000488281,-87.189208984375,32.80851745605469,2.0237090587615967,24.55376434326172,61.311405181884766,-80.11763000488281,-87.189208984375,32.80851745605469,33.00717547292889
7.233,0,1.9166500568389893,24.613155364990234,61.248680114746094,-80.13526916503906,-87.24168395996094,32.811561584472656,1.9166500568389893,24.613155364990234,61.248680114746094,-80.13526916503906,-87.24168395996094,32.811561584472656,33.00717547292889
7.266,0,1.7559127807617188,24.14968490600586,61.49142837524414,-79.83094787597656,-87.21773529052734,32.886783599853516,1.7559127807617188,24.14968490600586,61.49142837524414,-79.83094787597656,-87.21773529052734,32.886783599853516,33.00717547292889
7.302,0,1.5932142734527588,23.81161117553711,61.709983825683594,-79.61579895019531,-87.19591522216797,32.922630310058594,1.5932142734527588,23.81161117553711,61.709983825683594,-79.61579895019531,-87.19591522216797,32.922630310058594,33.00717547292889
7.334,0,1.4638700485229492,23.8841552734375,61.673545837402344,-79.71539306640625,-87.2304458618164,32.94801330566406,1.4638700485229492,23.8841552734375,61.673545837402344,-79.71539306640625,-87.2304458618164,32.94801330566406,33.00717547292889
7.370,0,1.2561225891113281,23.229320526123047,62.07753372192383,-79.34973907470703,-87.19123077392578,32.92548370361328,1.2561225891113281,23.229320526123047,62.07753372192383,-79.34973907470703,-87.19123077392578,32.92548370361328,33.00717547292889
7.400,0,1.0745296478271484,22.515506744384766,62.44314956665039,-78.88636016845703,-87.13969421386719,32.90525817871094,1.0745296478271484,22.515506744384766,62.44314956665039,-78.88636016845703,-87.13969421386719,32.90525817871094,33.00717547292889
7.438,0,0.9537427425384521,22.578357696533203,62.35279083251953,-78.90332794189453,-87.17974853515625,32.889617919921875,0.9537427425384521,22.578357696533203,62.35279083251953,-78.90332794189453,-87.17974853515625,32.889617919921875,33.00717547292889
7.465,0,0.8252866268157959,22.656265258789062,62.320709228515625,-79.011962890625,-87.20742797851562,32.89674758911133,0.8252866268157959,22.656265258789062,62.320709228515625,-79.011962890625,-87.20742797851562,32.89674758911133,33.00717547292889
7.505,0,0.6149373054504395,22.11505126953125,62.68223571777344,-78.713134765625,-87.15946960449219,32.85572814941406,0.6149373054504395,22.11505126953125,62.68223571777344,-78.713134765625,-87.15946960449219,32.85572814941406,33.00717547292889
7.534,0,0.4440126419067383,21.67791748046875,62.930519104003906,-78.41699981689453,-87.11026000976562,32.86094284057617,0.4440126419067383,21.67791748046875,62.930519104003906,-78.41699981689453,-87.11026000976562,32.86094284057617,33.00717547292889
7.568,0,0.3210740089416504,21.78005599975586,62.81526184082031,-78.50080108642578,-87.14073944091797,32.8780517578125,0.3210740089416504,21.78005599975586,62.81526184082031,-78.50080108642578,-87.14073944091797,32.8780517578125,33.00717547292889
7.603,0,0.19280576705932617,22.017704010009766,62.763057708740234,-78.79080200195312,-87.17964935302734,32.94032287597656,0.19280576705932617,22.017704010009766,62.763057708740234,-78.79080200195312,-87.17964935302734,32.94032287597656,33.00717547292889
7.635,0,0.00664520263671875,21.55694580078125,63.032920837402344,-78.49156188964844,-87.12062072753906,32.906002044677734,0.00664520263671875,21.55694580078125,63.032920837402344,-78.49156188964844,-87.12062072753906,32.906002044677734,33.00717547292889
7.669,0,-0.13996171951293945,21.011085510253906,63.34623718261719,-78.14335632324219,-87.06497955322266,32.91139602661133,-0.13996171951293945,21.011085510253906,63.34623718261719,-78.14335632324219,-87.06497955322266,32.91139602661133,33.00717547292889
7.704,0,-0.22198820114135742,20.982582092285156,63.31781768798828,-78.19570922851562,-87.0807876586914,32.86896514892578,-0.22198820114135742,20.982582092285156,63.31781768798828,-78.19570922851562,-87.0807876586914,32.86896514892578,33.00717547292889
7.735,0,-0.3628115653991699,20.968338012695312,63.38147735595703,-78.2657470703125,-87.08091735839844,32.85536193847656,-0.3628115653991699,20.968338012695312,63.38147735595703,-78.2657470703125,-87.08091735839844,32.85536193847656,33.00717547292889
7.774,0,-0.5349812507629395,20.539749145507812,63.612335205078125,-78.05332946777344,-87.05421447753906,32.842254638671875,-0.5349812507629395,20.539749145507812,63.612335205078125,-78.05332946777344,-87.05421447753906,32.842254638671875,33.00717547292889
7.802,0,-0.6036372184753418,20.187850952148438,63.74504852294922,-77.83503723144531,-87.05021667480469,32.801883697509766,-0.6036372184753418,20.187850952148438,63.74504852294922,-77.83503723144531,-87.05021667480469,32.801883697509766,33.00717547292889
7.842,0,-0.6800947189331055,20.017982482910156,63.84511184692383,-77.73738098144531,-87.01179504394531,32.78687286376953,-0.6800947189331055,20.017982482910156,63.84511184692383,-77.73738098144531,-87.01179504394531,32.78687286376953,33.00717547292889
7.872,0,-0.822260856628418,19.928619384765625,63.930824279785156,-77.74080657958984,-87.01075744628906,32.7406005859375,-0.822260856628418,19.928619384765625,63.930824279785156,-77.74080657958984,-87.01075744628906,32.7406005859375,33.00717547292889
7.903,0,-0.9943346977233887,19.408626556396484,64.21759796142578,-77.41477966308594,-86.96415710449219,32.7056884765625,-0.9943346977233887,19.408626556396484,64.21759796142578,-77.41477966308594,-86.96415710449219,32.7056884765625,33.00717547292889
7.939,0,-1.0750117301940918,19.020095825195312,64.35406494140625,-77.15776062011719,-86.9718017578125,32.633052825927734,-1.0750117301940918,19.020095825195312,64.35406494140625,-77.15776062011719,-86.9718017578125,32.633052825927734,33.00717547292889
7.969,0,-1.1207561492919922,18.538787841796875,64.61835479736328,-76.87641906738281,-86.91390991210938,32.60479736328125,-1.1207561492919922,18.538787841796875,64.61835479736328,-76.87641906738281,-86.91390991210938,32.60479736328125,33.00717547292889
8.011,0,-1.2419018745422363,18.414779663085938,64.7118148803711,-76.86366271972656,-86.91154479980469,32.51124954223633,-1.2419018745422363,18.414779663085938,64.7118148803711,-76.86366271972656,-86.91154479980469,32.51124954223633,33.00717547292889
8.036,0,-1.4033136367797852,17.864288330078125,64.98814392089844,-76.50946807861328,-86.85774230957031,32.454750061035156,-1.4033136367797852,17.864288330078125,64.98814392089844,-76.50946807861328,-86.85774230957031,32.454750061035156,33.00717547292889
8.080,0,-1.5299596786499023,17.52190399169922,65.0396957397461,-76.21421813964844,-86.86261749267578,32.42045974731445,-1.5299596786499023,17.52190399169922,65.0396957397461,-76.21421813964844,-86.86261749267578,32.42045974731445,33.00717547292889
8.103,0,-1.4859657287597656,17.40472412109375,65.15625,-76.28616333007812,-86.8572769165039,32.43170166015625,-1.4859657287597656,17.40472412109375,65.15625,-76.28616333007812,-86.8572769165039,32.43170166015625,33.00717547292889
8.147,0,-1.602266788482666,17.199481964111328,65.27719116210938,-76.2229232788086,-86.85334777832031,32.32029724121094,-1.602266788482666,17.199481964111328,65.27719116210938,-76.2229232788086,-86.85334777832031,32.32029724121094,33.00717547292889
8.172,0,-1.7589783668518066,16.968894958496094,65.36983489990234,-76.09095764160156,-86.85418701171875,32.24006652832031,-1.7589783668518066,16.968894958496094,65.36983489990234,-76.09095764160156,-86.85418701171875,32.24006652832031,33.00717547292889
8.209,0,-1.824479103088379,16.70833969116211,65.42218780517578,-75.93315887451172,-86.8485336303711,32.16973114013672,-1.824479103088379,16.70833969116211,65.42218780517578,-75.93315887451172,-86.8485336303711,32.16973114013672,32.81148075668624
8.239,0,-1.7587904930114746,16.906204223632812,65.4267349243164,-76.2407455444336,-86.84803009033203,32.20215606689453,-1.7587904930114746,16.906204223632812,65.4267349243164,-76.2407455444336,-86.84803009033203,32.20215606689453,32.615786040443574
8.271,0,-1.8611011505126953,16.855606079101562,65.48029327392578,-76.30326843261719,-86.84535217285156,32.12169647216797,-1.8611011505126953,16.855606079101562,65.48029327392578,-76.30326843261719,-86.84535217285156,32.12169647216797,32.4853228962818
8.309,0,-2.0021939277648926,16.720928192138672,65.51029968261719,-76.21265411376953,-86.86181640625,32.04319381713867,-2.0021939277648926,16.720928192138672,65.51029968261719,-76.21265411376953,-86.86181640625,32.04319381713867,32.42009132420091
8.343,0,-2.0887632369995117,16.63457489013672,65.50471496582031,-76.16897583007812,-86.87715911865234,32.03205108642578,-2.0887632369995117,16.63457489013672,65.50471496582031,-76.16897583007812,-86.87715911865234,32.03205108642578,32.42009132420091
8.371,0,-2.044590950012207,16.82522201538086,65.5302734375,-76.48793029785156,-86.89302062988281,32.09346008300781,-2.044590950012207,16.82522201538086,65.5302734375,-76.48793029785156,-86.89302062988281,32.09346008300781,32.35485975212002
8.411,0,-2.1836743354797363,16.73923110961914,65.59243774414062,-76.46817016601562,-86.89189147949219,32.01750183105469,-2.1836743354797363,16.73923110961914,65.59243774414062,-76.46817016601562,-86.89189147949219,32.01750183105469,32.35485975212002
8.437,0,-2.3270959854125977,17.046653747558594,65.47442626953125,-76.75263977050781,-86.9355239868164,31.991168975830078,-2.3270959854125977,17.046653747558594,65.47442626953125,-76.75263977050781,-86.9355239868164,31.991168975830078,32.35485975212002
8.482,0,-2.393453598022461,17.139846801757812,65.42207336425781,-76.83737182617188,-86.9533462524414,32.01152801513672,-2.393453598022461,17.139846801757812,65.42207336425781,-76.83737182617188,-86.9533462524414,32.01152801513672,32.35485975212002
8.507,0,-2.3629536628723145,17.393898010253906,65.43093872070312,-77.18231964111328,-86.96951293945312,32.068275451660156,-2.3629536628723145,17.393898010253906,65.43093872070312,-77.18231964111328,-86.96951293945312,32.068275451660156,32.35485975212002
8.552,0,-2.5182766914367676,17.331207275390625,65.51306915283203,-77.21328735351562,-86.98077392578125,32.0275764465332,-2.5182766914367676,17.331207275390625,65.51306915283203,-77.21328735351562,-86.98077392578125,32.0275764465332,32.35485975212002
8.575,0,-2.6729812622070312,17.621315002441406,65.41173553466797,-77.48942565917969,-87.03022766113281,32.04278564453125,-2.6729812622070312,17.621315002441406,65.41173553466797,-77.48942565917969,-87.03022766113281,32.04278564453125,32.35485975212002
8.608,0,-2.7568440437316895,17.70648193359375,65.38884735107422,-77.62150573730469,-87.04951477050781,32.068260192871094,-2.7568440437316895,17.70648193359375,65.38884735107422,-77.62150573730469,-87.04951477050781,32.068260192871094,32.35485975212002
8.643,0,-2.745276927947998,17.589412689208984,65.46883392333984,-77.61428833007812,-87.07258605957031,32.04747772216797,-2.745276927947998,17.589412689208984,65.46883392333984,-77.61428833007812,-87.07258605957031,32.04747772216797,32.35485975212002
8.681,0,-2.883958339691162,17.617530822753906,65.5279312133789,-77.704345703125,-87.0782699584961,32.00083923339844,-2.883958339691162,17.617530822753906,65.5279312133789,-77.704345703125,-87.0782699584961,32.00083923339844,32.35485975212002
8.708,0,-3.0526390075683594,17.803863525390625,65.49779510498047,-77.92251586914062,-87.12865447998047,31.98172378540039,-3.0526390075683594,17.803863525390625,65.49779510498047,-77.92251586914062,-87.12865447998047,31.98172378540039,32.35485975212002
8.746,0,-3.138000011444092,17.885284423828125,65.48973083496094,-78.04308319091797,-87.1512451171875,32.03244400024414,-3.138000011444092,17.885284423828125,65.48973083496094,-78.04308319091797,-87.1512451171875,32.03244400024414,32.35485975212002
8.779,0,-3.139542579650879,17.767440795898438,65.61605072021484,-78.06230163574219,-87.1630859375,32.007102966308594,-3.139542579650879,17.767440795898438,65.61605072021484,-78.06230163574219,-87.1630859375,32.007102966308594,32.35485975212002
8.811,0,-3.3117194175720215,17.798065185546875,65.71405029296875,-78.19940185546875,-87.17228698730469,31.983675003051758,-3.3117194175720215,17.798065185546875,65.71405029296875,-78.19940185546875,-87.17228698730469,31.983675003051758,32.35485975212002
8.846,0,-3.479187488555908,17.6197509765625,65.85372924804688,-78.13129425048828,-87.19346618652344,31.900400161743164,-3.479187488555908,17.6197509765625,65.85372924804688,-78.13129425048828,-87.19346618652344,31.900400161743164,32.35485975212002
8.879,0,-3.571843147277832,17.69118881225586,65.86444091796875,-78.23753356933594,-87.1971664428711,31.905521392822266,-3.571843147277832,17.69118881225586,65.86444091796875,-78.23753356933594,-87.1971664428711,31.905521392822266,32.35485975212002
8.917,0,-3.562438488006592,17.558795928955078,65.99017333984375,-78.24223327636719,-87.204833984375,31.833003997802734,-3.562438488006592,17.558795928955078,65.99017333984375,-78.24223327636719,-87.204833984375,31.833003997802734,32.35485975212002
8.946,0,-3.72872257232666,17.442153930664062,66.18370819091797,-78.31245422363281,-87.20818328857422,31.76654815673828,-3.72872257232666,17.442153930664062,66.18370819091797,-78.31245422363281,-87.20818328857422,31.76654815673828,32.35485975212002
8.981,0,-3.920116424560547,17.245609283447266,66.32621765136719,-78.23951721191406,-87.2267074584961,31.671436309814453,-3.920116424560547,17.245609283447266,66.32621765136719,-78.23951721191406,-87.2267074584961,31.671436309814453,32.35485975212002
9.014,0,-4.014664649963379,17.22901153564453,66.38385772705078,-78.30191040039062,-87.23800659179688,31.639888763427734,-4.014664649963379,17.22901153564453,66.38385772705078,-78.30191040039062,-87.23800659179688,31.639888763427734,32.159165035877365
9.050,0,-3.9889020919799805,17.023292541503906,66.57120513916016,-78.2808837890625,-87.23860931396484,31.56250762939453,-3.9889020919799805,17.023292541503906,66.57120513916016,-78.2808837890625,-87.23860931396484,31.56250762939453,31.963470319634702
9.079,0,-4.1445722579956055,17.012126922607422,66.68607330322266,-78.40665435791016,-87.24976348876953,31.536897659301758,-4.1445722579956055,17.012126922607422,66.68607330322266,-78.40665435791016,-87.24976348876953,31.536897659301758,31.963470319634702
9.115,0,-4.335283279418945,16.817092895507812,66.87039184570312,-78.3731689453125,-87.2610855102539,31.43045425415039,-4.335283279418945,16.817092895507812,66.87039184570312,-78.3731689453125,-87.2610855102539,31.43045425415039,31.963470319634702
9.147,0,-4.438261985778809,16.760730743408203,66.96283721923828,-78.41667175292969,-87.26051330566406,31.41439437866211,-4.438261985778809,16.760730743408203,66.96283721923828,-78.41667175292969,-87.26051330566406,31.41439437866211,31.963470319634702
9.182,0,-4.437024116516113,16.572071075439453,67.14378356933594,-78.42015075683594,-87.26820373535156,31.370502471923828,-4.437024116516113,16.572071075439453,67.14378356933594,-78.42015075683594,-87.26820373535156,31.370502471923828,31.963470319634702
9.214,0,-4.574751853942871,16.54141616821289,67.29460906982422,-78.55984497070312,-87.27847290039062,31.339027404785156,-4.574751853942871,16.54141616821289,67.29460906982422,-78.55984497070312,-87.27847290039062,31.339027404785156,31.898238747553815
9.251,0,-4.776876449584961,16.31922149658203,67.48797607421875,-78.49813842773438,-87.29505157470703,31.267284393310547,-4.776876449584961,16.31922149658203,67.48797607421875,-78.49813842773438,-87.29505157470703,31.267284393310547,31.702544031311152
9.285,0,-4.887415885925293,16.293270111083984,67.60619354248047,-78.59327697753906,-87.29813385009766,31.260417938232422,-4.887415885925293,16.293270111083984,67.60619354248047,-78.59327697753906,-87.29813385009766,31.260417938232422,31.57208088714938
9.312,0,-4.860505104064941,16.01620101928711,67.79027557373047,-78.48766326904297,-87.29889678955078,31.19629669189453,-4.860505104064941,16.01620101928711,67.79027557373047,-78.48766326904297,-87.29889678955078,31.19629669189453,31.57208088714938
9.350,0,-5.00924015045166,15.760297775268555,68.05464935302734,-78.50253295898438,-87.30077362060547,31.136066436767578,-5.00924015045166,15.760297775268555,68.05464935302734,-78.50253295898438,-87.30077362060547,31.136066436767578,31.57208088714938
9.381,0,-5.217352867126465,15.493040084838867,68.26156616210938,-78.42276000976562,-87.31537628173828,31.068828582763672,-5.217352867126465,15.493040084838867,68.26156616210938,-78.42276000976562,-87.31537628173828,31.068828582763672,31.57208088714938
9.418,0,-5.369488716125488,15.29959487915039,68.46863555908203,-78.42703247070312,-87.30574798583984,31.032546997070312,-5.369488716125488,15.29959487915039,68.46863555908203,-78.42703247070312,-87.30574798583984,31.032546997070312,31.57208088714938
9.448,0,-5.3546295166015625,14.935596466064453,68.70805358886719,-78.30552673339844,-87.30632019042969,30.96450424194336,-5.3546295166015625,14.935596466064453,68.70805358886719,-78.30552673339844,-87.30632019042969,30.96450424194336,31.57208088714938
9.485,0,-5.508556365966797,14.86485481262207,68.8659439086914,-78.39634704589844,-87.29927825927734,30.914710998535156,-5.508556365966797,14.86485481262207,68.8659439086914,-78.39634704589844,-87.29927825927734,30.914710998535156,31.57208088714938
9.515,0,-5.556704521179199,14.799768447875977,68.96492767333984,-78.3919448852539,-87.30704498291016,30.828941345214844,-5.556704521179199,14.799768447875977,68.96492767333984,-78.3919448852539,-87.30704498291016,30.828941345214844,31.57208088714938
9.549,0,-5.7145185470581055,14.889383316040039,69.05265045166016,-78.57530212402344,-87.3071060180664,30.826251983642578,-5.7145185470581055,14.889383316040039,69.05265045166016,-78.57530212402344,-87.3071060180664,30.826251983642578,31.31115459882583
9.583,0,-5.684206962585449,14.678377151489258,69.24024963378906,-78.53533935546875,-87.28675079345703,30.77275848388672,-5.684206962585449,14.678377151489258,69.24024963378906,-78.53533935546875,-87.28675079345703,30.77275848388672,31.180691454664057
9.615,0,-5.864412307739258,14.535451889038086,69.41913604736328,-78.57337951660156,-87.29342651367188,30.70598793029785,-5.864412307739258,14.535451889038086,69.41913604736328,-78.57337951660156,-87.29342651367188,30.70598793029785,31.180691454664057
9.652,0,-5.915273666381836,14.328001022338867,69.59365844726562,-78.52339172363281,-87.29397583007812,30.6585750579834,-5.915273666381836,14.328001022338867,69.59365844726562,-78.52339172363281,-87.29397583007812,30.6585750579834,31.180691454664057
9.681,0,-6.0841875076293945,14.131402969360352,69.79386138916016,-78.48258209228516,-87.27718353271484,30.647321701049805,-6.0841875076293945,14.131402969360352,69.79386138916016,-78.48258209228516,-87.27718353271484,30.647321701049805,31.05022831050228
9.727,0,-6.018548965454102,13.963603973388672,69.94265747070312,-78.46894836425781,-87.24832916259766,30.61968994140625,-6.018548965454102,13.963603973388672,69.94265747070312,-78.46894836425781,-87.24832916259766,30.61968994140625,30.919765166340508
9.750,0,-6.160730361938477,13.774438858032227,70.14053344726562,-78.49240112304688,-87.25888061523438,30.589427947998047,-6.160730361938477,13.774438858032227,70.14053344726562,-78.49240112304688,-87.25888061523438,30.589427947998047,30.85453359425962
9.784,0,-6.260707855224609,13.666728973388672,70.2531967163086,-78.48678588867188,-87.25635528564453,30.536460876464844,-6.260707855224609,13.666728973388672,70.2531967163086,-78.48678588867188,-87.25635528564453,30.536460876464844,30.85453359425962
9.820,0,-6.4567766189575195,13.434415817260742,70.49707794189453,-78.42149353027344,-87.22209167480469,30.54010772705078,-6.4567766189575195,13.434415817260742,70.49707794189453,-78.42149353027344,-87.22209167480469,30.54010772705078,30.85453359425962
9.853,0,-6.452572822570801,13.203781127929688,70.63264465332031,-78.2840576171875,-87.20132446289062,30.54987144470215,-6.452572822570801,13.203781127929688,70.63264465332031,-78.2840576171875,-87.20132446289062,30.54987144470215,30.85453359425962
9.886,0,-6.597846984863281,13.163864135742188,70.75556945800781,-78.36205291748047,-87.21524810791016,30.53024673461914,-6.597846984863281,13.163864135742188,70.75556945800781,-78.36205291748047,-87.21524810791016,30.53024673461914,30.85453359425962
9.921,0,-6.71920108795166,13.062135696411133,70.85635375976562,-78.3497314453125,-87.21136474609375,30.487773895263672,-6.71920108795166,13.062135696411133,70.85635375976562,-78.3497314453125,-87.21136474609375,30.487773895263672,30.85453359425962
9.951,0,-6.918763160705566,12.881511688232422,71.04776763916016,-78.29338073730469,-87.17977905273438,30.493736267089844,-6.918763160705566,12.881511688232422,71.04776763916016,-78.29338073730469,-87.17977905273438,30.493736267089844,30.85453359425962
9.990,0,-6.924985885620117,12.765508651733398,71.14558410644531,-78.22775268554688,-87.16422271728516,30.490318298339844,-6.924985885620117,12.765508651733398,71.14558410644531,-78.22775268554688,-87.16422271728516,30.490318298339844,30.85453359425962
10.018,0,-7.09865665435791,12.676742553710938,71.28372955322266,-78.2877197265625,-87.17877197265625,30.513877868652344,-7.09865665435791,12.676742553710938,71.28372955322266,-78.2877197265625,-87.17877197265625,30.513877868652344,30.85453359425962
10.056,0,-7.228066444396973,12.591503143310547,71.35051727294922,-78.27886962890625,-87.19429779052734,30.514692306518555,-7.228066444396973,12.591503143310547,71.35051727294922,-78.27886962890625,-87.19429779052734,30.514692306518555,30.85453359425962
10.086,0,-7.427955627441406,12.398576736450195,71.51632690429688,-78.19033813476562,-87.16999816894531,30.53014373779297,-7.427955627441406,12.398576736450195,71.51632690429688,-78.19033813476562,-87.16999816894531,30.53014373779297,30.85453359425962
10.122,0,-7.421475410461426,12.251270294189453,71.63001251220703,-78.12892150878906,-87.16597747802734,30.551921844482422,-7.421475410461426,12.251270294189453,71.63001251220703,-78.12892150878906,-87.16597747802734,30.551921844482422,30.85453359425962
10.153,0,-7.58404541015625,12.106363296508789,71.78684997558594,-78.1301040649414,-87.19522857666016,30.577333450317383,-7.58404541015625,12.106363296508789,71.78684997558594,-78.1301040649414,-87.19522857666016,30.577333450317383,30.85453359425962
10.186,0,-7.687012672424316,11.93332290649414,71.92105102539062,-78.0980453491211,-87.20808410644531,30.55638313293457,-7.687012672424316,11.93332290649414,71.92105102539062,-78.0980453491211,-87.20808410644531,30.55638313293457,30.85453359425962
10.228,0,-7.886394500732422,11.64992904663086,72.16546630859375,-77.99232482910156,-87.19806671142578,30.589096069335938,-7.886394500732422,11.64992904663086,72.16546630859375,-77.99232482910156,-87.19806671142578,30.589096069335938,30.85453359425962
10.252,0,-7.875415802001953,11.571565628051758,72.24388122558594,-77.96011352539062,-87.18682098388672,30.63506317138672,-7.875415802001953,11.571565628051758,72.24388122558594,-77.96011352539062,-87.18682098388672,30.63506317138672,30.85453359425962
10.291,0,-8.036628723144531,11.50126838684082,72.36532592773438,-78.00359344482422,-87.2060317993164,30.616615295410156,-8.036628723144531,11.50126838684082,72.36532592773438,-78.00359344482422,-87.2060317993164,30.616615295410156,30.85453359425962
10.320,0,-8.141488075256348,11.499334335327148,72.43911743164062,-78.04833984375,-87.20985412597656,30.602638244628906,-8.141488075256348,11.499334335327148,72.43911743164062,-78.04833984375,-87.20985412597656,30.602638244628906,30.85453359425962
10.357,0,-8.339926719665527,11.275077819824219,72.63573455810547,-77.96514129638672,-87.19573974609375,30.583255767822266,-8.339926719665527,11.275077819824219,72.63573455810547,-77.96514129638672,-87.19573974609375,30.583255767822266,30.85453359425962
10.387,0,-8.324579238891602,11.183082580566406,72.73310852050781,-77.91621398925781,-87.16722869873047,30.599584579467773,-8.324579238891602,11.183082580566406,72.73310852050781,-77.91621398925781,-87.16722869873047,30.599584579467773,30.85453359425962
10.424,0,-8.481156349182129,11.07822036743164,72.85626220703125,-77.92938995361328,-87.19279479980469,30.549720764160156,-8.481156349182129,11.07822036743164,72.85626220703125,-77.92938995361328,-87.19279479980469,30.549720764160156,30.85453359425962
10.455,0,-8.59837818145752,11.09007453918457,72.90547943115234,-77.99022674560547,-87.20063781738281,30.533666610717773,-8.59837818145752,11.09007453918457,72.90547943115234,-77.99022674560547,-87.20063781738281,30.533666610717773,30.85453359425962
10.490,0,-8.789610862731934,10.80925178527832,73.1288070678711,-77.87931060791016,-87.18087005615234,30.514854431152344,-8.789610862731934,10.80925178527832,73.1288070678711,-77.87931060791016,-87.18087005615234,30.514854431152344,30.85453359425962
10.522,0,-8.828967094421387,10.770355224609375,73.21350860595703,-77.90663146972656,-87.17906188964844,30.527297973632812,-8.828967094421387,10.770355224609375,73.21350860595703,-77.90663146972656,-87.17906188964844,30.527297973632812,30.85453359425962
10.557,0,-9.050640106201172,10.69141960144043,73.33336639404297,-77.94658660888672,-87.21609497070312,30.501184463500977,-9.050640106201172,10.69141960144043,73.33336639404297,-77.94658660888672,-87.21609497070312,30.501184463500977,30.85453359425962
10.589,0,-9.187793731689453,10.745080947875977,73.38058471679688,-78.0575942993164,-87.23526000976562,30.485065460205078,-9.187793731689453,10.745080947875977,73.38058471679688,-78.0575942993164,-87.23526000976562,30.485065460205078,30.85453359425962
10.622,0,-9.368231773376465,10.632804870605469,73.52946472167969,-78.039794921875,-87.22024536132812,30.463851928710938,-9.368231773376465,10.632804870605469,73.52946472167969,-78.039794921875,-87.22024536132812,30.463851928710938,30.85453359425962
10.658,0,-9.375314712524414,10.756929397583008,73.55841827392578,-78.17695617675781,-87.2313003540039,30.51668930053711,-9.375314712524414,10.756929397583008,73.55841827392578,-78.17695617675781,-87.2313003540039,30.51668930053711,30.85453359425962
10.689,0,-9.425617218017578,10.510444641113281,73.76617431640625,-78.05435180664062,-87.25328063964844,30.50070571899414,-9.425617218017578,10.510444641113281,73.76617431640625,-78.05435180664062,-87.25328063964844,30.50070571899414,30.85453359425962
10.722,0,-9.532364845275879,10.658830642700195,73.75769805908203,-78.2125244140625,-87.28467559814453,30.519977569580078,-9.532364845275879,10.658830642700195,73.75769805908203,-78.2125244140625,-87.28467559814453,30.519977569580078,30.85453359425962
10.759,0,-9.740494728088379,10.430124282836914,73.94246673583984,-78.12968444824219,-87.2730712890625,30.524938583374023,-9.740494728088379,10.430124282836914,73.94246673583984,-78.12968444824219,-87.2730712890625,30.524938583374023,30.85453359425962
10.788,0,-9.748140335083008,10.631284713745117,73.93478393554688,-78.32460021972656,-87.28532409667969,30.57874298095703,-9.748140335083008,10.631284713745117,73.93478393554688,-78.32460021972656,-87.28532409667969,30.57874298095703,30.85453359425962
10.823,0,-9.828518867492676,10.307950973510742,74.17001342773438,-78.1431884765625,-87.31980895996094,30.58296775817871,-9.828518867492676,10.307950973510742,74.17001342773438,-78.1431884765625,-87.31980895996094,30.58296775817871,30.85453359425962
10.859,0,-9.975005149841309,10.373111724853516,74.22543334960938,-78.24174499511719,-87.35174560546875,30.58393096923828,-9.975005149841309,10.373111724853516,74.22543334960938,-78.24174499511719,-87.35174560546875,30.58393096923828,30.85453359425962
10.890,0,-10.11655044555664,10.376590728759766,74.2864761352539,-78.27732849121094,-87.36648559570312,30.62360382080078,-10.11655044555664,10.376590728759766,74.2864761352539,-78.27732849121094,-87.36648559570312,30.62360382080078,30.85453359425962
10.923,0,-10.130208015441895,10.221696853637695,74.44271850585938,-78.17562103271484,-87.36539459228516,30.70783233642578,-10.130208015441895,10.221696853637695,74.44271850585938,-78.17562103271484,-87.36539459228516,30.70783233642578,30.85453359425962
10.961,0,-10.40646743774414,9.83903694152832,74.74060821533203,-78.01506042480469,-87.40682983398438,30.75322151184082,-10.40646743774414,9.83903694152832,74.74060821533203,-78.01506042480469,-87.40682983398438,30.75322151184082,30.85453359425962
10.988,0,-10.536405563354492,9.886735916137695,74.7842025756836,-78.08734130859375,-87.43817138671875,30.788564682006836,-10.536405563354492,9.886735916137695,74.7842025756836,-78.08734130859375,-87.43817138671875,30.788564682006836,30.85453359425962
11.028,0,-10.657772064208984,9.703897476196289,74.89747619628906,-77.99014282226562,-87.46412658691406,30.875164031982422,-10.657772064208984,9.703897476196289,74.89747619628906,-77.99014282226562,-87.46412658691406,30.875164031982422,30.85453359425962
11.056,0,-10.650829315185547,9.711166381835938,75.01052856445312,-78.05886840820312,-87.46675109863281,30.940141677856445,-10.650829315185547,9.711166381835938,75.01052856445312,-78.05886840820312,-87.46675109863281,30.940141677856445,30.85453359425962
11.093,0,-10.637872695922852,9.377862930297852,75.28288269042969,-77.92001342773438,-87.47056579589844,31.03459930419922,-10.637872695922852,9.377862930297852,75.28288269042969,-77.92001342773438,-87.47056579589844,31.03459930419922,30.85453359425962
11.124,0,-10.745619773864746,9.384431838989258,75.39954376220703,-78.03740692138672,-87.49850463867188,31.126522064208984,-10.745619773864746,9.384431838989258,75.39954376220703,-78.03740692138672,-87.49850463867188,31.126522064208984,30.78930202217873
11.160,0,-10.863018989562988,9.363643646240234,75.48223876953125,-78.1396713256836,-87.53306579589844,31.272602081298828,-10.863018989562988,9.363643646240234,75.48223876953125,-78.1396713256836,-87.53306579589844,31.272602081298828,30.78930202217873
11.191,0,-10.85483455657959,9.513395309448242,75.5086898803711,-78.35479736328125,-87.55465698242188,31.45343780517578,-10.85483455657959,9.513395309448242,75.5086898803711,-78.35479736328125,-87.55465698242188,31.45343780517578,30.78930202217873
11.224,0,-10.824377059936523,9.388936996459961,75.6408462524414,-78.3734130859375,-87.56504821777344,31.574386596679688,-10.824377059936523,9.388936996459961,75.6408462524414,-78.3734130859375,-87.56504821777344,31.574386596679688,30.78930202217873
11.261,0,-10.956076622009277,9.855884552001953,75.52787017822266,-78.81597900390625,-87.63272094726562,31.795730590820312,-10.956076622009277,9.855884552001953,75.52787017822266,-78.81597900390625,-87.63272094726562,31.795730590820312,30.85453359425962
11.292,0,-11.058866500854492,10.04794692993164,75.54938507080078,-79.04759216308594,-87.65264129638672,31.917835235595703,-11.058866500854492,10.04794692993164,75.54938507080078,-79.04759216308594,-87.65264129638672,31.917835235595703,31.05022831050228
11.323,0,-11.202966690063477,10.500274658203125,75.43999481201172,-79.43353271484375,-87.7138671875,32.25551223754883,-11.202966690063477,10.500274658203125,75.43999481201172,-79.43353271484375,-87.7138671875,32.25551223754883,31.180691454664057
11.359,0,-11.24073600769043,10.665145874023438,75.49913787841797,-79.69000244140625,-87.74556732177734,32.42634963989258,-11.24073600769043,10.665145874023438,75.49913787841797,-79.69000244140625,-87.74556732177734,32.42634963989258,31.376386170906716
11.392,0,-11.34376335144043,11.236955642700195,75.3898696899414,-80.22283935546875,-87.80557250976562,32.64006423950195,-11.34376335144043,11.236955642700195,75.3898696899414,-80.22283935546875,-87.80557250976562,32.64006423950195,31.637312459230266
11.425,0,-11.434885025024414,11.468727111816406,75.35415649414062,-80.4337158203125,-87.8283462524414,32.83096694946289,-11.434885025024414,11.468727111816406,75.35415649414062,-80.4337158203125,-87.8283462524414,32.83096694946289,31.83300717547293
11.459,0,-11.4144287109375,11.615243911743164,75.339599609375,-80.58476257324219,-87.84172821044922,32.90994644165039,-11.4144287109375,11.615243911743164,75.339599609375,-80.58476257324219,-87.84172821044922,32.90994644165039,32.02870189171559
11.493,0,-11.446659088134766,11.492965698242188,75.46863555908203,-80.55567932128906,-87.8635025024414,33.00122833251953,-11.446659088134766,11.492965698242188,75.46863555908203,-80.55567932128906,-87.8635025024414,33.00122833251953,32.22439660795825
11.526,0,-11.510746955871582,11.659912109375,75.39801025390625,-80.72107696533203,-87.91532135009766,32.99515914916992,-11.510746955871582,11.659912109375,75.39801025390625,-80.72107696533203,-87.91532135009766,32.99515914916992,32.35485975212002
11.559,0,-11.61208438873291,11.728294372558594,75.36347961425781,-80.74378204345703,-87.96820831298828,33.07183074951172,-11.61208438873291,11.728294372558594,75.36347961425781,-80.74378204345703,-87.96820831298828,33.07183074951172,32.42009132420091
11.591,0,-11.595754623413086,11.819446563720703,75.35214233398438,-80.81320190429688,-87.98745727539062,33.06069564819336,-11.595754623413086,11.819446563720703,75.35214233398438,-80.81320190429688,-87.98745727539062,33.06069564819336,32.550554468362684
11.628,0,-11.593153953552246,11.78778076171875,75.42473602294922,-80.81169128417969,-88.00247955322266,33.113285064697266,-11.593153953552246,11.78778076171875,75.42473602294922,-80.81169128417969,-88.00247955322266,33.113285064697266,32.615786040443574
11.659,0,-11.671793937683105,11.68197250366211,75.54165649414062,-80.77556610107422,-88.03483581542969,33.18098449707031,-11.671793937683105,11.68197250366211,75.54165649414062,-80.77556610107422,-88.03483581542969,33.18098449707031,32.615786040443574
11.695,0,-11.776650428771973,11.782735824584961,75.48214721679688,-80.81056213378906,-88.05990600585938,33.23545455932617,-11.776650428771973,11.782735824584961,75.48214721679688,-80.81056213378906,-88.05990600585938,33.23545455932617,32.615786040443574
11.727,0,-11.779608726501465,11.93034553527832,75.41197204589844,-80.86138916015625,-88.06549072265625,33.23659133911133,-11.779608726501465,11.93034553527832,75.41197204589844,-80.86138916015625,-88.06549072265625,33.23659133911133,32.615786040443574
11.761,0,-11.731820106506348,11.986818313598633,75.45539093017578,-80.90092468261719,-88.06640625,33.22416687011719,-11.731820106506348,11.986818313598633,75.45539093017578,-80.90092468261719,-88.06640625,33.22416687011719,32.615786040443574
11.804,0,-11.78864574432373,12.089069366455078,75.48444366455078,-80.95341491699219,-88.05714416503906,33.25265884399414,-11.78864574432373,12.089069366455078,75.48444366455078,-80.95341491699219,-88.05714416503906,33.25265884399414,32.615786040443574
11.828,0,-11.864998817443848,12.173250198364258,75.43885040283203,-80.97264099121094,-88.06171417236328,33.29726028442383,-11.864998817443848,12.173250198364258,75.43885040283203,-80.97264099121094,-88.06171417236328,33.29726028442383,32.615786040443574
11.860,0,-11.883517265319824,12.492364883422852,75.32093048095703,-81.14707946777344,-88.06041717529297,33.2845458984375,-11.883517265319824,12.492364883422852,75.32093048095703,-81.14707946777344,-88.06041717529297,33.2845458984375,32.615786040443574
11.897,0,-11.862540245056152,12.78375244140625,75.27597045898438,-81.34998321533203,-88.04918670654297,33.2978515625,-11.862540245056152,12.78375244140625,75.27597045898438,-81.34998321533203,-88.04918670654297,33.2978515625,32.615786040443574
11.928,0,-11.93445110321045,13.12429428100586,75.1990966796875,-81.56773376464844,-88.0472183227539,33.33177185058594,-11.93445110321045,13.12429428100586,75.1990966796875,-81.56773376464844,-88.0472183227539,33.33177185058594,32.68101761252446
11.964,0,-11.983490943908691,13.194036483764648,75.22944641113281,-81.5941162109375,-88.03836822509766,33.40302658081055,-11.983490943908691,13.194036483764648,75.22944641113281,-81.5941162109375,-88.03836822509766,33.40302658081055,32.74624918460535
11.994,0,-11.979081153869629,13.438638687133789,75.14671325683594,-81.72698974609375,-88.03425598144531,33.4351921081543,-11.979081153869629,13.438638687133789,75.14671325683594,-81.72698974609375,-88.03425598144531,33.4351921081543,32.81148075668624
12.030,0,-11.966303825378418,13.718147277832031,75.1201171875,-81.93746185302734,-88.02760314941406,33.45518112182617,-11.966303825378418,13.718147277832031,75.1201171875,-81.93746185302734,-88.02760314941406,33.45518112182617,33.00717547292889
12.064,0,-12.076434135437012,13.93289566040039,75.03208923339844,-82.04207611083984,-88.04698181152344,33.46636962890625,-12.076434135437012,13.93289566040039,75.03208923339844,-82.04207611083984,-88.04698181152344,33.46636962890625,33.00717547292889
12.094,0,-12.161402702331543,14.015321731567383,75.0772476196289,-82.12571716308594,-88.05652618408203,33.4991340637207,-12.161402702331543,14.015321731567383,75.0772476196289,-82.12571716308594,-88.05652618408203,33.4991340637207,33.13763861709067
12.131,0,-12.147187232971191,14.293241500854492,75.00586700439453,-82.26948547363281,-88.07148742675781,33.52925109863281,-12.147187232971191,14.293241500854492,75.00586700439453,-82.26948547363281,-88.07148742675781,33.52925109863281,33.13763861709067
12.160,0,-12.144303321838379,14.421600341796875,75.06431579589844,-82.40262603759766,-88.06344604492188,33.587928771972656,-12.144303321838379,14.421600341796875,75.06431579589844,-82.40262603759766,-88.06344604492188,33.587928771972656,33.13763861709067
12.198,0,-12.254061698913574,14.665138244628906,75.02429962158203,-82.58696746826172,-88.08818817138672,33.60914993286133,-12.254061698913574,14.665138244628906,75.02429962158203,-82.58696746826172,-88.08818817138672,33.60914993286133,33.13763861709067
12.228,0,-12.329197883605957,14.621797561645508,75.12615203857422,-82.60183715820312,-88.1031723022461,33.6445198059082,-12.329197883605957,14.621797561645508,75.12615203857422,-82.60183715820312,-88.1031723022461,33.6445198059082,33.13763861709067
12.263,0,-12.32219409942627,14.713985443115234,75.14200592041016,-82.68852233886719,-88.11402130126953,33.666927337646484,-12.32219409942627,14.713985443115234,75.14200592041016,-82.68852233886719,-88.11402130126953,33.666927337646484,33.13763861709067
12.296,0,-12.28370189666748,14.787931442260742,75.17328643798828,-82.77742004394531,-88.11576080322266,33.701759338378906,-12.28370189666748,14.787931442260742,75.17328643798828,-82.77742004394531,-88.11576080322266,33.701759338378906,33.13763861709067
12.328,0,-12.372973442077637,14.846715927124023,75.1949234008789,-82.84426879882812,-88.13078308105469,33.72032165527344,-12.372973442077637,14.846715927124023,75.1949234008789,-82.84426879882812,-88.13078308105469,33.72032165527344,33.13763861709067
12.365,0,-12.4351224899292,14.90892219543457,75.2128677368164,-82.92314147949219,-88.14511108398438,33.74811553955078,-12.4351224899292,14.90892219543457,75.2128677368164,-82.92314147949219,-88.14511108398438,33.74811553955078,33.13763861709067
12.395,0,-12.486359596252441,15.182754516601562,75.15314483642578,-83.15963745117188,-88.16604614257812,33.78385925292969,-12.486359596252441,15.182754516601562,75.15314483642578,-83.15963745117188,-88.16604614257812,33.78385925292969,33.13763861709067
12.432,0,-12.4428129196167,15.262201309204102,75.17285919189453,-83.24424743652344,-88.16856384277344,33.81002426147461,-12.4428129196167,15.262201309204102,75.17285919189453,-83.24424743652344,-88.16856384277344,33.81002426147461,33.13763861709067
12.462,0,-12.515904426574707,15.399528503417969,75.09754180908203,-83.32125091552734,-88.1929931640625,33.79008102416992,-12.515904426574707,15.399528503417969,75.09754180908203,-83.32125091552734,-88.1929931640625,33.79008102416992,33.13763861709067
12.500,0,-12.576716423034668,15.582708358764648,75.03858947753906,-83.46633911132812,-88.19984436035156,33.829345703125,-12.576716423034668,15.582708358764648,75.03858947753906,-83.46633911132812,-88.19984436035156,33.829345703125,33.13763861709067
12.528,0,-12.625235557556152,15.708257675170898,75.0108871459961,-83.56094360351562,-88.20677185058594,33.81847381591797,-12.625235557556152,15.708257675170898,75.0108871459961,-83.56094360351562,-88.20677185058594,33.81847381591797,33.268101761252446
12.566,0,-12.62932300567627,15.805521011352539,75.00167083740234,-83.63508605957031,-88.222412109375,33.85913848876953,-12.62932300567627,15.805521011352539,75.00167083740234,-83.63508605957031,-88.222412109375,33.85913848876953,33.33333333333333
12.598,0,-12.708334922790527,16.02573013305664,74.86654663085938,-83.73753356933594,-88.25442504882812,33.85493087768555,-12.708334922790527,16.02573013305664,74.86654663085938,-83.73753356933594,-88.25442504882812,33.85493087768555,33.33333333333333
12.629,0,-12.76427936553955,16.17963981628418,74.8091812133789,-83.83922576904297,-88.26713562011719,33.902313232421875,-12.76427936553955,16.17963981628418,74.8091812133789,-83.83922576904297,-88.26713562011719,33.902313232421875,33.33333333333333
12.664,0,-12.86009693145752,16.218093872070312,74.80326080322266,-83.86625671386719,-88.28141021728516,33.88984680175781,-12.86009693145752,16.218093872070312,74.80326080322266,-83.86625671386719,-88.28141021728516,33.88984680175781,33.33333333333333
12.699,0,-12.882699012756348,16.240741729736328,74.81285858154297,-83.87078094482422,-88.3013687133789,33.908836364746094,-12.882699012756348,16.240741729736328,74.81285858154297,-83.87078094482422,-88.3013687133789,33.908836364746094,33.33333333333333
12.732,0,-12.965231895446777,16.492725372314453,74.65129089355469,-83.98821258544922,-88.33734893798828,33.91853332519531,-12.965231895446777,16.492725372314453,74.65129089355469,-83.98821258544922,-88.33734893798828,33.91853332519531,33.33333333333333
12.765,0,-13.057114601135254,16.509185791015625,74.65579986572266,-83.98928833007812,-88.35633087158203,33.944969177246094,-13.057114601135254,16.509185791015625,74.65579986572266,-83.98928833007812,-88.35633087158203,33.944969177246094,33.33333333333333
12.797,0,-13.044013023376465,16.673351287841797,74.57353210449219,-84.10795593261719,-88.36311340332031,33.92522430419922,-13.044013023376465,16.673351287841797,74.57353210449219,-84.10795593261719,-88.36311340332031,33.92522430419922,33.33333333333333
12.831,0,-13.072596549987793,16.628704071044922,74.62063598632812,-84.07135772705078,-88.3849868774414,33.98771667480469,-13.072596549987793,16.628704071044922,74.62063598632812,-84.07135772705078,-88.3849868774414,33.98771667480469,33.33333333333333
12.866,0,-13.153393745422363,16.963211059570312,74.43246459960938,-84.26300811767578,-88.40789031982422,33.986671447753906,-13.153393745422363,16.963211059570312,74.43246459960938,-84.26300811767578,-88.40789031982422,33.986671447753906,33.39856490541422
12.899,0,-13.174897193908691,17.13770294189453,74.39762878417969,-84.39349365234375,-88.41748809814453,34.003536224365234,-13.174897193908691,17.13770294189453,74.39762878417969,-84.39349365234375,-88.41748809814453,34.003536224365234,33.52902804957599
12.934,0,-13.192975044250488,17.316761016845703,74.3091812133789,-84.51959228515625,-88.43895721435547,34.02570724487305,-13.192975044250488,17.316761016845703,74.3091812133789,-84.51959228515625,-88.43895721435547,34.02570724487305,33.659491193737765
12.965,0,-13.197110176086426,17.39557647705078,74.30166625976562,-84.57020568847656,-88.45481872558594,34.050804138183594,-13.197110176086426,17.39557647705078,74.30166625976562,-84.57020568847656,-88.45481872558594,34.050804138183594,33.724722765818655
13.002,0,-13.317069053649902,17.543556213378906,74.27090454101562,-84.65672302246094,-88.4618911743164,34.076602935791016,-13.317069053649902,17.543556213378906,74.27090454101562,-84.65672302246094,-88.4618911743164,34.076602935791016,33.724722765818655
13.030,0,-13.467549324035645,17.555419921875,74.31687927246094,-84.65291595458984,-88.4784927368164,34.110694885253906,-13.467549324035645,17.555419921875,74.31687927246094,-84.65291595458984,-88.4784927368164,34.110694885253906,33.724722765818655
13.068,0,-13.675063133239746,17.55755615234375,74.3967514038086,-84.66709899902344,-88.48536682128906,34.122291564941406,-13.675063133239746,17.55755615234375,74.3967514038086,-84.66709899902344,-88.48536682128906,34.122291564941406,33.724722765818655
13.100,0,-13.767485618591309,17.74852752685547,74.27376556396484,-84.75439453125,-88.52171325683594,34.12731170654297,-13.767485618591309,17.74852752685547,74.27376556396484,-84.75439453125,-88.52171325683594,34.12731170654297,33.724722765818655
13.136,0,-13.91251277923584,18.010860443115234,74.09308624267578,-84.85304260253906,-88.56475067138672,34.140472412109375,-13.91251277923584,18.010860443115234,74.09308624267578,-84.85304260253906,-88.56475067138672,34.140472412109375,33.724722765818655
13.164,0,-14.035019874572754,17.928466796875,74.19293212890625,-84.79489135742188,-88.57454681396484,34.11334991455078,-14.035019874572754,17.928466796875,74.19293212890625,-84.79489135742188,-88.57454681396484,34.11334991455078,33.724722765818655
13.204,0,-14.083111763000488,17.994190216064453,74.19837188720703,-84.86300659179688,-88.59871673583984,34.142147064208984,-14.083111763000488,17.994190216064453,74.19837188720703,-84.86300659179688,-88.59871673583984,34.142147064208984,33.724722765818655
13.230,0,-14.213501930236816,18.106494903564453,74.1668701171875,-84.893310546875,-88.60621643066406,34.138084411621094,-14.213501930236816,18.106494903564453,74.1668701171875,-84.893310546875,-88.60621643066406,34.138084411621094,33.724722765818655
13.270,0,-14.3446683883667,18.321292877197266,74.05191040039062,-84.99301147460938,-88.63373565673828,34.13089370727539,-14.3446683883667,18.321292877197266,74.05191040039062,-84.99301147460938,-88.63373565673828,34.13089370727539,33.724722765818655
13.301,0,-14.451117515563965,18.360309600830078,74.06574249267578,-84.99314880371094,-88.6346435546875,34.09699630737305,-14.451117515563965,18.360309600830078,74.06574249267578,-84.99314880371094,-88.6346435546875,34.09699630737305,33.724722765818655
13.332,0,-14.480605125427246,18.409629821777344,74.05966186523438,-85.05115509033203,-88.6617202758789,34.12541961669922,-14.480605125427246,18.409629821777344,74.05966186523438,-85.05115509033203,-88.6617202758789,34.12541961669922,33.724722765818655
13.368,0,-14.601326942443848,18.531509399414062,74.03807830810547,-85.12095642089844,-88.68014526367188,34.08734130859375,-14.601326942443848,18.531509399414062,74.03807830810547,-85.12095642089844,-88.68014526367188,34.08734130859375,33.724722765818655
13.402,0,-14.723374366760254,18.84408950805664,73.85308074951172,-85.25852966308594,-88.71453857421875,34.08066177368164,-14.723374366760254,18.84408950805664,73.85308074951172,-85.25852966308594,-88.71453857421875,34.08066177368164,33.724722765818655
13.436,0,-14.799513816833496,18.926162719726562,73.85115051269531,-85.2979736328125,-88.71743774414062,34.05351257324219,-14.799513816833496,18.926162719726562,73.85115051269531,-85.2979736328125,-88.71743774414062,34.05351257324219,33.724722765818655
13.467,0,-14.90439510345459,18.81397247314453,73.94313049316406,-85.24102783203125,-88.7263412475586,34.065185546875,-14.90439510345459,18.81397247314453,73.94313049316406,-85.24102783203125,-88.7263412475586,34.065185546875,33.724722765818655
13.505,0,-15.046370506286621,18.992935180664062,73.88737487792969,-85.33158111572266,-88.73733520507812,34.065792083740234,-15.046370506286621,18.992935180664062,73.88737487792969,-85.33158111572266,-88.73733520507812,34.065792083740234,33.724722765818655
13.533,0,-15.170069694519043,19.244808197021484,73.70954895019531,-85.43160247802734,-88.77995300292969,34.06833267211914,-15.170069694519043,19.244808197021484,73.70954895019531,-85.43160247802734,-88.77995300292969,34.06833267211914,33.724722765818655
13.570,0,-15.155207633972168,19.397140502929688,73.6693115234375,-85.56441497802734,-88.78302001953125,34.06253433227539,-15.155207633972168,19.397140502929688,73.6693115234375,-85.56441497802734,-88.78302001953125,34.06253433227539,33.724722765818655
13.602,0,-15.25133228302002,19.358375549316406,73.72479248046875,-85.53227996826172,-88.79047393798828,34.052833557128906,-15.25133228302002,19.358375549316406,73.72479248046875,-85.53227996826172,-88.79047393798828,34.052833557128906,33.724722765818655
13.636,0,-15.390822410583496,19.56760025024414,73.64968872070312,-85.64998626708984,-88.80622100830078,34.0478515625,-15.390822410583496,19.56760025024414,73.64968872070312,-85.64998626708984,-88.80622100830078,34.0478515625,33.724722765818655
13.670,0,-15.519070625305176,19.876632690429688,73.44485473632812,-85.76531982421875,-88.8442153930664,34.038333892822266,-15.519070625305176,19.876632690429688,73.44485473632812,-85.76531982421875,-88.8442153930664,34.038333892822266,33.724722765818655
13.706,0,-15.525202751159668,20.044979095458984,73.39519500732422,-85.89735412597656,-88.84481811523438,34.00436782836914,-15.525202751159668,20.044979095458984,73.39519500732422,-85.89735412597656,-88.84481811523438,34.00436782836914,33.724722765818655
13.734,0,-15.631438255310059,20.04218292236328,73.45348358154297,-85.90064239501953,-88.86288452148438,34.004295349121094,-15.631438255310059,20.04218292236328,73.45348358154297,-85.90064239501953,-88.86288452148438,34.004295349121094,33.724722765818655
13.772,0,-15.783467292785645,20.26738739013672,73.38621520996094,-86.03279113769531,-88.88239288330078,33.98601531982422,-15.783467292785645,20.26738739013672,73.38621520996094,-86.03279113769531,-88.88239288330078,33.98601531982422,33.724722765818655
13.801,0,-15.8972806930542,20.486846923828125,73.26832580566406,-86.13522338867188,-88.90418243408203,33.98578643798828,-15.8972806930542,20.486846923828125,73.26832580566406,-86.13522338867188,-88.90418243408203,33.98578643798828,33.724722765818655
13.835,0,-15.999251365661621,20.393051147460938,73.38951873779297,-86.10513305664062,-88.90091705322266,33.92416000366211,-15.999251365661621,20.393051147460938,73.38951873779297,-86.10513305664062,-88.90091705322266,33.92416000366211,33.724722765818655
13.870,0,-16.03097915649414,20.400623321533203,73.41718292236328,-86.09310913085938,-88.90782928466797,33.91997528076172,-16.03097915649414,20.400623321533203,73.41718292236328,-86.09310913085938,-88.90782928466797,33.91997528076172,33.724722765818655
13.902,0,-16.031509399414062,20.430931091308594,73.35287475585938,-86.05148315429688,-88.91108703613281,33.869720458984375,-16.031509399414062,20.430931091308594,73.35287475585938,-86.05148315429688,-88.91108703613281,33.869720458984375,33.724722765818655
13.941,0,-16.132160186767578,20.541404724121094,73.27179718017578,-86.07170104980469,-88.93417358398438,33.844547271728516,-16.132160186767578,20.541404724121094,73.27179718017578,-86.07170104980469,-88.93417358398438,33.844547271728516,33.724722765818655
13.968,0,-16.24610137939453,20.40185546875,73.40382385253906,-85.97459411621094,-88.93987274169922,33.76646423339844,-16.24610137939453,20.40185546875,73.40382385253906,-85.97459411621094,-88.93987274169922,33.76646423339844,33.724722765818655
14.005,0,-16.287548065185547,20.323436737060547,73.48542022705078,-85.92887115478516,-88.94965362548828,33.724815368652344,-16.287548065185547,20.323436737060547,73.48542022705078,-85.92887115478516,-88.94965362548828,33.724815368652344,33.724722765818655
14.037,0,-16.28551483154297,20.24209213256836,73.47335052490234,-85.82113647460938,-88.95941162109375,33.628692626953125,-16.28551483154297,20.24209213256836,73.47335052490234,-85.82113647460938,-88.95941162109375,33.628692626953125,33.724722765818655
14.073,0,-16.389690399169922,20.325439453125,73.41685485839844,-85.82693481445312,-88.97250366210938,33.60982894897461,-16.389690399169922,20.325439453125,73.41685485839844,-85.82693481445312,-88.97250366210938,33.60982894897461,33.724722765818655
14.104,0,-16.502300262451172,20.13239288330078,73.57311248779297,-85.70111083984375,-88.98088073730469,33.508975982666016,-16.502300262451172,20.13239288330078,73.57311248779297,-85.70111083984375,-88.98088073730469,33.508975982666016,33.724722765818655
14.138,0,-16.53042221069336,19.97610092163086,73.69478607177734,-85.61030578613281,-88.97945404052734,33.48460388183594,-16.53042221069336,19.97610092163086,73.69478607177734,-85.61030578613281,-88.97945404052734,33.48460388183594,33.724722765818655
14.174,0,-16.536174774169922,19.862781524658203,73.68408203125,-85.45919799804688,-88.98867797851562,33.3936882019043,-16.536174774169922,19.862781524658203,73.68408203125,-85.45919799804688,-88.98867797851562,33.3936882019043,33.724722765818655
14.203,0,-16.631484985351562,19.896236419677734,73.64661407470703,-85.44850158691406,-88.99674987792969,33.351829528808594,-16.631484985351562,19.896236419677734,73.64661407470703,-85.44850158691406,-88.99674987792969,33.351829528808594,33.724722765818655
14.241,0,-16.75487518310547,19.629798889160156,73.8385009765625,-85.27774810791016,-89.00523376464844,33.23701477050781,-16.75487518310547,19.629798889160156,73.8385009765625,-85.27774810791016,-89.00523376464844,33.23701477050781,33.724722765818655
14.268,0,-16.78569793701172,19.41437530517578,73.98066711425781,-85.14310455322266,-88.99871063232422,33.16978073120117,-16.78569793701172,19.41437530517578,73.98066711425781,-85.14310455322266,-88.99871063232422,33.16978073120117,33.724722765818655
14.305,0,-16.78573226928711,19.334400177001953,73.93938446044922,-85.03964233398438,-89.02995300292969,33.09808349609375,-16.78573226928711,19.334400177001953,73.93938446044922,-85.03964233398438,-89.02995300292969,33.09808349609375,33.724722765818655
14.337,0,-16.904754638671875,19.207447052001953,73.94852447509766,-84.91507720947266,-89.05091857910156,33.007354736328125,-16.904754638671875,19.207447052001953,73.94852447509766,-84.91507720947266,-89.05091857910156,33.007354736328125,33.59425962165688
14.374,0,-17.025177001953125,18.89379119873047,74.14692687988281,-84.71458435058594,-89.06372833251953,32.88224411010742,-17.025177001953125,18.89379119873047,74.14692687988281,-84.71458435058594,-89.06372833251953,32.88224411010742,33.46379647749511
14.403,0,-17.049694061279297,18.53934097290039,74.33454132080078,-84.51261138916016,-89.07032012939453,32.79401779174805,-17.049694061279297,18.53934097290039,74.33454132080078,-84.51261138916016,-89.07032012939453,32.79401779174805,33.33333333333333
14.438,0,-17.042652130126953,18.44259262084961,74.32161712646484,-84.44515228271484,-89.09406280517578,32.71567153930664,-17.042652130126953,18.44259262084961,74.32161712646484,-84.44515228271484,-89.09406280517578,32.71567153930664,33.268101761252446
14.477,0,-17.17227554321289,18.28546142578125,74.37259674072266,-84.31183624267578,-89.11575317382812,32.638153076171875,-17.17227554321289,18.28546142578125,74.37259674072266,-84.31183624267578,-89.11575317382812,32.638153076171875,33.202870189171556
14.503,0,-17.273944854736328,17.970783233642578,74.55223083496094,-84.11421966552734,-89.12812042236328,32.495628356933594,-17.273944854736328,17.970783233642578,74.55223083496094,-84.11421966552734,-89.12812042236328,32.495628356933594,33.13763861709067
14.541,0,-17.299083709716797,17.682415008544922,74.69998931884766,-83.92971801757812,-89.13558959960938,32.38805389404297,-17.299083709716797,17.682415008544922,74.69998931884766,-83.92971801757812,-89.13558959960938,32.38805389404297,33.00717547292889
14.572,0,-17.287532806396484,17.589183807373047,74.67696380615234,-83.84716796875,-89.1556167602539,32.32207107543945,-17.287532806396484,17.589183807373047,74.67696380615234,-83.84716796875,-89.1556167602539,32.32207107543945,32.94194390084801
14.610,0,-17.430988311767578,17.43079376220703,74.70709991455078,-83.69790649414062,-89.1783676147461,32.2296142578125,-17.430988311767578,17.43079376220703,74.70709991455078,-83.69790649414062,-89.1783676147461,32.2296142578125,32.74624918460535
14.636,0,-17.542186737060547,17.065135955810547,74.92822265625,-83.46389770507812,-89.18437957763672,32.07245635986328,-17.542186737060547,17.065135955810547,74.92822265625,-83.46389770507812,-89.18437957763672,32.07245635986328,32.68101761252446
14.676,0,-17.569900512695312,16.79602813720703,75.09074401855469,-83.31501770019531,-89.18781280517578,31.95861053466797,-17.569900512695312,16.79602813720703,75.09074401855469,-83.31501770019531,-89.18781280517578,31.95861053466797,32.68101761252446
14.705,0,-17.540069580078125,16.745677947998047,75.07328796386719,-83.26298522949219,-89.1999282836914,31.860233306884766,-17.540069580078125,16.745677947998047,75.07328796386719,-83.26298522949219,-89.1999282836914,31.860233306884766,32.550554468362684
14.743,0,-17.67809295654297,16.539562225341797,75.12425994873047,-83.08702087402344,-89.21600341796875,31.74497413635254,-17.67809295654297,16.539562225341797,75.12425994873047,-83.08702087402344,-89.21600341796875,31.74497413635254,32.35485975212002
14.771,0,-17.797340393066406,16.21788787841797,75.29778289794922,-82.86373138427734,-89.22317504882812,31.56268310546875,-17.797340393066406,16.21788787841797,75.29778289794922,-82.86373138427734,-89.22317504882812,31.56268310546875,32.22439660795825
14.807,0,-17.79065704345703,16.090084075927734,75.39823913574219,-82.8348388671875,-89.21971893310547,31.432260513305664,-17.79065704345703,16.090084075927734,75.39823913574219,-82.8348388671875,-89.21971893310547,31.432260513305664,32.093933463796475
14.842,0,-17.757762908935547,16.282878875732422,75.27157592773438,-82.94198608398438,-89.22504425048828,31.32577133178711,-17.757762908935547,16.282878875732422,75.27157592773438,-82.94198608398438,-89.22504425048828,31.32577133178711,31.898238747553815
14.875,0,-17.859840393066406,16.223392486572266,75.26170349121094,-82.88264465332031,-89.24003601074219,31.202655792236328,-17.859840393066406,16.223392486572266,75.26170349121094,-82.88264465332031,-89.24003601074219,31.202655792236328,31.76777560339204
14.910,0,-17.885601043701172,15.92729377746582,75.4291000366211,-82.70913696289062,-89.24193572998047,31.042448043823242,-17.885601043701172,15.92729377746582,75.4291000366211,-82.70913696289062,-89.24193572998047,31.042448043823242,31.637312459230266
14.941,0,-17.8927001953125,15.715269088745117,75.55044555664062,-82.59159851074219,-89.23432922363281,30.90447998046875,-17.8927001953125,15.715269088745117,75.55044555664062,-82.59159851074219,-89.23432922363281,30.90447998046875,31.506849315068493
14.978,0,-17.89919662475586,15.672065734863281,75.54444122314453,-82.5650634765625,-89.25675964355469,30.785125732421875,-17.89919662475586,15.672065734863281,75.54444122314453,-82.5650634765625,-89.25675964355469,30.785125732421875,31.441617742987603
15.007,0,-18.046062469482422,15.605108261108398,75.52396392822266,-82.4935073852539,-89.27606964111328,30.63661003112793,-18.046062469482422,15.605108261108398,75.52396392822266,-82.4935073852539,-89.27606964111328,30.63661003112793,31.180691454664057
15.043,0,-18.052753448486328,15.35258674621582,75.6675033569336,-82.34134674072266,-89.28096771240234,30.449630737304688,-18.052753448486328,15.35258674621582,75.6675033569336,-82.34134674072266,-89.28096771240234,30.449630737304688,31.180691454664057
15.075,0,-18.075820922851562,15.031087875366211,75.94397735595703,-82.21340942382812,-89.27432250976562,30.369441986083984,-18.075820922851562,15.031087875366211,75.94397735595703,-82.21340942382812,-89.27432250976562,30.369441986083984,31.115459882583167
15.111,0,-18.092758178710938,14.926780700683594,75.95067596435547,-82.13829040527344,-89.29507446289062,30.199642181396484,-18.092758178710938,14.926780700683594,75.95067596435547,-82.13829040527344,-89.29507446289062,30.199642181396484,30.984996738421394
15.142,0,-18.241287231445312,14.812227249145508,75.9543228149414,-82.02224731445312,-89.31425476074219,30.067031860351562,-18.241287231445312,14.812227249145508,75.9543228149414,-82.02224731445312,-89.31425476074219,30.067031860351562,30.724070450097845
15.177,0,-18.236526489257812,14.451828002929688,76.13177490234375,-81.8017349243164,-89.32119750976562,29.85384178161621,-18.236526489257812,14.451828002929688,76.13177490234375,-81.8017349243164,-89.32119750976562,29.85384178161621,30.59360730593607
15.210,0,-18.19979476928711,13.953113555908203,76.44209289550781,-81.53047180175781,-89.31796264648438,29.700912475585938,-18.19979476928711,13.953113555908203,76.44209289550781,-81.53047180175781,-89.31796264648438,29.700912475585938,30.39791258969341
15.242,0,-18.187889099121094,13.86433219909668,76.44219207763672,-81.46165466308594,-89.3304214477539,29.502422332763672,-18.187889099121094,13.86433219909668,76.44219207763672,-81.46165466308594,-89.3304214477539,29.502422332763672,30.267449445531636
15.279,0,-18.32672119140625,13.642610549926758,76.4792251586914,-81.28329467773438,-89.34728240966797,29.348918914794922,-18.32672119140625,13.642610549926758,76.4792251586914,-81.28329467773438,-89.34728240966797,29.348918914794922,30.071754729288973
15.311,0,-18.424091339111328,13.114994049072266,76.73607635498047,-80.92694091796875,-89.34742736816406,29.121761322021484,-18.424091339111328,13.114994049072266,76.73607635498047,-80.92694091796875,-89.34742736816406,29.121761322021484,29.876060013046313
15.340,0,-18.438526153564453,12.64584732055664,76.99791717529297,-80.61190795898438,-89.35028076171875,28.961938858032227,-18.438526153564453,12.64584732055664,76.99791717529297,-80.61190795898438,-89.35028076171875,28.961938858032227,29.68036529680365
15.378,0,-18.405879974365234,12.426946640014648,77.02781677246094,-80.41116333007812,-89.35994720458984,28.787517547607422,-18.405879974365234,12.426946640014648,77.02781677246094,-80.41116333007812,-89.35994720458984,28.787517547607422,29.549902152641877
15.409,0,-18.499645233154297,12.33192253112793,77.02832794189453,-80.32899475097656,-89.35308837890625,28.58587646484375,-18.499645233154297,12.33192253112793,77.02832794189453,-80.32899475097656,-89.35308837890625,28.58587646484375,29.288975864318328
15.446,0,-18.49756622314453,12.09573745727539,77.12001037597656,-80.16314697265625,-89.35095977783203,28.360097885131836,-18.49756622314453,12.09573745727539,77.12001037597656,-80.16314697265625,-89.35095977783203,28.360097885131836,29.158512720156555
15.475,0,-18.49097442626953,11.774934768676758,77.33821868896484,-79.94915771484375,-89.3367919921875,28.190780639648438,-18.49097442626953,11.774934768676758,77.33821868896484,-79.94915771484375,-89.3367919921875,28.190780639648438,28.962818003913892
15.511,0,-18.49813461303711,11.461204528808594,77.47386169433594,-79.71348571777344,-89.3382339477539,27.948368072509766,-18.49813461303711,11.461204528808594,77.47386169433594,-79.71348571777344,-89.3382339477539,27.948368072509766,28.767123287671232
15.544,0,-18.611583709716797,11.229938507080078,77.51656341552734,-79.49398040771484,-89.33880615234375,27.760318756103516,-18.611583709716797,11.229938507080078,77.51656341552734,-79.49398040771484,-89.33880615234375,27.760318756103516,28.57142857142857
15.576,0,-18.57288360595703,11.046270370483398,77.59003448486328,-79.35673522949219,-89.32451629638672,27.517621994018555,-18.57288360595703,11.046270370483398,77.59003448486328,-79.35673522949219,-89.32451629638672,27.517621994018555,28.37573385518591
15.612,0,-18.576168060302734,10.413610458374023,77.87080383300781,-78.89952850341797,-89.29584503173828,27.263046264648438,-18.576168060302734,10.413610458374023,77.87080383300781,-78.89952850341797,-89.29584503173828,27.263046264648438,28.180039138943247
15.643,0,-18.590572357177734,10.153562545776367,77.94226837158203,-78.66905975341797,-89.30923461914062,27.061872482299805,-18.590572357177734,10.153562545776367,77.94226837158203,-78.66905975341797,-89.30923461914062,27.061872482299805,27.919112850619697
15.680,0,-18.65145492553711,10.179422378540039,77.9430160522461,-78.6854019165039,-89.31112670898438,26.948265075683594,-18.65145492553711,10.179422378540039,77.9430160522461,-78.6854019165039,-89.31112670898438,26.948265075683594,27.723418134377038
15.709,0,-18.6279296875,9.899736404418945,78.04844665527344,-78.47180938720703,-89.29493713378906,26.70676040649414,-18.6279296875,9.899736404418945,78.04844665527344,-78.47180938720703,-89.29493713378906,26.70676040649414,27.46249184605349
15.746,0,-18.585994720458984,9.250572204589844,78.28375244140625,-77.95968627929688,-89.24806213378906,26.450223922729492,-18.585994720458984,9.250572204589844,78.28375244140625,-77.95968627929688,-89.24806213378906,26.450223922729492,27.266797129810826
15.775,0,-18.602767944335938,9.037324905395508,78.34687805175781,-77.75054931640625,-89.25518798828125,26.242252349853516,-18.602767944335938,9.037324905395508,78.34687805175781,-77.75054931640625,-89.25518798828125,26.242252349853516,27.20156555772994
15.810,0,-18.697940826416016,8.886739730834961,78.38539123535156,-77.5972900390625,-89.26751708984375,26.120431900024414,-18.697940826416016,8.886739730834961,78.38539123535156,-77.5972900390625,-89.26751708984375,26.120431900024414,26.875407697325503
15.845,0,-18.688945770263672,8.661384582519531,78.46644592285156,-77.41757202148438,-89.26583099365234,25.94459342956543,-18.688945770263672,8.661384582519531,78.46644592285156,-77.41757202148438,-89.26583099365234,25.94459342956543,26.679712981082844
15.877,0,-18.670612335205078,7.975259780883789,78.70842742919922,-76.82943725585938,-89.20513916015625,25.672740936279297,-18.670612335205078,7.975259780883789,78.70842742919922,-76.82943725585938,-89.20513916015625,25.672740936279297,26.48401826484018
15.915,0,-18.674732208251953,7.6404571533203125,78.82640838623047,-76.5456314086914,-89.20044708251953,25.422496795654297,-18.674732208251953,7.6404571533203125,78.82640838623047,-76.5456314086914,-89.20044708251953,25.422496795654297,26.353555120678408
15.942,0,-18.76372528076172,7.531627655029297,78.84049987792969,-76.44406127929688,-89.2062759399414,25.287263870239258,-18.76372528076172,7.531627655029297,78.84049987792969,-76.44406127929688,-89.2062759399414,25.287263870239258,26.09262883235486
15.980,0,-18.854049682617188,6.944000244140625,79.1174545288086,-75.99763488769531,-89.19637298583984,25.051464080810547,-18.854049682617188,6.944000244140625,79.1174545288086,-75.99763488769531,-89.19637298583984,25.051464080810547,25.896934116112195
16.013,0,-18.783039093017578,6.400543212890625,79.31559753417969,-75.50393676757812,-89.12139892578125,24.81390380859375,-18.783039093017578,6.400543212890625,79.31559753417969,-75.50393676757812,-89.12139892578125,24.81390380859375,25.63600782778865
16.043,0,-18.733421325683594,6.329164505004883,79.26200866699219,-75.39859008789062,-89.11853790283203,24.635948181152344,-18.733421325683594,6.329164505004883,79.26200866699219,-75.39859008789062,-89.11853790283203,24.635948181152344,25.505544683626873
16.081,0,-18.767215728759766,6.170352935791016,79.27481079101562,-75.21654510498047,-89.12213134765625,24.486698150634766,-18.767215728759766,6.170352935791016,79.27481079101562,-75.21654510498047,-89.12213134765625,24.486698150634766,25.244618395303327
16.109,0,-18.827648162841797,5.776365280151367,79.43180847167969,-74.89192199707031,-89.1091537475586,24.30139923095703,-18.827648162841797,5.776365280151367,79.43180847167969,-74.89192199707031,-89.1091537475586,24.30139923095703,24.983692106979777
16.150,0,-18.776782989501953,5.267938613891602,79.62018585205078,-74.43032836914062,-89.04071044921875,24.08388900756836,-18.776782989501953,5.267938613891602,79.62018585205078,-74.43032836914062,-89.04071044921875,24.08388900756836,24.853228962818
16.177,0,-18.800758361816406,4.770729064941406,79.80280303955078,-74.02909088134766,-89.02848815917969,23.876142501831055,-18.800758361816406,4.770729064941406,79.80280303955078,-74.02909088134766,-89.02848815917969,23.876142501831055,24.65753424657534
16.214,0,-18.858177185058594,4.818208694458008,79.7280044555664,-73.9941635131836,-89.04067993164062,23.77435874938965,-18.858177185058594,4.818208694458008,79.7280044555664,-73.9941635131836,-89.04067993164062,23.77435874938965,24.527071102413565
16.246,0,-18.851394653320312,4.7203521728515625,79.6912612915039,-73.82425689697266,-89.033447265625,23.68459129333496,-18.851394653320312,4.7203521728515625,79.6912612915039,-73.82425689697266,-89.033447265625,23.68459129333496,24.26614481409002
16.281,0,-18.796676635742188,4.164970397949219,79.8664321899414,-73.30269622802734,-88.95465850830078,23.486766815185547,-18.796676635742188,4.164970397949219,79.8664321899414,-73.30269622802734,-88.95465850830078,23.486766815185547,24.135681669928243
16.311,0,-18.81363296508789,3.621997833251953,80.10401916503906,-72.89946746826172,-88.92974090576172,23.28509521484375,-18.81363296508789,3.621997833251953,80.10401916503906,-72.89946746826172,-88.92974090576172,23.28509521484375,24.00521852576647
16.346,0,-18.90472412109375,3.4464263916015625,80.09970092773438,-72.68893432617188,-88.95164489746094,23.203577041625977,-18.90472412109375,3.4464263916015625,80.09970092773438,-72.68893432617188,-88.95164489746094,23.203577041625977,23.809523809523807
16.380,0,-18.92428207397461,3.145854949951172,80.21295166015625,-72.44917297363281,-88.9306411743164,23.07167625427246,-18.92428207397461,3.145854949951172,80.21295166015625,-72.44917297363281,-88.9306411743164,23.07167625427246,23.679060665362034
16.410,0,-18.890453338623047,2.5894813537597656,80.40174865722656,-71.94503784179688,-88.88409423828125,22.936960220336914,-18.890453338623047,2.5894813537597656,80.40174865722656,-71.94503784179688,-88.88409423828125,22.936960220336914,23.483365949119374
16.450,0,-18.892017364501953,2.334066390991211,80.49685668945312,-71.74403381347656,-88.87296295166016,22.870914459228516,-18.892017364501953,2.334066390991211,80.49685668945312,-71.74403381347656,-88.87296295166016,22.870914459228516,23.418134377038484
16.477,0,-18.993995666503906,2.1479759216308594,80.50884246826172,-71.5565185546875,-88.8863296508789,22.753578186035156,-18.993995666503906,2.1479759216308594,80.50884246826172,-71.5565185546875,-88.8863296508789,22.753578186035156,23.418134377038484
16.516,0,-19.033912658691406,1.8567085266113281,80.5967025756836,-71.28800964355469,-88.88541412353516,22.6927490234375,-19.033912658691406,1.8567085266113281,80.5967025756836,-71.28800964355469,-88.88541412353516,22.6927490234375,23.222439660795825
16.545,0,-18.96788787841797,1.3440971374511719,80.75725555419922,-70.82447814941406,-88.83626556396484,22.598289489746094,-18.96788787841797,1.3440971374511719,80.75725555419922,-70.82447814941406,-88.83626556396484,22.598289489746094,23.09197651663405
16.582,0,-18.970722198486328,1.0976810455322266,80.84013366699219,-70.61333465576172,-88.82648468017578,22.478078842163086,-18.970722198486328,1.0976810455322266,80.84013366699219,-70.61333465576172,-88.82648468017578,22.478078842163086,23.026744944553162
16.613,0,-19.05276107788086,1.1400337219238281,80.8144760131836,-70.63773345947266,-88.83399963378906,22.40506935119629,-19.05276107788086,1.1400337219238281,80.8144760131836,-70.63773345947266,-88.83399963378906,22.40506935119629,22.89628180039139
16.650,0,-19.096267700195312,0.8901176452636719,80.91273498535156,-70.42611694335938,-88.83531188964844,22.311481475830078,-19.096267700195312,0.8901176452636719,80.91273498535156,-70.42611694335938,-88.83531188964844,22.311481475830078,22.700587084148726
16.678,0,-19.054550170898438,0.38445091247558594,81.04967498779297,-69.92391967773438,-88.77902221679688,22.221162796020508,-19.054550170898438,0.38445091247558594,81.04967498779297,-69.92391967773438,-88.77902221679688,22.221162796020508,22.63535551206784
16.717,0,-18.997215270996094,0.24164390563964844,81.11660766601562,-69.80577087402344,-88.75701904296875,22.151823043823242,-18.997215270996094,0.24164390563964844,81.11660766601562,-69.80577087402344,-88.75701904296875,22.151823043823242,22.63535551206784
16.745,0,-19.116214752197266,0.40508460998535156,81.10140228271484,-69.91731262207031,-88.76840209960938,22.087888717651367,-19.116214752197266,0.40508460998535156,81.10140228271484,-69.91731262207031,-88.76840209960938,22.087888717651367,22.63535551206784
16.783,0,-19.21438217163086,-0.10741519927978516,81.19244384765625,-69.38157653808594,-88.81499481201172,22.13771629333496,-19.21438217163086,-0.10741519927978516,81.19244384765625,-69.38157653808594,-88.81499481201172,22.13771629333496,22.63535551206784
16.816,0,-19.190078735351562,-0.7044439315795898,81.35446166992188,-68.83064270019531,-88.7761001586914,22.04880142211914,-19.190078735351562,-0.7044439315795898,81.35446166992188,-68.83064270019531,-88.7761001586914,22.04880142211914,22.63535551206784
16.845,0,-19.140052795410156,-1.0458412170410156,81.48863220214844,-68.54679870605469,-88.7662582397461,21.954692840576172,-19.140052795410156,-1.0458412170410156,81.48863220214844,-68.54679870605469,-88.7662582397461,21.954692840576172,22.439660795825176
16.884,0,-19.260826110839844,-1.2922534942626953,81.55538177490234,-68.31015014648438,-88.76956176757812,21.830825805664062,-19.260826110839844,-1.2922534942626953,81.55538177490234,-68.31015014648438,-88.76956176757812,21.830825805664062,22.37442922374429
16.913,0,-19.358810424804688,-1.7435836791992188,81.65399169921875,-67.84132385253906,-88.80525970458984,21.851505279541016,-19.358810424804688,-1.7435836791992188,81.65399169921875,-67.84132385253906,-88.80525970458984,21.851505279541016,22.243966079582517
16.949,0,-19.340858459472656,-2.4089784622192383,81.87542724609375,-67.25555419921875,-88.7591323852539,21.714733123779297,-19.340858459472656,-2.4089784622192383,81.87542724609375,-67.25555419921875,-88.7591323852539,21.714733123779297,22.17873450750163
16.981,0,-19.331451416015625,-2.372349739074707,81.86454010009766,-67.28015899658203,-88.76000213623047,21.657217025756836,-19.331451416015625,-2.372349739074707,81.86454010009766,-67.28015899658203,-88.76000213623047,21.657217025756836,22.048271363339854
17.016,0,-19.42003631591797,-2.604717254638672,81.95051574707031,-67.0661849975586,-88.75688171386719,21.56630516052246,-19.42003631591797,-2.604717254638672,81.95051574707031,-67.0661849975586,-88.75688171386719,21.56630516052246,21.91780821917808
17.048,0,-19.467716217041016,-2.3021726608276367,81.85224151611328,-67.26791381835938,-88.8185806274414,21.73664665222168,-19.467716217041016,-2.3021726608276367,81.85224151611328,-67.26791381835938,-88.8185806274414,21.73664665222168,21.852576647097194
17.083,0,-19.407642364501953,-2.569453239440918,81.90413665771484,-66.9681625366211,-88.75875091552734,21.70257568359375,-19.407642364501953,-2.569453239440918,81.90413665771484,-66.9681625366211,-88.75875091552734,21.70257568359375,21.852576647097194
17.115,0,-19.361865997314453,-2.682321548461914,81.90572357177734,-66.83802032470703,-88.74517059326172,21.60333251953125,-19.361865997314453,-2.682321548461914,81.90572357177734,-66.83802032470703,-88.74517059326172,21.60333251953125,21.852576647097194
17.149,0,-19.430294036865234,-3.074826240539551,82.03279113769531,-66.50287628173828,-88.72376251220703,21.443452835083008,-19.430294036865234,-3.074826240539551,82.03279113769531,-66.50287628173828,-88.72376251220703,21.443452835083008,21.852576647097194
17.184,0,-19.469173431396484,-2.7840747833251953,81.9667739868164,-66.75119018554688,-88.79178619384766,21.617982864379883,-19.469173431396484,-2.7840747833251953,81.9667739868164,-66.75119018554688,-88.79178619384766,21.617982864379883,21.852576647097194
17.214,0,-19.39699935913086,-3.2974958419799805,82.10566711425781,-66.27747344970703,-88.74178314208984,21.55318832397461,-19.39699935913086,-3.2974958419799805,82.10566711425781,-66.27747344970703,-88.74178314208984,21.55318832397461,21.852576647097194
17.253,0,-19.333709716796875,-3.475513458251953,82.1104736328125,-66.03465270996094,-88.72306060791016,21.477901458740234,-19.333709716796875,-3.475513458251953,82.1104736328125,-66.03465270996094,-88.72306060791016,21.477901458740234,21.852576647097194
17.282,0,-19.409500122070312,-3.2753171920776367,82.08580017089844,-66.17527770996094,-88.73382568359375,21.637584686279297,-19.409500122070312,-3.2753171920776367,82.08580017089844,-66.17527770996094,-88.73382568359375,21.637584686279297,21.852576647097194
17.317,0,-19.5435791015625,-2.8730525970458984,81.9588623046875,-66.49339294433594,-88.78095245361328,21.753753662109375,-19.5435791015625,-2.8730525970458984,81.9588623046875,-66.49339294433594,-88.78095245361328,21.753753662109375,21.852576647097194
17.348,0,-19.478591918945312,-3.4540090560913086,82.13093566894531,-65.97810363769531,-88.72708892822266,21.67607307434082,-19.478591918945312,-3.4540090560913086,82.13093566894531,-65.97810363769531,-88.72708892822266,21.67607307434082,21.852576647097194
17.386,0,-19.42153549194336,-3.6503705978393555,82.10409545898438,-65.69088745117188,-88.703369140625,21.58552360534668,-19.42153549194336,-3.6503705978393555,82.10409545898438,-65.69088745117188,-88.703369140625,21.58552360534668,21.852576647097194
17.414,0,-19.48975372314453,-3.286039352416992,82.02497863769531,-65.97982025146484,-88.71726989746094,21.753768920898438,-19.48975372314453,-3.286039352416992,82.02497863769531,-65.97982025146484,-88.71726989746094,21.753768920898438,21.852576647097194
17.453,0,-19.610706329345703,-3.1151161193847656,81.92221069335938,-66.1185073852539,-88.763916015625,21.873628616333008,-19.610706329345703,-3.1151161193847656,81.92221069335938,-66.1185073852539,-88.763916015625,21.873628616333008,21.852576647097194
17.485,0,-19.581249237060547,-3.3955917358398438,81.97234344482422,-65.85379028320312,-88.74026489257812,21.785289764404297,-19.581249237060547,-3.3955917358398438,81.97234344482422,-65.85379028320312,-88.74026489257812,21.785289764404297,21.852576647097194
17.519,0,-19.537071228027344,-3.586337089538574,81.95855712890625,-65.60250854492188,-88.73045349121094,21.78042221069336,-19.537071228027344,-3.586337089538574,81.95855712890625,-65.60250854492188,-88.73045349121094,21.78042221069336,21.852576647097194
17.553,0,-19.607376098632812,-3.262420654296875,81.8576889038086,-65.84065246582031,-88.75038146972656,21.942584991455078,-19.607376098632812,-3.262420654296875,81.8576889038086,-65.84065246582031,-88.75038146972656,21.942584991455078,21.852576647097194
17.583,0,-19.726959228515625,-3.0173559188842773,81.71919250488281,-66.01264953613281,-88.79568481445312,22.069772720336914,-19.726959228515625,-3.0173559188842773,81.71919250488281,-66.01264953613281,-88.79568481445312,22.069772720336914,21.852576647097194
17.620,0,-19.703472137451172,-3.003755569458008,81.70845031738281,-65.97867584228516,-88.77999877929688,22.151596069335938,-19.703472137451172,-3.003755569458008,81.70845031738281,-65.97867584228516,-88.77999877929688,22.151596069335938,21.852576647097194
17.651,0,-19.639972686767578,-3.5054664611816406,81.96473693847656,-65.58329010009766,-88.74427032470703,22.178815841674805,-19.639972686767578,-3.5054664611816406,81.96473693847656,-65.58329010009766,-88.74427032470703,22.178815841674805,21.852576647097194
17.688,0,-19.67605209350586,-3.465470314025879,81.94788360595703,-65.59044647216797,-88.75485229492188,22.29453468322754,-19.67605209350586,-3.465470314025879,81.94788360595703,-65.59044647216797,-88.75485229492188,22.29453468322754,21.852576647097194
17.728,0,-19.79825210571289,-3.04860782623291,81.74574279785156,-65.90032196044922,-88.79398345947266,22.468219757080078,-19.79825210571289,-3.04860782623291,81.74574279785156,-65.90032196044922,-88.79398345947266,22.468219757080078,21.852576647097194
17.753,0,-19.769790649414062,-2.977052688598633,81.72196960449219,-65.94708251953125,-88.77617645263672,22.530466079711914,-19.769790649414062,-2.977052688598633,81.72196960449219,-65.94708251953125,-88.77617645263672,22.530466079711914,21.852576647097194
17.785,0,-19.677017211914062,-3.817305564880371,82.09159088134766,-65.38367462158203,-88.74716186523438,22.3814640045166,-19.677017211914062,-3.817305564880371,82.09159088134766,-65.38367462158203,-88.74716186523438,22.3814640045166,21.852576647097194
17.820,0,-19.702926635742188,-3.620896339416504,82.00389099121094,-65.52870178222656,-88.7645492553711,22.53043556213379,-19.702926635742188,-3.620896339416504,82.00389099121094,-65.52870178222656,-88.7645492553711,22.53043556213379,21.91780821917808
17.855,0,-19.817401885986328,-3.445180892944336,81.87831115722656,-65.62749481201172,-88.80641174316406,22.675010681152344,-19.817401885986328,-3.445180892944336,81.87831115722656,-65.62749481201172,-88.80641174316406,22.675010681152344,22.048271363339854
17.887,0,-19.76430892944336,-3.423039436340332,81.84535217285156,-65.60799407958984,-88.79125213623047,22.768308639526367,-19.76430892944336,-3.423039436340332,81.84535217285156,-65.60799407958984,-88.79125213623047,22.768308639526367,22.113502935420744
17.922,0,-19.680980682373047,-4.287005424499512,82.18437957763672,-64.99211120605469,-88.74861907958984,22.631649017333984,-19.680980682373047,-4.287005424499512,82.18437957763672,-64.99211120605469,-88.74861907958984,22.631649017333984,22.17873450750163
17.953,0,-19.761985778808594,-3.908191680908203,82.04645538330078,-65.26929473876953,-88.78469848632812,22.854053497314453,-19.761985778808594,-3.908191680908203,82.04645538330078,-65.26929473876953,-88.78469848632812,22.854053497314453,22.243966079582517
17.990,0,-19.868759155273438,-3.6178035736083984,81.8713150024414,-65.49590301513672,-88.83646392822266,23.039960861206055,-19.868759155273438,-3.6178035736083984,81.8713150024414,-65.49590301513672,-88.83646392822266,23.039960861206055,22.309197651663403
18.019,0,-19.838233947753906,-3.3385610580444336,81.76077270507812,-65.68722534179688,-88.82064056396484,23.207902908325195,-19.838233947753906,-3.3385610580444336,81.76077270507812,-65.68722534179688,-88.82064056396484,23.207902908325195,22.309197651663403
18.057,0,-19.77023696899414,-3.534914016723633,81.89154815673828,-65.59254455566406,-88.81439971923828,23.263036727905273,-19.77023696899414,-3.534914016723633,81.89154815673828,-65.59254455566406,-88.81439971923828,23.263036727905273,22.309197651663403
18.086,0,-19.803348541259766,-3.331109046936035,81.83965301513672,-65.75746154785156,-88.84259033203125,23.47801399230957,-19.803348541259766,-3.331109046936035,81.83965301513672,-65.75746154785156,-88.84259033203125,23.47801399230957,22.570123939986953
18.125,0,-19.89789581298828,-3.021082878112793,81.70208740234375,-65.98499298095703,-88.89484405517578,23.70304298400879,-19.89789581298828,-3.021082878112793,81.70208740234375,-65.98499298095703,-88.89484405517578,23.70304298400879,22.765818656229612
18.153,0,-19.847381591796875,-2.9008913040161133,81.6494140625,-66.0383071899414,-88.8835678100586,23.87869644165039,-19.847381591796875,-2.9008913040161133,81.6494140625,-66.0383071899414,-88.8835678100586,23.87869644165039,22.961513372472275
18.191,0,-19.79126739501953,-3.3769474029541016,81.87458038330078,-65.7574462890625,-88.89186096191406,23.875581741333008,-19.79126739501953,-3.3769474029541016,81.87458038330078,-65.7574462890625,-88.89186096191406,23.875581741333008,23.09197651663405
18.220,0,-19.878002166748047,-3.2069873809814453,81.8545913696289,-65.8846435546875,-88.92621612548828,24.03583526611328,-19.878002166748047,-3.2069873809814453,81.8545913696289,-65.8846435546875,-88.92621612548828,24.03583526611328,23.352902804957598
18.259,0,-19.954776763916016,-3.0817174911499023,81.75369262695312,-65.93705749511719,-88.98019409179688,24.230968475341797,-19.954776763916016,-3.0817174911499023,81.75369262695312,-65.93705749511719,-88.98019409179688,24.230968475341797,23.483365949119374
18.287,0,-19.902923583984375,-2.9472904205322266,81.69456481933594,-66.0213623046875,-88.9683837890625,24.38568878173828,-19.902923583984375,-2.9472904205322266,81.69456481933594,-66.0213623046875,-88.9683837890625,24.38568878173828,23.483365949119374
18.322,0,-19.827171325683594,-3.357790946960449,81.93395233154297,-65.80437469482422,-88.96958923339844,24.391117095947266,-19.827171325683594,-3.357790946960449,81.93395233154297,-65.80437469482422,-88.96958923339844,24.391117095947266,23.613829093281147
18.358,0,-19.815753936767578,-3.1343183517456055,81.91159057617188,-65.98535919189453,-88.98336029052734,24.5465145111084,-19.815753936767578,-3.1343183517456055,81.91159057617188,-65.98535919189453,-88.98336029052734,24.5465145111084,23.874755381604697
18.389,0,-19.893234252929688,-3.0190248489379883,81.81433868408203,-66.00833892822266,-89.02122497558594,24.744361877441406,-19.893234252929688,-3.0190248489379883,81.81433868408203,-66.00833892822266,-89.02122497558594,24.744361877441406,24.00521852576647
18.423,0,-19.834388732910156,-2.9054384231567383,81.75369262695312,-66.06062316894531,-88.9993896484375,24.88286018371582,-19.834388732910156,-2.9054384231567383,81.75369262695312,-66.06062316894531,-88.9993896484375,24.88286018371582,24.070450097847356
18.455,0,-19.757400512695312,-3.4823617935180664,82.04576873779297,-65.71571350097656,-89.00076293945312,24.858591079711914,-19.757400512695312,-3.4823617935180664,82.04576873779297,-65.71571350097656,-89.00076293945312,24.858591079711914,24.200913242009133
18.490,0,-19.7684326171875,-3.258382797241211,82.02889251708984,-65.88227081298828,-89.02350616455078,25.02834129333496,-19.7684326171875,-3.258382797241211,82.02889251708984,-65.88227081298828,-89.02350616455078,25.02834129333496,24.396607958251792
18.526,0,-19.830310821533203,-3.237124443054199,81.97476196289062,-65.82478332519531,-89.06123352050781,25.196929931640625,-19.830310821533203,-3.237124443054199,81.97476196289062,-65.82478332519531,-89.06123352050781,25.196929931640625,24.46183953033268
18.556,0,-19.774002075195312,-3.140439987182617,81.88200378417969,-65.8158950805664,-89.04724884033203,25.367542266845703,-19.774002075195312,-3.140439987182617,81.88200378417969,-65.8158950805664,-89.04724884033203,25.367542266845703,24.46183953033268
18.593,0,-19.656707763671875,-3.4488983154296875,82.02163696289062,-65.6734619140625,-89.07093048095703,25.363536834716797,-19.656707763671875,-3.4488983154296875,82.02163696289062,-65.6734619140625,-89.07093048095703,25.363536834716797,24.65753424657534
18.621,0,-19.64281463623047,-3.675286293029785,82.13176727294922,-65.51317596435547,-89.088623046875,25.39415740966797,-19.64281463623047,-3.675286293029785,82.13176727294922,-65.51317596435547,-89.088623046875,25.39415740966797,24.853228962818
18.661,0,-19.722545623779297,-3.749418258666992,82.13068389892578,-65.44708251953125,-89.12287902832031,25.436908721923828,-19.722545623779297,-3.749418258666992,82.13068389892578,-65.44708251953125,-89.12287902832031,25.436908721923828,24.91846053489889
18.689,0,-19.659400939941406,-3.6533470153808594,82.0463638305664,-65.45347595214844,-89.10588836669922,25.61663818359375,-19.659400939941406,-3.6533470153808594,82.0463638305664,-65.45347595214844,-89.10588836669922,25.61663818359375,24.983692106979777
18.725,0,-19.53215789794922,-4.548318862915039,82.3840560913086,-64.84607696533203,-89.10955810546875,25.49692726135254,-19.53215789794922,-4.548318862915039,82.3840560913086,-64.84607696533203,-89.10955810546875,25.49692726135254,24.983692106979777
18.758,0,-19.535633087158203,-4.716632843017578,82.4753646850586,-64.7199935913086,-89.12342834472656,25.648656845092773,-19.535633087158203,-4.716632843017578,82.4753646850586,-64.7199935913086,-89.12342834472656,25.648656845092773,25.11415525114155
18.790,0,-19.64666748046875,-4.264124870300293,82.32907104492188,-65.09642791748047,-89.18916320800781,25.93378448486328,-19.64666748046875,-4.264124870300293,82.32907104492188,-65.09642791748047,-89.18916320800781,25.93378448486328,25.244618395303327
18.824,0,-19.579570770263672,-4.734602928161621,82.41954040527344,-64.65425109863281,-89.15849304199219,25.92706298828125,-19.579570770263672,-4.734602928161621,82.41954040527344,-64.65425109863281,-89.15849304199219,25.92706298828125,25.244618395303327
18.860,0,-19.522708892822266,-5.13737678527832,82.5367660522461,-64.36048889160156,-89.17858123779297,25.912206649780273,-19.522708892822266,-5.13737678527832,82.5367660522461,-64.36048889160156,-89.17858123779297,25.912206649780273,25.309849967384213
18.890,0,-19.535236358642578,-5.345254898071289,82.6796646118164,-64.22988891601562,-89.18677520751953,26.075244903564453,-19.535236358642578,-5.345254898071289,82.6796646118164,-64.22988891601562,-89.18677520751953,26.075244903564453,25.440313111545986
18.928,0,-19.650558471679688,-4.880793571472168,82.4800033569336,-64.53785705566406,-89.24136352539062,26.37044906616211,-19.650558471679688,-4.880793571472168,82.4800033569336,-64.53785705566406,-89.24136352539062,26.37044906616211,25.570776255707763
18.957,0,-19.556190490722656,-5.412224769592285,82.58529663085938,-64.0572738647461,-89.2226791381836,26.40128517150879,-19.556190490722656,-5.412224769592285,82.58529663085938,-64.0572738647461,-89.2226791381836,26.40128517150879,25.63600782778865
18.996,0,-19.402854919433594,-5.805002212524414,82.70496368408203,-63.803985595703125,-89.23658752441406,26.275108337402344,-19.402854919433594,-5.805002212524414,82.70496368408203,-63.803985595703125,-89.23658752441406,26.275108337402344,25.63600782778865
19.025,0,-19.36304473876953,-5.784433364868164,82.6923828125,-63.81199264526367,-89.24085998535156,26.517776489257812,-19.36304473876953,-5.784433364868164,82.6923828125,-63.81199264526367,-89.24085998535156,26.517776489257812,25.896934116112195
19.062,0,-19.507869720458984,-5.054234504699707,82.4573974609375,-64.3912353515625,-89.2867431640625,26.89986801147461,-19.507869720458984,-5.054234504699707,82.4573974609375,-64.3912353515625,-89.2867431640625,26.89986801147461,25.896934116112195
19.091,0,-19.42343521118164,-5.346282005310059,82.58522033691406,-64.1661148071289,-89.25609588623047,26.957420349121094,-19.42343521118164,-5.346282005310059,82.58522033691406,-64.1661148071289,-89.25609588623047,26.957420349121094,26.027397260273972
19.128,0,-19.20285415649414,-6.0137224197387695,82.818603515625,-63.66802215576172,-89.23759460449219,26.85942840576172,-19.20285415649414,-6.0137224197387695,82.818603515625,-63.66802215576172,-89.23759460449219,26.85942840576172,26.22309197651663
19.159,0,-19.18618392944336,-5.975222587585449,82.84577941894531,-63.72929382324219,-89.23989868164062,27.14375877380371,-19.18618392944336,-5.975222587585449,82.84577941894531,-63.72929382324219,-89.23989868164062,27.14375877380371,26.418786692759294
19.194,0,-19.298694610595703,-5.292534828186035,82.60246276855469,-64.20896911621094,-89.27149963378906,27.537425994873047,-19.298694610595703,-5.292534828186035,82.60246276855469,-64.20896911621094,-89.27149963378906,27.537425994873047,26.48401826484018
19.226,0,-19.192550659179688,-5.910572052001953,82.77403259277344,-63.66865539550781,-89.23863220214844,27.582632064819336,-19.192550659179688,-5.910572052001953,82.77403259277344,-63.66865539550781,-89.23863220214844,27.582632064819336,26.549249836921067
19.262,0,-18.94959259033203,-6.509324073791504,82.9850845336914,-63.255104064941406,-89.21233367919922,27.436315536499023,-18.94959259033203,-6.509324073791504,82.9850845336914,-63.255104064941406,-89.21233367919922,27.436315536499023,26.810176125244617
19.292,0,-18.897296905517578,-6.729973793029785,83.07498168945312,-63.061283111572266,-89.20768737792969,27.678316116333008,-18.897296905517578,-6.729973793029785,83.07498168945312,-63.061283111572266,-89.20768737792969,27.678316116333008,27.071102413568166
19.326,0,-18.863407135009766,-6.356451988220215,82.97036743164062,-63.38890075683594,-89.21746063232422,28.020841598510742,-18.863407135009766,-6.356451988220215,82.97036743164062,-63.38890075683594,-89.21746063232422,28.020841598510742,27.136333985649053
19.361,0,-18.75153350830078,-7.064511299133301,83.15434265136719,-62.759742736816406,-89.17515563964844,28.094066619873047,-18.75153350830078,-7.064511299133301,83.15434265136719,-62.759742736816406,-89.17515563964844,28.094066619873047,27.136333985649053
19.393,0,-18.506210327148438,-7.781623363494873,83.41809844970703,-62.237327575683594,-89.13204193115234,27.958433151245117,-18.506210327148438,-7.781623363494873,83.41809844970703,-62.237327575683594,-89.13204193115234,27.958433151245117,27.266797129810826
19.430,0,-18.521198272705078,-7.527022361755371,83.3158187866211,-62.377777099609375,-89.13851165771484,28.333133697509766,-18.521198272705078,-7.527022361755371,83.3158187866211,-62.377777099609375,-89.13851165771484,28.333133697509766,27.527723418134375
19.460,0,-18.519969940185547,-6.912087440490723,83.13938903808594,-62.93181610107422,-89.16160583496094,28.715473175048828,-18.519969940185547,-6.912087440490723,83.13938903808594,-62.93181610107422,-89.16160583496094,28.715473175048828,27.59295499021526
19.496,0,-18.39960479736328,-7.190324783325195,83.16485595703125,-62.64110565185547,-89.10591888427734,28.85926628112793,-18.39960479736328,-7.190324783325195,83.16485595703125,-62.64110565185547,-89.10591888427734,28.85926628112793,27.59295499021526
19.528,0,-18.13275146484375,-7.656913757324219,83.35958099365234,-62.365848541259766,-89.0650863647461,28.766468048095703,-18.13275146484375,-7.656913757324219,83.35958099365234,-62.365848541259766,-89.0650863647461,28.766468048095703,27.984344422700584
19.565,0,-18.063339233398438,-7.283149719238281,83.20866394042969,-62.597450256347656,-89.05757141113281,29.151222229003906,-18.063339233398438,-7.283149719238281,83.20866394042969,-62.597450256347656,-89.05757141113281,29.151222229003906,28.245270711024133
19.593,0,-18.03603744506836,-6.253873825073242,82.91757202148438,-63.45145034790039,-89.07830810546875,29.627788543701172,-18.03603744506836,-6.253873825073242,82.91757202148438,-63.45145034790039,-89.07830810546875,29.627788543701172,28.31050228310502
19.631,0,-17.975521087646484,-6.6574859619140625,83.0091781616211,-63.07129669189453,-89.02488708496094,29.824493408203125,-17.975521087646484,-6.6574859619140625,83.0091781616211,-63.07129669189453,-89.02488708496094,29.824493408203125,28.440965427266796
19.662,0,-17.710960388183594,-7.091813087463379,83.17485046386719,-62.797576904296875,-89.0015869140625,29.710878372192383,-17.710960388183594,-7.091813087463379,83.17485046386719,-62.797576904296875,-89.0015869140625,29.710878372192383,28.767123287671232
19.703,0,-17.637279510498047,-6.764301300048828,82.99201965332031,-62.945335388183594,-88.98802947998047,30.131084442138672,-17.637279510498047,-6.764301300048828,82.99201965332031,-62.945335388183594,-88.98802947998047,30.131084442138672,29.09328114807567
19.728,0,-17.686676025390625,-6.031929969787598,82.7403335571289,-63.44158935546875,-89.00353240966797,30.607240676879883,-17.686676025390625,-6.031929969787598,82.7403335571289,-63.44158935546875,-89.00353240966797,30.607240676879883,29.288975864318328
19.764,0,-17.55868148803711,-6.097290992736816,82.66667938232422,-63.304168701171875,-88.96588897705078,30.75344467163086,-17.55868148803711,-6.097290992736816,82.66667938232422,-63.304168701171875,-88.96588897705078,30.75344467163086,29.419439008480104
19.799,0,-17.327465057373047,-6.158232688903809,82.6513671875,-63.23561477661133,-88.95718383789062,30.8255558013916,-17.327465057373047,-6.158232688903809,82.6513671875,-63.23561477661133,-88.95718383789062,30.8255558013916,29.810828440965427
19.831,0,-17.235546112060547,-5.914875030517578,82.4554443359375,-63.30378341674805,-88.95873260498047,31.263051986694336,-17.235546112060547,-5.914875030517578,82.4554443359375,-63.30378341674805,-88.95873260498047,31.263051986694336,30.136986301369863
19.864,0,-17.27328872680664,-5.1061601638793945,82.14739990234375,-63.851497650146484,-88.9814224243164,31.742599487304688,-17.27328872680664,-5.1061601638793945,82.14739990234375,-63.851497650146484,-88.9814224243164,31.742599487304688,30.267449445531636
19.896,0,-17.182201385498047,-5.2549333572387695,82.13607025146484,-63.68614959716797,-88.94514465332031,31.843812942504883,-17.182201385498047,-5.2549333572387695,82.13607025146484,-63.68614959716797,-88.94514465332031,31.843812942504883,30.4631441617743
19.930,0,-17.052845001220703,-4.850788116455078,81.91835021972656,-63.96449279785156,-88.93047332763672,32.030906677246094,-17.052845001220703,-4.850788116455078,81.91835021972656,-63.96449279785156,-88.93047332763672,32.030906677246094,30.919765166340508
19.965,0,-16.952510833740234,-4.263199806213379,81.59141540527344,-64.29491424560547,-88.93096923828125,32.47248077392578,-16.952510833740234,-4.263199806213379,81.59141540527344,-64.29491424560547,-88.93096923828125,32.47248077392578,31.245923026744943
19.996,0,-16.90719985961914,-3.2187013626098633,81.24172973632812,-65.0903549194336,-88.94998931884766,32.983665466308594,-16.90719985961914,-3.2187013626098633,81.24172973632812,-65.0903549194336,-88.94998931884766,32.983665466308594,31.441617742987603
20.033,0,-16.789031982421875,-3.194490432739258,81.14280700683594,-64.99200439453125,-88.91480255126953,33.18041229248047,-16.789031982421875,-3.194490432739258,81.14280700683594,-64.99200439453125,-88.91480255126953,33.18041229248047,31.702544031311152
20.062,0,-16.608448028564453,-2.8177995681762695,80.8727798461914,-65.17237091064453,-88.89958190917969,33.38983917236328,-16.608448028564453,-2.8177995681762695,80.8727798461914,-65.17237091064453,-88.89958190917969,33.38983917236328,32.093933463796475
20.106,0,-16.495929718017578,-2.17447566986084,80.5461654663086,-65.56468200683594,-88.8800277709961,33.776954650878906,-16.495929718017578,-2.17447566986084,80.5461654663086,-65.56468200683594,-88.8800277709961,33.776954650878906,32.42009132420091
20.135,0,-16.45932388305664,-1.2130002975463867,80.14723205566406,-66.27606201171875,-88.89836120605469,34.229732513427734,-16.45932388305664,-1.2130002975463867,80.14723205566406,-66.27606201171875,-88.89836120605469,34.229732513427734,32.74624918460535
20.164,0,-16.320293426513672,-1.1524925231933594,80.01299285888672,-66.1727523803711,-88.85030364990234,34.38431930541992,-16.320293426513672,-1.1524925231933594,80.01299285888672,-66.1727523803711,-88.85030364990234,34.38431930541992,33.00717547292889
20.206,0,-16.19049072265625,-0.7202682495117188,79.72953796386719,-66.39436340332031,-88.82661437988281,34.642696380615234,-16.19049072265625,-0.7202682495117188,79.72953796386719,-66.39436340332031,-88.82661437988281,34.642696380615234,33.33333333333333
20.229,0,-16.09328842163086,0.09132766723632812,79.37486267089844,-66.90633392333984,-88.80657958984375,35.08205795288086,-16.09328842163086,0.09132766723632812,79.37486267089844,-66.90633392333984,-88.80657958984375,35.08205795288086,33.724722765818655
20.265,0,-15.905472755432129,0.9906845092773438,78.93351745605469,-67.45648193359375,-88.7862548828125,35.37903594970703,-15.905472755432129,0.9906845092773438,78.93351745605469,-67.45648193359375,-88.7862548828125,35.37903594970703,33.92041748206132
20.308,0,-15.773213386535645,1.5968360900878906,78.55351257324219,-67.7508544921875,-88.77655792236328,35.78428649902344,-15.773213386535645,1.5968360900878906,78.55351257324219,-67.7508544921875,-88.77655792236328,35.78428649902344,34.24657534246575
20.331,0,-15.63110065460205,1.6227836608886719,78.42073059082031,-67.64613342285156,-88.74061584472656,35.838531494140625,-15.63110065460205,1.6227836608886719,78.42073059082031,-67.64613342285156,-88.74061584472656,35.838531494140625,34.63796477495107
20.365,0,-15.649474143981934,2.719970703125,77.95921325683594,-68.38131713867188,-88.7369384765625,36.20830535888672,-15.649474143981934,2.719970703125,77.95921325683594,-68.38131713867188,-88.7369384765625,36.20830535888672,34.898891063274625
20.401,0,-15.49738597869873,3.5777759552001953,77.53052520751953,-68.86692810058594,-88.72102355957031,36.56494903564453,-15.49738597869873,3.5777759552001953,77.53052520751953,-68.86692810058594,-88.72102355957031,36.56494903564453,35.22504892367906
20.431,0,-15.39355754852295,3.936372756958008,77.31494140625,-69.02621459960938,-88.67784118652344,36.75301742553711,-15.39355754852295,3.936372756958008,77.31494140625,-69.02621459960938,-88.67784118652344,36.75301742553711,35.48597521200261
20.469,0,-15.241333961486816,4.843225479125977,76.97592163085938,-69.72601318359375,-88.64611053466797,36.95885467529297,-15.241333961486816,4.843225479125977,76.97592163085938,-69.72601318359375,-88.64611053466797,36.95885467529297,35.81213307240704
20.498,0,-15.272923469543457,6.0561676025390625,76.49127197265625,-70.56526947021484,-88.65023803710938,37.341346740722656,-15.272923469543457,6.0561676025390625,76.49127197265625,-70.56526947021484,-88.65023803710938,37.341346740722656,36.13829093281148
20.536,0,-15.082634925842285,6.982149124145508,76.0398941040039,-71.11802673339844,-88.63111114501953,37.64962387084961,-15.082634925842285,6.982149124145508,76.0398941040039,-71.11802673339844,-88.63111114501953,37.64962387084961,36.33398564905414
20.569,0,-14.954052925109863,7.247714996337891,75.8576889038086,-71.20210266113281,-88.58431243896484,37.74076461791992,-14.954052925109863,7.247714996337891,75.8576889038086,-71.20210266113281,-88.58431243896484,37.74076461791992,36.59491193737769
20.599,0,-14.815476417541504,8.382366180419922,75.4832534790039,-72.10516357421875,-88.53926086425781,37.93702697753906,-14.815476417541504,8.382366180419922,75.4832534790039,-72.10516357421875,-88.53926086425781,37.93702697753906,36.921069797782124
20.637,0,-15.10695743560791,8.926614761352539,75.14290618896484,-72.33169555664062,-88.58549499511719,38.2900390625,-15.10695743560791,8.926614761352539,75.14290618896484,-72.33169555664062,-88.58549499511719,38.2900390625,37.24722765818656
20.665,0,-14.944884300231934,9.743532180786133,74.70472717285156,-72.76136016845703,-88.5671157836914,38.60272979736328,-14.944884300231934,9.743532180786133,74.70472717285156,-72.76136016845703,-88.5671157836914,38.60272979736328,37.37769080234833
20.705,0,-14.840020179748535,10.467206954956055,74.37167358398438,-73.20436096191406,-88.54214477539062,38.855308532714844,-14.840020179748535,10.467206954956055,74.37167358398438,-73.20436096191406,-88.54214477539062,38.855308532714844,37.638617090671886
20.732,0,-14.708386421203613,12.067401885986328,73.85660552978516,-74.48876953125,-88.52430725097656,39.18160629272461,-14.708386421203613,12.067401885986328,73.85660552978516,-74.48876953125,-88.52430725097656,39.18160629272461,37.89954337899543
20.772,0,-15.004097938537598,12.484285354614258,73.57767486572266,-74.66041564941406,-88.55268859863281,39.472450256347656,-15.004097938537598,12.484285354614258,73.57767486572266,-74.66041564941406,-88.55268859863281,39.472450256347656,38.16046966731898
20.800,0,-14.982392311096191,12.667562484741211,73.55608367919922,-74.76782989501953,-88.5495376586914,39.60041046142578,-14.982392311096191,12.667562484741211,73.55608367919922,-74.76782989501953,-88.5495376586914,39.60041046142578,38.486627527723414
20.834,0,-14.864176750183105,13.152545928955078,73.26957702636719,-74.99449157714844,-88.51341247558594,39.7672119140625,-14.864176750183105,13.152545928955078,73.26957702636719,-74.99449157714844,-88.51341247558594,39.7672119140625,38.81278538812785
20.872,0,-14.706192970275879,14.496801376342773,72.7418441772461,-75.98888397216797,-88.48919677734375,40.04948806762695,-14.706192970275879,14.496801376342773,72.7418441772461,-75.98888397216797,-88.48919677734375,40.04948806762695,39.0737116764514
20.901,0,-14.956809043884277,14.227399826049805,72.82131958007812,-75.67549133300781,-88.49266815185547,40.02610778808594,-14.956809043884277,14.227399826049805,72.82131958007812,-75.67549133300781,-88.49266815185547,40.02610778808594,39.26940639269406
20.938,0,-14.944746971130371,14.586915969848633,72.69368743896484,-75.88941955566406,-88.50257110595703,40.173519134521484,-14.944746971130371,14.586915969848633,72.69368743896484,-75.88941955566406,-88.50257110595703,40.173519134521484,39.39986953685584
20.968,0,-14.840104103088379,15.412338256835938,72.31817626953125,-76.42304992675781,-88.4805679321289,40.37452697753906,-14.840104103088379,15.412338256835938,72.31817626953125,-76.42304992675781,-88.4805679321289,40.37452697753906,39.53033268101761
21.005,0,-15.008877754211426,15.69082260131836,72.1952896118164,-76.65376281738281,-88.48908996582031,40.372398376464844,-15.008877754211426,15.69082260131836,72.1952896118164,-76.65376281738281,-88.48908996582031,40.372398376464844,39.726027397260275
21.036,0,-15.278346061706543,15.500661849975586,72.1933822631836,-76.36808776855469,-88.49764251708984,40.373748779296875,-15.278346061706543,15.500661849975586,72.1933822631836,-76.36808776855469,-88.49764251708984,40.373748779296875,39.85649054142205
21.068,0,-15.210844993591309,15.519542694091797,72.25945281982422,-76.38941955566406,-88.49617767333984,40.36521530151367,-15.210844993591309,15.519542694091797,72.25945281982422,-76.38941955566406,-88.49617767333984,40.36521530151367,39.98695368558382
21.107,0,-15.100857734680176,15.592609405517578,72.16328430175781,-76.36480712890625,-88.44612884521484,40.32994842529297,-15.100857734680176,15.592609405517578,72.16328430175781,-76.36480712890625,-88.44612884521484,40.32994842529297,40.05218525766471
21.134,0,-15.271061897277832,16.011917114257812,71.9817886352539,-76.67801666259766,-88.46162414550781,40.353843688964844,-15.271061897277832,16.011917114257812,71.9817886352539,-76.67801666259766,-88.46162414550781,40.353843688964844,40.05218525766471
21.173,0,-15.563057899475098,15.66026496887207,72.08297729492188,-76.27037048339844,-88.45291900634766,40.262306213378906,-15.563057899475098,15.66026496887207,72.08297729492188,-76.27037048339844,-88.45291900634766,40.262306213378906,40.05218525766471
21.203,0,-15.5127592086792,15.786117553710938,71.9962158203125,-76.2711181640625,-88.39830017089844,40.236087799072266,-15.5127592086792,15.786117553710938,71.9962158203125,-76.2711181640625,-88.39830017089844,40.236087799072266,40.05218525766471
21.240,0,-15.421479225158691,16.06797218322754,71.79097747802734,-76.3799057006836,-88.35462188720703,40.26934814453125,-15.421479225158691,16.06797218322754,71.79097747802734,-76.3799057006836,-88.35462188720703,40.26934814453125,40.05218525766471
21.284,0,-15.530741691589355,16.301570892333984,71.68057250976562,-76.58523559570312,-88.35848236083984,40.212974548339844,-15.530741691589355,16.301570892333984,71.68057250976562,-76.58523559570312,-88.35848236083984,40.212974548339844,40.05218525766471
21.306,0,-15.498347282409668,16.48019027709961,71.63091278076172,-76.71849822998047,-88.36272430419922,40.25217819213867,-15.498347282409668,16.48019027709961,71.63091278076172,-76.71849822998047,-88.36272430419922,40.25217819213867,40.05218525766471
21.340,0,-15.484789848327637,16.735008239746094,71.53663635253906,-76.86714935302734,-88.36949157714844,40.388099670410156,-15.484789848327637,16.735008239746094,71.53663635253906,-76.86714935302734,-88.36949157714844,40.388099670410156,40.05218525766471
21.373,0,-15.572710990905762,17.076690673828125,71.3217544555664,-77.11210632324219,-88.40359497070312,40.397457122802734,-15.572710990905762,17.076690673828125,71.3217544555664,-77.11210632324219,-88.40359497070312,40.397457122802734,40.05218525766471
21.413,0,-15.820794105529785,16.69601821899414,71.36836242675781,-76.67884063720703,-88.37609100341797,40.248130798339844,-15.820794105529785,16.69601821899414,71.36836242675781,-76.67884063720703,-88.37609100341797,40.248130798339844,40.05218525766471
21.441,0,-16.10921859741211,16.289527893066406,71.49459075927734,-76.29811096191406,-88.36457824707031,40.102901458740234,-16.10921859741211,16.289527893066406,71.49459075927734,-76.29811096191406,-88.36457824707031,40.102901458740234,40.05218525766471
21.480,0,-16.07341766357422,17.41277313232422,71.02915954589844,-77.09884643554688,-88.36869812011719,40.281517028808594,-16.07341766357422,17.41277313232422,71.02915954589844,-77.09884643554688,-88.36869812011719,40.281517028808594,40.05218525766471
21.508,0,-16.19434356689453,17.242755889892578,71.06324768066406,-76.98295593261719,-88.39578247070312,40.11022186279297,-16.19434356689453,17.242755889892578,71.06324768066406,-76.98295593261719,-88.39578247070312,40.11022186279297,40.05218525766471
21.544,0,-16.358219146728516,17.058223724365234,71.12044525146484,-76.86289978027344,-88.39932250976562,39.916988372802734,-16.358219146728516,17.058223724365234,71.12044525146484,-76.86289978027344,-88.39932250976562,39.916988372802734,40.05218525766471
21.578,0,-16.188404083251953,17.421226501464844,70.802734375,-76.96412658691406,-88.36560821533203,39.92787551879883,-16.188404083251953,17.421226501464844,70.802734375,-76.96412658691406,-88.36560821533203,39.92787551879883,40.05218525766471
21.609,0,-16.057022094726562,18.312942504882812,70.40248107910156,-77.62725830078125,-88.36041259765625,39.998626708984375,-16.057022094726562,18.312942504882812,70.40248107910156,-77.62725830078125,-88.36041259765625,39.998626708984375,40.05218525766471
21.649,0,-16.18520736694336,18.13570785522461,70.44995880126953,-77.5057373046875,-88.38805389404297,39.76144027709961,-16.18520736694336,18.13570785522461,70.44995880126953,-77.5057373046875,-88.38805389404297,39.76144027709961,40.05218525766471
21.676,0,-16.390975952148438,17.959369659423828,70.33470916748047,-77.18692016601562,-88.38211059570312,39.620872497558594,-16.390975952148438,17.959369659423828,70.33470916748047,-77.18692016601562,-88.38211059570312,39.620872497558594,40.05218525766471
21.713,0,-16.211894989013672,18.415851593017578,69.97416687011719,-77.35856628417969,-88.34246826171875,39.660972595214844,-16.211894989013672,18.415851593017578,69.97416687011719,-77.35856628417969,-88.34246826171875,39.660972595214844,40.05218525766471
21.741,0,-16.146591186523438,19.259395599365234,69.58189392089844,-77.93582153320312,-88.35633087158203,39.81633377075195,-16.146591186523438,19.259395599365234,69.58189392089844,-77.93582153320312,-88.35633087158203,39.81633377075195,39.92172211350293
21.780,0,-16.246540069580078,19.261310577392578,69.5488510131836,-77.92703247070312,-88.38323974609375,39.6401481628418,-16.246540069580078,19.261310577392578,69.5488510131836,-77.92703247070312,-88.38323974609375,39.6401481628418,39.92172211350293
21.809,0,-16.452091217041016,19.98133087158203,69.1449966430664,-78.37240600585938,-88.42533874511719,39.74163818359375,-16.452091217041016,19.98133087158203,69.1449966430664,-78.37240600585938,-88.42533874511719,39.74163818359375,39.92172211350293
21.843,0,-16.252513885498047,20.543304443359375,68.7699203491211,-78.64962768554688,-88.38804626464844,39.76079177856445,-16.252513885498047,20.543304443359375,68.7699203491211,-78.64962768554688,-88.38804626464844,39.76079177856445,39.92172211350293
21.877,0,-16.095745086669922,20.846511840820312,68.60367584228516,-78.81023406982422,-88.36554718017578,39.86860275268555,-16.095745086669922,20.846511840820312,68.60367584228516,-78.81023406982422,-88.36554718017578,39.86860275268555,39.92172211350293
21.914,0,-16.187335968017578,20.96698760986328,68.51156616210938,-78.88931274414062,-88.38652038574219,39.693382263183594,-16.187335968017578,20.96698760986328,68.51156616210938,-78.88931274414062,-88.38652038574219,39.693382263183594,39.92172211350293
21.944,0,-16.411392211914062,21.494117736816406,68.18217468261719,-79.19571685791016,-88.42810821533203,39.743247985839844,-16.411392211914062,21.494117736816406,68.18217468261719,-79.19571685791016,-88.42810821533203,39.743247985839844,39.92172211350293
21.980,0,-16.336822509765625,21.635143280029297,68.0692367553711,-79.2415771484375,-88.44282531738281,39.602783203125,-16.336822509765625,21.635143280029297,68.0692367553711,-79.2415771484375,-88.44282531738281,39.602783203125,39.92172211350293
22.011,0,-16.17667007446289,21.937469482421875,67.93045043945312,-79.41879272460938,-88.41387939453125,39.70319747924805,-16.17667007446289,21.937469482421875,67.93045043945312,-79.41879272460938,-88.41387939453125,39.70319747924805,39.92172211350293
22.046,0,-16.302845001220703,21.981800079345703,67.86404418945312,-79.42570495605469,-88.43279266357422,39.476890563964844,-16.302845001220703,21.981800079345703,67.86404418945312,-79.42570495605469,-88.43279266357422,39.476890563964844,39.92172211350293
22.078,0,-16.54229736328125,22.45455551147461,67.6053466796875,-79.72712707519531,-88.47974395751953,39.52434539794922,-16.54229736328125,22.45455551147461,67.6053466796875,-79.72712707519531,-88.47974395751953,39.52434539794922,39.92172211350293
22.113,0,-16.50690460205078,22.70612335205078,67.45953369140625,-79.88250732421875,-88.50677490234375,39.404823303222656,-16.50690460205078,22.70612335205078,67.45953369140625,-79.88250732421875,-88.50677490234375,39.404823303222656,39.92172211350293
22.146,0,-16.364437103271484,23.190540313720703,67.24971771240234,-80.17520141601562,-88.48755645751953,39.540531158447266,-16.364437103271484,23.190540313720703,67.24971771240234,-80.17520141601562,-88.48755645751953,39.540531158447266,39.92172211350293
22.180,0,-16.54712677001953,23.029048919677734,67.3187026977539,-80.05598449707031,-88.50737762451172,39.265106201171875,-16.54712677001953,23.029048919677734,67.3187026977539,-80.05598449707031,-88.50737762451172,39.265106201171875,39.92172211350293
22.212,0,-16.808292388916016,23.19518280029297,67.18506622314453,-80.12548828125,-88.54398345947266,39.197044372558594,-16.808292388916016,23.19518280029297,67.18506622314453,-80.12548828125,-88.54398345947266,39.197044372558594,39.79125896934116
22.248,0,-16.80200958251953,23.342525482177734,67.10543060302734,-80.19849395751953,-88.57073974609375,39.02759552001953,-16.80200958251953,23.342525482177734,67.10543060302734,-80.19849395751953,-88.57073974609375,39.02759552001953,39.79125896934116
22.282,0,-16.658287048339844,23.831954956054688,66.93453216552734,-80.53822326660156,-88.5448226928711,39.12193298339844,-16.658287048339844,23.831954956054688,66.93453216552734,-80.53822326660156,-88.5448226928711,39.12193298339844,39.726027397260275
22.311,0,-16.824615478515625,23.74411392211914,66.96736907958984,-80.46437072753906,-88.5576171875,38.83573913574219,-16.824615478515625,23.74411392211914,66.96736907958984,-80.46437072753906,-88.5576171875,38.83573913574219,39.595564253098495
22.351,0,-17.038040161132812,23.903301239013672,66.8724136352539,-80.5530014038086,-88.5895004272461,38.74945068359375,-17.038040161132812,23.903301239013672,66.8724136352539,-80.5530014038086,-88.5895004272461,38.74945068359375,39.53033268101761
22.377,0,-17.050399780273438,23.905620574951172,66.87531280517578,-80.51754760742188,-88.58723449707031,38.55017852783203,-17.050399780273438,23.905620574951172,66.87531280517578,-80.51754760742188,-88.58723449707031,38.55017852783203,39.33463796477495
22.415,0,-16.914108276367188,24.193572998046875,66.76282501220703,-80.69609069824219,-88.5671157836914,38.53871154785156,-16.914108276367188,24.193572998046875,66.76282501220703,-80.69609069824219,-88.5671157836914,38.53871154785156,39.138943248532286
22.445,0,-17.104324340820312,24.007854461669922,66.8782958984375,-80.58480834960938,-88.58221435546875,38.31767272949219,-17.104324340820312,24.007854461669922,66.8782958984375,-80.58480834960938,-88.58221435546875,38.31767272949219,39.00848010437051
22.484,0,-17.347854614257812,24.236530303955078,66.76262664794922,-80.73985290527344,-88.62157440185547,38.26366424560547,-17.347854614257812,24.236530303955078,66.76262664794922,-80.73985290527344,-88.62157440185547,38.26366424560547,38.87801696020874
22.512,0,-17.370220184326172,24.201221466064453,66.7959976196289,-80.66352844238281,-88.62166595458984,38.02906799316406,-17.370220184326172,24.201221466064453,66.7959976196289,-80.66352844238281,-88.62166595458984,38.02906799316406,38.74755381604697
22.551,0,-17.25006866455078,24.39675521850586,66.72770690917969,-80.75885772705078,-88.58765411376953,37.99151611328125,-17.25006866455078,24.39675521850586,66.72770690917969,-80.75885772705078,-88.58765411376953,37.99151611328125,38.617090671885194
22.579,0,-17.435726165771484,24.016250610351562,66.90894317626953,-80.47523498535156,-88.60291290283203,37.71729278564453,-17.435726165771484,24.016250610351562,66.90894317626953,-80.47523498535156,-88.60291290283203,37.71729278564453,38.42139595564253
22.616,0,-17.69335174560547,24.11886215209961,66.87467956542969,-80.56695556640625,-88.64338684082031,37.532615661621094,-17.69335174560547,24.11886215209961,66.87467956542969,-80.56695556640625,-88.64338684082031,37.532615661621094,38.29093281148076
22.649,0,-17.730426788330078,23.95241928100586,66.94709777832031,-80.42422485351562,-88.6578598022461,37.319252014160156,-17.730426788330078,23.95241928100586,66.94709777832031,-80.42422485351562,-88.6578598022461,37.319252014160156,38.16046966731898
22.682,0,-17.599159240722656,24.02170181274414,66.94445037841797,-80.48300170898438,-88.63849639892578,37.29045104980469,-17.599159240722656,24.02170181274414,66.94445037841797,-80.48300170898438,-88.63849639892578,37.29045104980469,37.96477495107632
22.715,0,-17.81650161743164,23.671772003173828,67.13679504394531,-80.23886108398438,-88.64659118652344,36.97111129760742,-17.81650161743164,23.671772003173828,67.13679504394531,-80.23886108398438,-88.64659118652344,36.97111129760742,37.76908023483366
22.747,0,-18.11642837524414,23.567668914794922,67.1723403930664,-80.16081237792969,-88.68527221679688,36.81756591796875,-18.11642837524414,23.567668914794922,67.1723403930664,-80.16081237792969,-88.68527221679688,36.81756591796875,37.638617090671886
22.784,0,-18.173385620117188,23.249839782714844,67.35939025878906,-79.96194458007812,-88.69515991210938,36.52347946166992,-18.173385620117188,23.249839782714844,67.35939025878906,-79.96194458007812,-88.69515991210938,36.52347946166992,37.508153946510106
22.813,0,-18.05121612548828,22.950218200683594,67.56285858154297,-79.82386779785156,-88.67012786865234,36.27973175048828,-18.05121612548828,22.950218200683594,67.56285858154297,-79.82386779785156,-88.67012786865234,36.27973175048828,37.24722765818656
22.855,0,-18.207000732421875,22.701053619384766,67.72062683105469,-79.71981811523438,-88.67961883544922,35.9852294921875,-18.207000732421875,22.701053619384766,67.72062683105469,-79.71981811523438,-88.67961883544922,35.9852294921875,36.986301369863014
22.880,0,-18.51500701904297,23.12569808959961,67.59527587890625,-80.11082458496094,-88.74772644042969,35.929969787597656,-18.51500701904297,23.12569808959961,67.59527587890625,-80.11082458496094,-88.74772644042969,35.929969787597656,36.72537508153946
22.920,0,-18.56033706665039,23.032630920410156,67.66725158691406,-80.10871887207031,-88.77566528320312,35.705684661865234,-18.56033706665039,23.032630920410156,67.66725158691406,-80.10871887207031,-88.77566528320312,35.705684661865234,36.5296803652968
22.949,0,-18.46060562133789,22.852588653564453,67.8708724975586,-80.107421875,-88.73967742919922,35.497169494628906,-18.46060562133789,22.852588653564453,67.8708724975586,-80.107421875,-88.73967742919922,35.497169494628906,36.33398564905414
22.984,0,-18.613224029541016,22.598094940185547,68.07635498046875,-80.03641510009766,-88.74705505371094,35.159461975097656,-18.613224029541016,22.598094940185547,68.07635498046875,-80.03641510009766,-88.74705505371094,35.159461975097656,36.13829093281148
23.016,0,-18.93492889404297,22.367023468017578,68.1905517578125,-79.91887664794922,-88.80608367919922,34.86317825317383,-18.93492889404297,22.367023468017578,68.1905517578125,-79.91887664794922,-88.80608367919922,34.86317825317383,35.942596216568816
23.051,0,-18.98697280883789,22.058944702148438,68.42255401611328,-79.80126953125,-88.81069946289062,34.49771499633789,-18.98697280883789,22.058944702148438,68.42255401611328,-79.80126953125,-88.81069946289062,34.49771499633789,35.74690150032615
23.080,0,-18.873180389404297,21.721298217773438,68.65656280517578,-79.66431427001953,-88.7740249633789,34.26088333129883,-18.873180389404297,21.721298217773438,68.65656280517578,-79.66431427001953,-88.7740249633789,34.26088333129883,35.48597521200261
23.116,0,-18.992542266845703,21.19830322265625,69.00770568847656,-79.4225845336914,-88.76719665527344,33.86053466796875,-18.992542266845703,21.19830322265625,69.00770568847656,-79.4225845336914,-88.76719665527344,33.86053466796875,35.15981735159817
23.151,0,-19.162147521972656,20.475074768066406,69.2919692993164,-78.84043884277344,-88.74185180664062,33.572689056396484,-19.162147521972656,20.475074768066406,69.2919692993164,-78.84043884277344,-88.74185180664062,33.572689056396484,34.833659491193735
23.184,0,-19.10586929321289,20.06899642944336,69.57550811767578,-78.68241882324219,-88.71810150146484,33.22429656982422,-19.10586929321289,20.06899642944336,69.57550811767578,-78.68241882324219,-88.71810150146484,33.22429656982422,34.57273320287019
23.216,0,-18.99289321899414,19.790782928466797,69.76930236816406,-78.55291748046875,-88.68836212158203,32.97222900390625,-18.99289321899414,19.790782928466797,69.76930236816406,-78.55291748046875,-88.68836212158203,32.97222900390625,34.24657534246575
23.248,0,-19.024810791015625,19.283817291259766,70.14794921875,-78.38912200927734,-88.66844177246094,32.55547332763672,-19.024810791015625,19.283817291259766,70.14794921875,-78.38912200927734,-88.66844177246094,32.55547332763672,33.85518590998043
23.286,0,-18.97744369506836,18.695316314697266,70.29412078857422,-77.85174560546875,-88.61515045166016,32.30126953125,-18.97744369506836,18.695316314697266,70.29412078857422,-77.85174560546875,-88.61515045166016,32.30126953125,33.59425962165688
23.314,0,-18.95403289794922,18.609630584716797,70.43851470947266,-77.90074157714844,-88.61722564697266,31.986671447753906,-18.95403289794922,18.609630584716797,70.43851470947266,-77.90074157714844,-88.61722564697266,31.986671447753906,33.202870189171556
23.354,0,-18.822101593017578,18.468700408935547,70.56119537353516,-77.85218811035156,-88.57588195800781,31.753379821777344,-18.822101593017578,18.468700408935547,70.56119537353516,-77.85218811035156,-88.57588195800781,31.753379821777344,32.87671232876712
23.382,0,-18.928417205810547,17.9754638671875,70.85529327392578,-77.59125518798828,-88.56533813476562,31.29330825805664,-18.928417205810547,17.9754638671875,70.85529327392578,-77.59125518798828,-88.56533813476562,31.29330825805664,32.615786040443574
23.419,0,-19.119762420654297,17.798969268798828,70.85845947265625,-77.41040802001953,-88.58089447021484,31.022157669067383,-19.119762420654297,17.798969268798828,70.85845947265625,-77.41040802001953,-88.58089447021484,31.022157669067383,32.35485975212002
23.450,0,-19.072120666503906,17.332019805908203,71.13868713378906,-77.1302490234375,-88.56024932861328,30.623397827148438,-19.072120666503906,17.332019805908203,71.13868713378906,-77.1302490234375,-88.56024932861328,30.623397827148438,31.963470319634702
23.485,0,-18.92407989501953,17.22006607055664,71.27377319335938,-77.11334991455078,-88.52379608154297,30.431161880493164,-18.92407989501953,17.22006607055664,71.27377319335938,-77.11334991455078,-88.52379608154297,30.431161880493164,31.637312459230266
23.518,0,-18.931045532226562,17.047130584716797,71.46263885498047,-77.1485366821289,-88.50344848632812,30.06743812561035,-18.931045532226562,17.047130584716797,71.46263885498047,-77.1485366821289,-88.50344848632812,30.06743812561035,31.31115459882583
23.554,0,-18.892013549804688,16.685039520263672,71.40547180175781,-76.67703247070312,-88.46967315673828,29.84556007385254,-18.892013549804688,16.685039520263672,71.40547180175781,-76.67703247070312,-88.46967315673828,29.84556007385254,30.984996738421394
23.583,0,-18.79754638671875,16.187999725341797,71.65348815917969,-76.344970703125,-88.44388580322266,29.408750534057617,-18.79754638671875,16.187999725341797,71.65348815917969,-76.344970703125,-88.44388580322266,29.408750534057617,30.658838878016958
23.620,0,-18.678909301757812,16.005859375,71.80416107177734,-76.28623962402344,-88.40621948242188,29.19732666015625,-18.678909301757812,16.005859375,71.80416107177734,-76.28623962402344,-88.40621948242188,29.19732666015625,30.39791258969341
23.653,0,-18.661746978759766,15.61700439453125,72.05068969726562,-76.10920715332031,-88.36051940917969,28.789779663085938,-18.661746978759766,15.61700439453125,72.05068969726562,-76.10920715332031,-88.36051940917969,28.789779663085938,30.071754729288973
23.684,0,-18.612945556640625,15.575923919677734,71.9154281616211,-75.91888427734375,-88.3253173828125,28.631744384765625,-18.612945556640625,15.575923919677734,71.9154281616211,-75.91888427734375,-88.3253173828125,28.631744384765625,29.74559686888454
23.722,0,-18.490859985351562,15.159967422485352,72.14139556884766,-75.67251586914062,-88.28925323486328,28.196420669555664,-18.490859985351562,15.159967422485352,72.14139556884766,-75.67251586914062,-88.28925323486328,28.196420669555664,29.419439008480104
23.750,0,-18.40207290649414,15.127313613891602,72.17103576660156,-75.62407684326172,-88.24030303955078,28.09488868713379,-18.40207290649414,15.127313613891602,72.17103576660156,-75.62407684326172,-88.24030303955078,28.09488868713379,29.09328114807567
23.788,0,-18.39990234375,14.483057022094727,72.58088684082031,-75.31950378417969,-88.1993408203125,27.716407775878906,-18.39990234375,14.483057022094727,72.58088684082031,-75.31950378417969,-88.1993408203125,27.716407775878906,28.83235485975212
23.818,0,-18.321754455566406,13.977008819580078,72.5056381225586,-74.67236328125,-88.15985870361328,27.623882293701172,-18.321754455566406,13.977008819580078,72.5056381225586,-74.67236328125,-88.15985870361328,27.623882293701172,28.506196999347683
23.853,0,-18.179256439208984,13.525007247924805,72.73538208007812,-74.38627624511719,-88.10746002197266,27.280029296875,-18.179256439208984,13.525007247924805,72.73538208007812,-74.38627624511719,-88.10746002197266,27.280029296875,28.31050228310502
23.884,0,-18.12466049194336,14.248224258422852,72.612548828125,-75.07887268066406,-88.0817642211914,27.294374465942383,-18.12466049194336,14.248224258422852,72.612548828125,-75.07887268066406,-88.0817642211914,27.294374465942383,28.049575994781474
23.922,0,-18.102947235107422,14.077287673950195,72.82374572753906,-75.12153625488281,-88.05486297607422,27.022239685058594,-18.102947235107422,14.077287673950195,72.82374572753906,-75.12153625488281,-88.05486297607422,27.022239685058594,27.788649706457925
23.952,0,-17.993152618408203,13.284173965454102,72.9334716796875,-74.33665466308594,-88.00847625732422,26.88503646850586,-17.993152618408203,13.284173965454102,72.9334716796875,-74.33665466308594,-88.00847625732422,26.88503646850586,27.59295499021526
23.988,0,-17.865665435791016,12.81190299987793,73.19395446777344,-74.04539489746094,-87.97950744628906,26.627979278564453,-17.865665435791016,12.81190299987793,73.19395446777344,-74.04539489746094,-87.97950744628906,26.627979278564453,27.46249184605349
24.020,0,-17.85065460205078,13.386394500732422,73.11228942871094,-74.64466857910156,-87.9720458984375,26.64369010925293,-17.85065460205078,13.386394500732422,73.11228942871094,-74.64466857910156,-87.9720458984375,26.64369010925293,27.266797129810826
24.055,0,-17.82354736328125,13.299627304077148,73.26448822021484,-74.71590423583984,-87.95179748535156,26.49445152282715,-17.82354736328125,13.299627304077148,73.26448822021484,-74.71590423583984,-87.95179748535156,26.49445152282715,27.00587084148728
24.089,0,-17.730430603027344,12.848024368286133,73.25132751464844,-74.17892456054688,-87.91566467285156,26.445947647094727,-17.730430603027344,12.848024368286133,73.25132751464844,-74.17892456054688,-87.91566467285156,26.445947647094727,26.94063926940639
24.120,0,-17.638954162597656,12.674047470092773,73.40076446533203,-74.11134338378906,-87.8978042602539,26.273571014404297,-17.638954162597656,12.674047470092773,73.40076446533203,-74.11134338378906,-87.8978042602539,26.273571014404297,26.94063926940639
24.156,0,-17.552818298339844,13.064250946044922,73.35016632080078,-74.50102233886719,-87.87645721435547,26.26534652709961,-17.552818298339844,13.064250946044922,73.35016632080078,-74.50102233886719,-87.87645721435547,26.26534652709961,26.875407697325503
24.188,0,-17.510700225830078,13.002042770385742,73.49842071533203,-74.60917663574219,-87.8495864868164,26.090042114257812,-17.510700225830078,13.002042770385742,73.49842071533203,-74.60917663574219,-87.8495864868164,26.090042114257812,26.614481409001954
24.221,0,-17.539478302001953,12.945524215698242,73.40914154052734,-74.47879791259766,-87.85240173339844,26.063243865966797,-17.539478302001953,12.945524215698242,73.40914154052734,-74.47879791259766,-87.85240173339844,26.063243865966797,26.549249836921067
24.255,0,-17.405075073242188,12.42266845703125,73.69705200195312,-74.16351318359375,-87.81291198730469,25.885860443115234,-17.405075073242188,12.42266845703125,73.69705200195312,-74.16351318359375,-87.81291198730469,25.885860443115234,26.549249836921067
24.289,0,-17.344520568847656,12.699548721313477,73.66715240478516,-74.46205139160156,-87.79995727539062,25.868398666381836,-17.344520568847656,12.699548721313477,73.66715240478516,-74.46205139160156,-87.79995727539062,25.868398666381836,26.418786692759294
24.320,0,-17.304908752441406,12.38856315612793,73.92073822021484,-74.39204406738281,-87.77002716064453,25.693204879760742,-17.304908752441406,12.38856315612793,73.92073822021484,-74.39204406738281,-87.77002716064453,25.693204879760742,26.22309197651663
24.354,0,-17.22435760498047,12.03634262084961,73.94121551513672,-74.04203033447266,-87.76268768310547,25.65843963623047,-17.22435760498047,12.03634262084961,73.94121551513672,-74.04203033447266,-87.76268768310547,25.65843963623047,26.157860404435745
24.387,0,-17.105518341064453,11.634788513183594,74.03398132324219,-73.67070007324219,-87.70597076416016,25.55617332458496,-17.105518341064453,11.634788513183594,74.03398132324219,-73.67070007324219,-87.70597076416016,25.55617332458496,26.027397260273972
24.423,0,-17.135086059570312,11.770519256591797,74.07347106933594,-73.90078735351562,-87.69945526123047,25.519365310668945,-17.135086059570312,11.770519256591797,74.07347106933594,-73.90078735351562,-87.69945526123047,25.519365310668945,25.896934116112195
24.453,0,-17.145336151123047,11.427852630615234,74.35808563232422,-73.81072235107422,-87.67555236816406,25.306316375732422,-17.145336151123047,11.427852630615234,74.35808563232422,-73.81072235107422,-87.67555236816406,25.306316375732422,25.83170254403131
24.492,0,-17.020313262939453,10.960519790649414,74.38734436035156,-73.32769775390625,-87.6539306640625,25.32114028930664,-17.020313262939453,10.960519790649414,74.38734436035156,-73.32769775390625,-87.6539306640625,25.32114028930664,25.766470971950422
24.521,0,-16.941638946533203,10.667234420776367,74.45500183105469,-73.08673095703125,-87.61676025390625,25.275707244873047,-16.941638946533203,10.667234420776367,74.45500183105469,-73.08673095703125,-87.61676025390625,25.275707244873047,25.766470971950422
24.556,0,-16.829833984375,10.876213073730469,74.42349243164062,-73.33135986328125,-87.57144165039062,25.26503562927246,-16.829833984375,10.876213073730469,74.42349243164062,-73.33135986328125,-87.57144165039062,25.26503562927246,25.701239399869536
24.592,0,-16.832721710205078,10.572988510131836,74.71694946289062,-73.30079650878906,-87.55078887939453,25.112096786499023,-16.832721710205078,10.572988510131836,74.71694946289062,-73.30079650878906,-87.55078887939453,25.112096786499023,25.505544683626873
24.622,0,-16.967391967773438,9.939888000488281,74.8696517944336,-72.72016906738281,-87.56195831298828,25.13446044921875,-16.967391967773438,9.939888000488281,74.8696517944336,-72.72016906738281,-87.56195831298828,25.13446044921875,25.505544683626873
24.657,0,-16.874229431152344,9.503145217895508,74.95158386230469,-72.30825805664062,-87.52526092529297,25.06869125366211,-16.874229431152344,9.503145217895508,74.95158386230469,-72.30825805664062,-87.52526092529297,25.06869125366211,25.440313111545986
24.691,0,-16.76714324951172,9.621662139892578,74.90543365478516,-72.43331909179688,-87.47698974609375,25.08712387084961,-16.76714324951172,9.621662139892578,74.90543365478516,-72.43331909179688,-87.47698974609375,25.08712387084961,25.3750815394651
24.723,0,-16.853778839111328,10.282196044921875,74.82696533203125,-73.03781127929688,-87.48992919921875,25.229854583740234,-16.853778839111328,10.282196044921875,74.82696533203125,-73.03781127929688,-87.48992919921875,25.229854583740234,25.244618395303327
24.758,0,-16.99848175048828,9.73086929321289,74.99285888671875,-72.54255676269531,-87.52645874023438,25.202655792236328,-16.99848175048828,9.73086929321289,74.99285888671875,-72.54255676269531,-87.52645874023438,25.202655792236328,25.244618395303327
24.790,0,-16.94482421875,9.368629455566406,75.09737396240234,-72.2247085571289,-87.48411560058594,25.193187713623047,-16.94482421875,9.368629455566406,75.09737396240234,-72.2247085571289,-87.48411560058594,25.193187713623047,25.244618395303327
24.824,0,-16.845870971679688,9.366386413574219,75.11753845214844,-72.24515533447266,-87.43949127197266,25.195484161376953,-16.845870971679688,9.366386413574219,75.11753845214844,-72.24515533447266,-87.43949127197266,25.195484161376953,25.244618395303327
24.856,0,-16.87994384765625,9.750526428222656,75.18775177001953,-72.65962219238281,-87.4319839477539,25.278247833251953,-16.87994384765625,9.750526428222656,75.18775177001953,-72.65962219238281,-87.4319839477539,25.278247833251953,25.244618395303327
24.889,0,-16.873966217041016,9.284141540527344,75.33430480957031,-72.289306640625,-87.43951416015625,25.23688316345215,-16.873966217041016,9.284141540527344,75.33430480957031,-72.289306640625,-87.43951416015625,25.23688316345215,25.244618395303327
24.925,0,-16.99493408203125,9.530574798583984,75.30841827392578,-72.57939910888672,-87.475341796875,25.23543930053711,-16.99493408203125,9.530574798583984,75.30841827392578,-72.57939910888672,-87.475341796875,25.23543930053711,25.244618395303327
24.957,0,-17.043785095214844,9.456174850463867,75.43455505371094,-72.61112976074219,-87.43617248535156,25.200654983520508,-17.043785095214844,9.456174850463867,75.43455505371094,-72.61112976074219,-87.43617248535156,25.200654983520508,25.244618395303327
24.993,0,-17.046451568603516,9.465370178222656,75.63311767578125,-72.76212310791016,-87.40624237060547,25.209962844848633,-17.046451568603516,9.465370178222656,75.63311767578125,-72.76212310791016,-87.40624237060547,25.209962844848633,25.244618395303327
25.024,0,-17.080127716064453,9.004474639892578,75.7779312133789,-72.39739990234375,-87.4217300415039,25.1126766204834,-17.080127716064453,9.004474639892578,75.7779312133789,-72.39739990234375,-87.4217300415039,25.1126766204834,25.244618395303327
25.061,0,-17.185585021972656,8.886716842651367,75.91387176513672,-72.39546203613281,-87.44771575927734,25.076765060424805,-17.185585021972656,8.886716842651367,75.91387176513672,-72.39546203613281,-87.44771575927734,25.076765060424805,25.244618395303327
25.091,0,-17.0975341796875,8.903005599975586,75.9017562866211,-72.39012145996094,-87.39456176757812,25.011905670166016,-17.0975341796875,8.903005599975586,75.9017562866211,-72.39012145996094,-87.39456176757812,25.011905670166016,25.244618395303327
25.128,0,-17.096302032470703,9.25941276550293,75.96331024169922,-72.76986694335938,-87.36935424804688,25.108516693115234,-17.096302032470703,9.25941276550293,75.96331024169922,-72.76986694335938,-87.36935424804688,25.108516693115234,25.244618395303327
25.156,0,-17.168472290039062,8.56393814086914,76.28136444091797,-72.28274536132812,-87.38539123535156,25.059829711914062,-17.168472290039062,8.56393814086914,76.28136444091797,-72.28274536132812,-87.38539123535156,25.059829711914062,25.244618395303327
25.192,0,-17.24697494506836,8.625247955322266,76.33120727539062,-72.42803955078125,-87.41439056396484,25.067657470703125,-17.24697494506836,8.625247955322266,76.33120727539062,-72.42803955078125,-87.41439056396484,25.067657470703125,25.244618395303327
25.226,0,-17.146522521972656,8.634765625,76.33512878417969,-72.41607666015625,-87.35447692871094,25.005619049072266,-17.146522521972656,8.634765625,76.33512878417969,-72.41607666015625,-87.35447692871094,25.005619049072266,25.244618395303327
25.258,0,-17.206981658935547,8.76931381225586,76.4765396118164,-72.63553619384766,-87.331787109375,25.12610626220703,-17.206981658935547,8.76931381225586,76.4765396118164,-72.63553619384766,-87.331787109375,25.12610626220703,25.244618395303327
25.294,0,-17.17691421508789,7.991931915283203,76.83294677734375,-72.10293579101562,-87.31788635253906,25.03978729248047,-17.17691421508789,7.991931915283203,76.83294677734375,-72.10293579101562,-87.31788635253906,25.03978729248047,25.244618395303327
25.325,0,-17.26422119140625,7.7247161865234375,77.04175567626953,-72.01004028320312,-87.33930969238281,25.011966705322266,-17.26422119140625,7.7247161865234375,77.04175567626953,-72.01004028320312,-87.33930969238281,25.011966705322266,25.244618395303327
25.359,0,-17.143230438232422,7.612876892089844,77.10923767089844,-71.93768310546875,-87.27277374267578,24.954959869384766,-17.143230438232422,7.612876892089844,77.10923767089844,-71.93768310546875,-87.27277374267578,24.954959869384766,25.244618395303327
25.393,0,-17.116592407226562,6.96571159362793,77.51010131835938,-71.5570068359375,-87.23262786865234,24.859949111938477,-17.116592407226562,6.96571159362793,77.51010131835938,-71.5570068359375,-87.23262786865234,24.859949111938477,25.244618395303327
25.425,0,-17.14948272705078,6.228265762329102,77.85326385498047,-71.04185485839844,-87.24078369140625,24.812885284423828,-17.14948272705078,6.228265762329102,77.85326385498047,-71.04185485839844,-87.24078369140625,24.812885284423828,25.244618395303327
25.462,0,-17.13272476196289,5.841203689575195,78.1019058227539,-70.87510681152344,-87.24567413330078,24.72198486328125,-17.13272476196289,5.841203689575195,78.1019058227539,-70.87510681152344,-87.24567413330078,24.72198486328125,25.244618395303327
25.492,0,-17.007495880126953,5.946807861328125,78.09280395507812,-70.97269439697266,-87.20654296875,24.760051727294922,-17.007495880126953,5.946807861328125,78.09280395507812,-70.97269439697266,-87.20654296875,24.760051727294922,25.244618395303327
25.526,0,-16.872821807861328,5.316812515258789,78.45951843261719,-70.64480590820312,-87.15132141113281,24.66948699951172,-16.872821807861328,5.316812515258789,78.45951843261719,-70.64480590820312,-87.15132141113281,24.66948699951172,25.179386823222437
25.560,0,-16.92226791381836,4.696229934692383,78.70167541503906,-70.13592529296875,-87.163330078125,24.625181198120117,-16.92226791381836,4.696229934692383,78.70167541503906,-70.13592529296875,-87.163330078125,24.625181198120117,25.048923679060664
25.594,0,-16.89014434814453,4.38871955871582,78.89421081542969,-69.98533630371094,-87.18043518066406,24.581668853759766,-16.89014434814453,4.38871955871582,78.89421081542969,-69.98533630371094,-87.18043518066406,24.581668853759766,24.983692106979777
25.628,0,-16.74315643310547,4.48773193359375,78.8892822265625,-70.10125732421875,-87.14836120605469,24.545063018798828,-16.74315643310547,4.48773193359375,78.8892822265625,-70.10125732421875,-87.14836120605469,24.545063018798828,24.983692106979777
25.662,0,-16.68663787841797,4.126516342163086,79.15299224853516,-69.92399597167969,-87.10786437988281,24.511192321777344,-16.68663787841797,4.126516342163086,79.15299224853516,-69.92399597167969,-87.10786437988281,24.511192321777344,24.983692106979777
25.693,0,-16.882530212402344,4.089916229248047,79.16112518310547,-69.81129455566406,-87.14057922363281,24.694355010986328,-16.882530212402344,4.089916229248047,79.16112518310547,-69.81129455566406,-87.14057922363281,24.694355010986328,24.983692106979777
25.729,0,-16.833332061767578,3.8719406127929688,79.3272705078125,-69.7237548828125,-87.15047454833984,24.700878143310547,-16.833332061767578,3.8719406127929688,79.3272705078125,-69.7237548828125,-87.15047454833984,24.700878143310547,24.983692106979777
25.761,0,-16.704063415527344,3.933450698852539,79.33734893798828,-69.81852722167969,-87.11900329589844,24.704376220703125,-16.704063415527344,3.933450698852539,79.33734893798828,-69.81852722167969,-87.11900329589844,24.704376220703125,24.983692106979777
25.791,0,-16.668777465820312,3.510955810546875,79.67648315429688,-69.640625,-87.07304382324219,24.631515502929688,-16.668777465820312,3.510955810546875,79.67648315429688,-69.640625,-87.07304382324219,24.631515502929688,24.983692106979777
25.831,0,-16.780616760253906,3.3827953338623047,79.71142578125,-69.45588684082031,-87.09469604492188,24.80847930908203,-16.780616760253906,3.3827953338623047,79.71142578125,-69.45588684082031,-87.09469604492188,24.80847930908203,24.983692106979777
25.862,0,-16.696754455566406,3.2587432861328125,79.78662109375,-69.37689208984375,-87.11172485351562,24.76949119567871,-16.696754455566406,3.2587432861328125,79.78662109375,-69.37689208984375,-87.11172485351562,24.76949119567871,24.983692106979777
25.893,0,-16.562313079833984,3.094308853149414,79.907470703125,-69.29512786865234,-87.07430267333984,24.728290557861328,-16.562313079833984,3.094308853149414,79.907470703125,-69.29512786865234,-87.07430267333984,24.728290557861328,24.983692106979777
25.927,0,-16.521133422851562,2.7343673706054688,80.14886474609375,-69.07958221435547,-87.05133819580078,24.679214477539062,-16.521133422851562,2.7343673706054688,80.14886474609375,-69.07958221435547,-87.05133819580078,24.679214477539062,24.983692106979777
25.964,0,-16.631572723388672,2.650899887084961,80.17405700683594,-68.97344970703125,-87.07868194580078,24.84793472290039,-16.631572723388672,2.650899887084961,80.17405700683594,-68.97344970703125,-87.07868194580078,24.84793472290039,24.983692106979777
25.995,0,-16.507381439208984,2.5350875854492188,80.23614501953125,-68.9079818725586,-87.10198974609375,24.79585838317871,-16.507381439208984,2.5350875854492188,80.23614501953125,-68.9079818725586,-87.10198974609375,24.79585838317871,24.983692106979777
26.030,0,-16.39258575439453,2.284799575805664,80.36628723144531,-68.70350646972656,-87.05503845214844,24.769710540771484,-16.39258575439453,2.284799575805664,80.36628723144531,-68.70350646972656,-87.05503845214844,24.769710540771484,24.983692106979777
26.063,0,-16.34650421142578,1.7880535125732422,80.69349670410156,-68.43330383300781,-87.03999328613281,24.680570602416992,-16.34650421142578,1.7880535125732422,80.69349670410156,-68.43330383300781,-87.03999328613281,24.680570602416992,24.983692106979777
26.096,0,-16.381561279296875,1.027109146118164,81.00909423828125,-67.89459991455078,-87.0594711303711,24.71127700805664,-16.381561279296875,1.027109146118164,81.00909423828125,-67.89459991455078,-87.0594711303711,24.71127700805664,24.983692106979777
26.130,0,-16.247638702392578,0.7847576141357422,81.11272430419922,-67.73371887207031,-87.08404541015625,24.658370971679688,-16.247638702392578,0.7847576141357422,81.11272430419922,-67.73371887207031,-87.08404541015625,24.658370971679688,24.983692106979777
26.166,0,-16.105140686035156,0.4871501922607422,81.27086639404297,-67.49170684814453,-87.03143310546875,24.614116668701172,-16.105140686035156,0.4871501922607422,81.27086639404297,-67.49170684814453,-87.03143310546875,24.614116668701172,24.983692106979777
26.195,0,-16.064064025878906,0.02269458770751953,81.58680725097656,-67.25677490234375,-87.01004791259766,24.56576156616211,-16.064064025878906,0.02269458770751953,81.58680725097656,-67.25677490234375,-87.01004791259766,24.56576156616211,24.983692106979777
26.233,0,-16.089210510253906,0.08304977416992188,81.61988067626953,-67.31590270996094,-87.02696228027344,24.753498077392578,-16.089210510253906,0.08304977416992188,81.61988067626953,-67.31590270996094,-87.02696228027344,24.753498077392578,24.983692106979777
26.261,0,-15.886370658874512,-0.021938323974609375,81.62783813476562,-67.23028564453125,-87.0415267944336,24.721559524536133,-15.886370658874512,-0.021938323974609375,81.62783813476562,-67.23028564453125,-87.0415267944336,24.721559524536133,24.983692106979777
26.299,0,-15.757439613342285,-0.16719627380371094,81.74142456054688,-67.16312408447266,-87.02047729492188,24.730525970458984,-15.757439613342285,-0.16719627380371094,81.74142456054688,-67.16312408447266,-87.02047729492188,24.730525970458984,24.983692106979777
26.336,0,-15.620402336120605,-0.16735553741455078,81.7142105102539,-67.17435455322266,-87.01761627197266,24.79853057861328,-15.620402336120605,-0.16735553741455078,81.7142105102539,-67.17435455322266,-87.01761627197266,24.79853057861328,24.983692106979777
26.374,0,-15.631155967712402,-0.23254871368408203,81.78472137451172,-67.16126251220703,-87.04833221435547,24.932937622070312,-15.631155967712402,-0.23254871368408203,81.78472137451172,-67.16126251220703,-87.04833221435547,24.932937622070312,24.983692106979777
26.398,0,-15.503678321838379,-0.3710660934448242,81.76365661621094,-66.99400329589844,-87.11005401611328,25.059249877929688,-15.503678321838379,-0.3710660934448242,81.76365661621094,-66.99400329589844,-87.11005401611328,25.059249877929688,24.983692106979777
26.429,0,-15.385109901428223,-0.5399208068847656,81.90071868896484,-66.90834045410156,-87.07898712158203,25.056726455688477,-15.385109901428223,-0.5399208068847656,81.90071868896484,-66.90834045410156,-87.07898712158203,25.056726455688477,24.983692106979777
26.463,0,-15.231621742248535,-0.38207435607910156,81.88241577148438,-67.10059356689453,-87.07852935791016,25.150287628173828,-15.231621742248535,-0.38207435607910156,81.88241577148438,-67.10059356689453,-87.07852935791016,25.150287628173828,24.983692106979777
26.499,0,-15.2826566696167,-0.0634775161743164,81.82827758789062,-67.40528869628906,-87.12535095214844,25.315040588378906,-15.2826566696167,-0.0634775161743164,81.82827758789062,-67.40528869628906,-87.12535095214844,25.315040588378906,24.983692106979777
26.531,0,-15.182866096496582,-0.4011096954345703,81.86738586425781,-67.10794830322266,-87.17671203613281,25.394371032714844,-15.182866096496582,-0.4011096954345703,81.86738586425781,-67.10794830322266,-87.17671203613281,25.394371032714844,24.983692106979777
26.565,0,-15.038731575012207,-0.29065895080566406,81.89537048339844,-67.26300811767578,-87.16705322265625,25.39659309387207,-15.038731575012207,-0.29065895080566406,81.89537048339844,-67.26300811767578,-87.16705322265625,25.39659309387207,24.983692106979777
26.600,0,-15.069209098815918,-0.04152393341064453,81.79893493652344,-67.42906951904297,-87.21588134765625,25.62466812133789,-15.069209098815918,-0.04152393341064453,81.79893493652344,-67.42906951904297,-87.21588134765625,25.62466812133789,24.983692106979777
26.634,0,-15.059351921081543,0.0913248062133789,81.80536651611328,-67.5838394165039,-87.24162292480469,25.795467376708984,-15.059351921081543,0.0913248062133789,81.80536651611328,-67.5838394165039,-87.24162292480469,25.795467376708984,24.983692106979777
26.668,0,-14.936211585998535,0.12066936492919922,81.78382873535156,-67.61582946777344,-87.29661560058594,25.988079071044922,-14.936211585998535,0.12066936492919922,81.78382873535156,-67.61582946777344,-87.29661560058594,25.988079071044922,25.048923679060664
26.701,0,-14.831791877746582,0.25640106201171875,81.80119323730469,-67.7896499633789,-87.30198669433594,26.0601806640625,-14.831791877746582,0.25640106201171875,81.80119323730469,-67.7896499633789,-87.30198669433594,26.0601806640625,25.244618395303327
26.735,0,-14.884415626525879,0.4365711212158203,81.72927856445312,-67.89338684082031,-87.34573364257812,26.228843688964844,-14.884415626525879,0.4365711212158203,81.72927856445312,-67.89338684082031,-87.34573364257812,26.228843688964844,25.440313111545986
26.768,0,-14.834822654724121,0.586883544921875,81.71505737304688,-68.0667724609375,-87.38805389404297,26.32777976989746,-14.834822654724121,0.586883544921875,81.71505737304688,-68.0667724609375,-87.38805389404297,26.32777976989746,25.505544683626873
26.802,0,-14.730677604675293,0.5090999603271484,81.75291442871094,-68.05150604248047,-87.4444808959961,26.504358291625977,-14.730677604675293,0.5090999603271484,81.75291442871094,-68.05150604248047,-87.4444808959961,26.504358291625977,25.570776255707763
26.835,0,-14.713711738586426,0.5811958312988281,81.7762680053711,-68.1495590209961,-87.46548461914062,26.592205047607422,-14.713711738586426,0.5811958312988281,81.7762680053711,-68.1495590209961,-87.46548461914062,26.592205047607422,25.766470971950422
26.868,0,-14.741156578063965,0.4261760711669922,81.81283569335938,-68.01129913330078,-87.51081848144531,26.6721134185791,-14.741156578063965,0.4261760711669922,81.81283569335938,-68.01129913330078,-87.51081848144531,26.6721134185791,25.896934116112195
26.901,0,-14.704354286193848,0.8365001678466797,81.72633361816406,-68.36807250976562,-87.54730224609375,26.779420852661133,-14.704354286193848,0.8365001678466797,81.72633361816406,-68.36807250976562,-87.54730224609375,26.779420852661133,26.09262883235486
26.936,0,-14.639435768127441,1.0366458892822266,81.63054656982422,-68.5406494140625,-87.60238647460938,26.92778205871582,-14.639435768127441,1.0366458892822266,81.63054656982422,-68.5406494140625,-87.60238647460938,26.92778205871582,26.157860404435745
26.968,0,-14.501494407653809,0.8579311370849609,81.791259765625,-68.4860610961914,-87.55951690673828,26.974889755249023,-14.501494407653809,0.8579311370849609,81.791259765625,-68.4860610961914,-87.55951690673828,26.974889755249023,26.28832354859752
27.001,0,-14.528056144714355,0.7834243774414062,81.77354431152344,-68.33531188964844,-87.6097412109375,27.068424224853516,-14.528056144714355,0.7834243774414062,81.77354431152344,-68.33531188964844,-87.6097412109375,27.068424224853516,26.418786692759294
27.034,0,-14.640730857849121,0.3933143615722656,81.86457824707031,-67.98649597167969,-87.65320587158203,27.049423217773438,-14.640730857849121,0.3933143615722656,81.86457824707031,-67.98649597167969,-87.65320587158203,27.049423217773438,26.549249836921067
27.070,0,-14.567187309265137,0.6119270324707031,81.78409576416016,-68.15967559814453,-87.7137680053711,27.22612953186035,-14.567187309265137,0.6119270324707031,81.78409576416016,-68.15967559814453,-87.7137680053711,27.22612953186035,26.614481409001954
27.102,0,-14.464579582214355,0.7510890960693359,81.82413482666016,-68.39015197753906,-87.72312927246094,27.265275955200195,-14.464579582214355,0.7510890960693359,81.82413482666016,-68.39015197753906,-87.72312927246094,27.265275955200195,26.614481409001954
27.139,0,-14.553956031799316,0.9357337951660156,81.77813720703125,-68.50778198242188,-87.7716293334961,27.46044158935547,-14.553956031799316,0.9357337951660156,81.77813720703125,-68.50778198242188,-87.7716293334961,27.46044158935547,26.614481409001954
27.167,0,-14.708786964416504,0.6710605621337891,81.80652618408203,-68.22929382324219,-87.83353424072266,27.479890823364258,-14.708786964416504,0.6710605621337891,81.80652618408203,-68.22929382324219,-87.83353424072266,27.479890823364258,26.810176125244617
27.204,0,-14.636504173278809,0.7644481658935547,81.77083587646484,-68.34445190429688,-87.88706970214844,27.60463523864746,-14.636504173278809,0.7644481658935547,81.77083587646484,-68.34445190429688,-87.88706970214844,27.60463523864746,26.875407697325503
27.239,0,-14.436226844787598,0.11678123474121094,82.08406066894531,-67.96414184570312,-87.85523223876953,27.403839111328125,-14.436226844787598,0.11678123474121094,82.08406066894531,-67.96414184570312,-87.85523223876953,27.403839111328125,27.00587084148728
27.269,0,-14.526787757873535,0.1712789535522461,82.02845764160156,-67.9700698852539,-87.92005157470703,27.60579490661621,-14.526787757873535,0.1712789535522461,82.02845764160156,-67.9700698852539,-87.92005157470703,27.60579490661621,27.20156555772994
27.303,0,-14.649430274963379,-0.19830894470214844,82.17328643798828,-67.71868133544922,-87.96532440185547,27.622940063476562,-14.649430274963379,-0.19830894470214844,82.17328643798828,-67.71868133544922,-87.96532440185547,27.622940063476562,27.20156555772994
27.340,0,-14.594254493713379,0.16600608825683594,82.05339813232422,-68.00700378417969,-87.98873901367188,27.62533187866211,-14.594254493713379,0.16600608825683594,82.05339813232422,-68.00700378417969,-87.98873901367188,27.62533187866211,27.20156555772994
27.372,0,-14.45476245880127,0.31241798400878906,82.07608795166016,-68.24116516113281,-87.98711395263672,27.650802612304688,-14.45476245880127,0.31241798400878906,82.07608795166016,-68.24116516113281,-87.98711395263672,27.650802612304688,27.20156555772994
27.402,0,-14.566872596740723,0.7753105163574219,82.00206756591797,-68.66935729980469,-88.0358657836914,27.843456268310547,-14.566872596740723,0.7753105163574219,82.00206756591797,-68.66935729980469,-88.0358657836914,27.843456268310547,27.20156555772994
27.439,0,-14.765822410583496,0.21294403076171875,82.1476821899414,-68.1729736328125,-88.1004867553711,27.81978988647461,-14.765822410583496,0.21294403076171875,82.1476821899414,-68.1729736328125,-88.1004867553711,27.81978988647461,27.20156555772994
27.471,0,-14.670538902282715,0.40807533264160156,82.12675476074219,-68.38692474365234,-88.11510467529297,27.838335037231445,-14.670538902282715,0.40807533264160156,82.12675476074219,-68.38692474365234,-88.11510467529297,27.838335037231445,27.20156555772994
27.505,0,-14.489190101623535,0.4368133544921875,82.16004180908203,-68.46023559570312,-88.08817291259766,27.92911720275879,-14.489190101623535,0.4368133544921875,82.16004180908203,-68.46023559570312,-88.08817291259766,27.92911720275879,27.20156555772994
27.538,0,-14.6231050491333,0.7146167755126953,82.12779998779297,-68.73580932617188,-88.14213562011719,28.038963317871094,-14.6231050491333,0.7146167755126953,82.12779998779297,-68.73580932617188,-88.14213562011719,28.038963317871094,27.20156555772994
27.574,0,-14.782588005065918,0.13650989532470703,82.29959106445312,-68.252685546875,-88.18461608886719,27.957122802734375,-14.782588005065918,0.13650989532470703,82.29959106445312,-68.252685546875,-88.18461608886719,27.957122802734375,27.266797129810826
27.603,0,-14.77047061920166,0.5374794006347656,82.20153045654297,-68.58364868164062,-88.21757507324219,28.066829681396484,-14.77047061920166,0.5374794006347656,82.20153045654297,-68.58364868164062,-88.21757507324219,28.066829681396484,27.46249184605349
27.640,0,-14.5423002243042,0.254119873046875,82.31622314453125,-68.41529846191406,-88.1720199584961,27.97281837463379,-14.5423002243042,0.254119873046875,82.31622314453125,-68.41529846191406,-88.1720199584961,27.97281837463379,27.59295499021526
27.670,0,-14.659193992614746,0.7047252655029297,82.21601867675781,-68.82301330566406,-88.22215270996094,28.016563415527344,-14.659193992614746,0.7047252655029297,82.21601867675781,-68.82301330566406,-88.22215270996094,28.016563415527344,27.59295499021526
27.707,0,-14.862507820129395,0.3806877136230469,82.29187774658203,-68.50263214111328,-88.27081298828125,27.99890899658203,-14.862507820129395,0.3806877136230469,82.29187774658203,-68.50263214111328,-88.27081298828125,27.99890899658203,27.59295499021526
27.737,0,-14.889327049255371,1.0002670288085938,82.15747833251953,-69.05250549316406,-88.31404876708984,28.11732292175293,-14.889327049255371,1.0002670288085938,82.15747833251953,-69.05250549316406,-88.31404876708984,28.11732292175293,27.59295499021526
27.775,0,-14.774500846862793,0.7800674438476562,82.2728271484375,-68.93843841552734,-88.29520416259766,28.07282829284668,-14.774500846862793,0.7800674438476562,82.2728271484375,-68.93843841552734,-88.29520416259766,28.07282829284668,27.59295499021526
27.804,0,-14.704005241394043,0.02959918975830078,82.58141326904297,-68.41261291503906,-88.27437591552734,27.853248596191406,-14.704005241394043,0.02959918975830078,82.58141326904297,-68.41261291503906,-88.27437591552734,27.853248596191406,27.59295499021526
27.843,0,-14.92522144317627,-0.5486812591552734,82.73025512695312,-67.92935943603516,-88.3311996459961,27.748836517333984,-14.92522144317627,-0.5486812591552734,82.73025512695312,-67.92935943603516,-88.3311996459961,27.748836517333984,27.59295499021526
27.873,0,-14.76625919342041,-1.1122779846191406,82.88826751708984,-67.5022964477539,-88.34952545166016,27.620023727416992,-14.76625919342041,-1.1122779846191406,82.88826751708984,-67.5022964477539,-88.34952545166016,27.620023727416992,27.59295499021526
27.904,0,-14.619772911071777,-1.3232736587524414,82.95782470703125,-67.34776306152344,-88.33724975585938,27.615436553955078,-14.619772911071777,-1.3232736587524414,82.95782470703125,-67.34776306152344,-88.33724975585938,27.615436553955078,27.59295499021526
27.939,0,-14.55017375946045,-1.7093324661254883,83.0944595336914,-67.08837127685547,-88.34376525878906,27.60306167602539,-14.55017375946045,-1.7093324661254883,83.0944595336914,-67.08837127685547,-88.34376525878906,27.60306167602539,27.59295499021526
27.971,0,-14.756672859191895,-2.65488338470459,83.41143798828125,-66.36813354492188,-88.40074157714844,27.4254207611084,-14.756672859191895,-2.65488338470459,83.41143798828125,-66.36813354492188,-88.40074157714844,27.4254207611084,27.59295499021526
28.006,0,-14.618279457092285,-2.4495697021484375,83.42138671875,-66.66909790039062,-88.40782928466797,27.377761840820312,-14.618279457092285,-2.4495697021484375,83.42138671875,-66.66909790039062,-88.40782928466797,27.377761840820312,27.59295499021526
28.039,0,-14.503256797790527,-2.7945384979248047,83.61393737792969,-66.52763366699219,-88.40090942382812,27.25014305114746,-14.503256797790527,-2.7945384979248047,83.61393737792969,-66.52763366699219,-88.40090942382812,27.25014305114746,27.59295499021526
28.071,0,-14.531559944152832,-3.3378725051879883,83.78779602050781,-66.10308837890625,-88.38563537597656,26.96138572692871,-14.531559944152832,-3.3378725051879883,83.78779602050781,-66.10308837890625,-88.38563537597656,26.96138572692871,27.59295499021526
28.106,0,-14.411408424377441,-2.9280014038085938,83.75225067138672,-66.51825714111328,-88.37512969970703,27.098751068115234,-14.411408424377441,-2.9280014038085938,83.75225067138672,-66.51825714111328,-88.37512969970703,27.098751068115234,27.59295499021526
28.143,0,-14.287692070007324,-2.611945152282715,83.73274993896484,-66.92520904541016,-88.39344024658203,27.25400733947754,-14.287692070007324,-2.611945152282715,83.73274993896484,-66.92520904541016,-88.39344024658203,27.25400733947754,27.46249184605349
28.173,0,-14.260659217834473,-2.5912179946899414,83.72808837890625,-66.95560455322266,-88.39910125732422,27.281383514404297,-14.260659217834473,-2.5912179946899414,83.72808837890625,-66.95560455322266,-88.39910125732422,27.281383514404297,27.332028701891716
28.211,0,-14.224345207214355,-2.485321044921875,83.66727447509766,-67.00764465332031,-88.39494323730469,27.399154663085938,-14.224345207214355,-2.485321044921875,83.66727447509766,-67.00764465332031,-88.39494323730469,27.399154663085938,27.332028701891716
28.239,0,-14.220337867736816,-2.4955101013183594,83.60424041748047,-66.91754150390625,-88.40341186523438,27.589984893798828,-14.220337867736816,-2.4955101013183594,83.60424041748047,-66.91754150390625,-88.40341186523438,27.589984893798828,27.332028701891716
28.277,0,-14.073334693908691,-2.451207160949707,83.65734100341797,-67.07266998291016,-88.38922882080078,27.58984375,-14.073334693908691,-2.451207160949707,83.65734100341797,-67.07266998291016,-88.38922882080078,27.58984375,27.332028701891716
28.309,0,-14.094695091247559,-3.253629684448242,83.91486358642578,-66.44935607910156,-88.36015319824219,27.368911743164062,-14.094695091247559,-3.253629684448242,83.91486358642578,-66.44935607910156,-88.36015319824219,27.368911743164062,27.332028701891716
28.341,0,-14.14978313446045,-3.563018798828125,83.98086547851562,-66.19156646728516,-88.36180114746094,27.19046401977539,-14.14978313446045,-3.563018798828125,83.98086547851562,-66.19156646728516,-88.36180114746094,27.19046401977539,27.332028701891716
28.373,0,-14.0764799118042,-3.5218448638916016,83.96446228027344,-66.20855712890625,-88.35435485839844,27.37908935546875,-14.0764799118042,-3.5218448638916016,83.96446228027344,-66.20855712890625,-88.35435485839844,27.37908935546875,27.332028701891716
