t_s,episode,target.shoulder_pan.pos,target.shoulder_lift.pos,target.elbow_flex.pos,target.wrist_flex.pos,target.wrist_roll.pos,target.gripper.pos,sent.shoulder_pan.pos,sent.shoulder_lift.pos,sent.elbow_flex.pos,sent.wrist_flex.pos,sent.wrist_roll.pos,sent.gripper.pos,gripper_actual
0.471,0,-10.26479434967041,-102.42180633544922,89.82894897460938,83.41043090820312,8.298583984375,0.1899738311767578,-10.26479434967041,-102.42180633544922,89.82894897460938,82.97802197802197,8.298583984375,0.1899738311767578,0.7827788649706457
0.500,0,-9.606454849243164,-102.44900512695312,89.60135650634766,84.13062286376953,7.797645568847656,0.2002105712890625,-9.606454849243164,-102.44900512695312,89.60135650634766,82.97802197802197,7.797645568847656,0.2002105712890625,0.7827788649706457
0.534,0,-10.686978340148926,-102.87764739990234,89.96604919433594,83.49197387695312,8.214797973632812,0.017181396484375,-10.686978340148926,-102.87764739990234,89.96604919433594,83.32967032967034,8.214797973632812,0.017181396484375,0.7827788649706457
0.567,0,-11.426905632019043,-102.85696411132812,89.77314758300781,84.15019226074219,7.738594055175781,-0.005168914794921875,-11.426905632019043,-102.85696411132812,89.77314758300781,84.15019226074219,7.738594055175781,-0.005168914794921875,0.7827788649706457
0.599,0,-10.256050109863281,-102.62821197509766,89.50914764404297,84.55026245117188,7.185096740722656,0.16325759887695312,-10.256050109863281,-102.62821197509766,89.50914764404297,84.55026245117188,7.185096740722656,0.16325759887695312,0.7827788649706457
0.632,0,-10.196608543395996,-102.57766723632812,89.44496154785156,84.6827392578125,7.3069000244140625,0.16146469116210938,-10.196608543395996,-102.57766723632812,89.44496154785156,84.6827392578125,7.3069000244140625,0.16146469116210938,0.7827788649706457
0.666,0,-10.838045120239258,-102.55081176757812,89.68282318115234,83.9354019165039,7.715660095214844,0.16054725646972656,-10.838045120239258,-102.55081176757812,89.68282318115234,83.9354019165039,7.715660095214844,0.16054725646972656,0.7827788649706457
0.707,0,-11.531137466430664,-102.68671417236328,89.58134460449219,84.7027359008789,7.125297546386719,0.06464195251464844,-11.531137466430664,-102.68671417236328,89.58134460449219,84.7027359008789,7.125297546386719,0.06464195251464844,0.7827788649706457
0.734,0,-10.026437759399414,-102.30465698242188,89.3721694946289,84.73402404785156,6.7684173583984375,0.28943443298339844,-10.026437759399414,-102.30465698242188,89.3721694946289,84.73402404785156,6.7684173583984375,0.28943443298339844,0.7827788649706457
0.773,0,-10.309447288513184,-102.49791717529297,89.3460922241211,84.70934295654297,7.1003875732421875,0.2154407501220703,-10.309447288513184,-102.49791717529297,89.3460922241211,84.70934295654297,7.1003875732421875,0.2154407501220703,0.7827788649706457
0.816,0,-10.889792442321777,-102.45132446289062,89.7426986694336,83.5169677734375,7.449493408203125,0.2157154083251953,-10.889792442321777,-102.45132446289062,89.7426986694336,83.5169677734375,7.449493408203125,0.2157154083251953,0.7827788649706457
0.844,0,-11.573002815246582,-102.6518325805664,89.57052612304688,84.67913818359375,7.025054931640625,0.09899520874023438,-11.573002815246582,-102.6518325805664,89.57052612304688,84.67913818359375,7.025054931640625,0.09899520874023438,0.7827788649706457
0.882,0,-10.211606979370117,-102.33544921875,89.35356903076172,84.80499267578125,6.727607727050781,0.2833747863769531,-10.211606979370117,-102.33544921875,89.35356903076172,84.80499267578125,6.727607727050781,0.2833747863769531,0.7827788649706457
0.909,0,-10.28225040435791,-102.43688201904297,89.2696762084961,84.81114959716797,6.970405578613281,0.23898887634277344,-10.28225040435791,-102.43688201904297,89.2696762084961,84.81114959716797,6.970405578613281,0.23898887634277344,0.7827788649706457
0.942,0,-11.0399169921875,-102.45181274414062,89.70701599121094,83.71775817871094,7.4567718505859375,0.19779205322265625,-11.0399169921875,-102.45181274414062,89.70701599121094,83.71775817871094,7.4567718505859375,0.19779205322265625,0.7827788649706457
0.976,0,-11.58393383026123,-102.70289611816406,89.55805969238281,84.71390533447266,7.0437164306640625,0.07441139221191406,-11.58393383026123,-102.70289611816406,89.55805969238281,84.71390533447266,7.0437164306640625,0.07441139221191406,0.7827788649706457
1.013,0,-10.304286003112793,-102.40984344482422,89.37771606445312,84.82784271240234,6.870147705078125,0.24154281616210938,-10.304286003112793,-102.40984344482422,89.37771606445312,84.82784271240234,6.870147705078125,0.24154281616210938,0.7827788649706457
1.044,0,-10.402802467346191,-102.4732437133789,89.30713653564453,84.89598083496094,7.020469665527344,0.2164020538330078,-10.402802467346191,-102.4732437133789,89.30713653564453,84.89598083496094,7.020469665527344,0.2164020538330078,0.7827788649706457
1.078,0,-10.930610656738281,-102.4537124633789,89.67313385009766,83.58474731445312,7.1827239990234375,0.24496841430664062,-10.930610656738281,-102.4537124633789,89.67313385009766,83.58474731445312,7.1827239990234375,0.24496841430664062,0.7827788649706457
1.113,0,-11.649391174316406,-102.72379302978516,89.55792999267578,84.81139373779297,7.035301208496094,0.06167411804199219,-11.649391174316406,-102.72379302978516,89.55792999267578,84.81139373779297,7.035301208496094,0.06167411804199219,0.7827788649706457
1.144,0,-10.371855735778809,-102.4161605834961,89.41766357421875,84.6528549194336,6.819908142089844,0.24383163452148438,-10.371855735778809,-102.4161605834961,89.41766357421875,84.6528549194336,6.819908142089844,0.24383163452148438,0.7827788649706457
1.178,0,-10.374316215515137,-102.56140899658203,89.35282897949219,84.7726821899414,6.8230438232421875,0.21375083923339844,-10.374316215515137,-102.56140899658203,89.35282897949219,84.7726821899414,6.8230438232421875,0.21375083923339844,0.7827788649706457
1.211,0,-10.708612442016602,-102.5033950805664,89.62640380859375,83.95690155029297,7.291816711425781,0.20471954345703125,-10.708612442016602,-102.5033950805664,89.62640380859375,83.95690155029297,7.291816711425781,0.20471954345703125,0.7827788649706457
1.244,0,-11.698288917541504,-102.73860931396484,89.5672378540039,84.78421783447266,7.058258056640625,0.06159019470214844,-11.698288917541504,-102.73860931396484,89.5672378540039,84.78421783447266,7.058258056640625,0.06159019470214844,0.7827788649706457
1.278,0,-10.069258689880371,-102.34724426269531,89.28897094726562,84.82904815673828,6.6339111328125,0.2868537902832031,-10.069258689880371,-102.34724426269531,89.28897094726562,84.82904815673828,6.6339111328125,0.2868537902832031,0.7827788649706457
1.313,0,-10.338675498962402,-102.5197982788086,89.39163208007812,84.7209243774414,7.014747619628906,0.1908550262451172,-10.338675498962402,-102.5197982788086,89.39163208007812,84.7209243774414,7.014747619628906,0.1908550262451172,0.7827788649706457
1.345,0,-11.005867958068848,-102.56311798095703,89.68232727050781,83.8768539428711,7.3977508544921875,0.17593955993652344,-11.005867958068848,-102.56311798095703,89.68232727050781,83.8768539428711,7.3977508544921875,0.17593955993652344,0.7827788649706457
1.379,0,-11.546055793762207,-102.68108367919922,89.53652954101562,84.75635528564453,6.953742980957031,0.07599639892578125,-11.546055793762207,-102.68108367919922,89.53652954101562,84.75635528564453,6.953742980957031,0.07599639892578125,0.7827788649706457
1.426,0,-10.102300643920898,-102.36119079589844,89.29721069335938,84.83158874511719,6.649192810058594,0.28557586669921875,-10.102300643920898,-102.36119079589844,89.29721069335938,84.83158874511719,6.649192810058594,0.28557586669921875,0.7827788649706457
1.454,0,-10.35780143737793,-102.52281188964844,89.38363647460938,84.70503997802734,6.920768737792969,0.2050495147705078,-10.35780143737793,-102.52281188964844,89.38363647460938,84.70503997802734,6.920768737792969,0.2050495147705078,0.7827788649706457
1.488,0,-11.818680763244629,-102.71308898925781,89.55110931396484,84.61845397949219,7.019683837890625,0.12317085266113281,-11.818680763244629,-102.71308898925781,89.55110931396484,84.61845397949219,7.019683837890625,0.12317085266113281,0.7827788649706457
1.525,0,-11.483592987060547,-102.7752456665039,89.57400512695312,84.5950698852539,6.86761474609375,0.09566688537597656,-11.483592987060547,-102.7752456665039,89.57400512695312,84.5950698852539,6.86761474609375,0.09566688537597656,0.7827788649706457
1.553,0,-10.288410186767578,-102.38206481933594,89.38158416748047,84.6627197265625,6.747314453125,0.26782989501953125,-10.288410186767578,-102.38206481933594,89.38158416748047,84.6627197265625,6.747314453125,0.26782989501953125,0.7827788649706457
1.586,0,-10.558642387390137,-102.46141052246094,89.31452941894531,85.13689422607422,6.612953186035156,0.17432212829589844,-10.558642387390137,-102.46141052246094,89.31452941894531,85.13689422607422,6.612953186035156,0.17432212829589844,0.7827788649706457
1.655,0,-11.958695411682129,-102.81873321533203,89.55631256103516,84.713134765625,7.082794189453125,0.07376289367675781,-11.958695411682129,-102.81873321533203,89.55631256103516,84.713134765625,7.082794189453125,0.07376289367675781,0.7827788649706457
1.683,0,-10.088094711303711,-102.27928924560547,89.36753845214844,84.63179779052734,6.596305847167969,0.30791664123535156,-10.088094711303711,-102.27928924560547,89.36753845214844,84.63179779052734,6.596305847167969,0.30791664123535156,0.7827788649706457
1.715,0,-10.204025268554688,-102.34724426269531,89.27355194091797,85.24358367919922,6.436485290527344,0.22597122192382812,-10.204025268554688,-102.34724426269531,89.27355194091797,85.24358367919922,6.436485290527344,0.22597122192382812,0.7827788649706457
1.750,0,-11.71045970916748,-102.73692321777344,89.5042953491211,84.60513305664062,6.844268798828125,0.15937423706054688,-11.71045970916748,-102.73692321777344,89.5042953491211,84.60513305664062,6.844268798828125,0.15937423706054688,0.7827788649706457
1.782,0,-11.907078742980957,-102.80897521972656,89.55120849609375,84.9060287475586,7.0406646728515625,0.024150848388671875,-11.907078742980957,-102.80897521972656,89.55120849609375,84.9060287475586,7.0406646728515625,0.024150848388671875,0.7827788649706457
1.816,0,-10.362581253051758,-102.52916717529297,89.38652038574219,84.83735656738281,6.6151885986328125,0.2172698974609375,-10.362581253051758,-102.52916717529297,89.38652038574219,84.83735656738281,6.6151885986328125,0.2172698974609375,0.7827788649706457
1.849,0,-10.266357421875,-102.3189697265625,89.30279541015625,84.89115905761719,6.374702453613281,0.249542236328125,-10.266357421875,-102.3189697265625,89.30279541015625,84.89115905761719,6.374702453613281,0.249542236328125,0.7827788649706457
1.883,0,-12.011992454528809,-102.76167297363281,89.47746276855469,84.94401550292969,7.098121643066406,0.10429191589355469,-12.011992454528809,-102.76167297363281,89.47746276855469,84.94401550292969,7.098121643066406,0.10429191589355469,0.7827788649706457
1.915,0,-11.427226066589355,-102.72074890136719,89.50284576416016,84.83079528808594,6.70343017578125,0.09679031372070312,-11.427226066589355,-102.72074890136719,89.50284576416016,84.83079528808594,6.70343017578125,0.09679031372070312,0.7827788649706457
1.950,0,-10.301663398742676,-102.45769500732422,89.40040588378906,84.61708068847656,6.5846710205078125,0.2446155548095703,-10.301663398742676,-102.45769500732422,89.40040588378906,84.61708068847656,6.5846710205078125,0.2446155548095703,0.7827788649706457
1.983,0,-10.288491249084473,-102.42239379882812,89.20477294921875,85.27584838867188,6.295310974121094,0.23801422119140625,-10.288491249084473,-102.42239379882812,89.20477294921875,85.27584838867188,6.295310974121094,0.23801422119140625,0.7827788649706457
2.022,0,-11.21579360961914,-102.40409088134766,89.47023010253906,84.32230377197266,7.315025329589844,0.24486923217773438,-11.21579360961914,-102.40409088134766,89.47023010253906,84.32230377197266,7.315025329589844,0.24486923217773438,0.7827788649706457
2.056,0,-11.478522300720215,-102.68424224853516,89.54818725585938,84.76197052001953,6.8453216552734375,0.09222984313964844,-11.478522300720215,-102.68424224853516,89.54818725585938,84.76197052001953,6.8453216552734375,0.09222984313964844,0.7827788649706457
2.084,0,-10.257732391357422,-102.46134948730469,89.4380874633789,84.59343719482422,6.506919860839844,0.2632427215576172,-10.257732391357422,-102.46134948730469,89.4380874633789,84.59343719482422,6.506919860839844,0.2632427215576172,0.7827788649706457
2.116,0,-10.36436939239502,-102.46415710449219,89.28218841552734,85.0400619506836,6.398101806640625,0.22357559204101562,-10.36436939239502,-102.46415710449219,89.28218841552734,85.0400619506836,6.398101806640625,0.22357559204101562,0.7827788649706457
2.150,0,-11.305587768554688,-102.43382263183594,89.42743682861328,84.55139923095703,7.259468078613281,0.24652862548828125,-11.305587768554688,-102.43382263183594,89.42743682861328,84.55139923095703,7.259468078613281,0.24652862548828125,0.7827788649706457
2.183,0,-11.281481742858887,-102.54281616210938,89.47664642333984,84.78180694580078,6.77423095703125,0.16640663146972656,-11.281481742858887,-102.54281616210938,89.47664642333984,84.78180694580078,6.77423095703125,0.16640663146972656,0.7827788649706457
2.217,0,-10.166913986206055,-102.46317291259766,89.41510009765625,84.65061950683594,6.444786071777344,0.2606849670410156,-10.166913986206055,-102.46317291259766,89.41510009765625,84.65061950683594,6.444786071777344,0.2606849670410156,0.7827788649706457
2.258,0,-10.180177688598633,-102.37915802001953,89.26481628417969,84.98851013183594,6.56512451171875,0.2973060607910156,-10.180177688598633,-102.37915802001953,89.26481628417969,84.98851013183594,6.56512451171875,0.2973060607910156,0.7827788649706457
2.288,0,-11.152442932128906,-102.51343536376953,89.47057342529297,84.41654205322266,7.014862060546875,0.24041748046875,-11.152442932128906,-102.51343536376953,89.47057342529297,84.41654205322266,7.014862060546875,0.24041748046875,0.7827788649706457
2.319,0,-11.382381439208984,-102.68388366699219,89.48007202148438,84.78182983398438,6.851066589355469,0.12737274169921875,-11.382381439208984,-102.68388366699219,89.48007202148438,84.78182983398438,6.851066589355469,0.12737274169921875,0.7827788649706457
2.356,0,-10.131631851196289,-102.39728546142578,89.41413879394531,84.54499816894531,6.484344482421875,0.2788276672363281,-10.131631851196289,-102.39728546142578,89.41413879394531,84.54499816894531,6.484344482421875,0.2788276672363281,0.7827788649706457
2.386,0,-10.157238960266113,-102.41533660888672,89.34443664550781,84.68025970458984,6.5306549072265625,0.2867469787597656,-10.157238960266113,-102.41533660888672,89.34443664550781,84.68025970458984,6.5306549072265625,0.2867469787597656,0.7827788649706457
2.423,0,-11.172221183776855,-102.49136352539062,89.4560775756836,84.5140609741211,7.22711181640625,0.2330150604248047,-11.172221183776855,-102.49136352539062,89.4560775756836,84.5140609741211,7.22711181640625,0.2330150604248047,0.7827788649706457
2.453,0,-11.108053207397461,-102.55208587646484,89.4910659790039,84.6939697265625,6.6031341552734375,0.1934185028076172,-11.108053207397461,-102.55208587646484,89.4910659790039,84.6939697265625,6.6031341552734375,0.1934185028076172,0.7827788649706457
2.488,0,-9.962726593017578,-102.3805160522461,89.41546630859375,84.58318328857422,6.331382751464844,0.2989921569824219,-9.962726593017578,-102.3805160522461,89.41546630859375,84.58318328857422,6.331382751464844,0.2989921569824219,0.7827788649706457
2.521,0,-10.134810447692871,-102.3668212890625,89.26061248779297,84.91058349609375,6.613716125488281,0.29758453369140625,-10.134810447692871,-102.3668212890625,89.26061248779297,84.91058349609375,6.613716125488281,0.29758453369140625,0.7827788649706457
2.554,0,-11.492574691772461,-102.539306640625,89.52906799316406,84.50890350341797,7.412879943847656,0.212249755859375,-11.492574691772461,-102.539306640625,89.52906799316406,84.50890350341797,7.412879943847656,0.212249755859375,0.7827788649706457
2.587,0,-11.297823905944824,-102.65484619140625,89.47225189208984,84.84651184082031,6.750144958496094,0.13598251342773438,-11.297823905944824,-102.65484619140625,89.47225189208984,84.84651184082031,6.750144958496094,0.13598251342773438,0.7827788649706457
2.622,0,-10.286361694335938,-102.43730163574219,89.43286895751953,84.52436828613281,6.6041717529296875,0.2513294219970703,-10.286361694335938,-102.43730163574219,89.43286895751953,84.52436828613281,6.6041717529296875,0.2513294219970703,0.7827788649706457
2.654,0,-10.295368194580078,-102.3517074584961,89.30304718017578,84.9511489868164,6.631935119628906,0.26476287841796875,-10.295368194580078,-102.3517074584961,89.30304718017578,84.9511489868164,6.631935119628906,0.26476287841796875,0.7827788649706457
2.691,0,-11.244710922241211,-102.5136489868164,89.4581527709961,84.36846923828125,7.139945983886719,0.24555587768554688,-11.244710922241211,-102.5136489868164,89.4581527709961,84.36846923828125,7.139945983886719,0.24555587768554688,0.7827788649706457
2.720,0,-11.46914291381836,-102.62173461914062,89.48129272460938,84.86199951171875,6.870674133300781,0.1100616455078125,-11.46914291381836,-102.62173461914062,89.48129272460938,84.86199951171875,6.870674133300781,0.1100616455078125,0.7827788649706457
2.753,0,-10.112503051757812,-102.45604705810547,89.35441589355469,84.70059967041016,6.413047790527344,0.26413726806640625,-10.112503051757812,-102.45604705810547,89.35441589355469,84.70059967041016,6.413047790527344,0.26413726806640625,0.7827788649706457
2.787,0,-10.293417930603027,-102.41339874267578,89.30216217041016,84.92127990722656,6.6315155029296875,0.2418212890625,-10.293417930603027,-102.41339874267578,89.30216217041016,84.92127990722656,6.6315155029296875,0.2418212890625,0.7827788649706457
2.821,0,-11.405680656433105,-102.5516128540039,89.5228500366211,84.34860229492188,7.257057189941406,0.22302818298339844,-11.405680656433105,-102.5516128540039,89.5228500366211,84.34860229492188,7.257057189941406,0.22302818298339844,0.7827788649706457
2.858,0,-11.265420913696289,-102.55696868896484,89.47220611572266,84.64611053466797,6.582054138183594,0.1612091064453125,-11.265420913696289,-102.55696868896484,89.47220611572266,84.64611053466797,6.582054138183594,0.1612091064453125,0.7827788649706457
2.887,0,-10.16836929321289,-102.3946533203125,89.40331268310547,84.5787353515625,6.564659118652344,0.26810646057128906,-10.16836929321289,-102.3946533203125,89.40331268310547,84.5787353515625,6.564659118652344,0.26810646057128906,0.7827788649706457
2.928,0,-10.378996849060059,-102.41590118408203,89.3106689453125,84.96134185791016,6.629920959472656,0.2590198516845703,-10.378996849060059,-102.41590118408203,89.3106689453125,84.96134185791016,6.629920959472656,0.2590198516845703,0.7827788649706457
2.958,0,-11.302153587341309,-102.62384033203125,89.5030288696289,84.56420135498047,6.9918975830078125,0.18109703063964844,-11.302153587341309,-102.62384033203125,89.5030288696289,84.56420135498047,6.9918975830078125,0.18109703063964844,0.7827788649706457
2.990,0,-11.411848068237305,-102.62608337402344,89.49394226074219,84.62427520751953,6.869438171386719,0.14603042602539062,-11.411848068237305,-102.62608337402344,89.49394226074219,84.62427520751953,6.869438171386719,0.14603042602539062,0.7827788649706457
3.027,0,-10.421353340148926,-102.43270111083984,89.44095611572266,84.45716857910156,6.625152587890625,0.2488880157470703,-10.421353340148926,-102.43270111083984,89.44095611572266,84.45716857910156,6.625152587890625,0.2488880157470703,0.7827788649706457
3.057,0,-10.05293083190918,-102.29586791992188,89.23709106445312,84.8992691040039,6.380561828613281,0.3241004943847656,-10.05293083190918,-102.29586791992188,89.23709106445312,84.8992691040039,6.380561828613281,0.3241004943847656,0.7827788649706457
3.098,0,-11.266495704650879,-102.60081481933594,89.58641052246094,84.35755157470703,7.2871551513671875,0.1723346710205078,-11.266495704650879,-102.60081481933594,89.58641052246094,84.35755157470703,7.2871551513671875,0.1723346710205078,0.7827788649706457
3.127,0,-11.369806289672852,-102.59504699707031,89.50619506835938,84.58108520507812,6.653961181640625,0.16504287719726562,-11.369806289672852,-102.59504699707031,89.50619506835938,84.58108520507812,6.653961181640625,0.16504287719726562,0.7827788649706457
3.160,0,-10.128009796142578,-102.38949584960938,89.40397644042969,84.64453887939453,6.539146423339844,0.27222442626953125,-10.128009796142578,-102.38949584960938,89.40397644042969,84.64453887939453,6.539146423339844,0.27222442626953125,0.7827788649706457
3.195,0,-10.123666763305664,-102.2821273803711,89.27972412109375,84.80899810791016,6.4283599853515625,0.3273353576660156,-10.123666763305664,-102.2821273803711,89.27972412109375,84.80899810791016,6.4283599853515625,0.3273353576660156,0.7827788649706457
3.226,0,-11.210580825805664,-102.59162902832031,89.57003784179688,84.4091796875,7.326713562011719,0.17238616943359375,-11.210580825805664,-102.59162902832031,89.57003784179688,84.4091796875,7.326713562011719,0.17238616943359375,0.7827788649706457
3.261,0,-11.198175430297852,-102.5400619506836,89.46482849121094,84.65626525878906,6.7542877197265625,0.18814849853515625,-11.198175430297852,-102.5400619506836,89.46482849121094,84.65626525878906,6.7542877197265625,0.18814849853515625,0.7827788649706457
3.292,0,-10.222541809082031,-102.40042114257812,89.42728424072266,84.629150390625,6.56781005859375,0.26321983337402344,-10.222541809082031,-102.40042114257812,89.42728424072266,84.629150390625,6.56781005859375,0.26321983337402344,0.7827788649706457
3.328,0,-10.01294231414795,-102.23905944824219,89.23474884033203,84.83185577392578,6.4270782470703125,0.3370990753173828,-10.01294231414795,-102.23905944824219,89.23474884033203,84.83185577392578,6.4270782470703125,0.3370990753173828,0.7827788649706457
3.361,0,-11.321013450622559,-102.63807678222656,89.58354187011719,84.45977020263672,7.396392822265625,0.1473541259765625,-11.321013450622559,-102.63807678222656,89.58354187011719,84.45977020263672,7.396392822265625,0.1473541259765625,0.7827788649706457
3.393,0,-11.312037467956543,-102.53034973144531,89.49945831298828,84.68268585205078,6.843925476074219,0.16535377502441406,-11.312037467956543,-102.53034973144531,89.49945831298828,84.68268585205078,6.843925476074219,0.16535377502441406,0.7827788649706457
3.426,0,-10.313955307006836,-102.48155212402344,89.42579650878906,84.73341369628906,6.710182189941406,0.21284103393554688,-10.313955307006836,-102.48155212402344,89.42579650878906,84.73341369628906,6.710182189941406,0.21284103393554688,0.7827788649706457
3.460,0,-10.220916748046875,-102.33998107910156,89.3260726928711,84.87972259521484,6.5805206298828125,0.26898193359375,-10.220916748046875,-102.33998107910156,89.3260726928711,84.87972259521484,6.5805206298828125,0.26898193359375,0.7827788649706457
3.494,0,-11.446675300598145,-102.71324157714844,89.62860107421875,84.31282043457031,7.250633239746094,0.14213943481445312,-11.446675300598145,-102.71324157714844,89.62860107421875,84.31282043457031,7.250633239746094,0.14213943481445312,0.7827788649706457
3.528,0,-11.17806339263916,-102.53753662109375,89.47770690917969,84.60041046142578,6.7169189453125,0.1940288543701172,-11.17806339263916,-102.53753662109375,89.47770690917969,84.60041046142578,6.7169189453125,0.1940288543701172,0.7827788649706457
3.563,0,-10.200654983520508,-102.41552734375,89.40338897705078,84.59170532226562,6.594078063964844,0.2597923278808594,-10.200654983520508,-102.41552734375,89.40338897705078,84.59170532226562,6.594078063964844,0.2597923278808594,0.7827788649706457
3.594,0,-10.414429664611816,-102.43360900878906,89.31913757324219,84.95654296875,6.722099304199219,0.23740386962890625,-10.414429664611816,-102.43360900878906,89.31913757324219,84.95654296875,6.722099304199219,0.23740386962890625,0.7827788649706457
3.627,0,-11.343337059020996,-102.59506225585938,89.57334899902344,84.39830017089844,7.410552978515625,0.17416954040527344,-11.343337059020996,-102.59506225585938,89.57334899902344,84.39830017089844,7.410552978515625,0.17416954040527344,0.7827788649706457
3.662,0,-11.34172248840332,-102.61135864257812,89.4825439453125,84.73406982421875,6.817405700683594,0.15634727478027344,-11.34172248840332,-102.61135864257812,89.4825439453125,84.73406982421875,6.817405700683594,0.15634727478027344,0.7827788649706457
3.697,0,-10.188034057617188,-102.37480163574219,89.3969955444336,84.62130737304688,6.484100341796875,0.28122520446777344,-10.188034057617188,-102.37480163574219,89.3969955444336,84.62130737304688,6.484100341796875,0.28122520446777344,0.7827788649706457
3.728,0,-10.258694648742676,-102.34575653076172,89.32186889648438,84.86164093017578,6.5785675048828125,0.2712974548339844,-10.258694648742676,-102.34575653076172,89.32186889648438,84.86164093017578,6.5785675048828125,0.2712974548339844,0.7827788649706457
3.762,0,-11.329030990600586,-102.5920639038086,89.55509948730469,84.41183471679688,7.3691253662109375,0.18067359924316406,-11.329030990600586,-102.5920639038086,89.55509948730469,84.41183471679688,7.3691253662109375,0.18067359924316406,0.7827788649706457
3.797,0,-11.353134155273438,-102.59391021728516,89.47605895996094,84.68180084228516,6.8565826416015625,0.14470672607421875,-11.353134155273438,-102.59391021728516,89.47605895996094,84.68180084228516,6.8565826416015625,0.14470672607421875,0.7827788649706457
3.828,0,-10.409430503845215,-102.49356079101562,89.51740264892578,84.20374298095703,6.9621124267578125,0.2593536376953125,-10.409430503845215,-102.49356079101562,89.51740264892578,84.20374298095703,6.9621124267578125,0.2593536376953125,0.7827788649706457
3.862,0,-10.269023895263672,-102.41646575927734,89.34550476074219,84.71847534179688,6.5266571044921875,0.2682781219482422,-10.269023895263672,-102.41646575927734,89.34550476074219,84.71847534179688,6.5266571044921875,0.2682781219482422,0.7827788649706457
3.894,0,-11.343498229980469,-102.6357421875,89.51942443847656,84.57949829101562,7.261451721191406,0.17021560668945312,-11.343498229980469,-102.6357421875,89.51942443847656,84.57949829101562,7.261451721191406,0.17021560668945312,0.7827788649706457
3.927,0,-11.281972885131836,-102.53810119628906,89.46456146240234,84.72660827636719,6.840362548828125,0.16141891479492188,-11.281972885131836,-102.53810119628906,89.46456146240234,84.72660827636719,6.840362548828125,0.16141891479492188,0.7827788649706457
3.961,0,-10.419614791870117,-102.45419311523438,89.53089904785156,84.12725830078125,6.891899108886719,0.2712211608886719,-10.419614791870117,-102.45419311523438,89.53089904785156,84.12725830078125,6.891899108886719,0.2712211608886719,0.7827788649706457
3.994,0,-10.3367280960083,-102.42106628417969,89.30721282958984,84.95530700683594,6.637481689453125,0.24936676025390625,-10.3367280960083,-102.42106628417969,89.30721282958984,84.95530700683594,6.637481689453125,0.24936676025390625,0.7827788649706457
4.028,0,-11.383210182189941,-102.59370422363281,89.5550537109375,84.47300720214844,7.393653869628906,0.159942626953125,-11.383210182189941,-102.59370422363281,89.5550537109375,84.47300720214844,7.393653869628906,0.159942626953125,0.7827788649706457
4.062,0,-11.379631996154785,-102.58586120605469,89.46576690673828,84.85299682617188,6.94549560546875,0.1301441192626953,-11.379631996154785,-102.58586120605469,89.46576690673828,84.85299682617188,6.94549560546875,0.1301441192626953,0.7827788649706457
4.095,0,-10.467735290527344,-102.47358703613281,89.48373413085938,84.17913818359375,6.882171630859375,0.28083038330078125,-10.467735290527344,-102.47358703613281,89.48373413085938,84.17913818359375,6.882171630859375,0.28083038330078125,0.7827788649706457
4.129,0,-10.281091690063477,-102.39289093017578,89.26390838623047,85.00363159179688,6.580177307128906,0.260589599609375,-10.281091690063477,-102.39289093017578,89.26390838623047,85.00363159179688,6.580177307128906,0.260589599609375,0.7827788649706457
4.170,0,-11.404308319091797,-102.57571411132812,89.5966796875,84.25968170166016,7.5570068359375,0.15812110900878906,-11.404308319091797,-102.57571411132812,89.5966796875,84.25968170166016,7.5570068359375,0.15812110900878906,0.7827788649706457
4.200,0,-11.219133377075195,-102.62106323242188,89.47554016113281,84.8418197631836,6.9073944091796875,0.14064788818359375,-11.219133377075195,-102.62106323242188,89.47554016113281,84.8418197631836,6.9073944091796875,0.14064788818359375,0.7827788649706457
4.231,0,-10.052823066711426,-102.39024353027344,89.48118591308594,84.19837951660156,6.6941986083984375,0.30794525146484375,-10.052823066711426,-102.39024353027344,89.48118591308594,84.19837951660156,6.6941986083984375,0.30794525146484375,0.7827788649706457
4.265,0,-11.422037124633789,-102.67776489257812,89.55677032470703,84.5339584350586,7.555267333984375,0.11433029174804688,-11.422037124633789,-102.67776489257812,89.55677032470703,84.5339584350586,7.555267333984375,0.11433029174804688,0.7827788649706457
4.298,0,-11.085087776184082,-102.61215209960938,89.5947036743164,84.27824401855469,7.0941314697265625,0.19374847412109375,-11.085087776184082,-102.61215209960938,89.5947036743164,84.27824401855469,7.0941314697265625,0.19374847412109375,0.7827788649706457
4.332,0,-11.261153221130371,-102.5811538696289,89.51522064208984,84.64289093017578,6.817802429199219,0.1530914306640625,-11.261153221130371,-102.5811538696289,89.51522064208984,84.64289093017578,6.817802429199219,0.1530914306640625,0.7827788649706457
4.364,0,-10.10424518585205,-102.36738586425781,89.26332092285156,85.02458953857422,6.465400695800781,0.28302764892578125,-10.10424518585205,-102.36738586425781,89.26332092285156,85.02458953857422,6.465400695800781,0.28302764892578125,0.7827788649706457
4.406,0,-10.322869300842285,-102.45751190185547,89.25438690185547,84.9837417602539,6.484397888183594,0.2492218017578125,-10.322869300842285,-102.45751190185547,89.25438690185547,84.9837417602539,6.484397888183594,0.2492218017578125,0.7827788649706457
4.434,0,-11.305388450622559,-102.53495788574219,89.4881820678711,84.74285888671875,6.940818786621094,0.15841102600097656,-11.305388450622559,-102.53495788574219,89.4881820678711,84.74285888671875,6.940818786621094,0.15841102600097656,0.7827788649706457
4.474,0,-10.302042961120605,-102.52050018310547,89.468994140625,84.30428314208984,6.8028411865234375,0.2791576385498047,-10.302042961120605,-102.52050018310547,89.468994140625,84.30428314208984,6.8028411865234375,0.2791576385498047,0.7827788649706457
4.502,0,-10.039280891418457,-102.31543731689453,89.22911834716797,85.04071044921875,6.448738098144531,0.29876708984375,-10.039280891418457,-102.31543731689453,89.22911834716797,85.04071044921875,6.448738098144531,0.29876708984375,0.7827788649706457
4.536,0,-11.64722728729248,-102.6513442993164,89.4361572265625,84.8882827758789,6.891990661621094,0.1494274139404297,-11.64722728729248,-102.6513442993164,89.4361572265625,84.8882827758789,6.891990661621094,0.1494274139404297,0.7827788649706457
4.570,0,-11.294754981994629,-102.65768432617188,89.57133483886719,84.43900299072266,6.64544677734375,0.16492843627929688,-11.294754981994629,-102.65768432617188,89.57133483886719,84.43900299072266,6.64544677734375,0.16492843627929688,0.7827788649706457
4.603,0,-10.314638137817383,-102.51033020019531,89.56161499023438,83.94869232177734,6.722175598144531,0.2858734130859375,-10.314638137817383,-102.51033020019531,89.56161499023438,83.94869232177734,6.722175598144531,0.2858734130859375,0.7827788649706457
4.635,0,-10.261483192443848,-102.3430404663086,89.31227111816406,84.75005340576172,6.4042816162109375,0.2867412567138672,-10.261483192443848,-102.3430404663086,89.31227111816406,84.75005340576172,6.4042816162109375,0.2867412567138672,0.7827788649706457
4.669,0,-11.967459678649902,-102.74467468261719,89.56515502929688,84.73979187011719,7.184974670410156,0.08544921875,-11.967459678649902,-102.74467468261719,89.56515502929688,84.73979187011719,7.184974670410156,0.08544921875,0.7827788649706457
4.702,0,-11.371170043945312,-102.6072998046875,89.55126190185547,84.66223907470703,6.9878082275390625,0.13448333740234375,-11.371170043945312,-102.6072998046875,89.55126190185547,84.66223907470703,6.9878082275390625,0.13448333740234375,0.7827788649706457
4.735,0,-10.464619636535645,-102.49198913574219,89.53807067871094,84.17208099365234,6.977439880371094,0.24999427795410156,-10.464619636535645,-102.49198913574219,89.53807067871094,84.17208099365234,6.977439880371094,0.24999427795410156,0.7827788649706457
4.775,0,-10.164430618286133,-102.39337158203125,89.30130767822266,84.88473510742188,6.340263366699219,0.2935962677001953,-10.164430618286133,-102.39337158203125,89.30130767822266,84.88473510742188,6.340263366699219,0.2935962677001953,0.7827788649706457
4.802,0,-11.821465492248535,-102.78588104248047,89.58476257324219,84.47184753417969,6.820503234863281,0.1423473358154297,-11.821465492248535,-102.78588104248047,89.58476257324219,84.47184753417969,6.820503234863281,0.1423473358154297,0.7827788649706457
4.836,0,-11.290546417236328,-102.62491607666016,89.4825210571289,84.75263977050781,6.780082702636719,0.1562938690185547,-11.290546417236328,-102.62491607666016,89.4825210571289,84.75263977050781,6.780082702636719,0.1562938690185547,0.7827788649706457
4.870,0,-10.39910888671875,-102.4044418334961,89.52765655517578,84.11543273925781,6.808692932128906,0.3003406524658203,-10.39910888671875,-102.4044418334961,89.52765655517578,84.11543273925781,6.808692932128906,0.3003406524658203,0.7827788649706457
4.903,0,-10.472399711608887,-102.39736938476562,89.2993392944336,84.95948791503906,6.620330810546875,0.24897384643554688,-10.472399711608887,-102.39736938476562,89.2993392944336,84.95948791503906,6.620330810546875,0.24897384643554688,0.7827788649706457
4.936,0,-11.739912986755371,-102.7115707397461,89.53422546386719,84.57262420654297,6.866950988769531,0.13204193115234375,-11.739912986755371,-102.7115707397461,89.53422546386719,84.57262420654297,6.866950988769531,0.13204193115234375,0.7827788649706457
4.969,0,-11.28580093383789,-102.57469940185547,89.51872253417969,84.7109146118164,6.809547424316406,0.1531085968017578,-11.28580093383789,-102.57469940185547,89.51872253417969,84.7109146118164,6.809547424316406,0.1531085968017578,0.7827788649706457
5.003,0,-10.322559356689453,-102.4045639038086,89.50129699707031,84.17438507080078,6.725959777832031,0.3097858428955078,-10.322559356689453,-102.4045639038086,89.50129699707031,84.17438507080078,6.725959777832031,0.3097858428955078,0.7827788649706457
5.038,0,-10.1400728225708,-102.3252944946289,89.27972412109375,84.87654113769531,6.3385467529296875,0.30882835388183594,-10.1400728225708,-102.3252944946289,89.27972412109375,84.87654113769531,6.3385467529296875,0.30882835388183594,0.7827788649706457
5.071,0,-11.857970237731934,-102.77494812011719,89.53377532958984,84.65564727783203,6.878669738769531,0.12413406372070312,-11.857970237731934,-102.77494812011719,89.53377532958984,84.65564727783203,6.878669738769531,0.12413406372070312,0.7827788649706457
5.103,0,-11.267288208007812,-102.62847137451172,89.49364471435547,84.7610855102539,6.665367126464844,0.16836929321289062,-11.267288208007812,-102.62847137451172,89.49364471435547,84.7610855102539,6.665367126464844,0.16836929321289062,0.7827788649706457
5.136,0,-10.480981826782227,-102.48066711425781,89.54542541503906,84.0498046875,6.847236633300781,0.27169036865234375,-10.480981826782227,-102.48066711425781,89.54542541503906,84.0498046875,6.847236633300781,0.27169036865234375,0.7827788649706457
5.170,0,-10.302042007446289,-102.38143920898438,89.227294921875,85.1468734741211,6.552803039550781,0.2639312744140625,-10.302042007446289,-102.38143920898438,89.227294921875,85.1468734741211,6.552803039550781,0.2639312744140625,0.7827788649706457
5.203,0,-11.776957511901855,-102.74383544921875,89.53943634033203,84.62272644042969,6.889610290527344,0.13196754455566406,-11.776957511901855,-102.74383544921875,89.53943634033203,84.62272644042969,6.889610290527344,0.13196754455566406,0.7827788649706457
5.236,0,-11.32474422454834,-102.6111068725586,89.53761291503906,84.62529754638672,6.772697448730469,0.16816139221191406,-11.32474422454834,-102.6111068725586,89.53761291503906,84.62529754638672,6.772697448730469,0.16816139221191406,0.7827788649706457
5.270,0,-10.36356258392334,-102.42927551269531,89.53370666503906,84.22512817382812,6.893707275390625,0.27524375915527344,-10.36356258392334,-102.42927551269531,89.53370666503906,84.22512817382812,6.893707275390625,0.27524375915527344,0.7827788649706457
5.304,0,-10.222861289978027,-102.4211196899414,89.19032287597656,85.21592712402344,6.504974365234375,0.2620964050292969,-10.222861289978027,-102.4211196899414,89.19032287597656,85.21592712402344,6.504974365234375,0.2620964050292969,0.7827788649706457
5.337,0,-11.697733879089355,-102.70073699951172,89.5242691040039,84.60713958740234,6.950309753417969,0.144775390625,-11.697733879089355,-102.70073699951172,89.5242691040039,84.60713958740234,6.950309753417969,0.144775390625,0.7827788649706457
5.370,0,-11.169548988342285,-102.56521606445312,89.54288482666016,84.44214630126953,6.607879638671875,0.20985794067382812,-11.169548988342285,-102.56521606445312,89.54288482666016,84.44214630126953,6.607879638671875,0.20985794067382812,0.7827788649706457
5.404,0,-10.297039031982422,-102.42999267578125,89.59730529785156,83.90484619140625,6.696296691894531,0.29451942443847656,-10.297039031982422,-102.42999267578125,89.59730529785156,83.90484619140625,6.696296691894531,0.29451942443847656,0.7827788649706457
5.438,0,-10.944604873657227,-102.5399169921875,89.40449523925781,85.05561828613281,6.919410705566406,0.152008056640625,-10.944604873657227,-102.5399169921875,89.40449523925781,85.05561828613281,6.919410705566406,0.152008056640625,0.7827788649706457
5.478,0,-11.790377616882324,-102.79942321777344,89.54764556884766,84.65666961669922,6.83258056640625,0.1250743865966797,-11.790377616882324,-102.79942321777344,89.54764556884766,84.65666961669922,6.83258056640625,0.1250743865966797,0.7827788649706457
5.507,0,-11.275217056274414,-102.63554382324219,89.50035095214844,84.7259521484375,6.698738098144531,0.17949676513671875,-11.275217056274414,-102.63554382324219,89.50035095214844,84.7259521484375,6.698738098144531,0.17949676513671875,0.7827788649706457
5.539,0,-10.474322319030762,-102.49048614501953,89.50141143798828,84.21910858154297,6.794120788574219,0.2611217498779297,-10.474322319030762,-102.49048614501953,89.50141143798828,84.21910858154297,6.794120788574219,0.2611217498779297,0.7827788649706457
5.574,0,-10.898022651672363,-102.5133056640625,89.37957000732422,85.08483123779297,6.823768615722656,0.16085052490234375,-10.898022651672363,-102.5133056640625,89.37957000732422,85.08483123779297,6.823768615722656,0.16085052490234375,0.7827788649706457
5.606,0,-11.924233436584473,-102.85538482666016,89.57794189453125,84.68521118164062,6.916252136230469,0.09317207336425781,-11.924233436584473,-102.85538482666016,89.57794189453125,84.68521118164062,6.916252136230469,0.09317207336425781,0.7827788649706457
5.640,0,-11.41358757019043,-102.72211456298828,89.46772766113281,84.90081787109375,6.892509460449219,0.11629295349121094,-11.41358757019043,-102.72211456298828,89.46772766113281,84.90081787109375,6.892509460449219,0.11629295349121094,0.7827788649706457
5.673,0,-10.600584983825684,-102.53715515136719,89.46958923339844,84.37654113769531,6.856285095214844,0.25513458251953125,-10.600584983825684,-102.53715515136719,89.46958923339844,84.37654113769531,6.856285095214844,0.25513458251953125,0.7827788649706457
5.707,0,-11.051262855529785,-102.58663940429688,89.35877990722656,85.07183837890625,6.546722412109375,0.19626998901367188,-11.051262855529785,-102.58663940429688,89.35877990722656,85.07183837890625,6.546722412109375,0.19626998901367188,0.7827788649706457
5.740,0,-11.860302925109863,-102.75263977050781,89.57843780517578,84.57476043701172,6.9055633544921875,0.11025428771972656,-11.860302925109863,-102.75263977050781,89.57843780517578,84.57476043701172,6.9055633544921875,0.11025428771972656,0.7827788649706457
5.773,0,-11.366092681884766,-102.58023834228516,89.443115234375,84.94515228271484,6.872901916503906,0.15816116333007812,-11.366092681884766,-102.58023834228516,89.443115234375,84.94515228271484,6.872901916503906,0.15816116333007812,0.7827788649706457
5.807,0,-10.26469898223877,-102.4288558959961,89.47050476074219,84.28016662597656,6.664054870605469,0.2932853698730469,-10.26469898223877,-102.4288558959961,89.47050476074219,84.28016662597656,6.664054870605469,0.2932853698730469,0.7827788649706457
5.839,0,-11.089103698730469,-102.59508514404297,89.41065979003906,85.03941345214844,6.624122619628906,0.1759624481201172,-11.089103698730469,-102.59508514404297,89.41065979003906,85.03941345214844,6.624122619628906,0.1759624481201172,0.7827788649706457
5.874,0,-11.937300682067871,-102.82003784179688,89.58688354492188,84.62977600097656,6.9628448486328125,0.10614204406738281,-11.937300682067871,-102.82003784179688,89.58688354492188,84.62977600097656,6.9628448486328125,0.10614204406738281,0.7827788649706457
5.907,0,-11.345282554626465,-102.60623168945312,89.52412414550781,84.63286590576172,6.748573303222656,0.17848777770996094,-11.345282554626465,-102.60623168945312,89.52412414550781,84.63286590576172,6.748573303222656,0.17848777770996094,0.7827788649706457
5.942,0,-10.443655014038086,-102.47673034667969,89.49002075195312,84.32572937011719,6.886695861816406,0.24068260192871094,-10.443655014038086,-102.47673034667969,89.49002075195312,84.32572937011719,6.886695861816406,0.24068260192871094,0.7827788649706457
5.976,0,-11.066570281982422,-102.55831146240234,89.4244384765625,84.89510345458984,6.638694763183594,0.17184066772460938,-11.066570281982422,-102.55831146240234,89.4244384765625,84.89510345458984,6.638694763183594,0.17184066772460938,0.7827788649706457
6.008,0,-11.915329933166504,-102.90404510498047,89.58415222167969,84.54312133789062,6.914909362792969,0.07892227172851562,-11.915329933166504,-102.90404510498047,89.58415222167969,84.54312133789062,6.914909362792969,0.07892227172851562,0.7827788649706457
6.040,0,-11.567255020141602,-102.73812866210938,89.49504089355469,84.88701629638672,6.951141357421875,0.10305595397949219,-11.567255020141602,-102.73812866210938,89.49504089355469,84.88701629638672,6.951141357421875,0.10305595397949219,0.7827788649706457
6.074,0,-10.565028190612793,-102.4957504272461,89.49191284179688,84.3988037109375,6.7982025146484375,0.26161766052246094,-10.565028190612793,-102.4957504272461,89.49191284179688,84.3988037109375,6.7982025146484375,0.26161766052246094,0.7827788649706457
6.107,0,-11.276895523071289,-102.68675231933594,89.40129089355469,85.11151123046875,6.8342437744140625,0.11074638366699219,-11.276895523071289,-102.68675231933594,89.40129089355469,85.11151123046875,6.8342437744140625,0.11074638366699219,0.7827788649706457
6.154,0,-11.12379264831543,-102.48059844970703,89.29769897460938,84.7031478881836,6.95379638671875,0.2153797149658203,-11.12379264831543,-102.48059844970703,89.29769897460938,84.7031478881836,6.95379638671875,0.2153797149658203,0.7827788649706457
6.183,0,-11.53522777557373,-102.71283721923828,89.50273895263672,84.8415756225586,6.919792175292969,0.12204742431640625,-11.53522777557373,-102.71283721923828,89.50273895263672,84.8415756225586,6.919792175292969,0.12204742431640625,0.7827788649706457
6.214,0,-10.389181137084961,-102.42385864257812,89.4715805053711,84.36135864257812,6.728645324707031,0.2913780212402344,-10.389181137084961,-102.42385864257812,89.4715805053711,84.36135864257812,6.728645324707031,0.2913780212402344,0.7827788649706457
6.248,0,-11.205231666564941,-102.64032745361328,89.38944244384766,85.1322250366211,6.7980499267578125,0.1206512451171875,-11.205231666564941,-102.64032745361328,89.38944244384766,85.1322250366211,6.7980499267578125,0.1206512451171875,0.7827788649706457
6.281,0,-11.178370475769043,-102.48112487792969,89.29621887207031,84.75296783447266,6.990753173828125,0.21009063720703125,-11.178370475769043,-102.48112487792969,89.29621887207031,84.75296783447266,6.990753173828125,0.21009063720703125,0.7827788649706457
6.315,0,-11.433064460754395,-102.70130920410156,89.50657653808594,84.86532592773438,6.807701110839844,0.11921501159667969,-11.433064460754395,-102.70130920410156,89.50657653808594,84.86532592773438,6.807701110839844,0.11921501159667969,0.7827788649706457
6.348,0,-10.322839736938477,-102.45498657226562,89.43347930908203,84.47369384765625,6.737220764160156,0.2852897644042969,-10.322839736938477,-102.45498657226562,89.43347930908203,84.47369384765625,6.737220764160156,0.2852897644042969,0.7827788649706457
6.382,0,-11.33716869354248,-102.64769744873047,89.45559692382812,85.05110931396484,6.972648620605469,0.10520553588867188,-11.33716869354248,-102.64769744873047,89.45559692382812,85.05110931396484,6.972648620605469,0.10520553588867188,0.7827788649706457
6.415,0,-11.101005554199219,-102.41847229003906,89.3111572265625,84.6403579711914,6.965843200683594,0.2300586700439453,-11.101005554199219,-102.41847229003906,89.3111572265625,84.6403579711914,6.965843200683594,0.2300586700439453,0.7827788649706457
6.454,0,-11.419584274291992,-102.68830871582031,89.51991271972656,84.65422058105469,6.713584899902344,0.1414337158203125,-11.419584274291992,-102.68830871582031,89.51991271972656,84.65422058105469,6.713584899902344,0.1414337158203125,0.7827788649706457
6.482,0,-10.337189674377441,-102.42852020263672,89.45012664794922,84.47620391845703,6.859687805175781,0.27954673767089844,-10.337189674377441,-102.42852020263672,89.45012664794922,84.47620391845703,6.859687805175781,0.27954673767089844,0.7827788649706457
6.516,0,-11.270160675048828,-102.6524658203125,89.44163513183594,84.96456146240234,6.826011657714844,0.13085365295410156,-11.270160675048828,-102.6524658203125,89.44163513183594,84.96456146240234,6.826011657714844,0.13085365295410156,0.7827788649706457
6.549,0,-11.060588836669922,-102.4477767944336,89.2772216796875,84.77489471435547,6.9579315185546875,0.22410011291503906,-11.060588836669922,-102.4477767944336,89.2772216796875,84.77489471435547,6.9579315185546875,0.22410011291503906,0.7827788649706457
6.583,0,-11.277093887329102,-102.63956451416016,89.46713256835938,84.72159576416016,6.755760192871094,0.1543865203857422,-11.277093887329102,-102.63956451416016,89.46713256835938,84.72159576416016,6.755760192871094,0.1543865203857422,0.7827788649706457
6.616,0,-10.290699005126953,-102.43782043457031,89.44429779052734,84.3989486694336,6.6150665283203125,0.2891559600830078,-10.290699005126953,-102.43782043457031,89.44429779052734,84.3989486694336,6.6150665283203125,0.2891559600830078,0.7827788649706457
6.649,0,-11.213371276855469,-102.62648010253906,89.43416595458984,85.12979888916016,6.8523712158203125,0.12105369567871094,-11.213371276855469,-102.62648010253906,89.43416595458984,85.12979888916016,6.8523712158203125,0.12105369567871094,0.7827788649706457
6.686,0,-11.11666488647461,-102.46846771240234,89.31088256835938,84.60448455810547,6.821037292480469,0.22849655151367188,-11.11666488647461,-102.46846771240234,89.31088256835938,84.60448455810547,6.821037292480469,0.22849655151367188,0.7827788649706457
6.717,0,-11.401167869567871,-102.60375213623047,89.44435119628906,84.77013397216797,6.84844970703125,0.1540355682373047,-11.401167869567871,-102.60375213623047,89.44435119628906,84.77013397216797,6.84844970703125,0.1540355682373047,0.7827788649706457
6.749,0,-10.177008628845215,-102.40380096435547,89.38575744628906,84.48703002929688,6.703636169433594,0.3013324737548828,-10.177008628845215,-102.40380096435547,89.38575744628906,84.48703002929688,6.703636169433594,0.3013324737548828,0.7827788649706457
6.782,0,-11.16132640838623,-102.62741088867188,89.4176025390625,84.97781372070312,6.830848693847656,0.13353919982910156,-11.16132640838623,-102.62741088867188,89.4176025390625,84.97781372070312,6.830848693847656,0.13353919982910156,0.7827788649706457
6.815,0,-11.231181144714355,-102.5859603881836,89.3185043334961,84.75777435302734,7.0908660888671875,0.16889381408691406,-11.231181144714355,-102.5859603881836,89.3185043334961,84.75777435302734,7.0908660888671875,0.16889381408691406,0.7827788649706457
6.849,0,-11.386124610900879,-102.66456604003906,89.50981140136719,84.66468048095703,6.785430908203125,0.1423797607421875,-11.386124610900879,-102.66456604003906,89.50981140136719,84.66468048095703,6.785430908203125,0.1423797607421875,0.7827788649706457
6.882,0,-10.396573066711426,-102.5256118774414,89.45733642578125,84.5107192993164,6.88104248046875,0.24552154541015625,-10.396573066711426,-102.5256118774414,89.45733642578125,84.5107192993164,6.88104248046875,0.24552154541015625,0.7827788649706457
6.915,0,-11.246807098388672,-102.62471008300781,89.4416275024414,85.09223175048828,6.793365478515625,0.13102340698242188,-11.246807098388672,-102.62471008300781,89.4416275024414,85.09223175048828,6.793365478515625,0.13102340698242188,0.7827788649706457
6.950,0,-11.072044372558594,-102.43323516845703,89.30899810791016,84.53113555908203,6.913642883300781,0.24970245361328125,-11.072044372558594,-102.43323516845703,89.30899810791016,84.53113555908203,6.913642883300781,0.24970245361328125,0.7827788649706457
6.983,0,-11.39710521697998,-102.62531280517578,89.53333282470703,84.66292572021484,6.7937469482421875,0.1448516845703125,-11.39710521697998,-102.62531280517578,89.53333282470703,84.66292572021484,6.7937469482421875,0.1448516845703125,0.7827788649706457
7.018,0,-10.321763038635254,-102.48329162597656,89.49036407470703,84.23700714111328,6.712867736816406,0.2805805206298828,-10.321763038635254,-102.48329162597656,89.49036407470703,84.23700714111328,6.712867736816406,0.2805805206298828,0.7827788649706457
7.049,0,-11.070500373840332,-102.56036376953125,89.40640258789062,85.06707763671875,6.738372802734375,0.14922714233398438,-11.070500373840332,-102.56036376953125,89.40640258789062,85.06707763671875,6.738372802734375,0.14922714233398438,0.7827788649706457
7.086,0,-11.111152648925781,-102.48059844970703,89.36583709716797,84.3707504272461,6.9000396728515625,0.24619293212890625,-11.111152648925781,-102.48059844970703,89.36583709716797,84.3707504272461,6.9000396728515625,0.24619293212890625,0.7827788649706457
7.117,0,-11.361424446105957,-102.57376098632812,89.51606750488281,84.62874603271484,6.8488616943359375,0.1755657196044922,-11.361424446105957,-102.57376098632812,89.51606750488281,84.62874603271484,6.8488616943359375,0.1755657196044922,0.7827788649706457
7.150,0,-10.218804359436035,-102.4021224975586,89.44551086425781,84.31977844238281,6.798736572265625,0.29798316955566406,-10.218804359436035,-102.4021224975586,89.44551086425781,84.31977844238281,6.798736572265625,0.29798316955566406,0.7827788649706457
7.186,0,-9.157273292541504,-101.72197723388672,88.22858428955078,86.32394409179688,7.029685974121094,0.3513927459716797,-9.157273292541504,-101.72197723388672,88.22858428955078,85.7032967032967,7.029685974121094,0.3513927459716797,0.7827788649706457
7.253,0,-11.247382164001465,-102.47542572021484,89.39068603515625,84.52168273925781,7.0211639404296875,0.22955894470214844,-11.247382164001465,-102.47542572021484,89.39068603515625,84.52168273925781,7.0211639404296875,0.22955894470214844,0.7827788649706457
7.282,0,-9.954681396484375,-102.38761901855469,89.5198974609375,84.14849853515625,6.603141784667969,0.3230876922607422,-9.954681396484375,-102.38761901855469,89.5198974609375,84.14849853515625,6.603141784667969,0.3230876922607422,0.7827788649706457
7.316,0,-9.360675811767578,-101.62852478027344,88.43504333496094,85.85824584960938,6.982887268066406,0.33839988708496094,-9.360675811767578,-101.62852478027344,88.43504333496094,85.85824584960938,6.982887268066406,0.33839988708496094,0.7827788649706457
7.350,0,-11.201682090759277,-102.4498519897461,89.40469360351562,84.5013427734375,7.0709991455078125,0.20451927185058594,-11.201682090759277,-102.4498519897461,89.40469360351562,84.5013427734375,7.0709991455078125,0.20451927185058594,0.7827788649706457
7.383,0,-11.38528060913086,-102.53937530517578,89.5062484741211,84.58345031738281,6.820014953613281,0.17300796508789062,-11.38528060913086,-102.53937530517578,89.5062484741211,84.58345031738281,6.820014953613281,0.17300796508789062,0.7827788649706457
7.415,0,-10.316770553588867,-102.47905731201172,89.53761291503906,84.11937713623047,6.885246276855469,0.25761985778808594,-10.316770553588867,-102.47905731201172,89.53761291503906,84.11937713623047,6.885246276855469,0.25761985778808594,0.7827788649706457
7.448,0,-9.358081817626953,-101.73299407958984,88.28463745117188,86.0957260131836,7.0140380859375,0.3415107727050781,-9.358081817626953,-101.73299407958984,88.28463745117188,85.96703296703296,7.0140380859375,0.3415107727050781,0.7827788649706457
7.483,0,-11.300318717956543,-102.45441436767578,89.3477554321289,84.61973571777344,7.140785217285156,0.206695556640625,-11.300318717956543,-102.45441436767578,89.3477554321289,84.61973571777344,7.140785217285156,0.206695556640625,0.7827788649706457
7.516,0,-11.15383529663086,-102.64093780517578,89.39894104003906,85.06974792480469,6.998130798339844,0.169891357421875,-11.15383529663086,-102.64093780517578,89.39894104003906,85.06974792480469,6.998130798339844,0.169891357421875,0.7827788649706457
7.548,0,-10.174710273742676,-102.45126342773438,89.49937438964844,84.18651580810547,6.826530456542969,0.27910804748535156,-10.174710273742676,-102.45126342773438,89.49937438964844,84.18651580810547,6.826530456542969,0.27910804748535156,0.7827788649706457
7.581,0,-9.454304695129395,-101.68730926513672,88.29991149902344,86.04359436035156,6.93377685546875,0.3500404357910156,-9.454304695129395,-101.68730926513672,88.29991149902344,85.96703296703296,6.93377685546875,0.3500404357910156,0.7827788649706457
7.616,0,-11.308134078979492,-102.5242691040039,89.32333374023438,84.79999542236328,7.102668762207031,0.196441650390625,-11.308134078979492,-102.5242691040039,89.32333374023438,84.79999542236328,7.102668762207031,0.196441650390625,0.7827788649706457
7.649,0,-10.96107292175293,-102.51974487304688,89.4117431640625,84.80655670166016,6.725975036621094,0.2550811767578125,-10.96107292175293,-102.51974487304688,89.4117431640625,84.80655670166016,6.725975036621094,0.2550811767578125,0.7827788649706457
7.683,0,-10.122498512268066,-102.37712097167969,89.49072265625,84.27529907226562,6.706214904785156,0.2995338439941406,-10.122498512268066,-102.37712097167969,89.49072265625,84.27529907226562,6.706214904785156,0.2995338439941406,0.7827788649706457
7.716,0,-9.44217300415039,-101.7166519165039,88.35243225097656,86.23494720458984,6.927276611328125,0.3470134735107422,-9.44217300415039,-101.7166519165039,88.35243225097656,86.05494505494505,6.927276611328125,0.3470134735107422,0.7827788649706457
7.751,0,-11.096352577209473,-102.46623992919922,89.36723327636719,84.4738998413086,7.014495849609375,0.22939491271972656,-11.096352577209473,-102.46623992919922,89.36723327636719,84.4738998413086,7.014495849609375,0.22939491271972656,0.7827788649706457
7.781,0,-11.12447738647461,-102.48936462402344,89.46900939941406,84.64540100097656,6.8659515380859375,0.22452354431152344,-11.12447738647461,-102.48936462402344,89.46900939941406,84.64540100097656,6.8659515380859375,0.22452354431152344,0.7827788649706457
7.818,0,-10.052587509155273,-102.36003875732422,89.44465637207031,84.29366302490234,6.690673828125,0.3151588439941406,-10.052587509155273,-102.36003875732422,89.44465637207031,84.29366302490234,6.690673828125,0.3151588439941406,0.7827788649706457
7.849,0,-9.339397430419922,-101.66912841796875,88.2061767578125,86.12401580810547,6.617279052734375,0.39391326904296875,-9.339397430419922,-101.66912841796875,88.2061767578125,86.12401580810547,6.617279052734375,0.39391326904296875,0.7827788649706457
7.883,0,-11.190129280090332,-102.4664077758789,89.31328582763672,84.78009796142578,7.0637359619140625,0.20935440063476562,-11.190129280090332,-102.4664077758789,89.31328582763672,84.78009796142578,7.0637359619140625,0.20935440063476562,0.7827788649706457
7.915,0,-11.127864837646484,-102.5177001953125,89.43539428710938,84.83045196533203,6.840202331542969,0.21431922912597656,-11.127864837646484,-102.5177001953125,89.43539428710938,84.83045196533203,6.840202331542969,0.21431922912597656,0.7827788649706457
7.948,0,-10.131855010986328,-102.40433502197266,89.4485855102539,84.45648956298828,6.72760009765625,0.2969684600830078,-10.131855010986328,-102.40433502197266,89.4485855102539,84.45648956298828,6.72760009765625,0.2969684600830078,0.7827788649706457
7.982,0,-9.254969596862793,-101.65579223632812,88.17483520507812,86.23289489746094,6.5748748779296875,0.3868751525878906,-9.254969596862793,-101.65579223632812,88.17483520507812,86.14285714285714,6.5748748779296875,0.3868751525878906,0.7827788649706457
8.017,0,-11.116628646850586,-102.45502471923828,89.28118896484375,84.79928588867188,6.99554443359375,0.20772743225097656,-11.116628646850586,-102.45502471923828,89.28118896484375,84.79928588867188,6.99554443359375,0.20772743225097656,0.7827788649706457
8.048,0,-11.258469581604004,-102.6006088256836,89.4696273803711,85.014404296875,7.138511657714844,0.1544055938720703,-11.258469581604004,-102.6006088256836,89.4696273803711,85.014404296875,7.138511657714844,0.1544055938720703,0.7827788649706457
8.085,0,-10.078185081481934,-102.43477630615234,89.45158386230469,84.42671203613281,6.60833740234375,0.2940235137939453,-10.078185081481934,-102.43477630615234,89.45158386230469,84.42671203613281,6.60833740234375,0.2940235137939453,0.7827788649706457
8.119,0,-9.45803165435791,-101.73506164550781,88.22409057617188,85.95133972167969,6.756446838378906,0.3788948059082031,-9.45803165435791,-101.73506164550781,88.22409057617188,85.95133972167969,6.756446838378906,0.3788948059082031,0.7827788649706457
8.149,0,-11.20791244506836,-102.49034881591797,89.32347869873047,84.70096588134766,7.0231170654296875,0.2157726287841797,-11.20791244506836,-102.49034881591797,89.32347869873047,84.70096588134766,7.0231170654296875,0.2157726287841797,0.7827788649706457
8.182,0,-10.79924488067627,-102.62543487548828,89.53238677978516,84.38202667236328,6.624481201171875,0.16267967224121094,-10.79924488067627,-102.62543487548828,89.53238677978516,84.38202667236328,6.624481201171875,0.16267967224121094,0.7827788649706457
8.217,0,-10.153748512268066,-102.43181610107422,89.45742797851562,84.39759826660156,6.736602783203125,0.2817573547363281,-10.153748512268066,-102.43181610107422,89.45742797851562,84.39759826660156,6.736602783203125,0.2817573547363281,0.7827788649706457
8.251,0,-9.416903495788574,-101.78438568115234,88.46240997314453,85.65979766845703,6.724372863769531,0.35399818420410156,-9.416903495788574,-101.78438568115234,88.46240997314453,85.65979766845703,6.724372863769531,0.35399818420410156,0.7827788649706457
8.283,0,-11.058978080749512,-102.40020751953125,89.26119995117188,84.7905502319336,7.0281219482421875,0.23499679565429688,-11.058978080749512,-102.40020751953125,89.26119995117188,84.7905502319336,7.0281219482421875,0.23499679565429688,0.7827788649706457
8.316,0,-10.75793170928955,-102.57489013671875,89.32322692871094,85.038330078125,7.145172119140625,0.10719871520996094,-10.75793170928955,-102.57489013671875,89.32322692871094,85.038330078125,7.145172119140625,0.10719871520996094,0.7827788649706457
8.349,0,-10.208678245544434,-102.42206573486328,89.45093536376953,84.1698226928711,6.652015686035156,0.3074684143066406,-10.208678245544434,-102.42206573486328,89.45093536376953,84.1698226928711,6.652015686035156,0.3074684143066406,0.7827788649706457
8.384,0,-9.50195026397705,-101.72097778320312,88.3119888305664,86.01416778564453,6.729705810546875,0.3664283752441406,-9.50195026397705,-101.72097778320312,88.3119888305664,86.01416778564453,6.729705810546875,0.3664283752441406,0.7827788649706457
8.416,0,-11.077162742614746,-102.44613647460938,89.26280975341797,84.8377914428711,7.021034240722656,0.2163410186767578,-11.077162742614746,-102.44613647460938,89.26280975341797,84.8377914428711,7.021034240722656,0.2163410186767578,0.7827788649706457
8.452,0,-10.840414047241211,-102.67042541503906,89.37200927734375,85.0082015991211,7.104972839355469,0.09625625610351562,-10.840414047241211,-102.67042541503906,89.37200927734375,85.0082015991211,7.104972839355469,0.09625625610351562,0.7827788649706457
8.482,0,-10.264142036437988,-102.46472930908203,89.4625473022461,84.2865219116211,6.8105316162109375,0.27457427978515625,-10.264142036437988,-102.46472930908203,89.4625473022461,84.2865219116211,6.8105316162109375,0.27457427978515625,0.7827788649706457
8.517,0,-9.380003929138184,-101.71417236328125,88.2623519897461,86.11305236816406,6.704216003417969,0.3686065673828125,-9.380003929138184,-101.71417236328125,88.2623519897461,86.11305236816406,6.704216003417969,0.3686065673828125,0.7827788649706457
8.552,0,-11.105304718017578,-102.4187240600586,89.28199768066406,84.78858184814453,7.101539611816406,0.20613861083984375,-11.105304718017578,-102.4187240600586,89.28199768066406,84.78858184814453,7.101539611816406,0.20613861083984375,0.7827788649706457
8.583,0,-10.964422225952148,-102.63218688964844,89.35252380371094,85.36193084716797,6.852485656738281,0.04337310791015625,-10.964422225952148,-102.63218688964844,89.35252380371094,85.36193084716797,6.852485656738281,0.04337310791015625,0.7827788649706457
8.621,0,-10.302720069885254,-102.47752380371094,89.47940063476562,84.28518676757812,6.833953857421875,0.26664161682128906,-10.302720069885254,-102.47752380371094,89.47940063476562,84.28518676757812,6.833953857421875,0.26664161682128906,0.7827788649706457
8.652,0,-9.388025283813477,-101.71902465820312,88.29603576660156,86.03265380859375,6.5777740478515625,0.3650226593017578,-9.388025283813477,-101.71902465820312,88.29603576660156,86.03265380859375,6.5777740478515625,0.3650226593017578,0.7827788649706457
8.684,0,-11.098435401916504,-102.45023345947266,89.27571868896484,84.8381118774414,6.933555603027344,0.22182846069335938,-11.098435401916504,-102.45023345947266,89.27571868896484,84.8381118774414,6.933555603027344,0.22182846069335938,0.7827788649706457
8.719,0,-11.186989784240723,-102.71308135986328,89.44059753417969,85.2140884399414,6.897117614746094,0.03189277648925781,-11.186989784240723,-102.71308135986328,89.44059753417969,85.2140884399414,6.897117614746094,0.03189277648925781,0.7827788649706457
8.755,0,-10.139989852905273,-102.40562438964844,89.4646224975586,84.19151306152344,6.739860534667969,0.2977771759033203,-10.139989852905273,-102.40562438964844,89.4646224975586,84.19151306152344,6.739860534667969,0.2977771759033203,0.7827788649706457
8.786,0,-9.366456985473633,-101.72331237792969,88.2909164428711,85.9791030883789,6.560844421386719,0.3699951171875,-9.366456985473633,-101.72331237792969,88.2909164428711,85.9791030883789,6.560844421386719,0.3699951171875,0.7827788649706457
8.818,0,-11.085587501525879,-102.36814880371094,89.24777221679688,84.84127807617188,6.909278869628906,0.24382591247558594,-11.085587501525879,-102.36814880371094,89.24777221679688,84.84127807617188,6.909278869628906,0.24382591247558594,0.7827788649706457
8.852,0,-11.123872756958008,-102.65943908691406,89.42280578613281,85.1409683227539,6.73919677734375,0.06769943237304688,-11.123872756958008,-102.65943908691406,89.42280578613281,85.1409683227539,6.73919677734375,0.06769943237304688,0.7827788649706457
8.886,0,-10.254222869873047,-102.44821166992188,89.52525329589844,84.13630676269531,6.763664245605469,0.28403282165527344,-10.254222869873047,-102.44821166992188,89.52525329589844,84.13630676269531,6.763664245605469,0.28403282165527344,0.7827788649706457
8.918,0,-9.329224586486816,-101.72076416015625,88.23165130615234,86.11422729492188,6.566184997558594,0.3741893768310547,-9.329224586486816,-101.72076416015625,88.23165130615234,86.11422729492188,6.566184997558594,0.3741893768310547,0.7827788649706457
8.952,0,-11.22137451171875,-102.50994873046875,89.27874755859375,84.84288787841797,7.064674377441406,0.20110321044921875,-11.22137451171875,-102.50994873046875,89.27874755859375,84.84288787841797,7.064674377441406,0.20110321044921875,0.7827788649706457
8.985,0,-11.130314826965332,-102.71820068359375,89.45230102539062,85.07514190673828,6.715568542480469,0.06615638732910156,-11.130314826965332,-102.71820068359375,89.45230102539062,85.07514190673828,6.715568542480469,0.06615638732910156,0.7827788649706457
9.019,0,-10.112007141113281,-102.41211700439453,89.43913269042969,84.41303253173828,6.705863952636719,0.29889488220214844,-10.112007141113281,-102.41211700439453,89.43913269042969,84.41303253173828,6.705863952636719,0.29889488220214844,0.7827788649706457
9.052,0,-9.27878475189209,-101.65803527832031,88.29374694824219,85.82002258300781,6.4730987548828125,0.3989448547363281,-9.27878475189209,-101.65803527832031,88.29374694824219,85.82002258300781,6.4730987548828125,0.3989448547363281,0.7827788649706457
9.087,0,-11.30193042755127,-102.54183197021484,89.25817108154297,84.96871185302734,7.206611633300781,0.1737689971923828,-11.30193042755127,-102.54183197021484,89.25817108154297,84.96871185302734,7.206611633300781,0.1737689971923828,0.7827788649706457
9.121,0,-11.071247100830078,-102.6246566772461,89.37934875488281,85.34750366210938,6.938499450683594,0.051578521728515625,-11.071247100830078,-102.6246566772461,89.37934875488281,85.34750366210938,6.938499450683594,0.051578521728515625,0.7827788649706457
9.152,0,-10.31743049621582,-102.49577331542969,89.47039794921875,84.35346984863281,6.749114990234375,0.2609062194824219,-10.31743049621582,-102.49577331542969,89.47039794921875,84.35346984863281,6.749114990234375,0.2609062194824219,0.7827788649706457
9.187,0,-9.431047439575195,-101.8304672241211,88.39479064941406,85.95991516113281,6.836921691894531,0.33307647705078125,-9.431047439575195,-101.8304672241211,88.39479064941406,85.95991516113281,6.836921691894531,0.33307647705078125,0.7827788649706457
9.219,0,-11.171586036682129,-102.47510528564453,89.27509307861328,84.97941589355469,7.0267486572265625,0.21042251586914062,-11.171586036682129,-102.47510528564453,89.27509307861328,84.97941589355469,7.0267486572265625,0.21042251586914062,0.7827788649706457
9.253,0,-11.016532897949219,-102.623046875,89.40945434570312,85.143798828125,6.8171539306640625,0.06476211547851562,-11.016532897949219,-102.623046875,89.40945434570312,85.143798828125,6.8171539306640625,0.06476211547851562,0.7827788649706457
9.291,0,-10.109289169311523,-102.4684066772461,89.4981918334961,84.30912780761719,6.599678039550781,0.29681396484375,-10.109289169311523,-102.4684066772461,89.4981918334961,84.30912780761719,6.599678039550781,0.29681396484375,0.7827788649706457
9.321,0,-9.340660095214844,-101.80529022216797,88.36833190917969,86.0635986328125,6.6174163818359375,0.34095191955566406,-9.340660095214844,-101.80529022216797,88.36833190917969,86.0635986328125,6.6174163818359375,0.34095191955566406,0.7827788649706457
9.362,0,-11.41305160522461,-102.5069580078125,89.32213592529297,84.83013916015625,7.421028137207031,0.19103431701660156,-11.41305160522461,-102.5069580078125,89.32213592529297,84.83013916015625,7.421028137207031,0.19103431701660156,0.7827788649706457
9.391,0,-11.129101753234863,-102.68251037597656,89.369140625,85.43732452392578,7.0437164306640625,0.02223968505859375,-11.129101753234863,-102.68251037597656,89.369140625,85.43732452392578,7.0437164306640625,0.02223968505859375,0.7827788649706457
9.429,0,-10.28414249420166,-102.55384826660156,89.52287292480469,84.37979125976562,6.74566650390625,0.22797203063964844,-10.28414249420166,-102.55384826660156,89.52287292480469,84.37979125976562,6.74566650390625,0.22797203063964844,0.7827788649706457
9.457,0,-9.291953086853027,-101.9539794921875,88.35302734375,86.1538314819336,6.630226135253906,0.27529144287109375,-9.291953086853027,-101.9539794921875,88.35302734375,86.1538314819336,6.630226135253906,0.27529144287109375,0.7827788649706457
9.490,0,-11.28164005279541,-102.45773315429688,89.29383087158203,84.91337585449219,7.202445983886719,0.1936016082763672,-11.28164005279541,-102.45773315429688,89.29383087158203,84.91337585449219,7.202445983886719,0.1936016082763672,0.7827788649706457
9.524,0,-11.355610847473145,-102.85566711425781,89.38043975830078,85.59858703613281,7.1079864501953125,-0.04708099365234375,-11.355610847473145,-102.85566711425781,89.38043975830078,85.59858703613281,7.1079864501953125,-0.04708099365234375,0.7827788649706457
9.557,0,-10.354842185974121,-102.55045318603516,89.50189971923828,84.4503402709961,6.893898010253906,0.21216392517089844,-10.354842185974121,-102.55045318603516,89.50189971923828,84.4503402709961,6.893898010253906,0.21216392517089844,0.7827788649706457
9.596,0,-9.24572467803955,-101.88845825195312,88.25933074951172,86.28523254394531,6.5966339111328125,0.2855873107910156,-9.24572467803955,-101.88845825195312,88.25933074951172,86.28523254394531,6.5966339111328125,0.2855873107910156,0.7827788649706457
9.624,0,-11.443707466125488,-102.57853698730469,89.3035888671875,84.99581146240234,7.282318115234375,0.1609210968017578,-11.443707466125488,-102.57853698730469,89.3035888671875,84.99581146240234,7.282318115234375,0.1609210968017578,0.7827788649706457
9.656,0,-11.315386772155762,-102.75788879394531,89.39812469482422,85.39227294921875,7.053443908691406,0.009832382202148438,-11.315386772155762,-102.75788879394531,89.39812469482422,85.39227294921875,7.053443908691406,0.009832382202148438,0.7827788649706457
9.690,0,-10.407868385314941,-102.52391815185547,89.51358032226562,84.41993713378906,6.846199035644531,0.2207183837890625,-10.407868385314941,-102.52391815185547,89.51358032226562,84.41993713378906,6.846199035644531,0.2207183837890625,0.7827788649706457
9.727,0,-9.25035572052002,-101.89704895019531,88.29173278808594,86.31260681152344,6.705718994140625,0.27358055114746094,-9.25035572052002,-101.89704895019531,88.29173278808594,86.31260681152344,6.705718994140625,0.27358055114746094,0.7827788649706457
9.757,0,-11.274563789367676,-102.49520874023438,89.29156494140625,84.90206146240234,7.0760040283203125,0.1858806610107422,-11.274563789367676,-102.49520874023438,89.29156494140625,84.90206146240234,7.0760040283203125,0.1858806610107422,0.7827788649706457
9.791,0,-11.341729164123535,-102.69599914550781,89.481689453125,85.10266876220703,7.021514892578125,0.0522308349609375,-11.341729164123535,-102.69599914550781,89.481689453125,85.10266876220703,7.021514892578125,0.0522308349609375,0.7827788649706457
9.828,0,-10.39630126953125,-102.57083892822266,89.4878158569336,84.51448822021484,6.9286956787109375,0.2100238800048828,-10.39630126953125,-102.57083892822266,89.4878158569336,84.51448822021484,6.9286956787109375,0.2100238800048828,0.7827788649706457
9.857,0,-9.442995071411133,-101.96817779541016,88.17301177978516,86.66316223144531,7.000511169433594,0.2694816589355469,-9.442995071411133,-101.96817779541016,88.17301177978516,86.66316223144531,7.000511169433594,0.2694816589355469,0.7827788649706457
9.891,0,-11.431967735290527,-102.46261596679688,89.27767944335938,85.00442504882812,7.2454376220703125,0.16988563537597656,-11.431967735290527,-102.46261596679688,89.27767944335938,85.00442504882812,7.2454376220703125,0.16988563537597656,0.7827788649706457
9.927,0,-11.350240707397461,-102.7978286743164,89.4273681640625,85.29509735107422,7.1032562255859375,-0.001888275146484375,-11.350240707397461,-102.7978286743164,89.4273681640625,85.29509735107422,7.1032562255859375,-0.001888275146484375,0.7827788649706457
9.957,0,-10.400505065917969,-102.56828308105469,89.43714141845703,84.6947250366211,6.7744140625,0.2104206085205078,-10.400505065917969,-102.56828308105469,89.43714141845703,84.6947250366211,6.7744140625,0.2104206085205078,0.7827788649706457
9.999,0,-9.276032447814941,-101.90418243408203,88.1828384399414,86.50492095947266,6.653861999511719,0.2857704162597656,-9.276032447814941,-101.90418243408203,88.1828384399414,86.50492095947266,6.653861999511719,0.2857704162597656,0.7827788649706457
10.028,0,-11.380187034606934,-102.53034210205078,89.31013488769531,85.03536987304688,7.192543029785156,0.15891075134277344,-11.380187034606934,-102.53034210205078,89.31013488769531,85.03536987304688,7.192543029785156,0.15891075134277344,0.7827788649706457
10.060,0,-11.328424453735352,-102.85086059570312,89.43443298339844,85.34099578857422,7.114112854003906,-0.018312454223632812,-11.328424453735352,-102.85086059570312,89.43443298339844,85.34099578857422,7.114112854003906,-0.018312454223632812,0.7827788649706457
10.093,0,-10.285325050354004,-102.4664306640625,89.47219848632812,84.49945831298828,6.729377746582031,0.2519187927246094,-10.285325050354004,-102.4664306640625,89.47219848632812,84.49945831298828,6.729377746582031,0.2519187927246094,0.7827788649706457
10.129,0,-9.377685546875,-101.93394470214844,88.32029724121094,86.30513763427734,6.7351226806640625,0.2729034423828125,-9.377685546875,-101.93394470214844,88.32029724121094,86.30513763427734,6.7351226806640625,0.2729034423828125,0.7827788649706457
10.159,0,-11.227093696594238,-102.48462677001953,89.29975128173828,84.97051239013672,6.879783630371094,0.19640159606933594,-11.227093696594238,-102.48462677001953,89.29975128173828,84.97051239013672,6.879783630371094,0.19640159606933594,0.7827788649706457
10.194,0,-11.36130142211914,-102.75253295898438,89.43984985351562,85.37422943115234,7.121162414550781,0.00029754638671875,-11.36130142211914,-102.75253295898438,89.43984985351562,85.37422943115234,7.121162414550781,0.00029754638671875,0.7827788649706457
10.227,0,-10.522372245788574,-102.5673828125,89.47996520996094,84.62623596191406,7.016441345214844,0.20452117919921875,-10.522372245788574,-102.5673828125,89.47996520996094,84.62623596191406,7.016441345214844,0.20452117919921875,0.7827788649706457
10.261,0,-9.375971794128418,-101.95108795166016,88.29549407958984,86.39423370361328,6.6764068603515625,0.2759895324707031,-9.375971794128418,-101.95108795166016,88.29549407958984,86.39423370361328,6.6764068603515625,0.2759895324707031,0.7827788649706457
10.300,0,-11.318148612976074,-102.42332458496094,89.20452880859375,85.20823669433594,7.18133544921875,0.19060325622558594,-11.318148612976074,-102.42332458496094,89.20452880859375,85.20823669433594,7.18133544921875,0.19060325622558594,0.7827788649706457
10.328,0,-11.374832153320312,-102.80499267578125,89.45479583740234,85.3218994140625,6.98199462890625,-0.0019588470458984375,-11.374832153320312,-102.80499267578125,89.45479583740234,85.3218994140625,6.98199462890625,-0.0019588470458984375,0.7827788649706457
10.361,0,-10.464710235595703,-102.55992889404297,89.48265075683594,84.6087417602539,6.8743133544921875,0.21515274047851562,-10.464710235595703,-102.55992889404297,89.48265075683594,84.6087417602539,6.8743133544921875,0.21515274047851562,0.7827788649706457
10.395,0,-9.311095237731934,-101.87954711914062,88.15394592285156,86.61883544921875,6.656944274902344,0.27283287048339844,-9.311095237731934,-101.87954711914062,88.15394592285156,86.61883544921875,6.656944274902344,0.27283287048339844,0.7827788649706457
10.427,0,-11.298090934753418,-102.46377563476562,89.21957397460938,85.1428451538086,7.039764404296875,0.1915721893310547,-11.298090934753418,-102.46377563476562,89.21957397460938,85.1428451538086,7.039764404296875,0.1915721893310547,0.7827788649706457
10.464,0,-11.271462440490723,-102.69623565673828,89.40135192871094,85.32978820800781,7.2489776611328125,0.02783966064453125,-11.271462440490723,-102.69623565673828,89.40135192871094,85.32978820800781,7.2489776611328125,0.02783966064453125,0.7827788649706457
10.493,0,-10.471515655517578,-102.55670166015625,89.44312286376953,84.68494415283203,6.797813415527344,0.2205333709716797,-10.471515655517578,-102.55670166015625,89.44312286376953,84.68494415283203,6.797813415527344,0.2205333709716797,0.7827788649706457
10.528,0,-9.445481300354004,-101.8980484008789,88.17797088623047,86.43080139160156,6.70654296875,0.3006458282470703,-9.445481300354004,-101.8980484008789,88.17797088623047,86.43080139160156,6.70654296875,0.3006458282470703,0.7827788649706457
10.561,0,-11.274212837219238,-102.48828125,89.22274780273438,85.03749084472656,7.022430419921875,0.18651962280273438,-11.274212837219238,-102.48828125,89.22274780273438,85.03749084472656,7.022430419921875,0.18651962280273438,0.7827788649706457
10.594,0,-11.146306991577148,-102.69631958007812,89.44105529785156,85.1858139038086,7.03948974609375,0.056884765625,-11.146306991577148,-102.69631958007812,89.44105529785156,85.1858139038086,7.03948974609375,0.056884765625,0.7827788649706457
10.629,0,-10.300553321838379,-102.5012435913086,89.42005157470703,84.69789123535156,6.80743408203125,0.2373943328857422,-10.300553321838379,-102.5012435913086,89.42005157470703,84.69789123535156,6.80743408203125,0.2373943328857422,0.7827788649706457
10.660,0,-9.316628456115723,-101.92431640625,88.25979614257812,86.27214813232422,6.595176696777344,0.28510475158691406,-9.316628456115723,-101.92431640625,88.25979614257812,86.27214813232422,6.595176696777344,0.28510475158691406,0.7827788649706457
10.700,0,-11.242339134216309,-102.49517059326172,89.2304458618164,85.16534423828125,6.967445373535156,0.19231224060058594,-11.242339134216309,-102.49517059326172,89.2304458618164,85.16534423828125,6.967445373535156,0.19231224060058594,0.7827788649706457
10.727,0,-11.109600067138672,-102.66194915771484,89.43697357177734,85.13829803466797,7.0680694580078125,0.06902885437011719,-11.109600067138672,-102.66194915771484,89.43697357177734,85.13829803466797,7.0680694580078125,0.06902885437011719,0.7827788649706457
10.761,0,-10.307019233703613,-102.4561996459961,89.37678527832031,84.82594299316406,6.8984222412109375,0.22830963134765625,-10.307019233703613,-102.4561996459961,89.37678527832031,84.82594299316406,6.8984222412109375,0.22830963134765625,0.7827788649706457
10.805,0,-9.31605339050293,-101.91654968261719,88.22539520263672,86.37137603759766,6.626014709472656,0.28840065002441406,-9.31605339050293,-101.91654968261719,88.22539520263672,86.37137603759766,6.626014709472656,0.28840065002441406,0.7827788649706457
10.833,0,-11.217330932617188,-102.50772094726562,89.16917419433594,85.32012176513672,7.0577850341796875,0.1893177032470703,-11.217330932617188,-102.50772094726562,89.16917419433594,85.32012176513672,7.0577850341796875,0.1893177032470703,0.7827788649706457
10.872,0,-11.108890533447266,-102.65152740478516,89.43153381347656,85.16696166992188,7.1643218994140625,0.05827522277832031,-11.108890533447266,-102.65152740478516,89.43153381347656,85.16696166992188,7.1643218994140625,0.05827522277832031,0.7827788649706457
10.899,0,-9.258408546447754,-101.90544128417969,88.25829315185547,86.47824096679688,6.8446502685546875,0.26662445068359375,-9.258408546447754,-101.90544128417969,88.25829315185547,86.47824096679688,6.8446502685546875,0.26662445068359375,0.7827788649706457
10.933,0,-9.30280876159668,-101.89583587646484,88.23582458496094,86.43037414550781,6.759513854980469,0.2812061309814453,-9.30280876159668,-101.89583587646484,88.23582458496094,86.43037414550781,6.759513854980469,0.2812061309814453,0.7827788649706457
10.966,0,-11.189432144165039,-102.38687896728516,89.16749572753906,85.17101287841797,6.95526123046875,0.22760391235351562,-11.189432144165039,-102.38687896728516,89.16749572753906,85.17101287841797,6.95526123046875,0.22760391235351562,0.7827788649706457
11.000,0,-10.266191482543945,-102.50537109375,89.37676239013672,84.755126953125,6.814689636230469,0.23876571655273438,-10.266191482543945,-102.50537109375,89.37676239013672,84.755126953125,6.814689636230469,0.23876571655273438,0.7827788649706457
11.032,0,-10.07748031616211,-102.40276336669922,89.35321807861328,84.75322723388672,6.733345031738281,0.27553749084472656,-10.07748031616211,-102.40276336669922,89.35321807861328,84.75322723388672,6.733345031738281,0.27553749084472656,0.7827788649706457
11.066,0,-9.376368522644043,-101.890380859375,88.26034545898438,86.47685241699219,6.77069091796875,0.28421592712402344,-9.376368522644043,-101.890380859375,88.26034545898438,86.47685241699219,6.77069091796875,0.28421592712402344,0.7827788649706457
11.101,0,-11.031929016113281,-102.56147766113281,89.36997985839844,85.21732330322266,6.9351959228515625,0.090179443359375,-11.031929016113281,-102.56147766113281,89.36997985839844,85.21732330322266,6.9351959228515625,0.090179443359375,0.7827788649706457
11.140,0,-11.085796356201172,-102.66685485839844,89.42095184326172,85.2165756225586,7.043861389160156,0.05258750915527344,-11.085796356201172,-102.66685485839844,89.42095184326172,85.2165756225586,7.043861389160156,0.05258750915527344,0.7827788649706457
11.168,0,-9.230025291442871,-101.86277770996094,88.1899642944336,86.50377655029297,6.589378356933594,0.29457664489746094,-9.230025291442871,-101.86277770996094,88.1899642944336,86.50377655029297,6.589378356933594,0.29457664489746094,0.7827788649706457
11.203,0,-9.372042655944824,-101.87377166748047,88.20374298095703,86.38805389404297,6.5755157470703125,0.29698944091796875,-9.372042655944824,-101.87377166748047,88.20374298095703,86.38805389404297,6.5755157470703125,0.29698944091796875,0.7827788649706457
11.235,0,-11.23405647277832,-102.45581817626953,89.29322814941406,84.92933654785156,6.960052490234375,0.19536590576171875,-11.23405647277832,-102.45581817626953,89.29322814941406,84.92933654785156,6.960052490234375,0.19536590576171875,0.7827788649706457
11.268,0,-10.166888236999512,-102.39501953125,89.42242431640625,84.55879974365234,6.783843994140625,0.27292823791503906,-10.166888236999512,-102.39501953125,89.42242431640625,84.55879974365234,6.783843994140625,0.27292823791503906,0.7827788649706457
11.300,0,-10.215753555297852,-102.41606140136719,89.392333984375,84.76126861572266,6.7458038330078125,0.2626991271972656,-10.215753555297852,-102.41606140136719,89.392333984375,84.76126861572266,6.7458038330078125,0.2626991271972656,0.7827788649706457
11.336,0,-9.324710845947266,-101.79330444335938,88.24807739257812,86.37568664550781,6.5478515625,0.31220054626464844,-9.324710845947266,-101.79330444335938,88.24807739257812,86.37568664550781,6.5478515625,0.31220054626464844,0.7827788649706457
11.376,0,-11.050177574157715,-102.60858917236328,89.40869903564453,85.1142578125,6.866233825683594,0.09114646911621094,-11.050177574157715,-102.60858917236328,89.40869903564453,85.1142578125,6.866233825683594,0.09114646911621094,0.7827788649706457
11.404,0,-9.919730186462402,-102.37714385986328,89.3453369140625,84.70143127441406,6.6451873779296875,0.3029346466064453,-9.919730186462402,-102.37714385986328,89.3453369140625,84.70143127441406,6.6451873779296875,0.3029346466064453,0.7827788649706457
11.436,0,-9.27488899230957,-101.86323547363281,88.28132629394531,86.47352600097656,6.746284484863281,0.2944488525390625,-9.27488899230957,-101.86323547363281,88.28132629394531,86.47352600097656,6.746284484863281,0.2944488525390625,0.7827788649706457
11.473,0,-11.110025405883789,-102.4755630493164,89.247802734375,84.91629028320312,6.920906066894531,0.19682693481445312,-11.110025405883789,-102.4755630493164,89.247802734375,84.91629028320312,6.920906066894531,0.19682693481445312,0.7827788649706457
11.503,0,-11.387425422668457,-102.76946258544922,89.44308471679688,85.3651351928711,7.001274108886719,-6.866455078125e-05,-11.387425422668457,-102.76946258544922,89.44308471679688,85.3651351928711,7.001274108886719,-6.866455078125e-05,0.7827788649706457
11.536,0,-10.153788566589355,-102.4369125366211,89.37385559082031,84.74042510986328,6.75482177734375,0.26538658142089844,-10.153788566589355,-102.4369125366211,89.37385559082031,84.74042510986328,6.75482177734375,0.26538658142089844,0.7827788649706457
11.571,0,-9.605772018432617,-101.78459167480469,88.36430358886719,86.39189147949219,7.10028076171875,0.2827949523925781,-9.605772018432617,-101.78459167480469,88.36430358886719,86.39189147949219,7.10028076171875,0.2827949523925781,0.7827788649706457
11.604,0,-11.245318412780762,-102.43290710449219,89.26207733154297,84.9972915649414,7.059089660644531,0.2031879425048828,-11.245318412780762,-102.43290710449219,89.26207733154297,84.9972915649414,7.059089660644531,0.2031879425048828,0.7827788649706457
11.640,0,-11.132747650146484,-102.72022247314453,89.3960189819336,85.34609985351562,6.955352783203125,0.02691650390625,-11.132747650146484,-102.72022247314453,89.3960189819336,85.34609985351562,6.955352783203125,0.02691650390625,0.7827788649706457
11.671,0,-10.343716621398926,-102.48661041259766,89.43692779541016,84.58943939208984,6.645782470703125,0.2614288330078125,-10.343716621398926,-102.48661041259766,89.43692779541016,84.58943939208984,6.645782470703125,0.2614288330078125,0.7827788649706457
11.704,0,-9.623133659362793,-101.84676361083984,88.35470581054688,86.2300796508789,6.738716125488281,0.2977008819580078,-9.623133659362793,-101.84676361083984,88.35470581054688,86.2300796508789,6.738716125488281,0.2977008819580078,0.7827788649706457
11.739,0,-11.40357494354248,-102.46714782714844,89.34197235107422,84.73539733886719,7.218421936035156,0.19972801208496094,-11.40357494354248,-102.46714782714844,89.34197235107422,84.73539733886719,7.218421936035156,0.19972801208496094,0.7827788649706457
11.772,0,-11.28235912322998,-102.79225158691406,89.46880340576172,85.25921630859375,6.908042907714844,0.01104736328125,-11.28235912322998,-102.79225158691406,89.46880340576172,85.25921630859375,6.908042907714844,0.01104736328125,0.7827788649706457
11.805,0,-10.331164360046387,-102.47640228271484,89.41255187988281,84.72636413574219,6.694953918457031,0.2662639617919922,-10.331164360046387,-102.47640228271484,89.41255187988281,84.72636413574219,6.694953918457031,0.2662639617919922,0.7827788649706457
11.841,0,-9.419377326965332,-101.7112045288086,88.2435302734375,86.29915618896484,6.539497375488281,0.3439197540283203,-9.419377326965332,-101.7112045288086,88.2435302734375,86.29915618896484,6.539497375488281,0.3439197540283203,0.7827788649706457
11.872,0,-11.339756965637207,-102.51116943359375,89.26738739013672,85.0344009399414,7.2068634033203125,0.18357086181640625,-11.339756965637207,-102.51116943359375,89.26738739013672,85.0344009399414,7.2068634033203125,0.18357086181640625,0.7827788649706457
11.904,0,-11.189239501953125,-102.71027374267578,89.3717041015625,85.47225189208984,7.0664825439453125,0.020183563232421875,-11.189239501953125,-102.71027374267578,89.3717041015625,85.47225189208984,7.0664825439453125,0.020183563232421875,0.7827788649706457
11.948,0,-10.3277006149292,-102.48191833496094,89.42822265625,84.75531005859375,6.732452392578125,0.2515125274658203,-10.3277006149292,-102.48191833496094,89.42822265625,84.75531005859375,6.732452392578125,0.2515125274658203,0.7827788649706457
11.974,0,-9.469732284545898,-101.78018951416016,88.28902435302734,86.35162353515625,6.7473602294921875,0.3183860778808594,-9.469732284545898,-101.78018951416016,88.28902435302734,86.35162353515625,6.7473602294921875,0.3183860778808594,0.7827788649706457
12.011,0,-11.219809532165527,-102.5045394897461,89.32097625732422,84.95475769042969,7.0294189453125,0.1945629119873047,-11.219809532165527,-102.5045394897461,89.32097625732422,84.95475769042969,7.0294189453125,0.1945629119873047,0.7827788649706457
12.043,0,-11.157431602478027,-102.70235443115234,89.41837310791016,85.29448699951172,6.952049255371094,0.023143768310546875,-11.157431602478027,-102.70235443115234,89.41837310791016,85.29448699951172,6.952049255371094,0.023143768310546875,0.7827788649706457
12.084,0,-10.19631290435791,-102.48606872558594,89.41703033447266,84.63439178466797,6.752006530761719,0.25104713439941406,-10.19631290435791,-102.48606872558594,89.41703033447266,84.63439178466797,6.752006530761719,0.25104713439941406,0.7827788649706457
12.111,0,-9.577515602111816,-101.78990936279297,88.31770324707031,86.3146743774414,6.800987243652344,0.3090705871582031,-9.577515602111816,-101.78990936279297,88.31770324707031,86.3146743774414,6.800987243652344,0.3090705871582031,0.7827788649706457
12.146,0,-11.33250904083252,-102.55947875976562,89.28736877441406,85.0079574584961,7.246208190917969,0.17409324645996094,-11.33250904083252,-102.55947875976562,89.28736877441406,85.0079574584961,7.246208190917969,0.17409324645996094,0.7827788649706457
12.186,0,-11.336980819702148,-102.79649353027344,89.49274444580078,85.2769775390625,7.0375213623046875,-0.004283905029296875,-11.336980819702148,-102.79649353027344,89.49274444580078,85.2769775390625,7.0375213623046875,-0.004283905029296875,0.7827788649706457
12.214,0,-10.264144897460938,-102.45748901367188,89.46422576904297,84.47799682617188,6.6565399169921875,0.26978302001953125,-10.264144897460938,-102.45748901367188,89.46422576904297,84.47799682617188,6.6565399169921875,0.26978302001953125,0.7827788649706457
12.248,0,-9.514875411987305,-101.77477264404297,88.34660339355469,86.22827911376953,6.73980712890625,0.31479644775390625,-9.514875411987305,-101.77477264404297,88.34660339355469,86.22827911376953,6.73980712890625,0.31479644775390625,0.7827788649706457
12.281,0,-11.366135597229004,-102.42794799804688,89.21806335449219,85.26644897460938,7.46142578125,0.16031837463378906,-11.366135597229004,-102.42794799804688,89.21806335449219,85.26644897460938,7.46142578125,0.16031837463378906,0.7827788649706457
12.315,0,-11.194314002990723,-102.70042419433594,89.41092681884766,85.33712768554688,7.000968933105469,0.016973495483398438,-11.194314002990723,-102.70042419433594,89.41092681884766,85.33712768554688,7.000968933105469,0.016973495483398438,0.7827788649706457
12.348,0,-10.347427368164062,-102.50714874267578,89.42591857910156,84.70922088623047,6.79486083984375,0.2322864532470703,-10.347427368164062,-102.50714874267578,89.42591857910156,84.70922088623047,6.79486083984375,0.2322864532470703,0.7827788649706457
12.381,0,-9.409668922424316,-101.73513793945312,88.23273468017578,86.39672088623047,6.699348449707031,0.3276824951171875,-9.409668922424316,-101.73513793945312,88.23273468017578,86.39672088623047,6.699348449707031,0.3276824951171875,0.7827788649706457
12.414,0,-11.281495094299316,-102.50811004638672,89.26554870605469,85.19981384277344,7.2154541015625,0.1525592803955078,-11.281495094299316,-102.50811004638672,89.26554870605469,85.19981384277344,7.2154541015625,0.1525592803955078,0.7827788649706457
12.447,0,-11.205711364746094,-102.74281311035156,89.42357635498047,85.22827911376953,7.1079254150390625,0.030120849609375,-11.205711364746094,-102.74281311035156,89.42357635498047,85.22827911376953,7.1079254150390625,0.030120849609375,0.7827788649706457
12.482,0,-10.46844482421875,-102.55497741699219,89.46949005126953,84.62367248535156,6.878334045410156,0.208526611328125,-10.46844482421875,-102.55497741699219,89.46949005126953,84.62367248535156,6.878334045410156,0.208526611328125,0.7827788649706457
12.514,0,-9.45172119140625,-101.7510986328125,88.3494644165039,86.2552719116211,6.791343688964844,0.3121509552001953,-9.45172119140625,-101.7510986328125,88.3494644165039,86.2552719116211,6.791343688964844,0.3121509552001953,0.7827788649706457
12.549,0,-11.441849708557129,-102.5626220703125,89.26007080078125,85.26268005371094,7.3847808837890625,0.11646270751953125,-11.441849708557129,-102.5626220703125,89.26007080078125,85.26268005371094,7.3847808837890625,0.11646270751953125,0.7827788649706457
12.581,0,-11.029718399047852,-102.62450408935547,89.38949584960938,85.2547378540039,6.9662933349609375,0.05523681640625,-11.029718399047852,-102.62450408935547,89.38949584960938,85.2547378540039,6.9662933349609375,0.05523681640625,0.7827788649706457
12.625,0,-10.290390968322754,-102.50279235839844,89.44331359863281,84.63550567626953,6.8490142822265625,0.23031234741210938,-10.290390968322754,-102.50279235839844,89.44331359863281,84.63550567626953,6.8490142822265625,0.23031234741210938,0.7827788649706457
12.652,0,-9.542710304260254,-101.75286865234375,88.25117492675781,86.3322982788086,6.738288879394531,0.3259696960449219,-9.542710304260254,-101.75286865234375,88.25117492675781,86.3322982788086,6.738288879394531,0.3259696960449219,0.7827788649706457
12.689,0,-11.40134048461914,-102.53177642822266,89.21871185302734,85.3614273071289,7.289222717285156,0.13768386840820312,-11.40134048461914,-102.53177642822266,89.21871185302734,85.3614273071289,7.289222717285156,0.13768386840820312,0.7827788649706457
12.719,0,-11.122138023376465,-102.6814193725586,89.43287658691406,85.13236236572266,7.049140930175781,0.052692413330078125,-11.122138023376465,-102.6814193725586,89.43287658691406,85.13236236572266,7.049140930175781,0.052692413330078125,0.7827788649706457
12.753,0,-10.286968231201172,-102.42210388183594,89.3848876953125,84.82476043701172,6.9109344482421875,0.24071311950683594,-10.286968231201172,-102.42210388183594,89.3848876953125,84.82476043701172,6.9109344482421875,0.24071311950683594,0.7827788649706457
12.785,0,-9.574405670166016,-101.74266815185547,88.27610778808594,86.272705078125,6.761985778808594,0.32663726806640625,-9.574405670166016,-101.74266815185547,88.27610778808594,86.272705078125,6.761985778808594,0.32663726806640625,0.7827788649706457
12.819,0,-11.30884838104248,-102.47608184814453,89.21304321289062,85.35051727294922,7.226387023925781,0.17413711547851562,-11.30884838104248,-102.47608184814453,89.21304321289062,85.35051727294922,7.226387023925781,0.17413711547851562,0.7827788649706457
12.856,0,-11.152935028076172,-102.67108917236328,89.4273910522461,85.1839370727539,7.112373352050781,0.05255699157714844,-11.152935028076172,-102.67108917236328,89.4273910522461,85.1839370727539,7.112373352050781,0.05255699157714844,0.7827788649706457
12.890,0,-10.375845909118652,-102.49002075195312,89.43588256835938,84.64103698730469,6.815803527832031,0.2313232421875,-10.375845909118652,-102.49002075195312,89.43588256835938,84.64103698730469,6.815803527832031,0.2313232421875,0.7827788649706457
12.918,0,-9.711995124816895,-101.78582000732422,88.39939880371094,86.21710968017578,6.968231201171875,0.2827415466308594,-9.711995124816895,-101.78582000732422,88.39939880371094,86.21710968017578,6.968231201171875,0.2827415466308594,0.7827788649706457
12.953,0,-11.42540454864502,-102.51056671142578,89.27354431152344,85.10148620605469,7.222625732421875,0.17827415466308594,-11.42540454864502,-102.51056671142578,89.27354431152344,85.10148620605469,7.222625732421875,0.17827415466308594,0.7827788649706457
12.997,0,-11.304768562316895,-102.78258514404297,89.38449096679688,85.33183288574219,7.150177001953125,0.009059906005859375,-11.304768562316895,-102.78258514404297,89.38449096679688,85.33183288574219,7.150177001953125,0.009059906005859375,0.7827788649706457
13.029,0,-10.271041870117188,-102.41875457763672,89.4356460571289,84.62711334228516,6.809669494628906,0.25482940673828125,-10.271041870117188,-102.41875457763672,89.4356460571289,84.62711334228516,6.809669494628906,0.25482940673828125,0.7827788649706457
13.057,0,-9.658340454101562,-101.76466369628906,88.34211730957031,86.25389099121094,6.79559326171875,0.2955455780029297,-9.658340454101562,-101.76466369628906,88.34211730957031,86.25389099121094,6.79559326171875,0.2955455780029297,0.7827788649706457
13.091,0,-11.390049934387207,-102.49333953857422,89.29371643066406,85.01417541503906,7.2149200439453125,0.1866931915283203,-11.390049934387207,-102.49333953857422,89.29371643066406,85.01417541503906,7.2149200439453125,0.1866931915283203,0.7827788649706457
13.127,0,-11.094261169433594,-102.69223022460938,89.38890075683594,85.22607421875,6.914024353027344,0.06111717224121094,-11.094261169433594,-102.69223022460938,89.38890075683594,85.22607421875,6.914024353027344,0.06111717224121094,0.7827788649706457
13.191,0,-10.413249015808105,-102.54122924804688,89.41004180908203,84.78666687011719,6.9254150390625,0.2161102294921875,-10.413249015808105,-102.54122924804688,89.41004180908203,84.78666687011719,6.9254150390625,0.2161102294921875,0.7827788649706457
13.219,0,-11.49791145324707,-102.65271759033203,89.28592681884766,85.20161437988281,7.282257080078125,0.12566184997558594,-11.49791145324707,-102.65271759033203,89.28592681884766,85.20161437988281,7.282257080078125,0.12566184997558594,0.7827788649706457
13.253,0,-11.195623397827148,-102.62643432617188,89.40308380126953,85.17757415771484,6.9788970947265625,0.06926918029785156,-11.195623397827148,-102.62643432617188,89.40308380126953,85.17757415771484,6.9788970947265625,0.06926918029785156,0.7827788649706457
13.285,0,-10.266644477844238,-102.4799575805664,89.38874816894531,84.69728088378906,6.714118957519531,0.2631187438964844,-10.266644477844238,-102.4799575805664,89.38874816894531,84.69728088378906,6.714118957519531,0.2631187438964844,0.7827788649706457
13.318,0,-9.685872077941895,-101.79376220703125,88.4548110961914,86.23176574707031,7.058189392089844,0.2805805206298828,-9.685872077941895,-101.79376220703125,88.4548110961914,86.23176574707031,7.058189392089844,0.2805805206298828,0.7827788649706457
13.352,0,-11.345149040222168,-102.4660415649414,89.26962280273438,85.07545471191406,7.221221923828125,0.17889976501464844,-11.345149040222168,-102.4660415649414,89.26962280273438,85.07545471191406,7.221221923828125,0.17889976501464844,0.7827788649706457
13.389,0,-11.174406051635742,-102.66376495361328,89.41498565673828,85.18228149414062,6.996726989746094,0.044200897216796875,-11.174406051635742,-102.66376495361328,89.41498565673828,85.18228149414062,6.996726989746094,0.044200897216796875,0.7827788649706457
13.420,0,-10.278736114501953,-102.44363403320312,89.42487335205078,84.70930480957031,6.7283935546875,0.25086212158203125,-10.278736114501953,-102.44363403320312,89.42487335205078,84.70930480957031,6.7283935546875,0.25086212158203125,0.7827788649706457
13.452,0,-9.58045482635498,-101.70769500732422,88.11406707763672,86.61124420166016,6.687919616699219,0.3339214324951172,-9.58045482635498,-101.70769500732422,88.11406707763672,86.61124420166016,6.687919616699219,0.3339214324951172,0.7827788649706457
13.485,0,-11.447976112365723,-102.56028747558594,89.30368041992188,85.0989761352539,7.332206726074219,0.14523887634277344,-11.447976112365723,-102.56028747558594,89.30368041992188,85.0989761352539,7.332206726074219,0.14523887634277344,0.7827788649706457
13.518,0,-11.231643676757812,-102.64215850830078,89.4052505493164,85.3237533569336,7.234016418457031,0.03963661193847656,-11.231643676757812,-102.64215850830078,89.4052505493164,85.3237533569336,7.234016418457031,0.03963661193847656,0.7827788649706457
13.552,0,-10.36184310913086,-102.52079010009766,89.43749237060547,84.66001892089844,6.798652648925781,0.2286376953125,-10.36184310913086,-102.52079010009766,89.43749237060547,84.66001892089844,6.798652648925781,0.2286376953125,0.7827788649706457
13.585,0,-9.613974571228027,-101.7817153930664,88.20980834960938,86.50724029541016,6.824455261230469,0.3154792785644531,-9.613974571228027,-101.7817153930664,88.20980834960938,86.50724029541016,6.824455261230469,0.3154792785644531,0.7827788649706457
13.620,0,-11.380093574523926,-102.54280853271484,89.25617980957031,85.23993682861328,7.1741180419921875,0.1446056365966797,-11.380093574523926,-102.54280853271484,89.25617980957031,85.23993682861328,7.1741180419921875,0.1446056365966797,0.7827788649706457
13.653,0,-10.997976303100586,-102.65532684326172,89.39092254638672,85.31220245361328,6.964012145996094,0.07133674621582031,-10.997976303100586,-102.65532684326172,89.39092254638672,85.31220245361328,6.964012145996094,0.07133674621582031,0.7827788649706457
13.690,0,-10.10897445678711,-102.4518051147461,89.441162109375,84.70465850830078,6.645225524902344,0.25197601318359375,-10.10897445678711,-102.4518051147461,89.441162109375,84.70465850830078,6.645225524902344,0.25197601318359375,0.7827788649706457
13.719,0,-9.60031795501709,-101.71209716796875,88.2173080444336,86.3232192993164,6.713356018066406,0.3487720489501953,-9.60031795501709,-101.71209716796875,88.2173080444336,86.3232192993164,6.713356018066406,0.3487720489501953,0.7827788649706457
13.759,0,-11.1278657913208,-102.40689086914062,89.18634033203125,85.2373046875,7.3160858154296875,0.1941356658935547,-11.1278657913208,-102.40689086914062,89.18634033203125,85.2373046875,7.3160858154296875,0.1941356658935547,0.7827788649706457
13.785,0,-11.14195442199707,-102.66062927246094,89.41217803955078,85.2602767944336,7.172515869140625,0.04862213134765625,-11.14195442199707,-102.66062927246094,89.41217803955078,85.2602767944336,7.172515869140625,0.04862213134765625,0.7827788649706457
13.825,0,-9.999874114990234,-102.18596649169922,89.15074157714844,85.12417602539062,6.565223693847656,0.36345863342285156,-9.999874114990234,-102.18596649169922,89.15074157714844,85.12417602539062,6.565223693847656,0.36345863342285156,0.7827788649706457
13.853,0,-9.496783256530762,-101.70861053466797,88.22749328613281,86.41749572753906,6.705963134765625,0.3258953094482422,-9.496783256530762,-101.70861053466797,88.22749328613281,86.41749572753906,6.705963134765625,0.3258953094482422,0.7827788649706457
13.892,0,-11.035833358764648,-102.24374389648438,89.23371124267578,84.96720886230469,7.343498229980469,0.22641563415527344,-11.035833358764648,-102.24374389648438,89.23371124267578,84.96720886230469,7.343498229980469,0.22641563415527344,0.7827788649706457
13.918,0,-11.134895324707031,-102.66705322265625,89.42981719970703,85.1178970336914,7.024909973144531,0.045166015625,-11.134895324707031,-102.66705322265625,89.42981719970703,85.1178970336914,7.024909973144531,0.045166015625,0.7827788649706457
13.954,0,-9.906462669372559,-102.12947845458984,89.04891204833984,85.27108764648438,6.6657257080078125,0.3768768310546875,-9.906462669372559,-102.12947845458984,89.04891204833984,85.27108764648438,6.6657257080078125,0.3768768310546875,0.7827788649706457
13.987,0,-9.548114776611328,-101.72218322753906,88.20191955566406,86.33240509033203,6.712226867675781,0.34212303161621094,-9.548114776611328,-101.72218322753906,88.20191955566406,86.33240509033203,6.712226867675781,0.34212303161621094,0.7827788649706457
14.019,0,-11.044004440307617,-102.30840301513672,89.22944641113281,85.00973510742188,7.2647247314453125,0.21950531005859375,-11.044004440307617,-102.30840301513672,89.22944641113281,85.00973510742188,7.2647247314453125,0.21950531005859375,0.7827788649706457
14.054,0,-11.06527042388916,-102.66844177246094,89.3963851928711,85.27234649658203,6.999053955078125,0.04416847229003906,-11.06527042388916,-102.66844177246094,89.3963851928711,85.27234649658203,6.999053955078125,0.04416847229003906,0.7827788649706457
14.088,0,-9.806541442871094,-102.07203674316406,89.0447006225586,85.3085708618164,6.586273193359375,0.41226768493652344,-9.806541442871094,-102.07203674316406,89.0447006225586,85.3085708618164,6.586273193359375,0.41226768493652344,0.7827788649706457
14.119,0,-9.714811325073242,-101.75989532470703,88.3790512084961,86.13800048828125,6.935600280761719,0.3053474426269531,-9.714811325073242,-101.75989532470703,88.3790512084961,86.13800048828125,6.935600280761719,0.3053474426269531,0.7827788649706457
14.155,0,-10.995865821838379,-102.28910827636719,89.24667358398438,85.0280532836914,7.2791748046875,0.22954940795898438,-10.995865821838379,-102.28910827636719,89.24667358398438,85.0280532836914,7.2791748046875,0.22954940795898438,0.7827788649706457
14.189,0,-11.438583374023438,-102.86836242675781,89.48516082763672,85.24658203125,7.237190246582031,-0.034435272216796875,-11.438583374023438,-102.86836242675781,89.48516082763672,85.24658203125,7.237190246582031,-0.034435272216796875,0.7827788649706457
14.221,0,-9.911921501159668,-102.11032104492188,89.08265686035156,85.06394958496094,6.511573791503906,0.4047260284423828,-9.911921501159668,-102.11032104492188,89.08265686035156,85.06394958496094,6.511573791503906,0.4047260284423828,0.7827788649706457
14.254,0,-9.76942253112793,-101.85127258300781,88.42828369140625,86.31968688964844,7.040924072265625,0.25399208068847656,-9.76942253112793,-101.85127258300781,88.42828369140625,86.31968688964844,7.040924072265625,0.25399208068847656,0.7827788649706457
14.288,0,-10.927275657653809,-102.29396057128906,89.2195053100586,85.06788635253906,7.1343231201171875,0.24359512329101562,-10.927275657653809,-102.29396057128906,89.2195053100586,85.06788635253906,7.1343231201171875,0.24359512329101562,0.7827788649706457
14.322,0,-11.38625431060791,-102.76390075683594,89.39927673339844,85.52912902832031,7.300178527832031,-0.024539947509765625,-11.38625431060791,-102.76390075683594,89.39927673339844,85.52912902832031,7.300178527832031,-0.024539947509765625,0.7827788649706457
14.356,0,-10.055251121520996,-102.12639617919922,89.12185668945312,85.1761474609375,6.699836730957031,0.3661327362060547,-10.055251121520996,-102.12639617919922,89.12185668945312,85.1761474609375,6.699836730957031,0.3661327362060547,0.7827788649706457
14.389,0,-9.708836555480957,-101.79727935791016,88.333984375,86.2249984741211,6.85040283203125,0.2947711944580078,-9.708836555480957,-101.79727935791016,88.333984375,86.2249984741211,6.85040283203125,0.2947711944580078,0.7827788649706457
14.423,0,-10.97130298614502,-102.2981185913086,89.25453186035156,84.99349975585938,7.1212615966796875,0.23468399047851562,-10.97130298614502,-102.2981185913086,89.25453186035156,84.99349975585938,7.1212615966796875,0.23468399047851562,0.7827788649706457
14.457,0,-11.350526809692383,-102.80216217041016,89.4177017211914,85.30121612548828,7.098686218261719,-0.01104736328125,-11.350526809692383,-102.80216217041016,89.4177017211914,85.30121612548828,7.098686218261719,-0.01104736328125,0.7827788649706457
14.489,0,-10.11496353149414,-102.19551086425781,89.15657043457031,85.14456939697266,6.681938171386719,0.3479118347167969,-10.11496353149414,-102.19551086425781,89.15657043457031,85.14456939697266,6.681938171386719,0.3479118347167969,0.7827788649706457
14.522,0,-9.679657936096191,-101.81696319580078,88.45514678955078,86.18900299072266,7.004035949707031,0.28610992431640625,-9.679657936096191,-101.81696319580078,88.45514678955078,86.18900299072266,7.004035949707031,0.28610992431640625,0.7827788649706457
14.556,0,-11.384697914123535,-102.4529800415039,89.249267578125,84.98351287841797,7.346611022949219,0.20396041870117188,-11.384697914123535,-102.4529800415039,89.249267578125,84.98351287841797,7.346611022949219,0.20396041870117188,0.7827788649706457
14.589,0,-11.315360069274902,-102.77454376220703,89.39006042480469,85.46214294433594,7.145179748535156,-0.008762359619140625,-11.315360069274902,-102.77454376220703,89.39006042480469,85.46214294433594,7.145179748535156,-0.008762359619140625,0.7827788649706457
14.626,0,-9.977431297302246,-102.11658477783203,89.16261291503906,85.05985260009766,6.6229248046875,0.3725700378417969,-9.977431297302246,-102.11658477783203,89.16261291503906,85.05985260009766,6.6229248046875,0.3725700378417969,0.7827788649706457
14.656,0,-9.65623950958252,-101.73269653320312,88.31657409667969,86.14479064941406,6.791496276855469,0.3222064971923828,-9.65623950958252,-101.73269653320312,88.31657409667969,86.14479064941406,6.791496276855469,0.3222064971923828,0.7827788649706457
14.693,0,-11.23499584197998,-102.35103607177734,89.23018646240234,84.97183227539062,7.281402587890625,0.25263023376464844,-11.23499584197998,-102.35103607177734,89.23018646240234,84.97183227539062,7.281402587890625,0.25263023376464844,0.7827788649706457
14.722,0,-11.457151412963867,-102.83023071289062,89.39598083496094,85.40443420410156,7.2461395263671875,-0.0216522216796875,-11.457151412963867,-102.83023071289062,89.39598083496094,85.40443420410156,7.2461395263671875,-0.0216522216796875,0.7827788649706457
14.755,0,-10.044364929199219,-102.14324951171875,89.17386627197266,85.16477966308594,6.544464111328125,0.37401390075683594,-10.044364929199219,-102.14324951171875,89.17386627197266,85.16477966308594,6.544464111328125,0.37401390075683594,0.7827788649706457
14.789,0,-9.693411827087402,-101.82457733154297,88.41995239257812,86.13993835449219,6.8152313232421875,0.29091644287109375,-9.693411827087402,-101.82457733154297,88.41995239257812,86.13993835449219,6.8152313232421875,0.29091644287109375,0.7827788649706457
14.824,0,-10.964218139648438,-102.32234191894531,89.23561096191406,85.04792785644531,7.176361083984375,0.22962379455566406,-10.964218139648438,-102.32234191894531,89.23561096191406,85.04792785644531,7.176361083984375,0.22962379455566406,0.7827788649706457
14.856,0,-11.288681983947754,-102.74317932128906,89.38859558105469,85.41468811035156,7.07379150390625,0.007978439331054688,-11.288681983947754,-102.74317932128906,89.38859558105469,85.41468811035156,7.07379150390625,0.007978439331054688,0.7827788649706457
14.893,0,-9.9463529586792,-102.08332061767578,89.08230590820312,85.26985931396484,6.643547058105469,0.3981361389160156,-9.9463529586792,-102.08332061767578,89.08230590820312,85.26985931396484,6.643547058105469,0.3981361389160156,0.7827788649706457
14.925,0,-9.657013893127441,-101.81622314453125,88.46389770507812,86.0875473022461,6.873985290527344,0.27996826171875,-9.657013893127441,-101.81622314453125,88.46389770507812,86.0875473022461,6.873985290527344,0.27996826171875,0.7827788649706457
14.959,0,-11.12027359008789,-102.42499542236328,89.22673034667969,84.96880340576172,6.91864013671875,0.2358379364013672,-11.12027359008789,-102.42499542236328,89.22673034667969,84.96880340576172,6.91864013671875,0.2358379364013672,0.7827788649706457
14.996,0,-11.281147956848145,-102.70418548583984,89.41746520996094,85.27562713623047,6.9465179443359375,0.033771514892578125,-11.281147956848145,-102.70418548583984,89.41746520996094,85.27562713623047,6.9465179443359375,0.033771514892578125,0.7827788649706457
15.025,0,-9.945643424987793,-102.12197875976562,89.09939575195312,85.17491149902344,6.648719787597656,0.385467529296875,-9.945643424987793,-102.12197875976562,89.09939575195312,85.17491149902344,6.648719787597656,0.385467529296875,0.7827788649706457
15.057,0,-9.747146606445312,-101.82661437988281,88.3620376586914,86.31719970703125,6.894493103027344,0.28549957275390625,-9.747146606445312,-101.82661437988281,88.3620376586914,86.31719970703125,6.894493103027344,0.28549957275390625,0.7827788649706457
15.092,0,-11.242329597473145,-102.48821258544922,89.2756576538086,85.0339126586914,7.0935821533203125,0.20055770874023438,-11.242329597473145,-102.48821258544922,89.2756576538086,85.0339126586914,7.0935821533203125,0.20055770874023438,0.7827788649706457
15.127,0,-11.276044845581055,-102.70684051513672,89.44266510009766,85.23029327392578,7.0118255615234375,0.033329010009765625,-11.276044845581055,-102.70684051513672,89.44266510009766,85.23029327392578,7.0118255615234375,0.033329010009765625,0.7827788649706457
15.157,0,-9.966655731201172,-102.11508178710938,89.11228942871094,85.13544464111328,6.620948791503906,0.3780231475830078,-9.966655731201172,-102.11508178710938,89.11228942871094,85.13544464111328,6.620948791503906,0.3780231475830078,0.7827788649706457
15.192,0,-9.595338821411133,-101.78875732421875,88.31295776367188,86.36420440673828,6.941459655761719,0.30632781982421875,-9.595338821411133,-101.78875732421875,88.31295776367188,86.36420440673828,6.941459655761719,0.30632781982421875,0.7827788649706457
15.229,0,-11.31454849243164,-102.43619537353516,89.2301025390625,85.16073608398438,7.244720458984375,0.1905517578125,-11.31454849243164,-102.43619537353516,89.2301025390625,85.16073608398438,7.244720458984375,0.1905517578125,0.7827788649706457
15.257,0,-11.304746627807617,-102.78056335449219,89.45620727539062,85.21210479736328,6.974609375,0.021272659301757812,-11.304746627807617,-102.78056335449219,89.45620727539062,85.21210479736328,6.974609375,0.021272659301757812,0.7827788649706457
15.300,0,-10.074592590332031,-102.24424743652344,89.16500091552734,85.07184600830078,6.692939758300781,0.3481941223144531,-10.074592590332031,-102.24424743652344,89.16500091552734,85.07184600830078,6.692939758300781,0.3481941223144531,0.7827788649706457
15.327,0,-9.605291366577148,-101.80616760253906,88.38203430175781,86.19605255126953,6.873779296875,0.2926807403564453,-9.605291366577148,-101.80616760253906,88.38203430175781,86.19605255126953,6.873779296875,0.2926807403564453,0.7827788649706457
15.364,0,-11.105103492736816,-102.37179565429688,89.26678466796875,84.84677124023438,6.904365539550781,0.24304580688476562,-11.105103492736816,-102.37179565429688,89.26678466796875,84.84677124023438,6.904365539550781,0.24304580688476562,0.7827788649706457
15.393,0,-11.349567413330078,-102.77489471435547,89.38285827636719,85.3221435546875,7.082008361816406,0.011754989624023438,-11.349567413330078,-102.77489471435547,89.38285827636719,85.3221435546875,7.082008361816406,0.011754989624023438,0.7827788649706457
15.426,0,-9.964162826538086,-102.13775634765625,89.11534881591797,85.17117309570312,6.698844909667969,0.3670310974121094,-9.964162826538086,-102.13775634765625,89.11534881591797,85.17117309570312,6.698844909667969,0.3670310974121094,0.7827788649706457
15.459,0,-9.78799057006836,-101.88938903808594,88.4880142211914,85.98704528808594,6.846138000488281,0.2818946838378906,-9.78799057006836,-101.88938903808594,88.4880142211914,85.98704528808594,6.846138000488281,0.2818946838378906,0.7827788649706457
15.506,0,-11.295502662658691,-102.51085662841797,89.22596740722656,85.21805572509766,7.133140563964844,0.1714153289794922,-11.295502662658691,-102.51085662841797,89.22596740722656,85.21805572509766,7.133140563964844,0.1714153289794922,0.7827788649706457
15.534,0,-11.15912914276123,-102.74956512451172,89.42349243164062,85.37570190429688,7.026214599609375,0.0219573974609375,-11.15912914276123,-102.74956512451172,89.42349243164062,85.37570190429688,7.026214599609375,0.0219573974609375,0.7827788649706457
15.575,0,-10.033723831176758,-102.27397155761719,89.15213775634766,85.17562103271484,6.5989532470703125,0.3453083038330078,-10.033723831176758,-102.27397155761719,89.15213775634766,85.17562103271484,6.5989532470703125,0.3453083038330078,0.7827788649706457
15.603,0,-9.799958229064941,-101.85862731933594,88.40098571777344,86.24256896972656,7.083335876464844,0.2670116424560547,-9.799958229064941,-101.85862731933594,88.40098571777344,86.24256896972656,7.083335876464844,0.2670116424560547,0.7827788649706457
15.636,0,-11.18845272064209,-102.57219696044922,89.41506958007812,85.19366455078125,6.9355010986328125,0.09837722778320312,-11.18845272064209,-102.57219696044922,89.41506958007812,85.19366455078125,6.9355010986328125,0.09837722778320312,0.7827788649706457
15.678,0,-11.38975715637207,-102.65968322753906,89.46421813964844,85.13361358642578,6.996269226074219,0.04683685302734375,-11.38975715637207,-102.65968322753906,89.46421813964844,85.13361358642578,6.996269226074219,0.04683685302734375,0.7827788649706457
15.706,0,-9.563748359680176,-101.75959014892578,88.31460571289062,86.26499938964844,6.844291687011719,0.29278564453125,-9.563748359680176,-101.75959014892578,88.31460571289062,86.26499938964844,6.844291687011719,0.29278564453125,0.7827788649706457
15.738,0,-11.327311515808105,-102.56644439697266,89.25408172607422,85.09590148925781,7.08428955078125,0.1539154052734375,-11.327311515808105,-102.56644439697266,89.25408172607422,85.09590148925781,7.08428955078125,0.1539154052734375,0.7827788649706457
15.772,0,-11.508085250854492,-102.76290130615234,89.43826293945312,85.16024780273438,7.08380126953125,0.020074844360351562,-11.508085250854492,-102.76290130615234,89.43826293945312,85.16024780273438,7.08380126953125,0.020074844360351562,0.7827788649706457
15.809,0,-10.136299133300781,-102.24258422851562,89.05725860595703,85.33792877197266,6.7309112548828125,0.35547828674316406,-10.136299133300781,-102.24258422851562,89.05725860595703,85.33792877197266,6.7309112548828125,0.35547828674316406,0.7827788649706457
15.840,0,-9.672760963439941,-101.81378936767578,88.40017700195312,86.28988647460938,7.189903259277344,0.2511272430419922,-9.672760963439941,-101.81378936767578,88.40017700195312,86.28988647460938,7.189903259277344,0.2511272430419922,0.7827788649706457
15.884,0,-11.322813987731934,-102.48371124267578,89.24513244628906,85.09317016601562,7.167289733886719,0.19427108764648438,-11.322813987731934,-102.48371124267578,89.24513244628906,85.09317016601562,7.167289733886719,0.19427108764648438,0.7827788649706457
15.911,0,-11.252951622009277,-102.69945526123047,89.36581420898438,85.35944366455078,7.102745056152344,0.03870582580566406,-11.252951622009277,-102.69945526123047,89.36581420898438,85.35944366455078,7.102745056152344,0.03870582580566406,0.7827788649706457
15.951,0,-10.02263355255127,-102.200439453125,89.09257507324219,85.23724365234375,6.6726226806640625,0.3625831604003906,-10.02263355255127,-102.200439453125,89.09257507324219,85.23724365234375,6.6726226806640625,0.3625831604003906,0.7827788649706457
15.977,0,-9.667884826660156,-101.76132202148438,88.3670883178711,86.22708129882812,6.8929443359375,0.3030052185058594,-9.667884826660156,-101.76132202148438,88.3670883178711,86.22708129882812,6.8929443359375,0.3030052185058594,0.7827788649706457
16.010,0,-11.269164085388184,-102.42737579345703,89.21202850341797,85.10826873779297,7.326148986816406,0.19084739685058594,-11.269164085388184,-102.42737579345703,89.21202850341797,85.10826873779297,7.326148986816406,0.19084739685058594,0.7827788649706457
16.053,0,-11.270630836486816,-102.70736694335938,89.450927734375,85.17464447021484,6.915931701660156,0.05626678466796875,-11.270630836486816,-102.70736694335938,89.450927734375,85.17464447021484,6.915931701660156,0.05626678466796875,0.7827788649706457
16.081,0,-9.827315330505371,-102.07930755615234,89.164306640625,84.99817657470703,6.4544219970703125,0.4138050079345703,-9.827315330505371,-102.07930755615234,89.164306640625,84.99817657470703,6.4544219970703125,0.4138050079345703,0.7827788649706457
16.113,0,-9.65816879272461,-101.7702407836914,88.25775146484375,86.47014617919922,6.99395751953125,0.2838764190673828,-9.65816879272461,-101.7702407836914,88.25775146484375,86.47014617919922,6.99395751953125,0.2838764190673828,0.7827788649706457
16.147,0,-11.32976245880127,-102.4749526977539,89.25752258300781,85.05078125,7.145317077636719,0.20341873168945312,-11.32976245880127,-102.4749526977539,89.25752258300781,85.05078125,7.145317077636719,0.20341873168945312,0.7827788649706457
16.181,0,-11.449596405029297,-102.78675842285156,89.41510009765625,85.31927490234375,7.10406494140625,0.0031566619873046875,-11.449596405029297,-102.78675842285156,89.41510009765625,85.31927490234375,7.10406494140625,0.0031566619873046875,0.7827788649706457
16.220,0,-10.032025337219238,-102.18756866455078,89.036376953125,85.26631164550781,6.608619689941406,0.38497352600097656,-10.032025337219238,-102.18756866455078,89.036376953125,85.26631164550781,6.608619689941406,0.38497352600097656,0.7827788649706457
16.256,0,-9.60537338256836,-101.74713134765625,88.22203826904297,86.51795196533203,6.8693389892578125,0.3105792999267578,-9.60537338256836,-101.74713134765625,88.22203826904297,86.51795196533203,6.8693389892578125,0.3105792999267578,0.7827788649706457
16.286,0,-11.361562728881836,-102.42620086669922,89.29661560058594,84.97169494628906,7.233695983886719,0.20961761474609375,-11.361562728881836,-102.42620086669922,89.29661560058594,84.97169494628906,7.233695983886719,0.20961761474609375,0.7827788649706457
16.317,0,-11.2515869140625,-102.70147705078125,89.41834259033203,85.28425598144531,7.052497863769531,0.04987144470214844,-11.2515869140625,-102.70147705078125,89.41834259033203,85.28425598144531,7.052497863769531,0.04987144470214844,0.7827788649706457
16.358,0,-9.80080795288086,-102.12464141845703,89.09890747070312,85.17986297607422,6.562690734863281,0.4002208709716797,-9.80080795288086,-102.12464141845703,89.09890747070312,85.17986297607422,6.562690734863281,0.4002208709716797,0.7827788649706457
16.395,0,-9.641188621520996,-101.74476623535156,88.33103942871094,86.14292907714844,6.767677307128906,0.3202381134033203,-9.641188621520996,-101.74476623535156,88.33103942871094,86.14292907714844,6.767677307128906,0.3202381134033203,0.7827788649706457
16.423,0,-11.186397552490234,-102.31776428222656,89.18272399902344,85.20470428466797,7.310264587402344,0.2290821075439453,-11.186397552490234,-102.31776428222656,89.18272399902344,85.20470428466797,7.310264587402344,0.2290821075439453,0.7827788649706457
16.455,0,-11.369895935058594,-102.75984191894531,89.4243392944336,85.2790298461914,7.1042022705078125,0.020519256591796875,-11.369895935058594,-102.75984191894531,89.4243392944336,85.2790298461914,7.1042022705078125,0.020519256591796875,0.7827788649706457
16.492,0,-9.910772323608398,-102.13114166259766,89.05580139160156,85.2166748046875,6.6426239013671875,0.3928241729736328,-9.910772323608398,-102.13114166259766,89.05580139160156,85.2166748046875,6.6426239013671875,0.3928241729736328,0.7827788649706457
16.523,0,-9.677642822265625,-101.86248779296875,88.40998840332031,86.15023040771484,6.849754333496094,0.2848072052001953,-9.677642822265625,-101.86248779296875,88.40998840332031,86.15023040771484,6.849754333496094,0.2848072052001953,0.7827788649706457
16.555,0,-11.233038902282715,-102.340087890625,89.24676513671875,84.94894409179688,7.291160583496094,0.25139617919921875,-11.233038902282715,-102.340087890625,89.24676513671875,84.94894409179688,7.291160583496094,0.25139617919921875,0.7827788649706457
16.594,0,-11.416910171508789,-102.84487915039062,89.397705078125,85.54449462890625,7.066871643066406,-0.041866302490234375,-11.416910171508789,-102.84487915039062,89.397705078125,85.54449462890625,7.066871643066406,-0.041866302490234375,0.7827788649706457
16.632,0,-9.864556312561035,-102.13136291503906,89.051513671875,85.2472915649414,6.7617034912109375,0.3855609893798828,-9.864556312561035,-102.13136291503906,89.051513671875,85.2472915649414,6.7617034912109375,0.3855609893798828,0.7827788649706457
16.661,0,-9.738667488098145,-101.78571319580078,88.34555053710938,86.11872100830078,6.792869567871094,0.29695892333984375,-9.738667488098145,-101.78571319580078,88.34555053710938,86.11872100830078,6.792869567871094,0.29695892333984375,0.7827788649706457
16.692,0,-11.323687553405762,-102.38578796386719,89.2717056274414,85.05909729003906,7.2271575927734375,0.2074756622314453,-11.323687553405762,-102.38578796386719,89.2717056274414,85.05909729003906,7.2271575927734375,0.2074756622314453,0.7827788649706457
16.726,0,-11.215826988220215,-102.70281219482422,89.33688354492188,85.58563232421875,7.044227600097656,-0.0019397735595703125,-11.215826988220215,-102.70281219482422,89.33688354492188,85.58563232421875,7.044227600097656,-0.0019397735595703125,0.7827788649706457
16.759,0,-9.903836250305176,-102.11224365234375,89.02784729003906,85.33743286132812,6.7353973388671875,0.3813343048095703,-9.903836250305176,-102.11224365234375,89.02784729003906,85.33743286132812,6.7353973388671875,0.3813343048095703,0.7827788649706457
16.795,0,-9.496415138244629,-101.78153228759766,88.22532653808594,86.39168548583984,6.716682434082031,0.33131980895996094,-9.496415138244629,-101.78153228759766,88.22532653808594,86.39168548583984,6.716682434082031,0.33131980895996094,0.7827788649706457
16.833,0,-11.23186206817627,-102.48106384277344,89.22146606445312,85.04801177978516,6.969123840332031,0.2050762176513672,-11.23186206817627,-102.48106384277344,89.22146606445312,85.04801177978516,6.969123840332031,0.2050762176513672,0.7827788649706457
16.860,0,-11.090206146240234,-102.64210510253906,89.31379699707031,85.57713317871094,6.988441467285156,0.041210174560546875,-11.090206146240234,-102.64210510253906,89.31379699707031,85.57713317871094,6.988441467285156,0.041210174560546875,0.7827788649706457
16.893,0,-9.794524192810059,-102.09183502197266,89.10421752929688,85.08433532714844,6.457000732421875,0.41762733459472656,-9.794524192810059,-102.09183502197266,89.10421752929688,85.08433532714844,6.457000732421875,0.41762733459472656,0.7827788649706457
16.926,0,-9.435138702392578,-101.82166290283203,88.25267028808594,86.46814727783203,6.679466247558594,0.32288169860839844,-9.435138702392578,-101.82166290283203,88.25267028808594,86.46814727783203,6.679466247558594,0.32288169860839844,0.7827788649706457
16.959,0,-11.217201232910156,-102.36042022705078,89.22969055175781,85.15576171875,7.153648376464844,0.21982574462890625,-11.217201232910156,-102.36042022705078,89.22969055175781,85.15576171875,7.153648376464844,0.21982574462890625,0.7827788649706457
16.993,0,-10.911820411682129,-102.66585540771484,89.35197448730469,85.49282836914062,6.946968078613281,0.04068565368652344,-10.911820411682129,-102.66585540771484,89.35197448730469,85.49282836914062,6.946968078613281,0.04068565368652344,0.7827788649706457
17.027,0,-10.076269149780273,-102.22894287109375,89.19019317626953,84.9931411743164,6.691917419433594,0.3511810302734375,-10.076269149780273,-102.22894287109375,89.19019317626953,84.9931411743164,6.691917419433594,0.3511810302734375,0.7827788649706457
17.060,0,-9.573208808898926,-101.84674072265625,88.36188507080078,86.27767181396484,6.8371124267578125,0.2909889221191406,-9.573208808898926,-101.84674072265625,88.36188507080078,86.27767181396484,6.8371124267578125,0.2909889221191406,0.7827788649706457
17.094,0,-11.18558120727539,-102.35733032226562,89.21665954589844,85.16931915283203,7.038795471191406,0.22871780395507812,-11.18558120727539,-102.35733032226562,89.21665954589844,85.16931915283203,7.038795471191406,0.22871780395507812,0.7827788649706457
17.127,0,-11.213922500610352,-102.78854370117188,89.45658874511719,85.3343505859375,6.951179504394531,0.0061283111572265625,-11.213922500610352,-102.78854370117188,89.45658874511719,85.3343505859375,6.951179504394531,0.0061283111572265625,0.7827788649706457
17.160,0,-9.87317180633545,-102.10905456542969,89.17420959472656,84.82728576660156,6.404266357421875,0.4178619384765625,-9.87317180633545,-102.10905456542969,89.17420959472656,84.82728576660156,6.404266357421875,0.4178619384765625,0.7827788649706457
17.193,0,-9.47011661529541,-101.83810424804688,88.2553482055664,86.45220947265625,6.729728698730469,0.3192710876464844,-9.47011661529541,-101.83810424804688,88.2553482055664,86.45220947265625,6.729728698730469,0.3192710876464844,0.7827788649706457
17.228,0,-11.282414436340332,-102.4621353149414,89.28192901611328,84.98920440673828,7.207511901855469,0.20015907287597656,-11.282414436340332,-102.4621353149414,89.28192901611328,84.98920440673828,7.207511901855469,0.20015907287597656,0.7827788649706457
17.260,0,-11.171124458312988,-102.70629119873047,89.52761840820312,84.7014389038086,7.0605621337890625,0.10601425170898438,-11.171124458312988,-102.70629119873047,89.52761840820312,84.7014389038086,7.0605621337890625,0.10601425170898438,0.7827788649706457
17.298,0,-9.843521118164062,-102.10688018798828,89.11905670166016,85.1610107421875,6.499420166015625,0.401153564453125,-9.843521118164062,-102.10688018798828,89.11905670166016,85.1610107421875,6.499420166015625,0.401153564453125,0.7827788649706457
17.327,0,-9.377470970153809,-101.74464416503906,88.20771789550781,86.52587890625,6.66192626953125,0.3503437042236328,-9.377470970153809,-101.74464416503906,88.20771789550781,86.52587890625,6.66192626953125,0.3503437042236328,0.7827788649706457
17.360,0,-11.282171249389648,-102.42741394042969,89.33445739746094,84.84143829345703,7.1747589111328125,0.22051620483398438,-11.282171249389648,-102.42741394042969,89.33445739746094,84.84143829345703,7.1747589111328125,0.22051620483398438,0.7827788649706457
17.395,0,-11.104665756225586,-102.63092041015625,89.54116821289062,84.54302978515625,7.049476623535156,0.12464332580566406,-11.104665756225586,-102.63092041015625,89.54116821289062,84.54302978515625,7.049476623535156,0.12464332580566406,0.7827788649706457
17.429,0,-9.869755744934082,-102.18241119384766,89.14262390136719,85.16118621826172,6.4816436767578125,0.3910980224609375,-9.869755744934082,-102.18241119384766,89.14262390136719,85.16118621826172,6.4816436767578125,0.3910980224609375,0.7827788649706457
17.462,0,-9.615853309631348,-101.7644271850586,88.28263854980469,86.31031036376953,6.909278869628906,0.31065940856933594,-9.615853309631348,-101.7644271850586,88.28263854980469,86.31031036376953,6.909278869628906,0.31065940856933594,0.7827788649706457
17.495,0,-11.127523422241211,-102.39772033691406,89.30126953125,84.85379028320312,7.062522888183594,0.23835182189941406,-11.127523422241211,-102.39772033691406,89.30126953125,84.85379028320312,7.062522888183594,0.23835182189941406,0.7827788649706457
17.529,0,-11.12398910522461,-102.6716079711914,89.54127502441406,84.51668548583984,6.967620849609375,0.1250591278076172,-11.12398910522461,-102.6716079711914,89.54127502441406,84.51668548583984,6.967620849609375,0.1250591278076172,0.7827788649706457
17.562,0,-9.970769882202148,-102.15664672851562,89.1472396850586,85.134033203125,6.6045684814453125,0.3710517883300781,-9.970769882202148,-102.15664672851562,89.1472396850586,85.134033203125,6.6045684814453125,0.3710517883300781,0.7827788649706457
17.595,0,-9.453243255615234,-101.8150405883789,88.35533142089844,86.11688232421875,6.710121154785156,0.3114738464355469,-9.453243255615234,-101.8150405883789,88.35533142089844,86.11688232421875,6.710121154785156,0.3114738464355469,0.7827788649706457
17.629,0,-11.11754322052002,-102.42950439453125,89.24874877929688,85.10224151611328,7.03753662109375,0.2226581573486328,-11.11754322052002,-102.42950439453125,89.24874877929688,85.10224151611328,7.03753662109375,0.2226581573486328,0.7827788649706457
17.662,0,-11.181632041931152,-102.67497253417969,89.5682373046875,84.50961303710938,7.018302917480469,0.11193084716796875,-11.181632041931152,-102.67497253417969,89.5682373046875,84.50961303710938,7.018302917480469,0.11193084716796875,0.7827788649706457
17.697,0,-9.788346290588379,-102.0776138305664,89.07306671142578,85.04731750488281,6.386207580566406,0.41289329528808594,-9.788346290588379,-102.0776138305664,89.07306671142578,85.04731750488281,6.386207580566406,0.41289329528808594,0.7827788649706457
17.731,0,-9.430344581604004,-101.77871704101562,88.28233337402344,86.47338104248047,6.949867248535156,0.2970085144042969,-9.430344581604004,-101.77871704101562,88.28233337402344,86.47338104248047,6.949867248535156,0.2970085144042969,0.7827788649706457
17.762,0,-11.291110038757324,-102.41145324707031,89.21299743652344,85.23534393310547,7.2928009033203125,0.1834125518798828,-11.291110038757324,-102.41145324707031,89.21299743652344,85.23534393310547,7.2928009033203125,0.1834125518798828,0.7827788649706457
17.797,0,-11.101040840148926,-102.65872192382812,89.55220031738281,84.49412536621094,7.014892578125,0.12077522277832031,-11.101040840148926,-102.65872192382812,89.55220031738281,84.49412536621094,7.014892578125,0.12077522277832031,0.7827788649706457
17.830,0,-9.83691120147705,-102.15895080566406,89.06242370605469,85.29780578613281,6.583709716796875,0.3766021728515625,-9.83691120147705,-102.15895080566406,89.06242370605469,85.29780578613281,6.583709716796875,0.3766021728515625,0.7827788649706457
17.869,0,-9.347382545471191,-101.7458724975586,88.32022094726562,86.20680236816406,6.6043853759765625,0.3361854553222656,-9.347382545471191,-101.7458724975586,88.32022094726562,86.20680236816406,6.6043853759765625,0.3361854553222656,0.7827788649706457
17.896,0,-11.042332649230957,-102.30904388427734,89.25938415527344,84.77913665771484,6.872673034667969,0.2640819549560547,-11.042332649230957,-102.30904388427734,89.25938415527344,84.77913665771484,6.872673034667969,0.2640819549560547,0.7827788649706457
17.929,0,-11.131326675415039,-102.64348602294922,89.55287170410156,84.53028869628906,7.117225646972656,0.11724281311035156,-11.131326675415039,-102.64348602294922,89.55287170410156,84.53028869628906,7.117225646972656,0.11724281311035156,0.7827788649706457
17.963,0,-9.791662216186523,-102.11847686767578,89.12232208251953,84.99832153320312,6.430976867675781,0.4080238342285156,-9.791662216186523,-102.11847686767578,89.12232208251953,84.99832153320312,6.430976867675781,0.4080238342285156,0.7827788649706457
17.996,0,-9.409248352050781,-101.70390319824219,88.2336196899414,86.52322387695312,6.831352233886719,0.3215904235839844,-9.409248352050781,-101.70390319824219,88.2336196899414,86.52322387695312,6.831352233886719,0.3215904235839844,0.7827788649706457
18.031,0,-11.174440383911133,-102.34457397460938,89.31007385253906,84.79271697998047,7.130706787109375,0.24135780334472656,-11.174440383911133,-102.34457397460938,89.31007385253906,84.79271697998047,7.130706787109375,0.24135780334472656,0.7827788649706457
18.064,0,-10.93781566619873,-102.59262084960938,89.50910186767578,84.57064056396484,6.968421936035156,0.12879371643066406,-10.93781566619873,-102.59262084960938,89.50910186767578,84.57064056396484,6.968421936035156,0.12879371643066406,0.7827788649706457
18.099,0,-9.994667053222656,-102.20159149169922,89.13131713867188,85.21826171875,6.785621643066406,0.3559551239013672,-9.994667053222656,-102.20159149169922,89.13131713867188,85.21826171875,6.785621643066406,0.3559551239013672,0.7827788649706457
18.130,0,-9.559816360473633,-101.75253295898438,88.30300903320312,86.2661361694336,6.66778564453125,0.30918121337890625,-9.559816360473633,-101.75253295898438,88.30300903320312,86.2661361694336,6.66778564453125,0.30918121337890625,0.7827788649706457
18.164,0,-11.327875137329102,-102.45201873779297,89.40431213378906,84.89058685302734,6.943794250488281,0.22201919555664062,-11.327875137329102,-102.45201873779297,89.40431213378906,84.89058685302734,6.943794250488281,0.22201919555664062,0.7827788649706457
18.204,0,-10.932394027709961,-102.62544250488281,89.53755950927734,84.54900360107422,7.037933349609375,0.11176300048828125,-10.932394027709961,-102.62544250488281,89.53755950927734,84.54900360107422,7.037933349609375,0.11176300048828125,0.7827788649706457
18.231,0,-9.804168701171875,-102.12198638916016,89.12814331054688,84.99359130859375,6.6800079345703125,0.420562744140625,-9.804168701171875,-102.12198638916016,89.12814331054688,84.99359130859375,6.6800079345703125,0.420562744140625,0.7827788649706457
18.271,0,-9.615477561950684,-101.74794006347656,88.33238220214844,86.18827056884766,6.7123565673828125,0.3092689514160156,-9.615477561950684,-101.74794006347656,88.33238220214844,86.18827056884766,6.7123565673828125,0.3092689514160156,0.7827788649706457
18.298,0,-11.371357917785645,-102.44823455810547,89.43229675292969,84.83036804199219,6.895454406738281,0.2225933074951172,-11.371357917785645,-102.44823455810547,89.43229675292969,84.83036804199219,6.895454406738281,0.2225933074951172,0.7827788649706457
18.339,0,-11.135560035705566,-102.73174285888672,89.54376983642578,84.5330810546875,7.084938049316406,0.0856170654296875,-11.135560035705566,-102.73174285888672,89.54376983642578,84.5330810546875,7.084938049316406,0.0856170654296875,0.7827788649706457
18.366,0,-10.05465030670166,-102.19002532958984,89.15318298339844,85.02619934082031,6.962654113769531,0.3726806640625,-10.05465030670166,-102.19002532958984,89.15318298339844,85.02619934082031,6.962654113769531,0.3726806640625,0.7827788649706457
18.398,0,-9.624340057373047,-101.7820816040039,88.37840270996094,86.15864562988281,6.723785400390625,0.3096446990966797,-9.624340057373047,-101.7820816040039,88.37840270996094,86.15864562988281,6.723785400390625,0.3096446990966797,0.7827788649706457
18.433,0,-11.305421829223633,-102.40272521972656,89.40308380126953,84.91519165039062,6.980796813964844,0.23353004455566406,-11.305421829223633,-102.40272521972656,89.40308380126953,84.91519165039062,6.980796813964844,0.23353004455566406,0.7827788649706457
18.465,0,-11.259356498718262,-102.73834991455078,89.57433319091797,84.51470947265625,7.29022216796875,0.06359672546386719,-11.259356498718262,-102.73834991455078,89.57433319091797,84.51470947265625,7.29022216796875,0.06359672546386719,0.7827788649706457
18.499,0,-9.854443550109863,-102.18656921386719,89.07980346679688,85.19245910644531,6.78594970703125,0.38336753845214844,-9.854443550109863,-102.18656921386719,89.07980346679688,85.19245910644531,6.78594970703125,0.38336753845214844,0.7827788649706457
18.535,0,-9.608957290649414,-101.79052734375,88.30728149414062,86.27974700927734,6.828681945800781,0.30058860778808594,-9.608957290649414,-101.79052734375,88.30728149414062,86.27974700927734,6.828681945800781,0.30058860778808594,0.7827788649706457
18.568,0,-11.37966537475586,-102.45556640625,89.38782501220703,84.96285247802734,7.02423095703125,0.21685791015625,-11.37966537475586,-102.45556640625,89.38782501220703,84.96285247802734,7.02423095703125,0.21685791015625,0.7827788649706457
18.601,0,-11.113497734069824,-102.710693359375,89.58322143554688,84.54005432128906,7.16680908203125,0.08929634094238281,-11.113497734069824,-102.710693359375,89.58322143554688,84.54005432128906,7.16680908203125,0.08929634094238281,0.7827788649706457
18.634,0,-9.911277770996094,-102.19306945800781,89.10910034179688,85.16304779052734,6.7454071044921875,0.37380027770996094,-9.911277770996094,-102.19306945800781,89.10910034179688,85.16304779052734,6.7454071044921875,0.37380027770996094,0.7827788649706457
18.669,0,-9.505731582641602,-101.80941009521484,88.2349853515625,86.36389923095703,6.755401611328125,0.3297576904296875,-9.505731582641602,-101.80941009521484,88.2349853515625,86.36389923095703,6.755401611328125,0.3297576904296875,0.7827788649706457
18.706,0,-11.350676536560059,-102.38602447509766,89.44891357421875,84.78521728515625,6.8603363037109375,0.25006675720214844,-11.350676536560059,-102.38602447509766,89.44891357421875,84.78521728515625,6.8603363037109375,0.25006675720214844,0.7827788649706457
18.737,0,-10.960606575012207,-102.70751953125,89.38663482666016,85.07650756835938,7.327278137207031,0.07082748413085938,-10.960606575012207,-102.70751953125,89.38663482666016,85.07650756835938,7.327278137207031,0.07082748413085938,0.7827788649706457
18.773,0,-9.971561431884766,-102.22264862060547,89.14466857910156,85.1505126953125,6.7755126953125,0.3664989471435547,-9.971561431884766,-102.22264862060547,89.14466857910156,85.1505126953125,6.7755126953125,0.3664989471435547,0.7827788649706457
18.801,0,-9.581441879272461,-101.72682189941406,88.2916259765625,86.28010559082031,6.911811828613281,0.31949424743652344,-9.581441879272461,-101.72682189941406,88.2916259765625,86.28010559082031,6.911811828613281,0.31949424743652344,0.7827788649706457
18.835,0,-11.420501708984375,-102.48815155029297,89.42640686035156,84.82545471191406,6.8252105712890625,0.22185516357421875,-11.420501708984375,-102.48815155029297,89.42640686035156,84.82545471191406,6.8252105712890625,0.22185516357421875,0.7827788649706457
18.868,0,-11.032777786254883,-102.71731567382812,89.39149475097656,85.08515930175781,7.383613586425781,0.05048370361328125,-11.032777786254883,-102.71731567382812,89.39149475097656,85.08515930175781,7.383613586425781,0.05048370361328125,0.7827788649706457
18.908,0,-9.93041706085205,-102.25849914550781,89.13015747070312,85.13681030273438,6.8263092041015625,0.3695220947265625,-9.93041706085205,-102.25849914550781,89.13015747070312,85.13681030273438,6.8263092041015625,0.3695220947265625,0.7827788649706457
18.937,0,-9.50944995880127,-101.85131072998047,88.34902954101562,86.14664459228516,6.824790954589844,0.29598045349121094,-9.50944995880127,-101.85131072998047,88.34902954101562,86.14664459228516,6.824790954589844,0.29598045349121094,0.7827788649706457
18.970,0,-11.306103706359863,-102.5838623046875,89.5201416015625,84.78056335449219,7.032867431640625,0.19554710388183594,-11.306103706359863,-102.5838623046875,89.5201416015625,84.78056335449219,7.032867431640625,0.19554710388183594,0.7827788649706457
19.002,0,-9.892291069030762,-102.15959167480469,89.11213684082031,85.1877670288086,6.779945373535156,0.39484596252441406,-9.892291069030762,-102.15959167480469,89.11213684082031,85.1877670288086,6.779945373535156,0.39484596252441406,0.7827788649706457
19.039,0,-9.787179946899414,-102.1747817993164,89.13401794433594,85.12126922607422,6.621284484863281,0.4073982238769531,-9.787179946899414,-102.1747817993164,89.13401794433594,85.12126922607422,6.621284484863281,0.4073982238769531,0.7827788649706457
19.069,0,-9.351380348205566,-101.63629150390625,88.25955200195312,86.47030639648438,6.8757171630859375,0.3802680969238281,-9.351380348205566,-101.63629150390625,88.25955200195312,86.47030639648438,6.8757171630859375,0.3802680969238281,0.7827788649706457
19.113,0,-11.084317207336426,-102.58338928222656,89.33831024169922,85.26293182373047,6.968109130859375,0.11529922485351562,-11.084317207336426,-102.58338928222656,89.33831024169922,85.26293182373047,6.968109130859375,0.11529922485351562,0.7827788649706457
19.140,0,-9.942957878112793,-102.10645294189453,89.0532455444336,85.07911682128906,6.977317810058594,0.3973865509033203,-9.942957878112793,-102.10645294189453,89.0532455444336,85.07911682128906,6.977317810058594,0.3973865509033203,0.7827788649706457
19.172,0,-9.306796073913574,-101.85091400146484,88.28761291503906,86.31027221679688,6.865478515625,0.2996387481689453,-9.306796073913574,-101.85091400146484,88.28761291503906,86.31027221679688,6.865478515625,0.2996387481689453,0.7827788649706457
19.225,0,-11.321934700012207,-102.62590026855469,89.55892181396484,84.67455291748047,6.90216064453125,0.18347930908203125,-11.321934700012207,-102.62590026855469,89.55892181396484,84.67455291748047,6.90216064453125,0.18347930908203125,0.7827788649706457
19.252,0,-11.121570587158203,-102.66352081298828,89.38650512695312,85.15148162841797,7.121856689453125,0.07490348815917969,-11.121570587158203,-102.66352081298828,89.38650512695312,85.15148162841797,7.121856689453125,0.07490348815917969,0.7827788649706457
19.286,0,-9.925468444824219,-102.20990753173828,89.08148193359375,85.19824981689453,6.863365173339844,0.37586402893066406,-9.925468444824219,-102.20990753173828,89.08148193359375,85.19824981689453,6.863365173339844,0.37586402893066406,0.7827788649706457
19.318,0,-9.496514320373535,-101.78548431396484,88.28974914550781,86.47611236572266,7.0993804931640625,0.2839794158935547,-9.496514320373535,-101.78548431396484,88.28974914550781,86.47611236572266,7.0993804931640625,0.2839794158935547,0.7827788649706457
19.352,0,-11.427958488464355,-102.68070220947266,89.52032470703125,84.7794418334961,6.848106384277344,0.16959381103515625,-11.427958488464355,-102.68070220947266,89.52032470703125,84.7794418334961,6.848106384277344,0.16959381103515625,0.7827788649706457
19.385,0,-11.200255393981934,-102.69680786132812,89.4316177368164,85.1219711303711,7.415046691894531,0.026029586791992188,-11.200255393981934,-102.69680786132812,89.4316177368164,85.1219711303711,7.415046691894531,0.026029586791992188,0.7827788649706457
19.419,0,-11.247639656066895,-102.70120239257812,89.25660705566406,85.68952178955078,6.867362976074219,0.08721160888671875,-11.247639656066895,-102.70120239257812,89.25660705566406,85.68952178955078,6.867362976074219,0.08721160888671875,0.7827788649706457
19.452,0,-9.39234447479248,-101.76459503173828,88.30622863769531,86.42770385742188,6.760650634765625,0.3276195526123047,-9.39234447479248,-101.76459503173828,88.30622863769531,86.42770385742188,6.760650634765625,0.3276195526123047,0.7827788649706457
19.485,0,-11.689650535583496,-102.73509216308594,89.5231704711914,84.82176971435547,7.040550231933594,0.12273979187011719,-11.689650535583496,-102.73509216308594,89.5231704711914,84.82176971435547,7.040550231933594,0.12273979187011719,0.7827788649706457
19.520,0,-11.034420013427734,-102.5285415649414,89.3583755493164,85.11992645263672,7.101646423339844,0.13281631469726562,-11.034420013427734,-102.5285415649414,89.3583755493164,85.11992645263672,7.101646423339844,0.13281631469726562,0.7827788649706457
19.587,0,-11.585785865783691,-102.71151733398438,89.33769226074219,85.61763763427734,6.889610290527344,0.09122276306152344,-11.585785865783691,-102.71151733398438,89.33769226074219,85.61763763427734,6.889610290527344,0.09122276306152344,0.7827788649706457
19.615,0,-11.739920616149902,-102.83573150634766,89.57124328613281,84.74246215820312,6.932655334472656,0.10931205749511719,-11.739920616149902,-102.83573150634766,89.57124328613281,84.74246215820312,6.932655334472656,0.10931205749511719,0.7827788649706457
19.650,0,-11.337607383728027,-102.7403335571289,89.34324645996094,85.27599334716797,7.211265563964844,0.06478691101074219,-11.337607383728027,-102.7403335571289,89.34324645996094,85.27599334716797,7.211265563964844,0.06478691101074219,0.7827788649706457
19.681,0,-11.526705741882324,-102.77587890625,89.30929565429688,85.5427017211914,6.850425720214844,0.08507728576660156,-11.526705741882324,-102.77587890625,89.30929565429688,85.5427017211914,6.850425720214844,0.08507728576660156,0.7827788649706457
19.714,0,-9.559799194335938,-101.78641510009766,88.13114929199219,86.6810302734375,6.869049072265625,0.3183631896972656,-9.559799194335938,-101.78641510009766,88.13114929199219,86.6810302734375,6.869049072265625,0.3183631896972656,0.7827788649706457
19.748,0,-11.543619155883789,-102.76113891601562,89.48481750488281,84.81585693359375,6.8853302001953125,0.13970565795898438,-11.543619155883789,-102.76113891601562,89.48481750488281,84.81585693359375,6.8853302001953125,0.13970565795898438,0.7827788649706457
19.786,0,-11.021900177001953,-102.57389068603516,89.23834991455078,85.33113861083984,7.213859558105469,0.10423660278320312,-11.021900177001953,-102.57389068603516,89.23834991455078,85.33113861083984,7.213859558105469,0.10423660278320312,0.7827788649706457
19.814,0,-11.487804412841797,-102.77588653564453,89.27561950683594,85.70147705078125,7.022239685058594,0.07588005065917969,-11.487804412841797,-102.77588653564453,89.27561950683594,85.70147705078125,7.022239685058594,0.07588005065917969,0.7827788649706457
19.847,0,-9.444477081298828,-101.78472137451172,88.22265625,86.68798065185547,6.871147155761719,0.31256866455078125,-9.444477081298828,-101.78472137451172,88.22265625,86.68798065185547,6.871147155761719,0.31256866455078125,0.7827788649706457
19.881,0,-11.420634269714355,-102.64926147460938,89.57691955566406,84.63723754882812,7.138664245605469,0.08077239990234375,-11.420634269714355,-102.64926147460938,89.57691955566406,84.63723754882812,7.138664245605469,0.08077239990234375,0.7827788649706457
19.915,0,-11.097844123840332,-102.6409912109375,89.26514434814453,85.321044921875,7.1854095458984375,0.10213279724121094,-11.097844123840332,-102.6409912109375,89.26514434814453,85.321044921875,7.1854095458984375,0.10213279724121094,0.7827788649706457
19.947,0,-11.412700653076172,-102.80360412597656,89.34976196289062,85.45774841308594,6.7756805419921875,0.08227157592773438,-11.412700653076172,-102.80360412597656,89.34976196289062,85.45774841308594,6.7756805419921875,0.08227157592773438,0.7827788649706457
19.981,0,-9.313676834106445,-101.72895812988281,88.18475341796875,86.48043823242188,6.710853576660156,0.33603668212890625,-9.313676834106445,-101.72895812988281,88.18475341796875,86.48043823242188,6.710853576660156,0.33603668212890625,0.7827788649706457
20.015,0,-11.638162612915039,-102.76499938964844,89.64225006103516,84.452880859375,7.0237274169921875,0.08613204956054688,-11.638162612915039,-102.76499938964844,89.64225006103516,84.452880859375,7.0237274169921875,0.08613204956054688,0.7827788649706457
20.048,0,-11.029751777648926,-102.57827758789062,89.2453842163086,85.31926727294922,7.120819091796875,0.11897468566894531,-11.029751777648926,-102.57827758789062,89.2453842163086,85.31926727294922,7.120819091796875,0.11897468566894531,0.7827788649706457
20.083,0,-11.55772876739502,-102.9529037475586,89.44257354736328,85.29179382324219,6.8017425537109375,0.04953193664550781,-11.55772876739502,-102.9529037475586,89.44257354736328,85.29179382324219,6.8017425537109375,0.04953193664550781,0.7827788649706457
20.117,0,-9.319448471069336,-101.78235626220703,88.32254028320312,86.20692443847656,6.512359619140625,0.3430461883544922,-9.319448471069336,-101.78235626220703,88.32254028320312,86.20692443847656,6.512359619140625,0.3430461883544922,0.7827788649706457
20.156,0,-11.642239570617676,-102.68997192382812,89.65142059326172,84.44833374023438,7.253204345703125,0.15133285522460938,-11.642239570617676,-102.68997192382812,89.65142059326172,84.44833374023438,7.253204345703125,0.15133285522460938,0.7827788649706457
20.185,0,-11.141818046569824,-102.52293395996094,89.24105834960938,85.34220886230469,7.347480773925781,0.12249565124511719,-11.141818046569824,-102.52293395996094,89.24105834960938,85.34220886230469,7.347480773925781,0.12249565124511719,0.7827788649706457
20.218,0,-11.415066719055176,-102.84303283691406,89.39679718017578,85.35697937011719,6.78509521484375,0.07583999633789062,-11.415066719055176,-102.84303283691406,89.39679718017578,85.35697937011719,6.78509521484375,0.07583999633789062,0.7827788649706457
20.259,0,-9.301674842834473,-101.79527282714844,88.35633850097656,86.28102111816406,6.729156494140625,0.31671142578125,-9.301674842834473,-101.79527282714844,88.35633850097656,86.28102111816406,6.729156494140625,0.31671142578125,0.7827788649706457
20.287,0,-11.431961059570312,-102.66913604736328,89.63386535644531,84.37005615234375,7.140007019042969,0.1770954132080078,-11.431961059570312,-102.66913604736328,89.63386535644531,84.37005615234375,7.140007019042969,0.1770954132080078,0.7827788649706457
20.320,0,-10.976849555969238,-102.62286376953125,89.34872436523438,85.22390747070312,7.318885803222656,0.08015823364257812,-10.976849555969238,-102.62286376953125,89.34872436523438,85.22390747070312,7.318885803222656,0.08015823364257812,0.7827788649706457
20.363,0,-11.378190040588379,-102.74217224121094,89.33650970458984,85.44459533691406,6.8676605224609375,0.09626960754394531,-11.378190040588379,-102.74217224121094,89.33650970458984,85.44459533691406,6.8676605224609375,0.09626960754394531,0.7827788649706457
20.390,0,-9.298935890197754,-101.71623229980469,88.39169311523438,86.30467987060547,6.7166290283203125,0.31754302978515625,-9.298935890197754,-101.71623229980469,88.39169311523438,86.30467987060547,6.7166290283203125,0.31754302978515625,0.7827788649706457
20.422,0,-11.647303581237793,-102.64229583740234,89.66031646728516,84.38491821289062,7.370635986328125,0.15252685546875,-11.647303581237793,-102.64229583740234,89.66031646728516,84.38491821289062,7.370635986328125,0.15252685546875,0.7827788649706457
20.461,0,-11.181212425231934,-102.68367767333984,89.20864868164062,85.48419952392578,7.339881896972656,0.06353759765625,-11.181212425231934,-102.68367767333984,89.20864868164062,85.48419952392578,7.339881896972656,0.06353759765625,0.7827788649706457
20.489,0,-10.921196937561035,-102.62444305419922,89.44281768798828,84.74373626708984,7.022819519042969,0.15595245361328125,-10.921196937561035,-102.62444305419922,89.44281768798828,84.74373626708984,7.022819519042969,0.15595245361328125,0.7827788649706457
20.522,0,-9.107199668884277,-101.65351867675781,88.0767822265625,86.82020568847656,6.901145935058594,0.35594940185546875,-9.107199668884277,-101.65351867675781,88.0767822265625,86.82020568847656,6.901145935058594,0.35594940185546875,0.7827788649706457
20.557,0,-11.424076080322266,-102.55128479003906,89.6031723022461,84.39453887939453,7.2687225341796875,0.1968097686767578,-11.424076080322266,-102.55128479003906,89.6031723022461,84.39453887939453,7.2687225341796875,0.1968097686767578,0.7827788649706457
20.590,0,-11.14270305633545,-102.64884948730469,89.23370361328125,85.38658142089844,7.280632019042969,0.06512069702148438,-11.14270305633545,-102.64884948730469,89.23370361328125,85.38658142089844,7.280632019042969,0.06512069702148438,0.7827788649706457
20.623,0,-11.000889778137207,-102.68404388427734,89.58927154541016,84.58013153076172,7.19024658203125,0.11321258544921875,-11.000889778137207,-102.68404388427734,89.58927154541016,84.58013153076172,7.19024658203125,0.11321258544921875,0.7827788649706457
20.657,0,-9.135506629943848,-101.60356140136719,88.04411315917969,86.80567169189453,6.875274658203125,0.3601970672607422,-9.135506629943848,-101.60356140136719,88.04411315917969,86.80567169189453,6.875274658203125,0.3601970672607422,0.7827788649706457
20.690,0,-11.786133766174316,-102.6892318725586,89.58442687988281,84.50547790527344,7.136314392089844,0.15437698364257812,-11.786133766174316,-102.6892318725586,89.58442687988281,84.50547790527344,7.136314392089844,0.15437698364257812,0.7827788649706457
20.724,0,-10.869665145874023,-102.68311309814453,89.241455078125,85.52510070800781,7.191062927246094,0.04552459716796875,-10.869665145874023,-102.68311309814453,89.241455078125,85.52510070800781,7.191062927246094,0.04552459716796875,0.7827788649706457
20.757,0,-10.989653587341309,-102.66949462890625,89.5525131225586,84.62385559082031,7.153678894042969,0.11919784545898438,-10.989653587341309,-102.66949462890625,89.5525131225586,84.62385559082031,7.153678894042969,0.11919784545898438,0.7827788649706457
20.794,0,-9.0938720703125,-101.55909729003906,88.09759521484375,86.66045379638672,6.8904876708984375,0.3689117431640625,-9.0938720703125,-101.55909729003906,88.09759521484375,86.66045379638672,6.8904876708984375,0.3689117431640625,0.7827788649706457
20.824,0,-11.619658470153809,-102.70585632324219,89.64904022216797,84.37687683105469,7.061882019042969,0.1661510467529297,-11.619658470153809,-102.70585632324219,89.64904022216797,84.37687683105469,7.061882019042969,0.1661510467529297,0.7827788649706457
20.858,0,-11.047703742980957,-102.65697479248047,89.2879867553711,85.23779296875,7.239433288574219,0.09765434265136719,-11.047703742980957,-102.65697479248047,89.2879867553711,85.23779296875,7.239433288574219,0.09765434265136719,0.7827788649706457
20.891,0,-10.778791427612305,-102.67973327636719,89.52803802490234,84.59266662597656,7.0945587158203125,0.14253997802734375,-10.778791427612305,-102.67973327636719,89.52803802490234,84.59266662597656,7.0945587158203125,0.14253997802734375,0.7827788649706457
20.925,0,-8.906023979187012,-101.5495376586914,88.1019287109375,86.75183868408203,6.715003967285156,0.39370155334472656,-8.906023979187012,-101.5495376586914,88.1019287109375,86.75183868408203,6.715003967285156,0.39370155334472656,0.7827788649706457
20.958,0,-11.562047004699707,-102.67520141601562,89.66345977783203,84.27197265625,7.039520263671875,0.17837905883789062,-11.562047004699707,-102.67520141601562,89.66345977783203,84.27197265625,7.039520263671875,0.17837905883789062,0.7827788649706457
20.992,0,-10.762776374816895,-102.59782409667969,89.25019836425781,85.42576599121094,7.134483337402344,0.0916748046875,-10.762776374816895,-102.59782409667969,89.25019836425781,85.42576599121094,7.134483337402344,0.0916748046875,0.7827788649706457
21.038,0,-10.683842658996582,-102.62214660644531,89.5360336303711,84.59944915771484,7.202095031738281,0.13989830017089844,-10.683842658996582,-102.62214660644531,89.5360336303711,84.59944915771484,7.202095031738281,0.13989830017089844,0.7827788649706457
21.066,0,-9.561786651611328,-102.02022552490234,89.18498992919922,84.50971221923828,6.5511627197265625,0.07369041442871094,-9.561786651611328,-102.02022552490234,89.18498992919922,84.50971221923828,6.5511627197265625,0.07369041442871094,0.7827788649706457
21.106,0,-11.512356758117676,-102.69501495361328,89.68045043945312,84.22013092041016,6.9745330810546875,0.18367576599121094,-11.512356758117676,-102.69501495361328,89.68045043945312,84.22013092041016,6.9745330810546875,0.18367576599121094,0.7827788649706457
21.133,0,-10.8467435836792,-102.77871704101562,89.25122833251953,85.43799591064453,7.098663330078125,0.028810501098632812,-10.8467435836792,-102.77871704101562,89.25122833251953,85.43799591064453,7.098663330078125,0.028810501098632812,0.7827788649706457
21.169,0,-10.813836097717285,-102.60631561279297,89.56623840332031,84.60283660888672,7.09393310546875,0.150177001953125,-10.813836097717285,-102.60631561279297,89.56623840332031,84.60283660888672,7.09393310546875,0.150177001953125,0.7827788649706457
21.210,0,-9.740877151489258,-102.07831573486328,89.09095764160156,84.84013366699219,6.589424133300781,0.07230186462402344,-9.740877151489258,-102.07831573486328,89.09095764160156,84.84013366699219,6.589424133300781,0.07230186462402344,0.7827788649706457
21.239,0,-11.482698440551758,-102.61788177490234,89.68241119384766,84.16754150390625,6.944793701171875,0.20337486267089844,-11.482698440551758,-102.61788177490234,89.68241119384766,84.16754150390625,6.944793701171875,0.20337486267089844,0.7827788649706457
21.272,0,-10.728423118591309,-102.60960388183594,89.50083923339844,84.74616241455078,7.067329406738281,0.16547012329101562,-10.728423118591309,-102.60960388183594,89.50083923339844,84.74616241455078,7.067329406738281,0.16547012329101562,0.7827788649706457
21.308,0,-10.897392272949219,-102.62525939941406,89.52348327636719,84.67034912109375,7.199470520019531,0.14581680297851562,-10.897392272949219,-102.62525939941406,89.52348327636719,84.67034912109375,7.199470520019531,0.14581680297851562,0.7827788649706457
21.338,0,-9.61405086517334,-101.98213195800781,89.17438507080078,84.46058654785156,6.330024719238281,0.11112022399902344,-9.61405086517334,-101.98213195800781,89.17438507080078,84.46058654785156,6.330024719238281,0.11112022399902344,0.7827788649706457
21.370,0,-11.07539176940918,-102.70994567871094,89.2197036743164,85.56358337402344,7.2653045654296875,0.015384674072265625,-11.07539176940918,-102.70994567871094,89.2197036743164,85.56358337402344,7.2653045654296875,0.015384674072265625,0.7827788649706457
21.408,0,-11.009516716003418,-102.76725769042969,89.2491683959961,85.4668960571289,7.098167419433594,0.016843795776367188,-11.009516716003418,-102.76725769042969,89.2491683959961,85.4668960571289,7.098167419433594,0.016843795776367188,0.7827788649706457
21.438,0,-10.88569164276123,-102.54753112792969,89.43074798583984,84.747314453125,7.0357818603515625,0.18309783935546875,-10.88569164276123,-102.54753112792969,89.43074798583984,84.747314453125,7.0357818603515625,0.18309783935546875,0.7827788649706457
21.472,0,-11.6853609085083,-102.80078887939453,89.73870849609375,84.14460754394531,7.0393218994140625,0.1291065216064453,-11.6853609085083,-102.80078887939453,89.73870849609375,84.14460754394531,7.0393218994140625,0.1291065216064453,0.7827788649706457
21.507,0,-11.583555221557617,-102.68975830078125,89.67819213867188,84.21833801269531,6.889862060546875,0.18599891662597656,-11.583555221557617,-102.68975830078125,89.67819213867188,84.21833801269531,6.889862060546875,0.18599891662597656,0.7827788649706457
21.538,0,-11.02941608428955,-102.76532745361328,89.21353912353516,85.62602233886719,7.144462585449219,0.025842666625976562,-11.02941608428955,-102.76532745361328,89.21353912353516,85.62602233886719,7.144462585449219,0.025842666625976562,0.7827788649706457
21.572,0,-9.753891944885254,-102.0555419921875,89.16255950927734,84.65974426269531,6.584419250488281,0.10222625732421875,-9.753891944885254,-102.0555419921875,89.16255950927734,84.65974426269531,6.584419250488281,0.10222625732421875,0.7827788649706457
21.606,0,-9.927958488464355,-102.06275939941406,89.15589141845703,84.67750549316406,6.557136535644531,0.08097457885742188,-9.927958488464355,-102.06275939941406,89.15589141845703,84.67750549316406,6.557136535644531,0.08097457885742188,0.7827788649706457
21.639,0,-11.584158897399902,-102.76193237304688,89.6645278930664,84.22496795654297,7.091102600097656,0.152557373046875,-11.584158897399902,-102.76193237304688,89.6645278930664,84.22496795654297,7.091102600097656,0.152557373046875,0.7827788649706457
21.676,0,-11.033312797546387,-102.61111450195312,89.51457214355469,84.61869049072266,7.149566650390625,0.16845130920410156,-11.033312797546387,-102.61111450195312,89.51457214355469,84.61869049072266,7.149566650390625,0.16845130920410156,0.7827788649706457
21.706,0,-10.889508247375488,-102.52723693847656,89.4566421508789,84.68779754638672,7.011833190917969,0.19988250732421875,-10.889508247375488,-102.52723693847656,89.4566421508789,84.68779754638672,7.011833190917969,0.19988250732421875,0.7827788649706457
21.739,0,-11.643818855285645,-102.71128845214844,89.67771911621094,84.25019836425781,7.010490417480469,0.15539169311523438,-11.643818855285645,-102.71128845214844,89.67771911621094,84.25019836425781,7.010490417480469,0.15539169311523438,0.7827788649706457
21.774,0,-11.094305038452148,-102.6418685913086,89.22039794921875,85.57492065429688,7.2516021728515625,0.04274559020996094,-11.094305038452148,-102.6418685913086,89.22039794921875,85.57492065429688,7.2516021728515625,0.04274559020996094,0.7827788649706457
21.807,0,-10.978482246398926,-102.75242614746094,89.2000732421875,85.56845092773438,7.166412353515625,0.021486282348632812,-10.978482246398926,-102.75242614746094,89.2000732421875,85.56845092773438,7.166412353515625,0.021486282348632812,0.7827788649706457
21.839,0,-9.818697929382324,-102.04153442382812,88.6005859375,85.76695251464844,6.551414489746094,0.20053672790527344,-9.818697929382324,-102.04153442382812,88.6005859375,85.76695251464844,6.551414489746094,0.20053672790527344,0.7827788649706457
21.872,0,-9.98907470703125,-102.06635284423828,88.54532623291016,85.86160278320312,6.7444000244140625,0.1770153045654297,-9.98907470703125,-102.06635284423828,88.54532623291016,85.86160278320312,6.7444000244140625,0.1770153045654297,0.7827788649706457
21.907,0,-11.64261531829834,-102.72379302978516,89.61865997314453,84.4180679321289,7.1018829345703125,0.16313934326171875,-11.64261531829834,-102.72379302978516,89.61865997314453,84.4180679321289,7.1018829345703125,0.16313934326171875,0.7827788649706457
21.941,0,-10.71629810333252,-102.56861114501953,89.48800659179688,84.6994400024414,7.0446624755859375,0.18471717834472656,-10.71629810333252,-102.56861114501953,89.48800659179688,84.6994400024414,7.0446624755859375,0.18471717834472656,0.7827788649706457
21.973,0,-10.618675231933594,-102.57978057861328,89.51557159423828,84.58163452148438,7.013313293457031,0.18024063110351562,-10.618675231933594,-102.57978057861328,89.51557159423828,84.58163452148438,7.013313293457031,0.18024063110351562,0.7827788649706457
22.006,0,-9.71947956085205,-101.94266510009766,88.60725402832031,85.61940002441406,6.4352569580078125,0.22083091735839844,-9.71947956085205,-101.94266510009766,88.60725402832031,85.61940002441406,6.4352569580078125,0.22083091735839844,0.7827788649706457
22.038,0,-11.112119674682617,-102.78018188476562,89.24339294433594,85.48334503173828,7.288604736328125,0.03339958190917969,-11.112119674682617,-102.78018188476562,89.24339294433594,85.48334503173828,7.288604736328125,0.03339958190917969,0.7827788649706457
22.072,0,-10.859654426574707,-102.69725799560547,89.213623046875,85.5234603881836,7.095001220703125,0.06778144836425781,-10.859654426574707,-102.69725799560547,89.213623046875,85.5234603881836,7.095001220703125,0.06778144836425781,0.7827788649706457
22.106,0,-10.749531745910645,-102.62274932861328,89.55038452148438,84.55413818359375,7.108062744140625,0.1442737579345703,-10.749531745910645,-102.62274932861328,89.55038452148438,84.55413818359375,7.108062744140625,0.1442737579345703,0.7827788649706457
22.138,0,-11.633472442626953,-102.74702453613281,89.63170623779297,84.39496612548828,7.1191864013671875,0.14003944396972656,-11.633472442626953,-102.74702453613281,89.63170623779297,84.39496612548828,7.1191864013671875,0.14003944396972656,0.7827788649706457
22.174,0,-11.511883735656738,-102.6810302734375,89.66265106201172,84.31021881103516,7.069267272949219,0.17310333251953125,-11.511883735656738,-102.6810302734375,89.66265106201172,84.31021881103516,7.069267272949219,0.17310333251953125,0.7827788649706457
22.207,0,-10.767537117004395,-102.62451934814453,89.48178100585938,84.68777465820312,7.173103332519531,0.1554393768310547,-10.767537117004395,-102.62451934814453,89.48178100585938,84.68777465820312,7.173103332519531,0.1554393768310547,0.7827788649706457
22.239,0,-9.798824310302734,-102.02454376220703,88.5733413696289,85.70471954345703,6.616523742675781,0.20847320556640625,-9.798824310302734,-102.02454376220703,88.5733413696289,85.70471954345703,6.616523742675781,0.20847320556640625,0.7827788649706457
22.272,0,-9.84232234954834,-102.0490951538086,88.55044555664062,85.72883605957031,6.63427734375,0.19481468200683594,-9.84232234954834,-102.0490951538086,88.55044555664062,85.72883605957031,6.63427734375,0.19481468200683594,0.7827788649706457
