t_s,episode,target.shoulder_pan.pos,target.shoulder_lift.pos,target.elbow_flex.pos,target.wrist_flex.pos,target.wrist_roll.pos,target.gripper.pos,sent.shoulder_pan.pos,sent.shoulder_lift.pos,sent.elbow_flex.pos,sent.wrist_flex.pos,sent.wrist_roll.pos,sent.gripper.pos,gripper_actual
0.211,0,-6.69504451751709,-100.95391845703125,95.68898010253906,55.98387908935547,-6.531044006347656,0.9587650299072266,-6.69504451751709,-100.95391845703125,95.68898010253906,65.94505494505495,-9.021978021978022,0.9587650299072266,2.5440313111545985
0.236,0,-6.496260643005371,-100.76892852783203,95.60823822021484,55.55138397216797,-7.371337890625,0.9195308685302734,-6.496260643005371,-100.76892852783203,95.60823822021484,65.94505494505495,-9.021978021978022,0.9195308685302734,2.5440313111545985
0.271,0,-6.83624267578125,-100.75648498535156,95.66098022460938,55.388389587402344,-7.051483154296875,0.7466144561767578,-6.83624267578125,-100.75648498535156,95.66098022460938,65.5934065934066,-8.67032967032967,0.7466144561767578,2.5440313111545985
0.306,0,-6.880180358886719,-100.7667465209961,95.64897918701172,55.49884033203125,-7.298095703125,0.6467056274414062,-6.880180358886719,-100.7667465209961,95.64897918701172,64.01098901098901,-7.298095703125,0.6467056274414062,1.9569471624266144
0.337,0,-6.72015380859375,-100.7883529663086,95.7525863647461,55.19026184082031,-7.66790771484375,0.5784664154052734,-6.72015380859375,-100.7883529663086,95.7525863647461,62.78021978021978,-7.66790771484375,0.5784664154052734,1.6307893020221786
0.374,0,-6.676381587982178,-100.81306457519531,95.83586883544922,54.9832763671875,-8.0242919921875,0.5237998962402344,-6.676381587982178,-100.81306457519531,95.83586883544922,61.46153846153847,-8.0242919921875,0.5237998962402344,1.5655577299412915
0.403,0,-6.759278774261475,-100.82268524169922,95.84349060058594,55.10771179199219,-8.145828247070312,0.4823188781738281,-6.759278774261475,-100.82268524169922,95.84349060058594,60.318681318681314,-8.145828247070312,0.4823188781738281,1.4350945857795172
0.443,0,-6.753983020782471,-100.88275146484375,95.90257263183594,54.934837341308594,-8.509864807128906,0.4323844909667969,-6.753983020782471,-100.88275146484375,95.90257263183594,58.824175824175825,-8.509864807128906,0.4323844909667969,1.36986301369863
0.471,0,-6.797518253326416,-100.8949203491211,95.95167541503906,54.673240661621094,-9.149200439453125,0.4069671630859375,-6.797518253326416,-100.8949203491211,95.95167541503906,57.76923076923077,-9.149200439453125,0.4069671630859375,1.36986301369863
0.506,0,-6.763879299163818,-100.89518737792969,96.00347137451172,54.280128479003906,-10.047508239746094,0.3845386505126953,-6.763879299163818,-100.89518737792969,96.00347137451172,56.45054945054945,-10.047508239746094,0.3845386505126953,1.36986301369863
0.537,0,-6.859285831451416,-100.87712097167969,96.03794860839844,54.000648498535156,-10.891159057617188,0.3655071258544922,-6.859285831451416,-100.87712097167969,96.03794860839844,55.21978021978022,-10.891159057617188,0.3655071258544922,1.36986301369863
0.569,0,-6.8099541664123535,-100.85324096679688,96.10966491699219,53.52295684814453,-12.296310424804688,0.3401966094970703,-6.8099541664123535,-100.85324096679688,96.10966491699219,53.989010989010985,-12.296310424804688,0.3401966094970703,1.36986301369863
0.602,0,-6.843011856079102,-100.8358383178711,96.17449951171875,53.04826354980469,-13.476959228515625,0.3189239501953125,-6.843011856079102,-100.8358383178711,96.17449951171875,53.04826354980469,-13.476959228515625,0.3189239501953125,1.36986301369863
0.643,0,-6.854452610015869,-100.8081283569336,96.23167419433594,52.527870178222656,-14.736076354980469,0.32370567321777344,-6.854452610015869,-100.8081283569336,96.23167419433594,52.527870178222656,-14.736076354980469,0.32370567321777344,1.36986301369863
0.673,0,-6.882071495056152,-100.78524780273438,96.30490112304688,52.003440856933594,-16.09789276123047,0.31948089599609375,-6.882071495056152,-100.78524780273438,96.30490112304688,52.003440856933594,-16.09789276123047,0.31948089599609375,1.36986301369863
0.710,0,-6.875975608825684,-100.74559783935547,96.35797882080078,51.5504150390625,-17.671302795410156,0.31143760681152344,-6.875975608825684,-100.74559783935547,96.35797882080078,51.5504150390625,-17.671302795410156,0.31143760681152344,1.36986301369863
0.740,0,-6.901516437530518,-100.70114135742188,96.40723419189453,51.08879089355469,-19.01921844482422,0.3158454895019531,-6.901516437530518,-100.70114135742188,96.40723419189453,51.08879089355469,-19.01921844482422,0.3158454895019531,1.36986301369863
0.769,0,-6.940491676330566,-100.6482162475586,96.4535903930664,50.58873748779297,-20.642284393310547,0.32405662536621094,-6.940491676330566,-100.6482162475586,96.4535903930664,50.58873748779297,-20.604395604395606,0.32405662536621094,1.36986301369863
0.807,0,-6.986898422241211,-100.62273406982422,96.499755859375,50.183807373046875,-22.139347076416016,0.3249092102050781,-6.986898422241211,-100.62273406982422,96.499755859375,50.183807373046875,-22.139347076416016,0.3249092102050781,1.36986301369863
0.839,0,-7.0109734535217285,-100.58403015136719,96.5365219116211,49.74811553955078,-23.803054809570312,0.33092689514160156,-7.0109734535217285,-100.58403015136719,96.5365219116211,49.74811553955078,-23.803054809570312,0.33092689514160156,1.304631441617743
0.870,0,-7.108676910400391,-100.53881072998047,96.57965087890625,49.276634216308594,-25.649669647216797,0.33405303955078125,-7.108676910400391,-100.53881072998047,96.57965087890625,49.276634216308594,-25.087912087912088,0.33405303955078125,1.304631441617743
0.905,0,-7.17791223526001,-100.49907684326172,96.60921478271484,48.7982177734375,-27.523624420166016,0.3367729187011719,-7.17791223526001,-100.49907684326172,96.60921478271484,48.7982177734375,-26.846153846153847,0.3367729187011719,1.304631441617743
0.938,0,-7.260499000549316,-100.474853515625,96.63520812988281,48.40556335449219,-29.414920806884766,0.33159446716308594,-7.260499000549316,-100.474853515625,96.63520812988281,48.40556335449219,-28.252747252747252,0.33159446716308594,1.304631441617743
0.981,0,-7.336909294128418,-100.45359802246094,96.66609954833984,47.984893798828125,-31.301467895507812,0.32372283935546875,-7.336909294128418,-100.45359802246094,96.66609954833984,47.984893798828125,-30.274725274725274,0.32372283935546875,1.304631441617743
1.006,0,-7.377694129943848,-100.43399047851562,96.68952178955078,47.58636474609375,-33.08927917480469,0.3166046142578125,-7.377694129943848,-100.43399047851562,96.68952178955078,47.58636474609375,-31.32967032967033,0.3166046142578125,1.304631441617743
1.041,0,-7.424905776977539,-100.41255950927734,96.70956420898438,47.202415466308594,-34.76327896118164,0.3095512390136719,-7.424905776977539,-100.41255950927734,96.70956420898438,47.202415466308594,-32.64835164835165,0.3095512390136719,1.304631441617743
1.073,0,-7.4852705001831055,-100.37734985351562,96.71992492675781,46.765968322753906,-36.656803131103516,0.3081855773925781,-7.4852705001831055,-100.37734985351562,96.71992492675781,46.765968322753906,-34.318681318681314,0.3081855773925781,1.304631441617743
1.117,0,-7.537062644958496,-100.33999633789062,96.72390747070312,46.315521240234375,-38.61403274536133,0.30974388122558594,-7.537062644958496,-100.33999633789062,96.72390747070312,46.315521240234375,-36.16483516483517,0.30974388122558594,1.304631441617743
1.143,0,-7.548635005950928,-100.3206558227539,96.72871398925781,45.896324157714844,-40.47278594970703,0.3096275329589844,-7.548635005950928,-100.3206558227539,96.72871398925781,45.896324157714844,-37.30769230769231,0.3096275329589844,1.304631441617743
1.175,0,-7.60043478012085,-100.28935241699219,96.72863006591797,45.48255157470703,-42.306114196777344,0.31067466735839844,-7.60043478012085,-100.28935241699219,96.72863006591797,45.48255157470703,-38.53846153846154,0.31067466735839844,1.304631441617743
1.208,0,-7.648140907287598,-100.2566909790039,96.71894836425781,45.11238098144531,-44.203590393066406,0.32279396057128906,-7.648140907287598,-100.2566909790039,96.71894836425781,45.11238098144531,-40.2967032967033,0.32279396057128906,1.304631441617743
1.242,0,-7.656100749969482,-100.23082733154297,96.70841217041016,44.709320068359375,-46.0087776184082,0.3276958465576172,-7.656100749969482,-100.23082733154297,96.70841217041016,44.709320068359375,-41.7032967032967,0.3276958465576172,1.304631441617743
1.275,0,-7.675407409667969,-100.209716796875,96.70057678222656,44.31108093261719,-47.86442947387695,0.3325157165527344,-7.675407409667969,-100.209716796875,96.70057678222656,44.31108093261719,-43.1978021978022,0.3325157165527344,1.304631441617743
1.309,0,-7.680664539337158,-100.1878890991211,96.68743896484375,43.91065216064453,-49.73725509643555,0.33809471130371094,-7.680664539337158,-100.1878890991211,96.68743896484375,43.91065216064453,-44.86813186813187,0.33809471130371094,1.304631441617743
1.342,0,-7.6662492752075195,-100.1898193359375,96.67208862304688,43.585357666015625,-51.611026763916016,0.34366416931152344,-7.6662492752075195,-100.1898193359375,96.67208862304688,43.585357666015625,-46.362637362637365,0.34366416931152344,1.304631441617743
1.375,0,-7.651915550231934,-100.16949462890625,96.65318298339844,43.22074890136719,-53.54816436767578,0.3630084991455078,-7.651915550231934,-100.16949462890625,96.65318298339844,43.22074890136719,-47.857142857142854,0.3630084991455078,1.304631441617743
1.409,0,-7.6360931396484375,-100.1727294921875,96.63792419433594,42.90601348876953,-55.349464416503906,0.38793373107910156,-7.6360931396484375,-100.1727294921875,96.63792419433594,42.90601348876953,-49.43956043956044,0.38793373107910156,1.304631441617743
1.442,0,-7.631221771240234,-100.1899642944336,96.61990356445312,42.619712829589844,-57.16646194458008,0.42057037353515625,-7.631221771240234,-100.1899642944336,96.61990356445312,42.619712829589844,-51.02197802197802,0.42057037353515625,1.304631441617743
1.476,0,-7.575542449951172,-100.21009826660156,96.59966278076172,42.33954620361328,-58.99391174316406,0.4412574768066406,-7.575542449951172,-100.21009826660156,96.59966278076172,42.33954620361328,-52.51648351648352,0.4412574768066406,1.304631441617743
1.521,0,-7.539427280426025,-100.21717071533203,96.57188415527344,42.021629333496094,-60.85374450683594,0.4601402282714844,-7.539427280426025,-100.21717071533203,96.57188415527344,42.021629333496094,-54.62637362637363,0.4601402282714844,1.304631441617743
1.546,0,-7.509997367858887,-100.22367858886719,96.54365539550781,41.762962341308594,-62.62291717529297,0.4974498748779297,-7.509997367858887,-100.22367858886719,96.54365539550781,41.762962341308594,-55.59340659340659,0.4974498748779297,1.304631441617743
1.578,0,-7.445152759552002,-100.24651336669922,96.51509094238281,41.455047607421875,-64.4324722290039,0.5479183197021484,-7.445152759552002,-100.24651336669922,96.51509094238281,41.455047607421875,-56.824175824175825,0.5479183197021484,1.304631441617743
1.613,0,-7.354203701019287,-100.2596664428711,96.4826431274414,41.169212341308594,-66.09515380859375,0.6239967346191406,-7.354203701019287,-100.2596664428711,96.4826431274414,41.169212341308594,-58.75824175824176,0.6239967346191406,1.304631441617743
1.648,0,-7.286006927490234,-100.27436065673828,96.45164489746094,40.88801574707031,-67.67759704589844,0.7064914703369141,-7.286006927490234,-100.27436065673828,96.45164489746094,40.88801574707031,-60.07692307692308,0.7064914703369141,1.304631441617743
1.681,0,-7.1793060302734375,-100.29357147216797,96.41536712646484,40.62049865722656,-69.22625732421875,0.8166103363037109,-7.1793060302734375,-100.29357147216797,96.41536712646484,40.62049865722656,-61.48351648351648,0.8166103363037109,1.304631441617743
1.713,0,-7.074393272399902,-100.31254577636719,96.37574005126953,40.314842224121094,-70.876220703125,0.9652824401855469,-7.074393272399902,-100.31254577636719,96.37574005126953,40.314842224121094,-63.065934065934066,0.9652824401855469,1.304631441617743
1.748,0,-6.93794059753418,-100.34236907958984,96.34178924560547,40.04975891113281,-72.34964752197266,1.1065845489501953,-6.93794059753418,-100.34236907958984,96.34178924560547,40.04975891113281,-64.64835164835165,1.1065845489501953,1.304631441617743
1.781,0,-6.811001777648926,-100.3612060546875,96.31136322021484,39.77058410644531,-73.87374114990234,1.2851600646972656,-6.811001777648926,-100.3612060546875,96.31136322021484,39.77058410644531,-66.14285714285714,1.2851600646972656,1.304631441617743
1.813,0,-6.670073509216309,-100.40558624267578,96.27518463134766,39.52813720703125,-75.31647491455078,1.4738693237304688,-6.670073509216309,-100.40558624267578,96.27518463134766,39.52813720703125,-67.63736263736263,1.4738693237304688,1.304631441617743
1.847,0,-6.5336432456970215,-100.44206237792969,96.24929809570312,39.30864715576172,-76.7004165649414,1.6796493530273438,-6.5336432456970215,-100.44206237792969,96.24929809570312,39.30864715576172,-69.21978021978022,1.6796493530273438,1.304631441617743
1.880,0,-6.330498218536377,-100.48895263671875,96.22607421875,39.047607421875,-78.0859603881836,1.9596309661865234,-6.330498218536377,-100.48895263671875,96.22607421875,39.047607421875,-70.8021978021978,1.9596309661865234,1.304631441617743
1.913,0,-6.176984786987305,-100.53789520263672,96.20497131347656,38.78965759277344,-79.37989807128906,2.285228729248047,-6.176984786987305,-100.53789520263672,96.20497131347656,38.78965759277344,-72.2967032967033,2.285228729248047,1.36986301369863
1.947,0,-5.977953910827637,-100.5695571899414,96.1806411743164,38.533721923828125,-80.54632568359375,2.6156883239746094,-5.977953910827637,-100.5695571899414,96.1806411743164,38.533721923828125,-73.96703296703296,2.6156883239746094,1.5003261578604044
1.980,0,-5.800597190856934,-100.60648345947266,96.18251037597656,38.20227813720703,-81.59646606445312,3.034221649169922,-5.800597190856934,-100.60648345947266,96.18251037597656,38.20227813720703,-75.46153846153847,3.034221649169922,1.6960208741030658
2.018,0,-5.589325904846191,-100.63063049316406,96.1814193725586,37.852752685546875,-82.53768920898438,3.522075653076172,-5.589325904846191,-100.63063049316406,96.1814193725586,37.852752685546875,-77.13186813186813,3.522075653076172,1.8917155903457272
2.049,0,-5.358288764953613,-100.65351104736328,96.19032287597656,37.49072265625,-83.32107543945312,4.016242980957031,-5.358288764953613,-100.65351104736328,96.19032287597656,37.49072265625,-78.53846153846153,4.016242980957031,2.217873450750163
2.082,0,-5.149868965148926,-100.56632232666016,96.2130355834961,37.003570556640625,-83.93468475341797,4.616649627685547,-5.149868965148926,-100.56632232666016,96.2130355834961,37.003570556640625,-79.94505494505495,4.616649627685547,2.5440313111545985
2.126,0,-4.939589500427246,-100.47797393798828,96.24397277832031,36.51213836669922,-84.43343353271484,5.277076721191406,-4.939589500427246,-100.47797393798828,96.24397277832031,36.51213836669922,-82.14285714285714,5.277076721191406,2.935420743639922
2.152,0,-4.693890571594238,-100.2972412109375,96.28353881835938,35.897987365722656,-84.84869384765625,5.978303909301758,-4.693890571594238,-100.2972412109375,96.28353881835938,35.897987365722656,-83.10989010989012,5.978303909301758,3.457273320287019
2.187,0,-4.461346626281738,-100.16490173339844,96.32298278808594,35.348602294921875,-85.171630859375,6.643310546875,-4.461346626281738,-100.16490173339844,96.32298278808594,35.348602294921875,-84.42857142857143,6.643310546875,3.9138943248532287
2.227,0,-4.248456954956055,-99.85502624511719,96.3652572631836,34.61323165893555,-85.41099548339844,7.38922119140625,-4.248456954956055,-99.85502624511719,96.3652572631836,34.61323165893555,-85.41099548339844,7.38922119140625,4.5662100456621
2.252,0,-4.026388168334961,-99.42285919189453,96.40947723388672,33.70498275756836,-85.64219665527344,8.19025993347168,-4.026388168334961,-99.42285919189453,96.40947723388672,33.70498275756836,-85.64219665527344,8.19025993347168,5.218525766470972
2.288,0,-3.7913007736206055,-98.99064636230469,96.45677947998047,32.837310791015625,-85.81783294677734,8.991390228271484,-3.7913007736206055,-98.99064636230469,96.45677947998047,32.837310791015625,-85.81783294677734,8.991390228271484,5.805609915198956
2.332,0,-3.5484566688537598,-98.37733459472656,96.50326538085938,31.794837951660156,-85.93820190429688,9.754106521606445,-3.5484566688537598,-98.37733459472656,96.50326538085938,31.794837951660156,-85.93820190429688,9.754106521606445,6.588388780169602
2.355,0,-3.3416075706481934,-97.63616180419922,96.54712677001953,30.62525177001953,-86.04908752441406,10.57225513458252,-3.3416075706481934,-97.63616180419922,96.54712677001953,30.62525177001953,-86.04908752441406,10.57225513458252,7.436399217221135
2.389,0,-3.137042999267578,-96.6275405883789,96.58979034423828,29.20816421508789,-86.14094543457031,11.397051811218262,-3.137042999267578,-96.6275405883789,96.58979034423828,29.20816421508789,-86.14094543457031,11.397051811218262,8.088714938030005
2.424,0,-2.9347476959228516,-95.64482879638672,96.61723327636719,27.859661102294922,-86.23023986816406,12.212935447692871,-2.9347476959228516,-95.64482879638672,96.61723327636719,27.859661102294922,-86.23023986816406,12.212935447692871,8.871493803000652
2.456,0,-2.7556824684143066,-94.4581069946289,96.63922882080078,26.279216766357422,-86.31566619873047,13.033665657043457,-2.7556824684143066,-94.4581069946289,96.63922882080078,26.47252747252747,-86.31566619873047,13.033665657043457,9.719504240052185
2.492,0,-2.5582895278930664,-93.16043853759766,96.63101959228516,24.624629974365234,-86.3886947631836,13.92407512664795,-2.5582895278930664,-93.16043853759766,96.63101959228516,25.065934065934066,-86.3886947631836,13.92407512664795,10.50228310502283
2.524,0,-2.3798296451568604,-91.76806640625,96.6355209350586,22.865345001220703,-86.47705078125,14.850046157836914,-2.3798296451568604,-91.76806640625,96.6355209350586,23.835164835164836,-86.47705078125,14.850046157836914,11.415525114155251
2.556,0,-2.2301650047302246,-90.30562591552734,96.64529418945312,21.00983428955078,-86.5359878540039,15.755422592163086,-2.2301650047302246,-90.30562591552734,96.64529418945312,22.604395604395606,-86.5359878540039,15.755422592163086,12.13307240704501
2.592,0,-2.0545544624328613,-88.7901840209961,96.6419677734375,19.09781265258789,-86.60862731933594,16.662214279174805,-2.0545544624328613,-88.7901840209961,96.6419677734375,21.197802197802197,-86.60862731933594,16.662214279174805,13.04631441617743
2.630,0,-1.9155749082565308,-87.12564086914062,96.6063232421875,17.154090881347656,-86.6999282836914,17.609848022460938,-1.9155749082565308,-87.12564086914062,96.6063232421875,19.791208791208792,-86.6999282836914,17.609848022460938,13.894324853228962
2.664,0,-1.8034613132476807,-85.31497955322266,96.53010559082031,15.0894775390625,-86.7977066040039,18.570093154907227,-1.8034613132476807,-85.32967032967034,96.53010559082031,18.47252747252747,-86.7977066040039,18.570093154907227,14.807566862361382
2.693,0,-1.6720983982086182,-83.5744857788086,96.45936584472656,13.108428955078125,-86.87138366699219,19.535831451416016,-1.6720983982086182,-84.18681318681318,96.45936584472656,17.417582417582416,-86.87138366699219,19.535831451416016,15.655577299412915
2.724,0,-1.563014030456543,-81.68894958496094,96.38436126708984,10.986106872558594,-86.98145294189453,20.506526947021484,-1.563014030456543,-82.6043956043956,96.38436126708984,16.0989010989011,-86.98145294189453,20.506526947021484,16.43835616438356
2.762,0,-1.4840919971466064,-79.91075897216797,96.27262878417969,9.056541442871094,-87.05062866210938,21.434213638305664,-1.4840919971466064,-80.84615384615384,96.27262878417969,14.692307692307693,-87.05062866210938,21.434213638305664,17.482061317677754
2.798,0,-1.4126765727996826,-77.99137878417969,96.15713500976562,6.965854644775391,-87.12049865722656,22.362953186035156,-1.4126765727996826,-79.26373626373626,96.15713500976562,13.285714285714285,-87.12049865722656,22.362953186035156,18.52576647097195
2.826,0,-1.368906855583191,-76.0741195678711,95.97307586669922,4.9524078369140625,-87.20655822753906,23.282508850097656,-1.368906855583191,-78.03296703296704,95.97307586669922,12.142857142857142,-87.20655822753906,23.282508850097656,19.43900848010437
2.864,0,-1.3215925693511963,-74.03749084472656,95.77105712890625,2.812948226928711,-87.2912826538086,24.261749267578125,-1.3215925693511963,-76.0989010989011,95.77105712890625,10.648351648351648,-87.2912826538086,24.261749267578125,20.2870189171559
2.893,0,-1.2935528755187988,-72.20524597167969,95.60755920410156,0.8866500854492188,-87.372802734375,25.113155364990234,-1.2935528755187988,-74.86813186813187,95.60755920410156,9.593406593406593,-87.372802734375,25.113155364990234,21.330724070450096
2.925,0,-1.2633150815963745,-70.07547760009766,95.29660034179688,-1.2463741302490234,-87.45125579833984,26.048828125,-1.2633150815963745,-73.63736263736264,95.29660034179688,8.45054945054945,-87.45125579833984,26.048828125,22.17873450750163
2.959,0,-1.2735494375228882,-68.03282165527344,95.03524017333984,-3.3137645721435547,-87.52873229980469,26.935556411743164,-1.2735494375228882,-71.87912087912088,95.03524017333984,6.956043956043956,-87.52873229980469,26.935556411743164,23.15720808871494
2.993,0,-1.2623827457427979,-66.02944946289062,94.7435302734375,-5.29359245300293,-87.6024169921875,27.801977157592773,-1.2623827457427979,-70.2967032967033,94.7435302734375,5.7252747252747245,-87.6024169921875,27.801977157592773,24.070450097847356
3.027,0,-1.2813959121704102,-64.02635955810547,94.43836975097656,-7.261772155761719,-87.68698120117188,28.600500106811523,-1.2813959121704102,-68.89010989010988,94.43836975097656,4.318681318681319,-87.68698120117188,28.600500106811523,25.048923679060664
3.059,0,-1.3174426555633545,-61.97278594970703,94.0776596069336,-9.241157531738281,-87.74771881103516,29.461711883544922,-1.3174426555633545,-67.3076923076923,94.0776596069336,3.0879120879120876,-87.74771881103516,29.461711883544922,25.896934116112195
3.093,0,-1.3282339572906494,-59.90852355957031,93.68431091308594,-11.20901870727539,-87.81727600097656,30.257434844970703,-1.3282339572906494,-65.72527472527473,93.68431091308594,1.8571428571428568,-87.81727600097656,30.257434844970703,26.810176125244617
3.125,0,-1.36825692653656,-57.81938171386719,93.2440185546875,-13.154601097106934,-87.88334655761719,31.075809478759766,-1.36825692653656,-64.31868131868131,93.2440185546875,0.4505494505494507,-87.88334655761719,31.075809478759766,27.65818656229615
3.158,0,-1.3936407566070557,-55.919334411621094,92.88093566894531,-14.967382431030273,-87.92784118652344,31.81757354736328,-1.3936407566070557,-62.64835164835165,92.88093566894531,-0.7802197802197801,-87.92784118652344,31.81757354736328,28.57142857142857
3.203,0,-1.4347753524780273,-54.114280700683594,92.49357604980469,-16.65935516357422,-87.96617889404297,32.487579345703125,-1.4347753524780273,-60.62637362637362,92.49357604980469,-2.5384615384615383,-87.96617889404297,32.487579345703125,29.288975864318328
3.228,0,-1.4711475372314453,-52.12739944458008,92.05577087402344,-18.519254684448242,-88.00325012207031,33.2111930847168,-1.4711475372314453,-59.65934065934066,92.05577087402344,-3.417582417582418,-88.00325012207031,33.2111930847168,30.20221787345075
3.261,0,-1.5083754062652588,-50.19562530517578,91.59062194824219,-20.268075942993164,-88.03936004638672,33.89629364013672,-1.5083754062652588,-58.34065934065934,91.59062194824219,-4.472527472527473,-88.03936004638672,33.89629364013672,30.85453359425962
3.294,0,-1.5273011922836304,-48.41596984863281,91.15571594238281,-21.899036407470703,-88.08016967773438,34.50617980957031,-1.5273011922836304,-56.582417582417584,91.15571594238281,-6.054945054945055,-88.08016967773438,34.50617980957031,31.637312459230266
3.328,0,-1.5506923198699951,-46.65538024902344,90.69709014892578,-23.47751235961914,-88.10272979736328,35.13245391845703,-1.5506923198699951,-55.08791208791209,90.69709014892578,-7.197802197802198,-88.10272979736328,35.13245391845703,32.35485975212002
3.361,0,-1.555016279220581,-44.74104690551758,90.19415283203125,-25.1708984375,-88.12548828125,35.73787307739258,-1.555016279220581,-53.59340659340659,90.19415283203125,-8.516483516483516,-88.12548828125,35.73787307739258,33.13763861709067
3.401,0,-1.6250085830688477,-42.949790954589844,89.68586730957031,-26.710796356201172,-88.14454650878906,36.34398651123047,-1.6250085830688477,-51.65934065934066,89.68586730957031,-10.098901098901099,-88.14454650878906,36.34398651123047,33.724722765818655
3.430,0,-1.6429550647735596,-41.28893280029297,89.19461822509766,-28.161378860473633,-88.15441131591797,36.876991271972656,-1.6429550647735596,-50.42857142857143,89.19461822509766,-11.065934065934066,-88.15441131591797,36.876991271972656,34.37703848662753
3.464,0,-1.6943583488464355,-39.52463150024414,88.66975402832031,-29.620704650878906,-88.15192413330078,37.400184631347656,-1.6943583488464355,-49.02197802197802,88.66975402832031,-12.56043956043956,-88.15192413330078,37.400184631347656,34.96412263535551
3.497,0,-1.7250885963439941,-37.77251434326172,88.103515625,-31.070003509521484,-88.1688232421875,37.87165451049805,-1.7250885963439941,-47.26373626373626,88.14285714285714,-13.791208791208792,-88.1688232421875,37.87165451049805,35.61643835616438
3.530,0,-1.7421066761016846,-36.26097869873047,87.63851928710938,-32.33997344970703,-88.15894317626953,38.302650451660156,-1.7421066761016846,-45.68131868131868,87.63851928710938,-15.021978021978022,-88.15894317626953,38.302650451660156,36.20352250489237
3.563,0,-1.7823878526687622,-35.05529022216797,87.3445816040039,-33.419612884521484,-88.17157745361328,38.65523910522461,-1.7823878526687622,-44.18681318681319,87.3445816040039,-16.340659340659343,-88.17157745361328,38.65523910522461,36.72537508153946
3.596,0,-1.6656858921051025,-33.8408203125,87.11865234375,-34.52301788330078,-88.1627426147461,39.003753662109375,-1.6656858921051025,-42.51648351648352,87.11865234375,-17.747252747252745,-88.1627426147461,39.003753662109375,37.24722765818656
3.629,0,-1.4444637298583984,-32.73830795288086,86.81793212890625,-35.50395202636719,-88.17443084716797,39.34545135498047,-1.4444637298583984,-41.02197802197802,86.81793212890625,-19.065934065934066,-88.17443084716797,39.34545135498047,37.76908023483366
3.662,0,-1.3923670053482056,-31.821685791015625,86.54985809326172,-36.26763153076172,-88.21379852294922,39.60457992553711,-1.3923670053482056,-39.43956043956044,86.54985809326172,-20.384615384615387,-88.21379852294922,39.60457992553711,38.095238095238095
3.727,0,-1.300040364265442,-31.06560516357422,86.27542877197266,-36.87045669555664,-88.21382141113281,39.76593017578125,-1.300040364265442,-36.362637362637365,86.27542877197266,-22.846153846153847,-88.21382141113281,39.76593017578125,38.486627527723414
3.752,0,-1.1622077226638794,-30.399953842163086,86.12187957763672,-37.5447883605957,-88.19117736816406,39.868797302246094,-1.1622077226638794,-35.57142857142857,86.12187957763672,-23.373626373626372,-88.19117736816406,39.868797302246094,39.0737116764514
3.785,0,-0.9347200989723206,-29.70242691040039,85.82137298583984,-38.094505310058594,-88.18362426757812,39.961212158203125,-0.9347200989723206,-34.604395604395606,85.82137298583984,-24.34065934065934,-88.18362426757812,39.961212158203125,39.204174820613176
3.819,0,-1.2622648477554321,-28.06053352355957,85.15026092529297,-39.342872619628906,-88.14896392822266,40.33860778808594,-1.2622648477554321,-32.67032967032967,85.15026092529297,-26.01098901098901,-88.14896392822266,40.33860778808594,39.39986953685584
3.863,0,-1.2152371406555176,-26.996747970581055,84.77203369140625,-40.26815414428711,-88.16374969482422,40.61404800415039,-1.2152371406555176,-30.64835164835165,84.77203369140625,-27.417582417582416,-88.16374969482422,40.61404800415039,39.595564253098495
3.893,0,-1.4520998001098633,-25.96491241455078,84.4244613647461,-41.09091567993164,-88.16387939453125,40.787696838378906,-1.4520998001098633,-29.32967032967033,84.4244613647461,-28.560439560439562,-88.16387939453125,40.787696838378906,39.726027397260275
3.922,0,-1.2278825044631958,-25.228059768676758,84.11449432373047,-41.65596008300781,-88.16910552978516,40.864341735839844,-1.2278825044631958,-27.835164835164832,84.11449432373047,-29.791208791208792,-88.16910552978516,40.864341735839844,39.98695368558382
3.955,0,-1.58689284324646,-23.075666427612305,83.31295013427734,-43.336002349853516,-88.13776397705078,41.41127014160156,-1.58689284324646,-26.076923076923077,83.31295013427734,-31.197802197802197,-88.13776397705078,41.41127014160156,40.182648401826484
3.989,0,-1.510124683380127,-22.1029052734375,82.91659545898438,-44.018062591552734,-88.14201354980469,41.54484939575195,-1.510124683380127,-24.494505494505493,82.91659545898438,-32.42857142857143,-88.14201354980469,41.54484939575195,40.44357469015003
4.021,0,-1.3412647247314453,-21.271270751953125,82.62702941894531,-44.69003677368164,-88.10448455810547,41.74176025390625,-1.3412647247314453,-22.736263736263737,82.62702941894531,-33.747252747252745,-88.10448455810547,41.74176025390625,40.63926940639269
4.055,0,-1.179905891418457,-20.259328842163086,82.20051574707031,-45.46354675292969,-88.13448333740234,41.89691162109375,-1.179905891418457,-21.153846153846153,82.20051574707031,-35.065934065934066,-88.13448333740234,41.89691162109375,40.96542726679713
4.089,0,-1.481229543685913,-18.81487274169922,81.6076889038086,-46.541236877441406,-88.15971374511719,42.15193557739258,-1.481229543685913,-19.307692307692307,81.6076889038086,-36.38461538461539,-88.15971374511719,42.15193557739258,41.16112198303979
4.123,0,-1.286232829093933,-17.71146011352539,81.16291809082031,-47.378929138183594,-88.17491149902344,42.39855194091797,-1.286232829093933,-17.71146011352539,81.16291809082031,-37.79120879120879,-88.17491149902344,42.39855194091797,41.42204827136334
4.156,0,-1.0945613384246826,-16.76478385925293,80.74522399902344,-48.0601806640625,-88.16297149658203,42.58917236328125,-1.0945613384246826,-16.76478385925293,80.74522399902344,-38.934065934065934,-88.16297149658203,42.58917236328125,41.55251141552511
4.197,0,-0.8065139651298523,-15.459012031555176,80.16871643066406,-49.03057098388672,-88.16499328613281,42.77356719970703,-0.8065139651298523,-15.459012031555176,80.16871643066406,-40.69230769230769,-88.16499328613281,42.77356719970703,41.81343770384866
4.226,0,-1.0582445859909058,-14.01959228515625,79.65968322753906,-50.199363708496094,-88.1926498413086,43.009429931640625,-1.0582445859909058,-14.01959228515625,79.65968322753906,-41.65934065934066,-88.1926498413086,43.009429931640625,42.00913242009132
4.260,0,-0.8394849896430969,-12.822710037231445,79.14139556884766,-51.097618103027344,-88.22538757324219,43.32093048095703,-0.8394849896430969,-12.822710037231445,79.14139556884766,-42.89010989010989,-88.22538757324219,43.32093048095703,42.27005870841487
4.294,0,-0.6586116552352905,-11.756790161132812,78.6402359008789,-51.846092224121094,-88.21885681152344,43.51945877075195,-0.6586116552352905,-11.756790161132812,78.6402359008789,-44.38461538461539,-88.21885681152344,43.51945877075195,42.465753424657535
4.332,0,-0.4096331000328064,-10.551755905151367,78.0172348022461,-52.61940002441406,-88.23971557617188,43.806846618652344,-0.4096331000328064,-10.551755905151367,78.0172348022461,-45.7032967032967,-88.23971557617188,43.806846618652344,42.72667971298108
4.358,0,-0.6559227705001831,-8.843664169311523,77.21289825439453,-53.75566482543945,-88.25614166259766,44.23003387451172,-0.6559227705001831,-8.843664169311523,77.21289825439453,-46.75824175824176,-88.25614166259766,44.23003387451172,42.922374429223744
4.400,0,-0.944429337978363,-7.320411682128906,76.47441864013672,-54.77253723144531,-88.2934799194336,44.49738311767578,-0.944429337978363,-7.320411682128906,76.47441864013672,-48.42857142857143,-88.2934799194336,44.49738311767578,43.18330071754729
4.426,0,-0.7314308881759644,-6.13145637512207,75.91547393798828,-55.58622741699219,-88.31683349609375,44.69054412841797,-0.7314308881759644,-6.13145637512207,75.91547393798828,-49.395604395604394,-88.31683349609375,44.69054412841797,43.509458577951726
4.468,0,-0.4301246404647827,-5.482425689697266,75.37605285644531,-55.863365173339844,-88.32161712646484,44.79979705810547,-0.4301246404647827,-5.482425689697266,75.37605285644531,-50.89010989010989,-88.32161712646484,44.79979705810547,43.83561643835616
4.494,0,-0.7191287279129028,-3.855375289916992,74.47167205810547,-56.76971435546875,-88.3124771118164,45.20208740234375,-0.7191287279129028,-3.855375289916992,74.47167205810547,-51.94505494505494,-88.3124771118164,45.20208740234375,44.09654272667971
4.534,0,-1.055281400680542,-2.056680679321289,73.45884704589844,-57.75612258911133,-88.27730560302734,45.64183044433594,-1.055281400680542,-2.056680679321289,73.45884704589844,-53.35164835164835,-88.27730560302734,45.64183044433594,44.29223744292237
4.561,0,-0.7672299146652222,-1.1905097961425781,72.75411224365234,-58.090843200683594,-88.29947662353516,45.8841552734375,-0.7672299146652222,-1.1905097961425781,72.75411224365234,-54.494505494505496,-88.29947662353516,45.8841552734375,44.487932159165034
4.593,0,-0.4282108247280121,-0.4578227996826172,72.11991119384766,-58.343101501464844,-88.32833862304688,46.08387756347656,-0.4282108247280121,-0.4578227996826172,72.11991119384766,-55.637362637362635,-88.32833862304688,46.08387756347656,44.81409001956947
4.626,0,-0.519379734992981,0.4005126953125,71.40179443359375,-58.65308380126953,-88.38033294677734,46.298973083496094,-0.519379734992981,0.4005126953125,71.40179443359375,-57.13186813186813,-88.38033294677734,46.298973083496094,45.20547945205479
4.660,0,-0.2672320604324341,0.8506507873535156,71.0397720336914,-58.82341003417969,-88.39076232910156,46.382301330566406,-0.2672320604324341,0.8506507873535156,71.0397720336914,-58.362637362637365,-88.39076232910156,46.382301330566406,45.46640574037834
4.694,0,-0.0006652474403381348,1.2184200286865234,70.71991729736328,-59.00281524658203,-88.39659118652344,46.40665817260742,-0.0006652474403381348,1.2184200286865234,70.71991729736328,-59.00281524658203,-88.39659118652344,46.40665817260742,45.72733202870189
4.727,0,-0.19864344596862793,1.929250717163086,70.15876770019531,-59.320457458496094,-88.42034149169922,46.62744903564453,-0.19864344596862793,1.929250717163086,70.15876770019531,-59.320457458496094,-88.42034149169922,46.62744903564453,45.92302674494455
4.759,0,-0.2724144458770752,2.3979854583740234,69.70062255859375,-59.50435256958008,-88.4623794555664,46.64622497558594,-0.2724144458770752,2.3979854583740234,69.70062255859375,-59.50435256958008,-88.4623794555664,46.64622497558594,46.053489889106324
4.796,0,-0.3573828339576721,2.795389175415039,69.27047729492188,-59.613258361816406,-88.49637603759766,46.6444091796875,-0.3573828339576721,2.795389175415039,69.27047729492188,-59.613258361816406,-88.49637603759766,46.6444091796875,46.118721461187214
4.828,0,-0.32709550857543945,3.150259017944336,68.78355407714844,-59.653648376464844,-88.53768920898438,46.622406005859375,-0.32709550857543945,3.150259017944336,68.78355407714844,-59.653648376464844,-88.53768920898438,46.622406005859375,46.118721461187214
4.860,0,-0.4531688392162323,3.5067691802978516,68.33098602294922,-59.707298278808594,-88.58546447753906,46.71399688720703,-0.4531688392162323,3.5067691802978516,68.33098602294922,-59.707298278808594,-88.58546447753906,46.71399688720703,46.24918460534899
4.899,0,-0.6025428771972656,3.8044910430908203,67.91093444824219,-59.7342529296875,-88.62671661376953,46.78173828125,-0.6025428771972656,3.8044910430908203,67.91093444824219,-59.7342529296875,-88.62671661376953,46.78173828125,46.37964774951076
4.926,0,-0.3291061520576477,3.6869983673095703,67.86730194091797,-59.63006591796875,-88.61588287353516,46.691184997558594,-0.3291061520576477,3.6869983673095703,67.86730194091797,-59.63006591796875,-88.61588287353516,46.691184997558594,46.37964774951076
4.965,0,-0.3648719787597656,4.114347457885742,67.38037109375,-59.73662567138672,-88.61344146728516,46.84211730957031,-0.3648719787597656,4.114347457885742,67.38037109375,-59.73662567138672,-88.61344146728516,46.84211730957031,46.51011089367253
4.994,0,-0.3538796901702881,3.941556930541992,67.33610534667969,-59.58324432373047,-88.61978912353516,46.739540100097656,-0.3538796901702881,3.941556930541992,67.33610534667969,-59.58324432373047,-88.61978912353516,46.739540100097656,46.51011089367253
5.031,0,-0.407374769449234,4.066938400268555,67.02767181396484,-59.527015686035156,-88.65701293945312,46.67827606201172,-0.407374769449234,4.066938400268555,67.02767181396484,-59.527015686035156,-88.65701293945312,46.67827606201172,46.51011089367253
5.061,0,-0.108440101146698,3.652986526489258,67.13121032714844,-59.24462890625,-88.64324951171875,46.46500778198242,-0.108440101146698,3.652986526489258,67.13121032714844,-59.24462890625,-88.64324951171875,46.46500778198242,46.51011089367253
5.099,0,0.0006486177444458008,3.673410415649414,66.89808654785156,-59.162574768066406,-88.67184448242188,46.372371673583984,0.0006486177444458008,3.673410415649414,66.89808654785156,-59.162574768066406,-88.67184448242188,46.372371673583984,46.51011089367253
5.133,0,0.05189013481140137,3.3610363006591797,66.94873809814453,-58.930625915527344,-88.69414520263672,46.18700408935547,0.05189013481140142,3.3610363006591797,66.94873809814453,-58.930625915527344,-88.69414520263672,46.18700408935547,46.51011089367253
5.174,0,-0.13123363256454468,3.635984420776367,66.5927734375,-58.96829605102539,-88.68282318115234,46.11914825439453,-0.13123363256454468,3.635984420776367,66.5927734375,-58.96829605102539,-88.68282318115234,46.11914825439453,46.51011089367253
5.199,0,0.19079995155334473,3.2874317169189453,66.65353393554688,-58.741554260253906,-88.67740631103516,45.91176223754883,0.19079995155334473,3.2874317169189453,66.65353393554688,-58.741554260253906,-88.67740631103516,45.91176223754883,46.51011089367253
5.236,0,0.29230761528015137,3.6505870819091797,66.26112365722656,-58.88121795654297,-88.70973205566406,45.87354278564453,0.29230761528015137,3.6505870819091797,66.26112365722656,-58.88121795654297,-88.70973205566406,45.87354278564453,46.51011089367253
5.264,0,0.29808974266052246,3.258970260620117,66.32778930664062,-58.606746673583984,-88.74176025390625,45.57777786254883,0.29808974266052246,3.258970260620117,66.32778930664062,-58.606746673583984,-88.74176025390625,45.57777786254883,46.37964774951076
5.298,0,0.1624208688735962,3.3332080841064453,66.0988998413086,-58.5429573059082,-88.79737854003906,45.38104248046875,0.16242086887359614,3.3332080841064453,66.0988998413086,-58.5429573059082,-88.79737854003906,45.38104248046875,46.24918460534899
5.336,0,0.4784749746322632,2.7975635528564453,66.30256652832031,-58.2220458984375,-88.79449462890625,45.06218719482422,0.4784749746322632,2.7975635528564453,66.30256652832031,-58.2220458984375,-88.79449462890625,45.06218719482422,46.1839530332681
5.365,0,0.5890576839447021,2.6330204010009766,66.1284408569336,-57.9573974609375,-88.83295440673828,44.82050323486328,0.5890576839447021,2.6330204010009766,66.1284408569336,-57.9573974609375,-88.83295440673828,44.82050323486328,45.92302674494455
5.406,0,0.6128864288330078,2.3003578186035156,66.13090515136719,-57.66303634643555,-88.83895874023438,44.53760528564453,0.6128864288330078,2.3003578186035156,66.13090515136719,-57.66303634643555,-88.83895874023438,44.53760528564453,45.662100456621005
5.431,0,0.4161396026611328,2.967226028442383,65.59767150878906,-57.908905029296875,-88.8189926147461,44.64521408081055,0.4161396026611328,2.967226028442383,65.59767150878906,-57.908905029296875,-88.8189926147461,44.64521408081055,45.40117416829745
5.471,0,0.7242664098739624,2.451223373413086,65.69439697265625,-57.495540618896484,-88.7806625366211,44.39603805541992,0.7242664098739624,2.451223373413086,65.69439697265625,-57.495540618896484,-88.7806625366211,44.39603805541992,45.20547945205479
5.500,0,0.8143610954284668,2.5002288818359375,65.44352722167969,-57.35413360595703,-88.81684875488281,44.284793853759766,0.8143610954284668,2.5002288818359375,65.44352722167969,-57.35413360595703,-88.81684875488281,44.284793853759766,45.00978473581213
5.534,0,0.8323357105255127,2.1252498626708984,65.48644256591797,-57.03990936279297,-88.83863067626953,43.99403381347656,0.8323357105255127,2.1252498626708984,65.48644256591797,-57.03990936279297,-88.83863067626953,43.99403381347656,44.87932159165035
5.567,0,0.6257916688919067,2.769613265991211,64.98983764648438,-57.24584197998047,-88.8304214477539,44.09955596923828,0.6257916688919067,2.769613265991211,64.98983764648438,-57.24584197998047,-88.8304214477539,44.09955596923828,44.6836268754077
5.610,0,0.9445799589157104,2.012798309326172,65.34272003173828,-56.78052520751953,-88.80921173095703,43.702850341796875,0.9445799589157104,2.012798309326172,65.34272003173828,-56.78052520751953,-88.80921173095703,43.702850341796875,44.487932159165034
5.635,0,1.0201600790023804,1.7148685455322266,65.26082611083984,-56.45912551879883,-88.87670135498047,43.46565246582031,1.0201600790023804,1.7148685455322266,65.26082611083984,-56.45912551879883,-88.87670135498047,43.46565246582031,44.422700587084144
5.674,0,0.9735685586929321,1.2116317749023438,65.4671401977539,-56.14952850341797,-88.92279052734375,43.134986877441406,0.9735685586929321,1.2116317749023438,65.4671401977539,-56.14952850341797,-88.92279052734375,43.134986877441406,44.35746901500326
5.701,0,0.7313166856765747,2.065622329711914,64.84884643554688,-56.539180755615234,-88.94120788574219,43.319732666015625,0.7313166856765747,2.065622329711914,64.84884643554688,-56.539180755615234,-88.94120788574219,43.319732666015625,44.031311154598825
5.738,0,0.9733034372329712,2.207477569580078,64.69757843017578,-56.56907653808594,-88.91325378417969,43.199031829833984,0.9733034372329712,2.207477569580078,64.69757843017578,-56.56907653808594,-88.91325378417969,43.199031829833984,43.77038486627527
5.771,0,1.0244793891906738,1.863363265991211,64.69709777832031,-56.237388610839844,-88.97620391845703,42.90250778198242,1.0244793891906738,1.863363265991211,64.69709777832031,-56.237388610839844,-88.97620391845703,42.90250778198242,43.6399217221135
5.803,0,0.8041290044784546,1.562032699584961,64.7311782836914,-55.95524597167969,-89.02918243408203,42.606590270996094,0.8041290044784546,1.562032699584961,64.7311782836914,-55.95524597167969,-89.02918243408203,42.606590270996094,43.574690150032616
5.835,0,0.5382527112960815,2.774930953979492,64.0987777709961,-56.702781677246094,-88.99454498291016,43.04706573486328,0.5382527112960815,2.774930953979492,64.0987777709961,-56.702781677246094,-88.99454498291016,43.04706573486328,43.37899543378995
5.871,0,0.7387449741363525,2.115476608276367,64.41470336914062,-56.28517150878906,-88.99885559082031,42.867820739746094,0.7387449741363525,2.115476608276367,64.41470336914062,-56.28517150878906,-88.99885559082031,42.867820739746094,43.1180691454664
5.904,0,0.8480292558670044,1.4891338348388672,64.55525207519531,-55.730857849121094,-89.04115295410156,42.378883361816406,0.8480292558670044,1.4891338348388672,64.55525207519531,-55.730857849121094,-89.04115295410156,42.378883361816406,43.05283757338552
5.936,0,0.8815995454788208,0.7693595886230469,64.87451171875,-55.24083709716797,-89.04074096679688,42.01983642578125,0.8815995454788208,0.7693595886230469,64.87451171875,-55.24083709716797,-89.04074096679688,42.01983642578125,43.05283757338552
5.972,0,0.6760067939758301,1.8307571411132812,64.295654296875,-55.88153076171875,-89.03057861328125,42.42366409301758,0.6760067939758301,1.8307571411132812,64.295654296875,-55.88153076171875,-89.03057861328125,42.42366409301758,42.98760600130463
6.002,0,0.9104042053222656,1.4438896179199219,64.48992919921875,-55.67171096801758,-89.03419494628906,42.356048583984375,0.9104042053222656,1.4438896179199219,64.48992919921875,-55.67171096801758,-89.03419494628906,42.356048583984375,42.72667971298108
6.038,0,1.0148475170135498,0.8328399658203125,64.66515350341797,-55.13392639160156,-89.0702133178711,41.89891815185547,1.0148475170135498,0.8328399658203125,64.66515350341797,-55.13392639160156,-89.0702133178711,41.89891815185547,42.53098499673842
6.072,0,0.935969352722168,1.0969352722167969,64.50111389160156,-55.25187683105469,-89.0511474609375,41.99043655395508,0.935969352722168,1.0969352722167969,64.50111389160156,-55.25187683105469,-89.0511474609375,41.99043655395508,42.53098499673842
6.106,0,0.6609923839569092,1.8259449005126953,64.08258056640625,-55.58964538574219,-89.04805755615234,42.113037109375,0.6609923839569092,1.8259449005126953,64.08258056640625,-55.58964538574219,-89.04805755615234,42.113037109375,42.465753424657535
6.136,0,0.8583301305770874,1.087076187133789,64.37474822998047,-54.97992706298828,-89.05127716064453,41.78874206542969,0.8583301305770874,1.087076187133789,64.37474822998047,-54.97992706298828,-89.05127716064453,41.78874206542969,42.27005870841487
6.175,0,0.9254670143127441,0.383819580078125,64.62102508544922,-54.40827941894531,-89.09852600097656,41.29170227050781,0.9254670143127441,0.383819580078125,64.62102508544922,-54.40827941894531,-89.09852600097656,41.29170227050781,42.27005870841487
6.203,0,0.8383342027664185,0.18886566162109375,64.70519256591797,-54.22901153564453,-89.09661865234375,41.10661315917969,0.8383342027664185,0.18886566162109375,64.70519256591797,-54.22901153564453,-89.09661865234375,41.10661315917969,42.27005870841487
6.240,0,0.5822345018386841,-0.1476917266845703,64.76769256591797,-53.900047302246094,-89.15509796142578,40.71551513671875,0.5822345018386841,-0.1476917266845703,64.76769256591797,-53.900047302246094,-89.15509796142578,40.71551513671875,42.07436399217221
6.269,0,0.2948073148727417,0.4269523620605469,64.49154663085938,-54.1845703125,-89.12250518798828,40.741371154785156,0.2948073148727417,0.4269523620605469,64.49154663085938,-54.1845703125,-89.12250518798828,40.741371154785156,41.68297455968688
6.305,0,0.19962787628173828,0.37156105041503906,64.43295288085938,-54.024261474609375,-89.1794662475586,40.496315002441406,0.19962787628173828,0.37156105041503906,64.43295288085938,-54.024261474609375,-89.1794662475586,40.496315002441406,41.42204827136334
6.337,0,0.05871772766113281,0.7227516174316406,64.3111572265625,-54.2547607421875,-89.17354583740234,40.467098236083984,0.05871772766113281,0.7227516174316406,64.3111572265625,-54.2547607421875,-89.17354583740234,40.467098236083984,41.16112198303979
6.373,0,-0.3044964671134949,2.095640182495117,63.63962936401367,-55.02666473388672,-89.14161682128906,40.731101989746094,-0.3044964671134949,2.095640182495117,63.63962936401367,-55.02666473388672,-89.14161682128906,40.731101989746094,41.0958904109589
6.405,0,-0.5593613982200623,3.549318313598633,62.94856262207031,-55.931129455566406,-89.103271484375,41.08146286010742,-0.5593613982200623,3.549318313598633,62.94856262207031,-55.931129455566406,-89.103271484375,41.08146286010742,40.834964122635355
6.439,0,-0.4737669825553894,2.801603317260742,63.354393005371094,-55.43890380859375,-89.16226196289062,40.436676025390625,-0.4737669825553894,2.801603317260742,63.354393005371094,-55.43890380859375,-89.16226196289062,40.436676025390625,40.834964122635355
6.474,0,-0.6062318086624146,3.284677505493164,63.20100021362305,-55.8510856628418,-89.181396484375,40.476280212402344,-0.6062318086624146,3.284677505493164,63.20100021362305,-55.8510856628418,-89.181396484375,40.476280212402344,40.834964122635355
6.504,0,-0.6656631231307983,3.165071487426758,63.111934661865234,-55.52698516845703,-89.24561309814453,40.33216857910156,-0.6656631231307983,3.165071487426758,63.111934661865234,-55.52698516845703,-89.24561309814453,40.33216857910156,40.769732550554465
6.541,0,-0.4638102054595947,2.2816238403320312,63.61109924316406,-55.02251434326172,-89.27407836914062,39.94477081298828,-0.4638102054595947,2.2816238403320312,63.61109924316406,-55.02251434326172,-89.27407836914062,39.94477081298828,40.63926940639269
6.573,0,-0.314167857170105,1.6384086608886719,63.72751235961914,-54.39823913574219,-89.32052612304688,39.65985107421875,-0.314167857170105,1.6384086608886719,63.72751235961914,-54.39823913574219,-89.32052612304688,39.65985107421875,40.63926940639269
6.605,0,-0.330244779586792,0.7162151336669922,64.10659790039062,-53.684730529785156,-89.36455535888672,39.29395294189453,-0.330244779586792,0.7162151336669922,64.10659790039062,-53.684730529785156,-89.36455535888672,39.29395294189453,40.5740378343118
6.640,0,-0.18119537830352783,-0.1884899139404297,64.46343231201172,-53.022865295410156,-89.4310531616211,38.88256072998047,-0.18119537830352783,-0.1884899139404297,64.46343231201172,-53.022865295410156,-89.4310531616211,38.88256072998047,40.24787997390737
6.673,0,0.0606958270072937,-1.3404769897460938,65.06604766845703,-52.35536193847656,-89.47456359863281,38.353973388671875,0.0606958270072937,-1.3404769897460938,65.06604766845703,-52.35536193847656,-89.47456359863281,38.353973388671875,39.92172211350293
6.707,0,0.1937694549560547,-2.590635299682617,65.65885925292969,-51.52179718017578,-89.52737426757812,37.65557861328125,0.1937694549560547,-2.142857142857143,65.65885925292969,-51.52179718017578,-89.52737426757812,37.65557861328125,39.595564253098495
6.740,0,0.17847609519958496,-3.9167118072509766,66.30450439453125,-50.59252166748047,-89.56069946289062,37.0837287902832,0.17847609519958496,-2.8461538461538463,66.30450439453125,-50.59252166748047,-89.56069946289062,37.0837287902832,39.204174820613176
6.773,0,0.3482314348220825,-4.97723388671875,66.59028625488281,-49.57441711425781,-89.60648345947266,36.8215446472168,0.3482314348220825,-3.6373626373626373,66.59028625488281,-49.57441711425781,-89.60648345947266,36.8215446472168,38.74755381604697
6.806,0,0.5105090141296387,-6.458791732788086,67.23470306396484,-48.502052307128906,-89.66378021240234,36.38241195678711,0.5105090141296387,-4.428571428571429,67.23470306396484,-48.502052307128906,-89.66378021240234,36.38241195678711,38.16046966731898
6.845,0,0.6824966669082642,-7.811969757080078,67.8436279296875,-47.578216552734375,-89.72978973388672,35.76411819458008,0.6824966669082642,-5.21978021978022,67.8436279296875,-47.578216552734375,-89.72978973388672,35.76411819458008,37.638617090671886
6.875,0,0.6115918159484863,-9.292570114135742,68.58690643310547,-46.57081604003906,-89.77513122558594,35.040130615234375,0.6115918159484863,-5.923076923076923,68.58690643310547,-46.57081604003906,-89.77513122558594,35.040130615234375,37.24722765818656
6.907,0,0.7711590528488159,-10.691938400268555,69.24272155761719,-45.55907440185547,-89.84333038330078,34.458438873291016,0.7711590528488159,-6.802197802197802,69.24272155761719,-45.55907440185547,-89.84333038330078,34.458438873291016,36.855838225701234
6.941,0,0.9674431085586548,-10.412784576416016,69.14596557617188,-45.685813903808594,-89.74797821044922,34.59416961669922,0.9674431085586549,-7.681318681318681,69.14596557617188,-45.685813903808594,-89.74797821044922,34.59416961669922,36.20352250489237
6.978,0,1.2006582021713257,-11.934637069702148,69.63983917236328,-44.40047073364258,-89.7801284790039,34.206809997558594,1.2006582021713257,-8.56043956043956,69.63983917236328,-44.40047073364258,-89.7801284790039,34.206809997558594,35.5512067840835
7.018,0,1.0357943773269653,-11.339101791381836,69.51126098632812,-44.78849792480469,-89.6932373046875,34.286922454833984,1.0357943773269653,-9.527472527472527,69.51126098632812,-44.78849792480469,-89.6932373046875,34.286922454833984,35.22504892367906
7.044,0,1.2047892808914185,-11.891975402832031,69.73812866210938,-44.356285095214844,-89.7445068359375,34.0514030456543,1.2047892808914185,-10.23076923076923,69.73812866210938,-44.356285095214844,-89.7445068359375,34.0514030456543,34.898891063274625
7.077,0,0.941159725189209,-12.82452392578125,70.1037368774414,-43.54062271118164,-89.805908203125,33.52527618408203,0.941159725189209,-11.021978021978022,70.1037368774414,-43.54062271118164,-89.805908203125,33.52527618408203,34.63796477495107
7.109,0,0.9442325830459595,-13.78795337677002,70.56634521484375,-42.85578918457031,-89.87207794189453,33.16766357421875,0.9442325830459595,-11.813186813186814,70.56634521484375,-42.85578918457031,-89.87207794189453,33.16766357421875,34.57273320287019
7.149,0,1.103659987449646,-12.456586837768555,70.04336547851562,-43.82313537597656,-89.88768005371094,33.54322814941406,1.103659987449646,-12.456586837768555,70.04336547851562,-43.82313537597656,-89.88768005371094,33.54322814941406,34.24657534246575
7.177,0,0.9019882678985596,-11.481449127197266,69.57250213623047,-44.365394592285156,-89.86518096923828,33.71728515625,0.9019882678985596,-11.481449127197266,69.57250213623047,-44.365394592285156,-89.86518096923828,33.71728515625,33.85518590998043
7.210,0,1.0933537483215332,-11.923908233642578,69.73454284667969,-44.06376266479492,-89.89373779296875,33.6003532409668,1.0933537483215332,-11.923908233642578,69.73454284667969,-44.06376266479492,-89.89373779296875,33.6003532409668,33.724722765818655
7.247,0,1.0043936967849731,-11.531618118286133,69.57703399658203,-44.31074905395508,-89.94225311279297,33.65802764892578,1.0043936967849731,-11.531618118286133,69.57703399658203,-44.31074905395508,-89.94225311279297,33.65802764892578,33.724722765818655
7.276,0,1.1120319366455078,-11.437511444091797,69.55244445800781,-44.38213348388672,-89.9829330444336,33.61970901489258,1.1120319366455078,-11.437511444091797,69.55244445800781,-44.38213348388672,-89.9829330444336,33.61970901489258,33.659491193737765
7.310,0,0.9780625104904175,-10.574495315551758,69.20570373535156,-44.95198059082031,-90.02884674072266,33.713722229003906,0.9780625104904175,-10.574495315551758,69.20570373535156,-44.95198059082031,-90.02884674072266,33.713722229003906,33.659491193737765
7.343,0,1.0812242031097412,-10.635519027709961,69.20435333251953,-44.90959167480469,-90.05640411376953,33.655067443847656,1.0812242031097412,-10.635519027709961,69.20435333251953,-44.90959167480469,-90.05640411376953,33.655067443847656,33.659491193737765
7.387,0,1.067318320274353,-11.892328262329102,69.87403106689453,-44.176239013671875,-90.11788177490234,33.094703674316406,1.067318320274353,-11.892328262329102,69.87403106689453,-44.176239013671875,-90.11788177490234,33.094703674316406,33.659491193737765
7.414,0,1.162467122077942,-11.11497688293457,69.511962890625,-44.66484832763672,-90.14933776855469,33.23609924316406,1.162467122077942,-11.11497688293457,69.511962890625,-44.66484832763672,-90.14933776855469,33.23609924316406,33.659491193737765
7.451,0,0.9722703695297241,-9.814384460449219,68.93684387207031,-45.50690841674805,-90.12784576416016,33.495452880859375,0.9722703695297241,-9.814384460449219,68.93684387207031,-45.50690841674805,-90.12784576416016,33.495452880859375,33.59425962165688
7.479,0,0.9935431480407715,-9.703371047973633,68.84156799316406,-45.577598571777344,-90.20059967041016,33.38454055786133,0.9935431480407715,-9.703371047973633,68.84156799316406,-45.577598571777344,-90.20059967041016,33.38454055786133,33.46379647749511
7.514,0,0.8661638498306274,-9.167341232299805,68.77351379394531,-46.148460388183594,-90.15887451171875,33.387451171875,0.8661638498306274,-9.167341232299805,68.77351379394531,-46.148460388183594,-90.15887451171875,33.387451171875,33.46379647749511
7.546,0,0.9858044385910034,-8.666923522949219,68.55929565429688,-46.507057189941406,-90.19744110107422,33.443321228027344,0.9858044385910034,-8.666923522949219,68.55929565429688,-46.507057189941406,-90.19744110107422,33.443321228027344,33.46379647749511
7.580,0,0.7021991014480591,-7.649482727050781,68.24172973632812,-47.25551223754883,-90.165283203125,33.534263610839844,0.7021991014480591,-7.649482727050781,68.24172973632812,-47.25551223754883,-90.165283203125,33.534263610839844,33.46379647749511
7.613,0,0.8913850784301758,-8.956127166748047,68.83659362792969,-46.330665588378906,-90.20380401611328,33.07148361206055,0.8913850784301758,-8.956127166748047,68.83659362792969,-46.330665588378906,-90.20380401611328,33.07148361206055,33.46379647749511
7.656,0,1.0333744287490845,-10.348958969116211,69.591064453125,-45.48269271850586,-90.24253845214844,32.47203826904297,1.0333744287490845,-10.348958969116211,69.591064453125,-45.48269271850586,-90.24253845214844,32.47203826904297,33.46379647749511
7.683,0,1.1193870306015015,-10.635587692260742,69.76850128173828,-45.27741241455078,-90.28258514404297,32.28184127807617,1.1193870306015015,-10.635587692260742,69.76850128173828,-45.27741241455078,-90.28258514404297,32.28184127807617,33.46379647749511
7.724,0,1.084822177886963,-11.418413162231445,70.2387466430664,-44.7655029296875,-90.34832763671875,31.950439453125,1.084822177886963,-11.418413162231445,70.2387466430664,-44.7655029296875,-90.34832763671875,31.950439453125,33.268101761252446
7.749,0,1.1554499864578247,-10.964860916137695,70.06990814208984,-45.13663864135742,-90.4009017944336,31.954975128173828,1.1554499864578247,-10.964860916137695,70.06990814208984,-45.13663864135742,-90.4009017944336,31.954975128173828,32.81148075668624
7.788,0,1.228707194328308,-10.355220794677734,69.97389221191406,-45.773399353027344,-90.40202331542969,32.03258514404297,1.228707194328308,-10.355220794677734,69.97389221191406,-45.773399353027344,-90.40202331542969,32.03258514404297,32.615786040443574
7.819,0,1.1521719694137573,-8.670251846313477,69.31498718261719,-47.02300262451172,-90.43891906738281,32.47687911987305,1.1521719694137573,-8.670251846313477,69.31498718261719,-47.02300262451172,-90.43891906738281,32.47687911987305,32.35485975212002
7.848,0,1.059729814529419,-8.037216186523438,69.14752960205078,-47.53166198730469,-90.49250030517578,32.40369415283203,1.059729814529419,-8.037216186523438,69.14752960205078,-47.53166198730469,-90.49250030517578,32.40369415283203,32.28962818003914
7.893,0,1.4089640378952026,-8.371810913085938,69.3757095336914,-47.33648681640625,-90.47988891601562,32.220802307128906,1.4089640378952026,-8.371810913085938,69.3757095336914,-47.33648681640625,-90.47988891601562,32.220802307128906,32.28962818003914
7.917,0,1.6545690298080444,-7.122842788696289,68.91207885742188,-48.37644577026367,-90.47526550292969,32.556060791015625,1.6545690298080444,-7.122842788696289,68.91207885742188,-48.37644577026367,-90.47526550292969,32.556060791015625,32.28962818003914
7.955,0,1.4808841943740845,-5.353435516357422,68.21320343017578,-49.656890869140625,-90.49577331542969,33.016971588134766,1.4808841943740845,-5.353435516357422,68.21320343017578,-49.656890869140625,-90.49577331542969,33.016971588134766,32.28962818003914
7.987,0,1.3687738180160522,-4.544942855834961,68.0153579711914,-50.26750946044922,-90.51261138916016,33.101409912109375,1.3687738180160522,-4.544942855834961,68.0153579711914,-50.26750946044922,-90.51261138916016,33.101409912109375,32.28962818003914
8.018,0,1.7121576070785522,-5.322957992553711,68.38661193847656,-49.6976318359375,-90.49105072021484,32.8466911315918,1.7121576070785522,-5.322957992553711,68.38661193847656,-49.6976318359375,-90.49105072021484,32.8466911315918,32.28962818003914
8.052,0,1.692496418952942,-6.286857604980469,68.99486541748047,-49.20684814453125,-90.4996109008789,32.46520233154297,1.692496418952942,-6.286857604980469,68.99486541748047,-49.20684814453125,-90.4996109008789,32.46520233154297,32.4853228962818
8.085,0,1.4680784940719604,-6.303558349609375,69.01553344726562,-49.19716262817383,-90.52050018310547,32.27524185180664,1.4680784940719604,-6.303558349609375,69.01553344726562,-49.19716262817383,-90.52050018310547,32.27524185180664,32.550554468362684
8.123,0,1.34552800655365,-6.172798156738281,69.0838394165039,-49.3504524230957,-90.59420013427734,32.146934509277344,1.34552800655365,-6.172798156738281,69.0838394165039,-49.3504524230957,-90.59420013427734,32.146934509277344,32.550554468362684
8.152,0,1.7545033693313599,-7.37669563293457,69.57732391357422,-48.490875244140625,-90.6109848022461,31.81453514099121,1.7545033693313599,-7.37669563293457,69.57732391357422,-48.490875244140625,-90.6109848022461,31.81453514099121,32.550554468362684
8.188,0,1.7621129751205444,-9.00790023803711,70.52706146240234,-47.6253662109375,-90.66680145263672,31.138517379760742,1.7621129751205444,-9.00790023803711,70.52706146240234,-47.6253662109375,-90.66680145263672,31.138517379760742,32.550554468362684
8.219,0,1.8893314599990845,-8.242143630981445,70.13946533203125,-48.120567321777344,-90.73172760009766,31.277976989746094,1.8893314599990845,-8.242143630981445,70.13946533203125,-48.120567321777344,-90.73172760009766,31.277976989746094,32.35485975212002
8.256,0,1.8967303037643433,-7.518732070922852,69.89495849609375,-48.667938232421875,-90.76502990722656,31.329814910888672,1.8967303037643433,-7.518732070922852,69.89495849609375,-48.667938232421875,-90.76502990722656,31.329814910888672,32.02870189171559
8.284,0,2.361445426940918,-8.450315475463867,70.32451629638672,-48.06706237792969,-90.79509735107422,30.931150436401367,2.361445426940918,-8.450315475463867,70.32451629638672,-48.06706237792969,-90.79509735107422,30.931150436401367,31.702544031311152
8.323,0,2.3725008964538574,-8.74508285522461,70.65762329101562,-48.092987060546875,-90.87818145751953,30.723546981811523,2.3725008964538574,-8.74508285522461,70.65762329101562,-48.092987060546875,-90.87818145751953,30.723546981811523,31.702544031311152
8.351,0,2.485032081604004,-10.754127502441406,71.81109619140625,-46.99470520019531,-90.99019622802734,30.085113525390625,2.485032081604004,-10.754127502441406,71.81109619140625,-46.99470520019531,-90.99019622802734,30.085113525390625,31.506849315068493
8.386,0,2.4446301460266113,-10.95943832397461,72.0018539428711,-46.86297607421875,-91.00242614746094,29.920700073242188,2.4446301460266113,-10.95943832397461,72.0018539428711,-46.86297607421875,-91.00242614746094,29.920700073242188,31.31115459882583
8.419,0,2.843189239501953,-11.260038375854492,72.31501770019531,-46.90375518798828,-91.03895568847656,29.876873016357422,2.843189239501953,-11.260038375854492,72.31501770019531,-46.90375518798828,-91.03895568847656,29.876873016357422,30.919765166340508
8.454,0,2.8820085525512695,-11.243692398071289,72.56187438964844,-47.19377899169922,-91.08210754394531,29.804208755493164,2.8820085525512695,-11.243692398071289,72.56187438964844,-47.19377899169922,-91.08210754394531,29.804208755493164,30.528375733855185
8.488,0,2.998579978942871,-13.312845230102539,73.76068115234375,-46.070770263671875,-91.19502258300781,29.19318962097168,2.998579978942871,-13.219780219780219,73.76068115234375,-46.070770263671875,-91.19502258300781,29.19318962097168,30.267449445531636
8.521,0,2.9476799964904785,-13.114904403686523,73.72752380371094,-46.1801872253418,-91.22761535644531,29.098690032958984,2.9476799964904785,-13.114904403686523,73.72752380371094,-46.1801872253418,-91.22761535644531,29.098690032958984,30.267449445531636
8.553,0,3.351412296295166,-12.970060348510742,73.70100402832031,-46.405067443847656,-91.26702117919922,29.02179718017578,3.351412296295166,-12.970060348510742,73.70100402832031,-46.405067443847656,-91.26702117919922,29.02179718017578,30.006523157208086
8.588,0,3.480222702026367,-14.690717697143555,74.78179931640625,-45.53020477294922,-91.33533477783203,28.567163467407227,3.480222702026367,-14.690717697143555,74.78179931640625,-45.53020477294922,-91.33533477783203,28.567163467407227,29.615133724722764
8.621,0,3.723909854888916,-15.944035530090332,75.59140014648438,-44.94550323486328,-91.3553237915039,28.148714065551758,3.723909854888916,-15.32967032967033,75.59140014648438,-44.94550323486328,-91.3553237915039,28.148714065551758,29.419439008480104
8.654,0,3.5680432319641113,-14.836376190185547,75.29998016357422,-45.901763916015625,-91.36663818359375,28.37972640991211,3.5680432319641113,-14.836376190185547,75.29998016357422,-45.901763916015625,-91.36663818359375,28.37972640991211,29.09328114807567
8.686,0,3.592111587524414,-13.016620635986328,74.67120361328125,-47.20796203613281,-91.36052703857422,28.654354095458984,3.592111587524414,-13.016620635986328,74.67120361328125,-47.20796203613281,-91.36052703857422,28.654354095458984,28.767123287671232
8.721,0,3.567972183227539,-13.598756790161133,75.13983154296875,-47.06468963623047,-91.36290740966797,28.36554527282715,3.567972183227539,-13.598756790161133,75.13983154296875,-47.06468963623047,-91.36290740966797,28.36554527282715,28.701891715590342
8.754,0,3.6570496559143066,-14.631011962890625,75.81764221191406,-46.628883361816406,-91.3372802734375,28.139934539794922,3.6570496559143066,-14.631011962890625,75.81764221191406,-46.628883361816406,-91.3372802734375,28.139934539794922,28.636660143509456
8.788,0,3.4397363662719727,-14.069235801696777,75.70612335205078,-47.23100662231445,-91.3192138671875,28.241283416748047,3.4397363662719727,-14.069235801696777,75.70612335205078,-47.23100662231445,-91.3192138671875,28.241283416748047,28.636660143509456
8.822,0,3.4526658058166504,-12.880245208740234,75.24559020996094,-48.16162872314453,-91.32147979736328,28.335586547851562,3.4526658058166504,-12.880245208740234,75.24559020996094,-48.16162872314453,-91.32147979736328,28.335586547851562,28.57142857142857
8.855,0,3.367023468017578,-13.975716590881348,75.96379089355469,-47.650238037109375,-91.3735580444336,28.100967407226562,3.367023468017578,-13.975716590881348,75.96379089355469,-47.650238037109375,-91.3735580444336,28.100967407226562,28.506196999347683
8.888,0,3.4888954162597656,-13.831510543823242,75.917236328125,-47.8106803894043,-91.376220703125,28.275699615478516,3.4888954162597656,-13.831510543823242,75.917236328125,-47.8106803894043,-91.376220703125,28.275699615478516,28.506196999347683
8.923,0,3.301628589630127,-13.397330284118652,75.8388442993164,-48.21282196044922,-91.35433197021484,28.3369140625,3.301628589630127,-13.397330284118652,75.8388442993164,-48.21282196044922,-91.35433197021484,28.3369140625,28.440965427266796
8.956,0,3.4150867462158203,-14.160687446594238,76.32024383544922,-47.89189910888672,-91.34437561035156,28.089771270751953,3.4150867462158203,-14.160687446594238,76.32024383544922,-47.89189910888672,-91.34437561035156,28.089771270751953,28.37573385518591
8.989,0,3.275784969329834,-15.335460662841797,77.0191421508789,-47.2287483215332,-91.34392547607422,27.77461051940918,3.275784969329834,-15.335460662841797,77.0191421508789,-47.2287483215332,-91.34392547607422,27.77461051940918,28.37573385518591
9.024,0,3.3531384468078613,-15.293190002441406,76.97238159179688,-47.27350616455078,-91.31732940673828,27.84853744506836,3.3531384468078613,-15.293190002441406,76.97238159179688,-47.27350616455078,-91.31732940673828,27.84853744506836,28.31050228310502
9.055,0,3.0819406509399414,-14.720649719238281,76.8353271484375,-47.82783508300781,-91.275390625,27.879465103149414,3.0819406509399414,-14.720649719238281,76.8353271484375,-47.82783508300781,-91.275390625,27.879465103149414,28.31050228310502
9.093,0,3.053901195526123,-14.027388572692871,76.639404296875,-48.401947021484375,-91.282470703125,28.057842254638672,3.053901195526123,-14.027388572692871,76.639404296875,-48.401947021484375,-91.282470703125,28.057842254638672,28.180039138943247
9.121,0,2.9152560234069824,-15.380441665649414,77.35173797607422,-47.537628173828125,-91.28742218017578,27.635318756103516,2.9152560234069824,-15.380441665649414,77.35173797607422,-47.537628173828125,-91.28742218017578,27.635318756103516,28.180039138943247
9.157,0,3.0098838806152344,-16.52288818359375,77.90029907226562,-46.812171936035156,-91.26603698730469,27.594650268554688,3.0098838806152344,-16.52288818359375,77.90029907226562,-46.812171936035156,-91.26603698730469,27.594650268554688,28.180039138943247
9.191,0,2.740267753601074,-16.25143051147461,77.818115234375,-47.06698989868164,-91.24671173095703,27.60919189453125,2.740267753601074,-16.25143051147461,77.818115234375,-47.06698989868164,-91.24671173095703,27.60919189453125,28.11480756686236
9.224,0,2.7739005088806152,-16.143325805664062,77.74030303955078,-47.140052795410156,-91.26495361328125,27.716684341430664,2.7739005088806152,-16.143325805664062,77.74030303955078,-47.140052795410156,-91.26495361328125,27.716684341430664,27.984344422700584
9.258,0,2.5954041481018066,-17.627199172973633,78.50872802734375,-46.16944122314453,-91.33556365966797,27.351932525634766,2.5954041481018066,-17.627199172973633,78.50872802734375,-46.16944122314453,-91.33556365966797,27.351932525634766,27.984344422700584
9.303,0,2.7140769958496094,-17.932376861572266,78.57466125488281,-45.94010543823242,-91.29523468017578,27.452545166015625,2.7140769958496094,-17.932376861572266,78.57466125488281,-45.94010543823242,-91.29523468017578,27.452545166015625,27.984344422700584
9.327,0,2.5232653617858887,-17.675765991210938,78.53629302978516,-46.208255767822266,-91.28911590576172,27.561948776245117,2.5232653617858887,-17.675765991210938,78.53629302978516,-46.208255767822266,-91.28911590576172,27.561948776245117,27.85388127853881
9.359,0,2.304654121398926,-17.258052825927734,78.35620880126953,-46.59586715698242,-91.28863525390625,27.783493041992188,2.304654121398926,-17.258052825927734,78.35620880126953,-46.59586715698242,-91.28863525390625,27.783493041992188,27.723418134377038
9.394,0,2.028468608856201,-17.939407348632812,78.6178207397461,-46.13882827758789,-91.28704071044922,27.635753631591797,2.028468608856201,-17.939407348632812,78.6178207397461,-46.13882827758789,-91.28704071044922,27.635753631591797,27.723418134377038
9.428,0,2.103130340576172,-18.287385940551758,78.766845703125,-45.96907043457031,-91.26033782958984,27.747312545776367,2.103130340576172,-18.287385940551758,78.766845703125,-45.96907043457031,-91.26033782958984,27.747312545776367,27.723418134377038
9.461,0,1.9185537099838257,-18.33734130859375,78.80699920654297,-46.039180755615234,-91.24111938476562,27.782394409179688,1.9185537099838257,-18.33734130859375,78.80699920654297,-46.039180755615234,-91.24111938476562,27.782394409179688,27.723418134377038
9.498,0,2.0694384574890137,-17.437660217285156,78.33700561523438,-46.62964630126953,-91.22090911865234,28.034189224243164,2.0694384574890137,-17.437660217285156,78.33700561523438,-46.62964630126953,-91.22090911865234,28.034189224243164,27.723418134377038
9.527,0,1.717227816581726,-17.83732032775879,78.46214294433594,-46.39784622192383,-91.21073913574219,28.045927047729492,1.717227816581726,-17.83732032775879,78.46214294433594,-46.39784622192383,-91.21073913574219,28.045927047729492,27.65818656229615
9.564,0,1.6890701055526733,-17.601577758789062,78.34801483154297,-46.67796325683594,-91.2000961303711,28.304229736328125,1.6890701055526733,-17.601577758789062,78.34801483154297,-46.67796325683594,-91.2000961303711,28.304229736328125,27.65818656229615
9.597,0,1.5594044923782349,-16.97127342224121,78.026611328125,-47.098777770996094,-91.1639633178711,28.482152938842773,1.5594044923782349,-16.97127342224121,78.026611328125,-47.098777770996094,-91.1639633178711,28.482152938842773,27.65818656229615
9.630,0,1.1682246923446655,-16.941593170166016,78.0506591796875,-47.29179382324219,-91.15518188476562,28.622365951538086,1.1682246923446655,-16.941593170166016,78.0506591796875,-47.29179382324219,-91.15518188476562,28.622365951538086,27.65818656229615
9.664,0,1.2467318773269653,-16.48519515991211,77.69558715820312,-47.61568069458008,-91.13790893554688,28.903676986694336,1.2467318773269653,-16.48519515991211,77.69558715820312,-47.61568069458008,-91.13790893554688,28.903676986694336,27.788649706457925
9.698,0,0.9446908235549927,-16.08391571044922,77.41059875488281,-47.97481155395508,-91.1266098022461,29.1668701171875,0.9446908235549927,-16.08391571044922,77.41059875488281,-47.97481155395508,-91.1266098022461,29.1668701171875,28.049575994781474
9.731,0,0.7517942190170288,-15.711729049682617,77.1849594116211,-48.25419235229492,-91.08678436279297,29.287303924560547,0.7517942190170288,-15.711729049682617,77.1849594116211,-48.25419235229492,-91.08678436279297,29.287303924560547,28.245270711024133
9.761,0,0.5448651313781738,-15.091655731201172,76.78298950195312,-48.779972076416016,-91.0656509399414,29.551279067993164,0.5448651313781738,-15.091655731201172,76.78298950195312,-48.779972076416016,-91.0656509399414,29.551279067993164,28.506196999347683
9.796,0,0.8061864376068115,-14.104999542236328,76.25675201416016,-49.49606704711914,-91.04254913330078,29.85553741455078,0.8061864376068115,-14.104999542236328,76.25675201416016,-49.49606704711914,-91.04254913330078,29.85553741455078,28.767123287671232
9.831,0,0.9647130966186523,-14.142298698425293,76.24740600585938,-49.51771545410156,-90.97991943359375,29.964698791503906,0.9647130966186523,-14.142298698425293,76.24740600585938,-49.51771545410156,-90.97991943359375,29.964698791503906,28.897586431833005
9.863,0,0.6317734718322754,-12.908920288085938,75.61112976074219,-50.30180358886719,-90.9588851928711,30.295063018798828,0.6317734718322754,-12.908920288085938,75.61112976074219,-50.30180358886719,-90.9588851928711,30.295063018798828,29.22374429223744
9.896,0,0.437097430229187,-12.025800704956055,75.0728530883789,-50.95038604736328,-90.92086029052734,30.5759334564209,0.437097430229187,-12.025800704956055,75.0728530883789,-50.95038604736328,-90.92086029052734,30.5759334564209,29.419439008480104
9.932,0,0.5640687942504883,-11.231401443481445,74.6035385131836,-51.52628707885742,-90.90916442871094,30.898193359375,0.5640687942504883,-11.231401443481445,74.6035385131836,-51.52628707885742,-90.90916442871094,30.898193359375,29.615133724722764
9.964,0,0.46114611625671387,-11.113897323608398,74.39860534667969,-51.573158264160156,-90.90518951416016,31.017696380615234,0.46114611625671387,-11.113897323608398,74.39860534667969,-51.573158264160156,-90.90518951416016,31.017696380615234,29.9412915851272
9.998,0,0.14965558052062988,-10.092594146728516,73.9002456665039,-52.26748275756836,-90.86483001708984,31.30705451965332,0.14965558052062988,-10.092594146728516,73.9002456665039,-52.26748275756836,-90.86483001708984,31.30705451965332,30.20221787345075
10.030,0,0.2496699094772339,-9.210229873657227,73.43665313720703,-52.83085250854492,-90.8261947631836,31.523174285888672,0.2496699094772339,-9.210229873657227,73.43665313720703,-52.83085250854492,-90.8261947631836,31.523174285888672,30.4631441617743
10.066,0,-0.029338598251342773,-8.208183288574219,72.99188232421875,-53.61156463623047,-90.82237243652344,31.832813262939453,-0.029338598251342773,-8.208183288574219,72.99188232421875,-53.61156463623047,-90.82237243652344,31.832813262939453,30.658838878016958
10.099,0,-0.1383763551712036,-7.187347412109375,72.33135223388672,-54.265140533447266,-90.77198028564453,32.210304260253906,-0.1383763551712036,-7.187347412109375,72.33135223388672,-54.265140533447266,-90.77198028564453,32.210304260253906,30.984996738421394
10.130,0,-0.4759174585342407,-6.272062301635742,71.8674545288086,-54.91394805908203,-90.76448059082031,32.42107009887695,-0.4759174585342407,-6.272062301635742,71.8674545288086,-54.91394805908203,-90.76448059082031,32.42107009887695,31.180691454664057
10.167,0,-0.43097200989723206,-5.167675018310547,71.26055908203125,-55.568992614746094,-90.6985092163086,32.695472717285156,-0.430972009897232,-5.167675018310547,71.26055908203125,-55.568992614746094,-90.6985092163086,32.695472717285156,31.441617742987603
10.197,0,-0.7093327641487122,-3.950082778930664,70.65348052978516,-56.37602996826172,-90.69036102294922,33.04887008666992,-0.7093327641487122,-3.950082778930664,70.65348052978516,-56.37602996826172,-90.69036102294922,33.04887008666992,31.83300717547293
10.232,0,-0.8199262022972107,-3.5210094451904297,70.34805297851562,-56.7390022277832,-90.66773223876953,33.36149597167969,-0.8199262022972108,-3.5210094451904297,70.34805297851562,-56.7390022277832,-90.66773223876953,33.36149597167969,32.093933463796475
10.264,0,-1.1095762252807617,-3.160329818725586,70.18665313720703,-57.04127883911133,-90.648193359375,33.435577392578125,-1.1095762252807617,-3.160329818725586,70.18665313720703,-57.04127883911133,-90.648193359375,33.435577392578125,32.35485975212002
10.301,0,-1.230528712272644,-2.2700023651123047,69.70814514160156,-57.72749328613281,-90.59635162353516,33.693695068359375,-1.230528712272644,-2.2700023651123047,69.70814514160156,-57.72749328613281,-90.59635162353516,33.693695068359375,32.68101761252446
10.332,0,-1.5079700946807861,-0.6451148986816406,69.03929901123047,-58.96138381958008,-90.5474624633789,34.04505157470703,-1.5079700946807861,-0.6451148986816406,69.03929901123047,-58.96138381958008,-90.5474624633789,34.04505157470703,32.94194390084801
10.363,0,-1.6389515399932861,0.15981674194335938,68.55613708496094,-59.493133544921875,-90.51319122314453,34.458335876464844,-1.6389515399932861,0.15981674194335938,68.55613708496094,-59.493133544921875,-90.51319122314453,34.458335876464844,33.07240704500978
10.400,0,-2.1477198600769043,0.8813266754150391,68.20909881591797,-59.996849060058594,-90.47073364257812,34.593082427978516,-2.1477198600769043,0.8813266754150391,68.20909881591797,-59.996849060058594,-90.47073364257812,34.593082427978516,33.33333333333333
10.430,0,-2.661214590072632,2.857400894165039,67.31687927246094,-61.39497375488281,-90.42350769042969,35.05725860595703,-2.661214590072632,2.857400894165039,67.31687927246094,-61.39497375488281,-90.42350769042969,35.05725860595703,33.724722765818655
10.467,0,-2.745954990386963,4.058061599731445,66.6362533569336,-62.136878967285156,-90.3481674194336,35.41533279418945,-2.745954990386963,4.058061599731445,66.6362533569336,-62.136878967285156,-90.3481674194336,35.41533279418945,33.9856490541422
10.498,0,-2.8442888259887695,5.261537551879883,65.94317626953125,-62.90578079223633,-90.30201721191406,35.800140380859375,-2.8442888259887695,5.261537551879883,65.94317626953125,-62.90578079223633,-90.30201721191406,35.800140380859375,34.24657534246575
10.534,0,-3.394631862640381,5.909734725952148,65.6107177734375,-63.31390380859375,-90.22892761230469,35.98881530761719,-3.394631862640381,5.909734725952148,65.6107177734375,-63.31390380859375,-90.22892761230469,35.98881530761719,34.63796477495107
10.566,0,-3.4424633979797363,7.145132064819336,65.0035400390625,-64.10479736328125,-90.15066528320312,36.357460021972656,-3.4424633979797363,7.145132064819336,65.0035400390625,-64.10479736328125,-90.15066528320312,36.357460021972656,35.0293542074364
10.600,0,-3.42928409576416,7.47157096862793,64.70865631103516,-64.1249008178711,-90.07868957519531,36.32301330566406,-3.42928409576416,7.47157096862793,64.70865631103516,-64.1249008178711,-90.07868957519531,36.32301330566406,35.290280495759944
10.633,0,-3.501889705657959,7.089208602905273,64.70269775390625,-63.74028396606445,-90.06696319580078,36.14611053466797,-3.501889705657959,7.089208602905273,64.70269775390625,-63.74028396606445,-90.06696319580078,36.14611053466797,35.61643835616438
10.666,0,-3.6701488494873047,8.191740036010742,64.15953063964844,-64.5782470703125,-90.01661682128906,36.27375030517578,-3.6701488494873047,8.191740036010742,64.15953063964844,-64.5782470703125,-90.01661682128906,36.27375030517578,35.81213307240704
10.701,0,-3.789905071258545,9.307683944702148,63.544864654541016,-65.25753784179688,-89.93821716308594,36.53176498413086,-3.789905071258545,9.307683944702148,63.544864654541016,-65.25753784179688,-89.93821716308594,36.53176498413086,35.87736464448793
10.733,0,-3.595918655395508,8.774007797241211,63.6329460144043,-64.81826782226562,-89.9400634765625,36.360572814941406,-3.595918655395508,8.774007797241211,63.6329460144043,-64.81826782226562,-89.9400634765625,36.360572814941406,35.942596216568816
10.769,0,-3.4366416931152344,9.227537155151367,63.26415252685547,-64.95325469970703,-89.86920928955078,36.32846450805664,-3.4366416931152344,9.227537155151367,63.26415252685547,-64.95325469970703,-89.86920928955078,36.32846450805664,36.007827788649706
10.798,0,-3.4653115272521973,9.449666976928711,63.22715759277344,-65.1651840209961,-89.88864135742188,36.300506591796875,-3.4653115272521973,9.449666976928711,63.22715759277344,-65.1651840209961,-89.88864135742188,36.300506591796875,36.07305936073059
10.833,0,-3.370720386505127,9.543947219848633,63.07494354248047,-65.18287658691406,-89.8431167602539,36.445552825927734,-3.370720386505127,9.543947219848633,63.07494354248047,-65.18287658691406,-89.8431167602539,36.445552825927734,36.07305936073059
10.866,0,-3.2643275260925293,10.319585800170898,62.60440444946289,-65.63803100585938,-89.73900604248047,36.674007415771484,-3.2643275260925293,10.319585800170898,62.60440444946289,-65.63803100585938,-89.73900604248047,36.674007415771484,36.07305936073059
10.901,0,-3.002377986907959,11.59288215637207,61.89103698730469,-66.36248779296875,-89.65119934082031,37.130611419677734,-3.002377986907959,11.59288215637207,61.89103698730469,-66.36248779296875,-89.65119934082031,37.130611419677734,36.07305936073059
10.937,0,-3.24763822555542,12.494813919067383,61.427528381347656,-66.8582763671875,-89.60388946533203,37.27702713012695,-3.24763822555542,12.494813919067383,61.427528381347656,-66.8582763671875,-89.60388946533203,37.27702713012695,36.07305936073059
10.965,0,-3.66487979888916,11.387823104858398,62.18580627441406,-66.29480743408203,-89.69313049316406,37.0557861328125,-3.66487979888916,11.387823104858398,62.18580627441406,-66.29480743408203,-89.69313049316406,37.0557861328125,36.33398564905414
11.001,0,-3.721808910369873,10.968271255493164,62.28303146362305,-65.91477966308594,-89.7005386352539,36.98664474487305,-3.721808910369873,10.968271255493164,62.28303146362305,-65.91477966308594,-89.7005386352539,36.98664474487305,36.72537508153946
11.039,0,-3.5735130310058594,11.252180099487305,62.11320114135742,-66.05999755859375,-89.7040786743164,37.07299041748047,-3.5735130310058594,11.252180099487305,62.11320114135742,-66.05999755859375,-89.7040786743164,37.07299041748047,36.79060665362035
11.068,0,-3.6322808265686035,11.456228256225586,61.987266540527344,-66.20997619628906,-89.75931549072266,37.0709228515625,-3.6322808265686035,11.456228256225586,61.987266540527344,-66.20997619628906,-89.75931549072266,37.0709228515625,36.79060665362035
11.104,0,-4.064585208892822,10.384298324584961,62.7374267578125,-65.66079711914062,-89.85132598876953,36.837013244628906,-4.064585208892822,10.384298324584961,62.7374267578125,-65.66079711914062,-89.85132598876953,36.837013244628906,36.79060665362035
11.136,0,-4.17334508895874,10.88496208190918,62.45908737182617,-65.99716186523438,-89.8601303100586,36.9659423828125,-4.17334508895874,10.88496208190918,62.45908737182617,-65.99716186523438,-89.8601303100586,36.9659423828125,36.79060665362035
11.170,0,-4.5621442794799805,10.792200088500977,62.36366653442383,-65.76835632324219,-89.87242126464844,37.152442932128906,-4.5621442794799805,10.792200088500977,62.36366653442383,-65.76835632324219,-89.87242126464844,37.152442932128906,36.79060665362035
11.202,0,-4.7283935546875,10.86207389831543,62.219635009765625,-65.81806945800781,-89.8916244506836,37.1800651550293,-4.7283935546875,10.86207389831543,62.219635009765625,-65.81806945800781,-89.8916244506836,37.1800651550293,36.79060665362035
11.238,0,-4.333061218261719,10.041719436645508,62.747615814208984,-65.33181762695312,-89.82474517822266,37.14306640625,-4.333061218261719,10.041719436645508,62.747615814208984,-65.33181762695312,-89.82474517822266,37.14306640625,36.79060665362035
11.269,0,-4.359396934509277,9.970304489135742,62.68616485595703,-65.23159790039062,-89.84040069580078,37.138797760009766,-4.359396934509277,9.970304489135742,62.68616485595703,-65.23159790039062,-89.84040069580078,37.138797760009766,36.79060665362035
11.304,0,-4.709118843078613,10.277700424194336,62.470787048339844,-65.35459899902344,-89.85992431640625,37.322853088378906,-4.709118843078613,10.277700424194336,62.470787048339844,-65.35459899902344,-89.85992431640625,37.322853088378906,36.79060665362035
11.338,0,-4.772282123565674,10.373044967651367,62.34693145751953,-65.362060546875,-89.89625549316406,37.4112434387207,-4.772282123565674,10.373044967651367,62.34693145751953,-65.362060546875,-89.89625549316406,37.4112434387207,36.79060665362035
11.382,0,-5.144188404083252,9.584367752075195,62.9022102355957,-64.95635986328125,-89.89874267578125,37.37641525268555,-5.144188404083252,9.584367752075195,62.9022102355957,-64.95635986328125,-89.89874267578125,37.37641525268555,36.79060665362035
11.407,0,-5.2273359298706055,9.272005081176758,62.901832580566406,-64.6177749633789,-89.8941421508789,37.37396240234375,-5.2273359298706055,9.272005081176758,62.901832580566406,-64.6177749633789,-89.8941421508789,37.37396240234375,36.921069797782124
11.439,0,-5.621936798095703,9.767602920532227,62.62074279785156,-64.87158966064453,-89.90374755859375,37.735931396484375,-5.621936798095703,9.767602920532227,62.62074279785156,-64.87158966064453,-89.90374755859375,37.735931396484375,37.0515329419439
11.475,0,-5.770727157592773,10.857694625854492,62.06613540649414,-65.598388671875,-89.95488739013672,38.00634002685547,-5.770727157592773,10.857694625854492,62.06613540649414,-65.598388671875,-89.95488739013672,38.00634002685547,37.0515329419439
11.509,0,-6.140993118286133,9.978025436401367,62.60002899169922,-65.05274200439453,-90.01319885253906,37.86968231201172,-6.140993118286133,9.978025436401367,62.60002899169922,-65.05274200439453,-90.01319885253906,37.86968231201172,37.18199608610567
11.543,0,-6.578444957733154,10.310384750366211,62.49795913696289,-65.33365631103516,-90.0465087890625,38.0499153137207,-6.578444957733154,10.310384750366211,62.49795913696289,-65.33365631103516,-90.0465087890625,38.0499153137207,37.44292237442922
11.576,0,-6.965002536773682,10.548944473266602,62.240997314453125,-65.29283905029297,-90.05453491210938,38.32012939453125,-6.965002536773682,10.548944473266602,62.240997314453125,-65.29283905029297,-90.05453491210938,38.32012939453125,37.573385518590996
11.610,0,-7.109811305999756,11.18354606628418,61.85552215576172,-65.667724609375,-90.1106185913086,38.51531219482422,-7.109811305999756,11.18354606628418,61.85552215576172,-65.667724609375,-90.1106185913086,38.51531219482422,37.573385518590996
11.642,0,-7.523157596588135,10.215921401977539,62.497596740722656,-65.06471252441406,-90.20735168457031,38.288330078125,-7.523157596588135,10.215921401977539,62.497596740722656,-65.06471252441406,-90.20735168457031,38.288330078125,37.70384866275277
11.680,0,-8.007423400878906,11.02391242980957,62.18555450439453,-65.68728637695312,-90.25255584716797,38.471282958984375,-8.007423400878906,11.02391242980957,62.18555450439453,-65.68728637695312,-90.25255584716797,38.471282958984375,37.96477495107632
11.708,0,-8.333537101745605,10.504907608032227,62.442935943603516,-65.37722778320312,-90.2837142944336,38.339786529541016,-8.333537101745605,10.504907608032227,62.442935943603516,-65.37722778320312,-90.2837142944336,38.339786529541016,38.030006523157205
11.745,0,-8.516735076904297,10.870149612426758,62.14121627807617,-65.46660614013672,-90.31379699707031,38.31138229370117,-8.516735076904297,10.870149612426758,62.14121627807617,-65.46660614013672,-90.31379699707031,38.31138229370117,38.030006523157205
11.776,0,-8.890750885009766,9.971860885620117,62.736175537109375,-64.95077514648438,-90.43159484863281,38.02147674560547,-8.890750885009766,9.971860885620117,62.736175537109375,-64.95077514648438,-90.43159484863281,38.02147674560547,38.030006523157205
11.810,0,-8.770225524902344,10.202611923217773,62.79612350463867,-65.27526092529297,-90.44123840332031,38.025535583496094,-8.770225524902344,10.202611923217773,62.79612350463867,-65.27526092529297,-90.44123840332031,38.025535583496094,38.030006523157205
11.843,0,-8.907536506652832,9.342584609985352,63.12950134277344,-64.60369873046875,-90.46884155273438,37.89822769165039,-8.907536506652832,9.342584609985352,63.12950134277344,-64.60369873046875,-90.46884155273438,37.89822769165039,37.96477495107632
11.877,0,-9.12574577331543,9.612062454223633,62.840614318847656,-64.5675048828125,-90.50211334228516,37.81697082519531,-9.12574577331543,9.612062454223633,62.840614318847656,-64.5675048828125,-90.50211334228516,37.81697082519531,37.96477495107632
11.911,0,-8.890661239624023,11.864595413208008,61.85608673095703,-66.30891418457031,-90.44955444335938,38.46037673950195,-8.890661239624023,11.864595413208008,61.85608673095703,-66.30891418457031,-90.44955444335938,38.46037673950195,37.96477495107632
11.942,0,-8.70619010925293,11.726499557495117,62.016929626464844,-66.28460693359375,-90.44245910644531,38.265296936035156,-8.70619010925293,11.726499557495117,62.016929626464844,-66.28460693359375,-90.44245910644531,38.265296936035156,37.96477495107632
11.980,0,-8.928194046020508,11.316873550415039,62.10206604003906,-65.90824890136719,-90.47936248779297,38.026424407958984,-8.928194046020508,11.316873550415039,62.10206604003906,-65.90824890136719,-90.47936248779297,38.026424407958984,37.96477495107632
12.009,0,-8.777579307556152,12.259004592895508,61.5423469543457,-66.36201477050781,-90.44012451171875,38.225196838378906,-8.777579307556152,12.259004592895508,61.5423469543457,-66.36201477050781,-90.44012451171875,38.225196838378906,38.030006523157205
12.047,0,-9.267127990722656,11.610383987426758,61.925296783447266,-65.96830749511719,-90.53486633300781,38.217918395996094,-9.267127990722656,11.610383987426758,61.925296783447266,-65.96830749511719,-90.53486633300781,38.217918395996094,38.030006523157205
12.076,0,-9.050188064575195,10.95781135559082,62.380577087402344,-65.61439514160156,-90.52432250976562,37.91237258911133,-9.050188064575195,10.95781135559082,62.380577087402344,-65.61439514160156,-90.52432250976562,37.91237258911133,38.095238095238095
12.114,0,-9.28980827331543,10.21428108215332,62.62596893310547,-64.98759460449219,-90.56626892089844,37.663917541503906,-9.28980827331543,10.21428108215332,62.62596893310547,-64.98759460449219,-90.56626892089844,37.663917541503906,38.095238095238095
12.144,0,-9.148655891418457,11.272649765014648,62.04867172241211,-65.56182861328125,-90.5060806274414,37.91297149658203,-9.148655891418457,11.272649765014648,62.04867172241211,-65.56182861328125,-90.5060806274414,37.91297149658203,38.095238095238095
12.181,0,-9.61167049407959,10.413522720336914,62.541561126708984,-64.97251892089844,-90.57927703857422,37.829933166503906,-9.61167049407959,10.413522720336914,62.541561126708984,-64.97251892089844,-90.57927703857422,37.829933166503906,38.095238095238095
12.211,0,-9.453758239746094,9.396867752075195,63.1256217956543,-64.39851379394531,-90.61625671386719,37.43002700805664,-9.453758239746094,9.396867752075195,63.1256217956543,-64.39851379394531,-90.61625671386719,37.43002700805664,38.030006523157205
12.245,0,-9.420016288757324,10.612722396850586,62.47722625732422,-65.0118408203125,-90.4937973022461,37.84901428222656,-9.420016288757324,10.612722396850586,62.47722625732422,-65.0118408203125,-90.4937973022461,37.84901428222656,37.96477495107632
12.282,0,-9.386799812316895,10.245710372924805,62.442779541015625,-64.5331802368164,-90.49700164794922,37.68547821044922,-9.386799812316895,10.245710372924805,62.442779541015625,-64.5331802368164,-90.49700164794922,37.68547821044922,37.89954337899543
12.311,0,-9.833050727844238,9.115468978881836,63.052162170410156,-63.74188995361328,-90.56561279296875,37.453189849853516,-9.833050727844238,9.115468978881836,63.052162170410156,-63.74188995361328,-90.56561279296875,37.453189849853516,37.76908023483366
12.346,0,-9.678226470947266,8.340204238891602,63.60107421875,-63.30984115600586,-90.5691909790039,37.20186996459961,-9.678226470947266,8.340204238891602,63.60107421875,-63.30984115600586,-90.5691909790039,37.20186996459961,37.76908023483366
12.382,0,-9.69498062133789,7.781797409057617,63.806114196777344,-62.803733825683594,-90.58460235595703,37.05261993408203,-9.69498062133789,7.781797409057617,63.806114196777344,-62.803733825683594,-90.58460235595703,37.05261993408203,37.70384866275277
12.412,0,-9.670331001281738,6.636236190795898,64.25945281982422,-61.873565673828125,-90.6255111694336,36.78797912597656,-9.670331001281738,6.636236190795898,64.25945281982422,-61.873565673828125,-90.6255111694336,36.78797912597656,37.70384866275277
12.446,0,-9.53565788269043,6.480234146118164,64.31262969970703,-61.74087905883789,-90.6147232055664,36.932857513427734,-9.53565788269043,6.480234146118164,64.31262969970703,-61.74087905883789,-90.6147232055664,36.932857513427734,37.508153946510106
12.479,0,-9.372035026550293,5.62788200378418,64.82939910888672,-61.232994079589844,-90.62142944335938,36.61900329589844,-9.372035026550293,5.62788200378418,64.82939910888672,-61.232994079589844,-90.62142944335938,36.61900329589844,37.37769080234833
12.513,0,-9.457472801208496,4.474390029907227,65.25310516357422,-60.35484313964844,-90.6796875,36.12591552734375,-9.457472801208496,4.8901098901098905,65.25310516357422,-60.35484313964844,-90.6796875,36.12591552734375,37.24722765818656
12.547,0,-9.470220565795898,4.191137313842773,65.35206604003906,-60.0561637878418,-90.73603820800781,36.04620361328125,-9.470220565795898,4.191137313842773,65.35206604003906,-60.0561637878418,-90.73603820800781,36.04620361328125,37.18199608610567
12.579,0,-9.213664054870605,3.412160873413086,65.7671127319336,-59.57158660888672,-90.71204376220703,35.880245208740234,-9.213664054870605,3.571428571428571,65.7671127319336,-59.57158660888672,-90.71204376220703,35.880245208740234,36.855838225701234
12.613,0,-9.080143928527832,4.807130813598633,65.19210052490234,-60.5103759765625,-90.64371490478516,36.23798751831055,-9.080143928527832,4.807130813598633,65.19210052490234,-60.5103759765625,-90.64371490478516,36.23798751831055,36.5296803652968
12.647,0,-9.133912086486816,4.320932388305664,65.31046295166016,-60.02196502685547,-90.67449951171875,36.029449462890625,-9.133912086486816,4.320932388305664,65.31046295166016,-60.02196502685547,-90.67449951171875,36.029449462890625,36.33398564905414
12.681,0,-9.073704719543457,4.456064224243164,65.13455200195312,-59.923099517822266,-90.69133758544922,35.94844055175781,-9.073704719543457,4.456064224243164,65.13455200195312,-59.923099517822266,-90.69133758544922,35.94844055175781,36.33398564905414
12.727,0,-9.016754150390625,4.449193954467773,64.9769058227539,-59.714012145996094,-90.70764923095703,35.84309387207031,-9.016754150390625,4.449193954467773,64.9769058227539,-59.714012145996094,-90.70764923095703,35.84309387207031,36.20352250489237
12.751,0,-8.748516082763672,3.860452651977539,65.28636169433594,-59.312171936035156,-90.69313049316406,35.63111114501953,-8.748516082763672,3.860452651977539,65.28636169433594,-59.312171936035156,-90.69313049316406,35.63111114501953,36.20352250489237
12.784,0,-8.448513984680176,3.310293197631836,65.54952239990234,-58.9339599609375,-90.7003173828125,35.29750061035156,-8.448513984680176,3.310293197631836,65.54952239990234,-58.9339599609375,-90.7003173828125,35.29750061035156,36.20352250489237
12.819,0,-8.292020797729492,3.928403854370117,65.26780700683594,-59.38365173339844,-90.6549301147461,35.48249053955078,-8.292020797729492,3.928403854370117,65.26780700683594,-59.38365173339844,-90.6549301147461,35.48249053955078,36.13829093281148
12.852,0,-8.188733100891113,4.600461959838867,64.99932861328125,-59.828224182128906,-90.64839172363281,35.58869552612305,-8.188733100891113,4.600461959838867,64.99932861328125,-59.828224182128906,-90.64839172363281,35.58869552612305,35.87736464448793
12.888,0,-8.454094886779785,4.058027267456055,65.32560729980469,-59.36829376220703,-90.6572265625,35.385677337646484,-8.454094886779785,4.058027267456055,65.32560729980469,-59.36829376220703,-90.6572265625,35.385677337646484,35.74690150032615
12.919,0,-8.282718658447266,2.7950611114501953,66.10012817382812,-58.58546829223633,-90.66968536376953,34.8252067565918,-8.282718658447266,2.7950611114501953,66.10012817382812,-58.58546829223633,-90.66968536376953,34.8252067565918,35.74690150032615
12.953,0,-8.26499080657959,1.7977409362792969,66.44306182861328,-57.7305908203125,-90.73178100585938,34.34258270263672,-8.26499080657959,1.7977409362792969,66.44306182861328,-57.7305908203125,-90.73178100585938,34.34258270263672,35.74690150032615
12.986,0,-8.226241111755371,3.242361068725586,65.71701049804688,-58.55438232421875,-90.57612609863281,34.633888244628906,-8.226241111755371,3.242361068725586,65.71701049804688,-58.55438232421875,-90.57612609863281,34.633888244628906,35.61643835616438
13.023,0,-8.134977340698242,2.2667407989501953,66.2031021118164,-57.8349723815918,-90.56539916992188,34.4211540222168,-8.134977340698242,2.2667407989501953,66.2031021118164,-57.8349723815918,-90.56539916992188,34.4211540222168,35.22504892367906
13.053,0,-7.839407920837402,1.1212482452392578,66.81348419189453,-57.039817810058594,-90.54588317871094,33.92525863647461,-7.839407920837402,1.1212482452392578,66.81348419189453,-57.039817810058594,-90.54588317871094,33.92525863647461,34.96412263535551
13.088,0,-7.842055797576904,0.1901683807373047,67.13468170166016,-56.26849365234375,-90.58721160888672,33.50718688964844,-7.842055797576904,0.1901683807373047,67.13468170166016,-56.26849365234375,-90.58721160888672,33.50718688964844,34.96412263535551
13.121,0,-7.782383918762207,0.055301666259765625,67.10984802246094,-56.07955551147461,-90.58866882324219,33.31491470336914,-7.782383918762207,0.055301666259765625,67.10984802246094,-56.07955551147461,-90.58866882324219,33.31491470336914,34.70319634703196
13.154,0,-7.740968704223633,-0.6219120025634766,67.37751007080078,-55.51789093017578,-90.59172821044922,33.10852813720703,-7.740968704223633,-0.6219120025634761,67.37751007080078,-55.51789093017578,-90.59172821044922,33.10852813720703,34.24657534246575
13.190,0,-7.516348838806152,0.06902313232421875,67.15223693847656,-56.052364349365234,-90.50935363769531,33.15800476074219,-7.516348838806152,0.06902313232421875,67.15223693847656,-56.052364349365234,-90.50935363769531,33.15800476074219,33.92041748206132
13.221,0,-7.342438220977783,-0.04033660888671875,67.17385864257812,-55.89308166503906,-90.45513153076172,33.06932067871094,-7.342438220977783,-0.04033660888671875,67.17385864257812,-55.89308166503906,-90.45513153076172,33.06932067871094,33.659491193737765
13.256,0,-7.286875247955322,-0.4259300231933594,67.34674835205078,-55.60547637939453,-90.45862579345703,32.8405876159668,-7.286875247955322,-0.4259300231933594,67.34674835205078,-55.60547637939453,-90.45862579345703,32.8405876159668,33.46379647749511
13.288,0,-6.958569049835205,-0.7758045196533203,67.53871154785156,-55.387001037597656,-90.41361999511719,32.58582305908203,-6.958569049835205,-0.7758045196533203,67.53871154785156,-55.387001037597656,-90.41361999511719,32.58582305908203,33.39856490541422
13.323,0,-6.694836616516113,-1.045267105102539,67.69937896728516,-55.1539306640625,-90.38180541992188,32.294376373291016,-6.694836616516113,-1.045267105102539,67.69937896728516,-55.1539306640625,-90.38180541992188,32.294376373291016,33.39856490541422
13.355,0,-6.602169513702393,-0.9009132385253906,67.68468475341797,-55.23789596557617,-90.35468292236328,32.18000030517578,-6.602169513702393,-0.9009132385253906,67.68468475341797,-55.23789596557617,-90.35468292236328,32.18000030517578,33.13763861709067
13.391,0,-6.55289888381958,0.5436134338378906,66.91571807861328,-56.026981353759766,-90.27442932128906,32.51870346069336,-6.55289888381958,0.5436134338378906,66.91571807861328,-56.026981353759766,-90.27442932128906,32.51870346069336,32.87671232876712
13.420,0,-6.580124855041504,-0.6176204681396484,67.49018859863281,-55.20767593383789,-90.30850219726562,32.02568054199219,-6.580124855041504,-0.6176204681396484,67.49018859863281,-55.20767593383789,-90.30850219726562,32.02568054199219,32.615786040443574
13.458,0,-6.867890357971191,0.7336044311523438,66.86930084228516,-56.037994384765625,-90.25921630859375,32.20089340209961,-6.867890357971191,0.7336044311523438,66.86930084228516,-56.037994384765625,-90.25921630859375,32.20089340209961,32.550554468362684
13.490,0,-6.708883762359619,1.216928482055664,66.47798919677734,-55.95386505126953,-90.15377807617188,32.31681823730469,-6.708883762359619,1.216928482055664,66.47798919677734,-55.95386505126953,-90.15377807617188,32.31681823730469,32.4853228962818
13.523,0,-6.661191940307617,0.9996681213378906,66.55262756347656,-55.73792266845703,-90.1556167602539,32.138023376464844,-6.661191940307617,0.9996681213378906,66.55262756347656,-55.73792266845703,-90.1556167602539,32.138023376464844,32.35485975212002
13.558,0,-6.489295959472656,-0.6598796844482422,67.43867492675781,-54.60216522216797,-90.176025390625,31.48094940185547,-6.489295959472656,-0.6598796844482422,67.43867492675781,-54.60216522216797,-90.176025390625,31.48094940185547,32.35485975212002
13.591,0,-6.230201721191406,-1.5497474670410156,68.03581237792969,-54.214332580566406,-90.18246459960938,30.999513626098633,-6.230201721191406,-1.5497474670410156,68.03581237792969,-54.214332580566406,-90.18246459960938,30.999513626098633,32.28962818003914
13.623,0,-6.095846176147461,-2.4542999267578125,68.45054626464844,-53.54590606689453,-90.16586303710938,30.6430721282959,-6.095846176147461,-2.4542999267578125,68.45054626464844,-53.54590606689453,-90.16586303710938,30.6430721282959,32.22439660795825
13.660,0,-6.011728763580322,-2.5262699127197266,68.44851684570312,-53.40077590942383,-90.16099548339844,30.475175857543945,-6.011728763580322,-2.5262699127197266,68.44851684570312,-53.40077590942383,-90.16099548339844,30.475175857543945,31.76777560339204
13.693,0,-5.78259801864624,-4.160316467285156,69.2966537475586,-52.30915832519531,-90.19537353515625,29.92000961303711,-5.78259801864624,-4.160316467285156,69.2966537475586,-52.30915832519531,-90.19537353515625,29.92000961303711,31.376386170906716
13.725,0,-5.531593322753906,-5.353445053100586,70.02066802978516,-51.71529769897461,-90.20396423339844,29.457149505615234,-5.531593322753906,-4.6923076923076925,70.02066802978516,-51.71529769897461,-90.20396423339844,29.457149505615234,31.05022831050228
13.757,0,-5.461076259613037,-6.374895095825195,70.4736328125,-50.95806884765625,-90.21873474121094,29.07353401184082,-5.461076259613037,-5.483516483516484,70.4736328125,-50.95806884765625,-90.21873474121094,29.07353401184082,30.78930202217873
13.791,0,-5.4062180519104,-5.440914154052734,70.03275299072266,-51.539466857910156,-90.13127136230469,29.267749786376953,-5.4062180519104,-5.440914154052734,70.03275299072266,-51.539466857910156,-90.13127136230469,29.267749786376953,30.267449445531636
13.824,0,-5.303581237792969,-6.013063430786133,70.35681915283203,-51.16737747192383,-90.14144134521484,29.062807083129883,-5.303581237792969,-6.013063430786133,70.35681915283203,-51.16737747192383,-90.14144134521484,29.062807083129883,29.810828440965427
13.857,0,-5.047222137451172,-7.147281646728516,70.97920989990234,-50.54888153076172,-90.15896606445312,28.661224365234375,-5.047222137451172,-7.147281646728516,70.97920989990234,-50.54888153076172,-90.15896606445312,28.661224365234375,29.48467058056099
13.893,0,-5.0542402267456055,-7.315067291259766,70.9183120727539,-50.27614974975586,-90.1430892944336,28.5747127532959,-5.0542402267456055,-7.315067291259766,70.9183120727539,-50.27614974975586,-90.1430892944336,28.5747127532959,29.354207436399214
13.925,0,-5.047733306884766,-6.295942306518555,70.55517578125,-51.03630065917969,-90.05186462402344,28.790111541748047,-5.047733306884766,-6.295942306518555,70.55517578125,-51.03630065917969,-90.05186462402344,28.790111541748047,29.288975864318328
13.959,0,-4.975226879119873,-6.439445495605469,70.68803405761719,-50.98027801513672,-90.08334350585938,28.622608184814453,-4.975226879119873,-6.439445495605469,70.68803405761719,-50.98027801513672,-90.08334350585938,28.622608184814453,29.02804957599478
13.992,0,-4.761580467224121,-7.279581069946289,71.19927978515625,-50.587158203125,-90.09111022949219,28.37298011779785,-4.761580467224121,-7.279581069946289,71.19927978515625,-50.587158203125,-90.09111022949219,28.37298011779785,28.962818003913892
14.026,0,-4.764927864074707,-7.489715576171875,71.15576171875,-50.31302261352539,-90.10204315185547,28.235729217529297,-4.764927864074707,-7.489715576171875,71.15576171875,-50.31302261352539,-90.10204315185547,28.235729217529297,28.962818003913892
14.060,0,-4.82619571685791,-6.364723205566406,70.7452163696289,-51.1671142578125,-90.02362060546875,28.5269832611084,-4.82619571685791,-6.364723205566406,70.7452163696289,-51.1671142578125,-90.02362060546875,28.5269832611084,28.897586431833005
14.093,0,-5.057409763336182,-6.427934646606445,70.58197021484375,-50.84319305419922,-90.04979705810547,28.549524307250977,-5.057409763336182,-6.427934646606445,70.58197021484375,-50.84319305419922,-90.04979705810547,28.549524307250977,28.701891715590342
14.125,0,-4.889396667480469,-6.379947662353516,70.5284423828125,-50.89837646484375,-90.07406616210938,28.51773452758789,-4.889396667480469,-6.379947662353516,70.5284423828125,-50.89837646484375,-90.07406616210938,28.51773452758789,28.57142857142857
14.160,0,-4.915425777435303,-6.335460662841797,70.42555236816406,-50.799285888671875,-90.0541000366211,28.50959587097168,-4.915425777435303,-6.335460662841797,70.42555236816406,-50.799285888671875,-90.0541000366211,28.50959587097168,28.701891715590342
14.194,0,-4.931000232696533,-5.38104248046875,69.99846649169922,-51.438438415527344,-89.94755554199219,28.701683044433594,-4.931000232696533,-5.38104248046875,69.99846649169922,-51.438438415527344,-89.94755554199219,28.701683044433594,28.701891715590342
14.226,0,-4.450413703918457,-4.55558967590332,69.61510467529297,-52.07566833496094,-89.87982940673828,28.813949584960938,-4.450413703918457,-4.55558967590332,69.61510467529297,-52.07566833496094,-89.87982940673828,28.813949584960938,28.701891715590342
14.263,0,-4.764707088470459,-5.198982238769531,69.78699493408203,-51.51749801635742,-89.93971252441406,28.736675262451172,-4.764707088470459,-5.198982238769531,69.78699493408203,-51.51749801635742,-89.93971252441406,28.736675262451172,28.701891715590342
14.292,0,-4.753509998321533,-5.334882736206055,69.76393127441406,-51.293704986572266,-89.88920593261719,28.709064483642578,-4.753509998321533,-5.334882736206055,69.76393127441406,-51.293704986572266,-89.88920593261719,28.709064483642578,28.701891715590342
14.328,0,-5.0198493003845215,-4.9831695556640625,69.4940414428711,-51.447532653808594,-89.91294860839844,28.830612182617188,-5.0198493003845215,-4.9831695556640625,69.4940414428711,-51.447532653808594,-89.91294860839844,28.830612182617188,28.701891715590342
14.360,0,-4.557547569274902,-4.15635871887207,69.21990966796875,-52.1607780456543,-89.85794830322266,28.94529914855957,-4.557547569274902,-4.15635871887207,69.21990966796875,-52.1607780456543,-89.85794830322266,28.94529914855957,28.701891715590342
14.394,0,-4.847317218780518,-4.951162338256836,69.44103240966797,-51.50083923339844,-89.91044616699219,28.837623596191406,-4.847317218780518,-4.951162338256836,69.44103240966797,-51.50083923339844,-89.91044616699219,28.837623596191406,28.701891715590342
14.426,0,-4.858495712280273,-4.903230667114258,69.30955505371094,-51.39473342895508,-89.88427734375,28.788532257080078,-4.858495712280273,-4.903230667114258,69.30955505371094,-51.39473342895508,-89.88427734375,28.788532257080078,28.701891715590342
14.493,0,-5.111909866333008,-4.631378173828125,69.03779602050781,-51.45648956298828,-89.90949249267578,28.92538833618164,-5.111909866333008,-4.631378173828125,69.03779602050781,-51.45648956298828,-89.90949249267578,28.92538833618164,28.701891715590342
14.517,0,-4.9313178062438965,-4.5803375244140625,69.04037475585938,-51.578155517578125,-89.90314483642578,28.877471923828125,-4.9313178062438965,-4.5803375244140625,69.04037475585938,-51.578155517578125,-89.90314483642578,28.877471923828125,28.701891715590342
14.550,0,-4.982928276062012,-5.136615753173828,69.25283813476562,-51.191810607910156,-89.8944091796875,28.849435806274414,-4.982928276062012,-5.136615753173828,69.25283813476562,-51.191810607910156,-89.8944091796875,28.849435806274414,28.701891715590342
14.586,0,-5.004142761230469,-5.097616195678711,69.06996154785156,-51.04705047607422,-89.89424896240234,28.82256317138672,-5.004142761230469,-5.097616195678711,69.06996154785156,-51.04705047607422,-89.89424896240234,28.82256317138672,28.701891715590342
14.621,0,-5.275125503540039,-4.844987869262695,68.85324096679688,-51.15785217285156,-89.90753936767578,29.005752563476562,-5.275125503540039,-4.844987869262695,68.85324096679688,-51.15785217285156,-89.90753936767578,29.005752563476562,28.701891715590342
14.651,0,-4.969743251800537,-4.784162521362305,68.87284088134766,-51.32899475097656,-89.89102172851562,29.149032592773438,-4.969743251800537,-4.784162521362305,68.87284088134766,-51.32899475097656,-89.89102172851562,29.149032592773438,28.701891715590342
14.685,0,-4.8430681228637695,-4.726955413818359,68.84708404541016,-51.43254852294922,-89.820068359375,29.304813385009766,-4.8430681228637695,-4.726955413818359,68.84708404541016,-51.43254852294922,-89.820068359375,29.304813385009766,28.701891715590342
14.721,0,-4.8655595779418945,-4.672910690307617,68.61444091796875,-51.25127410888672,-89.75653076171875,29.378376007080078,-4.8655595779418945,-4.672910690307617,68.61444091796875,-51.25127410888672,-89.75653076171875,29.378376007080078,28.701891715590342
14.752,0,-5.138245582580566,-4.587114334106445,68.4353256225586,-51.15272521972656,-89.7590103149414,29.576946258544922,-5.138245582580566,-4.587114334106445,68.4353256225586,-51.15272521972656,-89.7590103149414,29.576946258544922,28.701891715590342
14.786,0,-4.639751434326172,-4.061094284057617,68.2367935180664,-51.688690185546875,-89.72134399414062,29.74159049987793,-4.639751434326172,-4.061094284057617,68.2367935180664,-51.688690185546875,-89.72134399414062,29.74159049987793,28.83235485975212
14.829,0,-4.752935886383057,-4.759698867797852,68.62857818603516,-51.30420684814453,-89.69062805175781,29.637361526489258,-4.752935886383057,-4.759698867797852,68.62857818603516,-51.30420684814453,-89.69062805175781,29.637361526489258,29.09328114807567
14.853,0,-4.695236682891846,-5.371990203857422,68.81682586669922,-50.7933349609375,-89.64785766601562,29.56438636779785,-4.695236682891846,-5.371990203857422,68.81682586669922,-50.7933349609375,-89.64785766601562,29.56438636779785,29.22374429223744
14.888,0,-4.639161586761475,-4.711933135986328,68.35221099853516,-51.03245162963867,-89.56246185302734,29.731321334838867,-4.639161586761475,-4.711933135986328,68.35221099853516,-51.03245162963867,-89.56246185302734,29.731321334838867,29.22374429223744
14.933,0,-4.0711236000061035,-4.6069488525390625,68.2874984741211,-51.172428131103516,-89.46770477294922,29.78220558166504,-4.0711236000061035,-4.6069488525390625,68.2874984741211,-51.172428131103516,-89.46770477294922,29.78220558166504,29.22374429223744
14.959,0,-4.283165454864502,-5.068819046020508,68.34429931640625,-50.765541076660156,-89.51235961914062,29.797576904296875,-4.283165454864502,-5.068819046020508,68.34429931640625,-50.765541076660156,-89.51235961914062,29.797576904296875,29.354207436399214
15.000,0,-4.328648567199707,-5.32646369934082,68.37568664550781,-50.50946807861328,-89.4843978881836,29.817079544067383,-4.328648567199707,-5.32646369934082,68.37568664550781,-50.50946807861328,-89.4843978881836,29.817079544067383,29.48467058056099
15.026,0,-4.4154133796691895,-5.061576843261719,68.1332778930664,-50.52410888671875,-89.40740966796875,29.96381378173828,-4.4154133796691895,-5.061576843261719,68.1332778930664,-50.52410888671875,-89.40740966796875,29.96381378173828,29.48467058056099
15.067,0,-3.9279770851135254,-4.516902923583984,67.9092788696289,-51.02326583862305,-89.34352111816406,30.16825294494629,-3.9279770851135254,-4.516902923583984,67.9092788696289,-51.02326583862305,-89.34352111816406,30.16825294494629,29.48467058056099
15.093,0,-4.26792573928833,-5.476804733276367,68.25955963134766,-50.23731231689453,-89.37726593017578,30.04877471923828,-4.26792573928833,-5.476804733276367,68.25955963134766,-50.23731231689453,-89.37726593017578,30.04877471923828,29.48467058056099
15.136,0,-4.570344924926758,-6.2390289306640625,68.5135269165039,-49.601165771484375,-89.37133026123047,29.994041442871094,-4.570344924926758,-6.2390289306640625,68.5135269165039,-49.601165771484375,-89.37133026123047,29.994041442871094,29.48467058056099
15.161,0,-4.590580940246582,-5.070606231689453,67.890380859375,-50.23173522949219,-89.28032684326172,30.328147888183594,-4.590580940246582,-5.070606231689453,67.890380859375,-50.23173522949219,-89.28032684326172,30.328147888183594,29.615133724722764
15.203,0,-4.0989766120910645,-4.128664016723633,67.47200775146484,-51.013343811035156,-89.22224426269531,30.627653121948242,-4.0989766120910645,-4.128664016723633,67.47200775146484,-51.013343811035156,-89.22224426269531,30.627653121948242,29.615133724722764
15.228,0,-4.441356182098389,-4.042654037475586,67.4351577758789,-51.09209060668945,-89.26966094970703,30.618309020996094,-4.441356182098389,-4.042654037475586,67.4351577758789,-51.09209060668945,-89.26966094970703,30.618309020996094,29.68036529680365
15.260,0,-4.339058876037598,-4.287258148193359,67.3841552734375,-50.737876892089844,-89.2544937133789,30.5956974029541,-4.339058876037598,-4.287258148193359,67.3841552734375,-50.737876892089844,-89.2544937133789,30.5956974029541,29.9412915851272
15.298,0,-4.330729961395264,-3.3993587493896484,66.90790557861328,-51.273067474365234,-89.2143783569336,30.878602981567383,-4.330729961395264,-3.3993587493896484,66.90790557861328,-51.273067474365234,-89.2143783569336,30.878602981567383,30.136986301369863
15.328,0,-4.228835582733154,-3.105630874633789,66.7886962890625,-51.59496307373047,-89.22730255126953,31.0596981048584,-4.228835582733154,-3.105630874633789,66.7886962890625,-51.59496307373047,-89.22730255126953,31.0596981048584,30.20221787345075
15.362,0,-4.557677268981934,-2.828634262084961,66.65374755859375,-51.83209228515625,-89.29273223876953,31.07480239868164,-4.557677268981934,-2.828634262084961,66.65374755859375,-51.83209228515625,-89.29273223876953,31.07480239868164,30.267449445531636
15.395,0,-4.468588829040527,-3.182546615600586,66.59208679199219,-51.33380126953125,-89.27555847167969,31.03049659729004,-4.468588829040527,-3.182546615600586,66.59208679199219,-51.33380126953125,-89.27555847167969,31.03049659729004,30.528375733855185
15.429,0,-4.445699214935303,-1.8837776184082031,66.0052490234375,-52.235755920410156,-89.23342895507812,31.335044860839844,-4.445699214935303,-1.8837776184082031,66.0052490234375,-52.235755920410156,-89.23342895507812,31.335044860839844,30.658838878016958
15.463,0,-4.386302471160889,-1.2867679595947266,65.752685546875,-52.767303466796875,-89.26168823242188,31.404699325561523,-4.386302471160889,-1.2867679595947266,65.752685546875,-52.767303466796875,-89.26168823242188,31.404699325561523,30.724070450097845
15.495,0,-4.706246376037598,-1.0435714721679688,65.6942367553711,-53.018829345703125,-89.32926177978516,31.413780212402344,-4.706246376037598,-1.0435714721679688,65.6942367553711,-53.018829345703125,-89.32926177978516,31.413780212402344,30.78930202217873
15.532,0,-4.628531455993652,-1.149148941040039,65.603515625,-52.79945755004883,-89.32145690917969,31.414653778076172,-4.628531455993652,-1.149148941040039,65.603515625,-52.79945755004883,-89.32145690917969,31.414653778076172,30.984996738421394
15.561,0,-4.6867594718933105,0.6792831420898438,64.88550567626953,-54.18737030029297,-89.33819580078125,31.766633987426758,-4.6867594718933105,0.6792831420898438,64.88550567626953,-54.18737030029297,-89.33819580078125,31.766633987426758,30.984996738421394
15.597,0,-4.140671253204346,1.0631847381591797,64.77144622802734,-54.663536071777344,-89.27649688720703,31.894689559936523,-4.140671253204346,1.0631847381591797,64.77144622802734,-54.663536071777344,-89.27649688720703,31.894689559936523,30.984996738421394
15.628,0,-4.413115978240967,0.7446193695068359,64.96627044677734,-54.49945831298828,-89.31541442871094,31.76742935180664,-4.413115978240967,0.7446193695068359,64.96627044677734,-54.49945831298828,-89.31541442871094,31.76742935180664,31.115459882583167
15.662,0,-4.304044723510742,0.6943016052246094,64.89844512939453,-54.355777740478516,-89.32539367675781,31.729732513427734,-4.304044723510742,0.6943016052246094,64.89844512939453,-54.355777740478516,-89.32539367675781,31.729732513427734,31.376386170906716
15.701,0,-4.4205732345581055,2.0283069610595703,64.3272705078125,-55.40849304199219,-89.33119201660156,31.969228744506836,-4.4205732345581055,2.0283069610595703,64.3272705078125,-55.40849304199219,-89.33119201660156,31.969228744506836,31.441617742987603
15.729,0,-3.8887486457824707,2.32086181640625,64.22474670410156,-55.73867416381836,-89.27508544921875,32.11076354980469,-3.8887486457824707,2.32086181640625,64.22474670410156,-55.73867416381836,-89.27508544921875,32.11076354980469,31.441617742987603
15.767,0,-3.958683967590332,1.1507282257080078,64.69551849365234,-54.94887924194336,-89.29246520996094,31.86917495727539,-3.958683967590332,1.1507282257080078,64.69551849365234,-54.94887924194336,-89.29246520996094,31.86917495727539,31.441617742987603
15.797,0,-3.9001693725585938,1.0612545013427734,64.60346984863281,-54.683860778808594,-89.2763671875,31.863948822021484,-3.9001693725585938,1.0612545013427734,64.60346984863281,-54.683860778808594,-89.2763671875,31.863948822021484,31.57208088714938
15.830,0,-3.9870004653930664,2.1575584411621094,64.1815414428711,-55.58906555175781,-89.31539916992188,32.08789825439453,-3.9870004653930664,2.1575584411621094,64.1815414428711,-55.58906555175781,-89.31539916992188,32.08789825439453,31.702544031311152
15.866,0,-4.116560935974121,3.225770950317383,63.74664306640625,-56.44111633300781,-89.3526611328125,32.251014709472656,-4.116560935974121,3.225770950317383,63.74664306640625,-56.44111633300781,-89.3526611328125,32.251014709472656,31.637312459230266
15.898,0,-3.5380377769470215,3.158212661743164,63.85844421386719,-56.53898620605469,-89.25943756103516,32.324607849121094,-3.5380377769470215,3.158212661743164,63.85844421386719,-56.53898620605469,-89.25943756103516,32.324607849121094,31.702544031311152
15.931,0,-3.421245574951172,3.682149887084961,63.645477294921875,-56.869476318359375,-89.20701599121094,32.495731353759766,-3.421245574951172,3.682149887084961,63.645477294921875,-56.869476318359375,-89.20701599121094,32.495731353759766,31.83300717547293
15.968,0,-3.3384532928466797,4.486028671264648,63.29924011230469,-57.36925506591797,-89.1573715209961,32.757869720458984,-3.3384532928466797,4.486028671264648,63.29924011230469,-57.36925506591797,-89.1573715209961,32.757869720458984,31.898238747553815
15.999,0,-3.2990550994873047,4.976884841918945,63.03322219848633,-57.620758056640625,-89.1602783203125,32.836814880371094,-3.2990550994873047,4.976884841918945,63.03322219848633,-57.620758056640625,-89.1602783203125,32.836814880371094,32.02870189171559
16.032,0,-3.390962600708008,4.216638565063477,63.331722259521484,-57.055660247802734,-89.16669464111328,32.70459747314453,-3.390962600708008,4.216638565063477,63.331722259521484,-57.055660247802734,-89.16669464111328,32.70459747314453,32.28962818003914
16.066,0,-3.4732770919799805,2.989950180053711,63.865238189697266,-56.23265075683594,-89.21755981445312,32.54287338256836,-3.4732770919799805,2.989950180053711,63.865238189697266,-56.23265075683594,-89.21755981445312,32.54287338256836,32.42009132420091
16.099,0,-3.3153529167175293,2.959024429321289,63.896488189697266,-56.10783386230469,-89.18653869628906,32.499935150146484,-3.3153529167175293,2.959024429321289,63.896488189697266,-56.10783386230469,-89.18653869628906,32.499935150146484,32.42009132420091
16.133,0,-2.8610377311706543,2.7947521209716797,63.9957389831543,-56.07166290283203,-89.11941528320312,32.46992874145508,-2.8610377311706543,2.7947521209716797,63.9957389831543,-56.07166290283203,-89.11941528320312,32.46992874145508,32.42009132420091
16.167,0,-3.046929359436035,1.2879905700683594,64.7676773071289,-55.12992858886719,-89.16516876220703,32.139530181884766,-3.046929359436035,1.2879905700683594,64.7676773071289,-55.12992858886719,-89.16516876220703,32.139530181884766,32.42009132420091
16.199,0,-2.880868911743164,0.85052490234375,64.96383666992188,-54.7186279296875,-89.136474609375,32.041038513183594,-2.880868911743164,0.85052490234375,64.96383666992188,-54.7186279296875,-89.136474609375,32.041038513183594,32.42009132420091
16.235,0,-3.0239171981811523,0.49042701721191406,65.08070373535156,-54.39037322998047,-89.13886260986328,31.967182159423828,-3.0239171981811523,0.49042701721191406,65.08070373535156,-54.39037322998047,-89.13886260986328,31.967182159423828,32.42009132420091
16.266,0,-2.5822277069091797,1.008056640625,64.90238952636719,-54.89373779296875,-89.1358642578125,32.13352584838867,-2.5822277069091797,1.008056640625,64.90238952636719,-54.89373779296875,-89.1358642578125,32.13352584838867,32.42009132420091
16.299,0,-2.792172908782959,-0.1370372772216797,65.46360778808594,-54.146392822265625,-89.15984344482422,31.861553192138672,-2.792172908782959,-0.1370372772216797,65.46360778808594,-54.146392822265625,-89.15984344482422,31.861553192138672,32.42009132420091
16.335,0,-2.9113259315490723,-1.1895503997802734,65.99896240234375,-53.479286193847656,-89.204345703125,31.517536163330078,-2.9113259315490723,-1.1895503997802734,65.99896240234375,-53.479286193847656,-89.204345703125,31.517536163330078,32.42009132420091
16.365,0,-2.720435619354248,-0.32694435119628906,65.58182525634766,-53.974151611328125,-89.13050842285156,31.708698272705078,-2.720435619354248,-0.32694435119628906,65.58182525634766,-53.974151611328125,-89.13050842285156,31.708698272705078,32.42009132420091
16.401,0,-2.599701404571533,0.19853973388671875,65.42317962646484,-54.44178009033203,-89.11593627929688,31.80280303955078,-2.599701404571533,0.19853973388671875,65.42317962646484,-54.44178009033203,-89.11593627929688,31.80280303955078,32.22439660795825
16.433,0,-2.8477354049682617,-0.17011260986328125,65.5128402709961,-54.12887954711914,-89.1488265991211,31.741802215576172,-2.8477354049682617,-0.17011260986328125,65.5128402709961,-54.12887954711914,-89.1488265991211,31.741802215576172,32.02870189171559
16.466,0,-2.848435878753662,0.9319858551025391,65.0506820678711,-54.957786560058594,-89.1201171875,32.08173751831055,-2.848435878753662,0.9319858551025391,65.0506820678711,-54.957786560058594,-89.1201171875,32.08173751831055,32.02870189171559
16.501,0,-2.634047508239746,1.8785343170166016,64.63884735107422,-55.5729866027832,-89.11711883544922,32.21135330200195,-2.634047508239746,1.8785343170166016,64.63884735107422,-55.5729866027832,-89.11711883544922,32.21135330200195,32.02870189171559
16.534,0,-2.294114112854004,2.4193077087402344,64.09357452392578,-55.69342803955078,-89.03662109375,32.43292236328125,-2.294114112854004,2.4193077087402344,64.09357452392578,-55.69342803955078,-89.03662109375,32.43292236328125,32.02870189171559
16.566,0,-2.534791946411133,1.634134292602539,64.34728240966797,-55.06041717529297,-89.0855941772461,32.308738708496094,-2.534791946411133,1.634134292602539,64.34728240966797,-55.06041717529297,-89.0855941772461,32.308738708496094,32.02870189171559
16.603,0,-2.2941691875457764,1.9841442108154297,64.21044921875,-55.400367736816406,-89.06012725830078,32.5086784362793,-2.2941691875457764,1.9841442108154297,64.21044921875,-55.400367736816406,-89.06012725830078,32.5086784362793,32.02870189171559
16.633,0,-2.517345428466797,2.030057907104492,64.13895416259766,-55.379310607910156,-89.07567596435547,32.52626419067383,-2.517345428466797,2.030057907104492,64.13895416259766,-55.379310607910156,-89.07567596435547,32.52626419067383,32.02870189171559
16.668,0,-2.080394744873047,1.877908706665039,63.90064239501953,-54.9839973449707,-88.99234771728516,32.67961883544922,-2.080394744873047,1.877908706665039,63.90064239501953,-54.9839973449707,-88.99234771728516,32.67961883544922,32.093933463796475
16.702,0,-2.2828621864318848,2.325927734375,63.64824676513672,-55.32183074951172,-89.03685760498047,32.747493743896484,-2.2828621864318848,2.325927734375,63.64824676513672,-55.32183074951172,-89.03685760498047,32.747493743896484,32.159165035877365
16.733,0,-1.8347316980361938,2.843198776245117,63.402156829833984,-55.72978210449219,-88.9644546508789,32.914981842041016,-1.8347316980361938,2.843198776245117,63.402156829833984,-55.72978210449219,-88.9644546508789,32.914981842041016,32.22439660795825
16.768,0,-2.0476932525634766,2.7886409759521484,63.24254608154297,-55.451881408691406,-88.9433822631836,32.89706039428711,-2.0476932525634766,2.7886409759521484,63.24254608154297,-55.451881408691406,-88.9433822631836,32.89706039428711,32.35485975212002
16.801,0,-1.7895011901855469,2.5545520782470703,63.36390686035156,-55.38751220703125,-88.9675521850586,32.86419677734375,-1.7895011901855469,2.5545520782470703,63.36390686035156,-55.38751220703125,-88.9675521850586,32.86419677734375,32.4853228962818
16.836,0,-1.9578428268432617,1.6737747192382812,63.704368591308594,-54.77833938598633,-89.02149200439453,32.56321334838867,-1.9578428268432617,1.6737747192382812,63.704368591308594,-54.77833938598633,-89.02149200439453,32.56321334838867,32.550554468362684
16.867,0,-1.8749804496765137,0.9830589294433594,64.07433319091797,-54.359466552734375,-89.03871154785156,32.508216857910156,-1.8749804496765137,0.9830589294433594,64.07433319091797,-54.359466552734375,-89.03871154785156,32.508216857910156,32.550554468362684
16.903,0,-2.020683765411377,2.3140296936035156,63.41875457763672,-55.2114143371582,-89.02611541748047,32.81425094604492,-2.020683765411377,2.3140296936035156,63.41875457763672,-55.2114143371582,-89.02611541748047,32.81425094604492,32.550554468362684
16.936,0,-1.8282712697982788,2.2577877044677734,63.47700119018555,-55.287540435791016,-89.05192565917969,32.86176300048828,-1.8282712697982788,2.2577877044677734,63.47700119018555,-55.287540435791016,-89.05192565917969,32.86176300048828,32.550554468362684
16.971,0,-2.009171962738037,1.7522335052490234,63.67041778564453,-54.948463439941406,-89.11873626708984,32.61896514892578,-2.009171962738037,1.7522335052490234,63.67041778564453,-54.948463439941406,-89.11873626708984,32.61896514892578,32.550554468362684
17.001,0,-1.9020394086837769,0.8016433715820312,64.1865234375,-54.353851318359375,-89.12737274169922,32.46492004394531,-1.9020394086837769,0.8016433715820312,64.1865234375,-54.353851318359375,-89.12737274169922,32.46492004394531,32.550554468362684
17.041,0,-2.0376431941986084,1.9559955596923828,63.619869232177734,-55.04752731323242,-89.10663604736328,32.718231201171875,-2.0376431941986084,1.9559955596923828,63.619869232177734,-55.04752731323242,-89.10663604736328,32.718231201171875,32.550554468362684
17.068,0,-1.883265495300293,3.0662708282470703,63.1453857421875,-55.91144561767578,-89.11116790771484,33.12807083129883,-1.883265495300293,3.0662708282470703,63.1453857421875,-55.91144561767578,-89.11116790771484,33.12807083129883,32.550554468362684
17.103,0,-1.677764892578125,3.4408435821533203,62.91846466064453,-56.12101745605469,-89.06922912597656,33.225303649902344,-1.677764892578125,3.4408435821533203,62.91846466064453,-56.12101745605469,-89.06922912597656,33.225303649902344,32.550554468362684
17.138,0,-1.647303819656372,2.729276657104492,63.29862594604492,-55.725486755371094,-89.08543395996094,33.17291259765625,-1.647303819656372,2.729276657104492,63.29862594604492,-55.725486755371094,-89.08543395996094,33.17291259765625,32.550554468362684
17.171,0,-1.7807939052581787,4.764497756958008,62.347923278808594,-57.050048828125,-89.02587127685547,33.53638458251953,-1.7807939052581787,4.764497756958008,62.347923278808594,-57.050048828125,-89.02587127685547,33.53638458251953,32.74624918460535
17.204,0,-1.5634254217147827,5.17796516418457,62.23997116088867,-57.52561950683594,-89.0497817993164,33.700347900390625,-1.5634254217147827,5.17796516418457,62.23997116088867,-57.52561950683594,-89.0497817993164,33.700347900390625,32.87671232876712
17.237,0,-1.3062691688537598,4.750513076782227,62.436241149902344,-57.355628967285156,-89.02166748046875,33.666725158691406,-1.3062691688537598,4.750513076782227,62.436241149902344,-57.355628967285156,-89.02166748046875,33.666725158691406,33.00717547292889
17.271,0,-0.797707200050354,4.301755905151367,62.61384582519531,-56.9752082824707,-88.95198822021484,33.62592315673828,-0.797707200050354,4.301755905151367,62.61384582519531,-56.9752082824707,-88.95198822021484,33.62592315673828,33.202870189171556
17.304,0,-1.0996792316436768,4.390291213989258,62.34757995605469,-56.75468826293945,-88.91661071777344,33.56682586669922,-1.0996792316436768,4.390291213989258,62.34757995605469,-56.75468826293945,-88.91661071777344,33.56682586669922,33.33333333333333
17.339,0,-1.063996434211731,4.068830490112305,62.604129791259766,-56.66680145263672,-88.91909790039062,33.59109115600586,-1.063996434211731,4.068830490112305,62.604129791259766,-56.66680145263672,-88.91909790039062,33.59109115600586,33.33333333333333
17.371,0,-0.866788387298584,4.393930435180664,62.521095275878906,-57.00086212158203,-88.85693359375,33.49235534667969,-0.866788387298584,4.393930435180664,62.521095275878906,-57.00086212158203,-88.85693359375,33.49235534667969,33.33333333333333
17.404,0,-0.5507800579071045,3.669492721557617,62.83338928222656,-56.469688415527344,-88.82960510253906,33.36184310913086,-0.5507800579071045,3.669492721557617,62.83338928222656,-56.469688415527344,-88.82960510253906,33.36184310913086,33.33333333333333
17.436,0,-0.6692984104156494,4.00566291809082,62.69105529785156,-56.7114143371582,-88.85151672363281,33.3128776550293,-0.6692984104156494,4.00566291809082,62.69105529785156,-56.7114143371582,-88.85151672363281,33.3128776550293,33.33333333333333
17.474,0,-0.14393770694732666,4.578306198120117,62.32176208496094,-57.08545684814453,-88.77891540527344,33.61379623413086,-0.14393770694732666,4.578306198120117,62.32176208496094,-57.08545684814453,-88.77891540527344,33.61379623413086,33.33333333333333
17.503,0,0.03513836860656738,4.220159530639648,62.433082580566406,-56.77983093261719,-88.74610900878906,33.42995071411133,0.03513836860656738,4.220159530639648,62.433082580566406,-56.77983093261719,-88.74610900878906,33.42995071411133,33.33333333333333
17.539,0,-0.054761409759521484,4.219797134399414,62.385292053222656,-56.72734069824219,-88.72547912597656,33.499046325683594,-0.054761409759521484,4.219797134399414,62.385292053222656,-56.72734069824219,-88.72547912597656,33.499046325683594,33.33333333333333
17.573,0,-0.14340734481811523,4.75806999206543,62.1811637878418,-57.158531188964844,-88.73400115966797,33.547943115234375,-0.14340734481811523,4.75806999206543,62.1811637878418,-57.158531188964844,-88.73400115966797,33.547943115234375,33.33333333333333
17.606,0,-0.027299880981445312,4.324930191040039,62.54479217529297,-57.07131576538086,-88.76673126220703,33.453330993652344,-0.027299880981445312,4.324930191040039,62.54479217529297,-57.07131576538086,-88.76673126220703,33.453330993652344,33.33333333333333
17.639,0,0.05984455347061157,4.008798599243164,62.671409606933594,-56.81049346923828,-88.73915100097656,33.33905792236328,0.05984455347061157,4.008798599243164,62.671409606933594,-56.81049346923828,-88.73915100097656,33.33905792236328,33.33333333333333
17.673,0,-0.2674867510795593,2.950479507446289,63.208106994628906,-56.04237365722656,-88.76585388183594,33.02716064453125,-0.2674867510795593,2.950479507446289,63.208106994628906,-56.04237365722656,-88.76585388183594,33.02716064453125,33.33333333333333
17.707,0,-0.454787939786911,3.3223628997802734,63.04176330566406,-56.295894622802734,-88.80921936035156,33.140926361083984,-0.454787939786911,3.3223628997802734,63.04176330566406,-56.295894622802734,-88.80921936035156,33.140926361083984,33.33333333333333
17.742,0,-0.3996323347091675,3.321531295776367,63.156497955322266,-56.50788116455078,-88.86076354980469,33.1955451965332,-0.3996323347091675,3.321531295776367,63.156497955322266,-56.50788116455078,-88.86076354980469,33.1955451965332,33.33333333333333
17.772,0,-0.3549174666404724,2.8899402618408203,63.354591369628906,-56.15943145751953,-88.85599517822266,32.942657470703125,-0.3549174666404724,2.8899402618408203,63.354591369628906,-56.15943145751953,-88.85599517822266,32.942657470703125,33.33333333333333
17.808,0,-0.6798422336578369,1.9119300842285156,63.857147216796875,-55.449851989746094,-88.8835678100586,32.588016510009766,-0.6798422336578369,1.9119300842285156,63.857147216796875,-55.449851989746094,-88.8835678100586,32.588016510009766,33.268101761252446
17.840,0,-0.8359548449516296,2.1627426147460938,63.795284271240234,-55.65130615234375,-88.94038391113281,32.60572052001953,-0.8359548449516296,2.1627426147460938,63.795284271240234,-55.65130615234375,-88.94038391113281,32.60572052001953,33.268101761252446
17.875,0,-0.5584176778793335,3.0387821197509766,63.407630920410156,-56.343528747558594,-88.88465118408203,32.838130950927734,-0.5584176778793335,3.0387821197509766,63.407630920410156,-56.343528747558594,-88.88465118408203,32.838130950927734,33.13763861709067
17.907,0,-0.98045414686203,1.7425823211669922,64.06912994384766,-55.42105484008789,-88.91740417480469,32.44807052612305,-0.98045414686203,1.7425823211669922,64.06912994384766,-55.42105484008789,-88.91740417480469,32.44807052612305,32.87671232876712
17.939,0,-1.1493945121765137,2.19561767578125,63.837833404541016,-55.744651794433594,-88.960693359375,32.54682922363281,-1.1493945121765137,2.19561767578125,63.837833404541016,-55.744651794433594,-88.960693359375,32.54682922363281,32.87671232876712
17.975,0,-1.0822081565856934,2.4076709747314453,63.92158889770508,-56.12397766113281,-88.98278045654297,32.58464813232422,-1.0822081565856934,2.4076709747314453,63.92158889770508,-56.12397766113281,-88.98278045654297,32.58464813232422,32.81148075668624
18.007,0,-1.1681153774261475,1.1351509094238281,64.61698913574219,-55.32182312011719,-89.04134368896484,32.131263732910156,-1.1681153774261475,1.1351509094238281,64.61698913574219,-55.32182312011719,-89.04134368896484,32.131263732910156,32.81148075668624
18.049,0,-0.6921415328979492,0.8681011199951172,64.73567962646484,-55.08769989013672,-88.91724395751953,32.06224822998047,-0.6921415328979492,0.8681011199951172,64.73567962646484,-55.08769989013672,-88.91724395751953,32.06224822998047,32.81148075668624
18.074,0,-0.9934660196304321,0.42980003356933594,64.80955505371094,-54.597816467285156,-88.9297103881836,31.789113998413086,-0.9934660196304321,0.42980003356933594,64.80955505371094,-54.597816467285156,-88.9297103881836,31.789113998413086,32.81148075668624
18.107,0,-0.6645981073379517,-0.31008148193359375,65.19837188720703,-54.23019027709961,-88.91368103027344,31.748859405517578,-0.6645981073379517,-0.3100814819335942,65.19837188720703,-54.23019027709961,-88.91368103027344,31.748859405517578,32.615786040443574
18.142,0,-0.7731289267539978,-1.5704402923583984,65.79597473144531,-53.37176513671875,-88.96035766601562,31.379873275756836,-0.7731289267539978,-1.5704402923583989,65.79597473144531,-53.37176513671875,-88.96035766601562,31.379873275756836,32.35485975212002
18.173,0,-1.223130226135254,-2.865140914916992,66.5185546875,-52.47712707519531,-89.00479125976562,30.92196273803711,-1.223130226135254,-2.230769230769231,66.5185546875,-52.47712707519531,-89.00479125976562,30.92196273803711,32.159165035877365
18.208,0,-1.5242526531219482,-3.330402374267578,66.66446685791016,-52.03533172607422,-89.00216674804688,30.694564819335938,-1.5242526531219482,-3.10989010989011,66.66446685791016,-52.03533172607422,-89.00216674804688,30.694564819335938,31.898238747553815
18.242,0,-1.3335191011428833,-3.040130615234375,66.52509307861328,-52.319854736328125,-88.97881317138672,30.754459381103516,-1.3335191011428833,-3.0401306152343746,66.52509307861328,-52.319854736328125,-88.97881317138672,30.754459381103516,31.57208088714938
18.274,0,-1.4018211364746094,-3.6202754974365234,66.771484375,-51.88672637939453,-88.95281219482422,30.63629913330078,-1.4018211364746094,-3.6202754974365234,66.771484375,-51.88672637939453,-88.95281219482422,30.63629913330078,31.245923026744943
18.308,0,-1.8591525554656982,-4.889989852905273,67.42579650878906,-50.97430419921875,-89.03177642822266,30.200925827026367,-1.8591525554656982,-4.889989852905273,67.42579650878906,-50.97430419921875,-89.03177642822266,30.200925827026367,30.984996738421394
18.344,0,-2.2464547157287598,-4.919286727905273,67.38284301757812,-50.92502975463867,-89.0743179321289,30.21711540222168,-2.2464547157287598,-4.919286727905273,67.38284301757812,-50.92502975463867,-89.0743179321289,30.21711540222168,30.919765166340508
18.377,0,-1.9258322715759277,-2.7302112579345703,66.5383071899414,-52.67927932739258,-89.04996490478516,30.79765510559082,-1.9258322715759277,-2.7302112579345703,66.5383071899414,-52.67927932739258,-89.04996490478516,30.79765510559082,30.85453359425962
18.410,0,-1.539376139640808,-0.8457603454589844,65.7716293334961,-54.16295623779297,-89.01817321777344,31.332361221313477,-1.539376139640808,-0.8457603454589844,65.7716293334961,-54.16295623779297,-89.01817321777344,31.332361221313477,30.658838878016958
18.441,0,-1.605995535850525,-1.8285598754882812,66.36000061035156,-53.60254669189453,-89.04074096679688,31.037216186523438,-1.605995535850525,-1.8285598754882812,66.36000061035156,-53.60254669189453,-89.04074096679688,31.037216186523438,30.59360730593607
18.477,0,-2.060354232788086,-3.4464073181152344,67.27484893798828,-52.5096549987793,-89.11460876464844,30.605804443359375,-2.060354232788086,-3.4464073181152344,67.27484893798828,-52.5096549987793,-89.11460876464844,30.605804443359375,30.658838878016958
18.511,0,-2.4569125175476074,-3.2968597412109375,67.30308532714844,-52.764427185058594,-89.2015151977539,30.570297241210938,-2.4569125175476074,-3.2968597412109375,67.30308532714844,-52.764427185058594,-89.2015151977539,30.570297241210938,30.85453359425962
18.542,0,-2.0955824851989746,-1.6567306518554688,66.57967376708984,-54.002655029296875,-89.18254089355469,31.054729461669922,-2.0955824851989746,-1.6567306518554688,66.57967376708984,-54.002655029296875,-89.18254089355469,31.054729461669922,30.85453359425962
18.581,0,-2.0224623680114746,-1.6021575927734375,66.72557830810547,-54.25818634033203,-89.14881134033203,31.09449577331543,-2.0224623680114746,-1.6021575927734375,66.72557830810547,-54.25818634033203,-89.14881134033203,31.09449577331543,30.85453359425962
18.608,0,-2.447636127471924,-3.0044631958007812,67.54972839355469,-53.35346221923828,-89.20269012451172,30.69728660583496,-2.447636127471924,-3.0044631958007812,67.54972839355469,-53.35346221923828,-89.20269012451172,30.69728660583496,30.85453359425962
18.648,0,-2.8635623455047607,-2.3487091064453125,67.40167999267578,-53.955081939697266,-89.25686645507812,30.81191062927246,-2.8635623455047607,-2.3487091064453125,67.40167999267578,-53.955081939697266,-89.25686645507812,30.81191062927246,30.919765166340508
18.676,0,-2.4487242698669434,-2.1219253540039062,67.0818099975586,-54.04136657714844,-89.19401550292969,31.000057220458984,-2.4487242698669434,-2.1219253540039062,67.0818099975586,-54.04136657714844,-89.19401550292969,31.000057220458984,30.85453359425962
18.710,0,-2.3894460201263428,-2.2253799438476562,67.26436614990234,-54.14451217651367,-89.18716430664062,30.95143699645996,-2.3894460201263428,-2.2253799438476562,67.26436614990234,-54.14451217651367,-89.18716430664062,30.95143699645996,30.85453359425962
18.746,0,-2.628560781478882,-3.431581497192383,67.90142822265625,-53.26542282104492,-89.19927215576172,30.698163986206055,-2.628560781478882,-3.431581497192383,67.90142822265625,-53.26542282104492,-89.19927215576172,30.698163986206055,30.85453359425962
18.776,0,-2.8171324729919434,-2.873523712158203,67.62477111816406,-53.62922286987305,-89.24720764160156,30.710838317871094,-2.8171324729919434,-2.873523712158203,67.62477111816406,-53.62922286987305,-89.24720764160156,30.710838317871094,30.85453359425962
18.813,0,-2.4948699474334717,-1.4741020202636719,67.05996704101562,-54.72533416748047,-89.2156982421875,31.10919189453125,-2.4948699474334717,-1.4741020202636719,67.05996704101562,-54.72533416748047,-89.2156982421875,31.10919189453125,30.85453359425962
18.844,0,-2.6367921829223633,-1.8671894073486328,67.23124694824219,-54.47938537597656,-89.23922729492188,31.01506805419922,-2.6367921829223633,-1.8671894073486328,67.23124694824219,-54.47938537597656,-89.23922729492188,31.01506805419922,30.85453359425962
18.878,0,-2.8195924758911133,-2.676013946533203,67.67279052734375,-53.87834930419922,-89.21654510498047,30.87870216369629,-2.8195924758911133,-2.676013946533203,67.67279052734375,-53.87834930419922,-89.21654510498047,30.87870216369629,30.85453359425962
18.916,0,-3.0006775856018066,-0.8573207855224609,66.96800994873047,-55.20885467529297,-89.20929718017578,31.296009063720703,-3.0006775856018066,-0.8573207855224609,66.96800994873047,-55.20885467529297,-89.20929718017578,31.296009063720703,30.85453359425962
18.945,0,-2.6362476348876953,0.6100025177001953,66.41778564453125,-56.44742202758789,-89.18909454345703,31.68754005432129,-2.6362476348876953,0.6100025177001953,66.41778564453125,-56.44742202758789,-89.18909454345703,31.68754005432129,30.85453359425962
18.980,0,-2.6046671867370605,1.4500617980957031,66.03724670410156,-57.10399627685547,-89.17874908447266,31.972393035888672,-2.6046671867370605,1.4500617980957031,66.03724670410156,-57.10399627685547,-89.17874908447266,31.972393035888672,30.85453359425962
19.011,0,-3.0581746101379395,0.0080413818359375,66.8194580078125,-56.089935302734375,-89.24264526367188,31.606128692626953,-3.0581746101379395,0.0080413818359375,66.8194580078125,-56.089935302734375,-89.24264526367188,31.606128692626953,31.115459882583167
19.048,0,-3.294271945953369,0.5241680145263672,66.61515808105469,-56.44921875,-89.29183197021484,31.697689056396484,-3.294271945953369,0.5241680145263672,66.61515808105469,-56.44921875,-89.29183197021484,31.697689056396484,31.376386170906716
19.080,0,-3.0607638359069824,2.3575305938720703,65.9343490600586,-57.92787170410156,-89.27262878417969,32.156917572021484,-3.0607638359069824,2.3575305938720703,65.9343490600586,-57.92787170410156,-89.27262878417969,32.156917572021484,31.506849315068493
19.115,0,-2.999209403991699,2.678285598754883,65.8272705078125,-58.29281997680664,-89.28163146972656,32.23860168457031,-2.999209403991699,2.678285598754883,65.8272705078125,-58.29281997680664,-89.28163146972656,32.23860168457031,31.506849315068493
19.152,0,-3.435546875,1.2054481506347656,66.65693664550781,-57.26966857910156,-89.34400177001953,31.746732711791992,-3.435546875,1.2054481506347656,66.65693664550781,-57.26966857910156,-89.34400177001953,31.746732711791992,31.506849315068493
19.177,0,-3.6962246894836426,1.7937602996826172,66.38069152832031,-57.61210632324219,-89.38069152832031,31.798240661621094,-3.6962246894836426,1.7937602996826172,66.38069152832031,-57.61210632324219,-89.38069152832031,31.798240661621094,31.76777560339204
19.214,0,-3.5492124557495117,3.3751468658447266,65.82001495361328,-58.893680572509766,-89.35895538330078,32.14530563354492,-3.5492124557495117,3.3751468658447266,65.82001495361328,-58.893680572509766,-89.35895538330078,32.14530563354492,31.83300717547293
19.247,0,-3.453856945037842,4.046075820922852,65.60688018798828,-59.51239776611328,-89.34333038330078,32.206153869628906,-3.453856945037842,4.046075820922852,65.60688018798828,-59.51239776611328,-89.34333038330078,32.206153869628906,31.702544031311152
19.281,0,-3.9331254959106445,2.764413833618164,66.37429809570312,-58.6452522277832,-89.4073257446289,31.807815551757812,-3.9331254959106445,2.764413833618164,66.37429809570312,-58.6452522277832,-89.4073257446289,31.807815551757812,31.702544031311152
19.314,0,-4.112462520599365,3.048521041870117,66.21536254882812,-58.7510986328125,-89.4381103515625,31.775636672973633,-4.112462520599365,3.048521041870117,66.21536254882812,-58.7510986328125,-89.4381103515625,31.775636672973633,31.83300717547293
19.346,0,-3.8773293495178223,5.138971328735352,65.47181701660156,-60.4404296875,-89.38379669189453,32.25731658935547,-3.8773293495178223,5.138971328735352,65.47181701660156,-60.4404296875,-89.38379669189453,32.25731658935547,31.898238747553815
19.380,0,-3.9076051712036133,5.58393669128418,65.19966888427734,-60.66740417480469,-89.3778305053711,32.42073440551758,-3.9076051712036133,5.58393669128418,65.19966888427734,-60.66740417480469,-89.3778305053711,32.42073440551758,31.898238747553815
19.415,0,-4.358095645904541,4.869577407836914,65.58745574951172,-60.07647705078125,-89.40108489990234,32.247772216796875,-4.358095645904541,4.869577407836914,65.58745574951172,-60.07647705078125,-89.40108489990234,32.247772216796875,31.898238747553815
19.446,0,-4.558889389038086,6.258268356323242,64.95500183105469,-60.97254180908203,-89.34859466552734,32.62872314453125,-4.558889389038086,6.258268356323242,64.95500183105469,-60.97254180908203,-89.34859466552734,32.62872314453125,32.02870189171559
19.480,0,-4.486068248748779,5.58745002746582,65.31979370117188,-60.63035202026367,-89.39654541015625,32.450172424316406,-4.486068248748779,5.58745002746582,65.31979370117188,-60.63035202026367,-89.39654541015625,32.450172424316406,32.093933463796475
19.516,0,-4.461823463439941,5.827714920043945,65.28668212890625,-60.88385009765625,-89.38105010986328,32.495689392089844,-4.461823463439941,5.827714920043945,65.28668212890625,-60.88385009765625,-89.38105010986328,32.495689392089844,32.22439660795825
19.547,0,-4.430393218994141,5.750494003295898,65.4247055053711,-60.950138092041016,-89.36741638183594,32.40486145019531,-4.430393218994141,5.750494003295898,65.4247055053711,-60.950138092041016,-89.36741638183594,32.40486145019531,32.28962818003914
19.581,0,-4.307937145233154,6.155359268188477,65.2659912109375,-61.20370864868164,-89.27172088623047,32.552303314208984,-4.307937145233154,6.155359268188477,65.2659912109375,-61.20370864868164,-89.27172088623047,32.552303314208984,32.28962818003914
19.616,0,-4.172339916229248,7.440572738647461,64.77981567382812,-62.234283447265625,-89.25563049316406,32.87184524536133,-4.172339916229248,7.440572738647461,64.77981567382812,-62.234283447265625,-89.25563049316406,32.87184524536133,32.28962818003914
19.649,0,-4.391737461090088,7.205045700073242,64.88581848144531,-62.072669982910156,-89.30572509765625,32.932037353515625,-4.391737461090088,7.205045700073242,64.88581848144531,-62.072669982910156,-89.30572509765625,32.932037353515625,32.28962818003914
19.682,0,-4.3416900634765625,7.184534072875977,65.01172637939453,-62.16109085083008,-89.28781127929688,32.827354431152344,-4.3416900634765625,7.184534072875977,65.01172637939453,-62.16109085083008,-89.28781127929688,32.827354431152344,32.28962818003914
19.716,0,-4.4732232093811035,6.399641036987305,65.51294708251953,-61.6103630065918,-89.26205444335938,32.625370025634766,-4.4732232093811035,6.399641036987305,65.51294708251953,-61.6103630065918,-89.26205444335938,32.625370025634766,32.4853228962818
19.748,0,-4.257235050201416,6.85893440246582,65.34432983398438,-61.991172790527344,-89.26914978027344,32.623897552490234,-4.257235050201416,6.85893440246582,65.34432983398438,-61.991172790527344,-89.26914978027344,32.623897552490234,32.550554468362684
19.789,0,-4.416650295257568,5.60328483581543,65.91683959960938,-61.0510368347168,-89.28457641601562,32.32734298706055,-4.416650295257568,5.60328483581543,65.91683959960938,-61.0510368347168,-89.28457641601562,32.32734298706055,32.550554468362684
19.813,0,-4.242273330688477,5.878927230834961,65.96804809570312,-61.41640090942383,-89.31197357177734,32.222007751464844,-4.242273330688477,5.878927230834961,65.96804809570312,-61.41640090942383,-89.31197357177734,32.222007751464844,32.550554468362684
19.848,0,-4.4927449226379395,5.212087631225586,66.26322937011719,-60.72772979736328,-89.25666046142578,32.171051025390625,-4.4927449226379395,5.212087631225586,66.26322937011719,-60.72772979736328,-89.25666046142578,32.171051025390625,32.550554468362684
19.884,0,-4.294795989990234,5.81834602355957,66.11705017089844,-61.299800872802734,-89.25830841064453,32.20170593261719,-4.294795989990234,5.81834602355957,66.11705017089844,-61.299800872802734,-89.25830841064453,32.20170593261719,32.4853228962818
19.921,0,-4.413325309753418,4.783594131469727,66.55503845214844,-60.519203186035156,-89.2618408203125,32.05288314819336,-4.413325309753418,4.783594131469727,66.55503845214844,-60.519203186035156,-89.2618408203125,32.05288314819336,32.42009132420091
19.947,0,-4.308874130249023,5.198797225952148,66.49502563476562,-60.95676040649414,-89.23319244384766,32.03015899658203,-4.308874130249023,5.198797225952148,66.49502563476562,-60.95676040649414,-89.23319244384766,32.03015899658203,32.42009132420091
19.982,0,-4.1369171142578125,6.25861930847168,66.10599517822266,-61.732398986816406,-89.17298126220703,32.40814208984375,-4.1369171142578125,6.25861930847168,66.10599517822266,-61.732398986816406,-89.17298126220703,32.40814208984375,32.42009132420091
20.015,0,-4.117617130279541,6.406152725219727,66.076904296875,-61.92287063598633,-89.20581817626953,32.304718017578125,-4.117617130279541,6.406152725219727,66.076904296875,-61.92287063598633,-89.20581817626953,32.304718017578125,32.42009132420091
20.050,0,-4.2888336181640625,5.655641555786133,66.30304718017578,-61.24988555908203,-89.20763397216797,32.258689880371094,-4.2888336181640625,5.655641555786133,66.30304718017578,-61.24988555908203,-89.20763397216797,32.258689880371094,32.42009132420091
20.083,0,-4.182083606719971,5.643877029418945,66.40708923339844,-61.33616638183594,-89.21842956542969,32.16740417480469,-4.182083606719971,5.643877029418945,66.40708923339844,-61.33616638183594,-89.21842956542969,32.16740417480469,32.42009132420091
20.119,0,-4.534852027893066,4.780908584594727,66.89153289794922,-60.69799041748047,-89.19572448730469,32.13687515258789,-4.534852027893066,4.780908584594727,66.89153289794922,-60.69799041748047,-89.19572448730469,32.13687515258789,32.42009132420091
20.149,0,-4.4350786209106445,5.167024612426758,66.70417785644531,-61.027809143066406,-89.20246887207031,32.176170349121094,-4.4350786209106445,5.167024612426758,66.70417785644531,-61.027809143066406,-89.20246887207031,32.176170349121094,32.42009132420091
20.186,0,-4.6138153076171875,4.362405776977539,66.97525024414062,-60.39350891113281,-89.19805908203125,32.10276794433594,-4.6138153076171875,4.362405776977539,66.97525024414062,-60.39350891113281,-89.19805908203125,32.10276794433594,32.42009132420091
20.216,0,-4.50315523147583,4.76618766784668,66.78779602050781,-60.656734466552734,-89.1802978515625,32.08859634399414,-4.50315523147583,4.76618766784668,66.78779602050781,-60.656734466552734,-89.1802978515625,32.08859634399414,32.42009132420091
20.253,0,-4.57847785949707,4.130617141723633,67.09578704833984,-60.17772674560547,-89.159423828125,31.96063232421875,-4.57847785949707,4.130617141723633,67.09578704833984,-60.17772674560547,-89.159423828125,31.96063232421875,32.42009132420091
20.283,0,-4.4657511711120605,4.362279891967773,66.90186309814453,-60.337650299072266,-89.15065002441406,31.956022262573242,-4.4657511711120605,4.362279891967773,66.90186309814453,-60.337650299072266,-89.15065002441406,31.956022262573242,32.42009132420091
20.319,0,-4.579843521118164,3.0618953704833984,67.45938873291016,-59.38154602050781,-89.14817810058594,31.742095947265625,-4.579843521118164,3.0618953704833984,67.45938873291016,-59.38154602050781,-89.14817810058594,31.742095947265625,32.42009132420091
20.351,0,-4.491611957550049,3.4472408294677734,67.29927062988281,-59.663108825683594,-89.12374877929688,31.81328010559082,-4.491611957550049,3.4472408294677734,67.29927062988281,-59.663108825683594,-89.12374877929688,31.81328010559082,32.42009132420091
20.386,0,-4.556191921234131,2.4322452545166016,67.74391174316406,-58.87425994873047,-89.0976333618164,31.6248836517334,-4.556191921234131,2.4322452545166016,67.74391174316406,-58.87425994873047,-89.0976333618164,31.6248836517334,32.42009132420091
20.418,0,-4.427425861358643,2.4205894470214844,67.68946838378906,-58.86163330078125,-89.07918548583984,31.603227615356445,-4.427425861358643,2.4205894470214844,67.68946838378906,-58.86163330078125,-89.07918548583984,31.603227615356445,32.159165035877365
20.450,0,-4.5969061851501465,1.2532596588134766,68.14289855957031,-57.98233413696289,-89.08523559570312,31.432357788085938,-4.5969061851501465,1.2532596588134766,68.14289855957031,-57.98233413696289,-89.08523559570312,31.432357788085938,32.02870189171559
20.485,0,-4.477472305297852,1.622772216796875,67.95233917236328,-58.226600646972656,-89.03976440429688,31.52587890625,-4.477472305297852,1.622772216796875,67.95233917236328,-58.226600646972656,-89.03976440429688,31.52587890625,31.898238747553815
20.518,0,-4.876631736755371,0.27630615234375,68.62959289550781,-57.27782440185547,-89.07564544677734,31.23501205444336,-4.876631736755371,0.27630615234375,68.62959289550781,-57.27782440185547,-89.07564544677734,31.23501205444336,31.76777560339204
20.551,0,-4.884607791900635,0.44815635681152344,68.5125961303711,-57.42272186279297,-89.06232452392578,31.347454071044922,-4.884607791900635,0.44815635681152344,68.5125961303711,-57.42272186279297,-89.06232452392578,31.347454071044922,31.702544031311152
20.587,0,-5.124359130859375,-0.76287841796875,68.98973846435547,-56.51527786254883,-89.04896545410156,31.23189926147461,-5.124359130859375,-0.76287841796875,68.98973846435547,-56.51527786254883,-89.04896545410156,31.23189926147461,31.637312459230266
20.618,0,-5.1226677894592285,-0.4514274597167969,68.80829620361328,-56.6885871887207,-89.03836822509766,31.3241024017334,-5.1226677894592285,-0.4514274597167969,68.80829620361328,-56.6885871887207,-89.03836822509766,31.3241024017334,31.57208088714938
20.652,0,-5.524869441986084,-1.6122417449951172,69.2928695678711,-55.755943298339844,-89.0680160522461,31.08637237548828,-5.524869441986084,-1.6122417449951172,69.2928695678711,-55.755943298339844,-89.0680160522461,31.08637237548828,31.57208088714938
20.687,0,-5.4155473709106445,-0.7425327301025391,68.90424346923828,-56.36797332763672,-89.03982543945312,31.338356018066406,-5.4155473709106445,-0.7425327301025391,68.90424346923828,-56.36797332763672,-89.03982543945312,31.338356018066406,31.506849315068493
20.719,0,-5.565181732177734,-1.8151721954345703,69.33084106445312,-55.531272888183594,-89.01188659667969,31.261539459228516,-5.565181732177734,-1.8151721954345703,69.33084106445312,-55.531272888183594,-89.01188659667969,31.261539459228516,31.506849315068493
20.754,0,-5.472867488861084,-1.1016311645507812,69.0367660522461,-56.07373809814453,-88.9833984375,31.50202178955078,-5.472867488861084,-1.101631164550781,69.0367660522461,-56.07373809814453,-88.9833984375,31.50202178955078,31.441617742987603
20.787,0,-5.306006908416748,-1.1414375305175781,68.9869613647461,-55.96147155761719,-88.93838500976562,31.619342803955078,-5.306006908416748,-1.1414375305175781,68.9869613647461,-55.96147155761719,-88.93838500976562,31.619342803955078,31.441617742987603
20.821,0,-5.123003005981445,-1.0608024597167969,68.99361419677734,-56.08207702636719,-88.90522766113281,31.687152862548828,-5.123003005981445,-1.0608024597167969,68.99361419677734,-56.08207702636719,-88.90522766113281,31.687152862548828,31.441617742987603
20.855,0,-4.876845359802246,-0.9580154418945312,68.97618103027344,-56.21726989746094,-88.83049774169922,31.889522552490234,-4.876845359802246,-0.9580154418945312,68.97618103027344,-56.21726989746094,-88.83049774169922,31.889522552490234,31.441617742987603
20.887,0,-4.8375959396362305,-0.8791160583496094,68.99775695800781,-56.358375549316406,-88.80886840820312,31.90045166015625,-4.8375959396362305,-0.8791160583496094,68.99775695800781,-56.358375549316406,-88.80886840820312,31.90045166015625,31.441617742987603
20.920,0,-4.5710062980651855,-0.8824920654296875,68.93507385253906,-56.25416564941406,-88.74964904785156,32.01673889160156,-4.5710062980651855,-0.8824920654296875,68.93507385253906,-56.25416564941406,-88.74964904785156,32.01673889160156,31.441617742987603
20.955,0,-4.424099445343018,-0.4221782684326172,68.71460723876953,-56.639198303222656,-88.69508361816406,32.22624969482422,-4.424099445343018,-0.4221782684326172,68.71460723876953,-56.639198303222656,-88.69508361816406,32.22624969482422,31.441617742987603
20.987,0,-4.5339674949646,-1.0968017578125,68.9831314086914,-56.10054016113281,-88.65919494628906,32.1191520690918,-4.5339674949646,-1.0968017578125,68.9831314086914,-56.10054016113281,-88.65919494628906,32.1191520690918,31.441617742987603
21.022,0,-4.373871326446533,-1.0511493682861328,69.04078674316406,-56.20045471191406,-88.5945816040039,32.18342208862305,-4.373871326446533,-1.0511493682861328,69.04078674316406,-56.20045471191406,-88.5945816040039,32.18342208862305,31.637312459230266
21.053,0,-4.12731409072876,-1.2561016082763672,69.10082244873047,-56.00729751586914,-88.54719543457031,32.17747497558594,-4.12731409072876,-1.2561016082763672,69.10082244873047,-56.00729751586914,-88.54719543457031,32.17747497558594,31.76777560339204
21.089,0,-4.127631187438965,-0.7322025299072266,68.84229278564453,-56.33601379394531,-88.51353454589844,32.31583786010742,-4.127631187438965,-0.7322025299072266,68.84229278564453,-56.33601379394531,-88.51353454589844,32.31583786010742,31.76777560339204
21.119,0,-3.9014368057250977,-0.030683517456054688,68.5557632446289,-56.91531753540039,-88.47763061523438,32.60297393798828,-3.9014368057250977,-0.030683517456054688,68.5557632446289,-56.91531753540039,-88.47763061523438,32.60297393798828,31.76777560339204
21.157,0,-3.7530078887939453,0.1672821044921875,68.50403594970703,-57.126956939697266,-88.45122528076172,32.66373062133789,-3.7530078887939453,0.1672821044921875,68.50403594970703,-57.126956939697266,-88.45122528076172,32.66373062133789,31.76777560339204
21.193,0,-3.531942367553711,-0.27014923095703125,68.7280502319336,-56.818389892578125,-88.39349365234375,32.550113677978516,-3.531942367553711,-0.27014923095703125,68.7280502319336,-56.818389892578125,-88.39349365234375,32.550113677978516,31.963470319634702
21.220,0,-3.408217430114746,0.1370716094970703,68.5138931274414,-57.06897735595703,-88.34850311279297,32.539527893066406,-3.408217430114746,0.1370716094970703,68.5138931274414,-57.06897735595703,-88.34850311279297,32.539527893066406,32.159165035877365
21.256,0,-3.145700454711914,0.6198577880859375,68.39335632324219,-57.562591552734375,-88.3176498413086,32.739505767822266,-3.145700454711914,0.6198577880859375,68.39335632324219,-57.562591552734375,-88.3176498413086,32.739505767822266,32.22439660795825
21.289,0,-3.3601317405700684,0.6890220642089844,68.37110137939453,-57.58368682861328,-88.3623275756836,32.76553726196289,-3.3601317405700684,0.6890220642089844,68.37110137939453,-57.58368682861328,-88.3623275756836,32.76553726196289,32.22439660795825
21.321,0,-3.4078755378723145,0.6981887817382812,68.21902465820312,-57.44084548950195,-88.42991638183594,32.882476806640625,-3.4078755378723145,0.6981887817382812,68.21902465820312,-57.44084548950195,-88.42991638183594,32.882476806640625,32.35485975212002
21.354,0,-3.2191500663757324,0.9561996459960938,68.02330780029297,-57.536865234375,-88.38007354736328,32.845027923583984,-3.2191500663757324,0.9561996459960938,68.02330780029297,-57.536865234375,-88.38007354736328,32.845027923583984,32.4853228962818
21.387,0,-2.9650583267211914,1.2634944915771484,67.88904571533203,-57.798004150390625,-88.37251281738281,32.91659164428711,-2.9650583267211914,1.2634944915771484,67.88904571533203,-57.798004150390625,-88.37251281738281,32.91659164428711,32.550554468362684
21.430,0,-2.8560643196105957,1.6230602264404297,67.75263977050781,-58.093849182128906,-88.346435546875,32.94746017456055,-2.8560643196105957,1.6230602264404297,67.75263977050781,-58.093849182128906,-88.346435546875,32.94746017456055,32.550554468362684
21.461,0,-2.899312973022461,1.5555381774902344,67.66366577148438,-57.94952392578125,-88.42031860351562,32.97030258178711,-2.899312973022461,1.5555381774902344,67.66366577148438,-57.94952392578125,-88.42031860351562,32.97030258178711,32.550554468362684
21.488,0,-2.5663866996765137,2.0485153198242188,67.40260314941406,-58.22377014160156,-88.38195037841797,33.063175201416016,-2.5663866996765137,2.0485153198242188,67.40260314941406,-58.22377014160156,-88.38195037841797,33.063175201416016,32.550554468362684
21.527,0,-2.58951473236084,2.2546424865722656,67.25066375732422,-58.29547882080078,-88.3811264038086,33.16678237915039,-2.58951473236084,2.2546424865722656,67.25066375732422,-58.29547882080078,-88.3811264038086,33.16678237915039,32.550554468362684
21.556,0,-2.449291229248047,2.7043399810791016,67.05265808105469,-58.650634765625,-88.41515350341797,33.198631286621094,-2.449291229248047,2.7043399810791016,67.05265808105469,-58.650634765625,-88.41515350341797,33.198631286621094,32.550554468362684
21.592,0,-2.4595422744750977,2.52838134765625,67.17424011230469,-58.550079345703125,-88.4429931640625,33.11411666870117,-2.4595422744750977,2.52838134765625,67.17424011230469,-58.550079345703125,-88.4429931640625,33.11411666870117,32.550554468362684
21.625,0,-2.301839828491211,3.0135250091552734,66.98711395263672,-58.946250915527344,-88.4395751953125,33.1258430480957,-2.301839828491211,3.0135250091552734,66.98711395263672,-58.946250915527344,-88.4395751953125,33.1258430480957,32.68101761252446
21.659,0,-2.1141810417175293,3.377603530883789,66.58106231689453,-59.03521728515625,-88.385009765625,33.2642936706543,-2.1141810417175293,3.377603530883789,66.58106231689453,-59.03521728515625,-88.385009765625,33.2642936706543,32.81148075668624
21.696,0,-2.0035300254821777,4.163969039916992,66.21142578125,-59.596351623535156,-88.44818115234375,33.331016540527344,-2.0035300254821777,4.163969039916992,66.21142578125,-59.596351623535156,-88.44818115234375,33.331016540527344,32.81148075668624
21.723,0,-2.007017135620117,4.220762252807617,66.16592407226562,-59.5721321105957,-88.49333190917969,33.28062438964844,-2.007017135620117,4.220762252807617,66.16592407226562,-59.5721321105957,-88.49333190917969,33.28062438964844,32.81148075668624
21.758,0,-1.9978992938995361,4.404165267944336,66.06287384033203,-59.638526916503906,-88.48139190673828,33.27171325683594,-1.9978992938995361,4.404165267944336,66.06287384033203,-59.638526916503906,-88.48139190673828,33.27171325683594,32.87671232876712
21.794,0,-1.6942083835601807,4.488264083862305,65.95054626464844,-59.648292541503906,-88.45025634765625,33.280029296875,-1.6942083835601807,4.488264083862305,65.95054626464844,-59.648292541503906,-88.45025634765625,33.280029296875,32.94194390084801
21.827,0,-1.6252024173736572,4.693174362182617,65.95661926269531,-59.89344024658203,-88.5118637084961,33.203773498535156,-1.6252024173736572,4.693174362182617,65.95661926269531,-59.89344024658203,-88.5118637084961,33.203773498535156,32.94194390084801
21.858,0,-1.3429203033447266,5.322507858276367,65.69937896728516,-60.355262756347656,-88.38185119628906,33.33141326904297,-1.3429203033447266,5.322507858276367,65.69937896728516,-60.355262756347656,-88.38185119628906,33.33141326904297,32.94194390084801
21.891,0,-1.2726378440856934,5.879461288452148,65.40564727783203,-60.69551086425781,-88.36589050292969,33.322689056396484,-1.2726378440856934,5.879461288452148,65.40564727783203,-60.69551086425781,-88.36589050292969,33.322689056396484,32.94194390084801
21.927,0,-0.9952405691146851,5.936983108520508,65.43472290039062,-60.791748046875,-88.31958770751953,33.35797119140625,-0.9952405691146851,5.936983108520508,65.43472290039062,-60.791748046875,-88.31958770751953,33.35797119140625,32.94194390084801
21.959,0,-0.9441671967506409,6.063604354858398,65.431640625,-60.96818542480469,-88.35719299316406,33.32730484008789,-0.9441671967506409,6.063604354858398,65.431640625,-60.96818542480469,-88.35719299316406,33.32730484008789,32.94194390084801
21.994,0,-1.0537892580032349,5.64897346496582,65.61616516113281,-60.65058135986328,-88.39958190917969,33.24369812011719,-1.0537892580032349,5.64897346496582,65.61616516113281,-60.65058135986328,-88.39958190917969,33.24369812011719,32.94194390084801
22.027,0,-1.1839679479599,6.083581924438477,65.39444732666016,-60.94597625732422,-88.44306945800781,33.28907012939453,-1.1839679479599,6.083581924438477,65.39444732666016,-60.94597625732422,-88.44306945800781,33.28907012939453,32.94194390084801
22.062,0,-0.8655382990837097,6.697938919067383,64.94857025146484,-61.29881286621094,-88.38362121582031,33.454185485839844,-0.8655382990837097,6.697938919067383,64.94857025146484,-61.29881286621094,-88.38362121582031,33.454185485839844,32.94194390084801
22.094,0,-0.7913849949836731,6.426511764526367,65.1146011352539,-61.14664840698242,-88.42687225341797,33.35525131225586,-0.7913849949836731,6.426511764526367,65.1146011352539,-61.14664840698242,-88.42687225341797,33.35525131225586,32.94194390084801
22.128,0,-0.9231690168380737,5.977964401245117,65.26156616210938,-60.75630569458008,-88.45722198486328,33.301414489746094,-0.9231690168380737,5.977964401245117,65.26156616210938,-60.75630569458008,-88.45722198486328,33.301414489746094,32.94194390084801
22.160,0,-1.083327293395996,6.421213150024414,65.02239990234375,-61.0813102722168,-88.50917053222656,33.36568832397461,-1.083327293395996,6.421213150024414,65.02239990234375,-61.0813102722168,-88.50917053222656,33.36568832397461,33.00717547292889
22.196,0,-0.7083972096443176,6.618539810180664,64.94984436035156,-61.28102111816406,-88.49336242675781,33.36994171142578,-0.7083972096443176,6.618539810180664,64.94984436035156,-61.28102111816406,-88.49336242675781,33.36994171142578,33.07240704500978
22.228,0,-0.555931568145752,6.302766799926758,65.21743774414062,-61.19139862060547,-88.54497528076172,33.16466522216797,-0.555931568145752,6.302766799926758,65.21743774414062,-61.19139862060547,-88.54497528076172,33.16466522216797,33.07240704500978
22.262,0,-0.5477319955825806,5.790033340454102,65.50663757324219,-60.84039306640625,-88.57820892333984,32.942138671875,-0.5477319955825806,5.790033340454102,65.50663757324219,-60.84039306640625,-88.57820892333984,32.942138671875,33.07240704500978
22.295,0,-0.6401880979537964,5.99824333190918,65.31781768798828,-60.95127487182617,-88.63822937011719,33.00956344604492,-0.6401880979537964,5.99824333190918,65.31781768798828,-60.95127487182617,-88.63822937011719,33.00956344604492,33.07240704500978
22.327,0,-0.6680017113685608,5.648416519165039,65.50553131103516,-60.70770263671875,-88.69412231445312,32.96426773071289,-0.6680017113685608,5.648416519165039,65.50553131103516,-60.70770263671875,-88.69412231445312,32.96426773071289,33.07240704500978
22.364,0,-0.48419490456581116,5.901044845581055,65.49850463867188,-61.04725646972656,-88.73587036132812,32.889564514160156,-0.48419490456581116,5.901044845581055,65.49850463867188,-61.04725646972656,-88.73587036132812,32.889564514160156,33.07240704500978
22.393,0,-0.639386773109436,5.78544807434082,65.51171875,-60.904144287109375,-88.83222961425781,32.78398513793945,-0.639386773109436,5.78544807434082,65.51171875,-60.904144287109375,-88.83222961425781,32.78398513793945,33.07240704500978
22.432,0,-0.7496379613876343,6.105955123901367,65.30860137939453,-61.11197280883789,-88.89643096923828,32.77133560180664,-0.7496379613876343,6.105955123901367,65.30860137939453,-61.11197280883789,-88.89643096923828,32.77133560180664,33.07240704500978
22.461,0,-0.7834240794181824,6.142724990844727,65.28016662597656,-61.13144302368164,-88.95729064941406,32.842830657958984,-0.7834240794181824,6.142724990844727,65.28016662597656,-61.13144302368164,-88.95729064941406,32.842830657958984,33.07240704500978
22.497,0,-0.6938949823379517,6.690328598022461,65.08816528320312,-61.63495635986328,-89.02215576171875,32.92142868041992,-0.6938949823379517,6.690328598022461,65.08816528320312,-61.63495635986328,-89.02215576171875,32.92142868041992,33.07240704500978
22.529,0,-0.9562616944313049,6.227075576782227,65.32969665527344,-61.31711196899414,-89.15204620361328,32.78923416137695,-0.9562616944313049,6.227075576782227,65.32969665527344,-61.31711196899414,-89.15204620361328,32.78923416137695,33.07240704500978
22.563,0,-1.0690813064575195,6.775854110717773,65.04545593261719,-61.74238204956055,-89.21492004394531,32.924686431884766,-1.0690813064575195,6.775854110717773,65.04545593261719,-61.74238204956055,-89.21492004394531,32.924686431884766,33.07240704500978
22.598,0,-0.9728119373321533,6.940725326538086,64.92463684082031,-61.822776794433594,-89.2758560180664,32.98577880859375,-0.9728119373321533,6.940725326538086,64.92463684082031,-61.822776794433594,-89.2758560180664,32.98577880859375,33.07240704500978
22.630,0,-0.9018711447715759,7.18974494934082,64.89883422851562,-62.146697998046875,-89.33772277832031,33.04627990722656,-0.9018711447715759,7.18974494934082,64.89883422851562,-62.146697998046875,-89.33772277832031,33.04627990722656,33.07240704500978
22.665,0,-0.7684223055839539,6.663694381713867,65.2264175415039,-61.785797119140625,-89.34839630126953,32.84062194824219,-0.7684223055839539,6.663694381713867,65.2264175415039,-61.785797119140625,-89.34839630126953,32.84062194824219,33.07240704500978
22.696,0,-0.8846909999847412,6.430570602416992,65.34036254882812,-61.67815017700195,-89.44331359863281,32.69694137573242,-0.8846909999847412,6.430570602416992,65.34036254882812,-61.67815017700195,-89.44331359863281,32.69694137573242,33.07240704500978
22.733,0,-0.8617799878120422,5.632356643676758,65.70002746582031,-61.17980194091797,-89.52088928222656,32.50140380859375,-0.8617799878120422,5.632356643676758,65.70002746582031,-61.17980194091797,-89.52088928222656,32.50140380859375,33.07240704500978
22.765,0,-0.7146105170249939,6.164831161499023,65.4952392578125,-61.634517669677734,-89.49702453613281,32.594703674316406,-0.7146105170249939,6.164831161499023,65.4952392578125,-61.634517669677734,-89.49702453613281,32.594703674316406,33.07240704500978
22.799,0,-0.7871686220169067,5.828165054321289,65.58495330810547,-61.360836029052734,-89.60892486572266,32.474143981933594,-0.7871686220169067,5.828165054321289,65.58495330810547,-61.360836029052734,-89.60892486572266,32.474143981933594,32.87671232876712
22.831,0,-0.8208552002906799,5.996435165405273,65.46331787109375,-61.533172607421875,-89.68135070800781,32.51511764526367,-0.8208552002906799,5.996435165405273,65.46331787109375,-61.533172607421875,-89.68135070800781,32.51511764526367,32.81148075668624
22.865,0,-0.8830758929252625,4.90605354309082,65.83796691894531,-60.67443084716797,-89.76182556152344,32.352394104003906,-0.8830758929252625,4.90605354309082,65.83796691894531,-60.67443084716797,-89.76182556152344,32.352394104003906,32.81148075668624
22.902,0,-0.9653233289718628,3.578550338745117,66.45539093017578,-59.78582763671875,-89.84392547607422,32.008079528808594,-0.9653233289718628,3.578550338745117,66.45539093017578,-59.78582763671875,-89.84392547607422,32.008079528808594,32.81148075668624
22.932,0,-0.784143328666687,3.668783187866211,66.30787658691406,-59.867515563964844,-89.86618041992188,32.076820373535156,-0.784143328666687,3.668783187866211,66.30787658691406,-59.867515563964844,-89.86618041992188,32.076820373535156,32.81148075668624
22.965,0,-0.4775437116622925,2.7427005767822266,66.65689849853516,-59.22599792480469,-89.88235473632812,31.920494079589844,-0.4775437116622925,2.7427005767822266,66.65689849853516,-59.22599792480469,-89.88235473632812,31.920494079589844,32.615786040443574
22.997,0,-0.16672807931900024,2.7829837799072266,66.68498229980469,-59.37471008300781,-89.872314453125,31.883766174316406,-0.16672807931900024,2.7829837799072266,66.68498229980469,-59.37471008300781,-89.872314453125,31.883766174316406,32.42009132420091
23.034,0,-0.04800468683242798,2.1145172119140625,66.95783233642578,-58.91630172729492,-89.93035888671875,31.750423431396484,-0.04800468683242798,2.1145172119140625,66.95783233642578,-58.91630172729492,-89.93035888671875,31.750423431396484,32.35485975212002
23.066,0,0.12856876850128174,0.8831729888916016,67.54863739013672,-58.194618225097656,-89.94636535644531,31.397071838378906,0.12856876850128174,0.8831729888916016,67.54863739013672,-58.194618225097656,-89.94636535644531,31.397071838378906,32.159165035877365
23.102,0,0.43109238147735596,0.018259048461914062,67.94790649414062,-57.63139724731445,-89.93826293945312,31.240861892700195,0.43109238147735596,0.05494505494505475,67.94790649414062,-57.63139724731445,-89.93826293945312,31.240861892700195,32.02870189171559
23.135,0,0.731047511100769,0.20717811584472656,67.86100006103516,-57.772071838378906,-89.91940307617188,31.247913360595703,0.731047511100769,0.20717811584472656,67.86100006103516,-57.772071838378906,-89.91940307617188,31.247913360595703,32.02870189171559
23.166,0,0.9022736549377441,-0.3543586730957031,68.04947662353516,-57.35454559326172,-89.96866607666016,31.247772216796875,0.9022736549377441,-0.3543586730957031,68.04947662353516,-57.35454559326172,-89.96866607666016,31.247772216796875,31.76777560339204
23.199,0,1.269959807395935,-1.28692626953125,68.5369873046875,-56.87345886230469,-89.97570037841797,31.024478912353516,1.269959807395935,-1.2869262695312496,68.5369873046875,-56.87345886230469,-89.97570037841797,31.024478912353516,31.57208088714938
23.237,0,1.617163062095642,-2.2333850860595703,68.9884033203125,-56.282081604003906,-89.9810791015625,30.974712371826172,1.617163062095642,-2.2333850860595708,68.9884033203125,-56.282081604003906,-89.9810791015625,30.974712371826172,31.506849315068493
23.265,0,2.003106117248535,-1.469869613647461,68.60957336425781,-56.76921844482422,-89.93508911132812,31.158279418945312,2.003106117248535,-1.469869613647461,68.60957336425781,-56.76921844482422,-89.93508911132812,31.158279418945312,31.506849315068493
23.304,0,2.1880455017089844,-2.511568069458008,69.09142303466797,-56.07383346557617,-89.97584533691406,31.04888916015625,2.1880455017089844,-2.511568069458008,69.09142303466797,-56.07383346557617,-89.97584533691406,31.04888916015625,31.31115459882583
23.332,0,2.4443039894104004,-2.3047866821289062,69.013916015625,-56.34839630126953,-89.97994232177734,31.244197845458984,2.4443039894104004,-2.3047866821289062,69.013916015625,-56.34839630126953,-89.97994232177734,31.244197845458984,31.245923026744943
23.371,0,2.583815097808838,-3.1439342498779297,69.35362243652344,-55.73566436767578,-90.00102233886719,31.141530990600586,2.583815097808838,-3.1439342498779297,69.35362243652344,-55.73566436767578,-90.00102233886719,31.141530990600586,31.245923026744943
23.401,0,2.8820738792419434,-3.671192169189453,69.58114624023438,-55.399600982666016,-90.01522064208984,31.141359329223633,2.8820738792419434,-3.6711921691894536,69.58114624023438,-55.399600982666016,-90.01522064208984,31.141359329223633,31.245923026744943
23.435,0,3.094351291656494,-4.564897537231445,69.93151092529297,-54.8287353515625,-90.0719985961914,31.107467651367188,3.094351291656494,-4.564897537231445,69.93151092529297,-54.8287353515625,-90.0719985961914,31.107467651367188,31.245923026744943
23.469,0,3.2163772583007812,-4.615270614624023,69.84281158447266,-54.76771545410156,-90.07432556152344,31.272113800048828,3.2163772583007812,-4.615270614624023,69.84281158447266,-54.76771545410156,-90.07432556152344,31.272113800048828,31.245923026744943
23.503,0,3.6456708908081055,-4.100404739379883,69.58089447021484,-55.170101165771484,-90.01988983154297,31.57559585571289,3.6456708908081055,-4.100404739379883,69.58089447021484,-55.170101165771484,-90.01988983154297,31.57559585571289,31.245923026744943
23.536,0,4.066417694091797,-3.6170406341552734,69.31102752685547,-55.52082443237305,-89.95515441894531,31.785900115966797,4.066417694091797,-3.6170406341552734,69.31102752685547,-55.52082443237305,-89.95515441894531,31.785900115966797,31.245923026744943
23.569,0,4.5762038230896,-4.422630310058594,69.67352294921875,-55.03874969482422,-89.9600601196289,31.799236297607422,4.5762038230896,-4.422630310058594,69.67352294921875,-55.03874969482422,-89.9600601196289,31.799236297607422,31.245923026744943
23.606,0,4.63639497756958,-4.693798065185547,69.82258605957031,-54.8945198059082,-90.04399108886719,31.949878692626953,4.63639497756958,-4.693798065185547,69.82258605957031,-54.8945198059082,-90.04399108886719,31.949878692626953,31.245923026744943
23.634,0,4.692501068115234,-4.743230819702148,69.91900634765625,-55.01017379760742,-90.12079620361328,32.22224807739258,4.692501068115234,-4.743230819702148,69.91900634765625,-55.01017379760742,-90.12079620361328,32.22224807739258,31.441617742987603
23.673,0,4.513726234436035,-5.991397857666016,70.49772644042969,-54.113704681396484,-90.19337463378906,32.180198669433594,4.513726234436035,-5.991397857666016,70.49772644042969,-54.113704681396484,-90.19337463378906,32.180198669433594,31.441617742987603
23.775,0,4.78828239440918,-6.636653900146484,70.76254272460938,-53.625328063964844,-90.1584243774414,32.22400665283203,4.78828239440918,-6.636653900146484,70.76254272460938,-53.625328063964844,-90.1584243774414,32.22400665283203,31.57208088714938
23.800,0,5.057070255279541,-7.326244354248047,71.12138366699219,-53.17377471923828,-90.12380981445312,32.21452331542969,5.057070255279541,-7.326244354248047,71.12138366699219,-53.17377471923828,-90.12380981445312,32.21452331542969,31.83300717547293
23.832,0,4.8802618980407715,-7.983768463134766,71.3659896850586,-52.668155670166016,-90.1923599243164,32.4036979675293,4.8802618980407715,-7.983768463134766,71.3659896850586,-52.668155670166016,-90.1923599243164,32.4036979675293,31.83300717547293
23.867,0,5.1732354164123535,-7.811071395874023,71.20240783691406,-52.760372161865234,-90.17945861816406,32.71427536010742,5.1732354164123535,-7.811071395874023,71.20240783691406,-52.760372161865234,-90.17945861816406,32.71427536010742,31.83300717547293
23.902,0,5.519527435302734,-7.476675033569336,70.91477966308594,-52.93640899658203,-90.15426635742188,33.09890365600586,5.519527435302734,-7.476675033569336,70.91477966308594,-52.93640899658203,-90.15426635742188,33.09890365600586,31.83300717547293
23.934,0,5.5098981857299805,-7.094194412231445,70.72035217285156,-53.23698043823242,-90.20047760009766,33.45915603637695,5.5098981857299805,-7.094194412231445,70.72035217285156,-53.23698043823242,-90.20047760009766,33.45915603637695,32.02870189171559
23.969,0,5.36038875579834,-7.364105224609375,70.82032012939453,-53.04834747314453,-90.26219940185547,33.74424362182617,5.36038875579834,-7.364105224609375,70.82032012939453,-53.04834747314453,-90.26219940185547,33.74424362182617,32.35485975212002
24.002,0,5.160280227661133,-7.815179824829102,70.93379211425781,-52.65550994873047,-90.31541442871094,33.949676513671875,5.160280227661133,-7.815179824829102,70.93379211425781,-52.65550994873047,-90.31541442871094,33.949676513671875,32.74624918460535
24.035,0,5.188418865203857,-6.530658721923828,70.2160873413086,-53.4537353515625,-90.30840301513672,34.43674850463867,5.188418865203857,-6.530658721923828,70.2160873413086,-53.4537353515625,-90.30840301513672,34.43674850463867,33.00717547292889
24.070,0,5.595497131347656,-5.189870834350586,69.75149536132812,-54.51377868652344,-90.2236099243164,34.81269073486328,5.595497131347656,-5.189870834350586,69.75149536132812,-54.51377868652344,-90.2236099243164,34.81269073486328,33.33333333333333
24.104,0,5.373209476470947,-5.280370712280273,69.66985321044922,-54.356239318847656,-90.29496765136719,35.105228424072266,5.373209476470947,-5.280370712280273,69.66985321044922,-54.356239318847656,-90.29496765136719,35.105228424072266,33.659491193737765
24.136,0,5.58823299407959,-4.264005661010742,69.1697769165039,-55.159507751464844,-90.21355438232422,35.66529846191406,5.58823299407959,-4.264005661010742,69.1697769165039,-55.159507751464844,-90.21355438232422,35.66529846191406,33.9856490541422
24.171,0,5.615289688110352,-2.7925643920898438,68.48402404785156,-56.204132080078125,-90.19564056396484,36.26866912841797,5.615289688110352,-2.7925643920898438,68.48402404785156,-56.204132080078125,-90.19564056396484,36.26866912841797,34.37703848662753
24.204,0,5.609750747680664,-2.0228347778320312,68.13618469238281,-56.76076126098633,-90.1734390258789,36.620723724365234,5.609750747680664,-2.0228347778320312,68.13618469238281,-56.76076126098633,-90.1734390258789,36.620723724365234,34.70319634703196
24.239,0,5.43920373916626,-1.070150375366211,67.73120880126953,-57.48453903198242,-90.21790313720703,37.10818862915039,5.43920373916626,-1.070150375366211,67.73120880126953,-57.48453903198242,-90.21790313720703,37.10818862915039,35.15981735159817
24.270,0,5.368879795074463,-0.3343925476074219,67.34412384033203,-57.98063659667969,-90.15641021728516,37.46337890625,5.368879795074463,-0.3343925476074219,67.34412384033203,-57.98063659667969,-90.15641021728516,37.46337890625,35.68166992824527
24.305,0,5.450747966766357,1.2374401092529297,66.56379699707031,-59.146881103515625,-90.12389373779297,38.14717102050781,5.450747966766357,1.2374401092529297,66.56379699707031,-59.146881103515625,-90.12389373779297,38.14717102050781,36.07305936073059
24.338,0,5.394345283508301,1.9925804138183594,66.17709350585938,-59.59128952026367,-90.1289291381836,38.53752136230469,5.394345283508301,1.9925804138183594,66.17709350585938,-59.59128952026367,-90.1289291381836,38.53752136230469,36.5296803652968
24.371,0,5.1959357261657715,2.0236873626708984,66.33200073242188,-59.7558708190918,-90.22666931152344,38.87089920043945,5.1959357261657715,2.0236873626708984,66.33200073242188,-59.7558708190918,-90.22666931152344,38.87089920043945,36.986301369863014
24.411,0,5.068308353424072,1.5873184204101562,66.50516510009766,-59.43259048461914,-90.19171905517578,39.20098114013672,5.068308353424072,1.5873184204101562,66.50516510009766,-59.43259048461914,-90.19171905517578,39.20098114013672,37.573385518590996
24.436,0,5.0808796882629395,1.9183940887451172,66.33162689208984,-59.653289794921875,-90.186767578125,39.44725799560547,5.0808796882629395,1.9183940887451172,66.33162689208984,-59.653289794921875,-90.186767578125,39.44725799560547,37.96477495107632
24.474,0,5.156344890594482,2.781515121459961,65.891845703125,-60.18260955810547,-90.1678695678711,39.68328094482422,5.156344890594482,2.781515121459961,65.891845703125,-60.18260955810547,-90.1678695678711,39.68328094482422,38.29093281148076
24.508,0,4.9045090675354,2.0736751556396484,66.74308013916016,-60.17195129394531,-90.22319030761719,39.55263137817383,4.9045090675354,2.0736751556396484,66.74308013916016,-60.17195129394531,-90.22319030761719,39.55263137817383,38.68232224396608
24.540,0,4.89889669418335,1.3177490234375,67.65898895263672,-60.21449661254883,-90.24166107177734,39.40795135498047,4.89889669418335,1.3177490234375,67.65898895263672,-60.21449661254883,-90.24166107177734,39.40795135498047,39.00848010437051
24.570,0,4.8308329582214355,0.7862758636474609,68.32488250732422,-60.275474548339844,-90.24237823486328,39.33915710449219,4.8308329582214355,0.7862758636474609,68.32488250732422,-60.275474548339844,-90.24237823486328,39.33915710449219,39.138943248532286
24.605,0,4.863312721252441,0.7684764862060547,68.44612884521484,-60.35747146606445,-90.22431945800781,39.33484649658203,4.863312721252441,0.7684764862060547,68.44612884521484,-60.35747146606445,-90.22431945800781,39.33484649658203,39.138943248532286
24.640,0,5.029170513153076,0.6464710235595703,68.47644805908203,-60.21965789794922,-90.21049499511719,39.48411560058594,5.029170513153076,0.6464710235595703,68.47644805908203,-60.21965789794922,-90.21049499511719,39.48411560058594,39.138943248532286
24.671,0,4.959161758422852,0.14722061157226562,68.8529281616211,-60.04148864746094,-90.1593017578125,39.319091796875,4.959161758422852,0.14722061157226562,68.8529281616211,-60.04148864746094,-90.1593017578125,39.319091796875,39.138943248532286
24.705,0,4.945209503173828,-0.15230369567871094,69.16407012939453,-60.00987243652344,-90.13359069824219,39.300140380859375,4.945209503173828,-0.15230369567871094,69.16407012939453,-60.00987243652344,-90.13359069824219,39.300140380859375,39.138943248532286
24.742,0,4.697354793548584,0.6777381896972656,68.82115936279297,-60.66832733154297,-90.15128326416016,39.538238525390625,4.697354793548584,0.6777381896972656,68.82115936279297,-60.66832733154297,-90.15128326416016,39.538238525390625,39.138943248532286
24.769,0,4.854163646697998,0.7051219940185547,68.71297454833984,-60.60468292236328,-90.17876434326172,39.71926498413086,4.854163646697998,0.7051219940185547,68.71297454833984,-60.60468292236328,-90.17876434326172,39.71926498413086,39.138943248532286
24.803,0,4.926928520202637,0.7383480072021484,68.85613250732422,-60.811214447021484,-90.12853240966797,39.73063659667969,4.926928520202637,0.7383480072021484,68.85613250732422,-60.811214447021484,-90.12853240966797,39.73063659667969,39.138943248532286
24.839,0,5.068050861358643,0.4040374755859375,69.05506896972656,-60.666202545166016,-90.12007141113281,39.65239334106445,5.068050861358643,0.4040374755859375,69.05506896972656,-60.666202545166016,-90.12007141113281,39.65239334106445,39.204174820613176
24.872,0,4.814520359039307,1.3008041381835938,68.68943786621094,-61.336795806884766,-90.14701843261719,39.892601013183594,4.814520359039307,1.3008041381835938,68.68943786621094,-61.336795806884766,-90.14701843261719,39.892601013183594,39.33463796477495
24.907,0,4.837515354156494,1.3501758575439453,68.63726806640625,-61.3076171875,-90.17575073242188,40.102516174316406,4.837515354156494,1.3501758575439453,68.63726806640625,-61.3076171875,-90.17575073242188,40.102516174316406,39.39986953685584
24.938,0,4.783449172973633,1.1694831848144531,68.81387329101562,-61.303550720214844,-90.17350769042969,40.079185485839844,4.783449172973633,1.1694831848144531,68.81387329101562,-61.303550720214844,-90.17350769042969,40.079185485839844,39.46510110893672
24.973,0,4.701636791229248,1.989126205444336,68.6178207397461,-62.08990478515625,-90.2056884765625,40.512454986572266,4.701636791229248,1.989126205444336,68.6178207397461,-62.08990478515625,-90.2056884765625,40.512454986572266,39.660795825179385
25.006,0,4.587900638580322,2.4755687713623047,68.49765014648438,-62.5906982421875,-90.20914459228516,40.73331832885742,4.587900638580322,2.4755687713623047,68.49765014648438,-62.5906982421875,-90.20914459228516,40.73331832885742,39.726027397260275
25.038,0,4.3779144287109375,2.4980030059814453,68.67326354980469,-62.762847900390625,-90.28863525390625,40.76261901855469,4.3779144287109375,2.4980030059814453,68.67326354980469,-62.762847900390625,-90.28863525390625,40.76261901855469,39.92172211350293
25.074,0,4.380009651184082,2.3986568450927734,68.88783264160156,-62.8995246887207,-90.2909927368164,40.782066345214844,4.380009651184082,2.3986568450927734,68.88783264160156,-62.8995246887207,-90.2909927368164,40.782066345214844,40.182648401826484
25.105,0,4.31466817855835,2.6889286041259766,68.86424255371094,-63.264892578125,-90.34111785888672,41.069129943847656,4.31466817855835,2.6889286041259766,68.86424255371094,-63.264892578125,-90.34111785888672,41.069129943847656,40.31311154598826
25.140,0,4.178548812866211,3.2339038848876953,68.7015380859375,-63.76652526855469,-90.36180114746094,41.244293212890625,4.178548812866211,3.2339038848876953,68.7015380859375,-63.76652526855469,-90.36180114746094,41.244293212890625,40.37834311806915
25.171,0,4.001959800720215,3.388040542602539,68.7912826538086,-64.01031494140625,-90.43730926513672,41.22539520263672,4.001959800720215,3.388040542602539,68.7912826538086,-64.01031494140625,-90.43730926513672,41.22539520263672,40.5740378343118
25.208,0,4.114130020141602,3.294767379760742,68.92830657958984,-64.05953979492188,-90.43212890625,41.143310546875,4.114130020141602,3.294767379760742,68.92830657958984,-64.05953979492188,-90.43212890625,41.143310546875,40.769732550554465
25.239,0,4.026804447174072,3.5118160247802734,68.93804168701172,-64.40611267089844,-90.47710418701172,41.46588897705078,4.026804447174072,3.5118160247802734,68.93804168701172,-64.40611267089844,-90.47710418701172,41.46588897705078,40.834964122635355
25.275,0,3.8719825744628906,4.17689323425293,68.72396850585938,-65.005126953125,-90.5112075805664,41.690731048583984,3.8719825744628906,4.17689323425293,68.72396850585938,-65.005126953125,-90.5112075805664,41.690731048583984,40.834964122635355
25.307,0,4.353691577911377,4.056562423706055,68.69763946533203,-64.84171295166016,-90.5383529663086,41.74440002441406,4.353691577911377,4.056562423706055,68.69763946533203,-64.84171295166016,-90.5383529663086,41.74440002441406,40.90019569471624
25.340,0,5.095249652862549,4.68498420715332,68.54010009765625,-65.55670166015625,-90.49041748046875,41.93659591674805,5.095249652862549,4.68498420715332,68.54010009765625,-65.55670166015625,-90.49041748046875,41.93659591674805,41.16112198303979
25.375,0,5.297326564788818,4.61390495300293,68.43790435791016,-65.44989013671875,-90.47250366210938,41.92853546142578,5.297326564788818,4.61390495300293,68.43790435791016,-65.44989013671875,-90.47250366210938,41.92853546142578,41.35681669928245
25.406,0,5.233980178833008,5.165224075317383,68.27568054199219,-66.00919342041016,-90.49630737304688,42.122650146484375,5.233980178833008,5.165224075317383,68.27568054199219,-66.00919342041016,-90.49630737304688,42.122650146484375,41.42204827136334
25.441,0,5.517019748687744,5.165582656860352,68.23301696777344,-65.92758178710938,-90.5270004272461,42.217384338378906,5.517019748687744,5.165582656860352,68.23301696777344,-65.92758178710938,-90.5270004272461,42.217384338378906,41.55251141552511
25.472,0,5.903279781341553,5.871355056762695,67.9898910522461,-66.53634643554688,-90.44498443603516,42.423614501953125,5.903279781341553,5.871355056762695,67.9898910522461,-66.53634643554688,-90.44498443603516,42.423614501953125,41.617742987606
25.508,0,5.898148059844971,5.915159225463867,68.00788116455078,-66.64092254638672,-90.48025512695312,42.480045318603516,5.898148059844971,5.915159225463867,68.00788116455078,-66.64092254638672,-90.48025512695312,42.480045318603516,41.68297455968688
25.540,0,5.91464900970459,6.23686408996582,67.87738800048828,-66.92939758300781,-90.51344299316406,42.51221466064453,5.91464900970459,6.23686408996582,67.87738800048828,-66.92939758300781,-90.51344299316406,42.51221466064453,41.943900848010436
25.573,0,5.9788126945495605,7.451204299926758,67.31462097167969,-67.8255386352539,-90.46144104003906,43.05491638183594,5.9788126945495605,7.451204299926758,67.31462097167969,-67.8255386352539,-90.46144104003906,43.05491638183594,42.07436399217221
25.610,0,6.459161281585693,7.935880661010742,67.12696075439453,-68.20146179199219,-90.37065124511719,43.17009353637695,6.459161281585693,7.935880661010742,67.12696075439453,-68.20146179199219,-90.37065124511719,43.17009353637695,42.20482713633398
25.639,0,6.46497917175293,8.095438003540039,67.11784362792969,-68.3399429321289,-90.3629150390625,43.24049377441406,6.46497917175293,8.095438003540039,67.11784362792969,-68.3399429321289,-90.3629150390625,43.24049377441406,42.400521852576645
25.677,0,6.384291648864746,8.096273422241211,67.15510559082031,-68.36565399169922,-90.34736633300781,43.10641098022461,6.384291648864746,8.096273422241211,67.15510559082031,-68.36565399169922,-90.34736633300781,43.10641098022461,42.66144814090019
25.707,0,6.442663192749023,9.409917831420898,66.57402038574219,-69.35733032226562,-90.30631256103516,43.62010955810547,6.442663192749023,9.409917831420898,66.57402038574219,-69.35733032226562,-90.30631256103516,43.62010955810547,42.79191128506197
25.745,0,6.6149139404296875,9.307149887084961,66.73948669433594,-69.46307373046875,-90.28327178955078,43.64067840576172,6.6149139404296875,9.307149887084961,66.73948669433594,-69.46307373046875,-90.28327178955078,43.64067840576172,42.79191128506197
25.777,0,6.572714328765869,9.637678146362305,66.68363952636719,-69.78544616699219,-90.2864990234375,43.640045166015625,6.572714328765869,9.637678146362305,66.68363952636719,-69.78544616699219,-90.2864990234375,43.640045166015625,42.922374429223744
25.808,0,6.452682971954346,9.728490829467773,66.62080383300781,-69.82752990722656,-90.27948760986328,43.53239822387695,6.452682971954346,9.728490829467773,66.62080383300781,-69.82752990722656,-90.27948760986328,43.53239822387695,43.24853228962818
25.844,0,6.711935043334961,9.69044303894043,66.69132995605469,-69.83563995361328,-90.30106353759766,43.787017822265625,6.711935043334961,9.69044303894043,66.69132995605469,-69.83563995361328,-90.30106353759766,43.787017822265625,43.31376386170906
25.875,0,6.850585460662842,9.689668655395508,66.7666015625,-69.97978210449219,-90.26599884033203,43.814369201660156,6.850585460662842,9.689668655395508,66.7666015625,-69.97978210449219,-90.26599884033203,43.814369201660156,43.37899543378995
25.909,0,7.16007137298584,9.643457412719727,66.5993881225586,-69.73115539550781,-90.27061462402344,43.902408599853516,7.16007137298584,9.643457412719727,66.5993881225586,-69.73115539550781,-90.27061462402344,43.902408599853516,43.37899543378995
25.942,0,7.070285797119141,9.719850540161133,66.5719985961914,-69.78557586669922,-90.26063537597656,43.77813720703125,7.070285797119141,9.719850540161133,66.5719985961914,-69.78557586669922,-90.26063537597656,43.77813720703125,43.509458577951726
25.976,0,7.009341239929199,8.859865188598633,67.003662109375,-69.24346923828125,-90.32275390625,43.61034393310547,7.009341239929199,8.859865188598633,67.003662109375,-69.24346923828125,-90.32275390625,43.61034393310547,43.574690150032616
26.010,0,6.886582851409912,8.142431259155273,67.28693389892578,-68.73483276367188,-90.33625793457031,43.401451110839844,6.886582851409912,8.142431259155273,67.28693389892578,-68.73483276367188,-90.33625793457031,43.401451110839844,43.574690150032616
26.043,0,7.274321556091309,8.291952133178711,66.97757720947266,-68.570068359375,-90.34147644042969,43.560394287109375,7.274321556091309,8.291952133178711,66.97757720947266,-68.570068359375,-90.34147644042969,43.560394287109375,43.574690150032616
26.077,0,7.334194183349609,8.119791030883789,67.05438995361328,-68.41107177734375,-90.34182739257812,43.34661865234375,7.334194183349609,8.119791030883789,67.05438995361328,-68.41107177734375,-90.34182739257812,43.34661865234375,43.574690150032616
26.109,0,7.333185195922852,7.128202438354492,67.41300201416016,-67.64016723632812,-90.40425872802734,43.1114501953125,7.333185195922852,7.128202438354492,67.41300201416016,-67.64016723632812,-90.40425872802734,43.1114501953125,43.574690150032616
26.145,0,7.199549674987793,6.754995346069336,67.48700714111328,-67.27605438232422,-90.38076782226562,42.90013885498047,7.199549674987793,6.754995346069336,67.48700714111328,-67.27605438232422,-90.38076782226562,42.90013885498047,43.509458577951726
26.175,0,7.211399078369141,6.61558723449707,67.39427185058594,-66.9862060546875,-90.39016723632812,42.98823547363281,7.211399078369141,6.61558723449707,67.39427185058594,-66.9862060546875,-90.39016723632812,42.98823547363281,43.509458577951726
26.214,0,7.049957275390625,6.881139755249023,67.23290252685547,-67.07032775878906,-90.38204956054688,42.852325439453125,7.049957275390625,6.881139755249023,67.23290252685547,-67.07032775878906,-90.38204956054688,42.852325439453125,43.444227005870836
26.242,0,6.82590913772583,6.040834426879883,67.66814422607422,-66.63204956054688,-90.43559265136719,42.644283294677734,6.82590913772583,6.040834426879883,67.66814422607422,-66.63204956054688,-90.43559265136719,42.644283294677734,43.24853228962818
26.279,0,6.657582759857178,5.678304672241211,67.78215026855469,-66.335205078125,-90.43437194824219,42.44520568847656,6.657582759857178,5.678304672241211,67.78215026855469,-66.335205078125,-90.43437194824219,42.44520568847656,43.24853228962818
26.310,0,6.6811418533325195,5.472646713256836,67.67975616455078,-65.95225524902344,-90.41638946533203,42.44915008544922,6.6811418533325195,5.472646713256836,67.67975616455078,-65.95225524902344,-90.41638946533203,42.44915008544922,43.24853228962818
26.347,0,6.575145721435547,4.918664932250977,67.93523406982422,-65.51164245605469,-90.43722534179688,42.16808319091797,6.575145721435547,4.918664932250977,67.93523406982422,-65.51164245605469,-90.43722534179688,42.16808319091797,42.98760600130463
26.376,0,6.361837863922119,4.182279586791992,68.28511810302734,-65.10490417480469,-90.49981689453125,41.97858428955078,6.361837863922119,4.182279586791992,68.28511810302734,-65.10490417480469,-90.49981689453125,41.97858428955078,42.857142857142854
26.413,0,6.256577968597412,3.617593765258789,68.49703216552734,-64.68081665039062,-90.50236511230469,41.852962493896484,6.256577968597412,3.617593765258789,68.49703216552734,-64.68081665039062,-90.50236511230469,41.852962493896484,42.79191128506197
26.443,0,6.142215251922607,4.845647811889648,67.8985595703125,-65.50727844238281,-90.4968032836914,42.224266052246094,6.142215251922607,4.845647811889648,67.8985595703125,-65.50727844238281,-90.4968032836914,42.224266052246094,42.53098499673842
26.477,0,5.990463733673096,4.321626663208008,68.10611724853516,-65.03105163574219,-90.49671936035156,41.9436149597168,5.990463733673096,4.321626663208008,68.10611724853516,-65.03105163574219,-90.49671936035156,41.9436149597168,42.27005870841487
26.515,0,5.798792362213135,3.8642826080322266,68.22915649414062,-64.72611236572266,-90.50580596923828,41.94395446777344,5.798792362213135,3.8642826080322266,68.22915649414062,-64.72611236572266,-90.50580596923828,41.94395446777344,42.20482713633398
26.542,0,5.646291732788086,3.2630367279052734,68.53600311279297,-64.3122787475586,-90.5185546875,41.71074676513672,5.646291732788086,3.2630367279052734,68.53600311279297,-64.3122787475586,-90.5185546875,41.71074676513672,42.20482713633398
26.577,0,5.701104640960693,4.067094802856445,68.07283782958984,-64.783935546875,-90.50262451171875,42.034423828125,5.701104640960693,4.067094802856445,68.07283782958984,-64.783935546875,-90.50262451171875,42.034423828125,42.1395955642531
26.613,0,5.453044891357422,3.3886280059814453,68.3116683959961,-64.15718078613281,-90.57083892822266,41.69540023803711,5.453044891357422,3.3886280059814453,68.3116683959961,-64.15718078613281,-90.57083892822266,41.69540023803711,42.07436399217221
26.644,0,5.235692501068115,2.2240333557128906,68.79059600830078,-63.28880310058594,-90.62126159667969,41.439064025878906,5.235692501068115,2.2240333557128906,68.79059600830078,-63.28880310058594,-90.62126159667969,41.439064025878906,42.00913242009132
26.679,0,5.017637729644775,1.2861156463623047,69.32406616210938,-62.79006576538086,-90.70408630371094,41.24651336669922,5.017637729644775,1.2861156463623047,69.32406616210938,-62.79006576538086,-90.70408630371094,41.24651336669922,41.943900848010436
26.713,0,4.7646331787109375,0.5654449462890625,69.51335144042969,-62.091922760009766,-90.68480682373047,40.94395065307617,4.7646331787109375,0.5654449462890625,69.51335144042969,-62.091922760009766,-90.68480682373047,40.94395065307617,41.81343770384866
26.745,0,4.842426776885986,1.5563373565673828,69.00320434570312,-62.76706314086914,-90.69677734375,41.282752990722656,4.842426776885986,1.5563373565673828,69.00320434570312,-62.76706314086914,-90.69677734375,41.282752990722656,41.617742987606
26.781,0,4.5525994300842285,0.5470466613769531,69.21641540527344,-61.698036193847656,-90.75858306884766,40.92551803588867,4.5525994300842285,0.5470466613769531,69.21641540527344,-61.698036193847656,-90.75858306884766,40.92551803588867,41.48727984344423
26.812,0,4.282600402832031,0.44439697265625,69.28945922851562,-61.62046813964844,-90.7741928100586,40.976051330566406,4.282600402832031,0.44439697265625,69.28945922851562,-61.62046813964844,-90.7741928100586,40.976051330566406,41.35681669928245
26.845,0,4.039048194885254,-0.3284492492675781,69.48033142089844,-60.876953125,-90.76982879638672,40.675193786621094,4.039048194885254,-0.3284492492675781,69.48033142089844,-60.876953125,-90.76982879638672,40.675193786621094,41.291585127201564
26.879,0,4.104543685913086,1.0220623016357422,68.80989074707031,-61.79079818725586,-90.77242279052734,41.028785705566406,4.104543685913086,1.0220623016357422,68.80989074707031,-61.79079818725586,-90.77242279052734,41.028785705566406,41.16112198303979
26.913,0,3.7050280570983887,-0.044704437255859375,69.1721420288086,-60.79547882080078,-90.8397216796875,40.618247985839844,3.7050280570983887,-0.044704437255859375,69.1721420288086,-60.79547882080078,-90.8397216796875,40.618247985839844,41.0958904109589
26.945,0,3.241335868835449,-0.8014125823974609,69.59635162353516,-60.33491134643555,-90.90660095214844,40.34189987182617,3.241335868835449,-0.8014125823974609,69.59635162353516,-60.33491134643555,-90.90660095214844,40.34189987182617,41.0958904109589
26.980,0,2.861083507537842,-1.5344715118408203,69.82192993164062,-59.6506462097168,-90.91548919677734,40.065696716308594,2.861083507537842,-1.5344715118408199,69.82192993164062,-59.6506462097168,-90.91548919677734,40.065696716308594,41.0958904109589
27.015,0,2.9315171241760254,-1.1710891723632812,69.46737670898438,-59.74533462524414,-90.92276000976562,40.129638671875,2.9315171241760254,-1.1710891723632812,69.46737670898438,-59.74533462524414,-90.92276000976562,40.129638671875,40.769732550554465
27.047,0,2.660770893096924,-2.227510452270508,69.79004669189453,-58.762901306152344,-90.98531341552734,39.73400115966797,2.660770893096924,-2.227510452270508,69.79004669189453,-58.762901306152344,-90.98531341552734,39.73400115966797,40.5740378343118
27.080,0,2.0613226890563965,-2.7575435638427734,70.12610626220703,-58.43894958496094,-91.0571517944336,39.44630432128906,2.0613226890563965,-2.757543563842774,70.12610626220703,-58.43894958496094,-91.0571517944336,39.44630432128906,40.44357469015003
27.115,0,1.631015658378601,-3.606027603149414,70.37499237060547,-57.61684799194336,-91.07936096191406,39.05381393432617,1.631015658378601,-3.606027603149414,70.37499237060547,-57.61684799194336,-91.07936096191406,39.05381393432617,40.31311154598826
27.148,0,1.7184511423110962,-4.301877975463867,70.92391204833984,-57.30584716796875,-91.11253356933594,38.77822494506836,1.7184511423110962,-4.301877975463867,70.92391204833984,-57.30584716796875,-91.11253356933594,38.77822494506836,40.05218525766471
27.182,0,1.2501713037490845,-5.28227424621582,71.27456665039062,-56.48474884033203,-91.13603210449219,38.369720458984375,1.2501713037490845,-5.28227424621582,71.27456665039062,-56.48474884033203,-91.13603210449219,38.369720458984375,39.726027397260275
27.214,0,1.4161680936813354,-4.441627502441406,70.74616241455078,-56.95930480957031,-91.13349151611328,38.589813232421875,1.4161680936813354,-4.441627502441406,70.74616241455078,-56.95930480957031,-91.13349151611328,38.589813232421875,39.39986953685584
27.249,0,0.9400379657745361,-5.4496307373046875,71.15558624267578,-56.10020446777344,-91.15778350830078,38.275020599365234,0.9400379657745361,-5.4496307373046875,71.15558624267578,-56.10020446777344,-91.15778350830078,38.275020599365234,39.0737116764514
27.279,0,0.9153248071670532,-6.0390472412109375,71.69505310058594,-55.86683654785156,-91.19501495361328,38.153076171875,0.9153248071670532,-6.0390472412109375,71.69505310058594,-55.86683654785156,-91.19501495361328,38.153076171875,38.94324853228962
27.317,0,0.7178056240081787,-7.0955810546875,72.16554260253906,-55.08563232421875,-91.18450927734375,37.70517349243164,0.7178056240081787,-7.0955810546875,72.16554260253906,-55.08563232421875,-91.18450927734375,37.70517349243164,38.81278538812785
27.346,0,0.8552302122116089,-6.256147384643555,71.64593505859375,-55.532440185546875,-91.2220230102539,37.863765716552734,0.8552302122116089,-6.256147384643555,71.64593505859375,-55.532440185546875,-91.2220230102539,37.863765716552734,38.551859099804304
27.381,0,0.9672211408615112,-6.480390548706055,71.56205749511719,-55.13213348388672,-91.1723861694336,37.87874221801758,0.9672211408615112,-6.480390548706055,71.56205749511719,-55.13213348388672,-91.1723861694336,37.87874221801758,38.35616438356164
27.416,0,0.37539196014404297,-7.046924591064453,71.84097290039062,-54.545894622802734,-91.261962890625,37.62808609008789,0.37539196014404297,-7.046924591064453,71.84097290039062,-54.545894622802734,-91.261962890625,37.62808609008789,38.16046966731898
27.446,0,-0.18792569637298584,-7.691156387329102,72.13597106933594,-54.04545974731445,-91.27899932861328,37.181461334228516,-0.18792569637298584,-7.691156387329102,72.13597106933594,-54.04545974731445,-91.27899932861328,37.181461334228516,38.16046966731898
27.482,0,-0.7168770432472229,-7.730566024780273,72.21407318115234,-54.03091812133789,-91.35462188720703,36.894447326660156,-0.7168770432472231,-7.730566024780273,72.21407318115234,-54.03091812133789,-91.35462188720703,36.894447326660156,38.030006523157205
27.516,0,-0.33826786279678345,-8.1810302734375,72.12482452392578,-53.36821746826172,-91.3293228149414,36.754638671875,-0.33826786279678345,-8.1810302734375,72.12482452392578,-53.36821746826172,-91.3293228149414,36.754638671875,37.76908023483366
27.547,0,0.08714795112609863,-8.841896057128906,72.37284851074219,-52.87351989746094,-91.32237243652344,36.45752716064453,0.08714795112609863,-8.841896057128906,72.37284851074219,-52.87351989746094,-91.32237243652344,36.45752716064453,37.44292237442922
27.580,0,-0.46328815817832947,-9.762428283691406,72.70416259765625,-52.07292938232422,-91.34825897216797,36.05381393432617,-0.4632881581783296,-9.762428283691406,72.70416259765625,-52.07292938232422,-91.34825897216797,36.05381393432617,37.0515329419439
27.617,0,-1.1076661348342896,-10.80324935913086,73.19773864746094,-51.18353271484375,-91.4922103881836,35.68170166015625,-1.1076661348342896,-10.80324935913086,73.19773864746094,-51.18353271484375,-91.4922103881836,35.68170166015625,36.855838225701234
27.649,0,-0.974433183670044,-11.186716079711914,73.1511459350586,-50.65951156616211,-91.46229553222656,35.561466217041016,-0.9744331836700441,-11.186716079711914,73.1511459350586,-50.65951156616211,-91.46229553222656,35.561466217041016,36.72537508153946
27.684,0,-1.2172907590866089,-11.100706100463867,73.20157623291016,-50.76782989501953,-91.5287094116211,35.543739318847656,-1.2172907590866089,-11.100706100463867,73.20157623291016,-50.76782989501953,-91.5287094116211,35.543739318847656,36.33398564905414
27.716,0,-1.75374436378479,-12.286222457885742,73.69608306884766,-49.809513092041016,-91.58204650878906,35.031227111816406,-1.7537443637847898,-12.286222457885742,73.69608306884766,-49.809513092041016,-91.58204650878906,35.031227111816406,36.13829093281148
27.751,0,-1.782951831817627,-13.346380233764648,74.08072662353516,-48.94708251953125,-91.657470703125,34.730594635009766,-1.782951831817627,-13.346380233764648,74.08072662353516,-48.94708251953125,-91.657470703125,34.730594635009766,35.81213307240704
27.785,0,-1.7756493091583252,-13.141729354858398,73.90492248535156,-48.94914245605469,-91.6140365600586,34.763946533203125,-1.7756493091583252,-13.141729354858398,73.90492248535156,-48.94914245605469,-91.6140365600586,34.763946533203125,35.68166992824527
27.815,0,-2.03187894821167,-13.47458267211914,74.09832763671875,-48.71467208862305,-91.63141632080078,34.27522277832031,-2.03187894821167,-13.47458267211914,74.09832763671875,-48.71467208862305,-91.63141632080078,34.27522277832031,35.355512067840834
27.848,0,-2.611229181289673,-14.573637962341309,74.55548858642578,-47.80097579956055,-91.71794128417969,33.795291900634766,-2.611229181289673,-14.573637962341309,74.55548858642578,-47.80097579956055,-91.71794128417969,33.795291900634766,35.15981735159817
27.884,0,-2.4160854816436768,-13.9281644821167,74.38844299316406,-48.44182586669922,-91.74095153808594,33.98491668701172,-2.4160854816436768,-13.9281644821167,74.38844299316406,-48.44182586669922,-91.74095153808594,33.98491668701172,34.898891063274625
27.917,0,-2.5783114433288574,-13.868204116821289,74.24850463867188,-48.31502151489258,-91.72077178955078,33.918731689453125,-2.5783114433288574,-13.868204116821289,74.24850463867188,-48.31502151489258,-91.72077178955078,33.918731689453125,34.5075016307893
27.949,0,-2.374305248260498,-13.328184127807617,74.02487182617188,-48.66825866699219,-91.67203521728516,33.86994171142578,-2.374305248260498,-13.328184127807617,74.02487182617188,-48.66825866699219,-91.67203521728516,33.86994171142578,34.31180691454664
27.985,0,-2.714082717895508,-14.61724853515625,74.48017883300781,-47.554481506347656,-91.71617126464844,33.43897247314453,-2.714082717895508,-14.61724853515625,74.48017883300781,-47.554481506347656,-91.71617126464844,33.43897247314453,34.24657534246575
28.018,0,-2.787813186645508,-14.678510665893555,74.61811828613281,-47.5816650390625,-91.66643524169922,33.482093811035156,-2.787813186645508,-14.678510665893555,74.61811828613281,-47.5816650390625,-91.66643524169922,33.482093811035156,34.18134377038486
28.049,0,-2.5935463905334473,-14.92654800415039,74.5073013305664,-47.08297348022461,-91.6661376953125,33.259117126464844,-2.5935463905334473,-14.92654800415039,74.5073013305664,-47.08297348022461,-91.6661376953125,33.259117126464844,34.11611219830398
28.084,0,-2.0965113639831543,-14.995134353637695,74.48418426513672,-46.967063903808594,-91.6543960571289,32.92265701293945,-2.0965113639831543,-14.995134353637695,74.48418426513672,-46.967063903808594,-91.6543960571289,32.92265701293945,33.85518590998043
28.118,0,-2.4416117668151855,-16.231449127197266,74.94892120361328,-45.93590545654297,-91.68814086914062,32.48566436767578,-2.4416117668151855,-16.231449127197266,74.94892120361328,-45.93590545654297,-91.68814086914062,32.48566436767578,33.724722765818655
28.151,0,-2.573523998260498,-16.559005737304688,75.19933319091797,-45.75141143798828,-91.6445541381836,32.50080871582031,-2.573523998260498,-16.559005737304688,75.19933319091797,-45.75141143798828,-91.6445541381836,32.50080871582031,33.39856490541422
28.185,0,-2.1992733478546143,-17.12545394897461,75.23694610595703,-45.040802001953125,-91.64459991455078,32.268585205078125,-2.1992733478546143,-17.12545394897461,75.23694610595703,-45.040802001953125,-91.64459991455078,32.268585205078125,33.13763861709067
28.217,0,-1.724544644355774,-16.658023834228516,75.04090881347656,-45.380157470703125,-91.6345443725586,32.04570007324219,-1.724544644355774,-16.658023834228516,75.04090881347656,-45.380157470703125,-91.6345443725586,32.04570007324219,32.94194390084801
28.253,0,-1.5469255447387695,-17.848670959472656,75.48100280761719,-44.363243103027344,-91.6553726196289,31.60955047607422,-1.5469255447387695,-17.848670959472656,75.48100280761719,-44.363243103027344,-91.6553726196289,31.60955047607422,32.74624918460535
28.284,0,-1.588465690612793,-18.015270233154297,75.68441009521484,-44.339046478271484,-91.62747955322266,31.547090530395508,-1.588465690612793,-18.015270233154297,75.68441009521484,-44.339046478271484,-91.62747955322266,31.547090530395508,32.4853228962818
28.320,0,-1.8006086349487305,-18.206037521362305,75.59111785888672,-43.9188232421875,-91.62042236328125,31.320302963256836,-1.8006086349487305,-18.206037521362305,75.59111785888672,-43.9188232421875,-91.62042236328125,31.320302963256836,32.22439660795825
28.351,0,-2.1433615684509277,-18.50255584716797,75.877197265625,-43.86896514892578,-91.71039581298828,31.181074142456055,-2.1433615684509277,-18.50255584716797,75.877197265625,-43.86896514892578,-91.71039581298828,31.181074142456055,31.898238747553815
28.385,0,-1.9124783277511597,-17.757274627685547,75.74324035644531,-44.52595520019531,-91.69295501708984,31.134979248046875,-1.9124783277511597,-17.757274627685547,75.74324035644531,-44.52595520019531,-91.69295501708984,31.134979248046875,31.76777560339204
28.420,0,-1.9420156478881836,-18.35507583618164,76.07787322998047,-44.15797424316406,-91.65677642822266,31.03497886657715,-1.9420156478881836,-18.35507583618164,76.07787322998047,-44.15797424316406,-91.65677642822266,31.03497886657715,31.57208088714938
28.452,0,-2.0738606452941895,-19.01540184020996,76.17318725585938,-43.38193130493164,-91.65322875976562,30.746042251586914,-2.0738606452941895,-19.01540184020996,76.17318725585938,-43.38193130493164,-91.65322875976562,30.746042251586914,31.506849315068493
28.486,0,-2.3074774742126465,-19.88571548461914,76.72103881835938,-42.97871398925781,-91.74227905273438,30.543643951416016,-2.3074774742126465,-19.88571548461914,76.72103881835938,-42.97871398925781,-91.74227905273438,30.543643951416016,31.376386170906716
28.520,0,-1.9379496574401855,-19.425304412841797,76.6163558959961,-43.37184143066406,-91.69915771484375,30.55203628540039,-1.9379496574401855,-19.425304412841797,76.6163558959961,-43.37184143066406,-91.69915771484375,30.55203628540039,31.31115459882583
28.552,0,-1.4718446731567383,-20.11956787109375,76.73522186279297,-42.70216369628906,-91.63330841064453,30.514137268066406,-1.4718446731567383,-20.11956787109375,76.73522186279297,-42.70216369628906,-91.63330841064453,30.514137268066406,31.115459882583167
28.586,0,-1.1114697456359863,-20.60714340209961,76.7796401977539,-42.079593658447266,-91.59374237060547,30.349668502807617,-1.1114697456359863,-20.60714340209961,76.7796401977539,-42.079593658447266,-91.59374237060547,30.349668502807617,30.919765166340508
28.622,0,-1.3211638927459717,-21.12367057800293,77.10601043701172,-41.877925872802734,-91.65885925292969,30.214630126953125,-1.3211638927459717,-21.12367057800293,77.10601043701172,-41.877925872802734,-91.65885925292969,30.214630126953125,30.78930202217873
28.652,0,-0.8680392503738403,-20.78091812133789,77.0478744506836,-42.19907760620117,-91.6181640625,30.16546058654785,-0.8680392503738403,-20.78091812133789,77.0478744506836,-42.19907760620117,-91.6181640625,30.16546058654785,30.724070450097845
28.688,0,-0.4675317704677582,-20.265850067138672,76.82477569580078,-42.58724594116211,-91.54714965820312,30.313308715820312,-0.4675317704677582,-20.265850067138672,76.82477569580078,-42.58724594116211,-91.54714965820312,30.313308715820312,30.724070450097845
28.719,0,-0.5188970565795898,-19.441150665283203,76.4673843383789,-43.220069885253906,-91.51202392578125,30.648666381835938,-0.5188970565795898,-19.441150665283203,76.4673843383789,-43.220069885253906,-91.51202392578125,30.648666381835938,30.528375733855185
28.755,0,-0.6991643905639648,-20.07095718383789,76.86994934082031,-42.97344970703125,-91.57991790771484,30.41217803955078,-0.6991643905639648,-20.07095718383789,76.86994934082031,-42.97344970703125,-91.57991790771484,30.41217803955078,30.4631441617743
28.788,0,-0.21442842483520508,-19.65080451965332,76.8465347290039,-43.44207000732422,-91.52027893066406,30.461334228515625,-0.21442842483520508,-19.65080451965332,76.8465347290039,-43.44207000732422,-91.52027893066406,30.461334228515625,30.4631441617743
28.821,0,0.2002013921737671,-19.103824615478516,76.6639633178711,-43.9134521484375,-91.4561538696289,30.67391014099121,0.2002013921737671,-19.103824615478516,76.6639633178711,-43.9134521484375,-91.4561538696289,30.67391014099121,30.4631441617743
28.853,0,0.25300753116607666,-17.818498611450195,76.02793884277344,-44.8803596496582,-91.43595886230469,31.064273834228516,0.25300753116607666,-17.818498611450195,76.02793884277344,-44.8803596496582,-91.43595886230469,31.064273834228516,30.4631441617743
28.891,0,0.13977587223052979,-18.227630615234375,76.29779815673828,-44.757362365722656,-91.51669311523438,31.116928100585938,0.13977587223052984,-18.227630615234375,76.29779815673828,-44.757362365722656,-91.51669311523438,31.116928100585938,30.39791258969341
28.920,0,0.45941901206970215,-17.88003921508789,76.26295471191406,-45.163848876953125,-91.46503448486328,31.113067626953125,0.45941901206970215,-17.88003921508789,76.26295471191406,-45.163848876953125,-91.46503448486328,31.113067626953125,30.332681017612522
28.952,0,0.814663290977478,-17.504810333251953,76.1241226196289,-45.46092224121094,-91.41587829589844,31.264827728271484,0.8146632909774781,-17.504810333251953,76.1241226196289,-45.46092224121094,-91.41587829589844,31.264827728271484,30.658838878016958
28.993,0,0.9191030263900757,-16.49372673034668,75.6199951171875,-46.181522369384766,-91.37460327148438,31.612873077392578,0.9191030263900757,-16.49372673034668,75.6199951171875,-46.181522369384766,-91.37460327148438,31.612873077392578,30.724070450097845
29.023,0,1.408086895942688,-16.91407012939453,75.92180633544922,-46.118919372558594,-91.42321014404297,31.591922760009766,1.408086895942688,-16.91407012939453,75.92180633544922,-46.118919372558594,-91.42321014404297,31.591922760009766,30.78930202217873
29.054,0,1.6627544164657593,-16.094593048095703,75.69808197021484,-46.86566925048828,-91.36469268798828,31.648780822753906,1.6627544164657593,-16.094593048095703,75.69808197021484,-46.86566925048828,-91.36469268798828,31.648780822753906,30.919765166340508
29.090,0,1.7597101926803589,-15.848189353942871,75.56549072265625,-47.010440826416016,-91.32513427734375,31.808326721191406,1.7597101926803589,-15.848189353942871,75.56549072265625,-47.010440826416016,-91.32513427734375,31.808326721191406,31.180691454664057
29.123,0,1.9002841711044312,-15.090097427368164,75.13722229003906,-47.5477180480957,-91.2859878540039,32.102867126464844,1.9002841711044312,-15.090097427368164,75.13722229003906,-47.5477180480957,-91.2859878540039,32.102867126464844,31.245923026744943
29.157,0,2.381293296813965,-15.259529113769531,75.29666137695312,-47.59619140625,-91.28942108154297,32.146095275878906,2.381293296813965,-15.259529113769531,75.29666137695312,-47.59619140625,-91.28942108154297,32.146095275878906,31.376386170906716
29.190,0,2.4990172386169434,-15.076582908630371,75.3264389038086,-47.87018585205078,-91.23754119873047,32.120750427246094,2.4990172386169434,-15.076582908630371,75.3264389038086,-47.87018585205078,-91.23754119873047,32.120750427246094,31.506849315068493
29.224,0,2.857179641723633,-16.072063446044922,75.58352661132812,-47.064361572265625,-91.25504302978516,32.152793884277344,2.857179641723633,-16.072063446044922,75.58352661132812,-47.064361572265625,-91.25504302978516,32.152793884277344,31.702544031311152
29.257,0,2.874851703643799,-16.007831573486328,75.4445571899414,-47.0467529296875,-91.21476745605469,32.17041015625,2.874851703643799,-16.007831573486328,75.4445571899414,-47.0467529296875,-91.21476745605469,32.17041015625,31.83300717547293
29.291,0,2.6029109954833984,-16.513668060302734,75.77361297607422,-46.848594665527344,-91.304443359375,31.991291046142578,2.6029109954833984,-16.513668060302734,75.77361297607422,-46.848594665527344,-91.304443359375,31.991291046142578,31.83300717547293
29.324,0,2.9772629737854004,-16.225482940673828,75.81049346923828,-47.265689849853516,-91.26753234863281,31.910112380981445,2.9772629737854004,-16.225482940673828,75.81049346923828,-47.265689849853516,-91.26753234863281,31.910112380981445,31.83300717547293
29.357,0,2.6806998252868652,-16.837181091308594,75.91629028320312,-46.70831298828125,-91.34764099121094,31.854032516479492,2.6806998252868652,-16.837181091308594,75.91629028320312,-46.70831298828125,-91.34764099121094,31.854032516479492,31.76777560339204
29.391,0,2.8407764434814453,-16.972312927246094,75.74024963378906,-46.436012268066406,-91.30574035644531,31.886032104492188,2.8407764434814453,-16.972312927246094,75.74024963378906,-46.436012268066406,-91.30574035644531,31.886032104492188,31.76777560339204
29.422,0,3.020904541015625,-16.970703125,75.78445434570312,-46.51869201660156,-91.2717514038086,31.96242904663086,3.020904541015625,-16.970703125,75.78445434570312,-46.51869201660156,-91.2717514038086,31.96242904663086,31.76777560339204
29.457,0,3.4397401809692383,-16.797147750854492,75.76567077636719,-46.735572814941406,-91.22003936767578,31.844425201416016,3.4397401809692383,-16.797147750854492,75.76567077636719,-46.735572814941406,-91.22003936767578,31.844425201416016,31.76777560339204
29.490,0,3.2618789672851562,-16.9222469329834,75.78848266601562,-46.65238571166992,-91.23822784423828,31.94015884399414,3.2618789672851562,-16.9222469329834,75.78848266601562,-46.65238571166992,-91.23822784423828,31.94015884399414,31.76777560339204
29.523,0,3.4440951347351074,-16.8126163482666,75.55782318115234,-46.608421325683594,-91.18244934082031,32.09544372558594,3.4440951347351074,-16.8126163482666,75.55782318115234,-46.608421325683594,-91.18244934082031,32.09544372558594,31.76777560339204
29.556,0,3.5012707710266113,-16.283279418945312,75.4676742553711,-47.174861907958984,-91.1728286743164,32.27296447753906,3.5012707710266113,-16.283279418945312,75.4676742553711,-47.174861907958984,-91.1728286743164,32.27296447753906,31.76777560339204
29.591,0,3.851400375366211,-15.395230293273926,75.14630889892578,-47.87665557861328,-91.11761474609375,32.323150634765625,3.851400375366211,-15.395230293273926,75.14630889892578,-47.87665557861328,-91.11761474609375,32.323150634765625,31.76777560339204
29.625,0,3.622541904449463,-15.038249969482422,74.99288940429688,-48.21002960205078,-91.11363220214844,32.58156967163086,3.622541904449463,-15.038249969482422,74.99288940429688,-48.21002960205078,-91.11363220214844,32.58156967163086,31.76777560339204
29.659,0,3.823554515838623,-15.100470542907715,74.77101135253906,-47.950279235839844,-91.10580444335938,32.59156799316406,3.823554515838623,-15.100470542907715,74.77101135253906,-47.950279235839844,-91.10580444335938,32.59156799316406,31.83300717547293
29.690,0,3.7230944633483887,-14.406580924987793,74.67498779296875,-48.643001556396484,-91.102783203125,32.86260986328125,3.7230944633483887,-14.406580924987793,74.67498779296875,-48.643001556396484,-91.102783203125,32.86260986328125,31.898238747553815
29.726,0,3.990406036376953,-13.574039459228516,74.46001434326172,-49.36579132080078,-91.08953094482422,32.97850036621094,3.990406036376953,-13.574039459228516,74.46001434326172,-49.36579132080078,-91.08953094482422,32.97850036621094,32.093933463796475
29.757,0,4.046784400939941,-13.721819877624512,74.50161743164062,-49.21490478515625,-91.0715103149414,33.0189094543457,4.046784400939941,-13.721819877624512,74.50161743164062,-49.21490478515625,-91.0715103149414,33.0189094543457,32.28962818003914
29.791,0,4.4870829582214355,-13.427897453308105,74.02910614013672,-49.118003845214844,-91.07457733154297,33.052757263183594,4.4870829582214355,-13.427897453308105,74.02910614013672,-49.118003845214844,-91.07457733154297,33.052757263183594,32.4853228962818
29.823,0,4.438197135925293,-12.930078506469727,73.86321258544922,-49.59930419921875,-91.08932495117188,33.2645263671875,4.438197135925293,-12.930078506469727,73.86321258544922,-49.59930419921875,-91.08932495117188,33.2645263671875,32.615786040443574
29.861,0,4.640124797821045,-11.210124969482422,73.17967987060547,-50.95818328857422,-91.06439208984375,33.71147918701172,4.640124797821045,-11.210124969482422,73.17967987060547,-50.95818328857422,-91.06439208984375,33.71147918701172,32.68101761252446
29.891,0,4.817044258117676,-11.642131805419922,73.32673645019531,-50.56343078613281,-91.01367950439453,33.64222717285156,4.817044258117676,-11.642131805419922,73.32673645019531,-50.56343078613281,-91.01367950439453,33.64222717285156,32.74624918460535
29.924,0,4.423011779785156,-12.275745391845703,73.60294342041016,-50.06946563720703,-91.05191040039062,33.371822357177734,4.423011779785156,-12.275745391845703,73.60294342041016,-50.06946563720703,-91.05191040039062,33.371822357177734,33.00717547292889
29.960,0,4.374418258666992,-11.494670867919922,73.33882141113281,-50.742393493652344,-91.03192901611328,33.61111068725586,4.374418258666992,-11.494670867919922,73.33882141113281,-50.742393493652344,-91.03192901611328,33.61111068725586,33.202870189171556
29.992,0,4.775496482849121,-9.802181243896484,72.57077026367188,-52.08281707763672,-91.00611877441406,34.035362243652344,4.775496482849121,-9.802181243896484,72.57077026367188,-52.08281707763672,-91.00611877441406,34.035362243652344,33.202870189171556
30.027,0,5.050954341888428,-10.325519561767578,72.75067901611328,-51.646148681640625,-90.96173095703125,33.977745056152344,5.050954341888428,-10.325519561767578,72.75067901611328,-51.646148681640625,-90.96173095703125,33.977745056152344,33.268101761252446
30.057,0,5.328462600708008,-11.038028717041016,72.97523498535156,-51.070289611816406,-90.93751525878906,33.766090393066406,5.328462600708008,-11.038028717041016,72.97523498535156,-51.070289611816406,-90.93751525878906,33.766090393066406,33.46379647749511
30.093,0,4.996425151824951,-10.621101379394531,72.62249755859375,-51.084144592285156,-90.9655532836914,34.024505615234375,4.996425151824951,-10.621101379394531,72.62249755859375,-51.084144592285156,-90.9655532836914,34.024505615234375,33.59425962165688
30.126,0,5.401176929473877,-8.875265121459961,71.89611053466797,-52.519325256347656,-90.92898559570312,34.55015563964844,5.401176929473877,-8.875265121459961,71.89611053466797,-52.519325256347656,-90.92898559570312,34.55015563964844,33.59425962165688
30.160,0,5.608442783355713,-9.079240798950195,71.87808990478516,-52.278648376464844,-90.90391540527344,34.6392822265625,5.608442783355713,-9.079240798950195,71.87808990478516,-52.278648376464844,-90.90391540527344,34.6392822265625,33.59425962165688
30.193,0,5.336986064910889,-9.803462982177734,72.1378402709961,-51.66498565673828,-90.93875885009766,34.40855026245117,5.336986064910889,-9.803462982177734,72.1378402709961,-51.66498565673828,-90.93875885009766,34.40855026245117,33.789954337899545
30.227,0,5.895589828491211,-10.398948669433594,72.35296630859375,-51.20111846923828,-90.92932891845703,34.342750549316406,5.895589828491211,-10.398948669433594,72.35296630859375,-51.20111846923828,-90.92932891845703,34.342750549316406,34.18134377038486
30.259,0,6.5922932624816895,-9.402135848999023,71.90058898925781,-52.018585205078125,-90.87235260009766,34.603790283203125,6.5922932624816895,-9.402135848999023,71.90058898925781,-52.018585205078125,-90.87235260009766,34.603790283203125,34.18134377038486
30.297,0,6.908627986907959,-9.769760131835938,71.96929931640625,-51.6441650390625,-90.83357238769531,34.702266693115234,6.908627986907959,-9.769760131835938,71.96929931640625,-51.6441650390625,-90.83357238769531,34.702266693115234,34.18134377038486
30.326,0,7.194226264953613,-9.707330703735352,71.8927230834961,-51.67401123046875,-90.75679779052734,34.767547607421875,7.194226264953613,-9.707330703735352,71.8927230834961,-51.67401123046875,-90.75679779052734,34.767547607421875,34.24657534246575
30.360,0,7.605130195617676,-9.513729095458984,71.6766128540039,-51.647926330566406,-90.71503448486328,34.910797119140625,7.605130195617676,-9.513729095458984,71.6766128540039,-51.647926330566406,-90.71503448486328,34.910797119140625,34.24657534246575
30.394,0,8.227951049804688,-7.6069793701171875,70.87944030761719,-53.16657257080078,-90.64619445800781,35.491973876953125,8.227951049804688,-7.6069793701171875,70.87944030761719,-53.16657257080078,-90.64619445800781,35.491973876953125,34.37703848662753
30.433,0,7.977838516235352,-7.986806869506836,70.99999237060547,-52.84775924682617,-90.73176574707031,35.63448715209961,7.977838516235352,-7.986806869506836,70.99999237060547,-52.84775924682617,-90.73176574707031,35.63448715209961,34.5075016307893
30.460,0,8.309475898742676,-7.157480239868164,70.5815658569336,-53.37378692626953,-90.61884307861328,35.895851135253906,8.309475898742676,-7.157480239868164,70.5815658569336,-53.37378692626953,-90.61884307861328,35.895851135253906,34.70319634703196
30.493,0,8.124212265014648,-6.98774528503418,70.53520965576172,-53.549076080322266,-90.65911102294922,36.039581298828125,8.124212265014648,-6.98774528503418,70.53520965576172,-53.549076080322266,-90.65911102294922,36.039581298828125,35.09458577951728
30.531,0,8.75342082977295,-4.688709259033203,69.60487365722656,-55.39602279663086,-90.59125518798828,36.701576232910156,8.75342082977295,-4.688709259033203,69.60487365722656,-55.39602279663086,-90.59125518798828,36.701576232910156,35.290280495759944
30.562,0,8.552470207214355,-5.05531120300293,69.77517700195312,-55.097572326660156,-90.65560913085938,36.82123565673828,8.552470207214355,-5.05531120300293,69.77517700195312,-55.097572326660156,-90.65560913085938,36.82123565673828,35.5512067840835
30.597,0,8.492406845092773,-4.243318557739258,69.37832641601562,-55.58296203613281,-90.55345916748047,37.196895599365234,8.492406845092773,-4.243318557739258,69.37832641601562,-55.58296203613281,-90.55345916748047,37.196895599365234,35.74690150032615
30.628,0,9.234034538269043,-3.6067771911621094,69.05314636230469,-56.05756378173828,-90.4676284790039,37.493675231933594,9.234034538269043,-3.6067771911621094,69.05314636230469,-56.05756378173828,-90.4676284790039,37.493675231933594,36.20352250489237
30.662,0,9.860893249511719,-1.4277286529541016,68.14044952392578,-57.77950668334961,-90.38853454589844,38.20146942138672,9.860893249511719,-1.4277286529541016,68.14044952392578,-57.77950668334961,-90.38853454589844,38.20146942138672,36.464448793215915
30.698,0,9.877935409545898,-1.5130271911621094,68.12068176269531,-57.634765625,-90.4078140258789,38.3367919921875,9.877935409545898,-1.5130271911621094,68.12068176269531,-57.634765625,-90.4078140258789,38.3367919921875,36.79060665362035
30.728,0,10.152141571044922,-0.5017356872558594,67.65422058105469,-58.30548095703125,-90.30174255371094,38.599205017089844,10.152141571044922,-0.5017356872558594,67.65422058105469,-58.30548095703125,-90.30174255371094,38.599205017089844,37.18199608610567
30.763,0,10.72633171081543,-0.21512413024902344,67.56482696533203,-58.61295700073242,-90.29793548583984,38.81916809082031,10.72633171081543,-0.21512413024902344,67.56482696533203,-58.61295700073242,-90.29793548583984,38.81916809082031,37.638617090671886
30.798,0,11.390707015991211,1.620340347290039,66.76073455810547,-60.05650329589844,-90.1700210571289,39.31235885620117,11.390707015991211,1.620340347290039,66.76073455810547,-60.05650329589844,-90.1700210571289,39.31235885620117,37.89954337899543
30.830,0,11.291424751281738,1.8563652038574219,66.56599426269531,-60.148643493652344,-90.19908905029297,39.70240020751953,11.291424751281738,1.8563652038574217,66.56599426269531,-60.148643493652344,-90.19908905029297,39.70240020751953,38.22570123939987
30.864,0,11.359208106994629,2.7211132049560547,66.15306091308594,-60.71800231933594,-90.14237213134766,39.99808883666992,11.359208106994629,2.7211132049560547,66.15306091308594,-60.71800231933594,-90.14237213134766,39.99808883666992,38.486627527723414
30.896,0,11.251103401184082,3.2618541717529297,65.83251190185547,-61.0496826171875,-90.18470764160156,40.29609680175781,11.251103401184082,3.2618541717529297,65.83251190185547,-61.0496826171875,-90.18470764160156,40.29609680175781,38.87801696020874
30.931,0,11.001801490783691,3.5081005096435547,65.86219024658203,-61.38150405883789,-90.18930053710938,40.38130187988281,11.001801490783691,3.5081005096435547,65.86219024658203,-61.38150405883789,-90.18930053710938,40.38130187988281,39.26940639269406
30.964,0,10.887290954589844,3.8415355682373047,65.58685302734375,-61.5050163269043,-90.22420501708984,40.892189025878906,10.887290954589844,3.8415355682373047,65.58685302734375,-61.5050163269043,-90.22420501708984,40.892189025878906,39.595564253098495
31.000,0,11.056864738464355,4.747373580932617,65.21015167236328,-62.1087646484375,-90.12030792236328,41.15564727783203,11.056864738464355,4.747373580932617,65.21015167236328,-62.1087646484375,-90.12030792236328,41.15564727783203,39.85649054142205
31.034,0,10.950475692749023,5.844079971313477,64.69921875,-62.942138671875,-90.10322570800781,41.77830505371094,10.950475692749023,5.844079971313477,64.69921875,-62.942138671875,-90.10322570800781,41.77830505371094,40.11741682974559
31.062,0,10.702645301818848,6.086263656616211,64.67868041992188,-63.200843811035156,-90.11380004882812,41.89796447753906,10.702645301818848,6.086263656616211,64.67868041992188,-63.200843811035156,-90.11380004882812,41.89796447753906,40.44357469015003
31.098,0,10.871565818786621,6.112409591674805,64.65020751953125,-63.24154281616211,-90.1628189086914,42.326927185058594,10.871565818786621,6.112409591674805,64.65020751953125,-63.24154281616211,-90.1628189086914,42.326927185058594,40.769732550554465
31.132,0,11.017717361450195,6.87553596496582,64.35130310058594,-63.73286056518555,-90.05482482910156,42.48729705810547,11.017717361450195,6.87553596496582,64.35130310058594,-63.73286056518555,-90.05482482910156,42.48729705810547,41.226353555120674
31.166,0,11.00475788116455,7.427343368530273,64.01875305175781,-64.080322265625,-90.05426788330078,42.91853332519531,11.00475788116455,7.427343368530273,64.01875305175781,-64.080322265625,-90.05426788330078,42.91853332519531,41.55251141552511
31.199,0,10.775374412536621,7.705255508422852,64.04319763183594,-64.40446472167969,-90.04736328125,42.956729888916016,10.775374412536621,7.705255508422852,64.04319763183594,-64.40446472167969,-90.04736328125,42.956729888916016,41.878669275929546
31.234,0,10.929839134216309,7.803323745727539,63.99274826049805,-64.55903625488281,-90.08946228027344,43.35136413574219,10.929839134216309,7.803323745727539,63.99274826049805,-64.55903625488281,-90.08946228027344,43.35136413574219,42.1395955642531
31.265,0,10.694371223449707,7.966829299926758,63.81393814086914,-64.4310531616211,-89.99405670166016,43.41352844238281,10.694371223449707,7.966829299926758,63.81393814086914,-64.4310531616211,-89.99405670166016,43.41352844238281,42.400521852576645
31.301,0,10.617330551147461,8.593572616577148,63.41810607910156,-64.87142944335938,-89.99432373046875,43.71558380126953,10.617330551147461,8.593572616577148,63.41810607910156,-64.87142944335938,-89.99432373046875,43.71558380126953,42.66144814090019
31.332,0,10.536818504333496,9.340818405151367,63.12097930908203,-65.40805053710938,-89.9584732055664,43.96846008300781,10.536818504333496,9.340818405151367,63.12097930908203,-65.40805053710938,-89.9584732055664,43.96846008300781,42.922374429223744
31.367,0,10.422473907470703,9.598779678344727,62.915687561035156,-65.55148315429688,-89.98762512207031,44.308135986328125,10.422473907470703,9.598779678344727,62.915687561035156,-65.55148315429688,-89.98762512207031,44.308135986328125,43.1180691454664
31.398,0,10.133810997009277,10.089128494262695,62.555152893066406,-65.62687683105469,-89.90396881103516,44.40016174316406,10.133810997009277,10.089128494262695,62.555152893066406,-65.62687683105469,-89.90396881103516,44.40016174316406,43.444227005870836
31.435,0,9.879302978515625,9.78746223449707,62.637691497802734,-65.29743957519531,-89.93536376953125,44.45944595336914,9.879302978515625,9.78746223449707,62.637691497802734,-65.29743957519531,-89.93536376953125,44.45944595336914,43.70515329419439
31.466,0,9.707524299621582,10.364458084106445,62.44092559814453,-65.735107421875,-89.9239501953125,44.65708923339844,9.707524299621582,10.364458084106445,62.44092559814453,-65.735107421875,-89.9239501953125,44.65708923339844,43.966079582517935
31.500,0,9.633293151855469,10.517873764038086,62.257781982421875,-65.78887939453125,-89.955322265625,44.97578048706055,9.633293151855469,10.517873764038086,62.257781982421875,-65.78887939453125,-89.955322265625,44.97578048706055,43.966079582517935
31.534,0,9.355026245117188,11.089677810668945,61.87911605834961,-65.91587829589844,-89.85553741455078,45.00286102294922,9.355026245117188,11.089677810668945,61.87911605834961,-65.91587829589844,-89.85553741455078,45.00286102294922,44.09654272667971
31.569,0,9.051508903503418,10.517969131469727,62.14197540283203,-65.43755340576172,-89.89440155029297,44.935546875,9.051508903503418,10.517969131469727,62.14197540283203,-65.43755340576172,-89.89440155029297,44.935546875,44.35746901500326
31.601,0,9.178031921386719,11.307916641235352,61.853057861328125,-66.06007385253906,-89.81104278564453,45.198158264160156,9.178031921386719,11.307916641235352,61.853057861328125,-66.06007385253906,-89.81104278564453,45.198158264160156,44.553163731245924
31.635,0,9.131227493286133,11.783239364624023,61.573944091796875,-66.28108215332031,-89.85722351074219,45.4305419921875,9.131227493286133,11.783239364624023,61.573944091796875,-66.28108215332031,-89.85722351074219,45.4305419921875,44.61839530332681
31.668,0,8.885659217834473,12.041498184204102,61.3216667175293,-66.2060546875,-89.76868438720703,45.35064697265625,8.885659217834473,12.041498184204102,61.3216667175293,-66.2060546875,-89.76868438720703,45.35064697265625,44.61839530332681
31.701,0,8.96260929107666,11.671812057495117,61.34382629394531,-65.82846069335938,-89.78385162353516,45.25959014892578,8.96260929107666,11.671812057495117,61.34382629394531,-65.82846069335938,-89.78385162353516,45.25959014892578,44.81409001956947
31.735,0,9.065449714660645,12.685808181762695,60.931671142578125,-66.57339477539062,-89.70242309570312,45.57855224609375,9.065449714660645,12.685808181762695,60.931671142578125,-66.57339477539062,-89.70242309570312,45.57855224609375,45.00978473581213
31.769,0,9.164458274841309,12.986093521118164,60.62315368652344,-66.62178039550781,-89.73790740966797,45.6855583190918,9.164458274841309,12.986093521118164,60.62315368652344,-66.62178039550781,-89.73790740966797,45.6855583190918,44.94455316373124
31.801,0,8.861420631408691,13.182897567749023,60.38243103027344,-66.48641967773438,-89.6511001586914,45.559329986572266,8.861420631408691,13.182897567749023,60.38243103027344,-66.48641967773438,-89.6511001586914,45.559329986572266,45.00978473581213
31.837,0,8.467314720153809,12.74879264831543,60.496124267578125,-66.02615356445312,-89.7033462524414,45.362815856933594,8.467314720153809,12.74879264831543,60.496124267578125,-66.02615356445312,-89.7033462524414,45.362815856933594,45.20547945205479
31.867,0,8.60216999053955,13.673154830932617,60.106544494628906,-66.70470428466797,-89.6219482421875,45.60319519042969,8.60216999053955,13.673154830932617,60.106544494628906,-66.70470428466797,-89.6219482421875,45.60319519042969,45.33594259621657
31.904,0,8.322404861450195,13.674051284790039,59.97807693481445,-66.45829772949219,-89.67053985595703,45.666412353515625,8.322404861450195,13.674051284790039,59.97807693481445,-66.45829772949219,-89.67053985595703,45.666412353515625,45.33594259621657
31.935,0,8.022750854492188,13.695901870727539,59.84251403808594,-66.23518371582031,-89.60966491699219,45.442535400390625,8.022750854492188,13.695901870727539,59.84251403808594,-66.23518371582031,-89.60966491699219,45.442535400390625,45.33594259621657
31.971,0,7.613681793212891,13.682062149047852,59.73551940917969,-66.096923828125,-89.6468734741211,45.21800231933594,7.613681793212891,13.682062149047852,59.73551940917969,-66.096923828125,-89.6468734741211,45.21800231933594,45.33594259621657
32.003,0,7.234066963195801,13.144487380981445,60.105224609375,-65.72250366210938,-89.67884063720703,45.046417236328125,7.234066963195801,13.144487380981445,60.105224609375,-65.72250366210938,-89.67884063720703,45.046417236328125,45.33594259621657
32.038,0,6.9380292892456055,13.238668441772461,59.77003479003906,-65.48411560058594,-89.7384033203125,44.992496490478516,6.9380292892456055,13.238668441772461,59.77003479003906,-65.48411560058594,-89.7384033203125,44.992496490478516,45.33594259621657
32.070,0,6.845001697540283,13.591371536254883,59.3792724609375,-65.48664855957031,-89.69794464111328,44.966461181640625,6.845001697540283,13.591371536254883,59.3792724609375,-65.48664855957031,-89.69794464111328,44.966461181640625,45.33594259621657
32.104,0,6.472613334655762,13.545633316040039,59.32489776611328,-65.3924789428711,-89.73213958740234,44.72022247314453,6.472613334655762,13.545633316040039,59.32489776611328,-65.3924789428711,-89.73213958740234,44.72022247314453,45.33594259621657
32.137,0,6.92097282409668,13.008989334106445,59.65637969970703,-65.13426971435547,-89.66284942626953,44.55799865722656,6.92097282409668,13.008989334106445,59.65637969970703,-65.13426971435547,-89.66284942626953,44.55799865722656,45.33594259621657
32.172,0,6.649042129516602,13.108846664428711,59.31402587890625,-64.8543472290039,-89.70214080810547,44.5337028503418,6.649042129516602,13.108846664428711,59.31402587890625,-64.8543472290039,-89.70214080810547,44.5337028503418,45.27071102413568
32.203,0,6.261968612670898,13.299657821655273,58.9836311340332,-64.72467041015625,-89.73106384277344,44.33336639404297,6.261968612670898,13.299657821655273,58.9836311340332,-64.72467041015625,-89.73106384277344,44.33336639404297,45.075016307893016
32.240,0,5.850624084472656,13.389585494995117,58.72964859008789,-64.58815002441406,-89.77863311767578,44.09984588623047,5.850624084472656,13.389585494995117,58.72964859008789,-64.58815002441406,-89.77863311767578,44.09984588623047,44.87932159165035
32.270,0,6.27891731262207,12.767156600952148,59.08966064453125,-64.24842071533203,-89.70498657226562,43.92070770263672,6.27891731262207,12.767156600952148,59.08966064453125,-64.24842071533203,-89.70498657226562,43.92070770263672,44.81409001956947
32.307,0,6.62104606628418,13.270296096801758,58.735145568847656,-64.50631713867188,-89.64137268066406,44.01461410522461,6.62104606628418,13.270296096801758,58.735145568847656,-64.50631713867188,-89.64137268066406,44.01461410522461,44.6836268754077
32.339,0,7.043228626251221,13.769617080688477,58.40129089355469,-64.82286071777344,-89.57164001464844,44.163490295410156,7.043228626251221,13.769617080688477,58.40129089355469,-64.82286071777344,-89.57164001464844,44.163490295410156,44.422700587084144
32.373,0,6.725135326385498,13.919107437133789,58.156715393066406,-64.7767333984375,-89.59794616699219,43.92448425292969,6.725135326385498,13.919107437133789,58.156715393066406,-64.7767333984375,-89.59794616699219,43.92448425292969,44.29223744292237
32.405,0,6.446042060852051,14.117074966430664,58.04486846923828,-64.9665756225586,-89.62421417236328,43.91411590576172,6.446042060852051,14.117074966430664,58.04486846923828,-64.9665756225586,-89.62421417236328,43.91411590576172,44.29223744292237
32.442,0,6.1540303230285645,14.107328414916992,58.02641296386719,-65.00128936767578,-89.66095733642578,43.83415222167969,6.1540303230285645,14.107328414916992,58.02641296386719,-65.00128936767578,-89.66095733642578,43.83415222167969,44.29223744292237
32.472,0,5.927578449249268,14.063436508178711,57.80165100097656,-64.82552337646484,-89.69020080566406,43.77604675292969,5.927578449249268,14.063436508178711,57.80165100097656,-64.82552337646484,-89.69020080566406,43.77604675292969,44.1617742987606
32.504,0,6.413208961486816,13.327272415161133,58.400978088378906,-64.56051635742188,-89.6712875366211,43.6242790222168,6.413208961486816,13.327272415161133,58.400978088378906,-64.56051635742188,-89.6712875366211,43.6242790222168,44.1617742987606
32.542,0,6.935561180114746,12.58643913269043,58.99665451049805,-64.3122787475586,-89.66120147705078,43.560367584228516,6.935561180114746,12.58643913269043,58.99665451049805,-64.3122787475586,-89.66120147705078,43.560367584228516,44.1617742987606
32.571,0,7.357697486877441,13.261968612670898,58.65085220336914,-64.72079467773438,-89.618408203125,43.54426574707031,7.357697486877441,13.261968612670898,58.65085220336914,-64.72079467773438,-89.618408203125,43.54426574707031,44.1617742987606
32.608,0,7.822756767272949,13.999521255493164,58.264183044433594,-65.21047973632812,-89.56021118164062,43.69810104370117,7.822756767272949,13.999521255493164,58.264183044433594,-65.21047973632812,-89.56021118164062,43.69810104370117,44.031311154598825
32.640,0,7.526541709899902,14.203371047973633,57.89774703979492,-65.07275390625,-89.5604476928711,43.453887939453125,7.526541709899902,14.203371047973633,57.89774703979492,-65.07275390625,-89.5604476928711,43.453887939453125,43.83561643835616
32.672,0,7.259424209594727,14.501333236694336,57.69792938232422,-65.24372100830078,-89.60145568847656,43.46556854248047,7.259424209594727,14.501333236694336,57.69792938232422,-65.24372100830078,-89.60145568847656,43.46556854248047,43.83561643835616
32.709,0,6.933623313903809,14.696794509887695,57.49622344970703,-65.29641723632812,-89.6414566040039,43.42802429199219,6.933623313903809,14.696794509887695,57.49622344970703,-65.29641723632812,-89.6414566040039,43.42802429199219,43.83561643835616
32.740,0,6.6745686531066895,14.428552627563477,57.519256591796875,-64.918212890625,-89.60014343261719,43.335540771484375,6.6745686531066895,14.428552627563477,57.519256591796875,-64.918212890625,-89.60014343261719,43.335540771484375,43.77038486627527
32.776,0,7.100821018218994,13.602884292602539,58.12437057495117,-64.4927978515625,-89.5843734741211,43.14148712158203,7.100821018218994,13.602884292602539,58.12437057495117,-64.4927978515625,-89.5843734741211,43.14148712158203,43.77038486627527
32.808,0,7.523007392883301,12.925596237182617,58.68137741088867,-64.21617889404297,-89.58232116699219,43.1050910949707,7.523007392883301,12.925596237182617,58.68137741088867,-64.21617889404297,-89.58232116699219,43.1050910949707,43.77038486627527
32.843,0,7.571582794189453,13.632959365844727,58.194156646728516,-64.57624816894531,-89.52955627441406,43.13374710083008,7.571582794189453,13.632959365844727,58.194156646728516,-64.57624816894531,-89.52955627441406,43.13374710083008,43.77038486627527
32.875,0,7.3643598556518555,13.311094284057617,58.229774475097656,-64.16142272949219,-89.49197387695312,43.04512023925781,7.3643598556518555,13.311094284057617,58.229774475097656,-64.16142272949219,-89.49197387695312,43.04512023925781,43.574690150032616
32.910,0,7.096598148345947,12.868291854858398,58.35697555541992,-63.66156005859375,-89.44757080078125,42.876731872558594,7.096598148345947,12.868291854858398,58.35697555541992,-63.66156005859375,-89.44757080078125,42.876731872558594,43.444227005870836
32.941,0,6.785685062408447,13.214536666870117,58.11177444458008,-63.8336181640625,-89.47877502441406,42.91750717163086,6.785685062408447,13.214536666870117,58.11177444458008,-63.8336181640625,-89.47877502441406,42.91750717163086,43.444227005870836
32.978,0,6.886949062347412,13.891355514526367,57.60737991333008,-64.12747192382812,-89.42530822753906,42.94308090209961,6.886949062347412,13.891355514526367,57.60737991333008,-64.12747192382812,-89.42530822753906,42.94308090209961,43.444227005870836
33.006,0,6.633064270019531,13.70793342590332,57.547733306884766,-63.75602722167969,-89.41561126708984,42.924713134765625,6.633064270019531,13.70793342590332,57.547733306884766,-63.75602722167969,-89.41561126708984,42.924713134765625,43.37899543378995
33.047,0,6.697701454162598,12.800115585327148,58.161991119384766,-63.273014068603516,-89.42451477050781,42.74554443359375,6.697701454162598,12.800115585327148,58.161991119384766,-63.273014068603516,-89.42451477050781,42.74554443359375,43.37899543378995
33.073,0,6.45361852645874,13.198850631713867,57.92449951171875,-63.51668167114258,-89.44634246826172,42.758785247802734,6.45361852645874,13.198850631713867,57.92449951171875,-63.51668167114258,-89.44634246826172,42.758785247802734,43.37899543378995
33.108,0,6.584957122802734,14.030580520629883,57.27281188964844,-63.89000701904297,-89.39025115966797,42.79902267456055,6.584957122802734,14.030580520629883,57.27281188964844,-63.89000701904297,-89.39025115966797,42.79902267456055,43.37899543378995
33.144,0,6.311771869659424,13.937944412231445,57.22809982299805,-63.64407730102539,-89.38776397705078,42.77867889404297,6.311771869659424,13.937944412231445,57.22809982299805,-63.64407730102539,-89.38776397705078,42.77867889404297,43.1180691454664
33.175,0,6.429889678955078,13.103967666625977,57.838531494140625,-63.2607421875,-89.40155029296875,42.596031188964844,6.429889678955078,13.103967666625977,57.838531494140625,-63.2607421875,-89.40155029296875,42.596031188964844,43.05283757338552
33.213,0,6.505620002746582,12.920614242553711,57.76193618774414,-62.97241973876953,-89.42184448242188,42.43918991088867,6.505620002746582,12.920614242553711,57.76193618774414,-62.97241973876953,-89.42184448242188,42.43918991088867,43.05283757338552
33.241,0,7.012144565582275,13.231744766235352,57.53642654418945,-63.105140686035156,-89.3563461303711,42.245933532714844,7.012144565582275,13.231744766235352,57.53642654418945,-63.105140686035156,-89.3563461303711,42.245933532714844,42.98760600130463
33.278,0,6.768592834472656,13.27916145324707,57.42797088623047,-62.94181442260742,-89.3587417602539,42.19109344482422,6.768592834472656,13.27916145324707,57.42797088623047,-62.94181442260742,-89.3587417602539,42.19109344482422,42.98760600130463
33.311,0,6.834511756896973,12.391000747680664,58.24259948730469,-62.667659759521484,-89.37339782714844,42.02811813354492,6.834511756896973,12.391000747680664,58.24259948730469,-62.667659759521484,-89.37339782714844,42.02811813354492,42.72667971298108
33.344,0,6.641395568847656,12.51557731628418,58.06047439575195,-62.71952819824219,-89.42051696777344,41.934730529785156,6.641395568847656,12.51557731628418,58.06047439575195,-62.71952819824219,-89.42051696777344,41.934730529785156,42.53098499673842
33.379,0,7.189108848571777,12.739744186401367,57.93560791015625,-62.834590911865234,-89.34680938720703,41.704444885253906,7.189108848571777,12.739744186401367,57.93560791015625,-62.834590911865234,-89.34680938720703,41.704444885253906,42.400521852576645
33.411,0,6.915066719055176,12.489477157592773,57.929931640625,-62.48346710205078,-89.36626434326172,41.4893684387207,6.915066719055176,12.489477157592773,57.929931640625,-62.48346710205078,-89.36626434326172,41.4893684387207,42.27005870841487
33.444,0,6.913149356842041,11.643938064575195,58.60984802246094,-62.10103988647461,-89.40494537353516,41.285240173339844,6.913149356842041,11.643938064575195,58.60984802246094,-62.10103988647461,-89.40494537353516,41.285240173339844,42.1395955642531
33.481,0,6.727993488311768,11.582025527954102,58.532501220703125,-61.97907257080078,-89.46695709228516,41.11600112915039,6.727993488311768,11.582025527954102,58.532501220703125,-61.97907257080078,-89.46695709228516,41.11600112915039,41.943900848010436
33.511,0,7.277034759521484,11.791692733764648,58.409698486328125,-62.11647033691406,-89.4093246459961,40.91133117675781,7.277034759521484,11.791692733764648,58.409698486328125,-62.11647033691406,-89.4093246459961,40.91133117675781,41.74820613176777
33.546,0,7.161075592041016,11.972314834594727,58.25981903076172,-62.04478454589844,-89.41505432128906,40.95885467529297,7.161075592041016,11.972314834594727,58.25981903076172,-62.04478454589844,-89.41505432128906,40.95885467529297,41.55251141552511
33.578,0,7.342289924621582,11.036821365356445,58.92945861816406,-61.56857681274414,-89.42229461669922,40.72297286987305,7.342289924621582,11.036821365356445,58.92945861816406,-61.56857681274414,-89.42229461669922,40.72297286987305,41.35681669928245
33.613,0,7.272479057312012,10.732412338256836,59.01276397705078,-61.27281188964844,-89.4625473022461,40.41106033325195,7.272479057312012,10.732412338256836,59.01276397705078,-61.27281188964844,-89.4625473022461,40.41106033325195,41.226353555120674
33.644,0,7.560863494873047,11.46278190612793,58.48505401611328,-61.581764221191406,-89.39408111572266,40.39616012573242,7.560863494873047,11.46278190612793,58.48505401611328,-61.581764221191406,-89.39408111572266,40.39616012573242,41.0958904109589
33.683,0,7.4171247482299805,11.657083511352539,58.337772369384766,-61.52106857299805,-89.40226745605469,40.435699462890625,7.4171247482299805,11.657083511352539,58.337772369384766,-61.52106857299805,-89.40226745605469,40.435699462890625,40.90019569471624
33.711,0,7.604764938354492,10.923246383666992,58.96712112426758,-61.26126480102539,-89.41194915771484,40.23879623413086,7.604764938354492,10.923246383666992,58.96712112426758,-61.26126480102539,-89.41194915771484,40.23879623413086,40.704500978473575
33.748,0,7.770086288452148,9.89277458190918,59.746097564697266,-60.75102233886719,-89.42374420166016,39.917686462402344,7.770086288452148,9.89277458190918,59.746097564697266,-60.75102233886719,-89.42374420166016,39.917686462402344,40.704500978473575
33.780,0,7.72312068939209,9.603971481323242,59.79633712768555,-60.44190979003906,-89.458740234375,39.62348175048828,7.72312068939209,9.603971481323242,59.79633712768555,-60.44190979003906,-89.458740234375,39.62348175048828,40.704500978473575
33.815,0,7.620987892150879,10.630151748657227,59.25248336791992,-61.108642578125,-89.42357635498047,39.68628692626953,7.620987892150879,10.630151748657227,59.25248336791992,-61.108642578125,-89.42357635498047,39.68628692626953,40.5740378343118
33.846,0,7.476606369018555,11.114164352416992,58.99278259277344,-61.298484802246094,-89.44071197509766,39.8184814453125,7.476606369018555,11.114164352416992,58.99278259277344,-61.298484802246094,-89.44071197509766,39.8184814453125,40.182648401826484
33.882,0,7.684965133666992,10.005910873413086,59.84282302856445,-60.766929626464844,-89.44851684570312,39.437828063964844,7.684965133666992,10.005910873413086,59.84282302856445,-60.766929626464844,-89.44851684570312,39.437828063964844,40.05218525766471
33.913,0,7.343544960021973,9.797491073608398,59.878299713134766,-60.55414581298828,-89.51801300048828,39.20404052734375,7.343544960021973,9.797491073608398,59.878299713134766,-60.55414581298828,-89.51801300048828,39.20404052734375,39.98695368558382
33.948,0,7.234360694885254,10.771326065063477,59.4129524230957,-61.24861526489258,-89.48377990722656,39.256919860839844,7.234360694885254,10.771326065063477,59.4129524230957,-61.24861526489258,-89.48377990722656,39.256919860839844,39.92172211350293
33.980,0,7.118731498718262,10.898920059204102,59.35215759277344,-61.27953338623047,-89.49989318847656,39.27043151855469,7.118731498718262,10.898920059204102,59.35215759277344,-61.27953338623047,-89.49989318847656,39.27043151855469,39.660795825179385
34.015,0,7.288562774658203,9.835554122924805,60.17765808105469,-60.80235290527344,-89.5126953125,38.96685028076172,7.288562774658203,9.835554122924805,60.17765808105469,-60.80235290527344,-89.5126953125,38.96685028076172,39.595564253098495
34.047,0,6.966129302978516,9.626096725463867,60.15501022338867,-60.532623291015625,-89.56755828857422,38.746131896972656,6.966129302978516,9.626096725463867,60.15501022338867,-60.532623291015625,-89.56755828857422,38.746131896972656,39.595564253098495
34.080,0,7.017940521240234,10.542776107788086,59.70793151855469,-61.20093536376953,-89.51759338378906,38.84253692626953,7.017940521240234,10.542776107788086,59.70793151855469,-61.20093536376953,-89.51759338378906,38.84253692626953,39.46510110893672
34.114,0,6.733432769775391,10.490625381469727,59.657840728759766,-61.03527069091797,-89.5556869506836,38.82286071777344,6.733432769775391,10.490625381469727,59.657840728759766,-61.03527069091797,-89.5556869506836,38.82286071777344,39.204174820613176
34.150,0,6.861879825592041,9.45930290222168,60.477264404296875,-60.57647705078125,-89.5733642578125,38.59074020385742,6.861879825592041,9.45930290222168,60.477264404296875,-60.57647705078125,-89.5733642578125,38.59074020385742,39.0737116764514
34.181,0,6.480144023895264,9.116838455200195,60.62787628173828,-60.24496078491211,-89.6480484008789,38.34553527832031,6.480144023895264,9.116838455200195,60.62787628173828,-60.24496078491211,-89.6480484008789,38.34553527832031,39.0737116764514
34.216,0,6.434288501739502,10.065362930297852,60.12359619140625,-60.8822021484375,-89.59883880615234,38.42392349243164,6.434288501739502,10.065362930297852,60.12359619140625,-60.8822021484375,-89.59883880615234,38.42392349243164,39.0737116764514
34.248,0,6.057038307189941,9.871316909790039,60.242637634277344,-60.67090606689453,-89.62464141845703,38.38594436645508,6.057038307189941,9.871316909790039,60.242637634277344,-60.67090606689453,-89.62464141845703,38.38594436645508,38.81278538812785
34.283,0,6.713343143463135,8.941038131713867,60.73487091064453,-60.087379455566406,-89.58349609375,38.20575714111328,6.713343143463135,8.941038131713867,60.73487091064453,-60.087379455566406,-89.58349609375,38.20575714111328,38.68232224396608
34.316,0,6.350800037384033,8.51658821105957,60.944549560546875,-59.758209228515625,-89.68203735351562,37.94002914428711,6.350800037384033,8.51658821105957,60.944549560546875,-59.758209228515625,-89.68203735351562,37.94002914428711,38.68232224396608
34.349,0,6.195642948150635,9.575376510620117,60.43009948730469,-60.460201263427734,-89.63985443115234,38.16156768798828,6.195642948150635,9.575376510620117,60.43009948730469,-60.460201263427734,-89.63985443115234,38.16156768798828,38.68232224396608
34.383,0,5.806919574737549,9.441869735717773,60.53725814819336,-60.311737060546875,-89.6673583984375,38.17537307739258,5.806919574737549,9.441869735717773,60.53725814819336,-60.311737060546875,-89.6673583984375,38.17537307739258,38.42139595564253
34.417,0,6.437100410461426,8.445035934448242,61.19874572753906,-59.86444854736328,-89.62178039550781,38.0204963684082,6.437100410461426,8.445035934448242,61.19874572753906,-59.86444854736328,-89.62178039550781,38.0204963684082,38.29093281148076
34.449,0,6.0037713050842285,8.747995376586914,60.902950286865234,-59.92864227294922,-89.6750259399414,38.064735412597656,6.0037713050842285,8.747995376586914,60.902950286865234,-59.92864227294922,-89.6750259399414,38.064735412597656,38.29093281148076
34.484,0,5.796588897705078,9.873346328735352,60.26511001586914,-60.60890579223633,-89.62477111816406,38.28120422363281,5.796588897705078,9.873346328735352,60.26511001586914,-60.60890579223633,-89.62477111816406,38.28120422363281,38.29093281148076
34.517,0,5.382304668426514,9.474813461303711,60.46818542480469,-60.255882263183594,-89.68730926513672,38.170082092285156,5.382304668426514,9.474813461303711,60.46818542480469,-60.255882263183594,-89.68730926513672,38.170082092285156,38.29093281148076
34.550,0,5.504413604736328,8.626134872436523,60.971458435058594,-59.765953063964844,-89.7064208984375,37.993812561035156,5.504413604736328,8.626134872436523,60.971458435058594,-59.765953063964844,-89.7064208984375,37.993812561035156,38.29093281148076
34.583,0,5.179670810699463,8.912302017211914,60.63493728637695,-59.79424285888672,-89.76612091064453,37.977935791015625,5.179670810699463,8.912302017211914,60.63493728637695,-59.79424285888672,-89.76612091064453,37.977935791015625,38.29093281148076
34.617,0,5.65528678894043,10.116392135620117,59.964088439941406,-60.549652099609375,-89.7017593383789,38.24098205566406,5.65528678894043,10.116392135620117,59.964088439941406,-60.549652099609375,-89.7017593383789,38.24098205566406,38.29093281148076
34.652,0,5.174461841583252,9.938295364379883,60.015281677246094,-60.29438018798828,-89.76142120361328,38.212066650390625,5.174461841583252,9.938295364379883,60.015281677246094,-60.29438018798828,-89.76142120361328,38.212066650390625,38.29093281148076
34.684,0,5.280765056610107,9.154573440551758,60.50677490234375,-59.81988525390625,-89.7823486328125,38.01271057128906,5.280765056610107,9.154573440551758,60.50677490234375,-59.81988525390625,-89.7823486328125,38.01271057128906,38.29093281148076
34.718,0,4.982815265655518,9.784078598022461,59.9755973815918,-60.05707931518555,-89.85427856445312,38.06549072265625,4.982815265655518,9.784078598022461,59.9755973815918,-60.05707931518555,-89.85427856445312,38.06549072265625,38.29093281148076
34.757,0,5.533407211303711,10.951509475708008,59.317047119140625,-60.748268127441406,-89.77883911132812,38.40177536010742,5.533407211303711,10.951509475708008,59.317047119140625,-60.748268127441406,-89.77883911132812,38.40177536010742,38.29093281148076
34.782,0,5.031092166900635,10.734251022338867,59.34525680541992,-60.410919189453125,-89.83366394042969,38.28581237792969,5.031092166900635,10.734251022338867,59.34525680541992,-60.410919189453125,-89.83366394042969,38.28581237792969,38.29093281148076
34.817,0,5.566784858703613,9.94056510925293,59.916481018066406,-60.126434326171875,-89.82711029052734,38.17481994628906,5.566784858703613,9.94056510925293,59.916481018066406,-60.126434326171875,-89.82711029052734,38.17481994628906,38.29093281148076
34.853,0,5.230609893798828,11.063299179077148,59.203163146972656,-60.73282241821289,-89.87397003173828,38.34140396118164,5.230609893798828,11.063299179077148,59.203163146972656,-60.73282241821289,-89.87397003173828,38.34140396118164,38.29093281148076
34.884,0,4.956092357635498,12.204103469848633,58.518489837646484,-61.39161682128906,-89.8346176147461,38.52546691894531,4.956092357635498,12.204103469848633,58.518489837646484,-61.39161682128906,-89.8346176147461,38.52546691894531,38.22570123939987
34.916,0,4.640827178955078,13.239194869995117,57.89461898803711,-61.98581314086914,-89.80587768554688,38.54252624511719,4.640827178955078,13.239194869995117,57.89461898803711,-61.98581314086914,-89.80587768554688,38.54252624511719,38.22570123939987
34.955,0,5.052903652191162,13.053293228149414,57.898399353027344,-61.8278923034668,-89.76494598388672,38.63767623901367,5.052903652191162,13.053293228149414,57.898399353027344,-61.8278923034668,-89.76494598388672,38.63767623901367,38.22570123939987
34.984,0,5.246963977813721,12.387990951538086,58.27225875854492,-61.44639587402344,-89.76858520507812,38.535213470458984,5.246963977813721,12.387990951538086,58.27225875854492,-61.44639587402344,-89.76858520507812,38.535213470458984,38.22570123939987
35.020,0,4.928898811340332,13.489843368530273,57.514705657958984,-62.01966857910156,-89.80597686767578,38.81671905517578,4.928898811340332,13.489843368530273,57.514705657958984,-62.01966857910156,-89.80597686767578,38.81671905517578,38.22570123939987
35.052,0,4.641350269317627,14.680334091186523,56.818450927734375,-62.67201614379883,-89.77001953125,38.89575958251953,4.641350269317627,14.680334091186523,56.818450927734375,-62.67201614379883,-89.77001953125,38.89575958251953,38.22570123939987
35.084,0,4.781088352203369,14.528932571411133,56.690345764160156,-62.4381217956543,-89.79082489013672,38.937843322753906,4.781088352203369,14.528932571411133,56.690345764160156,-62.4381217956543,-89.79082489013672,38.937843322753906,38.22570123939987
35.121,0,5.4481201171875,13.788568496704102,57.232383728027344,-62.17405700683594,-89.73540496826172,39.000511169433594,5.4481201171875,13.788568496704102,57.232383728027344,-62.17405700683594,-89.73540496826172,39.000511169433594,38.42139595564253
35.150,0,5.139357089996338,13.617128372192383,57.2293701171875,-62.000640869140625,-89.8243179321289,38.807777404785156,5.139357089996338,13.617128372192383,57.2293701171875,-62.000640869140625,-89.8243179321289,38.807777404785156,38.551859099804304
35.188,0,4.8228864669799805,14.675065994262695,56.54936981201172,-62.506710052490234,-89.78650665283203,38.82910919189453,4.8228864669799805,14.675065994262695,56.54936981201172,-62.506710052490234,-89.78650665283203,38.82910919189453,38.551859099804304
35.219,0,4.518070220947266,14.837419509887695,56.30582809448242,-62.44611358642578,-89.7965087890625,38.897071838378906,4.518070220947266,14.837419509887695,56.30582809448242,-62.44611358642578,-89.7965087890625,38.897071838378906,38.551859099804304
35.256,0,5.178218841552734,14.129281997680664,56.82047653198242,-62.18684768676758,-89.74622344970703,38.918827056884766,5.178218841552734,14.129281997680664,56.82047653198242,-62.18684768676758,-89.74622344970703,38.918827056884766,38.551859099804304
35.284,0,4.847196102142334,14.047616958618164,56.66669464111328,-61.97081756591797,-89.82763671875,38.68791961669922,4.847196102142334,14.047616958618164,56.66669464111328,-61.97081756591797,-89.82763671875,38.68791961669922,38.551859099804304
35.323,0,5.041993618011475,14.841699600219727,56.120704650878906,-62.39805221557617,-89.75358581542969,38.80998611450195,5.041993618011475,14.841699600219727,56.120704650878906,-62.39805221557617,-89.75358581542969,38.80998611450195,38.551859099804304
35.352,0,4.922722816467285,15.698724746704102,55.633338928222656,-62.90681457519531,-89.7022933959961,39.10685729980469,4.922722816467285,15.698724746704102,55.633338928222656,-62.90681457519531,-89.7022933959961,39.10685729980469,38.551859099804304
35.389,0,5.218212604522705,14.98796272277832,56.07774353027344,-62.526180267333984,-89.67971801757812,38.96281814575195,5.218212604522705,14.98796272277832,56.07774353027344,-62.526180267333984,-89.67971801757812,38.96281814575195,38.551859099804304
35.420,0,4.758716106414795,14.99595832824707,55.84315490722656,-62.2977180480957,-89.73887634277344,38.92277526855469,4.758716106414795,14.99595832824707,55.84315490722656,-62.2977180480957,-89.73887634277344,38.92277526855469,38.551859099804304
35.454,0,4.968079090118408,16.07130241394043,55.248870849609375,-62.953094482421875,-89.62971496582031,39.15439987182617,4.968079090118408,16.07130241394043,55.248870849609375,-62.953094482421875,-89.62971496582031,39.15439987182617,38.68232224396608
35.489,0,4.94588041305542,16.746183395385742,54.772613525390625,-63.22328186035156,-89.5838623046875,39.39063262939453,4.94588041305542,16.746183395385742,54.772613525390625,-63.22328186035156,-89.5838623046875,39.39063262939453,38.68232224396608
35.521,0,5.313160419464111,16.1921329498291,55.12066650390625,-62.95913314819336,-89.54753875732422,39.25766372680664,5.313160419464111,16.1921329498291,55.12066650390625,-62.95913314819336,-89.54753875732422,39.25766372680664,38.68232224396608
35.555,0,4.930149555206299,16.30059242248535,54.91584777832031,-62.886131286621094,-89.59139251708984,39.27033996582031,4.930149555206299,16.30059242248535,54.91584777832031,-62.886131286621094,-89.59139251708984,39.27033996582031,38.87801696020874
35.587,0,5.395798206329346,17.04557991027832,54.41542053222656,-63.30018997192383,-89.5260238647461,39.439117431640625,5.395798206329346,17.04557991027832,54.41542053222656,-63.30018997192383,-89.5260238647461,39.439117431640625,38.94324853228962
35.623,0,5.041810989379883,17.407194137573242,54.077110290527344,-63.3284912109375,-89.55255126953125,39.51567840576172,5.041810989379883,17.407194137573242,54.077110290527344,-63.3284912109375,-89.55255126953125,39.51567840576172,39.0737116764514
35.653,0,5.2964348793029785,16.85465431213379,54.408973693847656,-63.041873931884766,-89.53204345703125,39.35397720336914,5.2964348793029785,16.85465431213379,54.408973693847656,-63.041873931884766,-89.53204345703125,39.35397720336914,39.0737116764514
35.690,0,5.008087158203125,16.6899471282959,54.388427734375,-62.848140716552734,-89.59493255615234,39.336483001708984,5.008087158203125,16.6899471282959,54.388427734375,-62.848140716552734,-89.59493255615234,39.336483001708984,39.138943248532286
35.721,0,4.6520867347717285,17.00670051574707,54.178401947021484,-63.032867431640625,-89.62842559814453,39.30418395996094,4.6520867347717285,17.00670051574707,54.178401947021484,-63.032867431640625,-89.62842559814453,39.30418395996094,39.138943248532286
35.757,0,4.908310413360596,17.02067756652832,53.99195861816406,-62.95332336425781,-89.60967254638672,39.34571838378906,4.908310413360596,17.02067756652832,53.99195861816406,-62.95332336425781,-89.60967254638672,39.34571838378906,39.138943248532286
35.787,0,5.546217918395996,16.406888961791992,54.50001525878906,-62.818111419677734,-89.57160949707031,39.21939468383789,5.546217918395996,16.406888961791992,54.50001525878906,-62.818111419677734,-89.57160949707031,39.21939468383789,39.138943248532286
35.822,0,5.320586204528809,16.134580612182617,54.555946350097656,-62.59001922607422,-89.62362670898438,39.07434844970703,5.320586204528809,16.134580612182617,54.555946350097656,-62.59001922607422,-89.62362670898438,39.07434844970703,39.138943248532286
35.858,0,5.0072150230407715,16.784425735473633,54.14499282836914,-62.95121765136719,-89.64877319335938,39.06924057006836,5.0072150230407715,16.784425735473633,54.14499282836914,-62.95121765136719,-89.64877319335938,39.06924057006836,39.138943248532286
35.889,0,5.5164642333984375,16.5156192779541,54.06708526611328,-62.68697738647461,-89.6204605102539,39.02914047241211,5.5164642333984375,16.5156192779541,54.06708526611328,-62.68697738647461,-89.6204605102539,39.02914047241211,39.138943248532286
35.923,0,6.292644023895264,15.946065902709961,54.47764205932617,-62.48944091796875,-89.56221008300781,38.811920166015625,6.292644023895264,15.946065902709961,54.47764205932617,-62.48944091796875,-89.56221008300781,38.811920166015625,39.138943248532286
35.958,0,6.0925726890563965,15.648401260375977,54.60799026489258,-62.27398681640625,-89.62007141113281,38.664527893066406,6.0925726890563965,15.648401260375977,54.60799026489258,-62.27398681640625,-89.62007141113281,38.664527893066406,39.138943248532286
35.989,0,5.817796230316162,16.07481575012207,54.25796890258789,-62.42013931274414,-89.63204956054688,38.61029052734375,5.817796230316162,16.07481575012207,54.25796890258789,-62.42013931274414,-89.63204956054688,38.61029052734375,39.138943248532286
36.023,0,5.556532382965088,15.725358963012695,54.483314514160156,-62.24031448364258,-89.71833038330078,38.45766830444336,5.556532382965088,15.725358963012695,54.483314514160156,-62.24031448364258,-89.71833038330078,38.45766830444336,39.0737116764514
36.056,0,6.214347839355469,15.133291244506836,54.86840057373047,-61.994930267333984,-89.63874053955078,38.365577697753906,6.214347839355469,15.133291244506836,54.86840057373047,-61.994930267333984,-89.63874053955078,38.365577697753906,38.94324853228962
36.088,0,5.962356090545654,14.81428337097168,54.9714241027832,-61.71958541870117,-89.71160888671875,38.231964111328125,5.962356090545654,14.81428337097168,54.9714241027832,-61.71958541870117,-89.71160888671875,38.231964111328125,38.81278538812785
36.123,0,5.7056565284729,15.063474655151367,54.78825378417969,-61.8042106628418,-89.73625183105469,38.17377471923828,5.7056565284729,15.063474655151367,54.78825378417969,-61.8042106628418,-89.73625183105469,38.17377471923828,38.68232224396608
36.156,0,5.444711208343506,14.604326248168945,55.096405029296875,-61.55807876586914,-89.81839752197266,38.05840301513672,5.444711208343506,14.604326248168945,55.096405029296875,-61.55807876586914,-89.81839752197266,38.05840301513672,38.617090671885194
36.193,0,5.512823581695557,13.92829704284668,55.551761627197266,-61.215476989746094,-89.81580352783203,38.064640045166016,5.512823581695557,13.92829704284668,55.551761627197266,-61.215476989746094,-89.81580352783203,38.064640045166016,38.617090671885194
36.223,0,5.896136283874512,14.323495864868164,55.185089111328125,-61.43534851074219,-89.7694091796875,38.34588623046875,5.896136283874512,14.323495864868164,55.185089111328125,-61.43534851074219,-89.7694091796875,38.34588623046875,38.617090671885194
36.259,0,6.657018184661865,15.023149490356445,54.584571838378906,-61.65910720825195,-89.6949462890625,38.54193115234375,6.657018184661865,15.023149490356445,54.584571838378906,-61.65910720825195,-89.6949462890625,38.54193115234375,38.551859099804304
36.292,0,6.348935604095459,14.619668960571289,54.80619430541992,-61.38418960571289,-89.75382995605469,38.45875549316406,6.348935604095459,14.619668960571289,54.80619430541992,-61.38418960571289,-89.75382995605469,38.45875549316406,38.486627527723414
36.324,0,6.487312316894531,13.962469100952148,55.277244567871094,-61.0903434753418,-89.74188232421875,38.50253677368164,6.487312316894531,13.962469100952148,55.277244567871094,-61.0903434753418,-89.74188232421875,38.50253677368164,38.486627527723414
36.368,0,6.9885993003845215,14.071619033813477,55.09393310546875,-61.133522033691406,-89.68328857421875,38.67169189453125,6.9885993003845215,14.071619033813477,55.09393310546875,-61.133522033691406,-89.68328857421875,38.67169189453125,38.486627527723414
36.395,0,6.79419469833374,14.664129257202148,54.74586486816406,-61.43044662475586,-89.66472625732422,38.7445068359375,6.79419469833374,14.664129257202148,54.74586486816406,-61.43044662475586,-89.66472625732422,38.7445068359375,38.486627527723414
36.424,0,6.478491306304932,14.263021469116211,55.052734375,-61.25253677368164,-89.72298431396484,38.71137237548828,6.478491306304932,14.263021469116211,55.052734375,-61.25253677368164,-89.72298431396484,38.71137237548828,38.486627527723414
36.460,0,7.262901306152344,13.583784103393555,55.479957580566406,-60.927364349365234,-89.62775421142578,38.66535186767578,7.262901306152344,13.583784103393555,55.479957580566406,-60.927364349365234,-89.62775421142578,38.66535186767578,38.486627527723414
36.492,0,7.885693550109863,13.494405746459961,55.49962615966797,-60.93672561645508,-89.54559326171875,38.77425003051758,7.885693550109863,13.494405746459961,55.49962615966797,-60.93672561645508,-89.54559326171875,38.77425003051758,38.486627527723414
36.525,0,7.6954450607299805,14.045915603637695,55.151153564453125,-61.164180755615234,-89.51530456542969,38.79649353027344,7.6954450607299805,14.045915603637695,55.151153564453125,-61.164180755615234,-89.51530456542969,38.79649353027344,38.42139595564253
36.559,0,7.417645454406738,13.669561386108398,55.394264221191406,-60.94636917114258,-89.5577163696289,38.74152374267578,7.417645454406738,13.669561386108398,55.394264221191406,-60.94636917114258,-89.5577163696289,38.74152374267578,38.42139595564253
36.597,0,8.236313819885254,12.956144332885742,55.87938690185547,-60.62921142578125,-89.45793151855469,38.581974029541016,8.236313819885254,12.956144332885742,55.87938690185547,-60.62921142578125,-89.45793151855469,38.581974029541016,38.42139595564253
36.628,0,8.450944900512695,13.069536209106445,55.7733154296875,-60.760955810546875,-89.41156005859375,38.65791320800781,8.450944900512695,13.069536209106445,55.7733154296875,-60.760955810546875,-89.41156005859375,38.65791320800781,38.42139595564253
36.663,0,8.242705345153809,13.621309280395508,55.457130432128906,-61.04231262207031,-89.3769760131836,38.72135543823242,8.242705345153809,13.621309280395508,55.457130432128906,-61.04231262207031,-89.3769760131836,38.72135543823242,38.42139595564253
36.695,0,7.971750259399414,13.158426284790039,55.753868103027344,-60.788917541503906,-89.42350006103516,38.593505859375,7.971750259399414,13.158426284790039,55.753868103027344,-60.788917541503906,-89.42350006103516,38.593505859375,38.42139595564253
36.730,0,7.91279411315918,12.242067337036133,56.618690490722656,-60.51170349121094,-89.49542999267578,38.3096923828125,7.91279411315918,12.242067337036133,56.618690490722656,-60.51170349121094,-89.49542999267578,38.3096923828125,38.42139595564253
36.761,0,8.117106437683105,12.51225471496582,56.46263122558594,-60.77747344970703,-89.43205261230469,38.378761291503906,8.117106437683105,12.51225471496582,56.46263122558594,-60.77747344970703,-89.43205261230469,38.378761291503906,38.42139595564253
36.797,0,7.904467582702637,13.055017471313477,56.18886947631836,-61.106849670410156,-89.38591766357422,38.39307403564453,7.904467582702637,13.055017471313477,56.18886947631836,-61.106849670410156,-89.38591766357422,38.39307403564453,38.42139595564253
36.827,0,7.658341407775879,12.52088737487793,56.522987365722656,-60.80308532714844,-89.43215942382812,38.21103286743164,7.658341407775879,12.52088737487793,56.522987365722656,-60.80308532714844,-89.43215942382812,38.21103286743164,38.42139595564253
36.865,0,7.560846328735352,11.666845321655273,57.22773742675781,-60.45709228515625,-89.49691772460938,37.95909881591797,7.560846328735352,11.666845321655273,57.22773742675781,-60.45709228515625,-89.49691772460938,37.95909881591797,38.42139595564253
36.894,0,7.471138000488281,11.332368850708008,57.271209716796875,-60.17692184448242,-89.49324035644531,37.963836669921875,7.471138000488281,11.332368850708008,57.271209716796875,-60.17692184448242,-89.49324035644531,37.963836669921875,38.42139595564253
36.931,0,7.212101936340332,11.939783096313477,56.93817138671875,-60.54811096191406,-89.4746322631836,37.9778938293457,7.212101936340332,11.939783096313477,56.93817138671875,-60.54811096191406,-89.4746322631836,37.9778938293457,38.42139595564253
36.961,0,6.916996955871582,11.376203536987305,57.23069763183594,-60.17424011230469,-89.54255676269531,37.7961540222168,6.916996955871582,11.376203536987305,57.23069763183594,-60.17424011230469,-89.54255676269531,37.7961540222168,38.35616438356164
36.998,0,6.808533191680908,10.51081657409668,57.9599494934082,-59.8341064453125,-89.61080932617188,37.516578674316406,6.808533191680908,10.51081657409668,57.9599494934082,-59.8341064453125,-89.61080932617188,37.516578674316406,38.29093281148076
37.029,0,6.559835910797119,9.954916000366211,58.09822463989258,-59.380523681640625,-89.68045806884766,37.296539306640625,6.559835910797119,9.954916000366211,58.09822463989258,-59.380523681640625,-89.68045806884766,37.296539306640625,38.22570123939987
37.064,0,6.294515609741211,10.49085807800293,57.77650451660156,-59.648101806640625,-89.66789245605469,37.285160064697266,6.294515609741211,10.49085807800293,57.77650451660156,-59.648101806640625,-89.66789245605469,37.285160064697266,38.030006523157205
37.095,0,5.935137748718262,9.898736953735352,58.06509017944336,-59.24793243408203,-89.73135375976562,37.10904312133789,5.935137748718262,9.898736953735352,58.06509017944336,-59.24793243408203,-89.73135375976562,37.10904312133789,37.76908023483366
37.131,0,5.848347187042236,8.91746711730957,58.886329650878906,-58.87449645996094,-89.80182647705078,36.820640563964844,5.848347187042236,8.91746711730957,58.886329650878906,-58.87449645996094,-89.80182647705078,36.820640563964844,37.638617090671886
37.163,0,5.541706562042236,8.39610481262207,59.01980972290039,-58.42194366455078,-89.87942504882812,36.57887268066406,5.541706562042236,8.39610481262207,59.01980972290039,-58.42194366455078,-89.87942504882812,36.57887268066406,37.573385518590996
37.199,0,5.237836837768555,9.063142776489258,58.673606872558594,-58.811195373535156,-89.86359405517578,36.572052001953125,5.237836837768555,9.063142776489258,58.673606872558594,-58.811195373535156,-89.86359405517578,36.572052001953125,37.37769080234833
37.230,0,4.863234519958496,8.412736892700195,59.04114532470703,-58.40069580078125,-89.9180679321289,36.357948303222656,4.863234519958496,8.412736892700195,59.04114532470703,-58.40069580078125,-89.9180679321289,36.357948303222656,36.986301369863014
37.267,0,5.043181896209717,7.418706893920898,59.818641662597656,-58.00904846191406,-89.93803405761719,36.07716369628906,5.043181896209717,7.418706893920898,59.818641662597656,-58.00904846191406,-89.93803405761719,36.07716369628906,36.921069797782124
37.297,0,4.661916255950928,6.88099479675293,59.981231689453125,-57.555519104003906,-90.01209259033203,35.871463775634766,4.661916255950928,6.88099479675293,59.981231689453125,-57.555519104003906,-90.01209259033203,35.871463775634766,36.72537508153946
37.334,0,4.382912635803223,7.406610488891602,59.66720199584961,-57.81917953491211,-89.97319030761719,35.80361557006836,4.382912635803223,7.406610488891602,59.66720199584961,-57.81917953491211,-89.97319030761719,35.80361557006836,36.5296803652968
37.363,0,3.983586311340332,6.763860702514648,60.0507926940918,-57.428306579589844,-90.03610229492188,35.64122009277344,3.983586311340332,6.763860702514648,60.0507926940918,-57.428306579589844,-90.03610229492188,35.64122009277344,36.26875407697325
37.400,0,4.16765832901001,5.695894241333008,60.794464111328125,-56.9197998046875,-90.03291320800781,35.36627197265625,4.16765832901001,5.695894241333008,60.794464111328125,-56.9197998046875,-90.03291320800781,35.36627197265625,36.13829093281148
37.442,0,3.9662766456604004,5.610845565795898,60.67389678955078,-56.720211029052734,-90.07005310058594,35.318092346191406,3.9662766456604004,5.610845565795898,60.67389678955078,-56.720211029052734,-90.07005310058594,35.318092346191406,36.007827788649706
37.466,0,3.614896297454834,6.290765762329102,60.30691909790039,-57.100616455078125,-90.05502319335938,35.274871826171875,3.614896297454834,6.290765762329102,60.30691909790039,-57.100616455078125,-90.05502319335938,35.274871826171875,35.81213307240704
37.499,0,3.218625545501709,5.501340866088867,60.77497863769531,-56.657859802246094,-90.12836456298828,35.03179168701172,3.218625545501709,5.501340866088867,60.77497863769531,-56.657859802246094,-90.12836456298828,35.03179168701172,35.5512067840835
37.536,0,3.457596778869629,4.495691299438477,61.411231994628906,-56.09295654296875,-90.14187622070312,34.67935562133789,3.457596778869629,4.495691299438477,61.411231994628906,-56.09295654296875,-90.14187622070312,34.67935562133789,35.5512067840835
37.575,0,3.767591953277588,4.924196243286133,61.093082427978516,-56.38146209716797,-90.1109619140625,34.83531951904297,3.767591953277588,4.924196243286133,61.093082427978516,-56.38146209716797,-90.1109619140625,34.83531951904297,35.5512067840835
37.599,0,3.3889994621276855,5.718755722045898,60.63823699951172,-56.79029846191406,-90.09320068359375,34.88019943237305,3.3889994621276855,5.718755722045898,60.63823699951172,-56.79029846191406,-90.09320068359375,34.88019943237305,35.290280495759944
37.641,0,2.9631457328796387,4.934873580932617,61.1142692565918,-56.347782135009766,-90.1737289428711,34.52773666381836,2.9631457328796387,4.934873580932617,61.1142692565918,-56.347782135009766,-90.1737289428711,34.52773666381836,35.15981735159817
37.668,0,3.118068218231201,3.817983627319336,61.954647064208984,-55.861045837402344,-90.19151306152344,34.26376724243164,3.118068218231201,3.817983627319336,61.954647064208984,-55.861045837402344,-90.19151306152344,34.26376724243164,35.09458577951728
37.710,0,3.5517821311950684,3.900083541870117,61.76444625854492,-55.90239715576172,-90.12012481689453,34.24888610839844,3.5517821311950684,3.900083541870117,61.76444625854492,-55.90239715576172,-90.12012481689453,34.24888610839844,34.96412263535551
37.735,0,3.180173873901367,4.55314826965332,61.34777069091797,-56.1588249206543,-90.11250305175781,34.32326889038086,3.180173873901367,4.55314826965332,61.34777069091797,-56.1588249206543,-90.11250305175781,34.32326889038086,34.768427919112845
37.769,0,3.6223855018615723,3.952329635620117,61.602603912353516,-55.78036117553711,-90.02125549316406,34.0013313293457,3.6223855018615723,3.952329635620117,61.602603912353516,-55.78036117553711,-90.02125549316406,34.0013313293457,34.57273320287019
37.806,0,3.2630491256713867,2.8654651641845703,62.333709716796875,-55.16057586669922,-90.06815338134766,33.7978401184082,3.2630491256713867,2.8654651641845703,62.333709716796875,-55.16057586669922,-90.06815338134766,33.7978401184082,34.57273320287019
37.834,0,3.2923150062561035,3.1183719635009766,62.14263916015625,-55.35175323486328,-90.07244873046875,33.852630615234375,3.2923150062561035,3.1183719635009766,62.14263916015625,-55.35175323486328,-90.07244873046875,33.852630615234375,34.57273320287019
37.872,0,2.903524398803711,3.660982131958008,61.83145523071289,-55.59672164916992,-90.06816864013672,33.867897033691406,2.903524398803711,3.660982131958008,61.83145523071289,-55.59672164916992,-90.06816864013672,33.867897033691406,34.31180691454664
37.904,0,2.976210117340088,3.5059146881103516,61.84043884277344,-55.46025848388672,-90.05741882324219,33.68950271606445,2.976210117340088,3.5059146881103516,61.84043884277344,-55.46025848388672,-90.05741882324219,33.68950271606445,34.18134377038486
37.938,0,3.6785364151000977,2.3666133880615234,62.548728942871094,-54.88316345214844,-90.00875854492188,33.45197296142578,3.6785364151000977,2.3666133880615234,62.548728942871094,-54.88316345214844,-90.00875854492188,33.45197296142578,34.11611219830398
37.970,0,3.2866387367248535,2.454263687133789,62.44330978393555,-54.836151123046875,-90.0373306274414,33.37266159057617,3.2866387367248535,2.454263687133789,62.44330978393555,-54.836151123046875,-90.0373306274414,33.37266159057617,34.05088062622309
38.004,0,2.9303908348083496,2.661386489868164,62.29247283935547,-54.83816909790039,-90.03437805175781,33.24578857421875,2.9303908348083496,2.661386489868164,62.29247283935547,-54.83816909790039,-90.03437805175781,33.24578857421875,33.85518590998043
38.040,0,3.1479668617248535,2.5665035247802734,62.27066421508789,-54.75127029418945,-90.0261001586914,33.13157653808594,3.1479668617248535,2.5665035247802734,62.27066421508789,-54.75127029418945,-90.0261001586914,33.13157653808594,33.724722765818655
38.075,0,3.0685982704162598,1.3505668640136719,63.01692199707031,-54.08531951904297,-90.07903289794922,32.92157745361328,3.0685982704162598,1.3505668640136719,63.01692199707031,-54.08531951904297,-90.07903289794922,32.92157745361328,33.52902804957599
38.106,0,2.817166805267334,0.9756488800048828,63.11822509765625,-53.7553596496582,-90.14849853515625,32.62928009033203,2.817166805267334,0.9756488800048828,63.11822509765625,-53.7553596496582,-90.14849853515625,32.62928009033203,33.39856490541422
38.135,0,2.3940906524658203,1.3067169189453125,62.86518096923828,-53.837955474853516,-90.1421890258789,32.55971908569336,2.3940906524658203,1.3067169189453125,62.86518096923828,-53.837955474853516,-90.1421890258789,32.55971908569336,33.39856490541422
38.171,0,2.022629737854004,0.5993804931640625,63.183998107910156,-53.26622009277344,-90.20599365234375,32.25564193725586,2.022629737854004,0.5993804931640625,63.183998107910156,-53.26622009277344,-90.20599365234375,32.25564193725586,33.13763861709067
38.205,0,1.6799460649490356,-0.7408542633056641,64.23282623291016,-52.70172119140625,-90.29623413085938,31.814464569091797,1.6799460649490356,-0.7408542633056641,64.23282623291016,-52.70172119140625,-90.29623413085938,31.814464569091797,32.94194390084801
38.251,0,2.295370578765869,0.6220245361328125,63.53468322753906,-53.60311508178711,-90.28690338134766,32.262603759765625,2.295370578765869,0.6220245361328125,63.53468322753906,-53.60311508178711,-90.28690338134766,32.262603759765625,32.74624918460535
38.276,0,2.4234976768493652,1.179300308227539,63.15419006347656,-53.90115737915039,-90.26589965820312,32.22791290283203,2.4234976768493652,1.179300308227539,63.15419006347656,-53.90115737915039,-90.26589965820312,32.22791290283203,32.35485975212002
38.308,0,1.9263006448745728,0.6570796966552734,63.35044860839844,-53.491783142089844,-90.34927368164062,32.036651611328125,1.9263006448745728,0.6570796966552734,63.35044860839844,-53.491783142089844,-90.34927368164062,32.036651611328125,32.159165035877365
38.343,0,1.6316653490066528,-0.6573009490966797,64.23484802246094,-52.81401062011719,-90.4526138305664,31.704843521118164,1.6316653490066528,-0.6573009490966797,64.23484802246094,-52.81401062011719,-90.4526138305664,31.704843521118164,32.093933463796475
38.376,0,2.123626232147217,1.3692302703857422,63.236907958984375,-54.211151123046875,-90.4475326538086,32.24700164794922,2.123626232147217,1.3692302703857422,63.236907958984375,-54.211151123046875,-90.4475326538086,32.24700164794922,32.02870189171559
38.412,0,1.8331881761550903,2.3567771911621094,62.733009338378906,-54.75514602661133,-90.45262908935547,32.364654541015625,1.8331881761550903,2.3567771911621094,62.733009338378906,-54.75514602661133,-90.45262908935547,32.364654541015625,31.963470319634702
38.442,0,1.4522305727005005,1.975576400756836,62.823883056640625,-54.390296936035156,-90.51960754394531,32.20442581176758,1.4522305727005005,1.975576400756836,62.823883056640625,-54.390296936035156,-90.51960754394531,32.20442581176758,31.898238747553815
38.477,0,1.6833211183547974,0.6533870697021484,63.60334777832031,-53.71893310546875,-90.54817199707031,31.808794021606445,1.6833211183547974,0.6533870697021484,63.60334777832031,-53.71893310546875,-90.54817199707031,31.808794021606445,31.963470319634702
38.509,0,2.0916967391967773,2.8854541778564453,62.58655548095703,-55.386016845703125,-90.53758239746094,32.40989303588867,2.0916967391967773,2.8854541778564453,62.58655548095703,-55.386016845703125,-90.53758239746094,32.40989303588867,32.02870189171559
38.545,0,2.312687873840332,3.625886917114258,62.1007080078125,-55.772674560546875,-90.5059814453125,32.517311096191406,2.312687873840332,3.625886917114258,62.1007080078125,-55.772674560546875,-90.5059814453125,32.517311096191406,32.02870189171559
38.578,0,1.9349159002304077,3.3417224884033203,62.16085433959961,-55.47230911254883,-90.57056427001953,32.34794235229492,1.9349159002304077,3.3417224884033203,62.16085433959961,-55.47230911254883,-90.57056427001953,32.34794235229492,32.093933463796475
38.609,0,1.770328402519226,2.1665687561035156,62.935768127441406,-54.88044357299805,-90.6020278930664,32.05712890625,1.770328402519226,2.1665687561035156,62.935768127441406,-54.88044357299805,-90.6020278930664,32.05712890625,32.22439660795825
38.645,0,1.630358099937439,3.7969532012939453,62.13676834106445,-56.01099395751953,-90.64649963378906,32.551109313964844,1.630358099937439,3.7969532012939453,62.13676834106445,-56.01099395751953,-90.64649963378906,32.551109313964844,32.159165035877365
38.675,0,2.1853270530700684,4.462862014770508,61.693939208984375,-56.37152862548828,-90.5849609375,32.65821075439453,2.1853270530700684,4.462862014770508,61.693939208984375,-56.37152862548828,-90.5849609375,32.65821075439453,32.159165035877365
38.714,0,2.3889198303222656,4.218111038208008,61.577938079833984,-55.9573860168457,-90.56198120117188,32.60108947753906,2.3889198303222656,4.218111038208008,61.577938079833984,-55.9573860168457,-90.56198120117188,32.60108947753906,32.22439660795825
38.742,0,2.264533042907715,3.1429576873779297,62.27397155761719,-55.38291931152344,-90.58269500732422,32.381439208984375,2.264533042907715,3.1429576873779297,62.27397155761719,-55.38291931152344,-90.58269500732422,32.381439208984375,32.35485975212002
38.778,0,2.559267520904541,4.772844314575195,61.38526916503906,-56.558067321777344,-90.55793762207031,32.910701751708984,2.559267520904541,4.772844314575195,61.38526916503906,-56.558067321777344,-90.55793762207031,32.910701751708984,32.35485975212002
38.810,0,3.1012635231018066,5.298009872436523,60.993370056152344,-56.857627868652344,-90.51991271972656,32.978607177734375,3.1012635231018066,5.298009872436523,60.993370056152344,-56.857627868652344,-90.51991271972656,32.978607177734375,32.35485975212002
38.846,0,3.201160430908203,4.795942306518555,60.98992919921875,-56.25477600097656,-90.55840301513672,32.755577087402344,3.201160430908203,4.795942306518555,60.98992919921875,-56.25477600097656,-90.55840301513672,32.755577087402344,32.35485975212002
38.878,0,3.118868827819824,3.7446727752685547,61.711605072021484,-55.723533630371094,-90.57146453857422,32.52478790283203,3.118868827819824,3.7446727752685547,61.711605072021484,-55.723533630371094,-90.57146453857422,32.52478790283203,32.615786040443574
38.910,0,3.6318740844726562,5.108320236206055,60.92157745361328,-56.64741516113281,-90.53499603271484,33.06351089477539,3.6318740844726562,5.108320236206055,60.92157745361328,-56.64741516113281,-90.53499603271484,33.06351089477539,32.550554468362684
38.945,0,3.9563779830932617,5.412527084350586,60.69694519042969,-56.74189758300781,-90.4490966796875,33.10582733154297,3.9563779830932617,5.412527084350586,60.69694519042969,-56.74189758300781,-90.4490966796875,33.10582733154297,32.550554468362684
38.979,0,3.5566964149475098,4.795927047729492,60.92844009399414,-56.208251953125,-90.5243911743164,32.82145309448242,3.5566964149475098,4.795927047729492,60.92844009399414,-56.208251953125,-90.5243911743164,32.82145309448242,32.615786040443574
39.021,0,4.079302787780762,3.694967269897461,61.574378967285156,-55.665077209472656,-90.44615936279297,32.56330871582031,4.079302787780762,3.694967269897461,61.574378967285156,-55.665077209472656,-90.44615936279297,32.56330871582031,32.74624918460535
39.045,0,3.840365409851074,4.625082015991211,61.06561279296875,-56.26311111450195,-90.51309204101562,32.896148681640625,3.840365409851074,4.625082015991211,61.06561279296875,-56.26311111450195,-90.51309204101562,32.896148681640625,32.74624918460535
39.079,0,4.080959796905518,4.543684005737305,61.08576202392578,-56.107452392578125,-90.44596862792969,32.75587844848633,4.080959796905518,4.543684005737305,61.08576202392578,-56.107452392578125,-90.44596862792969,32.75587844848633,32.74624918460535
39.111,0,3.6592469215393066,3.964384078979492,61.307395935058594,-55.632686614990234,-90.50091552734375,32.57707214355469,3.6592469215393066,3.964384078979492,61.307395935058594,-55.632686614990234,-90.50091552734375,32.57707214355469,32.74624918460535
39.147,0,4.240682601928711,2.9073925018310547,61.9076042175293,-55.07572937011719,-90.42135620117188,32.3123893737793,4.240682601928711,2.9073925018310547,61.9076042175293,-55.07572937011719,-90.42135620117188,32.3123893737793,32.74624918460535
39.181,0,4.021738529205322,3.619852066040039,61.52045822143555,-55.552215576171875,-90.51903533935547,32.613807678222656,4.021738529205322,3.619852066040039,61.52045822143555,-55.552215576171875,-90.51903533935547,32.613807678222656,32.74624918460535
39.218,0,4.200675010681152,3.496706008911133,61.578834533691406,-55.46471405029297,-90.41524505615234,32.56201171875,4.200675010681152,3.496706008911133,61.578834533691406,-55.46471405029297,-90.41524505615234,32.56201171875,32.68101761252446
39.245,0,3.768110752105713,2.7999820709228516,61.80866622924805,-54.82379150390625,-90.46995544433594,32.345298767089844,3.768110752105713,2.7999820709228516,61.80866622924805,-54.82379150390625,-90.46995544433594,32.345298767089844,32.68101761252446
39.283,0,4.378302097320557,1.7286148071289062,62.45733642578125,-54.300167083740234,-90.39891815185547,32.03209686279297,4.378302097320557,1.7286148071289062,62.45733642578125,-54.300167083740234,-90.39891815185547,32.03209686279297,32.68101761252446
39.319,0,4.086719036102295,2.280820846557617,62.03343963623047,-54.54890060424805,-90.4754409790039,32.416954040527344,4.086719036102295,2.280820846557617,62.03343963623047,-54.54890060424805,-90.4754409790039,32.416954040527344,32.68101761252446
39.357,0,4.590222358703613,1.7159099578857422,62.0905876159668,-53.89595031738281,-90.34819030761719,32.18056106567383,4.590222358703613,1.7159099578857422,62.0905876159668,-53.89595031738281,-90.34819030761719,32.18056106567383,32.550554468362684
39.381,0,5.106523513793945,1.0301856994628906,62.3389778137207,-53.46416473388672,-90.26575469970703,31.983558654785156,5.106523513793945,1.0301856994628906,62.3389778137207,-53.46416473388672,-90.26575469970703,31.983558654785156,32.42009132420091
39.416,0,4.879816055297852,-0.1800098419189453,63.28363037109375,-52.941322326660156,-90.33152770996094,31.566818237304688,4.879816055297852,-0.1800098419189453,63.28363037109375,-52.941322326660156,-90.33152770996094,31.566818237304688,32.4853228962818
39.451,0,4.620244026184082,0.45662879943847656,62.813865661621094,-53.2081413269043,-90.40275573730469,31.905963897705078,4.620244026184082,0.45662879943847656,62.813865661621094,-53.2081413269043,-90.40275573730469,31.905963897705078,32.28962818003914
39.485,0,4.236576080322266,0.20272064208984375,62.784881591796875,-52.812774658203125,-90.37564086914062,31.58513641357422,4.236576080322266,0.20272064208984375,62.784881591796875,-52.812774658203125,-90.37564086914062,31.58513641357422,32.093933463796475
39.515,0,4.2902655601501465,-0.19911766052246094,62.97282409667969,-52.60848617553711,-90.35511779785156,31.408193588256836,4.2902655601501465,-0.19911766052246094,62.97282409667969,-52.60848617553711,-90.35511779785156,31.408193588256836,31.963470319634702
39.552,0,4.757885456085205,-1.3831462860107422,63.5323371887207,-51.798866271972656,-90.3044204711914,31.037153244018555,4.757885456085205,-1.3831462860107422,63.5323371887207,-51.798866271972656,-90.3044204711914,31.037153244018555,31.898238747553815
39.584,0,4.50270938873291,-0.5438308715820312,63.00323486328125,-52.248878479003906,-90.37613677978516,31.412429809570312,4.50270938873291,-0.5438308715820312,63.00323486328125,-52.248878479003906,-90.37613677978516,31.412429809570312,31.702544031311152
39.618,0,4.256946563720703,-0.6067237854003906,62.89899826049805,-52.04452896118164,-90.34766387939453,31.09383773803711,4.256946563720703,-0.6067237854003906,62.89899826049805,-52.04452896118164,-90.34766387939453,31.09383773803711,31.57208088714938
39.653,0,4.224584102630615,-0.9630985260009766,62.95576095581055,-51.73577117919922,-90.30836486816406,30.95751953125,4.224584102630615,-0.9630985260009766,62.95576095581055,-51.73577117919922,-90.30836486816406,30.95751953125,31.441617742987603
39.683,0,4.360662937164307,-2.109121322631836,63.60285186767578,-51.06813430786133,-90.3267593383789,30.7301082611084,4.360662937164307,-2.109121322631836,63.60285186767578,-51.06813430786133,-90.3267593383789,30.7301082611084,31.441617742987603
39.717,0,4.139671325683594,-2.535818099975586,63.75223922729492,-50.68519592285156,-90.28885650634766,30.455524444580078,4.139671325683594,-2.5358180999755864,63.75223922729492,-50.68519592285156,-90.28885650634766,30.455524444580078,31.245923026744943
39.752,0,3.944209575653076,-3.1049633026123047,63.89208221435547,-50.16553497314453,-90.2471694946289,30.1910343170166,3.944209575653076,-3.1049633026123047,63.89208221435547,-50.16553497314453,-90.2471694946289,30.1910343170166,31.115459882583167
39.788,0,3.779350757598877,-4.680429458618164,64.95375061035156,-49.37379455566406,-90.29010009765625,29.90835952758789,3.779350757598877,-4.34065934065934,64.95375061035156,-49.37379455566406,-90.29010009765625,29.90835952758789,30.984996738421394
39.820,0,3.467057228088379,-3.557933807373047,64.28257751464844,-50.0697021484375,-90.34258270263672,30.405803680419922,3.467057228088379,-3.557933807373047,64.28257751464844,-50.0697021484375,-90.34258270263672,30.405803680419922,30.724070450097845
39.849,0,3.135694980621338,-2.3349075317382812,63.58088302612305,-50.81010055541992,-90.39974212646484,30.888540267944336,3.135694980621338,-2.3349075317382812,63.58088302612305,-50.81010055541992,-90.39974212646484,30.888540267944336,30.4631441617743
39.888,0,3.2673091888427734,-2.337261199951172,63.51119613647461,-50.817474365234375,-90.33268737792969,30.982311248779297,3.2673091888427734,-2.337261199951172,63.51119613647461,-50.817474365234375,-90.33268737792969,30.982311248779297,30.332681017612522
39.917,0,2.966005802154541,-3.79150390625,64.69224548339844,-50.319580078125,-90.40957641601562,30.666406631469727,2.966005802154541,-3.79150390625,64.69224548339844,-50.319580078125,-90.40957641601562,30.666406631469727,30.332681017612522
39.956,0,2.6040163040161133,-5.210784912109375,65.82980346679688,-49.790367126464844,-90.49846649169922,30.3384952545166,2.6040163040161133,-5.210784912109375,65.82980346679688,-49.790367126464844,-90.49846649169922,30.3384952545166,30.528375733855185
39.983,0,2.269099235534668,-3.920400619506836,65.10572052001953,-50.58720016479492,-90.55750274658203,30.78837013244629,2.269099235534668,-3.920400619506836,65.10572052001953,-50.58720016479492,-90.55750274658203,30.78837013244629,30.59360730593607
40.019,0,2.542618751525879,-4.173736572265625,65.28270721435547,-50.50951385498047,-90.50672912597656,30.82806396484375,2.542618751525879,-4.173736572265625,65.28270721435547,-50.50951385498047,-90.50672912597656,30.82806396484375,30.59360730593607
40.052,0,2.8594446182250977,-4.237232208251953,65.38712310791016,-50.583106994628906,-90.45167541503906,30.804201126098633,2.8594446182250977,-4.237232208251953,65.38712310791016,-50.583106994628906,-90.45167541503906,30.804201126098633,30.59360730593607
40.090,0,2.5233445167541504,-5.669775009155273,66.38581085205078,-49.923675537109375,-90.50067138671875,30.500564575195312,2.5233445167541504,-5.669775009155273,66.38581085205078,-49.923675537109375,-90.50067138671875,30.500564575195312,30.59360730593607
40.118,0,2.2802505493164062,-4.913240432739258,65.90884399414062,-50.303611755371094,-90.52186584472656,30.849384307861328,2.2802505493164062,-4.913240432739258,65.90884399414062,-50.303611755371094,-90.52186584472656,30.849384307861328,30.59360730593607
40.152,0,2.1133952140808105,-4.800624847412109,65.75999450683594,-50.349586486816406,-90.49211883544922,30.89986228942871,2.1133952140808105,-4.800624847412109,65.75999450683594,-50.349586486816406,-90.49211883544922,30.89986228942871,30.59360730593607
40.186,0,1.9637807607650757,-4.752693176269531,65.76881408691406,-50.536521911621094,-90.474853515625,30.846195220947266,1.9637807607650757,-4.752693176269531,65.76881408691406,-50.536521911621094,-90.474853515625,30.846195220947266,30.59360730593607
40.221,0,1.679761528968811,-6.183433532714844,66.77902221679688,-49.87027359008789,-90.52252197265625,30.480649948120117,1.679761528968811,-6.183433532714844,66.77902221679688,-49.87027359008789,-90.52252197265625,30.480649948120117,30.59360730593607
40.253,0,1.4330912828445435,-5.444581985473633,66.29363250732422,-50.200599670410156,-90.57478332519531,30.827363967895508,1.4330912828445435,-5.444581985473633,66.29363250732422,-50.200599670410156,-90.57478332519531,30.827363967895508,30.59360730593607
40.289,0,1.2737847566604614,-5.441991806030273,66.21316528320312,-50.182823181152344,-90.52212524414062,30.82017707824707,1.2737847566604614,-5.441991806030273,66.21316528320312,-50.182823181152344,-90.52212524414062,30.82017707824707,30.59360730593607
40.319,0,1.2669175863265991,-5.523097991943359,66.25304412841797,-50.23395919799805,-90.50222778320312,30.744569778442383,1.2669175863265991,-5.523097991943359,66.25304412841797,-50.23395919799805,-90.50222778320312,30.744569778442383,30.59360730593607
40.355,0,0.949580192565918,-6.854326248168945,67.26591491699219,-49.69769287109375,-90.57040405273438,30.37897491455078,0.949580192565918,-6.854326248168945,67.26591491699219,-49.69769287109375,-90.57040405273438,30.37897491455078,30.59360730593607
40.388,0,0.6828368902206421,-5.568258285522461,66.71759033203125,-50.62896728515625,-90.66960906982422,30.806800842285156,0.6828368902206421,-5.568258285522461,66.71759033203125,-50.62896728515625,-90.66960906982422,30.806800842285156,30.59360730593607
40.423,0,0.5254349708557129,-5.810121536254883,66.73832702636719,-50.4281005859375,-90.63871765136719,30.715858459472656,0.5254349708557129,-5.810121536254883,66.73832702636719,-50.4281005859375,-90.63871765136719,30.715858459472656,30.59360730593607
40.454,0,0.6069200038909912,-5.601156234741211,66.5613784790039,-50.614601135253906,-90.58926391601562,30.743070602416992,0.6069200038909912,-5.601156234741211,66.5613784790039,-50.614601135253906,-90.58926391601562,30.743070602416992,30.59360730593607
40.490,0,0.5333889722824097,-6.933845520019531,67.55170440673828,-50.04379653930664,-90.61372375488281,30.443775177001953,0.5333889722824097,-6.933845520019531,67.55170440673828,-50.04379653930664,-90.61372375488281,30.443775177001953,30.59360730593607
40.520,0,0.21756041049957275,-6.336297988891602,67.2472915649414,-50.42957305908203,-90.718017578125,30.612564086914062,0.21756041049957275,-6.336297988891602,67.2472915649414,-50.42957305908203,-90.718017578125,30.612564086914062,30.59360730593607
40.556,0,0.03509986400604248,-6.517671585083008,67.2320327758789,-50.197181701660156,-90.67575073242188,30.560039520263672,0.03509986400604248,-6.517671585083008,67.2320327758789,-50.197181701660156,-90.67575073242188,30.560039520263672,30.59360730593607
40.588,0,-0.36386579275131226,-7.339138031005859,67.57161712646484,-49.53302764892578,-90.7073974609375,30.444705963134766,-0.36386579275131226,-7.339138031005859,67.57161712646484,-49.53302764892578,-90.7073974609375,30.444705963134766,30.59360730593607
40.621,0,-0.5577059984207153,-8.720584869384766,68.62925720214844,-48.96025085449219,-90.76213073730469,30.125036239624023,-0.5577059984207153,-8.720584869384766,68.62925720214844,-48.96025085449219,-90.76213073730469,30.125036239624023,30.59360730593607
40.657,0,-0.8855001330375671,-8.402196884155273,68.47196197509766,-49.20895004272461,-90.84666442871094,30.304920196533203,-0.8855001330375671,-8.402196884155273,68.47196197509766,-49.20895004272461,-90.84666442871094,30.304920196533203,30.59360730593607
40.689,0,-0.8027374744415283,-8.812564849853516,68.62793731689453,-48.95325469970703,-90.81291961669922,30.16579246520996,-0.8027374744415283,-8.812564849853516,68.62793731689453,-48.95325469970703,-90.81291961669922,30.16579246520996,30.59360730593607
40.722,0,-1.1759145259857178,-9.624826431274414,69.05123901367188,-48.36512756347656,-90.84420013427734,30.04392433166504,-1.1759145259857178,-9.624826431274414,69.05123901367188,-48.36512756347656,-90.84420013427734,30.04392433166504,30.528375733855185
40.757,0,-1.4517393112182617,-11.292076110839844,70.18678283691406,-47.55387878417969,-90.90396118164062,29.67513656616211,-1.4517393112182617,-11.10989010989011,70.18678283691406,-47.55387878417969,-90.90396118164062,29.67513656616211,30.528375733855185
40.790,0,-1.0549006462097168,-9.846744537353516,69.5296401977539,-48.67253875732422,-90.89369201660156,30.182397842407227,-1.0549006462097168,-9.846744537353516,69.5296401977539,-48.67253875732422,-90.89369201660156,30.182397842407227,30.4631441617743
40.823,0,-1.0201220512390137,-9.60024642944336,69.32527160644531,-48.730224609375,-90.82896423339844,30.19040298461914,-1.0201220512390137,-9.60024642944336,69.32527160644531,-48.730224609375,-90.82896423339844,30.19040298461914,30.39791258969341
40.864,0,-1.4645276069641113,-10.293834686279297,69.63298797607422,-48.183799743652344,-90.86548614501953,30.07179832458496,-1.4645276069641113,-10.293834686279297,69.63298797607422,-48.183799743652344,-90.86548614501953,30.07179832458496,30.20221787345075
40.886,0,-1.7861182689666748,-11.942941665649414,70.73021697998047,-47.347740173339844,-90.9197998046875,29.603466033935547,-1.7861182689666748,-11.942941665649414,70.73021697998047,-47.347740173339844,-90.9197998046875,29.603466033935547,30.267449445531636
40.922,0,-1.3515805006027222,-10.483552932739258,70.06948852539062,-48.41790771484375,-90.91642761230469,30.102657318115234,-1.3515805006027222,-10.483552932739258,70.06948852539062,-48.41790771484375,-90.91642761230469,30.102657318115234,30.20221787345075
40.956,0,-1.4054815769195557,-9.866790771484375,69.67515563964844,-48.80863952636719,-90.88435363769531,30.17333984375,-1.4054815769195557,-9.866790771484375,69.67515563964844,-48.80863952636719,-90.88435363769531,30.17333984375,30.136986301369863
40.991,0,-1.7007032632827759,-10.258346557617188,69.74182891845703,-48.424827575683594,-90.88380432128906,30.020328521728516,-1.7007032632827759,-10.258346557617188,69.74182891845703,-48.424827575683594,-90.88380432128906,30.020328521728516,30.006523157208086
41.030,0,-1.8462083339691162,-11.726266860961914,70.76241302490234,-47.72477722167969,-90.91881561279297,29.699241638183594,-1.8462083339691162,-11.726266860961914,70.76241302490234,-47.72477722167969,-90.91881561279297,29.699241638183594,30.006523157208086
41.055,0,-1.444282054901123,-10.236175537109375,70.0516586303711,-48.79615020751953,-90.91533660888672,30.181541442871094,-1.444282054901123,-10.236175537109375,70.0516586303711,-48.79615020751953,-90.91533660888672,30.181541442871094,30.006523157208086
41.090,0,-1.5082435607910156,-9.68167495727539,69.6988296508789,-49.15986633300781,-90.89501190185547,30.198837280273438,-1.5082435607910156,-9.68167495727539,69.6988296508789,-49.15986633300781,-90.89501190185547,30.198837280273438,30.006523157208086
41.125,0,-1.5487680435180664,-9.196611404418945,69.29774475097656,-49.39904022216797,-90.8798599243164,30.303829193115234,-1.5487680435180664,-9.196611404418945,69.29774475097656,-49.39904022216797,-90.8798599243164,30.303829193115234,30.006523157208086
41.158,0,-2.0281639099121094,-9.869043350219727,69.54115295410156,-48.79719543457031,-90.90475463867188,30.13653564453125,-2.0281639099121094,-9.869043350219727,69.54115295410156,-48.79719543457031,-90.90475463867188,30.13653564453125,30.006523157208086
41.200,0,-2.1686103343963623,-11.446151733398438,70.58292388916016,-47.97174072265625,-90.95732879638672,29.8190975189209,-2.1686103343963623,-11.446151733398438,70.58292388916016,-47.97174072265625,-90.95732879638672,29.8190975189209,30.006523157208086
41.224,0,-1.7883292436599731,-9.829269409179688,69.83577728271484,-49.177268981933594,-90.94692993164062,30.309986114501953,-1.7883292436599731,-9.829269409179688,69.83577728271484,-49.177268981933594,-90.94692993164062,30.309986114501953,30.006523157208086
41.261,0,-1.6152329444885254,-9.189001083374023,69.42884826660156,-49.478065490722656,-90.86995697021484,30.44760513305664,-1.6152329444885254,-9.189001083374023,69.42884826660156,-49.478065490722656,-90.86995697021484,30.44760513305664,30.006523157208086
41.290,0,-1.4750785827636719,-8.64620590209961,69.0313720703125,-49.64712905883789,-90.78515625,30.557397842407227,-1.4750785827636719,-8.64620590209961,69.0313720703125,-49.64712905883789,-90.78515625,30.557397842407227,30.006523157208086
41.327,0,-1.9402788877487183,-9.47578239440918,69.27194213867188,-48.8199462890625,-90.82814025878906,30.37615203857422,-1.9402788877487183,-9.47578239440918,69.27194213867188,-48.8199462890625,-90.82814025878906,30.37615203857422,30.006523157208086
41.357,0,-2.09806227684021,-10.946708679199219,70.26021575927734,-48.098392486572266,-90.85604095458984,30.145462036132812,-2.09806227684021,-10.946708679199219,70.26021575927734,-48.098392486572266,-90.85604095458984,30.145462036132812,30.136986301369863
41.395,0,-1.9455690383911133,-9.056703567504883,69.45542907714844,-49.626033782958984,-90.84996795654297,30.770530700683594,-1.9455690383911133,-9.056703567504883,69.45542907714844,-49.626033782958984,-90.84996795654297,30.770530700683594,30.20221787345075
41.427,0,-1.6680843830108643,-8.683292388916016,69.0613784790039,-49.69432067871094,-90.74354553222656,30.933216094970703,-1.6680843830108643,-8.683292388916016,69.0613784790039,-49.69432067871094,-90.74354553222656,30.933216094970703,30.20221787345075
41.461,0,-2.1171154975891113,-9.500143051147461,69.31694030761719,-48.88169860839844,-90.77462005615234,30.79558753967285,-2.1171154975891113,-9.500143051147461,69.31694030761719,-48.88169860839844,-90.77462005615234,30.79558753967285,30.20221787345075
41.492,0,-1.994835615158081,-10.988151550292969,70.31563568115234,-48.20526123046875,-90.77742767333984,30.555875778198242,-1.994835615158081,-10.988151550292969,70.31563568115234,-48.20526123046875,-90.77742767333984,30.555875778198242,30.4631441617743
41.527,0,-1.8176815509796143,-9.17155647277832,69.52642059326172,-49.653202056884766,-90.76258850097656,31.208356857299805,-1.8176815509796143,-9.17155647277832,69.52642059326172,-49.653202056884766,-90.76258850097656,31.208356857299805,30.528375733855185
41.562,0,-1.6183116436004639,-9.070276260375977,69.26863861083984,-49.45600128173828,-90.6817398071289,31.214529037475586,-1.6183116436004639,-9.070276260375977,69.26863861083984,-49.45600128173828,-90.6817398071289,31.214529037475586,30.528375733855185
41.594,0,-2.0700268745422363,-9.871282577514648,69.53633880615234,-48.70564270019531,-90.72261810302734,31.051794052124023,-2.0700268745422363,-9.871282577514648,69.53633880615234,-48.70564270019531,-90.72261810302734,31.051794052124023,30.528375733855185
41.626,0,-2.0498557090759277,-11.301454544067383,70.4593505859375,-47.94416427612305,-90.68677520751953,30.74058723449707,-2.0498557090759277,-11.301454544067383,70.4593505859375,-47.94416427612305,-90.68677520751953,30.74058723449707,30.78930202217873
41.661,0,-1.6588382720947266,-10.55095100402832,69.9825210571289,-48.41209030151367,-90.70870208740234,31.189453125,-1.6588382720947266,-10.55095100402832,69.9825210571289,-48.41209030151367,-90.70870208740234,31.189453125,30.78930202217873
41.695,0,-1.5453014373779297,-10.344234466552734,69.66477966308594,-48.29135513305664,-90.62907409667969,31.172954559326172,-1.5453014373779297,-10.344234466552734,69.66477966308594,-48.29135513305664,-90.62907409667969,31.172954559326172,30.78930202217873
41.728,0,-2.0262961387634277,-11.344600677490234,70.09530639648438,-47.48139190673828,-90.67693328857422,30.82021141052246,-2.0262961387634277,-11.344600677490234,70.09530639648438,-47.48139190673828,-90.67693328857422,30.82021141052246,30.919765166340508
41.761,0,-1.871074914932251,-12.784740447998047,70.91375732421875,-46.676361083984375,-90.67523193359375,30.570598602294922,-1.871074914932251,-12.784740447998047,70.91375732421875,-46.676361083984375,-90.67523193359375,30.570598602294922,30.984996738421394
41.796,0,-1.7198712825775146,-11.267667770385742,70.02128601074219,-47.57752227783203,-90.71431732177734,31.171245574951172,-1.7198712825775146,-11.267667770385742,70.02128601074219,-47.57752227783203,-90.71431732177734,31.171245574951172,30.984996738421394
41.828,0,-1.915374755859375,-10.979944229125977,69.78208923339844,-47.593955993652344,-90.6958236694336,31.14751625061035,-1.915374755859375,-10.979944229125977,69.78208923339844,-47.593955993652344,-90.6958236694336,31.14751625061035,30.984996738421394
41.862,0,-1.3313560485839844,-11.883026123046875,70.08088684082031,-46.90837860107422,-90.65522003173828,30.857074737548828,-1.3313560485839844,-11.883026123046875,70.08088684082031,-46.90837860107422,-90.65522003173828,30.857074737548828,30.919765166340508
41.897,0,-1.1245338916778564,-13.334213256835938,70.86575317382812,-46.041481018066406,-90.63724517822266,30.56908416748047,-1.1245338916778564,-13.334213256835938,70.86575317382812,-46.041481018066406,-90.63724517822266,30.56908416748047,30.984996738421394
41.928,0,-0.8598000407218933,-11.644538879394531,69.94454956054688,-47.11613464355469,-90.66480255126953,31.137367248535156,-0.8598000407218933,-11.644538879394531,69.94454956054688,-47.11613464355469,-90.66480255126953,31.137367248535156,30.984996738421394
41.962,0,-0.5414307713508606,-11.582925796508789,69.86077880859375,-47.10107421875,-90.61849975585938,31.067869186401367,-0.5414307713508606,-11.582925796508789,69.86077880859375,-47.10107421875,-90.61849975585938,31.067869186401367,30.984996738421394
41.998,0,-0.9444929361343384,-12.358592987060547,70.15831756591797,-46.405189514160156,-90.63713836669922,30.888078689575195,-0.9444929361343384,-12.358592987060547,70.15831756591797,-46.405189514160156,-90.63713836669922,30.888078689575195,30.919765166340508
42.028,0,-0.5931816101074219,-13.883935928344727,70.925537109375,-45.47970199584961,-90.6446762084961,30.504487991333008,-0.5931816101074219,-13.883935928344727,70.925537109375,-45.47970199584961,-90.6446762084961,30.504487991333008,30.984996738421394
42.065,0,-0.5643192529678345,-11.720903396606445,69.91246795654297,-47.09941864013672,-90.66397094726562,31.24463653564453,-0.5643192529678345,-11.720903396606445,69.91246795654297,-47.09941864013672,-90.66397094726562,31.24463653564453,30.984996738421394
42.096,0,-0.25688594579696655,-11.74246597290039,69.87028503417969,-47.02445983886719,-90.60444641113281,31.140960693359375,-0.25688594579696655,-11.74246597290039,69.87028503417969,-47.02445983886719,-90.60444641113281,31.140960693359375,30.919765166340508
42.128,0,-0.4054461121559143,-10.62663459777832,69.43123626708984,-47.89263153076172,-90.6031265258789,31.536354064941406,-0.4054461121559143,-10.62663459777832,69.43123626708984,-47.89263153076172,-90.6031265258789,31.536354064941406,30.85453359425962
42.163,0,-0.06108587980270386,-11.99441909790039,70.22026824951172,-47.148921966552734,-90.62335968017578,31.21807289123535,-0.06108587980270386,-11.99441909790039,70.22026824951172,-47.148921966552734,-90.62335968017578,31.21807289123535,30.984996738421394
42.197,0,-0.008436262607574463,-9.778318405151367,69.25286865234375,-48.8470344543457,-90.6272964477539,31.975284576416016,-0.008436262607574463,-9.778318405151367,69.25286865234375,-48.8470344543457,-90.6272964477539,31.975284576416016,31.05022831050228
42.232,0,0.022667229175567627,-10.016996383666992,69.38978576660156,-48.70478439331055,-90.59127044677734,31.807750701904297,0.022667229175567627,-10.016996383666992,69.38978576660156,-48.70478439331055,-90.59127044677734,31.807750701904297,31.115459882583167
42.263,0,-0.42795678973197937,-9.62693977355957,69.26161193847656,-48.97236633300781,-90.64436340332031,31.85774803161621,-0.42795678973197937,-9.62693977355957,69.26161193847656,-48.97236633300781,-90.64436340332031,31.85774803161621,31.180691454664057
42.299,0,-0.05433380603790283,-11.069969177246094,70.04833984375,-48.164405822753906,-90.64955139160156,31.501550674438477,-0.05433380603790283,-11.069969177246094,70.04833984375,-48.164405822753906,-90.64955139160156,31.501550674438477,31.506849315068493
42.332,0,0.233770489692688,-8.999710083007812,69.11515808105469,-49.73384094238281,-90.6170425415039,32.19732666015625,0.23377048969268804,-8.999710083007812,69.11515808105469,-49.73384094238281,-90.6170425415039,32.19732666015625,31.506849315068493
42.366,0,0.3933255672454834,-9.024688720703125,69.04246520996094,-49.627174377441406,-90.53813171386719,32.0428581237793,0.39332556724548345,-9.024688720703125,69.04246520996094,-49.627174377441406,-90.53813171386719,32.0428581237793,31.506849315068493
42.397,0,0.9068366289138794,-9.998470306396484,69.39317321777344,-48.92242431640625,-90.55367279052734,31.7403564453125,0.9068366289138794,-9.998470306396484,69.39317321777344,-48.92242431640625,-90.55367279052734,31.7403564453125,31.506849315068493
42.434,0,1.3932892084121704,-11.343973159790039,70.16459655761719,-48.20920944213867,-90.54753875732422,31.385581970214844,1.3932892084121704,-11.343973159790039,70.16459655761719,-48.20920944213867,-90.54753875732422,31.385581970214844,31.76777560339204
42.462,0,1.7398549318313599,-9.154937744140625,69.23298645019531,-49.941307067871094,-90.51014709472656,32.07268524169922,1.7398549318313599,-9.154937744140625,69.23298645019531,-49.941307067871094,-90.51014709472656,32.07268524169922,31.76777560339204
42.498,0,1.914418339729309,-9.070974349975586,69.11300659179688,-49.904945373535156,-90.43824768066406,31.95861053466797,1.914418339729309,-9.070974349975586,69.11300659179688,-49.904945373535156,-90.43824768066406,31.95861053466797,31.76777560339204
42.531,0,1.6206451654434204,-8.904378890991211,69.0577621459961,-50.030799865722656,-90.47848510742188,31.920455932617188,1.6206451654434204,-8.904378890991211,69.0577621459961,-50.030799865722656,-90.47848510742188,31.920455932617188,31.76777560339204
42.567,0,1.9399834871292114,-10.309165954589844,69.90080261230469,-49.29052734375,-90.45173645019531,31.644046783447266,1.9399834871292114,-10.309165954589844,69.90080261230469,-49.29052734375,-90.45173645019531,31.644046783447266,31.83300717547293
42.599,0,2.0183277130126953,-8.800312042236328,69.12968444824219,-50.451332092285156,-90.4215087890625,32.26031494140625,2.0183277130126953,-8.800312042236328,69.12968444824219,-50.451332092285156,-90.4215087890625,32.26031494140625,31.76777560339204
42.629,0,2.3631725311279297,-8.673221588134766,68.87760162353516,-50.38818359375,-90.29549407958984,32.21387481689453,2.3631725311279297,-8.673221588134766,68.87760162353516,-50.38818359375,-90.29549407958984,32.21387481689453,31.76777560339204
42.666,0,2.035492420196533,-8.477851867675781,68.79573822021484,-50.54432678222656,-90.3223648071289,32.1842041015625,2.035492420196533,-8.477851867675781,68.79573822021484,-50.54432678222656,-90.3223648071289,32.1842041015625,31.83300717547293
42.697,0,2.3720293045043945,-9.801403045654297,69.56532287597656,-49.879493713378906,-90.26139068603516,32.03655242919922,2.3720293045043945,-9.801403045654297,69.56532287597656,-49.879493713378906,-90.26139068603516,32.03655242919922,31.898238747553815
42.731,0,2.516695499420166,-8.069944381713867,68.69154357910156,-51.21644592285156,-90.23896026611328,32.69425964355469,2.516695499420166,-8.069944381713867,68.69154357910156,-51.21644592285156,-90.23896026611328,32.69425964355469,31.898238747553815
42.769,0,2.884552001953125,-8.035213470458984,68.64391326904297,-51.20146942138672,-90.15675354003906,32.54004669189453,2.884552001953125,-8.035213470458984,68.64391326904297,-51.20146942138672,-90.15675354003906,32.54004669189453,31.898238747553815
42.798,0,2.579983711242676,-7.876930236816406,68.60089874267578,-51.337989807128906,-90.19217681884766,32.53861999511719,2.579983711242676,-7.876930236816406,68.60089874267578,-51.337989807128906,-90.19217681884766,32.53861999511719,31.963470319634702
42.832,0,2.4303860664367676,-9.333120346069336,69.60974884033203,-50.64332580566406,-90.23876953125,32.19135284423828,2.4303860664367676,-9.333120346069336,69.60974884033203,-50.64332580566406,-90.23876953125,32.19135284423828,32.159165035877365
42.867,0,2.5703768730163574,-7.232265472412109,68.69921875,-52.33485412597656,-90.20927429199219,32.91515350341797,2.5703768730163574,-7.232265472412109,68.69921875,-52.33485412597656,-90.20927429199219,32.91515350341797,32.159165035877365
42.900,0,2.891176700592041,-6.538652420043945,68.3062515258789,-52.70033264160156,-90.15342712402344,32.99888610839844,2.891176700592041,-6.538652420043945,68.3062515258789,-52.70033264160156,-90.15342712402344,32.99888610839844,32.159165035877365
42.934,0,2.549757957458496,-6.391073226928711,68.21268463134766,-52.78093338012695,-90.197265625,33.04656219482422,2.549757957458496,-6.391073226928711,68.21268463134766,-52.78093338012695,-90.197265625,33.04656219482422,32.22439660795825
42.967,0,2.4191770553588867,-7.7584381103515625,69.18638610839844,-52.153099060058594,-90.24100494384766,32.74769973754883,2.4191770553588867,-7.7584381103515625,69.18638610839844,-52.153099060058594,-90.24100494384766,32.74769973754883,32.4853228962818
43.002,0,2.535458564758301,-5.719881057739258,68.27275848388672,-53.784889221191406,-90.22004699707031,33.497093200683594,2.535458564758301,-5.719881057739258,68.27275848388672,-53.784889221191406,-90.22004699707031,33.497093200683594,32.615786040443574
43.034,0,2.9035120010375977,-5.332893371582031,67.99493408203125,-53.912811279296875,-90.1564712524414,33.539772033691406,2.9035120010375977,-5.332893371582031,67.99493408203125,-53.912811279296875,-90.1564712524414,33.539772033691406,32.550554468362684
43.082,0,2.9312658309936523,-4.9299163818359375,67.77664947509766,-54.21677780151367,-90.16934204101562,33.75490188598633,2.9312658309936523,-4.9299163818359375,67.77664947509766,-54.21677780151367,-90.16934204101562,33.75490188598633,32.68101761252446
43.106,0,2.7714414596557617,-6.250797271728516,68.76113891601562,-53.607086181640625,-90.21406555175781,33.51068115234375,2.7714414596557617,-6.250797271728516,68.76113891601562,-53.607086181640625,-90.21406555175781,33.51068115234375,33.07240704500978
43.139,0,2.4301681518554688,-5.324689865112305,68.09446716308594,-54.08576965332031,-90.32061004638672,34.04115295410156,2.4301681518554688,-5.324689865112305,68.09446716308594,-54.08576965332031,-90.32061004638672,34.04115295410156,33.202870189171556
43.174,0,2.6382741928100586,-4.604381561279297,67.7347412109375,-54.54098892211914,-90.17471313476562,34.191566467285156,2.6382741928100586,-4.604381561279297,67.7347412109375,-54.54098892211914,-90.17471313476562,34.191566467285156,33.202870189171556
43.206,0,3.0709638595581055,-4.637115478515625,67.76210021972656,-54.46837615966797,-90.1530990600586,34.017677307128906,3.0709638595581055,-4.637115478515625,67.76210021972656,-54.46837615966797,-90.1530990600586,34.017677307128906,33.33333333333333
43.242,0,2.8703532218933105,-5.9170379638671875,68.66011810302734,-53.84246826171875,-90.19566345214844,33.77115249633789,2.8703532218933105,-5.9170379638671875,68.66011810302734,-53.84246826171875,-90.19566345214844,33.77115249633789,33.659491193737765
43.275,0,2.5100479125976562,-5.130496978759766,68.08309936523438,-54.25907897949219,-90.29803466796875,34.278316497802734,2.5100479125976562,-5.130496978759766,68.08309936523438,-54.25907897949219,-90.29803466796875,34.278316497802734,33.724722765818655
43.307,0,2.5849719047546387,-4.646760940551758,67.81598663330078,-54.50707244873047,-90.15357208251953,34.31513214111328,2.5849719047546387,-4.646760940551758,67.81598663330078,-54.50707244873047,-90.15357208251953,34.31513214111328,33.724722765818655
43.342,0,2.7341842651367188,-4.830324172973633,68.01056671142578,-54.40947723388672,-90.13766479492188,34.1269645690918,2.7341842651367188,-4.830324172973633,68.01056671142578,-54.40947723388672,-90.13766479492188,34.1269645690918,33.724722765818655
43.375,0,2.725330352783203,-6.068485260009766,68.92091369628906,-53.88454818725586,-90.12838745117188,33.909912109375,2.725330352783203,-6.068485260009766,68.92091369628906,-53.88454818725586,-90.12838745117188,33.909912109375,33.92041748206132
43.409,0,2.2937240600585938,-5.047006607055664,68.22251892089844,-54.462554931640625,-90.234619140625,34.340606689453125,2.2937240600585938,-5.047006607055664,68.22251892089844,-54.462554931640625,-90.234619140625,34.340606689453125,33.9856490541422
43.442,0,1.9084283113479614,-4.222484588623047,67.82489013671875,-54.90154266357422,-90.21251678466797,34.321922302246094,1.9084283113479614,-4.222484588623047,67.82489013671875,-54.90154266357422,-90.21251678466797,34.321922302246094,33.9856490541422
43.475,0,1.8867613077163696,-3.287811279296875,67.5528564453125,-55.76612854003906,-90.20502471923828,34.46028137207031,1.8867613077163696,-3.287811279296875,67.5528564453125,-55.76612854003906,-90.20502471923828,34.46028137207031,33.9856490541422
43.510,0,1.6130152940750122,-4.4880523681640625,68.46405792236328,-55.2122917175293,-90.2674560546875,34.17060089111328,1.6130152940750122,-4.4880523681640625,68.46405792236328,-55.2122917175293,-90.2674560546875,34.17060089111328,34.11611219830398
43.540,0,1.1690465211868286,-3.6368465423583984,67.84255981445312,-55.68684387207031,-90.37451171875,34.62289047241211,1.1690465211868286,-3.6368465423583984,67.84255981445312,-55.68684387207031,-90.37451171875,34.62289047241211,34.11611219830398
43.578,0,0.7276468276977539,-2.761831283569336,67.44020080566406,-56.16132354736328,-90.35888671875,34.603477478027344,0.7276468276977539,-2.761831283569336,67.44020080566406,-56.16132354736328,-90.35888671875,34.603477478027344,34.11611219830398
43.611,0,0.8614406585693359,-2.012676239013672,67.1795425415039,-56.81068420410156,-90.34197235107422,34.719085693359375,0.8614406585693359,-2.012676239013672,67.1795425415039,-56.81068420410156,-90.34197235107422,34.719085693359375,34.11611219830398
43.643,0,0.6806631088256836,-3.2692718505859375,68.154541015625,-56.25900650024414,-90.36663818359375,34.3795051574707,0.6806631088256836,-3.2692718505859375,68.154541015625,-56.25900650024414,-90.36663818359375,34.3795051574707,34.24657534246575
43.676,0,0.2560809850692749,-2.3685169219970703,67.51507568359375,-56.75238037109375,-90.45474243164062,34.7879524230957,0.2560809850692749,-2.3685169219970703,67.51507568359375,-56.75238037109375,-90.45474243164062,34.7879524230957,34.37703848662753
43.712,0,-0.1023741364479065,-0.9213294982910156,66.86033630371094,-57.63460922241211,-90.44052124023438,34.955596923828125,-0.1023741364479065,-0.9213294982910156,66.86033630371094,-57.63460922241211,-90.44052124023438,34.955596923828125,34.37703848662753
43.741,0,0.006773233413696289,0.030614852905273438,66.50872802734375,-58.395484924316406,-90.4290542602539,35.11193084716797,0.006773233413696289,0.030614852905273438,66.50872802734375,-58.395484924316406,-90.4290542602539,35.11193084716797,34.37703848662753
43.777,0,-0.25499457120895386,-1.0509395599365234,67.39602661132812,-57.944061279296875,-90.46672058105469,34.795223236083984,-0.25499457120895386,-1.0509395599365234,67.39602661132812,-57.944061279296875,-90.46672058105469,34.795223236083984,34.57273320287019
43.811,0,-0.7048547267913818,-0.4521503448486328,66.85758972167969,-58.148719787597656,-90.56309509277344,35.132137298583984,-0.7048547267913818,-0.4521503448486328,66.85758972167969,-58.148719787597656,-90.56309509277344,35.132137298583984,34.70319634703196
43.844,0,-1.291306972503662,-0.10150146484375,66.7069091796875,-58.31398010253906,-90.51351165771484,35.08336639404297,-1.291306972503662,-0.10150146484375,66.7069091796875,-58.31398010253906,-90.51351165771484,35.08336639404297,34.768427919112845
43.880,0,-0.6154226064682007,0.1659393310546875,66.7380142211914,-58.61642074584961,-90.4713134765625,34.97142791748047,-0.6154226064682007,0.1659393310546875,66.7380142211914,-58.61642074584961,-90.4713134765625,34.97142791748047,34.768427919112845
43.911,0,-0.6175408363342285,-0.9725685119628906,67.52790832519531,-58.03717803955078,-90.43805694580078,34.810665130615234,-0.6175408363342285,-0.9725685119628906,67.52790832519531,-58.03717803955078,-90.43805694580078,34.810665130615234,34.898891063274625
43.943,0,-1.0489909648895264,-0.40007781982421875,67.0201644897461,-58.22370910644531,-90.53485107421875,35.143287658691406,-1.0489909648895264,-0.40007781982421875,67.0201644897461,-58.22370910644531,-90.53485107421875,35.143287658691406,34.898891063274625
43.980,0,-1.6329822540283203,-0.010410308837890625,66.82500457763672,-58.384254455566406,-90.49822998046875,35.07830047607422,-1.6329822540283203,-0.010410308837890625,66.82500457763672,-58.384254455566406,-90.49822998046875,35.07830047607422,34.898891063274625
44.010,0,-1.1316027641296387,-0.35361289978027344,67.08273315429688,-58.229331970214844,-90.50521850585938,34.88005447387695,-1.1316027641296387,-0.35361289978027344,67.08273315429688,-58.229331970214844,-90.50521850585938,34.88005447387695,34.898891063274625
44.045,0,-1.4996380805969238,-1.6477851867675781,68.04903411865234,-57.57332992553711,-90.55460357666016,34.69224548339844,-1.4996380805969238,-1.6477851867675781,68.04903411865234,-57.57332992553711,-90.55460357666016,34.69224548339844,34.898891063274625
44.078,0,-1.94770085811615,-1.12445068359375,67.45594787597656,-57.58435821533203,-90.67134857177734,35.00494384765625,-1.94770085811615,-1.12445068359375,67.45594787597656,-57.58435821533203,-90.67134857177734,35.00494384765625,34.898891063274625
44.112,0,-2.5413854122161865,-0.6936683654785156,67.19623565673828,-57.70249938964844,-90.6243667602539,35.04383850097656,-2.5413854122161865,-0.6936683654785156,67.19623565673828,-57.70249938964844,-90.6243667602539,35.04383850097656,34.898891063274625
44.150,0,-2.116654634475708,-0.9405803680419922,67.30087280273438,-57.53742980957031,-90.589599609375,34.77288818359375,-2.116654634475708,-0.9405803680419922,67.30087280273438,-57.53742980957031,-90.589599609375,34.77288818359375,34.898891063274625
44.181,0,-2.086604118347168,-2.0804195404052734,67.96027374267578,-56.826393127441406,-90.60308837890625,34.50315856933594,-2.086604118347168,-2.0804195404052734,67.96027374267578,-56.826393127441406,-90.60308837890625,34.50315856933594,34.898891063274625
44.210,0,-2.4318244457244873,-1.5277481079101562,67.4056396484375,-56.91486358642578,-90.70368194580078,34.818519592285156,-2.4318244457244873,-1.5277481079101562,67.4056396484375,-56.91486358642578,-90.70368194580078,34.818519592285156,34.898891063274625
44.246,0,-3.03470516204834,-1.0818347930908203,67.16178131103516,-57.07514953613281,-90.6534194946289,34.781166076660156,-3.03470516204834,-1.0818347930908203,67.16178131103516,-57.07514953613281,-90.6534194946289,34.781166076660156,34.833659491193735
44.279,0,-2.6058716773986816,-1.2654972076416016,67.31900787353516,-57.05413055419922,-90.62794494628906,34.47986602783203,-2.6058716773986816,-1.2654972076416016,67.31900787353516,-57.05413055419922,-90.62794494628906,34.47986602783203,34.768427919112845
44.313,0,-2.436866044998169,-2.491809844970703,68.03990173339844,-56.32130432128906,-90.6165542602539,34.20362091064453,-2.436866044998169,-2.491809844970703,68.03990173339844,-56.32130432128906,-90.6165542602539,34.20362091064453,34.768427919112845
44.345,0,-1.9769710302352905,-1.8740615844726562,67.53695678710938,-56.58106231689453,-90.6209716796875,34.34563446044922,-1.9769710302352905,-1.8740615844726562,67.53695678710938,-56.58106231689453,-90.6209716796875,34.34563446044922,34.768427919112845
44.383,0,-2.4700448513031006,-1.4999275207519531,67.39086151123047,-56.81388854980469,-90.58198547363281,34.39128875732422,-2.4700448513031006,-1.4999275207519531,67.39086151123047,-56.81388854980469,-90.58198547363281,34.39128875732422,34.70319634703196
44.411,0,-2.1065711975097656,-1.8344669342041016,67.53107452392578,-56.56280517578125,-90.56824493408203,34.2349853515625,-2.1065711975097656,-1.8344669342041016,67.53107452392578,-56.56280517578125,-90.56824493408203,34.2349853515625,34.63796477495107
44.449,0,-1.9229038953781128,-3.0655136108398438,68.25545501708984,-55.82057571411133,-90.54116821289062,33.881752014160156,-1.9229038953781128,-3.0655136108398438,68.25545501708984,-55.82057571411133,-90.54116821289062,33.881752014160156,34.63796477495107
44.480,0,-1.7198119163513184,-1.331594467163086,67.41980743408203,-57.06440734863281,-90.57792663574219,34.512367248535156,-1.7198119163513184,-1.331594467163086,67.41980743408203,-57.06440734863281,-90.57792663574219,34.512367248535156,34.57273320287019
44.515,0,-2.1718196868896484,-1.0727195739746094,67.23298645019531,-57.10142517089844,-90.54781341552734,34.37234878540039,-2.1718196868896484,-1.0727195739746094,67.23298645019531,-57.10142517089844,-90.54781341552734,34.37234878540039,34.37703848662753
44.548,0,-1.970097541809082,-0.35701751708984375,66.97430419921875,-57.62357711791992,-90.51731872558594,34.5628662109375,-1.970097541809082,-0.35701751708984375,66.97430419921875,-57.62357711791992,-90.51731872558594,34.5628662109375,34.31180691454664
44.580,0,-1.7738677263259888,-1.5553150177001953,67.63237762451172,-56.891754150390625,-90.51290893554688,34.302589416503906,-1.7738677263259888,-1.5553150177001953,67.63237762451172,-56.891754150390625,-90.51290893554688,34.302589416503906,34.31180691454664
44.613,0,-2.0534586906433105,-0.001140594482421875,66.70761108398438,-57.7430534362793,-90.57865142822266,34.90708541870117,-2.0534586906433105,-0.001140594482421875,66.70761108398438,-57.7430534362793,-90.57865142822266,34.90708541870117,34.37703848662753
44.647,0,-2.5275444984436035,0.2263031005859375,66.48789978027344,-57.72268295288086,-90.56913757324219,34.831329345703125,-2.5275444984436035,0.2263031005859375,66.48789978027344,-57.72268295288086,-90.56913757324219,34.831329345703125,34.37703848662753
44.683,0,-2.4263436794281006,-0.39362335205078125,66.74401092529297,-57.21302795410156,-90.58683776855469,34.65810012817383,-2.4263436794281006,-0.39362335205078125,66.74401092529297,-57.21302795410156,-90.58683776855469,34.65810012817383,34.37703848662753
44.714,0,-2.127861738204956,-1.5718841552734375,67.46143341064453,-56.56610870361328,-90.58206939697266,34.38910675048828,-2.127861738204956,-1.5718841552734375,67.46143341064453,-56.56610870361328,-90.58206939697266,34.38910675048828,34.5075016307893
44.752,0,-1.9607964754104614,-0.10930633544921875,66.74861907958984,-57.55316925048828,-90.56396484375,34.8128547668457,-1.9607964754104614,-0.10930633544921875,66.74861907958984,-57.55316925048828,-90.56396484375,34.8128547668457,34.5075016307893
44.779,0,-1.7142035961151123,-0.3842296600341797,66.72003936767578,-57.25537872314453,-90.50518035888672,34.5534553527832,-1.7142035961151123,-0.38422966003417974,66.72003936767578,-57.25537872314453,-90.50518035888672,34.5534553527832,34.5075016307893
44.813,0,-1.6489301919937134,-0.9878215789794922,66.94508361816406,-56.77936935424805,-90.53009033203125,34.38054656982422,-1.6489301919937134,-0.9878215789794922,66.94508361816406,-56.77936935424805,-90.53009033203125,34.38054656982422,34.5075016307893
44.848,0,-1.3242937326431274,-2.2605934143066406,67.6683120727539,-56.026363372802734,-90.54766082763672,34.04696273803711,-1.3242937326431274,-2.2605934143066406,67.6683120727539,-56.026363372802734,-90.54766082763672,34.04696273803711,34.5075016307893
44.882,0,-0.9845258593559265,-1.8955211639404297,67.05551147460938,-55.85393524169922,-90.5130844116211,34.43992233276367,-0.9845258593559265,-1.8955211639404295,67.05551147460938,-55.85393524169922,-90.5130844116211,34.43992233276367,34.5075016307893
44.914,0,-0.7112152576446533,-1.7123794555664062,66.87511444091797,-55.913612365722656,-90.4298324584961,34.255348205566406,-0.7112152576446533,-1.712379455566406,66.87511444091797,-55.913612365722656,-90.4298324584961,34.255348205566406,34.44227005870842
44.952,0,-0.6452091336250305,-2.406879425048828,67.12471771240234,-55.33409881591797,-90.4466781616211,34.009334564208984,-0.6452091336250305,-2.406879425048828,67.12471771240234,-55.33409881591797,-90.4466781616211,34.009334564208984,34.44227005870842
44.981,0,-0.5200706720352173,-3.5962886810302734,67.78414916992188,-54.58689498901367,-90.49479675292969,33.70963668823242,-0.5200706720352173,-3.5962886810302734,67.78414916992188,-54.58689498901367,-90.49479675292969,33.70963668823242,34.37703848662753
45.018,0,-0.4164855480194092,-2.8932266235351562,67.37711334228516,-54.979454040527344,-90.46019744873047,34.111995697021484,-0.4164855480194092,-2.8932266235351562,67.37711334228516,-54.979454040527344,-90.46019744873047,34.111995697021484,34.37703848662753
45.049,0,-0.1842198371887207,-3.3788204193115234,67.55567932128906,-54.4727668762207,-90.4678955078125,33.78239059448242,-0.1842198371887207,-3.3788204193115234,67.55567932128906,-54.4727668762207,-90.4678955078125,33.78239059448242,34.37703848662753
45.084,0,0.036112844944000244,-4.316133499145508,67.92865753173828,-53.70222473144531,-90.47527313232422,33.51702880859375,0.036112844944000244,-4.316133499145508,67.92865753173828,-53.70222473144531,-90.47527313232422,33.51702880859375,34.24657534246575
45.116,0,0.047457218170166016,-5.534175872802734,68.67630767822266,-52.97329330444336,-90.52714538574219,33.28278732299805,0.047457218170166016,-5.534175872802734,68.67630767822266,-52.97329330444336,-90.52714538574219,33.28278732299805,34.11611219830398
45.148,0,0.156563401222229,-5.885807037353516,68.78216552734375,-52.66291046142578,-90.44815063476562,33.058319091796875,0.156563401222229,-5.885807037353516,68.78216552734375,-52.66291046142578,-90.44815063476562,33.058319091796875,33.92041748206132
45.185,0,0.23521089553833008,-5.91169548034668,68.78575897216797,-52.64936828613281,-90.41655731201172,32.91396713256836,0.23521089553833008,-5.91169548034668,68.78575897216797,-52.64936828613281,-90.41655731201172,32.91396713256836,33.724722765818655
45.216,0,0.3262122869491577,-6.882402420043945,69.2224349975586,-51.90616226196289,-90.4254379272461,32.655792236328125,0.3262122869491577,-6.882402420043945,69.2224349975586,-51.90616226196289,-90.4254379272461,32.655792236328125,33.52902804957599
45.254,0,0.5926347970962524,-6.453880310058594,68.92578125,-52.15102005004883,-90.41082763671875,33.0836296081543,0.5926347970962524,-6.453880310058594,68.92578125,-52.15102005004883,-90.41082763671875,33.0836296081543,33.33333333333333
45.283,0,0.8774449825286865,-5.437185287475586,68.3844223022461,-52.725433349609375,-90.32897186279297,33.55614471435547,0.8774449825286865,-5.437185287475586,68.3844223022461,-52.725433349609375,-90.32897186279297,33.55614471435547,33.07240704500978
45.318,0,1.0054351091384888,-5.623813629150391,68.46192169189453,-52.502052307128906,-90.33824157714844,33.291893005371094,1.0054351091384888,-5.623813629150391,68.46192169189453,-52.502052307128906,-90.33824157714844,33.291893005371094,33.00717547292889
45.352,0,1.2314671277999878,-7.017616271972656,69.21113586425781,-51.60186004638672,-90.31904602050781,33.018287658691406,1.2314671277999878,-7.017616271972656,69.21113586425781,-51.60186004638672,-90.31904602050781,33.018287658691406,33.00717547292889
45.383,0,1.4704216718673706,-8.303747177124023,69.95437622070312,-50.82703399658203,-90.33154296875,32.67603302001953,1.4704216718673706,-8.303747177124023,69.95437622070312,-50.82703399658203,-90.33154296875,32.67603302001953,33.13763861709067
45.421,0,1.3329466581344604,-7.819339752197266,69.70903015136719,-51.140724182128906,-90.2051010131836,32.66503143310547,1.3329466581344604,-7.819339752197266,69.70903015136719,-51.140724182128906,-90.2051010131836,32.66503143310547,33.13763861709067
45.450,0,1.7694555521011353,-8.617837905883789,70.11707305908203,-50.52166748046875,-90.19930267333984,32.35356903076172,1.7694555521011353,-8.617837905883789,70.11707305908203,-50.52166748046875,-90.19930267333984,32.35356903076172,33.13763861709067
45.487,0,2.1679134368896484,-9.671388626098633,70.63390350341797,-49.78731155395508,-90.21513366699219,32.15654754638672,2.1679134368896484,-9.671388626098633,70.63390350341797,-49.78731155395508,-90.21513366699219,32.15654754638672,33.00717547292889
45.518,0,2.030766487121582,-8.959903717041016,70.16771697998047,-50.21660614013672,-90.27375030517578,32.618553161621094,2.030766487121582,-8.959903717041016,70.16771697998047,-50.21660614013672,-90.27375030517578,32.618553161621094,32.81148075668624
45.554,0,1.8245137929916382,-8.606328964233398,69.96517181396484,-50.39508819580078,-90.16464233398438,32.56634521484375,1.8245137929916382,-8.606328964233398,69.96517181396484,-50.39508819580078,-90.16464233398438,32.56634521484375,32.42009132420091
45.583,0,2.311509609222412,-9.486604690551758,70.38141632080078,-49.727821350097656,-90.15685272216797,32.195823669433594,2.311509609222412,-9.486604690551758,70.38141632080078,-49.727821350097656,-90.15685272216797,32.195823669433594,32.42009132420091
45.619,0,2.6693496704101562,-10.904903411865234,71.16252136230469,-48.845767974853516,-90.11337280273438,31.868000030517578,2.6693496704101562,-10.904903411865234,71.16252136230469,-48.845767974853516,-90.11337280273438,31.868000030517578,32.550554468362684
45.653,0,2.7325778007507324,-9.701894760131836,70.55872344970703,-49.62696075439453,-90.1250991821289,32.47037887573242,2.7325778007507324,-9.701894760131836,70.55872344970703,-49.62696075439453,-90.1250991821289,32.47037887573242,32.4853228962818
45.687,0,3.1546263694763184,-9.98416519165039,70.50810241699219,-49.29314422607422,-90.04300689697266,32.241432189941406,3.1546263694763184,-9.98416519165039,70.50810241699219,-49.29314422607422,-90.04300689697266,32.241432189941406,32.35485975212002
45.721,0,2.8293747901916504,-8.963531494140625,69.9375991821289,-49.898704528808594,-90.07429504394531,32.490135192871094,2.8293747901916504,-8.963531494140625,69.9375991821289,-49.898704528808594,-90.07429504394531,32.490135192871094,32.22439660795825
45.753,0,3.5065951347351074,-10.423200607299805,70.64630889892578,-48.920108795166016,-89.98648834228516,32.15018844604492,3.5065951347351074,-10.423200607299805,70.64630889892578,-48.920108795166016,-89.98648834228516,32.15018844604492,32.28962818003914
45.789,0,4.034115791320801,-8.601198196411133,69.76422882080078,-50.22218322753906,-89.9609375,32.806427001953125,4.034115791320801,-8.601198196411133,69.76422882080078,-50.22218322753906,-89.9609375,32.806427001953125,32.28962818003914
45.818,0,4.07946252822876,-8.245420455932617,69.56109619140625,-50.40919494628906,-89.83953857421875,32.62221908569336,4.07946252822876,-8.245420455932617,69.56109619140625,-50.40919494628906,-89.83953857421875,32.62221908569336,32.28962818003914
45.857,0,3.615269660949707,-7.251222610473633,68.96045684814453,-50.93272018432617,-89.90852355957031,32.860469818115234,3.615269660949707,-7.251222610473633,68.96045684814453,-50.93272018432617,-89.90852355957031,32.860469818115234,32.28962818003914
45.885,0,3.5153698921203613,-8.737499237060547,69.94902801513672,-50.087650299072266,-89.9594955444336,32.296051025390625,3.5153698921203613,-8.737499237060547,69.94902801513672,-50.087650299072266,-89.9594955444336,32.296051025390625,32.42009132420091
45.920,0,4.109741687774658,-7.085943222045898,69.12567138671875,-51.23029327392578,-89.91334533691406,32.865684509277344,4.109741687774658,-7.085943222045898,69.12567138671875,-51.23029327392578,-89.91334533691406,32.865684509277344,32.42009132420091
45.955,0,4.090032577514648,-7.014104843139648,68.98347473144531,-51.07244110107422,-89.81944274902344,32.70240020751953,4.090032577514648,-7.014104843139648,68.98347473144531,-51.07244110107422,-89.81944274902344,32.70240020751953,32.42009132420091
45.988,0,3.8862924575805664,-5.5468597412109375,68.42884826660156,-52.28418731689453,-89.85563659667969,33.02333068847656,3.8862924575805664,-5.5468597412109375,68.42884826660156,-52.28418731689453,-89.85563659667969,33.02333068847656,32.42009132420091
46.023,0,3.989495277404785,-7.003900527954102,69.28688049316406,-51.389488220214844,-89.88575744628906,32.607757568359375,3.989495277404785,-7.003900527954102,69.28688049316406,-51.389488220214844,-89.88575744628906,32.607757568359375,32.550554468362684
46.056,0,4.612307548522949,-5.506765365600586,68.54644775390625,-52.42339324951172,-89.85142517089844,33.125160217285156,4.612307548522949,-5.506765365600586,68.54644775390625,-52.42339324951172,-89.85142517089844,33.125160217285156,32.615786040443574
46.088,0,4.7609052658081055,-5.664484024047852,68.47410583496094,-52.134944915771484,-89.79405975341797,32.77894592285156,4.7609052658081055,-5.664484024047852,68.47410583496094,-52.134944915771484,-89.79405975341797,32.77894592285156,32.68101761252446
46.121,0,4.443517684936523,-4.762971878051758,67.9858169555664,-52.71585464477539,-89.86512756347656,33.063987731933594,4.443517684936523,-4.762971878051758,67.9858169555664,-52.71585464477539,-89.86512756347656,33.063987731933594,32.68101761252446
46.155,0,4.517955303192139,-6.141639709472656,68.7917709350586,-51.8715705871582,-89.88737487792969,32.68267822265625,4.517955303192139,-6.141639709472656,68.7917709350586,-51.8715705871582,-89.88737487792969,32.68267822265625,32.68101761252446
46.191,0,4.347991943359375,-5.067127227783203,68.18588256835938,-52.46214294433594,-89.9318618774414,33.21831130981445,4.347991943359375,-5.067127227783203,68.18588256835938,-52.46214294433594,-89.9318618774414,33.21831130981445,32.68101761252446
46.221,0,4.499112129211426,-5.093788146972656,68.09925079345703,-52.30396270751953,-89.83496856689453,32.909812927246094,4.499112129211426,-5.093788146972656,68.09925079345703,-52.30396270751953,-89.83496856689453,32.909812927246094,32.68101761252446
46.257,0,4.587512016296387,-4.503162384033203,67.69752502441406,-52.608551025390625,-89.8827896118164,32.9440803527832,4.587512016296387,-4.503162384033203,67.69752502441406,-52.608551025390625,-89.8827896118164,32.9440803527832,32.68101761252446
46.288,0,4.701063632965088,-5.912771224975586,68.53385925292969,-51.744537353515625,-89.90556335449219,32.577823638916016,4.701063632965088,-5.912771224975586,68.53385925292969,-51.744537353515625,-89.90556335449219,32.577823638916016,32.81148075668624
46.325,0,4.525714874267578,-4.9910430908203125,67.96266174316406,-52.20881652832031,-89.9342269897461,33.045509338378906,4.525714874267578,-4.9910430908203125,67.96266174316406,-52.20881652832031,-89.9342269897461,33.045509338378906,32.81148075668624
46.355,0,4.715216159820557,-4.8681488037109375,67.80744934082031,-52.152610778808594,-89.83538055419922,32.71770095825195,4.715216159820557,-4.8681488037109375,67.80744934082031,-52.152610778808594,-89.83538055419922,32.71770095825195,32.81148075668624
46.393,0,4.7088847160339355,-3.531015396118164,67.02803039550781,-52.995548248291016,-89.89308166503906,32.94612121582031,4.7088847160339355,-3.531015396118164,67.02803039550781,-52.995548248291016,-89.89308166503906,32.94612121582031,32.81148075668624
46.421,0,4.888975143432617,-4.867502212524414,67.80934143066406,-52.13172912597656,-89.8938217163086,32.567047119140625,4.888975143432617,-4.867502212524414,67.80934143066406,-52.13172912597656,-89.8938217163086,32.567047119140625,32.81148075668624
46.457,0,4.584822177886963,-4.642778396606445,67.43873596191406,-52.01819610595703,-89.98587799072266,32.70204544067383,4.584822177886963,-4.642778396606445,67.43873596191406,-52.01819610595703,-89.98587799072266,32.70204544067383,32.81148075668624
46.491,0,4.443235397338867,-4.382726669311523,67.27693176269531,-52.13498306274414,-89.9000244140625,32.550228118896484,4.443235397338867,-4.382726669311523,67.27693176269531,-52.13498306274414,-89.9000244140625,32.550228118896484,32.81148075668624
46.523,0,4.567997932434082,-3.628328323364258,66.84019470214844,-52.646629333496094,-89.91712188720703,32.624237060546875,4.567997932434082,-3.628328323364258,66.84019470214844,-52.646629333496094,-89.91712188720703,32.624237060546875,32.81148075668624
46.559,0,4.7279582023620605,-5.033290863037109,67.78185272216797,-51.85765075683594,-89.90118408203125,32.2689208984375,4.7279582023620605,-5.033290863037109,67.78185272216797,-51.85765075683594,-89.90118408203125,32.2689208984375,32.81148075668624
46.591,0,4.402009963989258,-4.95829963684082,67.49270629882812,-51.643310546875,-89.99726867675781,32.38616180419922,4.402009963989258,-4.95829963684082,67.49270629882812,-51.643310546875,-89.99726867675781,32.38616180419922,32.81148075668624
46.625,0,4.259592056274414,-4.547203063964844,67.2534408569336,-51.85447692871094,-89.92098236083984,32.28977584838867,4.259592056274414,-4.547203063964844,67.2534408569336,-51.85447692871094,-89.92098236083984,32.28977584838867,32.81148075668624
46.656,0,4.381156921386719,-3.754598617553711,66.80519104003906,-52.400787353515625,-89.92790985107422,32.37284851074219,4.381156921386719,-3.754598617553711,66.80519104003906,-52.400787353515625,-89.92790985107422,32.37284851074219,32.68101761252446
46.693,0,4.531403064727783,-5.052669525146484,67.72185516357422,-51.70691680908203,-89.90669250488281,32.04045486450195,4.531403064727783,-5.052669525146484,67.72185516357422,-51.70691680908203,-89.90669250488281,32.04045486450195,32.615786040443574
46.724,0,4.151057243347168,-5.02271842956543,67.49797821044922,-51.54444122314453,-90.01435852050781,32.16014099121094,4.151057243347168,-5.02271842956543,67.49797821044922,-51.54444122314453,-90.01435852050781,32.16014099121094,32.550554468362684
46.759,0,4.033867359161377,-4.985097885131836,67.4350357055664,-51.48046875,-89.96847534179688,31.967952728271484,4.033867359161377,-4.985097885131836,67.4350357055664,-51.48046875,-89.96847534179688,31.967952728271484,32.4853228962818
46.793,0,4.120519161224365,-4.153669357299805,66.99365997314453,-52.05586242675781,-89.97481536865234,32.105648040771484,4.120519161224365,-4.153669357299805,66.99365997314453,-52.05586242675781,-89.97481536865234,32.105648040771484,32.42009132420091
46.824,0,4.2588934898376465,-5.40546989440918,67.87569427490234,-51.39162826538086,-89.96318054199219,31.815690994262695,4.2588934898376465,-5.40546989440918,67.87569427490234,-51.39162826538086,-89.96318054199219,31.815690994262695,32.35485975212002
46.861,0,3.8866477012634277,-5.55567741394043,67.71810150146484,-51.083839416503906,-90.0757827758789,31.867416381835938,3.8866477012634277,-5.55567741394043,67.71810150146484,-51.083839416503906,-90.0757827758789,31.867416381835938,32.28962818003914
46.891,0,3.7839584350585938,-5.462900161743164,67.6406478881836,-51.0926513671875,-90.02690887451172,31.71487045288086,3.7839584350585938,-5.462900161743164,67.6406478881836,-51.0926513671875,-90.02690887451172,31.71487045288086,32.159165035877365
46.926,0,3.88010835647583,-4.875507354736328,67.34207916259766,-51.53371810913086,-90.05303955078125,31.763683319091797,3.88010835647583,-4.875507354736328,67.34207916259766,-51.53371810913086,-90.05303955078125,31.763683319091797,32.093933463796475
46.962,0,3.8035664558410645,-6.2066192626953125,68.40486145019531,-50.9277458190918,-90.11483001708984,31.275901794433594,3.8035664558410645,-6.2066192626953125,68.40486145019531,-50.9277458190918,-90.11483001708984,31.275901794433594,32.02870189171559
46.993,0,3.4653544425964355,-6.2365875244140625,68.23632049560547,-50.757179260253906,-90.2105941772461,31.3570499420166,3.4653544425964355,-6.2365875244140625,68.23632049560547,-50.757179260253906,-90.2105941772461,31.3570499420166,32.02870189171559
47.026,0,3.1475377082824707,-6.216169357299805,68.24131774902344,-50.73628234863281,-90.17562103271484,31.26720428466797,3.1475377082824707,-6.216169357299805,68.24131774902344,-50.73628234863281,-90.17562103271484,31.26720428466797,32.02870189171559
47.061,0,3.2082834243774414,-4.123710632324219,67.34996032714844,-52.306236267089844,-90.17877960205078,31.695636749267578,3.2082834243774414,-4.123710632324219,67.34996032714844,-52.306236267089844,-90.17877960205078,31.695636749267578,31.898238747553815
47.092,0,3.1218957901000977,-5.402383804321289,68.2635269165039,-51.641082763671875,-90.23834228515625,31.28426170349121,3.1218957901000977,-5.402383804321289,68.2635269165039,-51.641082763671875,-90.23834228515625,31.28426170349121,31.702544031311152
47.127,0,2.796072006225586,-5.31578254699707,68.00564575195312,-51.5156364440918,-90.33168029785156,31.477222442626953,2.796072006225586,-5.31578254699707,68.00564575195312,-51.5156364440918,-90.33168029785156,31.477222442626953,31.637312459230266
47.160,0,2.413806438446045,-5.0248260498046875,67.84840393066406,-51.63986587524414,-90.29315185546875,31.504009246826172,2.413806438446045,-5.0248260498046875,67.84840393066406,-51.63986587524414,-90.29315185546875,31.504009246826172,31.57208088714938
47.196,0,2.408322334289551,-2.8106555938720703,66.95701599121094,-53.40756607055664,-90.29132843017578,31.98302459716797,2.408322334289551,-2.8106555938720703,66.95701599121094,-53.40756607055664,-90.29132843017578,31.98302459716797,31.506849315068493
47.228,0,2.2705674171447754,-4.008644104003906,67.8443832397461,-52.80146026611328,-90.35794830322266,31.609413146972656,2.2705674171447754,-4.008644104003906,67.8443832397461,-52.80146026611328,-90.35794830322266,31.609413146972656,31.506849315068493
47.263,0,1.990975260734558,-3.7193756103515625,67.51384735107422,-52.84103012084961,-90.46334838867188,31.802509307861328,1.990975260734558,-3.7193756103515625,67.51384735107422,-52.84103012084961,-90.46334838867188,31.802509307861328,31.506849315068493
47.293,0,1.6078253984451294,-3.5000648498535156,67.4424819946289,-53.002784729003906,-90.43673706054688,31.827253341674805,1.6078253984451294,-3.5000648498535156,67.4424819946289,-53.002784729003906,-90.43673706054688,31.827253341674805,31.506849315068493
47.331,0,1.5910645723342896,-1.7606449127197266,66.69975280761719,-54.35578918457031,-90.45491027832031,32.17369842529297,1.5910645723342896,-1.7606449127197266,66.69975280761719,-54.35578918457031,-90.45491027832031,32.17369842529297,31.441617742987603
47.360,0,1.4046143293380737,-2.9033679962158203,67.5973129272461,-53.85044860839844,-90.5391845703125,31.802616119384766,1.4046143293380737,-2.9033679962158203,67.5973129272461,-53.85044860839844,-90.5391845703125,31.802616119384766,31.506849315068493
47.395,0,1.0818997621536255,-2.897918701171875,67.36141204833984,-53.656776428222656,-90.65882110595703,31.97459602355957,1.0818997621536255,-2.897918701171875,67.36141204833984,-53.656776428222656,-90.65882110595703,31.97459602355957,31.57208088714938
47.427,0,1.5164209604263306,-3.414121627807617,67.66529083251953,-53.37336730957031,-90.55032348632812,31.823848724365234,1.5164209604263306,-3.414121627807617,67.66529083251953,-53.37336730957031,-90.55032348632812,31.823848724365234,31.637312459230266
47.465,0,1.50023353099823,-1.5797100067138672,66.89580535888672,-54.83323669433594,-90.57952880859375,32.212188720703125,1.50023353099823,-1.5797100067138672,66.89580535888672,-54.83323669433594,-90.57952880859375,32.212188720703125,31.637312459230266
47.495,0,1.3585683107376099,-2.6686019897460938,67.7934341430664,-54.40753936767578,-90.64417266845703,31.85372543334961,1.3585683107376099,-2.6686019897460938,67.7934341430664,-54.40753936767578,-90.64417266845703,31.85372543334961,31.637312459230266
47.531,0,1.0819581747055054,-2.988117218017578,67.74221801757812,-54.01460266113281,-90.74976348876953,31.956111907958984,1.0819581747055054,-2.988117218017578,67.74221801757812,-54.01460266113281,-90.74976348876953,31.956111907958984,31.702544031311152
47.561,0,0.9437175989151001,-3.248659133911133,67.94151306152344,-54.001773834228516,-90.71114349365234,31.84859848022461,0.9437175989151001,-3.248659133911133,67.94151306152344,-54.001773834228516,-90.71114349365234,31.84859848022461,31.76777560339204
47.598,0,0.8797974586486816,-1.3109474182128906,67.11495971679688,-55.51939392089844,-90.7225341796875,32.37635040283203,0.8797974586486816,-1.3109474182128906,67.11495971679688,-55.51939392089844,-90.7225341796875,32.37635040283203,31.76777560339204
47.630,0,0.5826083421707153,-2.5353927612304688,68.06687927246094,-54.97343063354492,-90.77429962158203,32.058197021484375,0.5826083421707153,-2.5353927612304688,68.06687927246094,-54.97343063354492,-90.77429962158203,32.058197021484375,31.76777560339204
47.662,0,0.6369533538818359,-2.8861122131347656,68.00059509277344,-54.560813903808594,-90.85334014892578,32.301639556884766,0.6369533538818359,-2.8861122131347656,68.00059509277344,-54.560813903808594,-90.85334014892578,32.301639556884766,31.83300717547293
47.699,0,0.472029447555542,-3.072694778442383,68.16429138183594,-54.55657196044922,-90.78257751464844,32.24067306518555,0.472029447555542,-3.072694778442383,68.16429138183594,-54.55657196044922,-90.78257751464844,32.24067306518555,31.898238747553815
47.729,0,0.8215112686157227,-0.86279296875,67.28323364257812,-56.418113708496094,-90.80067443847656,32.83341979980469,0.8215112686157227,-0.86279296875,67.28323364257812,-56.418113708496094,-90.80067443847656,32.83341979980469,31.898238747553815
47.765,0,1.189674973487854,-1.9439735412597656,67.81114959716797,-55.66637420654297,-90.73406982421875,32.667823791503906,1.189674973487854,-1.9439735412597656,67.81114959716797,-55.66637420654297,-90.73406982421875,32.667823791503906,31.898238747553815
47.798,0,1.0940682888031006,-1.8609695434570312,67.49459075927734,-55.540584564208984,-90.80484771728516,32.96849822998047,1.0940682888031006,-1.8609695434570312,67.49459075927734,-55.540584564208984,-90.80484771728516,32.96849822998047,32.02870189171559
47.831,0,0.9510961771011353,-1.8985729217529297,67.53422546386719,-55.64763641357422,-90.75038146972656,33.02326202392578,0.9510961771011353,-1.8985729217529297,67.53422546386719,-55.64763641357422,-90.75038146972656,33.02326202392578,32.28962818003914
47.866,0,1.2981082201004028,0.3803825378417969,66.63846588134766,-57.55649185180664,-90.77953338623047,33.66144943237305,1.2981082201004028,0.38038253784179693,66.63846588134766,-57.55649185180664,-90.77953338623047,33.66144943237305,32.35485975212002
47.897,0,1.6797739267349243,-0.6845550537109375,67.16606140136719,-56.86643981933594,-90.70276641845703,33.51239013671875,1.6797739267349243,-0.6845550537109375,67.16606140136719,-56.86643981933594,-90.70276641845703,33.51239013671875,32.550554468362684
47.934,0,1.713992714881897,-0.23315811157226562,66.89754486083984,-57.13315963745117,-90.71484375,33.862972259521484,1.713992714881897,-0.23315811157226562,66.89754486083984,-57.13315963745117,-90.71484375,33.862972259521484,32.74624918460535
47.964,0,1.9188083410263062,-0.3639659881591797,67.00879669189453,-57.2029914855957,-90.63217163085938,33.885597229003906,1.9188083410263062,-0.3639659881591797,67.00879669189453,-57.2029914855957,-90.63217163085938,33.885597229003906,33.07240704500978
48.000,0,2.0811405181884766,1.3494892120361328,66.26201629638672,-58.519805908203125,-90.66230010986328,34.44252014160156,2.0811405181884766,1.3494892120361328,66.26201629638672,-58.519805908203125,-90.66230010986328,34.44252014160156,33.202870189171556
48.033,0,1.9642819166183472,0.2165203094482422,67.04019927978516,-57.97639465332031,-90.65457916259766,34.28349304199219,1.9642819166183472,0.2165203094482422,67.04019927978516,-57.97639465332031,-90.65457916259766,34.28349304199219,33.39856490541422
48.066,0,2.251370906829834,0.14747047424316406,66.78852081298828,-57.694374084472656,-90.65559387207031,34.61346435546875,2.251370906829834,0.14747047424316406,66.78852081298828,-57.694374084472656,-90.65559387207031,34.61346435546875,33.59425962165688
48.100,0,2.173020839691162,1.4266395568847656,66.25312805175781,-58.68018341064453,-90.59463500976562,35.04619216918945,2.173020839691162,1.4266395568847656,66.25312805175781,-58.68018341064453,-90.59463500976562,35.04619216918945,33.85518590998043
48.133,0,2.0522470474243164,2.253795623779297,65.85509490966797,-59.19683837890625,-90.62470245361328,35.201080322265625,2.0522470474243164,2.253795623779297,65.85509490966797,-59.19683837890625,-90.62470245361328,35.201080322265625,33.85518590998043
48.164,0,2.096376419067383,1.3046798706054688,66.48096466064453,-58.6690559387207,-90.57683563232422,35.03132629394531,2.096376419067383,1.3046798706054688,66.48096466064453,-58.6690559387207,-90.57683563232422,35.03132629394531,34.18134377038486
48.200,0,2.388064384460449,2.328258514404297,65.5920181274414,-59.037330627441406,-90.5471420288086,35.67382049560547,2.388064384460449,2.328258514404297,65.5920181274414,-59.037330627441406,-90.5471420288086,35.67382049560547,34.57273320287019
48.232,0,2.319981575012207,3.7728939056396484,64.97110748291016,-60.11642074584961,-90.45499420166016,36.05125045776367,2.319981575012207,3.7728939056396484,64.97110748291016,-60.11642074584961,-90.45499420166016,36.05125045776367,34.63796477495107
48.269,0,2.2694644927978516,4.419427871704102,64.58745574951172,-60.4273681640625,-90.47978973388672,36.1999397277832,2.2694644927978516,4.419427871704102,64.58745574951172,-60.4273681640625,-90.47978973388672,36.1999397277832,34.70319634703196
48.299,0,2.603905200958252,3.696348190307617,65.08251953125,-60.05553436279297,-90.40186309814453,36.12809753417969,2.603905200958252,3.696348190307617,65.08251953125,-60.05553436279297,-90.40186309814453,36.12809753417969,35.22504892367906
48.334,0,2.709839344024658,5.199800491333008,64.35105895996094,-61.15813064575195,-90.37362670898438,36.7256965637207,2.709839344024658,5.199800491333008,64.35105895996094,-61.15813064575195,-90.37362670898438,36.7256965637207,35.5512067840835
48.370,0,2.662691593170166,6.75929069519043,63.710174560546875,-62.316280364990234,-90.28752136230469,37.14056396484375,2.662691593170166,6.75929069519043,63.710174560546875,-62.316280364990234,-90.28752136230469,37.14056396484375,35.61643835616438
48.398,0,2.6347718238830566,7.94444465637207,63.220863342285156,-63.197593688964844,-90.19012451171875,37.43714141845703,2.6347718238830566,7.94444465637207,63.220863342285156,-63.197593688964844,-90.19012451171875,37.43714141845703,35.74690150032615
48.434,0,2.367155075073242,8.356386184692383,63.04204559326172,-63.478370666503906,-90.26082611083984,37.627235412597656,2.367155075073242,8.356386184692383,63.04204559326172,-63.478370666503906,-90.26082611083984,37.627235412597656,36.26875407697325
48.468,0,2.6766648292541504,7.477243423461914,63.60051727294922,-63.01089859008789,-90.1606674194336,37.535491943359375,2.6766648292541504,7.477243423461914,63.60051727294922,-63.01089859008789,-90.1606674194336,37.535491943359375,36.66014350945858
48.502,0,3.0660691261291504,9.036218643188477,62.742103576660156,-64.06842803955078,-90.10257720947266,38.2077522277832,3.0660691261291504,9.036218643188477,62.742103576660156,-64.06842803955078,-90.10257720947266,38.2077522277832,36.921069797782124
48.535,0,3.244088649749756,9.654233932495117,62.601104736328125,-64.66218566894531,-89.9931640625,38.20710372924805,3.244088649749756,9.654233932495117,62.601104736328125,-64.66218566894531,-89.9931640625,38.20710372924805,37.11676451402479
48.570,0,3.088067054748535,9.577917098999023,62.594627380371094,-64.52960205078125,-90.05705261230469,38.2255859375,3.088067054748535,9.577917098999023,62.594627380371094,-64.52960205078125,-90.05705261230469,38.2255859375,37.31245923026745
48.601,0,3.27254581451416,8.689310073852539,63.508094787597656,-64.38725280761719,-90.0211410522461,38.01368713378906,3.27254581451416,8.689310073852539,63.508094787597656,-64.38725280761719,-90.0211410522461,38.01368713378906,37.638617090671886
48.635,0,3.2918009757995605,9.351472854614258,63.03404998779297,-64.79931640625,-90.02532196044922,38.47404861450195,3.2918009757995605,9.351472854614258,63.03404998779297,-64.79931640625,-90.02532196044922,38.47404861450195,37.70384866275277
48.669,0,3.533670425415039,9.653116226196289,63.02882385253906,-65.18455505371094,-89.92205810546875,38.460662841796875,3.533670425415039,9.653116226196289,63.02882385253906,-65.18455505371094,-89.92205810546875,38.460662841796875,37.76908023483366
48.703,0,3.394888401031494,9.452829360961914,63.125648498535156,-65.04745483398438,-89.96637725830078,38.4847297668457,3.394888401031494,9.452829360961914,63.125648498535156,-65.04745483398438,-89.96637725830078,38.4847297668457,37.76908023483366
48.735,0,3.3868889808654785,8.552865982055664,64.01313018798828,-64.83981323242188,-89.94088745117188,38.29521560668945,3.3868889808654785,8.552865982055664,64.01313018798828,-64.83981323242188,-89.94088745117188,38.29521560668945,38.030006523157205
48.769,0,3.3583436012268066,9.053934097290039,63.645263671875,-65.1160888671875,-89.9618911743164,38.75959014892578,3.3583436012268066,9.053934097290039,63.645263671875,-65.1160888671875,-89.9618911743164,38.75959014892578,38.095238095238095
48.803,0,3.5386433601379395,9.874826431274414,63.29072570800781,-65.83045959472656,-89.89195251464844,38.807334899902344,3.5386433601379395,9.874826431274414,63.29072570800781,-65.83045959472656,-89.89195251464844,38.807334899902344,38.095238095238095
48.836,0,3.6332201957702637,9.512350082397461,63.48694610595703,-65.64100646972656,-89.94194030761719,38.92033386230469,3.6332201957702637,9.512350082397461,63.48694610595703,-65.64100646972656,-89.94194030761719,38.92033386230469,38.16046966731898
48.870,0,3.687685489654541,8.772668838500977,64.17752075195312,-65.41685485839844,-89.9083251953125,38.717041015625,3.687685489654541,8.772668838500977,64.17752075195312,-65.41685485839844,-89.9083251953125,38.717041015625,38.42139595564253
48.903,0,3.737071990966797,9.77360725402832,63.425804138183594,-65.92047119140625,-89.90774536132812,39.22813415527344,3.737071990966797,9.77360725402832,63.425804138183594,-65.92047119140625,-89.90774536132812,39.22813415527344,38.486627527723414
48.937,0,4.141118049621582,10.257040023803711,63.1938362121582,-66.36692810058594,-89.78353881835938,39.441009521484375,4.141118049621582,10.257040023803711,63.1938362121582,-66.36692810058594,-89.78353881835938,39.441009521484375,38.486627527723414
48.970,0,4.02044153213501,11.397073745727539,62.71463394165039,-67.23819732666016,-89.84542083740234,39.87732696533203,4.02044153213501,11.397073745727539,62.71463394165039,-67.23819732666016,-89.84542083740234,39.87732696533203,38.551859099804304
49.003,0,4.651187419891357,10.56318473815918,63.3780517578125,-66.97784423828125,-89.73403930664062,39.68622589111328,4.651187419891357,10.56318473815918,63.3780517578125,-66.97784423828125,-89.73403930664062,39.68622589111328,38.87801696020874
49.039,0,4.6966447830200195,11.684450149536133,62.585853576660156,-67.61723327636719,-89.76618957519531,40.31588363647461,4.6966447830200195,11.684450149536133,62.585853576660156,-67.61723327636719,-89.76618957519531,40.31588363647461,39.204174820613176
49.071,0,4.643691062927246,11.804319381713867,62.5960578918457,-67.84573364257812,-89.72103881835938,40.23284912109375,4.643691062927246,11.804319381713867,62.5960578918457,-67.84573364257812,-89.72103881835938,40.23284912109375,39.33463796477495
49.105,0,5.116941452026367,12.381402969360352,62.337059020996094,-68.27192687988281,-89.74598693847656,40.43109893798828,5.116941452026367,12.381402969360352,62.337059020996094,-68.27192687988281,-89.74598693847656,40.43109893798828,39.33463796477495
49.140,0,5.318334102630615,11.367429733276367,63.199951171875,-67.97772216796875,-89.7303466796875,40.26198959350586,5.318334102630615,11.367429733276367,63.199951171875,-67.97772216796875,-89.7303466796875,40.26198959350586,39.726027397260275
49.169,0,4.841515064239502,11.352678298950195,62.8343505859375,-67.57534790039062,-89.79813385009766,40.425079345703125,4.841515064239502,11.352678298950195,62.8343505859375,-67.57534790039062,-89.79813385009766,40.425079345703125,39.92172211350293
49.205,0,4.8008012771606445,11.547578811645508,62.790592193603516,-67.83753967285156,-89.75503540039062,40.352760314941406,4.8008012771606445,11.547578811645508,62.790592193603516,-67.83753967285156,-89.75503540039062,40.352760314941406,39.92172211350293
49.239,0,5.5840744972229,12.378889083862305,62.466243743896484,-68.51528930664062,-89.72883605957031,40.632041931152344,5.5840744972229,12.378889083862305,62.466243743896484,-68.51528930664062,-89.72883605957031,40.632041931152344,40.05218525766471
49.272,0,5.811295986175537,11.410177230834961,63.273624420166016,-68.24650573730469,-89.70294189453125,40.339942932128906,5.811295986175537,11.410177230834961,63.273624420166016,-68.24650573730469,-89.70294189453125,40.339942932128906,40.05218525766471
49.306,0,5.306337833404541,11.290727615356445,62.97496795654297,-67.78343200683594,-89.7901840209961,40.40420913696289,5.306337833404541,11.290727615356445,62.97496795654297,-67.78343200683594,-89.7901840209961,40.40420913696289,40.11741682974559
49.339,0,5.458645820617676,11.393049240112305,62.94432830810547,-67.96244812011719,-89.72441101074219,40.25325012207031,5.458645820617676,11.393049240112305,62.94432830810547,-67.96244812011719,-89.72441101074219,40.25325012207031,40.182648401826484
49.372,0,6.344246864318848,11.881261825561523,62.80958938598633,-68.45307922363281,-89.69344329833984,40.366615295410156,6.344246864318848,11.881261825561523,62.80958938598633,-68.45307922363281,-89.69344329833984,40.366615295410156,40.182648401826484
49.407,0,6.573538303375244,10.896623611450195,63.59986114501953,-68.14955139160156,-89.66571044921875,40.075706481933594,6.573538303375244,10.896623611450195,63.59986114501953,-68.14955139160156,-89.66571044921875,40.075706481933594,40.182648401826484
49.439,0,6.10647439956665,10.797307968139648,63.28583526611328,-67.68891143798828,-89.75106811523438,40.133583068847656,6.10647439956665,10.797307968139648,63.28583526611328,-67.68891143798828,-89.75106811523438,40.133583068847656,40.182648401826484
49.474,0,5.843336582183838,10.866312026977539,63.29792022705078,-67.80796813964844,-89.74031829833984,39.97618865966797,5.843336582183838,10.866312026977539,63.29792022705078,-67.80796813964844,-89.74031829833984,39.97618865966797,40.182648401826484
49.506,0,6.66352653503418,10.939023971557617,63.349002838134766,-68.04728698730469,-89.71531677246094,39.996070861816406,6.66352653503418,10.939023971557617,63.349002838134766,-68.04728698730469,-89.71531677246094,39.996070861816406,40.182648401826484
49.541,0,6.884519577026367,9.99244499206543,64.11207580566406,-67.75909423828125,-89.69296264648438,39.73048400878906,6.884519577026367,9.99244499206543,64.11207580566406,-67.75909423828125,-89.69296264648438,39.73048400878906,40.182648401826484
49.572,0,6.416475772857666,10.016241073608398,63.65299606323242,-67.25099182128906,-89.74545288085938,39.83682632446289,6.416475772857666,10.016241073608398,63.65299606323242,-67.25099182128906,-89.74545288085938,39.83682632446289,40.182648401826484
49.611,0,6.815377712249756,10.090692520141602,63.548858642578125,-67.26780700683594,-89.64452362060547,39.743431091308594,6.815377712249756,10.090692520141602,63.548858642578125,-67.26780700683594,-89.64452362060547,39.743431091308594,40.182648401826484
49.642,0,6.541512966156006,10.763715744018555,63.23563766479492,-67.67125701904297,-89.69105529785156,39.88836669921875,6.541512966156006,10.763715744018555,63.23563766479492,-67.67125701904297,-89.69105529785156,39.88836669921875,40.182648401826484
49.672,0,6.781874179840088,9.880769729614258,64.01293182373047,-67.46566772460938,-89.6740493774414,39.614418029785156,6.781874179840088,9.880769729614258,64.01293182373047,-67.46566772460938,-89.6740493774414,39.614418029785156,40.182648401826484
49.708,0,6.332683563232422,9.709543228149414,63.69416809082031,-66.85337829589844,-89.72724914550781,39.637306213378906,6.332683563232422,9.709543228149414,63.69416809082031,-66.85337829589844,-89.72724914550781,39.637306213378906,40.182648401826484
49.743,0,6.405762195587158,10.042169570922852,63.69579315185547,-67.38629150390625,-89.67584228515625,39.55888748168945,6.405762195587158,10.042169570922852,63.69579315185547,-67.38629150390625,-89.67584228515625,39.55888748168945,40.182648401826484
49.772,0,6.1829833984375,10.341848373413086,63.49089431762695,-67.50340270996094,-89.74946594238281,39.62958908081055,6.1829833984375,10.341848373413086,63.49089431762695,-67.50340270996094,-89.74946594238281,39.62958908081055,39.98695368558382
49.805,0,6.6068902015686035,9.460844039916992,64.22150421142578,-67.25825500488281,-89.69435119628906,39.380889892578125,6.6068902015686035,9.460844039916992,64.22150421142578,-67.25825500488281,-89.69435119628906,39.380889892578125,39.85649054142205
49.843,0,6.1615118980407715,9.337961196899414,63.87632751464844,-66.67091369628906,-89.76362609863281,39.408782958984375,6.1615118980407715,9.337961196899414,63.87632751464844,-66.67091369628906,-89.76362609863281,39.408782958984375,39.79125896934116
49.874,0,6.406825542449951,9.610563278198242,63.798973083496094,-67.03701782226562,-89.6879653930664,39.303855895996094,6.406825542449951,9.610563278198242,63.798973083496094,-67.03701782226562,-89.6879653930664,39.303855895996094,39.79125896934116
49.911,0,6.151529312133789,9.844160079956055,63.61333465576172,-67.11546325683594,-89.78020477294922,39.41857147216797,6.151529312133789,9.844160079956055,63.61333465576172,-67.11546325683594,-89.78020477294922,39.41857147216797,39.79125896934116
49.941,0,6.708072662353516,8.812829971313477,64.44074249267578,-66.83209228515625,-89.73878479003906,39.186004638671875,6.708072662353516,8.812829971313477,64.44074249267578,-66.83209228515625,-89.73878479003906,39.186004638671875,39.79125896934116
49.977,0,6.329049587249756,8.684198379516602,64.11956787109375,-66.26939392089844,-89.79476928710938,39.24771499633789,6.329049587249756,8.684198379516602,64.11956787109375,-66.26939392089844,-89.79476928710938,39.24771499633789,39.79125896934116
50.008,0,6.7998504638671875,8.754152297973633,64.15864562988281,-66.44789123535156,-89.67086791992188,39.20128631591797,6.7998504638671875,8.754152297973633,64.15864562988281,-66.44789123535156,-89.67086791992188,39.20128631591797,39.726027397260275
50.043,0,6.743419170379639,9.065485000610352,63.9617919921875,-66.54536437988281,-89.74678802490234,39.3138313293457,6.743419170379639,9.065485000610352,63.9617919921875,-66.54536437988281,-89.74678802490234,39.3138313293457,39.595564253098495
50.078,0,7.294610977172852,8.052759170532227,64.78408813476562,-66.26801300048828,-89.69967651367188,39.128211975097656,7.294610977172852,8.052759170532227,64.78408813476562,-66.26801300048828,-89.69967651367188,39.128211975097656,39.53033268101761
50.110,0,6.802206516265869,8.002008438110352,64.42144775390625,-65.72199249267578,-89.76374053955078,39.12627410888672,6.802206516265869,8.002008438110352,64.42144775390625,-65.72199249267578,-89.76374053955078,39.12627410888672,39.53033268101761
50.142,0,7.232390403747559,8.027364730834961,64.4529800415039,-65.82301330566406,-89.64708709716797,39.14678955078125,7.232390403747559,8.027364730834961,64.4529800415039,-65.82301330566406,-89.64708709716797,39.14678955078125,39.53033268101761
50.178,0,7.139436721801758,8.317449569702148,64.26831817626953,-65.89195251464844,-89.7196044921875,39.17134475708008,7.139436721801758,8.317449569702148,64.26831817626953,-65.89195251464844,-89.7196044921875,39.17134475708008,39.39986953685584
50.209,0,7.470331192016602,7.322870254516602,65.03482818603516,-65.53173828125,-89.6697998046875,39.038543701171875,7.470331192016602,7.322870254516602,65.03482818603516,-65.53173828125,-89.6697998046875,39.038543701171875,39.39986953685584
50.247,0,7.453161239624023,6.940977096557617,64.74103546142578,-64.71662902832031,-89.70207214355469,39.060279846191406,7.453161239624023,6.940977096557617,64.74103546142578,-64.71662902832031,-89.70207214355469,39.060279846191406,39.39986953685584
50.287,0,7.798798561096191,6.706048965454102,64.90540313720703,-64.66242218017578,-89.59485626220703,38.93644714355469,7.798798561096191,6.706048965454102,64.90540313720703,-64.66242218017578,-89.59485626220703,38.93644714355469,39.39986953685584
50.312,0,7.7194013595581055,7.075159072875977,64.7227554321289,-64.83029174804688,-89.6695785522461,38.97615432739258,7.7194013595581055,7.075159072875977,64.7227554321289,-64.83029174804688,-89.6695785522461,38.97615432739258,39.26940639269406
50.349,0,8.041694641113281,6.049562454223633,65.46683502197266,-64.3819580078125,-89.6269302368164,38.78984069824219,8.041694641113281,6.049562454223633,65.46683502197266,-64.3819580078125,-89.6269302368164,38.78984069824219,39.26940639269406
50.378,0,8.000905990600586,5.67957878112793,65.12554168701172,-63.50596237182617,-89.63419342041016,38.862361907958984,8.000905990600586,5.67957878112793,65.12554168701172,-63.50596237182617,-89.63419342041016,38.862361907958984,39.204174820613176
50.415,0,7.810020446777344,5.86241340637207,65.08364868164062,-63.662601470947266,-89.59872436523438,38.72120666503906,7.810020446777344,5.86241340637207,65.08364868164062,-63.662601470947266,-89.59872436523438,38.72120666503906,39.204174820613176
50.446,0,7.678199768066406,6.08275032043457,64.90457916259766,-63.63797378540039,-89.66239166259766,38.75522994995117,7.678199768066406,6.08275032043457,64.90457916259766,-63.63797378540039,-89.66239166259766,38.75522994995117,39.204174820613176
50.482,0,7.719826698303223,5.189023971557617,65.64427185058594,-63.274803161621094,-89.68419647216797,38.53740310668945,7.719826698303223,5.189023971557617,65.64427185058594,-63.274803161621094,-89.68419647216797,38.53740310668945,39.204174820613176
50.513,0,7.721426010131836,4.498491287231445,65.45022583007812,-62.20968246459961,-89.72463989257812,38.50601577758789,7.721426010131836,4.498491287231445,65.45022583007812,-62.20968246459961,-89.72463989257812,38.50601577758789,39.138943248532286
50.549,0,7.499861717224121,4.860956192016602,65.33905792236328,-62.503990173339844,-89.69666290283203,38.40641784667969,7.499861717224121,4.860956192016602,65.33905792236328,-62.503990173339844,-89.69666290283203,38.40641784667969,39.138943248532286
50.580,0,7.456738471984863,5.376680374145508,65.05345153808594,-62.758060455322266,-89.73555755615234,38.41632080078125,7.456738471984863,5.376680374145508,65.05345153808594,-62.758060455322266,-89.73555755615234,38.41632080078125,38.94324853228962
50.613,0,7.48529052734375,4.41813850402832,65.83881378173828,-62.37570571899414,-89.76922607421875,38.1480712890625,7.48529052734375,4.41813850402832,65.83881378173828,-62.37570571899414,-89.76922607421875,38.1480712890625,38.81278538812785
50.651,0,7.540735244750977,3.9337711334228516,65.58780670166016,-61.474822998046875,-89.80599975585938,38.02360534667969,7.540735244750977,3.9337711334228516,65.58780670166016,-61.474822998046875,-89.80599975585938,38.02360534667969,38.74755381604697
50.678,0,7.323214530944824,4.264139175415039,65.47994232177734,-61.72705078125,-89.76536560058594,37.921043395996094,7.323214530944824,4.264139175415039,65.47994232177734,-61.72705078125,-89.76536560058594,37.921043395996094,38.551859099804304
50.714,0,7.667217254638672,4.949850082397461,65.20814514160156,-62.225494384765625,-89.78166198730469,37.98936080932617,7.667217254638672,4.949850082397461,65.20814514160156,-62.225494384765625,-89.78166198730469,37.98936080932617,38.35616438356164
50.746,0,7.536321640014648,3.7954845428466797,66.1394271850586,-61.76262664794922,-89.85196685791016,37.60088348388672,7.536321640014648,3.7954845428466797,66.1394271850586,-61.76262664794922,-89.85196685791016,37.60088348388672,38.29093281148076
50.782,0,7.072732925415039,3.6121997833251953,65.86920928955078,-61.15930938720703,-89.9164047241211,37.57625961303711,7.072732925415039,3.6121997833251953,65.86920928955078,-61.15930938720703,-89.9164047241211,37.57625961303711,38.29093281148076
50.813,0,6.807581424713135,4.098215103149414,65.71101379394531,-61.556392669677734,-89.90409851074219,37.561866760253906,6.807581424713135,4.098215103149414,65.71101379394531,-61.556392669677734,-89.90409851074219,37.561866760253906,38.095238095238095
50.847,0,7.112379550933838,5.008363723754883,65.37024688720703,-62.242042541503906,-89.93226623535156,37.730247497558594,7.112379550933838,5.008363723754883,65.37024688720703,-62.242042541503906,-89.93226623535156,37.730247497558594,37.89954337899543
50.881,0,6.941545486450195,3.9513301849365234,66.3009262084961,-61.87460708618164,-89.99837493896484,37.27058410644531,6.941545486450195,3.9513301849365234,66.3009262084961,-61.87460708618164,-89.99837493896484,37.27058410644531,37.89954337899543
50.916,0,6.916723728179932,3.8647098541259766,65.81098937988281,-61.185726165771484,-90.01234436035156,37.25709533691406,6.916723728179932,3.8647098541259766,65.81098937988281,-61.185726165771484,-90.01234436035156,37.25709533691406,37.89954337899543
50.947,0,6.667089462280273,4.382562637329102,65.6465072631836,-61.6640510559082,-89.99321746826172,37.236000061035156,6.667089462280273,4.382562637329102,65.6465072631836,-61.6640510559082,-89.99321746826172,37.236000061035156,37.83431180691454
50.981,0,6.41221809387207,5.406042098999023,65.22917175292969,-62.36464309692383,-90.07305145263672,37.451560974121094,6.41221809387207,5.406042098999023,65.22917175292969,-62.36464309692383,-90.07305145263672,37.451560974121094,37.638617090671886
51.015,0,6.2178263664245605,4.288427352905273,66.10894775390625,-61.852867126464844,-90.1424789428711,37.042633056640625,6.2178263664245605,4.288427352905273,66.10894775390625,-61.852867126464844,-90.1424789428711,37.042633056640625,37.508153946510106
51.047,0,6.0237884521484375,3.4965763092041016,66.91332244873047,-61.67230224609375,-90.22639465332031,36.72975158691406,6.0237884521484375,3.4965763092041016,66.91332244873047,-61.67230224609375,-90.22639465332031,36.72975158691406,37.508153946510106
51.085,0,5.722842216491699,4.159879684448242,66.68733978271484,-62.17498016357422,-90.17559814453125,36.78464889526367,5.722842216491699,4.159879684448242,66.68733978271484,-62.17498016357422,-90.17559814453125,36.78464889526367,37.44292237442922
51.113,0,5.425882339477539,4.931985855102539,66.49241638183594,-62.83329772949219,-90.16621398925781,36.78169250488281,5.425882339477539,4.931985855102539,66.49241638183594,-62.83329772949219,-90.16621398925781,36.78169250488281,37.18199608610567
51.148,0,5.13763952255249,5.816144943237305,66.11102294921875,-63.41354751586914,-90.2260513305664,36.9205322265625,5.13763952255249,5.816144943237305,66.11102294921875,-63.41354751586914,-90.2260513305664,36.9205322265625,37.0515329419439
51.181,0,4.939499378204346,5.966012954711914,65.55681610107422,-62.96345901489258,-90.24333953857422,37.05238342285156,4.939499378204346,5.966012954711914,65.55681610107422,-62.96345901489258,-90.24333953857422,37.05238342285156,36.921069797782124
51.224,0,4.823751449584961,5.951662063598633,65.02776336669922,-62.32439041137695,-90.28096008300781,37.12788009643555,4.823751449584961,5.951662063598633,65.02776336669922,-62.32439041137695,-90.28096008300781,37.12788009643555,36.855838225701234
51.252,0,4.499654769897461,6.701662063598633,64.74850463867188,-62.88677215576172,-90.25968933105469,37.130619049072266,4.499654769897461,6.701662063598633,64.74850463867188,-62.88677215576172,-90.25968933105469,37.130619049072266,36.855838225701234
51.281,0,4.324959754943848,5.843473434448242,65.55380249023438,-62.59841537475586,-90.31547546386719,36.822227478027344,4.324959754943848,5.843473434448242,65.55380249023438,-62.59841537475586,-90.31547546386719,36.822227478027344,36.855838225701234
51.318,0,4.139545440673828,5.041624069213867,66.24440002441406,-62.27550506591797,-90.37033081054688,36.56822967529297,4.139545440673828,5.041624069213867,66.24440002441406,-62.27550506591797,-90.37033081054688,36.56822967529297,36.855838225701234
51.347,0,4.291292190551758,5.437749862670898,66.12398529052734,-62.612056732177734,-90.29515075683594,36.516212463378906,4.291292190551758,5.437749862670898,66.12398529052734,-62.612056732177734,-90.29515075683594,36.516212463378906,36.855838225701234
51.383,0,4.002961158752441,6.155965805053711,65.75018310546875,-62.989036560058594,-90.37303161621094,36.67812728881836,4.002961158752441,6.155965805053711,65.75018310546875,-62.989036560058594,-90.37303161621094,36.67812728881836,36.855838225701234
51.416,0,3.729217529296875,6.631784439086914,65.57966613769531,-63.34193801879883,-90.474365234375,36.76106262207031,3.729217529296875,6.631784439086914,65.57966613769531,-63.34193801879883,-90.474365234375,36.76106262207031,36.855838225701234
51.451,0,3.516139507293701,6.438985824584961,65.16876983642578,-62.6051025390625,-90.52359008789062,36.829124450683594,3.516139507293701,6.438985824584961,65.16876983642578,-62.6051025390625,-90.52359008789062,36.829124450683594,36.855838225701234
51.483,0,3.6904473304748535,7.059137344360352,64.96844482421875,-63.15614318847656,-90.45421600341797,36.83905029296875,3.6904473304748535,7.059137344360352,64.96844482421875,-63.15614318847656,-90.45421600341797,36.83905029296875,36.855838225701234
51.517,0,3.850790023803711,7.887136459350586,64.68856048583984,-63.91532897949219,-90.36576080322266,36.80263900756836,3.850790023803711,7.887136459350586,64.68856048583984,-63.91532897949219,-90.36576080322266,36.80263900756836,36.855838225701234
51.550,0,3.7812042236328125,7.045320510864258,65.37488555908203,-63.50813293457031,-90.38648223876953,36.64971160888672,3.7812042236328125,7.045320510864258,65.37488555908203,-63.50813293457031,-90.38648223876953,36.64971160888672,36.855838225701234
51.585,0,3.5655627250671387,6.962442398071289,64.95135498046875,-62.95249938964844,-90.42955017089844,36.706298828125,3.5655627250671387,6.962442398071289,64.95135498046875,-62.95249938964844,-90.42955017089844,36.706298828125,36.855838225701234
51.616,0,3.5472359657287598,7.384130477905273,64.92781066894531,-63.45421600341797,-90.40518951416016,36.55004119873047,3.5472359657287598,7.384130477905273,64.92781066894531,-63.45421600341797,-90.40518951416016,36.55004119873047,36.855838225701234
51.652,0,3.216403007507324,8.182840347290039,64.51835632324219,-63.921504974365234,-90.4744644165039,36.86725997924805,3.216403007507324,8.182840347290039,64.51835632324219,-63.921504974365234,-90.4744644165039,36.86725997924805,36.855838225701234
51.684,0,3.15557861328125,7.335969924926758,65.2157974243164,-63.525508880615234,-90.48735046386719,36.634429931640625,3.15557861328125,7.335969924926758,65.2157974243164,-63.525508880615234,-90.48735046386719,36.634429931640625,36.855838225701234
51.720,0,2.903130531311035,7.307531356811523,64.78588104248047,-62.99776840209961,-90.51526641845703,36.70274353027344,2.903130531311035,7.307531356811523,64.78588104248047,-62.99776840209961,-90.51526641845703,36.70274353027344,36.855838225701234
51.749,0,3.005063056945801,7.79182243347168,64.76608276367188,-63.576019287109375,-90.47090911865234,36.56504821777344,3.005063056945801,7.79182243347168,64.76608276367188,-63.576019287109375,-90.47090911865234,36.56504821777344,36.855838225701234
51.787,0,2.9988560676574707,8.02760124206543,64.71697998046875,-63.81644058227539,-90.40812683105469,36.52601623535156,2.9988560676574707,8.02760124206543,64.71697998046875,-63.81644058227539,-90.40812683105469,36.52601623535156,36.855838225701234
51.819,0,2.6872496604919434,8.719209671020508,64.44644165039062,-64.30198669433594,-90.4766845703125,36.64544677734375,2.6872496604919434,8.719209671020508,64.44644165039062,-64.30198669433594,-90.4766845703125,36.64544677734375,36.79060665362035
51.889,0,2.5797805786132812,7.86543083190918,65.1200180053711,-63.949371337890625,-90.47969818115234,36.473384857177734,2.5797805786132812,7.86543083190918,65.1200180053711,-63.949371337890625,-90.47969818115234,36.473384857177734,36.79060665362035
51.914,0,2.6159634590148926,8.434816360473633,64.5372085571289,-63.98257827758789,-90.46272277832031,36.59621810913086,2.6159634590148926,8.434816360473633,64.5372085571289,-63.98257827758789,-90.46272277832031,36.59621810913086,36.79060665362035
51.947,0,2.8286471366882324,8.754976272583008,64.45458984375,-64.32121276855469,-90.36539459228516,36.539833068847656,2.8286471366882324,8.754976272583008,64.45458984375,-64.32121276855469,-90.36539459228516,36.539833068847656,36.79060665362035
51.980,0,2.773702621459961,9.848421096801758,64.06413269042969,-65.19708251953125,-90.39574432373047,36.83727264404297,2.773702621459961,9.848421096801758,64.06413269042969,-65.19708251953125,-90.39574432373047,36.83727264404297,36.79060665362035
52.018,0,2.6678924560546875,9.046842575073242,64.7221908569336,-64.88371276855469,-90.38996124267578,36.676795959472656,2.6678924560546875,9.046842575073242,64.7221908569336,-64.88371276855469,-90.38996124267578,36.676795959472656,36.79060665362035
52.048,0,2.7583699226379395,9.300004959106445,64.23056030273438,-64.6336669921875,-90.3648452758789,36.75147247314453,2.7583699226379395,9.300004959106445,64.23056030273438,-64.6336669921875,-90.3648452758789,36.75147247314453,36.79060665362035
52.081,0,2.8375496864318848,9.831354141235352,64.03248596191406,-65.16439056396484,-90.28214263916016,36.69762420654297,2.8375496864318848,9.831354141235352,64.03248596191406,-65.16439056396484,-90.28214263916016,36.69762420654297,36.79060665362035
52.116,0,2.4533567428588867,10.488840103149414,63.783447265625,-65.62861633300781,-90.3136215209961,36.85047912597656,2.4533567428588867,10.488840103149414,63.783447265625,-65.62861633300781,-90.3136215209961,36.85047912597656,36.79060665362035
52.149,0,2.352381706237793,9.596658706665039,64.55609893798828,-65.32174682617188,-90.33863067626953,36.51274490356445,2.352381706237793,9.596658706665039,64.55609893798828,-65.32174682617188,-90.33863067626953,36.51274490356445,36.79060665362035
52.181,0,2.422530174255371,9.973283767700195,64.01199340820312,-65.17105102539062,-90.3092269897461,36.63484191894531,2.422530174255371,9.973283767700195,64.01199340820312,-65.17105102539062,-90.3092269897461,36.63484191894531,36.79060665362035
52.216,0,2.5550012588500977,10.36469841003418,64.05116271972656,-65.76408386230469,-90.20543670654297,36.61412811279297,2.5550012588500977,10.36469841003418,64.05116271972656,-65.76408386230469,-90.20543670654297,36.61412811279297,36.79060665362035
52.249,0,2.2250452041625977,10.598989486694336,64.00984191894531,-65.9080581665039,-90.2491683959961,36.671627044677734,2.2250452041625977,10.598989486694336,64.00984191894531,-65.9080581665039,-90.2491683959961,36.671627044677734,36.79060665362035
52.283,0,2.2006635665893555,9.858762741088867,64.66321563720703,-65.68780517578125,-90.23719787597656,36.506858825683594,2.2006635665893555,9.858762741088867,64.66321563720703,-65.68780517578125,-90.23719787597656,36.506858825683594,36.79060665362035
52.318,0,2.1642136573791504,9.681886672973633,64.34138488769531,-65.10897827148438,-90.23870849609375,36.54070281982422,2.1642136573791504,9.681886672973633,64.34138488769531,-65.10897827148438,-90.23870849609375,36.54070281982422,36.79060665362035
52.349,0,2.068483352661133,9.882928848266602,64.44288635253906,-65.51390075683594,-90.15171813964844,36.54823684692383,2.068483352661133,9.882928848266602,64.44288635253906,-65.51390075683594,-90.15171813964844,36.54823684692383,36.79060665362035
52.385,0,1.727894902229309,10.016584396362305,64.4653549194336,-65.65444946289062,-90.20555114746094,36.61798095703125,1.727894902229309,10.016584396362305,64.4653549194336,-65.65444946289062,-90.20555114746094,36.61798095703125,36.79060665362035
52.417,0,1.6637240648269653,9.28398323059082,65.11981201171875,-65.46065521240234,-90.2110824584961,36.46049499511719,1.6637240648269653,9.28398323059082,65.11981201171875,-65.46065521240234,-90.2110824584961,36.46049499511719,36.79060665362035
52.451,0,1.4708150625228882,9.006288528442383,64.85629272460938,-64.77224731445312,-90.25483703613281,36.45958709716797,1.4708150625228882,9.006288528442383,64.85629272460938,-64.77224731445312,-90.25483703613281,36.45958709716797,36.79060665362035
52.483,0,1.371780514717102,9.59202766418457,64.69992065429688,-65.32769775390625,-90.1941146850586,36.58116149902344,1.371780514717102,9.59202766418457,64.69992065429688,-65.32769775390625,-90.1941146850586,36.58116149902344,36.79060665362035
52.519,0,1.03245210647583,9.848470687866211,64.66143035888672,-65.53443145751953,-90.25468444824219,36.64670944213867,1.03245210647583,9.848470687866211,64.66143035888672,-65.53443145751953,-90.25468444824219,36.64670944213867,36.79060665362035
52.550,0,1.4086581468582153,9.193700790405273,65.08153533935547,-65.25048828125,-90.2091064453125,36.54471969604492,1.4086581468582153,9.193700790405273,65.08153533935547,-65.25048828125,-90.2091064453125,36.54471969604492,36.79060665362035
52.588,0,1.2318989038467407,8.864919662475586,64.84635162353516,-64.55218505859375,-90.26167297363281,36.524925231933594,1.2318989038467407,8.864919662475586,64.84635162353516,-64.55218505859375,-90.26167297363281,36.524925231933594,36.79060665362035
52.618,0,1.3543368577957153,9.265039443969727,64.78050231933594,-65.00550079345703,-90.15826416015625,36.54130172729492,1.3543368577957153,9.265039443969727,64.78050231933594,-65.00550079345703,-90.15826416015625,36.54130172729492,36.79060665362035
52.654,0,0.9688795804977417,9.622190475463867,64.70027923583984,-65.31614685058594,-90.22308349609375,36.65162658691406,0.9688795804977417,9.622190475463867,64.70027923583984,-65.31614685058594,-90.22308349609375,36.65162658691406,36.79060665362035
52.685,0,1.29775869846344,8.879316329956055,65.1250991821289,-64.93912506103516,-90.18222045898438,36.550697326660156,1.29775869846344,8.879316329956055,65.1250991821289,-64.93912506103516,-90.18222045898438,36.550697326660156,36.79060665362035
52.719,0,1.4957493543624878,8.66691780090332,64.78634643554688,-64.34957885742188,-90.2049789428711,36.58941650390625,1.4957493543624878,8.66691780090332,64.78634643554688,-64.34957885742188,-90.2049789428711,36.58941650390625,36.79060665362035
52.753,0,1.6064199209213257,8.99266242980957,64.7852783203125,-64.78596496582031,-90.11697387695312,36.53445816040039,1.6064199209213257,8.99266242980957,64.7852783203125,-64.78596496582031,-90.11697387695312,36.53445816040039,36.79060665362035
52.786,0,1.32807195186615,9.750955581665039,64.52299499511719,-65.45233917236328,-90.18240356445312,36.81073760986328,1.32807195186615,9.750955581665039,64.52299499511719,-65.45233917236328,-90.18240356445312,36.81073760986328,36.79060665362035
52.820,0,1.5988885164260864,8.991777420043945,65.09038543701172,-65.23067474365234,-90.15383911132812,36.683494567871094,1.5988885164260864,8.991777420043945,65.09038543701172,-65.23067474365234,-90.15383911132812,36.683494567871094,36.79060665362035
52.852,0,1.6818307638168335,8.752016067504883,64.79450225830078,-64.67532348632812,-90.15459442138672,36.643028259277344,1.6818307638168335,8.752016067504883,64.79450225830078,-64.67532348632812,-90.15459442138672,36.643028259277344,36.79060665362035
52.889,0,1.8149665594100952,9.049531936645508,64.7578125,-65.04557800292969,-90.06900787353516,36.55829620361328,1.8149665594100952,9.049531936645508,64.7578125,-65.04557800292969,-90.06900787353516,36.55829620361328,36.79060665362035
52.919,0,1.5200427770614624,9.502229690551758,64.6510009765625,-65.46348571777344,-90.15959930419922,36.68080139160156,1.5200427770614624,9.502229690551758,64.6510009765625,-65.46348571777344,-90.15959930419922,36.68080139160156,36.79060665362035
52.955,0,1.790354609489441,8.691949844360352,65.19218444824219,-65.13262176513672,-90.116943359375,36.62852096557617,1.790354609489441,8.691949844360352,65.19218444824219,-65.13262176513672,-90.116943359375,36.62852096557617,36.79060665362035
52.986,0,2.1604976654052734,8.471227645874023,64.8681640625,-64.57968139648438,-90.09729766845703,36.622005462646484,2.1604976654052734,8.471227645874023,64.8681640625,-64.57968139648438,-90.09729766845703,36.622005462646484,36.79060665362035
53.021,0,2.256908416748047,8.657648086547852,64.89115142822266,-64.89723205566406,-90.03190612792969,36.476524353027344,2.256908416748047,8.657648086547852,64.89115142822266,-64.89723205566406,-90.03190612792969,36.476524353027344,36.79060665362035
53.054,0,1.9746860265731812,8.84840202331543,64.8895263671875,-65.13687896728516,-90.12605285644531,36.56051254272461,1.9746860265731812,8.84840202331543,64.8895263671875,-65.13687896728516,-90.12605285644531,36.56051254272461,36.79060665362035
53.089,0,2.3893933296203613,8.104269027709961,65.43008422851562,-64.89611053466797,-90.06407928466797,36.549190521240234,2.3893933296203613,8.104269027709961,65.43008422851562,-64.89611053466797,-90.06407928466797,36.549190521240234,36.79060665362035
53.120,0,2.4977545738220215,7.59080696105957,65.28425598144531,-64.12841796875,-90.11050415039062,36.44630432128906,2.4977545738220215,7.59080696105957,65.28425598144531,-64.12841796875,-90.11050415039062,36.44630432128906,36.79060665362035
53.156,0,2.7808375358581543,7.346246719360352,65.4991683959961,-64.14160919189453,-90.0548095703125,36.314476013183594,2.7808375358581543,7.346246719360352,65.4991683959961,-64.14160919189453,-90.0548095703125,36.314476013183594,36.79060665362035
53.189,0,2.548030376434326,7.607038497924805,65.40286254882812,-64.36251068115234,-90.144775390625,36.454490661621094,2.548030376434326,7.607038497924805,65.40286254882812,-64.36251068115234,-90.144775390625,36.454490661621094,36.79060665362035
53.220,0,2.7909679412841797,6.845026016235352,65.90988159179688,-64.03941345214844,-90.10142517089844,36.458282470703125,2.7909679412841797,6.845026016235352,65.90988159179688,-64.03941345214844,-90.10142517089844,36.458282470703125,36.79060665362035
53.256,0,2.551640033721924,6.506349563598633,65.7357177734375,-63.39478302001953,-90.1399917602539,36.37421417236328,2.551640033721924,6.506349563598633,65.7357177734375,-63.39478302001953,-90.1399917602539,36.37421417236328,36.72537508153946
53.288,0,2.858356475830078,6.279130935668945,65.93064880371094,-63.42059326171875,-90.07357788085938,36.236045837402344,2.858356475830078,6.279130935668945,65.93064880371094,-63.42059326171875,-90.07357788085938,36.236045837402344,36.72537508153946
53.323,0,2.6708688735961914,6.957662582397461,65.77310180664062,-64.08840942382812,-90.1551284790039,36.419586181640625,2.6708688735961914,6.957662582397461,65.77310180664062,-64.08840942382812,-90.1551284790039,36.419586181640625,36.66014350945858
53.355,0,3.053074836730957,6.222539901733398,66.33056640625,-63.874263763427734,-90.09742736816406,36.403053283691406,3.053074836730957,6.222539901733398,66.33056640625,-63.874263763427734,-90.09742736816406,36.403053283691406,36.66014350945858
53.391,0,2.862567901611328,5.83338737487793,66.1470718383789,-63.18256378173828,-90.12422943115234,36.34269714355469,2.862567901611328,5.83338737487793,66.1470718383789,-63.18256378173828,-90.12422943115234,36.34269714355469,36.66014350945858
53.422,0,2.8015384674072266,6.081186294555664,66.16937255859375,-63.544525146484375,-90.06283569335938,36.300785064697266,2.8015384674072266,6.081186294555664,66.16937255859375,-63.544525146484375,-90.06283569335938,36.300785064697266,36.66014350945858
53.457,0,2.621574878692627,6.628438949584961,66.03829956054688,-64.06517791748047,-90.14116668701172,36.465003967285156,2.621574878692627,6.628438949584961,66.03829956054688,-64.06517791748047,-90.14116668701172,36.465003967285156,36.79060665362035
53.490,0,2.825298309326172,5.903448104858398,66.58013153076172,-63.83659744262695,-90.10748291015625,36.34510803222656,2.825298309326172,5.903448104858398,66.58013153076172,-63.83659744262695,-90.10748291015625,36.34510803222656,36.79060665362035
53.521,0,2.5342187881469727,5.505674362182617,66.35906982421875,-63.08956527709961,-90.13224029541016,36.2965087890625,2.5342187881469727,5.505674362182617,66.35906982421875,-63.08956527709961,-90.13224029541016,36.2965087890625,36.66014350945858
53.559,0,2.971841812133789,5.561948776245117,66.35242462158203,-63.20705795288086,-90.06672668457031,36.26913833618164,2.971841812133789,5.561948776245117,66.35242462158203,-63.20705795288086,-90.06672668457031,36.26913833618164,36.66014350945858
53.589,0,2.7690563201904297,6.310983657836914,66.11278533935547,-63.79289627075195,-90.1295394897461,36.500823974609375,2.7690563201904297,6.310983657836914,66.11278533935547,-63.79289627075195,-90.1295394897461,36.500823974609375,36.66014350945858
53.624,0,3.0089211463928223,5.629316329956055,66.62390899658203,-63.576683044433594,-90.09236145019531,36.4271125793457,3.0089211463928223,5.629316329956055,66.62390899658203,-63.576683044433594,-90.09236145019531,36.4271125793457,36.66014350945858
53.657,0,2.996678352355957,5.183050155639648,66.31983184814453,-62.70170974731445,-90.11190795898438,36.3695182800293,2.996678352355957,5.183050155639648,66.31983184814453,-62.70170974731445,-90.11190795898438,36.3695182800293,36.66014350945858
53.691,0,3.42775297164917,5.224782943725586,66.30947875976562,-62.7907829284668,-90.04491424560547,36.38949203491211,3.42775297164917,5.224782943725586,66.30947875976562,-62.7907829284668,-90.04491424560547,36.38949203491211,36.66014350945858
53.722,0,3.2542901039123535,5.825235366821289,66.10982513427734,-63.24278259277344,-90.10509490966797,36.577903747558594,3.2542901039123535,5.825235366821289,66.10982513427734,-63.24278259277344,-90.10509490966797,36.577903747558594,36.66014350945858
53.757,0,3.5642738342285156,5.172868728637695,66.6103515625,-63.045921325683594,-90.07374572753906,36.455963134765625,3.5642738342285156,5.172868728637695,66.6103515625,-63.045921325683594,-90.07374572753906,36.455963134765625,36.66014350945858
53.790,0,2.9676904678344727,4.78367805480957,66.4225845336914,-62.254695892333984,-90.16342163085938,36.378883361816406,2.9676904678344727,4.78367805480957,66.4225845336914,-62.254695892333984,-90.16342163085938,36.378883361816406,36.66014350945858
53.826,0,3.119879722595215,4.823671340942383,66.40033721923828,-62.3233528137207,-90.12618255615234,36.360694885253906,3.119879722595215,4.823671340942383,66.40033721923828,-62.3233528137207,-90.12618255615234,36.360694885253906,36.66014350945858
53.857,0,3.828850746154785,5.544046401977539,66.09233093261719,-62.88035202026367,-90.0842514038086,36.59780502319336,3.828850746154785,5.544046401977539,66.09233093261719,-62.88035202026367,-90.0842514038086,36.59780502319336,36.66014350945858
53.894,0,3.940084457397461,4.76194953918457,66.70755767822266,-62.62529754638672,-90.06773376464844,36.54840850830078,3.940084457397461,4.76194953918457,66.70755767822266,-62.62529754638672,-90.06773376464844,36.54840850830078,36.66014350945858
53.923,0,3.3419313430786133,4.31309700012207,66.54708099365234,-61.78071975708008,-90.16161346435547,36.390113830566406,3.3419313430786133,4.31309700012207,66.54708099365234,-61.78071975708008,-90.16161346435547,36.390113830566406,36.66014350945858
53.960,0,3.347825527191162,4.959009170532227,66.27688598632812,-62.33608627319336,-90.09242248535156,36.44213104248047,3.347825527191162,4.959009170532227,66.27688598632812,-62.33608627319336,-90.09242248535156,36.44213104248047,36.66014350945858
53.991,0,3.908940315246582,6.138692855834961,65.79730987548828,-63.27873229980469,-90.06863403320312,36.7434196472168,3.908940315246582,6.138692855834961,65.79730987548828,-63.27873229980469,-90.06863403320312,36.7434196472168,36.66014350945858
54.027,0,4.007662773132324,5.256631851196289,66.52246856689453,-62.99064636230469,-90.06169891357422,36.63311004638672,4.007662773132324,5.256631851196289,66.52246856689453,-62.99064636230469,-90.06169891357422,36.63311004638672,36.66014350945858
54.057,0,3.457150459289551,4.829950332641602,66.35919952392578,-62.17892074584961,-90.14875030517578,36.47492599487305,3.457150459289551,4.829950332641602,66.35919952392578,-62.17892074584961,-90.14875030517578,36.47492599487305,36.66014350945858
54.092,0,3.3840694427490234,5.457212448120117,66.16190338134766,-62.735679626464844,-90.09011840820312,36.597347259521484,3.3840694427490234,5.457212448120117,66.16190338134766,-62.735679626464844,-90.09011840820312,36.597347259521484,36.66014350945858
54.127,0,3.936915874481201,6.862482070922852,65.59077453613281,-63.87788009643555,-90.07450103759766,36.940887451171875,3.936915874481201,6.862482070922852,65.59077453613281,-63.87788009643555,-90.07450103759766,36.940887451171875,36.66014350945858
54.159,0,4.20134973526001,5.914068222045898,66.32284545898438,-63.550140380859375,-90.0390396118164,36.82813262939453,4.20134973526001,5.914068222045898,66.32284545898438,-63.550140380859375,-90.0390396118164,36.82813262939453,36.66014350945858
54.195,0,4.125321388244629,5.722772598266602,65.89041900634766,-62.81605911254883,-90.0400390625,36.8712272644043,4.125321388244629,5.722772598266602,65.89041900634766,-62.81605911254883,-90.0400390625,36.8712272644043,36.66014350945858
54.226,0,4.064172744750977,6.489870071411133,65.60502624511719,-63.464271545410156,-89.9892807006836,37.03208541870117,4.064172744750977,6.489870071411133,65.60502624511719,-63.464271545410156,-89.9892807006836,37.03208541870117,36.66014350945858
54.262,0,4.024821758270264,7.068410873413086,65.40422058105469,-63.924285888671875,-90.02934265136719,37.24252700805664,4.024821758270264,7.068410873413086,65.40422058105469,-63.924285888671875,-90.02934265136719,37.24252700805664,36.66014350945858
54.293,0,4.0734429359436035,6.200311660766602,66.09333801269531,-63.58824157714844,-90.01589965820312,37.17873764038086,4.0734429359436035,6.200311660766602,66.09333801269531,-63.58824157714844,-90.01589965820312,37.17873764038086,36.66014350945858
54.329,0,3.859243869781494,6.109140396118164,65.71011352539062,-62.99894714355469,-90.0127944946289,37.211944580078125,3.859243869781494,6.109140396118164,65.71011352539062,-62.99894714355469,-90.0127944946289,37.211944580078125,36.72537508153946
54.361,0,3.361368179321289,6.62907600402832,65.53103637695312,-63.403587341308594,-89.97573852539062,37.26715850830078,3.361368179321289,6.62907600402832,65.53103637695312,-63.403587341308594,-89.97573852539062,37.26715850830078,36.79060665362035
54.394,0,3.292509078979492,7.256174087524414,65.28443145751953,-63.91108703613281,-90.02406311035156,37.579166412353516,3.292509078979492,7.256174087524414,65.28443145751953,-63.91108703613281,-90.02406311035156,37.579166412353516,36.79060665362035
54.429,0,3.502645492553711,6.46251106262207,65.79341125488281,-63.48772430419922,-89.98635864257812,37.49781799316406,3.502645492553711,6.46251106262207,65.79341125488281,-63.48772430419922,-89.98635864257812,37.49781799316406,36.79060665362035
54.461,0,3.6674704551696777,6.398782730102539,65.31624603271484,-62.86576461791992,-89.94208526611328,37.55704116821289,3.6674704551696777,6.398782730102539,65.31624603271484,-62.86576461791992,-89.94208526611328,37.55704116821289,36.921069797782124
54.496,0,3.9836654663085938,7.191682815551758,65.02140045166016,-63.502681732177734,-89.82792663574219,37.77061462402344,3.9836654663085938,7.191682815551758,65.02140045166016,-63.502681732177734,-89.82792663574219,37.77061462402344,37.11676451402479
54.528,0,3.9029316902160645,7.909528732299805,64.73663330078125,-64.05611419677734,-89.87214660644531,38.165836334228516,3.9029316902160645,7.909528732299805,64.73663330078125,-64.05611419677734,-89.87214660644531,38.165836334228516,37.18199608610567
54.562,0,4.135056972503662,7.046850204467773,65.26915740966797,-63.59966278076172,-89.83515167236328,38.0516357421875,4.135056972503662,7.046850204467773,65.26915740966797,-63.59966278076172,-89.83515167236328,38.0516357421875,37.24722765818656
54.597,0,3.7584452629089355,6.982637405395508,64.88833618164062,-63.074283599853516,-89.8403091430664,38.18595886230469,3.7584452629089355,6.982637405395508,64.88833618164062,-63.074283599853516,-89.8403091430664,38.18595886230469,37.44292237442922
54.628,0,3.405867576599121,7.398466110229492,64.7974853515625,-63.49250793457031,-89.8388442993164,38.23531723022461,3.405867576599121,7.398466110229492,64.7974853515625,-63.49250793457031,-89.8388442993164,38.23531723022461,37.70384866275277
54.664,0,3.2964940071105957,7.898317337036133,64.60555267333984,-63.90078353881836,-89.87142181396484,38.54849624633789,3.2964940071105957,7.898317337036133,64.60555267333984,-63.90078353881836,-89.87142181396484,38.54849624633789,37.70384866275277
54.696,0,3.5532875061035156,7.166399002075195,65.12718200683594,-63.584014892578125,-89.8343734741211,38.445411682128906,3.5532875061035156,7.166399002075195,65.12718200683594,-63.584014892578125,-89.8343734741211,38.445411682128906,37.76908023483366
54.728,0,3.1675710678100586,7.009622573852539,64.72925567626953,-62.92650604248047,-89.83805847167969,38.54985809326172,3.1675710678100586,7.009622573852539,64.72925567626953,-62.92650604248047,-89.83805847167969,38.54985809326172,37.83431180691454
54.761,0,2.814462661743164,7.529668807983398,64.57225036621094,-63.37395477294922,-89.81749725341797,38.58481979370117,2.814462661743164,7.529668807983398,64.57225036621094,-63.37395477294922,-89.81749725341797,38.58481979370117,38.030006523157205
54.799,0,2.7372398376464844,7.759241104125977,64.5128173828125,-63.574424743652344,-89.8597412109375,38.722618103027344,2.7372398376464844,7.759241104125977,64.5128173828125,-63.574424743652344,-89.8597412109375,38.722618103027344,38.095238095238095
54.828,0,2.961236000061035,6.98469352722168,65.03922271728516,-63.205162048339844,-89.82136535644531,38.61061477661133,2.961236000061035,6.98469352722168,65.03922271728516,-63.205162048339844,-89.82136535644531,38.61061477661133,38.22570123939987
54.863,0,2.574512481689453,6.674516677856445,64.70657348632812,-62.417381286621094,-89.82244110107422,38.68478012084961,2.574512481689453,6.674516677856445,64.70657348632812,-62.417381286621094,-89.82244110107422,38.68478012084961,38.35616438356164
54.896,0,2.178004264831543,7.028688430786133,64.66265869140625,-62.727378845214844,-89.81800842285156,38.693389892578125,2.178004264831543,7.028688430786133,64.66265869140625,-62.727378845214844,-89.81800842285156,38.693389892578125,38.35616438356164
54.932,0,2.116515636444092,7.092988967895508,64.67355346679688,-62.8233528137207,-89.87512969970703,38.75044250488281,2.116515636444092,7.092988967895508,64.67355346679688,-62.8233528137207,-89.87512969970703,38.75044250488281,38.35616438356164
54.963,0,1.9476624727249146,6.257410049438477,65.41558837890625,-62.555538177490234,-89.89762878417969,38.575767517089844,1.9476624727249146,6.257410049438477,65.41558837890625,-62.555538177490234,-89.89762878417969,38.575767517089844,38.35616438356164
54.998,0,1.4693363904953003,6.082338333129883,65.0138168334961,-61.84078598022461,-89.91597747802734,38.63535690307617,1.4693363904953003,6.082338333129883,65.0138168334961,-61.84078598022461,-89.91597747802734,38.63535690307617,38.35616438356164
55.030,0,1.1108320951461792,6.597536087036133,64.85199737548828,-62.2590446472168,-89.91785430908203,38.58218765258789,1.1108320951461792,6.597536087036133,64.85199737548828,-62.2590446472168,-89.91785430908203,38.58218765258789,38.35616438356164
55.066,0,1.0628876686096191,6.970983505249023,64.70170593261719,-62.55643844604492,-89.9635238647461,38.669700622558594,1.0628876686096191,6.970983505249023,64.70170593261719,-62.55643844604492,-89.9635238647461,38.669700622558594,38.35616438356164
55.095,0,0.8096127510070801,6.17487907409668,65.41368865966797,-62.281124114990234,-89.99131774902344,38.495208740234375,0.8096127510070801,6.17487907409668,65.41368865966797,-62.281124114990234,-89.99131774902344,38.495208740234375,38.35616438356164
55.132,0,0.35450243949890137,6.033140182495117,64.97807312011719,-61.5711555480957,-90.01241302490234,38.59644317626953,0.35450243949890137,6.033140182495117,64.97807312011719,-61.5711555480957,-90.01241302490234,38.59644317626953,38.35616438356164
55.168,0,-0.09599238634109497,6.475320816040039,64.89977264404297,-61.98577880859375,-90.03849792480469,38.581295013427734,-0.09599238634109497,6.475320816040039,64.89977264404297,-61.98577880859375,-90.03849792480469,38.581295013427734,38.35616438356164
55.199,0,0.10689753293991089,7.035943984985352,64.56159210205078,-62.24955368041992,-90.02092742919922,38.75815200805664,0.10689753293991089,7.035943984985352,64.56159210205078,-62.24955368041992,-90.02092742919922,38.75815200805664,38.35616438356164
55.228,0,-0.27462470531463623,6.326921463012695,65.24925994873047,-62.045440673828125,-90.0687026977539,38.654693603515625,-0.27462470531463634,6.326921463012695,65.24925994873047,-62.045440673828125,-90.0687026977539,38.654693603515625,38.35616438356164
55.267,0,-0.7054879665374756,6.696432113647461,65.19459533691406,-62.370323181152344,-90.07730102539062,38.54230499267578,-0.7054879665374756,6.696432113647461,65.19459533691406,-62.370323181152344,-90.07730102539062,38.54230499267578,38.35616438356164
55.299,0,-0.7689691185951233,7.550630569458008,64.83598327636719,-63.03119659423828,-90.12174987792969,38.884437561035156,-0.7689691185951233,7.550630569458008,64.83598327636719,-63.03119659423828,-90.12174987792969,38.884437561035156,38.35616438356164
55.332,0,-0.836607813835144,6.766599655151367,65.54370880126953,-62.788631439208984,-90.10179901123047,38.69063949584961,-0.836607813835144,6.766599655151367,65.54370880126953,-62.788631439208984,-90.10179901123047,38.69063949584961,38.35616438356164
55.366,0,-0.9112527966499329,6.444059371948242,65.25707244873047,-62.043540954589844,-90.14390563964844,38.601749420166016,-0.9112527966499329,6.444059371948242,65.25707244873047,-62.043540954589844,-90.14390563964844,38.601749420166016,38.35616438356164
55.399,0,-1.3926196098327637,6.938932418823242,65.16822052001953,-62.497901916503906,-90.16073608398438,38.62151336669922,-1.3926196098327637,6.938932418823242,65.16822052001953,-62.497901916503906,-90.16073608398438,38.62151336669922,38.486627527723414
55.434,0,-1.4335891008377075,7.649797439575195,64.88382720947266,-63.09318161010742,-90.202392578125,38.91911315917969,-1.4335891008377075,7.649797439575195,64.88382720947266,-63.09318161010742,-90.202392578125,38.91911315917969,38.486627527723414
55.465,0,-1.2550408840179443,6.807039260864258,65.49540710449219,-62.715938568115234,-90.12989044189453,38.835166931152344,-1.2550408840179443,6.807039260864258,65.49540710449219,-62.715938568115234,-90.12989044189453,38.835166931152344,38.486627527723414
55.500,0,-1.3115897178649902,6.427366256713867,65.2557601928711,-61.99781036376953,-90.1750717163086,38.80678176879883,-1.3115897178649902,6.427366256713867,65.2557601928711,-61.99781036376953,-90.1750717163086,38.80678176879883,38.486627527723414
55.532,0,-1.8222914934158325,6.999982833862305,65.1020736694336,-62.47673416137695,-90.19403076171875,38.86070251464844,-1.8222914934158325,6.999982833862305,65.1020736694336,-62.47673416137695,-90.19403076171875,38.86070251464844,38.486627527723414
55.569,0,-1.8557608127593994,7.685052871704102,64.79873657226562,-62.99244689941406,-90.2298355102539,39.211761474609375,-1.8557608127593994,7.685052871704102,64.79873657226562,-62.99244689941406,-90.2298355102539,39.211761474609375,38.486627527723414
55.598,0,-1.6954466104507446,6.919649124145508,65.43089294433594,-62.71730041503906,-90.16893005371094,39.10786056518555,-1.6954466104507446,6.919649124145508,65.43089294433594,-62.71730041503906,-90.16893005371094,39.10786056518555,38.486627527723414
55.636,0,-1.773909568786621,6.51207160949707,65.23796081542969,-62.01710891723633,-90.2056655883789,39.064937591552734,-1.773909568786621,6.51207160949707,65.23796081542969,-62.01710891723633,-90.2056655883789,39.064937591552734,38.551859099804304
55.666,0,-2.1870217323303223,6.990095138549805,65.15437316894531,-62.43049621582031,-90.20213317871094,39.141448974609375,-2.1870217323303223,6.990095138549805,65.15437316894531,-62.43049621582031,-90.20213317871094,39.141448974609375,38.74755381604697
55.701,0,-2.0361568927764893,8.030401229858398,64.68445587158203,-63.19948959350586,-90.21791076660156,39.53209686279297,-2.0361568927764893,8.030401229858398,64.68445587158203,-63.19948959350586,-90.21791076660156,39.53209686279297,38.74755381604697
55.733,0,-1.8602908849716187,7.31568717956543,65.29373168945312,-62.96321487426758,-90.15235137939453,39.42741394042969,-1.8602908849716187,7.31568717956543,65.29373168945312,-62.96321487426758,-90.15235137939453,39.42741394042969,38.74755381604697
55.771,0,-1.9649648666381836,7.041330337524414,64.97992706298828,-62.27274703979492,-90.16558074951172,39.488555908203125,-1.9649648666381836,7.041330337524414,64.97992706298828,-62.27274703979492,-90.16558074951172,39.488555908203125,38.81278538812785
55.798,0,-2.3494651317596436,7.375333786010742,65.04158020019531,-62.683658599853516,-90.17552947998047,39.53041076660156,-2.3494651317596436,7.375333786010742,65.04158020019531,-62.683658599853516,-90.17552947998047,39.53041076660156,39.00848010437051
55.834,0,-2.097388744354248,7.946706771850586,64.76820373535156,-63.11260223388672,-90.2010269165039,39.76709747314453,-2.097388744354248,7.946706771850586,64.76820373535156,-63.11260223388672,-90.2010269165039,39.76709747314453,39.138943248532286
55.868,0,-1.979184627532959,7.226095199584961,65.382568359375,-62.89529037475586,-90.15176391601562,39.68589782714844,-1.979184627532959,7.226095199584961,65.382568359375,-62.89529037475586,-90.15176391601562,39.68589782714844,39.138943248532286
55.902,0,-2.067206621170044,7.034124374389648,64.99848175048828,-62.171470642089844,-90.15382385253906,39.79159927368164,-2.067206621170044,7.034124374389648,64.99848175048828,-62.171470642089844,-90.15382385253906,39.79159927368164,39.204174820613176
55.935,0,-2.486428737640381,7.486337661743164,64.95791625976562,-62.62686538696289,-90.17894744873047,39.8211669921875,-2.486428737640381,7.486337661743164,64.95791625976562,-62.62686538696289,-90.17894744873047,39.8211669921875,39.33463796477495
55.969,0,-2.7483901977539062,7.546697616577148,65.02285766601562,-62.714988708496094,-90.23433685302734,39.744422912597656,-2.7483901977539062,7.546697616577148,65.02285766601562,-62.714988708496094,-90.23433685302734,39.744422912597656,39.33463796477495
56.001,0,-2.583627223968506,6.743566513061523,65.64461517333984,-62.36951446533203,-90.1706771850586,39.71132278442383,-2.583627223968506,6.743566513061523,65.64461517333984,-62.36951446533203,-90.1706771850586,39.71132278442383,39.46510110893672
56.037,0,-2.2073872089385986,6.89354133605957,65.0195083618164,-61.868263244628906,-90.11670684814453,39.96971893310547,-2.2073872089385986,6.89354133605957,65.0195083618164,-61.868263244628906,-90.11670684814453,39.96971893310547,39.53033268101761
56.068,0,-1.6271426677703857,7.354272842407227,64.82979583740234,-62.248016357421875,-90.05957794189453,39.93212890625,-1.6271426677703857,7.354272842407227,64.82979583740234,-62.248016357421875,-90.05957794189453,39.93212890625,39.53033268101761
56.104,0,-2.039714813232422,7.575098037719727,64.77147674560547,-62.4245719909668,-90.12454986572266,39.891441345214844,-2.039714813232422,7.575098037719727,64.77147674560547,-62.4245719909668,-90.12454986572266,39.891441345214844,39.53033268101761
56.135,0,-1.7875728607177734,6.896547317504883,65.36473846435547,-62.1727294921875,-90.04914855957031,39.83005905151367,-1.7875728607177734,6.896547317504883,65.36473846435547,-62.1727294921875,-90.04914855957031,39.83005905151367,39.53033268101761
56.171,0,-2.081355333328247,6.431413650512695,65.19793701171875,-61.349483489990234,-90.08139038085938,39.81700134277344,-2.081355333328247,6.431413650512695,65.19793701171875,-61.349483489990234,-90.08139038085938,39.81700134277344,39.53033268101761
56.202,0,-2.06203031539917,7.030031204223633,65.09378051757812,-62.004371643066406,-90.04254913330078,39.83250427246094,-2.06203031539917,7.030031204223633,65.09378051757812,-62.004371643066406,-90.04254913330078,39.83250427246094,39.53033268101761
56.235,0,-2.293801784515381,7.126314163208008,65.12052154541016,-62.077659606933594,-90.08586120605469,39.699623107910156,-2.293801784515381,7.126314163208008,65.12052154541016,-62.077659606933594,-90.08586120605469,39.699623107910156,39.53033268101761
56.271,0,-2.071657180786133,6.166845321655273,65.89049530029297,-61.706295013427734,-90.03173828125,39.55348205566406,-2.071657180786133,6.166845321655273,65.89049530029297,-61.706295013427734,-90.03173828125,39.55348205566406,39.53033268101761
56.303,0,-2.0449466705322266,5.665620803833008,65.76167297363281,-60.967742919921875,-90.04425811767578,39.45580291748047,-2.0449466705322266,5.665620803833008,65.76167297363281,-60.967742919921875,-90.04425811767578,39.45580291748047,39.53033268101761
56.338,0,-1.978456735610962,5.947519302368164,65.80606079101562,-61.43914031982422,-89.98690032958984,39.42450714111328,-1.978456735610962,5.947519302368164,65.80606079101562,-61.43914031982422,-89.98690032958984,39.42450714111328,39.53033268101761
56.370,0,-1.3007735013961792,6.060998916625977,65.74817657470703,-61.51555252075195,-89.94048309326172,39.27391815185547,-1.3007735013961792,6.060998916625977,65.74817657470703,-61.51555252075195,-89.94048309326172,39.27391815185547,39.53033268101761
56.402,0,-0.6433761715888977,6.189016342163086,65.73184967041016,-61.65373229980469,-89.89795684814453,39.20014953613281,-0.6433761715888977,6.189016342163086,65.73184967041016,-61.65373229980469,-89.89795684814453,39.20014953613281,39.53033268101761
56.440,0,-0.6901137828826904,5.390905380249023,66.4799575805664,-61.48031234741211,-89.88617706298828,39.0838623046875,-0.6901137828826904,5.390905380249023,66.4799575805664,-61.48031234741211,-89.88617706298828,39.0838623046875,39.53033268101761
56.470,0,-0.4000777006149292,5.017007827758789,66.17662048339844,-60.70622253417969,-89.85896301269531,39.13640594482422,-0.4000777006149292,5.017007827758789,66.17662048339844,-60.70622253417969,-89.85896301269531,39.13640594482422,39.53033268101761
56.504,0,-0.8472883701324463,4.963258743286133,66.38822937011719,-60.82282638549805,-89.8482437133789,38.98567199707031,-0.8472883701324463,4.963258743286133,66.38822937011719,-60.82282638549805,-89.8482437133789,38.98567199707031,39.53033268101761
56.539,0,-0.8318896293640137,5.465837478637695,66.20954895019531,-61.211524963378906,-89.87362670898438,39.02151107788086,-0.8318896293640137,5.465837478637695,66.20954895019531,-61.211524963378906,-89.87362670898438,39.02151107788086,39.53033268101761
56.571,0,-0.47380000352859497,4.662260055541992,66.83279418945312,-60.95161819458008,-89.81471252441406,38.90434646606445,-0.47380000352859497,4.662260055541992,66.83279418945312,-60.95161819458008,-89.81471252441406,38.90434646606445,39.39986953685584
56.604,0,-1.159883975982666,4.27747917175293,66.67741394042969,-60.24289321899414,-89.91297149658203,38.89748764038086,-1.159883975982666,4.27747917175293,66.67741394042969,-60.24289321899414,-89.91297149658203,38.89748764038086,39.26940639269406
56.637,0,-1.652406930923462,4.508020401000977,66.70278930664062,-60.561256408691406,-89.88668823242188,38.8118782043457,-1.652406930923462,4.508020401000977,66.70278930664062,-60.561256408691406,-89.88668823242188,38.8118782043457,39.26940639269406
56.671,0,-1.6795310974121094,5.420633316040039,66.35099792480469,-61.255279541015625,-89.90503692626953,39.0069694519043,-1.6795310974121094,5.420633316040039,66.35099792480469,-61.255279541015625,-89.90503692626953,39.0069694519043,39.26940639269406
56.707,0,-1.2608357667922974,4.664854049682617,66.936767578125,-60.99935531616211,-89.83069610595703,38.912254333496094,-1.2608357667922974,4.664854049682617,66.936767578125,-60.99935531616211,-89.83069610595703,38.912254333496094,39.204174820613176
56.737,0,-1.7101662158966064,4.754331588745117,66.56631469726562,-60.674522399902344,-89.86433410644531,39.04566955566406,-1.7101662158966064,4.754331588745117,66.56631469726562,-60.674522399902344,-89.86433410644531,39.04566955566406,39.138943248532286
56.773,0,-2.123147487640381,5.008153915405273,66.60637664794922,-61.038150787353516,-89.82662963867188,38.925498962402344,-2.123147487640381,5.008153915405273,66.60637664794922,-61.038150787353516,-89.82662963867188,38.925498962402344,39.138943248532286
56.805,0,-2.6449708938598633,5.367696762084961,66.47616577148438,-61.30277633666992,-89.90506744384766,38.968658447265625,-2.6449708938598633,5.367696762084961,66.47616577148438,-61.30277633666992,-89.90506744384766,38.968658447265625,39.138943248532286
56.839,0,-2.3441410064697266,4.667684555053711,67.00902557373047,-61.07183074951172,-89.84259796142578,38.92207336425781,-2.3441410064697266,4.667684555053711,67.00902557373047,-61.07183074951172,-89.84259796142578,38.92207336425781,39.138943248532286
56.873,0,-1.8842353820800781,4.606687545776367,66.48118591308594,-60.46722412109375,-89.78656768798828,39.022491455078125,-1.8842353820800781,4.606687545776367,66.48118591308594,-60.46722412109375,-89.78656768798828,39.022491455078125,39.138943248532286
56.907,0,-1.7099409103393555,5.09065055847168,66.33631134033203,-60.83722686767578,-89.67414093017578,39.1447639465332,-1.7099409103393555,5.09065055847168,66.33631134033203,-60.83722686767578,-89.67414093017578,39.1447639465332,39.138943248532286
56.938,0,-2.194413661956787,5.320745468139648,66.27247619628906,-61.005226135253906,-89.75100708007812,39.183448791503906,-2.194413661956787,5.320745468139648,66.27247619628906,-61.005226135253906,-89.75100708007812,39.183448791503906,39.138943248532286
56.975,0,-2.0747199058532715,4.693094253540039,66.841064453125,-60.8531494140625,-89.69032287597656,39.17333221435547,-2.0747199058532715,4.693094253540039,66.841064453125,-60.8531494140625,-89.69032287597656,39.17333221435547,39.138943248532286
57.007,0,-1.8344930410385132,4.511117935180664,66.28370666503906,-60.03504943847656,-89.65200805664062,39.277305603027344,-1.8344930410385132,4.511117935180664,66.28370666503906,-60.03504943847656,-89.65200805664062,39.277305603027344,39.138943248532286
57.042,0,-1.2991983890533447,5.566762924194336,65.97429656982422,-61.045127868652344,-89.5982437133789,39.50932312011719,-1.2991983890533447,5.566762924194336,65.97429656982422,-61.045127868652344,-89.5982437133789,39.50932312011719,39.138943248532286
57.075,0,-1.7975207567214966,5.740694046020508,65.92593383789062,-61.1290168762207,-89.68094635009766,39.52073669433594,-1.7975207567214966,5.740694046020508,65.92593383789062,-61.1290168762207,-89.68094635009766,39.52073669433594,39.138943248532286
57.106,0,-1.9416508674621582,5.143060684204102,66.51016235351562,-61.03840637207031,-89.66287994384766,39.51359558105469,-1.9416508674621582,5.143060684204102,66.51016235351562,-61.03840637207031,-89.66287994384766,39.51359558105469,39.138943248532286
57.142,0,-2.669074535369873,4.782655715942383,66.34979248046875,-60.278587341308594,-89.75936889648438,39.43330001831055,-2.669074535369873,4.782655715942383,66.34979248046875,-60.278587341308594,-89.75936889648438,39.43330001831055,39.138943248532286
57.171,0,-2.1551201343536377,5.600809097290039,66.037109375,-61.000186920166016,-89.7275161743164,39.636600494384766,-2.1551201343536377,5.600809097290039,66.037109375,-61.000186920166016,-89.7275161743164,39.636600494384766,39.138943248532286
57.208,0,-1.4654600620269775,7.348325729370117,65.30152130126953,-62.40373992919922,-89.6966323852539,40.16712188720703,-1.4654600620269775,7.348325729370117,65.30152130126953,-62.40373992919922,-89.6966323852539,40.16712188720703,39.138943248532286
57.244,0,-1.6221996545791626,6.67808723449707,65.88472747802734,-62.24774169921875,-89.68251037597656,40.149784088134766,-1.6221996545791626,6.67808723449707,65.88472747802734,-62.24774169921875,-89.68251037597656,40.149784088134766,39.138943248532286
57.274,0,-1.4016892910003662,6.581079483032227,65.30413055419922,-61.46258544921875,-89.66639709472656,40.31839370727539,-1.4016892910003662,6.581079483032227,65.30413055419922,-61.46258544921875,-89.66639709472656,40.31839370727539,39.33463796477495
57.310,0,-2.0289392471313477,7.407381057739258,65.0199966430664,-62.13536071777344,-89.6838150024414,40.320594787597656,-2.0289392471313477,7.407381057739258,65.0199966430664,-62.13536071777344,-89.6838150024414,40.320594787597656,39.660795825179385
57.341,0,-1.3245666027069092,9.440465927124023,64.1939926147461,-63.7803955078125,-89.64073944091797,40.949275970458984,-1.3245666027069092,9.440465927124023,64.1939926147461,-63.7803955078125,-89.64073944091797,40.949275970458984,39.79125896934116
57.377,0,-0.7668836116790771,8.788919448852539,64.68231201171875,-63.64339828491211,-89.56490325927734,40.9554443359375,-0.7668836116790771,8.788919448852539,64.68231201171875,-63.64339828491211,-89.56490325927734,40.9554443359375,39.92172211350293
57.407,0,-1.4021985530853271,8.925249099731445,64.16138458251953,-63.0732307434082,-89.5902099609375,41.13304901123047,-1.4021985530853271,8.925249099731445,64.16138458251953,-63.0732307434082,-89.5902099609375,41.13304901123047,40.05218525766471
57.444,0,-0.9437867403030396,9.161542892456055,63.87665939331055,-63.104244232177734,-89.51529693603516,41.042991638183594,-0.9437867403030396,9.161542892456055,63.87665939331055,-63.104244232177734,-89.51529693603516,41.042991638183594,40.44357469015003
57.474,0,-0.2652921676635742,11.345476150512695,62.97025680541992,-64.83943939208984,-89.47700500488281,41.72606658935547,-0.2652921676635742,11.345476150512695,62.97025680541992,-64.83943939208984,-89.47700500488281,41.72606658935547,40.63926940639269
57.511,0,0.3327610492706299,10.692464828491211,63.44024658203125,-64.68737030029297,-89.3889389038086,41.69561767578125,0.3327610492706299,10.692464828491211,63.44024658203125,-64.68737030029297,-89.3889389038086,41.69561767578125,40.704500978473575
57.542,0,0.9155958890914917,11.070707321166992,62.680931091308594,-64.32157897949219,-89.30845642089844,41.92979431152344,0.9155958890914919,11.070707321166992,62.680931091308594,-64.32157897949219,-89.30845642089844,41.92979431152344,40.834964122635355
57.577,0,1.412774920463562,11.552518844604492,62.271202087402344,-64.5204849243164,-89.22464752197266,41.932518005371094,1.412774920463562,11.552518844604492,62.271202087402344,-64.5204849243164,-89.22464752197266,41.932518005371094,41.16112198303979
57.609,0,0.8368648290634155,12.039857864379883,62.03782272338867,-64.83030700683594,-89.28504180908203,41.93983459472656,0.8368648290634155,12.039857864379883,62.03782272338867,-64.83030700683594,-89.28504180908203,41.93983459472656,41.35681669928245
57.642,0,1.4737192392349243,11.416013717651367,62.511131286621094,-64.6978988647461,-89.18232727050781,41.87819290161133,1.4737192392349243,11.416013717651367,62.511131286621094,-64.6978988647461,-89.18232727050781,41.87819290161133,41.48727984344423
57.678,0,2.094475746154785,11.720483779907227,61.74465560913086,-64.25285339355469,-89.09809875488281,42.03025817871094,2.094475746154785,11.720483779907227,61.74465560913086,-64.25285339355469,-89.09809875488281,42.03025817871094,41.55251141552511
57.712,0,2.659898281097412,12.062051773071289,61.418853759765625,-64.35237121582031,-89.00912475585938,41.90689468383789,2.659898281097412,12.062051773071289,61.418853759765625,-64.35237121582031,-89.00912475585938,41.90689468383789,41.617742987606
57.741,0,2.120551586151123,12.428838729858398,61.24454879760742,-64.56623077392578,-89.06830596923828,41.86991882324219,2.120551586151123,12.428838729858398,61.24454879760742,-64.56623077392578,-89.06830596923828,41.86991882324219,41.617742987606
57.776,0,1.7471133470535278,11.725679397583008,61.9453125,-64.39575958251953,-89.11400604248047,41.65925216674805,1.7471133470535278,11.725679397583008,61.9453125,-64.39575958251953,-89.11400604248047,41.65925216674805,41.617742987606
57.812,0,1.0187547206878662,11.816953659057617,61.67529296875,-64.05586242675781,-89.20771789550781,41.59059143066406,1.0187547206878662,11.816953659057617,61.67529296875,-64.05586242675781,-89.20771789550781,41.59059143066406,41.617742987606
57.845,0,1.8118611574172974,11.928201675415039,61.49154281616211,-64.05300903320312,-89.10664367675781,41.434471130371094,1.8118611574172974,11.928201675415039,61.49154281616211,-64.05300903320312,-89.10664367675781,41.434471130371094,41.617742987606
57.877,0,1.2475227117538452,12.157957077026367,61.378807067871094,-64.15829467773438,-89.17293548583984,41.37366485595703,1.2475227117538452,12.157957077026367,61.378807067871094,-64.15829467773438,-89.17293548583984,41.37366485595703,41.617742987606
57.918,0,0.8766181468963623,11.439725875854492,62.114437103271484,-64.02200317382812,-89.22478485107422,41.194305419921875,0.8766181468963623,11.439725875854492,62.114437103271484,-64.02200317382812,-89.22478485107422,41.194305419921875,41.617742987606
57.941,0,0.19772827625274658,11.452085494995117,61.859375,-63.61973190307617,-89.31548309326172,41.126094818115234,0.19772827625274658,11.452085494995117,61.859375,-63.61973190307617,-89.31548309326172,41.126094818115234,41.617742987606
57.978,0,0.9571031332015991,11.592432022094727,61.67079162597656,-63.61975860595703,-89.21439361572266,40.97101974487305,0.9571031332015991,11.592432022094727,61.67079162597656,-63.61975860595703,-89.21439361572266,40.97101974487305,41.617742987606
58.012,0,0.9650609493255615,12.069177627563477,61.4322624206543,-63.905616760253906,-89.25285339355469,41.02082443237305,0.9650609493255615,12.069177627563477,61.4322624206543,-63.905616760253906,-89.25285339355469,41.02082443237305,41.48727984344423
58.044,0,0.575659990310669,11.271562576293945,62.173439025878906,-63.683013916015625,-89.31108856201172,40.81389617919922,0.575659990310669,11.271562576293945,62.173439025878906,-63.683013916015625,-89.31108856201172,40.81389617919922,41.35681669928245
58.078,0,-0.07978731393814087,11.256875991821289,61.91441345214844,-63.2741813659668,-89.39622497558594,40.787879943847656,-0.07978731393814087,11.256875991821289,61.91441345214844,-63.2741813659668,-89.39622497558594,40.787879943847656,41.226353555120674
58.114,0,0.6834142208099365,11.436243057250977,61.71836853027344,-63.33322525024414,-89.29247283935547,40.62010955810547,0.6834142208099365,11.436243057250977,61.71836853027344,-63.33322525024414,-89.29247283935547,40.62010955810547,41.226353555120674
58.145,0,0.6885015964508057,11.921812057495117,61.509281158447266,-63.66893768310547,-89.33573150634766,40.73328399658203,0.6885015964508057,11.921812057495117,61.509281158447266,-63.66893768310547,-89.33573150634766,40.73328399658203,41.226353555120674
58.180,0,0.30498969554901123,11.100114822387695,62.27394104003906,-63.42374801635742,-89.39320373535156,40.511966705322266,0.30498969554901123,11.100114822387695,62.27394104003906,-63.42374801635742,-89.39320373535156,40.511966705322266,41.0958904109589
58.217,0,-0.3876616954803467,11.061906814575195,61.99449157714844,-62.9471435546875,-89.4856948852539,40.46562194824219,-0.38766169548034657,11.061906814575195,61.99449157714844,-62.9471435546875,-89.4856948852539,40.46562194824219,40.96542726679713
58.244,0,0.3781810998916626,11.271467208862305,61.78492736816406,-63.03464126586914,-89.37576293945312,40.37683868408203,0.3781810998916626,11.271467208862305,61.78492736816406,-63.03464126586914,-89.37576293945312,40.37683868408203,40.90019569471624
58.278,0,0.37110579013824463,11.637651443481445,61.6243896484375,-63.301597595214844,-89.43140411376953,40.40571594238281,0.37110579013824463,11.637651443481445,61.6243896484375,-63.301597595214844,-89.43140411376953,40.40571594238281,40.769732550554465
58.316,0,-0.013612926006317139,10.783811569213867,62.4105339050293,-63.038902282714844,-89.48152160644531,40.1507568359375,-0.013612926006317139,10.783811569213867,62.4105339050293,-63.038902282714844,-89.48152160644531,40.1507568359375,40.704500978473575
58.344,0,0.35519206523895264,10.788820266723633,61.894920349121094,-62.5316276550293,-89.42799377441406,40.191490173339844,0.35519206523895264,10.788820266723633,61.894920349121094,-62.5316276550293,-89.42799377441406,40.191490173339844,40.704500978473575
58.389,0,1.1268116235733032,10.753568649291992,61.78525924682617,-62.455162048339844,-89.327880859375,39.977699279785156,1.1268116235733032,10.753568649291992,61.78525924682617,-62.455162048339844,-89.327880859375,39.977699279785156,40.63926940639269
58.413,0,1.257473111152649,10.883649826049805,61.80645751953125,-62.654541015625,-89.41084289550781,39.85020446777344,1.257473111152649,10.883649826049805,61.80645751953125,-62.654541015625,-89.41084289550781,39.85020446777344,40.44357469015003
58.446,0,1.0655674934387207,9.96977424621582,62.55152130126953,-62.30478286743164,-89.43331909179688,39.58220672607422,1.0655674934387207,9.96977424621582,62.55152130126953,-62.30478286743164,-89.43331909179688,39.58220672607422,40.44357469015003
58.481,0,1.4787298440933228,9.912435531616211,62.094661712646484,-61.78081512451172,-89.38526916503906,39.56620407104492,1.4787298440933228,9.912435531616211,62.094661712646484,-61.78081512451172,-89.38526916503906,39.56620407104492,40.24787997390737
58.516,0,2.226362705230713,10.111631393432617,61.87534713745117,-61.86655807495117,-89.29316711425781,39.44877624511719,2.226362705230713,10.111631393432617,61.87534713745117,-61.86655807495117,-89.29316711425781,39.44877624511719,39.98695368558382
58.548,0,2.271000385284424,10.530183792114258,61.699623107910156,-62.182979583740234,-89.36077117919922,39.495304107666016,2.271000385284424,10.530183792114258,61.699623107910156,-62.182979583740234,-89.36077117919922,39.495304107666016,39.92172211350293
58.583,0,2.107102394104004,9.598489761352539,62.40427780151367,-61.76765823364258,-89.37999725341797,39.36223602294922,2.107102394104004,9.598489761352539,62.40427780151367,-61.76765823364258,-89.37999725341797,39.36223602294922,39.79125896934116
58.616,0,2.4889087677001953,9.62367057800293,61.869991302490234,-61.277687072753906,-89.30519104003906,39.40122985839844,2.4889087677001953,9.62367057800293,61.869991302490234,-61.277687072753906,-89.30519104003906,39.40122985839844,39.660795825179385
58.650,0,3.310427188873291,9.773038864135742,61.716983795166016,-61.39204025268555,-89.20136260986328,39.26415252685547,3.310427188873291,9.773038864135742,61.716983795166016,-61.39204025268555,-89.20136260986328,39.26415252685547,39.660795825179385
58.683,0,3.4739866256713867,10.182558059692383,61.53864669799805,-61.74950408935547,-89.26664733886719,39.244224548339844,3.4739866256713867,10.182558059692383,61.53864669799805,-61.74950408935547,-89.26664733886719,39.244224548339844,39.660795825179385
58.716,0,3.318504810333252,9.284074783325195,62.231292724609375,-61.39544677734375,-89.26936340332031,39.043907165527344,3.318504810333252,9.284074783325195,62.231292724609375,-61.39544677734375,-89.26936340332031,39.043907165527344,39.595564253098495
58.753,0,3.818167209625244,9.062005996704102,61.80878448486328,-60.73877716064453,-89.18910217285156,39.03450012207031,3.818167209625244,9.062005996704102,61.80878448486328,-60.73877716064453,-89.18910217285156,39.03450012207031,39.53033268101761
58.781,0,4.353874683380127,9.221036911010742,61.63552474975586,-60.84252166748047,-89.1042709350586,38.985591888427734,4.353874683380127,9.221036911010742,61.63552474975586,-60.84252166748047,-89.1042709350586,38.985591888427734,39.46510110893672
58.820,0,4.592257499694824,9.735376358032227,61.38714599609375,-61.218082427978516,-89.16248321533203,39.08047103881836,4.592257499694824,9.735376358032227,61.38714599609375,-61.218082427978516,-89.16248321533203,39.08047103881836,39.46510110893672
58.849,0,4.555963039398193,8.858064651489258,62.018890380859375,-60.81669998168945,-89.14026641845703,38.875648498535156,4.555963039398193,8.858064651489258,62.018890380859375,-60.81669998168945,-89.14026641845703,38.875648498535156,39.26940639269406
58.885,0,5.022119045257568,8.754907608032227,61.5110969543457,-60.23145294189453,-89.07927703857422,38.93946838378906,5.022119045257568,8.754907608032227,61.5110969543457,-60.23145294189453,-89.07927703857422,38.93946838378906,39.204174820613176
58.916,0,5.61303186416626,9.277303695678711,61.12892532348633,-60.50849914550781,-88.96102142333984,39.02713394165039,5.61303186416626,9.277303695678711,61.12892532348633,-60.50849914550781,-88.96102142333984,39.02713394165039,39.138943248532286
58.951,0,5.359690189361572,9.864629745483398,60.65121841430664,-60.75282669067383,-88.9705810546875,39.19340896606445,5.359690189361572,9.864629745483398,60.65121841430664,-60.75282669067383,-88.9705810546875,39.19340896606445,39.138943248532286
58.984,0,5.339813709259033,8.963842391967773,61.271636962890625,-60.30731201171875,-88.94599151611328,39.06934356689453,5.339813709259033,8.963842391967773,61.271636962890625,-60.30731201171875,-88.94599151611328,39.06934356689453,39.138943248532286
59.017,0,5.021552562713623,9.065385818481445,60.703269958496094,-59.81066131591797,-88.95545196533203,39.2480583190918,5.021552562713623,9.065385818481445,60.703269958496094,-59.81066131591797,-88.95545196533203,39.2480583190918,39.138943248532286
59.052,0,5.632531642913818,9.509653091430664,60.31336212158203,-59.969276428222656,-88.84880065917969,39.29048156738281,5.632531642913818,9.509653091430664,60.31336212158203,-59.969276428222656,-88.84880065917969,39.29048156738281,39.138943248532286
59.085,0,5.389292240142822,9.973409652709961,59.933677673339844,-60.141700744628906,-88.862548828125,39.38434600830078,5.389292240142822,9.973409652709961,59.933677673339844,-60.141700744628906,-88.862548828125,39.38434600830078,39.138943248532286
59.119,0,5.361038684844971,9.136255264282227,60.495243072509766,-59.723106384277344,-88.8347396850586,39.243385314941406,5.361038684844971,9.136255264282227,60.495243072509766,-59.723106384277344,-88.8347396850586,39.243385314941406,39.138943248532286
59.152,0,5.009014129638672,9.160104751586914,59.93037796020508,-59.11286544799805,-88.83906555175781,39.359222412109375,5.009014129638672,9.160104751586914,59.93037796020508,-59.11286544799805,-88.83906555175781,39.359222412109375,39.138943248532286
59.185,0,5.451952934265137,10.009012222290039,59.466102600097656,-59.67634963989258,-88.73442077636719,39.56846618652344,5.451952934265137,10.009012222290039,59.466102600097656,-59.67634963989258,-88.73442077636719,39.56846618652344,39.138943248532286
59.218,0,5.2073869705200195,10.317102432250977,59.16996383666992,-59.76226806640625,-88.75008392333984,39.563392639160156,5.2073869705200195,10.317102432250977,59.16996383666992,-59.76226806640625,-88.75008392333984,39.563392639160156,39.138943248532286
59.251,0,5.129786491394043,9.394674301147461,59.7110595703125,-59.1695556640625,-88.72725677490234,39.407318115234375,5.129786491394043,9.394674301147461,59.7110595703125,-59.1695556640625,-88.72725677490234,39.407318115234375,39.138943248532286
59.289,0,4.930008888244629,9.398298263549805,59.17945098876953,-58.59929656982422,-88.71603393554688,39.4962158203125,4.930008888244629,9.398298263549805,59.17945098876953,-58.59929656982422,-88.71603393554688,39.4962158203125,39.204174820613176
59.317,0,5.370748996734619,10.148714065551758,58.72420883178711,-59.07420349121094,-88.60991668701172,39.59221649169922,5.370748996734619,10.148714065551758,58.72420883178711,-59.07420349121094,-88.60991668701172,39.59221649169922,39.204174820613176
59.351,0,5.578365325927734,11.828943252563477,57.96681213378906,-60.363487243652344,-88.57220458984375,40.06256103515625,5.578365325927734,11.828943252563477,57.96681213378906,-60.363487243652344,-88.57220458984375,40.06256103515625,39.204174820613176
59.387,0,5.336496829986572,11.688882827758789,57.463966369628906,-59.61673355102539,-88.55950164794922,40.06637191772461,5.336496829986572,11.688882827758789,57.463966369628906,-59.61673355102539,-88.55950164794922,40.06637191772461,39.204174820613176
59.418,0,5.126871585845947,11.616010665893555,56.89598083496094,-58.8970947265625,-88.54700469970703,40.10371780395508,5.126871585845947,11.616010665893555,56.89598083496094,-58.8970947265625,-88.54700469970703,40.10371780395508,39.26940639269406
59.454,0,5.126684188842773,11.004152297973633,57.321868896484375,-58.59404754638672,-88.55265808105469,39.895931243896484,5.126684188842773,11.004152297973633,57.321868896484375,-58.59404754638672,-88.55265808105469,39.895931243896484,39.595564253098495
59.484,0,5.04128360748291,10.233510971069336,57.807167053222656,-58.187156677246094,-88.53376007080078,39.81340789794922,5.04128360748291,10.233510971069336,57.807167053222656,-58.187156677246094,-88.53376007080078,39.81340789794922,39.660795825179385
59.522,0,4.982172966003418,9.30705451965332,58.334468841552734,-57.58586883544922,-88.50056457519531,39.646728515625,4.982172966003418,9.30705451965332,58.334468841552734,-57.58586883544922,-88.50056457519531,39.646728515625,39.660795825179385
59.552,0,4.93245792388916,8.738248825073242,58.854591369628906,-57.44080352783203,-88.50788879394531,39.471534729003906,4.93245792388916,8.738248825073242,58.854591369628906,-57.44080352783203,-88.50788879394531,39.471534729003906,39.660795825179385
59.587,0,5.17312479019165,10.703096389770508,57.89859390258789,-58.811279296875,-88.4615478515625,39.91541290283203,5.17312479019165,10.703096389770508,57.89859390258789,-58.811279296875,-88.4615478515625,39.91541290283203,39.660795825179385
59.619,0,5.293004035949707,12.847352981567383,57.01618194580078,-60.493133544921875,-88.44507598876953,40.50947570800781,5.293004035949707,12.847352981567383,57.01618194580078,-60.493133544921875,-88.44507598876953,40.50947570800781,39.660795825179385
59.655,0,5.057331562042236,13.43705940246582,56.373695373535156,-60.46729278564453,-88.39876556396484,40.768150329589844,5.057331562042236,13.43705940246582,56.373695373535156,-60.46729278564453,-88.39876556396484,40.768150329589844,39.660795825179385
59.686,0,5.017013072967529,12.937623977661133,56.9372444152832,-60.46532440185547,-88.38837432861328,40.56597137451172,5.017013072967529,12.937623977661133,56.9372444152832,-60.46532440185547,-88.38837432861328,40.56597137451172,39.79125896934116
59.721,0,4.977101802825928,12.326139450073242,57.422607421875,-60.20489501953125,-88.3837661743164,40.31721115112305,4.977101802825928,12.326139450073242,57.422607421875,-60.20489501953125,-88.3837661743164,40.31721115112305,40.182648401826484
59.754,0,4.967779159545898,13.184637069702148,57.06059265136719,-60.89826965332031,-88.40181732177734,40.39970397949219,4.967779159545898,13.184637069702148,57.06059265136719,-60.89826965332031,-88.40181732177734,40.39970397949219,40.182648401826484
59.785,0,4.921812057495117,12.31294059753418,57.604454040527344,-60.383949279785156,-88.36881256103516,40.23377227783203,4.921812057495117,12.31294059753418,57.604454040527344,-60.383949279785156,-88.36881256103516,40.23377227783203,40.182648401826484
59.821,0,4.653632640838623,12.917520523071289,57.040584564208984,-60.502891540527344,-88.32568359375,40.364505767822266,4.653632640838623,12.917520523071289,57.040584564208984,-60.502891540527344,-88.32568359375,40.364505767822266,40.182648401826484
59.855,0,4.644731521606445,12.260396957397461,57.56818389892578,-60.21855163574219,-88.32167053222656,40.082916259765625,4.644731521606445,12.260396957397461,57.56818389892578,-60.21855163574219,-88.32167053222656,40.082916259765625,40.182648401826484
59.888,0,4.6082072257995605,13.11180305480957,57.193748474121094,-60.918243408203125,-88.33030700683594,40.11280822753906,4.6082072257995605,13.11180305480957,57.193748474121094,-60.918243408203125,-88.33030700683594,40.11280822753906,40.182648401826484
59.924,0,4.326872825622559,12.31519889831543,57.849754333496094,-60.538963317871094,-88.35700988769531,39.827552795410156,4.326872825622559,12.31519889831543,57.849754333496094,-60.538963317871094,-88.35700988769531,39.827552795410156,40.182648401826484
59.955,0,3.9785146713256836,13.191812515258789,57.158809661865234,-60.81434631347656,-88.31763458251953,40.06608200073242,3.9785146713256836,13.191812515258789,57.158809661865234,-60.81434631347656,-88.31763458251953,40.06608200073242,40.182648401826484
59.990,0,3.8856635093688965,12.567354202270508,57.64421463012695,-60.5062255859375,-88.33338165283203,39.74684143066406,3.8856635093688965,12.567354202270508,57.64421463012695,-60.5062255859375,-88.33338165283203,39.74684143066406,40.182648401826484
60.022,0,4.473862171173096,13.036848068237305,57.44719314575195,-61.002384185791016,-88.3284912109375,39.76914978027344,4.473862171173096,13.036848068237305,57.44719314575195,-61.002384185791016,-88.3284912109375,39.76914978027344,40.182648401826484
