t_s,episode,target.shoulder_pan.pos,target.shoulder_lift.pos,target.elbow_flex.pos,target.wrist_flex.pos,target.wrist_roll.pos,target.gripper.pos,sent.shoulder_pan.pos,sent.shoulder_lift.pos,sent.elbow_flex.pos,sent.wrist_flex.pos,sent.wrist_roll.pos,sent.gripper.pos,gripper_actual
0.253,0,-6.88309383392334,-101.0108413696289,95.88420104980469,51.19581604003906,-12.249198913574219,0.33836936950683594,-6.88309383392334,-101.0108413696289,95.88420104980469,60.75824175824175,-12.249198913574219,0.33836936950683594,0.91324200913242
0.284,0,-7.10582160949707,-100.97421264648438,95.93632507324219,50.79485321044922,-12.361610412597656,0.35405921936035156,-7.10582160949707,-100.97421264648438,95.93632507324219,60.75824175824175,-12.361610412597656,0.35405921936035156,0.91324200913242
0.316,0,-7.1163225173950195,-101.01718139648438,95.95311737060547,50.913047790527344,-12.284133911132812,0.361053466796875,-7.1163225173950195,-101.01718139648438,95.95311737060547,60.4065934065934,-12.284133911132812,0.361053466796875,0.91324200913242
0.350,0,-7.226271152496338,-101.04536437988281,96.04235076904297,50.41399383544922,-12.431793212890625,0.3791542053222656,-7.226271152496338,-101.04536437988281,96.04235076904297,58.91208791208791,-12.431793212890625,0.3791542053222656,0.91324200913242
0.393,0,-7.076641082763672,-101.00251770019531,96.05555725097656,50.10858917236328,-12.944625854492188,0.39710426330566406,-7.076641082763672,-101.00251770019531,96.05555725097656,57.417582417582416,-12.944625854492188,0.39710426330566406,0.91324200913242
0.424,0,-7.014853000640869,-101.01914978027344,96.06440734863281,50.13019561767578,-13.251571655273438,0.39287757873535156,-7.014853000640869,-101.01914978027344,96.06440734863281,56.45054945054945,-13.251571655273438,0.39287757873535156,0.91324200913242
0.456,0,-7.000349998474121,-101.0424575805664,96.12773895263672,49.715415954589844,-13.637435913085938,0.40506935119628906,-7.000349998474121,-101.0424575805664,96.12773895263672,55.30769230769231,-13.637435913085938,0.40506935119628906,0.91324200913242
0.493,0,-6.877730846405029,-101.00782775878906,96.14369201660156,49.303466796875,-14.341941833496094,0.41446495056152344,-6.877730846405029,-101.00782775878906,96.14369201660156,53.989010989010985,-14.341941833496094,0.41446495056152344,0.91324200913242
0.524,0,-6.85038948059082,-101.01976776123047,96.17820739746094,48.912811279296875,-15.016334533691406,0.4207744598388672,-6.85038948059082,-101.01976776123047,96.17820739746094,52.934065934065934,-15.016334533691406,0.4207744598388672,0.91324200913242
0.557,0,-6.830397129058838,-101.02389526367188,96.19580078125,48.67420196533203,-15.635330200195312,0.42217254638671875,-6.830397129058838,-101.02389526367188,96.19580078125,51.61538461538461,-15.635330200195312,0.42217254638671875,0.91324200913242
0.590,0,-6.818528652191162,-101.0245590209961,96.25019836425781,48.1817626953125,-16.32561492919922,0.43982887268066406,-6.818528652191162,-101.0245590209961,96.25019836425781,50.56043956043956,-16.32561492919922,0.43982887268066406,0.91324200913242
0.625,0,-6.805897235870361,-101.0190200805664,96.31949615478516,47.569671630859375,-17.314231872558594,0.45749473571777344,-6.805897235870361,-101.0190200805664,96.31949615478516,49.24175824175824,-17.314231872558594,0.45749473571777344,0.91324200913242
0.660,0,-6.771512508392334,-100.99898529052734,96.36197662353516,46.96601867675781,-18.355499267578125,0.4712028503417969,-6.771512508392334,-100.99898529052734,96.36197662353516,48.010989010989015,-18.355499267578125,0.4712028503417969,0.91324200913242
0.693,0,-6.673373222351074,-100.98760223388672,96.41112518310547,46.402427673339844,-19.384483337402344,0.48859596252441406,-6.673373222351074,-100.98760223388672,96.41112518310547,46.86813186813187,-19.384483337402344,0.48859596252441406,0.91324200913242
0.729,0,-6.620220184326172,-100.99241638183594,96.49464416503906,45.49067687988281,-21.092845916748047,0.51263427734375,-6.620220184326172,-100.99241638183594,96.49464416503906,45.49067687988281,-21.092845916748047,0.51263427734375,0.91324200913242
0.758,0,-6.501840114593506,-100.95597076416016,96.5509262084961,44.57984161376953,-22.815685272216797,0.5344142913818359,-6.501840114593506,-100.95597076416016,96.5509262084961,44.57984161376953,-22.815685272216797,0.5344142913818359,0.91324200913242
0.790,0,-6.474925518035889,-100.95379638671875,96.60784912109375,43.78260803222656,-24.317668914794922,0.5444583892822266,-6.474925518035889,-100.95379638671875,96.60784912109375,43.78260803222656,-24.296703296703296,0.5444583892822266,0.91324200913242
0.825,0,-6.394218444824219,-100.93650817871094,96.64812469482422,43.12018585205078,-25.750125885009766,0.5527420043945312,-6.394218444824219,-100.93650817871094,96.64812469482422,43.12018585205078,-25.750125885009766,0.5527420043945312,0.91324200913242
0.857,0,-6.3735880851745605,-100.94114685058594,96.70399475097656,42.37718200683594,-27.546058654785156,0.5580558776855469,-6.3735880851745605,-100.94114685058594,96.70399475097656,42.37718200683594,-27.46153846153846,0.5580558776855469,0.91324200913242
0.891,0,-6.278137683868408,-100.9310073852539,96.7496109008789,41.58848571777344,-29.31574249267578,0.5581874847412109,-6.278137683868408,-100.9310073852539,96.7496109008789,41.58848571777344,-28.78021978021978,0.5581874847412109,0.91324200913242
0.925,0,-6.230540752410889,-100.93565368652344,96.79129791259766,40.934730529785156,-30.976505279541016,0.5544166564941406,-6.230540752410889,-100.93565368652344,96.79129791259766,40.934730529785156,-30.626373626373628,0.5544166564941406,0.91324200913242
0.959,0,-6.17584228515625,-100.95775604248047,96.82514190673828,40.34172821044922,-32.75399398803711,0.5411090850830078,-6.17584228515625,-100.95775604248047,96.82514190673828,40.34172821044922,-32.032967032967036,0.5411090850830078,0.91324200913242
0.993,0,-6.110654354095459,-100.96652221679688,96.86233520507812,39.673255920410156,-34.58997344970703,0.5333671569824219,-6.110654354095459,-100.96652221679688,96.86233520507812,39.673255920410156,-33.43956043956044,0.5333671569824219,0.91324200913242
1.025,0,-6.00921106338501,-100.96675109863281,96.89006805419922,38.993988037109375,-36.57577896118164,0.5240383148193359,-6.00921106338501,-100.96675109863281,96.89006805419922,38.993988037109375,-35.02197802197802,0.5240383148193359,0.91324200913242
1.061,0,-5.905326843261719,-100.97969818115234,96.91062927246094,38.405517578125,-38.35537338256836,0.5131969451904297,-5.905326843261719,-100.97969818115234,96.91062927246094,38.405517578125,-36.604395604395606,0.5131969451904297,0.91324200913242
1.094,0,-5.842375755310059,-101.01455688476562,96.92875671386719,37.88246154785156,-40.09989929199219,0.49566078186035156,-5.842375755310059,-101.01455688476562,96.92875671386719,37.88246154785156,-38.0989010989011,0.49566078186035156,0.91324200913242
1.126,0,-5.7468719482421875,-101.05488586425781,96.94452667236328,37.334869384765625,-41.862796783447266,0.4792346954345703,-5.7468719482421875,-101.05488586425781,96.94452667236328,37.334869384765625,-39.505494505494504,0.4792346954345703,0.91324200913242
1.161,0,-5.580301761627197,-101.0929183959961,96.95034790039062,36.81044006347656,-43.78704833984375,0.4637603759765625,-5.580301761627197,-101.0929183959961,96.95034790039062,36.81044006347656,-41.175824175824175,0.4637603759765625,0.91324200913242
1.193,0,-5.454229354858398,-101.14176940917969,96.95560455322266,36.31495666503906,-45.64978790283203,0.4441986083984375,-5.454229354858398,-101.14176940917969,96.95560455322266,36.31495666503906,-42.582417582417584,0.4441986083984375,0.91324200913242
1.234,0,-5.3133344650268555,-101.19371795654297,96.95242309570312,35.88335418701172,-47.39701843261719,0.42743873596191406,-5.3133344650268555,-101.19371795654297,96.95242309570312,35.88335418701172,-44.51648351648352,0.42743873596191406,0.91324200913242
1.264,0,-5.191476821899414,-101.24246978759766,96.95234680175781,35.46111297607422,-49.089664459228516,0.4167060852050781,-5.191476821899414,-101.24246978759766,96.95234680175781,35.46111297607422,-45.747252747252745,0.4167060852050781,0.91324200913242
1.300,0,-4.999713897705078,-101.2962417602539,96.94503784179688,35.04315948486328,-50.93186569213867,0.40500450134277344,-4.999713897705078,-101.2962417602539,96.94503784179688,35.04315948486328,-47.24175824175824,0.40500450134277344,0.91324200913242
1.330,0,-4.8138298988342285,-101.35791015625,96.92997741699219,34.626075744628906,-52.70586395263672,0.3982219696044922,-4.8138298988342285,-101.35791015625,96.92997741699219,34.626075744628906,-48.824175824175825,0.3982219696044922,0.91324200913242
1.364,0,-4.6113762855529785,-101.42771911621094,96.91400146484375,34.255130767822266,-54.471981048583984,0.40343475341796875,-4.6113762855529785,-101.42771911621094,96.91400146484375,34.255130767822266,-50.23076923076923,0.40343475341796875,0.91324200913242
1.405,0,-4.451858043670654,-101.47864532470703,96.89971923828125,33.87668228149414,-56.136016845703125,0.4145927429199219,-4.451858043670654,-101.47864532470703,96.89971923828125,33.87668228149414,-52.252747252747255,0.4145927429199219,0.91324200913242
1.435,0,-4.220315456390381,-101.5353012084961,96.8857421875,33.49827575683594,-57.855918884277344,0.444000244140625,-4.220315456390381,-101.5353012084961,96.8857421875,33.49827575683594,-53.395604395604394,0.444000244140625,0.91324200913242
1.468,0,-3.9634580612182617,-101.59219360351562,96.86137390136719,33.04551696777344,-59.71168518066406,0.5072460174560547,-3.9634580612182617,-101.59219360351562,96.86137390136719,33.04551696777344,-54.8021978021978,0.5072460174560547,0.91324200913242
1.504,0,-3.756230354309082,-101.65106201171875,96.83432006835938,32.638755798339844,-61.487266540527344,0.5670490264892578,-3.756230354309082,-101.65106201171875,96.83432006835938,32.638755798339844,-56.64835164835165,0.5670490264892578,0.91324200913242
1.536,0,-3.5373754501342773,-101.7083969116211,96.815673828125,32.23479461669922,-63.195247650146484,0.6448345184326172,-3.5373754501342773,-101.7083969116211,96.815673828125,32.23479461669922,-57.967032967032964,0.6448345184326172,0.91324200913242
1.571,0,-3.2827281951904297,-101.76348114013672,96.79290008544922,31.836162567138672,-64.933837890625,0.7329235076904297,-3.2827281951904297,-101.76348114013672,96.79290008544922,31.836162567138672,-59.46153846153846,0.7329235076904297,0.91324200913242
1.601,0,-3.004112720489502,-101.8086166381836,96.76435089111328,31.383148193359375,-66.70298767089844,0.8596000671386719,-3.004112720489502,-101.8086166381836,96.76435089111328,31.383148193359375,-60.86813186813187,0.8596000671386719,0.91324200913242
1.636,0,-2.749476432800293,-101.84613037109375,96.73411560058594,30.98391342163086,-68.37698364257812,0.9928798675537109,-2.749476432800293,-101.84613037109375,96.73411560058594,30.98391342163086,-62.45054945054945,0.9928798675537109,0.91324200913242
1.670,0,-2.504711151123047,-101.87400817871094,96.70851135253906,30.57569122314453,-69.98491668701172,1.1360225677490234,-2.504711151123047,-101.87400817871094,96.70851135253906,30.57569122314453,-64.03296703296704,1.1360225677490234,0.91324200913242
1.702,0,-2.2106566429138184,-101.91679382324219,96.6748046875,30.14495849609375,-71.60446166992188,1.3222217559814453,-2.2106566429138184,-101.91679382324219,96.6748046875,30.14495849609375,-65.43956043956044,1.3222217559814453,0.91324200913242
1.736,0,-1.92206871509552,-101.94556427001953,96.64354705810547,29.732627868652344,-73.0943603515625,1.4984760284423828,-1.92206871509552,-101.94556427001953,96.64354705810547,29.732627868652344,-67.1098901098901,1.4984760284423828,0.91324200913242
1.774,0,-1.6352818012237549,-101.9612045288086,96.6110610961914,29.265613555908203,-74.55962371826172,1.7085399627685547,-1.6352818012237549,-101.9612045288086,96.6110610961914,29.265613555908203,-68.78021978021978,1.7085399627685547,0.9784735812133072
1.803,0,-1.3601415157318115,-101.93824005126953,96.57730102539062,28.859989166259766,-75.8381118774414,1.9179706573486328,-1.3601415157318115,-101.93824005126953,96.57730102539062,28.859989166259766,-69.92307692307692,1.9179706573486328,1.1741682974559686
1.838,0,-1.0179122686386108,-101.88512420654297,96.55465698242188,28.353473663330078,-77.07686614990234,2.178110122680664,-1.0179122686386108,-101.88512420654297,96.55465698242188,28.353473663330078,-71.76923076923077,2.178110122680664,1.2393998695368558
1.869,0,-0.7179057598114014,-101.7763442993164,96.52416229248047,27.80588150024414,-78.19868469238281,2.4652957916259766,-0.7179057598114014,-101.7763442993164,96.52416229248047,27.80588150024414,-73.17582417582418,2.4652957916259766,1.4350945857795172
1.904,0,-0.40193992853164673,-101.69384765625,96.49910736083984,27.317768096923828,-79.20204162597656,2.758831024169922,-0.40193992853164673,-101.69384765625,96.49910736083984,27.317768096923828,-74.49450549450549,2.758831024169922,1.5655577299412915
1.939,0,-0.06140214204788208,-101.380859375,96.46411895751953,26.577022552490234,-80.11846923828125,3.0856151580810547,-0.06140214204788208,-101.380859375,96.46411895751953,26.577022552490234,-76.34065934065934,3.0856151580810547,1.761252446183953
1.970,0,0.26892995834350586,-101.0747299194336,96.42293548583984,25.878517150878906,-80.89436340332031,3.4404659271240234,0.26892995834350586,-101.0747299194336,96.42293548583984,25.878517150878906,-77.65934065934066,3.4404659271240234,1.9569471624266144
2.005,0,0.6063708066940308,-100.63569641113281,96.39364624023438,25.011917114257812,-81.58394622802734,3.844066619873047,0.6063708066940308,-100.63569641113281,96.39364624023438,25.011917114257812,-79.24175824175825,3.844066619873047,2.152641878669276
2.039,0,0.9208035469055176,-100.0826187133789,96.34237670898438,24.04120635986328,-82.20362091064453,4.302755355834961,0.9208035469055176,-100.0826187133789,96.34237670898438,24.04120635986328,-80.82417582417582,4.302755355834961,2.5440313111545985
2.071,0,1.2302852869033813,-99.44031524658203,96.28831481933594,23.054119110107422,-82.7446060180664,4.717901229858398,1.2302852869033813,-99.44031524658203,96.28831481933594,23.054119110107422,-82.14285714285714,4.717901229858398,2.8701891715590344
2.107,0,1.5012627840042114,-98.64301300048828,96.24397277832031,21.909286499023438,-83.196044921875,5.225534439086914,1.5012627840042114,-98.64301300048828,96.24397277832031,21.909286499023438,-83.196044921875,5.225534439086914,3.2615786040443573
2.138,0,1.8007651567459106,-97.66605377197266,96.16412353515625,20.546096801757812,-83.6552963256836,5.782794952392578,1.8007651567459106,-97.66605377197266,96.16412353515625,20.546096801757812,-83.6552963256836,5.782794952392578,3.65296803652968
2.178,0,2.0545506477355957,-96.74830627441406,96.09622192382812,19.306758880615234,-84.0133285522461,6.2652435302734375,2.0545506477355957,-96.74830627441406,96.09622192382812,19.306758880615234,-84.0133285522461,6.2652435302734375,4.10958904109589
2.210,0,2.3364434242248535,-95.55089569091797,96.0171890258789,17.740070343017578,-84.3569564819336,6.872884750366211,2.3364434242248535,-95.55089569091797,96.0171890258789,17.76923076923077,-84.3569564819336,6.872884750366211,4.631441617742987
2.246,0,2.583843231201172,-94.29988861083984,95.92011260986328,16.166553497314453,-84.65096282958984,7.449224472045898,2.583843231201172,-94.29988861083984,95.92011260986328,16.626373626373628,-84.65096282958984,7.449224472045898,5.088062622309197
2.281,0,2.78769588470459,-92.9769058227539,95.861083984375,14.541004180908203,-84.9141845703125,8.064854621887207,2.78769588470459,-92.9769058227539,95.861083984375,15.131868131868131,-84.9141845703125,8.064854621887207,5.609915198956294
2.312,0,3.0233330726623535,-91.58753967285156,95.7464599609375,12.83719253540039,-85.18717956542969,8.69267463684082,3.0233330726623535,-91.58753967285156,95.7464599609375,14.164835164835164,-85.18717956542969,8.69267463684082,6.196999347684279
2.378,0,3.2280893325805664,-90.0544204711914,95.61750793457031,11.056930541992188,-85.4112548828125,9.307923316955566,3.2280893325805664,-90.0544204711914,95.61750793457031,11.703296703296704,-85.4112548828125,9.307923316955566,6.718851924331376
2.408,0,3.4142026901245117,-88.342041015625,95.4604263305664,9.087432861328125,-85.62967681884766,10.027963638305664,3.4142026901245117,-88.342041015625,95.4604263305664,11.175824175824175,-85.62967681884766,10.027963638305664,7.76255707762557
2.441,0,3.6019763946533203,-86.73651885986328,95.37471771240234,7.240642547607422,-85.82697296142578,10.679618835449219,3.6019763946533203,-86.73651885986328,95.37471771240234,10.12087912087912,-85.82697296142578,10.679618835449219,8.088714938030005
2.475,0,3.758131504058838,-84.76832580566406,95.208740234375,5.079139709472656,-86.03936004638672,11.467976570129395,3.758131504058838,-85.24175824175825,95.208740234375,8.626373626373626,-86.03936004638672,11.467976570129395,8.610567514677104
2.508,0,3.9354944229125977,-82.97113037109375,94.99894714355469,3.1630477905273438,-86.2077407836914,12.173954010009766,3.9354944229125977,-83.65934065934066,94.99894714355469,7.483516483516484,-86.2077407836914,12.173954010009766,9.262883235485974
2.543,0,4.069789886474609,-81.09709167480469,94.8250732421875,1.1817054748535156,-86.37704467773438,12.8754243850708,4.069789886474609,-82.07692307692308,94.8250732421875,6.164835164835164,-86.37704467773438,12.8754243850708,9.915198956294846
2.574,0,4.238298416137695,-79.04159545898438,94.58821868896484,-0.9511013031005859,-86.561767578125,13.674592018127441,4.238298416137695,-80.67032967032966,94.58821868896484,4.934065934065934,-86.561767578125,13.674592018127441,10.567514677103718
2.609,0,4.354329586029053,-77.10558319091797,94.3996353149414,-2.9475154876708984,-86.69793701171875,14.386663436889648,4.354329586029053,-79.08791208791209,94.3996353149414,3.7032967032967026,-86.69793701171875,14.386663436889648,11.285061969993476
2.643,0,4.5039286613464355,-74.99290466308594,94.09330749511719,-5.034265518188477,-86.85447692871094,15.13263988494873,4.5039286613464355,-77.50549450549451,94.09330749511719,2.384615384615385,-86.85447692871094,15.13263988494873,12.002609262883235
2.677,0,4.615974426269531,-73.00579071044922,93.85867309570312,-7.001468658447266,-86.970947265625,15.861358642578125,4.615974426269531,-75.92307692307692,93.85867309570312,1.1538461538461542,-86.970947265625,15.861358642578125,12.785388127853881
2.715,0,4.6937079429626465,-70.8635025024414,93.58807373046875,-9.10329818725586,-87.09748840332031,16.601125717163086,4.6937079429626465,-74.25274725274726,93.58807373046875,-0.34065934065934034,-87.09748840332031,16.601125717163086,13.437703848662752
2.745,0,4.798680305480957,-68.76903533935547,93.26185607910156,-11.10820198059082,-87.21514892578125,17.351749420166016,4.798680305480957,-72.93406593406593,93.26185607910156,-1.3956043956043955,-87.21514892578125,17.351749420166016,14.220482713633398
2.784,0,4.862004280090332,-66.80723571777344,92.9721908569336,-12.943821907043457,-87.28996276855469,18.065353393554688,4.862004280090332,-71.17582417582418,92.9721908569336,-2.802197802197802,-87.28996276855469,18.065353393554688,14.938030006523157
2.816,0,4.943412780761719,-64.60160827636719,92.62638092041016,-14.993233680725098,-87.39103698730469,18.815959930419922,4.943412780761719,-69.68131868131869,92.62638092041016,-3.9450549450549453,-87.39103698730469,18.815959930419922,15.720808871493801
2.848,0,4.9738945960998535,-62.650245666503906,92.33979797363281,-16.78793716430664,-87.4503402709961,19.526330947875977,4.9738945960998535,-68.45054945054945,92.33979797363281,-5.087912087912088,-87.4503402709961,19.526330947875977,16.43835616438356
2.882,0,4.998981475830078,-60.69013977050781,91.98467254638672,-18.56006622314453,-87.51487731933594,20.176939010620117,4.998981475830078,-66.78021978021978,91.98467254638672,-6.4945054945054945,-87.51487731933594,20.176939010620117,17.09067188519243
2.916,0,5.047057628631592,-58.657325744628906,91.62837219238281,-20.37777328491211,-87.56086730957031,20.842992782592773,5.047057628631592,-65.1978021978022,91.62837219238281,-7.637362637362637,-87.56086730957031,20.842992782592773,17.938682322243967
2.949,0,5.063968658447266,-56.741050720214844,91.27823638916016,-22.09760093688965,-87.62351989746094,21.526405334472656,5.063968658447266,-63.7032967032967,91.27823638916016,-8.868131868131869,-87.62351989746094,21.526405334472656,18.590998043052835
2.982,0,5.065061569213867,-54.72923278808594,90.90486907958984,-23.87450408935547,-87.66124725341797,22.163848876953125,5.065061569213867,-62.120879120879124,90.90486907958984,-10.186813186813186,-87.66124725341797,22.163848876953125,19.308545335942597
3.015,0,5.0761260986328125,-52.91497802734375,90.54689025878906,-25.448789596557617,-87.67225646972656,22.779644012451172,5.0761260986328125,-60.53846153846153,90.54689025878906,-11.417582417582418,-87.67225646972656,22.779644012451172,19.960861056751465
3.048,0,5.082850933074951,-51.174652099609375,90.21372985839844,-26.968276977539062,-87.71334838867188,23.382366180419922,5.082850933074951,-58.956043956043956,90.21372985839844,-12.736263736263737,-87.71334838867188,23.382366180419922,20.613176777560337
3.081,0,5.090976238250732,-49.5120849609375,89.88225555419922,-28.405248641967773,-87.73136901855469,23.963315963745117,5.090976238250732,-57.54945054945055,89.88225555419922,-13.967032967032967,-87.73136901855469,23.963315963745117,21.26549249836921
3.116,0,5.061095714569092,-47.81175994873047,89.50083923339844,-29.817913055419922,-87.7411117553711,24.514997482299805,5.061095714569092,-55.79120879120879,89.50083923339844,-15.285714285714286,-87.7411117553711,24.514997482299805,21.983039791258967
3.149,0,5.0528974533081055,-46.0764274597168,89.09773254394531,-31.277942657470703,-87.75274658203125,25.10080337524414,5.0528974533081055,-54.2967032967033,89.09773254394531,-16.42857142857143,-87.75274658203125,25.10080337524414,22.570123939986953
3.181,0,5.0497283935546875,-44.580047607421875,88.73980712890625,-32.53642272949219,-87.76557159423828,25.6014347076416,5.0497283935546875,-52.89010989010989,88.73980712890625,-17.659340659340657,-87.76557159423828,25.6014347076416,23.15720808871494
3.215,0,5.0506205558776855,-42.923431396484375,88.31222534179688,-33.883235931396484,-87.7837142944336,26.133209228515625,5.0506205558776855,-51.13186813186813,88.31222534179688,-18.978021978021978,-87.7837142944336,26.133209228515625,23.74429223744292
3.253,0,5.024567127227783,-41.438934326171875,87.93795013427734,-35.11943817138672,-87.79237365722656,26.615755081176758,5.024567127227783,-49.37362637362637,87.93795013427734,-20.2967032967033,-87.79237365722656,26.615755081176758,24.331376386170906
3.282,0,4.992496490478516,-39.965946197509766,87.55370330810547,-36.30032730102539,-87.78080749511719,27.120328903198242,4.992496490478516,-48.142857142857146,87.55370330810547,-21.439560439560438,-87.78080749511719,27.120328903198242,24.91846053489889
3.319,0,5.008082866668701,-38.54493713378906,87.15499877929688,-37.398590087890625,-87.79901123046875,27.627185821533203,5.008082866668701,-46.2967032967033,87.15499877929688,-22.846153846153847,-87.79901123046875,27.627185821533203,25.440313111545986
3.349,0,4.982446193695068,-37.2291259765625,86.78343963623047,-38.44129943847656,-87.78035736083984,28.04848289489746,4.982446193695068,-44.89010989010989,86.78343963623047,-23.9010989010989,-87.78035736083984,28.04848289489746,25.962165688193085
3.383,0,4.958981990814209,-35.98828125,86.41313171386719,-39.40516662597656,-87.77607727050781,28.47864532470703,4.958981990814209,-43.395604395604394,86.41313171386719,-25.13186813186813,-87.77607727050781,28.47864532470703,26.48401826484018
3.416,0,4.952523708343506,-34.76434326171875,86.01397705078125,-40.292259216308594,-87.7599105834961,28.916006088256836,4.952523708343506,-41.81318681318681,86.01397705078125,-26.45054945054945,-87.7599105834961,28.916006088256836,26.94063926940639
3.449,0,4.941588878631592,-33.6588249206543,85.67473602294922,-41.10222625732422,-87.7579345703125,29.329639434814453,4.941588878631592,-40.142857142857146,85.67473602294922,-27.593406593406595,-87.7579345703125,29.329639434814453,27.397260273972602
3.485,0,4.919229030609131,-32.4959602355957,85.2903060913086,-41.96405792236328,-87.74394989013672,29.72703742980957,4.919229030609131,-38.38461538461539,85.2903060913086,-29.0,-87.74394989013672,29.72703742980957,27.85388127853881
3.517,0,4.885399341583252,-31.44179916381836,84.89877319335938,-42.68918228149414,-87.7319107055664,30.160110473632812,4.885399341583252,-36.89010989010989,84.89877319335938,-30.142857142857142,-87.7319107055664,30.160110473632812,28.37573385518591
3.551,0,4.853387832641602,-30.508909225463867,84.59175872802734,-43.303775787353516,-87.70023345947266,30.553821563720703,4.853387832641602,-35.21978021978022,84.59175872802734,-31.46153846153846,-87.70023345947266,30.553821563720703,28.701891715590342
3.584,0,4.851436138153076,-29.725486755371094,84.29419708251953,-43.80956268310547,-87.6801528930664,30.900440216064453,4.851436138153076,-33.54945054945055,84.29419708251953,-32.604395604395606,-87.6801528930664,30.900440216064453,29.158512720156555
3.617,0,4.797811508178711,-28.923009872436523,84.00845336914062,-44.35674285888672,-87.67440795898438,31.237548828125,4.797811508178711,-31.879120879120876,84.00845336914062,-33.83516483516483,-87.67440795898438,31.237548828125,29.615133724722764
3.652,0,4.600823402404785,-28.107749938964844,83.71039581298828,-44.92277526855469,-87.68299865722656,31.521244049072266,4.600823402404785,-30.120879120879124,83.71039581298828,-35.15384615384615,-87.68299865722656,31.521244049072266,30.006523157208086
3.687,0,4.585406303405762,-27.455638885498047,83.44676971435547,-45.35321807861328,-87.71216583251953,31.750690460205078,4.585406303405762,-28.450549450549453,83.44676971435547,-36.472527472527474,-87.71216583251953,31.750690460205078,30.332681017612522
3.719,0,4.393868923187256,-26.646493911743164,83.189697265625,-45.974761962890625,-87.72081756591797,32.0380859375,4.393868923187256,-26.78021978021978,83.189697265625,-37.7032967032967,-87.72081756591797,32.0380859375,30.724070450097845
3.753,0,4.575504779815674,-25.901885986328125,82.95069885253906,-46.57943344116211,-87.66979217529297,32.07857131958008,4.575504779815674,-25.901885986328125,82.95069885253906,-38.934065934065934,-87.66979217529297,32.07857131958008,31.05022831050228
3.786,0,4.448394775390625,-25.090618133544922,82.60670471191406,-47.06421661376953,-87.7059097290039,32.41361999511719,4.448394775390625,-25.090618133544922,82.60670471191406,-40.252747252747255,-87.7059097290039,32.41361999511719,31.31115459882583
3.819,0,4.2630934715271,-24.273475646972656,82.23116302490234,-47.60186767578125,-87.70807647705078,32.66952896118164,4.2630934715271,-24.273475646972656,82.23116302490234,-41.395604395604394,-87.70807647705078,32.66952896118164,31.57208088714938
3.854,0,4.44937801361084,-23.37206268310547,81.97408294677734,-48.37834930419922,-87.68228149414062,32.7254638671875,4.44937801361084,-23.37206268310547,81.97408294677734,-42.62637362637363,-87.68228149414062,32.7254638671875,31.637312459230266
3.887,0,4.334278106689453,-22.762977600097656,81.70304107666016,-48.76361846923828,-87.72334289550781,32.956642150878906,4.334278106689453,-22.762977600097656,81.70304107666016,-43.94505494505494,-87.72334289550781,32.956642150878906,31.963470319634702
3.921,0,4.320651531219482,-21.89412498474121,81.2579116821289,-49.256736755371094,-87.75437927246094,33.207969665527344,4.320651531219482,-21.89412498474121,81.2579116821289,-45.175824175824175,-87.75437927246094,33.207969665527344,32.22439660795825
3.954,0,4.137068271636963,-21.099159240722656,80.89629364013672,-49.78485107421875,-87.7587661743164,33.460227966308594,4.137068271636963,-21.099159240722656,80.89629364013672,-46.40659340659341,-87.7587661743164,33.460227966308594,32.35485975212002
3.987,0,4.343204975128174,-20.032001495361328,80.49078369140625,-50.58367919921875,-87.74236297607422,33.53268051147461,4.343204975128174,-20.032001495361328,80.49078369140625,-47.72527472527472,-87.74236297607422,33.53268051147461,32.615786040443574
4.020,0,4.578753471374512,-18.978715896606445,80.13673400878906,-51.41591262817383,-87.69735717773438,33.596920013427734,4.578753471374512,-18.978715896606445,80.13673400878906,-48.956043956043956,-87.69735717773438,33.596920013427734,32.87671232876712
4.053,0,4.491486549377441,-17.975849151611328,79.65913391113281,-51.99873352050781,-87.74877166748047,33.958492279052734,4.491486549377441,-17.975849151611328,79.65913391113281,-50.0989010989011,-87.74877166748047,33.958492279052734,33.07240704500978
4.089,0,4.2790679931640625,-17.250755310058594,79.46490478515625,-52.5606689453125,-87.75259399414062,34.06906509399414,4.2790679931640625,-17.250755310058594,79.46490478515625,-51.505494505494504,-87.75259399414062,34.06906509399414,33.13763861709067
4.121,0,4.490250110626221,-16.301227569580078,79.1607894897461,-53.2719841003418,-87.70616912841797,34.115543365478516,4.490250110626221,-16.301227569580078,79.1607894897461,-52.56043956043956,-87.70616912841797,34.115543365478516,33.268101761252446
4.155,0,4.379086494445801,-15.869071960449219,78.95307159423828,-53.487945556640625,-87.74556732177734,34.291526794433594,4.379086494445801,-15.869071960449219,78.95307159423828,-53.487945556640625,-87.74556732177734,34.291526794433594,33.52902804957599
4.186,0,4.316490650177002,-15.484146118164062,78.77909088134766,-53.66114807128906,-87.73322296142578,34.4512825012207,4.316490650177002,-15.484146118164062,78.77909088134766,-53.66114807128906,-87.73322296142578,34.4512825012207,33.724722765818655
4.218,0,4.089206218719482,-14.636841773986816,78.4537124633789,-54.17053985595703,-87.72749328613281,34.68486022949219,4.089206218719482,-14.636841773986816,78.4537124633789,-54.17053985595703,-87.72749328613281,34.68486022949219,33.724722765818655
4.254,0,4.346022129058838,-13.710054397583008,78.07514953613281,-54.795501708984375,-87.67207336425781,34.741268157958984,4.346022129058838,-13.710054397583008,78.07514953613281,-54.795501708984375,-87.67207336425781,34.741268157958984,33.85518590998043
4.286,0,4.2434401512146,-12.663013458251953,77.66361236572266,-55.40672302246094,-87.64006805419922,34.98723220825195,4.2434401512146,-12.663013458251953,77.66361236572266,-55.40672302246094,-87.64006805419922,34.98723220825195,34.11611219830398
4.319,0,4.2517900466918945,-11.629114151000977,77.19337463378906,-56.008827209472656,-87.6187515258789,35.18856430053711,4.2517900466918945,-11.629114151000977,77.19337463378906,-56.008827209472656,-87.6187515258789,35.18856430053711,34.24657534246575
4.354,0,4.067379951477051,-10.644737243652344,76.73478698730469,-56.573673248291016,-87.6430892944336,35.44889831542969,4.067379951477051,-10.644737243652344,76.73478698730469,-56.573673248291016,-87.6430892944336,35.44889831542969,34.5075016307893
4.391,0,4.326283931732178,-9.834634780883789,76.33788299560547,-57.038124084472656,-87.58872985839844,35.47771072387695,4.326283931732178,-9.834634780883789,76.33788299560547,-57.038124084472656,-87.58872985839844,35.47771072387695,34.63796477495107
4.425,0,4.208506107330322,-8.758304595947266,75.89497375488281,-57.64518737792969,-87.56373596191406,35.76066207885742,4.208506107330322,-8.758304595947266,75.89497375488281,-57.64518737792969,-87.56373596191406,35.76066207885742,34.898891063274625
4.455,0,4.220560073852539,-7.870718002319336,75.48165893554688,-58.132286071777344,-87.54558563232422,35.896484375,4.220560073852539,-7.870718002319336,75.48165893554688,-58.132286071777344,-87.54558563232422,35.896484375,35.0293542074364
4.487,0,4.080878734588623,-7.488384246826172,75.21839904785156,-58.242103576660156,-87.55238342285156,35.96977996826172,4.080878734588623,-7.488384246826172,75.21839904785156,-58.242103576660156,-87.55238342285156,35.96977996826172,35.22504892367906
4.521,0,4.3854193687438965,-6.915430068969727,74.81146240234375,-58.471412658691406,-87.52528381347656,35.98662567138672,4.3854193687438965,-6.915430068969727,74.81146240234375,-58.471412658691406,-87.52528381347656,35.98662567138672,35.42074363992172
4.554,0,4.268775463104248,-5.483381271362305,74.1158218383789,-59.298831939697266,-87.5398178100586,36.34004211425781,4.268775463104248,-5.483381271362305,74.1158218383789,-59.298831939697266,-87.5398178100586,36.34004211425781,35.5512067840835
4.590,0,4.220781326293945,-4.873016357421875,73.63130950927734,-59.44347381591797,-87.58535766601562,36.63318634033203,4.220781326293945,-4.873016357421875,73.63130950927734,-59.44347381591797,-87.58535766601562,36.63318634033203,35.68166992824527
4.621,0,4.036147594451904,-4.110282897949219,73.1207504272461,-59.740718841552734,-87.60083770751953,36.86991882324219,4.036147594451904,-4.110282897949219,73.1207504272461,-59.740718841552734,-87.60083770751953,36.86991882324219,35.68166992824527
4.654,0,4.334995746612549,-3.5269336700439453,72.7453384399414,-60.01142120361328,-87.59129333496094,36.85432815551758,4.334995746612549,-3.5269336700439453,72.7453384399414,-60.01142120361328,-87.59129333496094,36.85432815551758,36.007827788649706
4.688,0,4.260871410369873,-2.219087600708008,71.9374771118164,-60.609474182128906,-87.66972351074219,37.3203239440918,4.260871410369873,-2.219087600708008,71.9374771118164,-60.609474182128906,-87.66972351074219,37.3203239440918,36.26875407697325
4.721,0,4.196649074554443,-1.6977462768554688,71.51557159423828,-60.748287200927734,-87.71337127685547,37.53736114501953,4.196649074554443,-1.6977462768554688,71.51557159423828,-60.748287200927734,-87.71337127685547,37.53736114501953,36.464448793215915
4.756,0,3.9357047080993652,-0.6872882843017578,70.96436309814453,-61.2894287109375,-87.73249816894531,37.672752380371094,3.9357047080993652,-0.6872882843017578,70.96436309814453,-61.2894287109375,-87.73249816894531,37.672752380371094,36.464448793215915
4.788,0,4.205098628997803,-0.4156684875488281,70.642822265625,-61.335391998291016,-87.72579193115234,37.61561584472656,4.205098628997803,-0.4156684875488281,70.642822265625,-61.335391998291016,-87.72579193115234,37.61561584472656,36.855838225701234
4.823,0,4.068627834320068,0.22747802734375,70.28862762451172,-61.66200637817383,-87.7255859375,37.79383087158203,4.068627834320068,0.22747802734375,70.28862762451172,-61.66200637817383,-87.7255859375,37.79383087158203,37.11676451402479
4.858,0,4.002080917358398,0.6695137023925781,69.98944091796875,-61.87987518310547,-87.73776245117188,37.917667388916016,4.002080917358398,0.6695137023925781,69.98944091796875,-61.87987518310547,-87.73776245117188,37.917667388916016,37.24722765818656
4.888,0,3.729238986968994,1.5373039245605469,69.68788146972656,-62.520694732666016,-87.77002716064453,38.105403900146484,3.729238986968994,1.5373039245605469,69.68788146972656,-62.520694732666016,-87.77002716064453,38.105403900146484,37.24722765818656
4.925,0,4.0182037353515625,1.6331291198730469,69.48563385009766,-62.487640380859375,-87.77267456054688,38.009361267089844,4.0182037353515625,1.6331291198730469,69.48563385009766,-62.487640380859375,-87.77267456054688,38.009361267089844,37.44292237442922
4.956,0,3.8507728576660156,2.4498062133789062,68.94947052001953,-62.763916015625,-87.82855987548828,38.385440826416016,3.8507728576660156,2.4498062133789062,68.94947052001953,-62.763916015625,-87.82855987548828,38.385440826416016,37.638617090671886
4.988,0,3.749147891998291,2.7756824493408203,68.55670928955078,-62.657833099365234,-87.86930847167969,38.602725982666016,3.749147891998291,2.7756824493408203,68.55670928955078,-62.657833099365234,-87.86930847167969,38.602725982666016,37.70384866275277
5.022,0,3.486894130706787,3.1164112091064453,68.48171997070312,-62.90655517578125,-87.92256164550781,38.51298141479492,3.486894130706787,3.1164112091064453,68.48171997070312,-62.90655517578125,-87.92256164550781,38.51298141479492,37.76908023483366
5.055,0,3.812824249267578,2.7626399993896484,68.7450180053711,-62.76105880737305,-87.89942932128906,38.248497009277344,3.812824249267578,2.7626399993896484,68.7450180053711,-62.76105880737305,-87.89942932128906,38.248497009277344,38.030006523157205
5.088,0,3.658125877380371,2.6747989654541016,68.640869140625,-62.574851989746094,-87.95169067382812,38.2267951965332,3.658125877380371,2.6747989654541016,68.640869140625,-62.574851989746094,-87.95169067382812,38.2267951965332,38.16046966731898
5.122,0,3.5881428718566895,2.555593490600586,68.60945892333984,-62.43281555175781,-87.9819564819336,38.209449768066406,3.5881428718566895,2.555593490600586,68.60945892333984,-62.43281555175781,-87.9819564819336,38.209449768066406,38.095238095238095
5.154,0,3.364389419555664,2.618316650390625,68.47246551513672,-62.420684814453125,-88.03225708007812,38.155887603759766,3.364389419555664,2.618316650390625,68.47246551513672,-62.420684814453125,-88.03225708007812,38.155887603759766,38.095238095238095
5.189,0,3.5913281440734863,2.367532730102539,68.41009521484375,-62.169307708740234,-88.0392837524414,37.96845626831055,3.5913281440734863,2.367532730102539,68.41009521484375,-62.169307708740234,-88.0392837524414,37.96845626831055,38.095238095238095
5.222,0,3.392608642578125,2.3663578033447266,68.3542709350586,-62.09954071044922,-88.07177734375,37.86463165283203,3.392608642578125,2.3663578033447266,68.3542709350586,-62.09954071044922,-88.07177734375,37.86463165283203,38.095238095238095
5.259,0,3.3299102783203125,2.2550811767578125,68.3446044921875,-61.97625732421875,-88.11518859863281,37.839439392089844,3.3299102783203125,2.2550811767578125,68.3446044921875,-61.97625732421875,-88.11518859863281,37.839439392089844,38.095238095238095
5.321,0,3.0536842346191406,2.6450672149658203,68.03716278076172,-62.12925720214844,-88.1598892211914,37.89962387084961,3.0536842346191406,2.6450672149658203,68.03716278076172,-62.12925720214844,-88.1598892211914,37.89962387084961,38.095238095238095
5.352,0,3.3122076988220215,2.6829776763916016,67.92552185058594,-62.0519905090332,-88.13190460205078,37.776153564453125,3.3122076988220215,2.6829776763916016,67.92552185058594,-62.0519905090332,-88.13190460205078,37.776153564453125,38.095238095238095
5.385,0,3.1480159759521484,2.721555709838867,67.70066833496094,-61.8446159362793,-88.21871185302734,37.84085464477539,3.1480159759521484,2.721555709838867,67.70066833496094,-61.8446159362793,-88.21871185302734,37.84085464477539,38.095238095238095
5.417,0,3.1378226280212402,2.5635013580322266,67.7369613647461,-61.76563262939453,-88.26731872558594,37.71868896484375,3.1378226280212402,2.5635013580322266,67.7369613647461,-61.76563262939453,-88.26731872558594,37.71868896484375,38.095238095238095
5.450,0,2.8993372917175293,2.4216861724853516,67.61384582519531,-61.521331787109375,-88.32701110839844,37.56883239746094,2.8993372917175293,2.4216861724853516,67.61384582519531,-61.521331787109375,-88.32701110839844,37.56883239746094,38.095238095238095
5.483,0,3.1550331115722656,2.166339874267578,67.63624572753906,-61.2223014831543,-88.32057189941406,37.24698257446289,3.1550331115722656,2.166339874267578,67.63624572753906,-61.2223014831543,-88.32057189941406,37.24698257446289,38.095238095238095
5.519,0,3.0096635818481445,1.7682437896728516,67.64237213134766,-60.84809875488281,-88.38882446289062,37.138328552246094,3.0096635818481445,1.7682437896728516,67.64237213134766,-60.84809875488281,-88.38882446289062,37.138328552246094,38.095238095238095
5.550,0,2.9839835166931152,1.4144287109375,67.6310043334961,-60.433082580566406,-88.42477416992188,36.956241607666016,2.9839835166931152,1.4144287109375,67.6310043334961,-60.433082580566406,-88.42477416992188,36.956241607666016,37.83431180691454
5.584,0,2.7061386108398438,1.5624217987060547,67.46085357666016,-60.378074645996094,-88.4959716796875,36.93585205078125,2.7061386108398438,1.5624217987060547,67.46085357666016,-60.378074645996094,-88.4959716796875,36.93585205078125,37.573385518590996
5.618,0,3.0015788078308105,1.3156318664550781,67.48914337158203,-60.10588073730469,-88.49005126953125,36.638084411621094,3.0015788078308105,1.3156318664550781,67.48914337158203,-60.10588073730469,-88.49005126953125,36.638084411621094,37.44292237442922
5.651,0,2.8898863792419434,0.8281192779541016,67.66361999511719,-59.790977478027344,-88.56925964355469,36.33539581298828,2.8898863792419434,0.8281192779541016,67.66361999511719,-59.790977478027344,-88.56925964355469,36.33539581298828,37.44292237442922
5.692,0,2.9224143028259277,0.6637725830078125,67.53802490234375,-59.48207092285156,-88.61906433105469,36.20818328857422,2.9224143028259277,0.6637725830078125,67.53802490234375,-59.48207092285156,-88.61906433105469,36.20818328857422,37.24722765818656
5.723,0,2.67722225189209,0.9769744873046875,67.25569915771484,-59.483455657958984,-88.68167114257812,36.227176666259766,2.67722225189209,0.9769744873046875,67.25569915771484,-59.483455657958984,-88.68167114257812,36.227176666259766,36.921069797782124
5.756,0,3.013662815093994,0.7686595916748047,67.25213623046875,-59.21135711669922,-88.68212890625,35.86730194091797,3.013662815093994,0.7686595916748047,67.25213623046875,-59.21135711669922,-88.68212890625,35.86730194091797,36.72537508153946
5.788,0,3.024427890777588,1.4019222259521484,66.86101531982422,-59.533199310302734,-88.69972229003906,36.00572204589844,3.024427890777588,1.4019222259521484,66.86101531982422,-59.533199310302734,-88.69972229003906,36.00572204589844,36.59491193737769
5.821,0,2.764693260192871,2.6327075958251953,66.21485137939453,-60.2802734375,-88.75556182861328,36.22376251220703,2.764693260192871,2.6327075958251953,66.21485137939453,-60.2802734375,-88.75556182861328,36.22376251220703,36.399217221135025
5.855,0,3.0513105392456055,2.7230052947998047,66.02798461914062,-60.24956512451172,-88.76041412353516,36.015296936035156,3.0513105392456055,2.7230052947998047,66.02798461914062,-60.24956512451172,-88.76041412353516,36.015296936035156,36.26875407697325
5.890,0,2.849471092224121,2.8414669036865234,65.79619598388672,-60.18333435058594,-88.86388397216797,36.10185241699219,2.849471092224121,2.8414669036865234,65.79619598388672,-60.18333435058594,-88.86388397216797,36.10185241699219,36.20352250489237
5.923,0,2.8355369567871094,3.031564712524414,65.74888610839844,-60.311279296875,-88.87786865234375,35.99427795410156,2.8355369567871094,3.031564712524414,65.74888610839844,-60.311279296875,-88.87786865234375,35.99427795410156,36.20352250489237
5.954,0,2.4896697998046875,3.550477981567383,65.54088592529297,-60.63739013671875,-88.94636535644531,35.98567199707031,2.4896697998046875,3.550477981567383,65.54088592529297,-60.63739013671875,-88.94636535644531,35.98567199707031,36.20352250489237
5.989,0,2.7409920692443848,3.263765335083008,65.54083251953125,-60.378456115722656,-88.94248962402344,35.70769119262695,2.7409920692443848,3.263765335083008,65.54083251953125,-60.378456115722656,-88.94248962402344,35.70769119262695,36.20352250489237
6.021,0,2.5248489379882812,3.3832149505615234,65.50508880615234,-60.56475830078125,-89.00003051757812,35.70720291137695,2.5248489379882812,3.3832149505615234,65.50508880615234,-60.56475830078125,-89.00003051757812,35.70720291137695,36.20352250489237
6.055,0,2.504741668701172,3.5976390838623047,65.43856048583984,-60.739105224609375,-89.04693603515625,35.59031677246094,2.504741668701172,3.5976390838623047,65.43856048583984,-60.739105224609375,-89.04693603515625,35.59031677246094,36.13829093281148
6.088,0,2.1732115745544434,5.14259147644043,64.7919921875,-61.81351852416992,-89.0931625366211,35.879638671875,2.1732115745544434,5.14259147644043,64.7919921875,-61.81351852416992,-89.0931625366211,35.879638671875,36.07305936073059
6.123,0,2.387451171875,4.796846389770508,64.85652923583984,-61.523075103759766,-89.0909423828125,35.57524490356445,2.387451171875,4.796846389770508,64.85652923583984,-61.523075103759766,-89.0909423828125,35.57524490356445,36.07305936073059
6.154,0,2.153290271759033,4.702421188354492,64.87840270996094,-61.39886474609375,-89.16272735595703,35.4955940246582,2.153290271759033,4.702421188354492,64.87840270996094,-61.39886474609375,-89.16272735595703,35.4955940246582,36.07305936073059
6.189,0,2.050686836242676,5.330461502075195,64.67060852050781,-61.867095947265625,-89.20065307617188,35.515525817871094,2.050686836242676,5.330461502075195,64.67060852050781,-61.867095947265625,-89.20065307617188,35.515525817871094,36.07305936073059
6.222,0,2.1274585723876953,4.910650253295898,64.71076965332031,-61.47312545776367,-89.20708465576172,35.420345306396484,2.1274585723876953,4.910650253295898,64.71076965332031,-61.47312545776367,-89.20708465576172,35.420345306396484,35.87736464448793
6.256,0,2.326758861541748,4.27015495300293,65.01985931396484,-61.09755325317383,-89.19580078125,34.925926208496094,2.326758861541748,4.27015495300293,65.01985931396484,-61.09755325317383,-89.19580078125,34.925926208496094,35.81213307240704
6.323,0,2.0833144187927246,3.948324203491211,65.13442993164062,-60.91403579711914,-89.25584411621094,34.75713348388672,2.0833144187927246,3.948324203491211,65.13442993164062,-60.91403579711914,-89.25584411621094,34.75713348388672,35.68166992824527
6.352,0,1.978122591972351,3.9475765228271484,65.23564910888672,-60.99894332885742,-89.28816986083984,34.435081481933594,1.978122591972351,3.9475765228271484,65.23564910888672,-60.99894332885742,-89.28816986083984,34.435081481933594,35.42074363992172
6.389,0,2.120899200439453,3.182130813598633,65.52383422851562,-60.465606689453125,-89.29304504394531,34.09721374511719,2.120899200439453,3.182130813598633,65.52383422851562,-60.465606689453125,-89.29304504394531,34.09721374511719,35.22504892367906
6.420,0,2.218156337738037,2.4023990631103516,65.93144226074219,-60.067832946777344,-89.26158142089844,33.62688064575195,2.218156337738037,2.4023990631103516,65.93144226074219,-60.067832946777344,-89.26158142089844,33.62688064575195,35.0293542074364
6.450,0,2.0111193656921387,1.6933269500732422,66.30442810058594,-59.681983947753906,-89.3250503540039,33.128578186035156,2.0111193656921387,1.6933269500732422,66.30442810058594,-59.681983947753906,-89.3250503540039,33.128578186035156,34.768427919112845
6.485,0,1.8696993589401245,1.9163360595703125,66.3027114868164,-59.927467346191406,-89.3560562133789,32.962894439697266,1.8696993589401245,1.9163360595703125,66.3027114868164,-59.927467346191406,-89.3560562133789,32.962894439697266,34.44227005870842
6.520,0,1.961746335029602,0.9939517974853516,66.74410247802734,-59.40062713623047,-89.39324951171875,32.386207580566406,1.961746335029602,0.9939517974853516,66.74410247802734,-59.40062713623047,-89.39324951171875,32.386207580566406,33.9856490541422
6.553,0,2.038806915283203,0.06775665283203125,67.1917953491211,-58.86132049560547,-89.35293579101562,31.972434997558594,2.038806915283203,0.06775665283203125,67.1917953491211,-58.86132049560547,-89.35293579101562,31.972434997558594,33.59425962165688
6.586,0,1.7991224527359009,0.11634635925292969,67.08012390136719,-58.69855499267578,-89.44109344482422,32.0038948059082,1.7991224527359009,0.11634635925292969,67.08012390136719,-58.69855499267578,-89.44109344482422,32.0038948059082,33.33333333333333
6.618,0,1.67463219165802,0.3720264434814453,67.07660675048828,-58.976837158203125,-89.4428939819336,31.880455017089844,1.67463219165802,0.3720264434814453,67.07660675048828,-58.976837158203125,-89.4428939819336,31.880455017089844,32.81148075668624
6.651,0,1.7206140756607056,-0.9358196258544922,67.7130355834961,-58.162353515625,-89.44498443603516,31.48516082763672,1.7206140756607056,-0.9358196258544922,67.7130355834961,-58.162353515625,-89.44498443603516,31.48516082763672,32.550554468362684
6.686,0,1.7569714784622192,-2.23333740234375,68.3869400024414,-57.456974029541016,-89.4235610961914,30.81816864013672,1.7569714784622192,-1.6153846153846154,68.3869400024414,-57.456974029541016,-89.4235610961914,30.81816864013672,32.35485975212002
6.722,0,1.463518500328064,-1.8866214752197266,68.230712890625,-57.606292724609375,-89.50181579589844,30.939159393310547,1.463518500328064,-1.8866214752197261,68.230712890625,-57.606292724609375,-89.50181579589844,30.939159393310547,32.093933463796475
6.752,0,1.3358465433120728,-2.3059043884277344,68.56532287597656,-57.39048385620117,-89.55050659179688,30.529754638671875,1.3358465433120728,-2.3059043884277344,68.56532287597656,-57.39048385620117,-89.55050659179688,30.529754638671875,31.702544031311152
6.784,0,1.3512331247329712,-3.2349586486816406,68.92999267578125,-56.78363800048828,-89.55145263671875,30.307838439941406,1.3512331247329712,-3.2349586486816406,68.92999267578125,-56.78363800048828,-89.55145263671875,30.307838439941406,31.441617742987603
6.819,0,1.4378026723861694,-3.702260971069336,69.11919403076172,-56.48714065551758,-89.50521850585938,30.08307647705078,1.4378026723861694,-3.702260971069336,69.11919403076172,-56.48714065551758,-89.50521850585938,30.08307647705078,31.180691454664057
6.852,0,1.1804696321487427,-3.5222110748291016,69.1249771118164,-56.703147888183594,-89.52473449707031,30.015972137451172,1.1804696321487427,-3.5222110748291016,69.1249771118164,-56.703147888183594,-89.52473449707031,30.015972137451172,30.919765166340508
6.886,0,1.0301628112792969,-2.732931137084961,68.84217071533203,-57.28744888305664,-89.52640533447266,30.171897888183594,1.0301628112792969,-2.732931137084961,68.84217071533203,-57.28744888305664,-89.52640533447266,30.171897888183594,30.59360730593607
6.920,0,1.0367473363876343,-3.0448989868164062,68.85844421386719,-57.01846694946289,-89.5461654663086,30.2039794921875,1.0367473363876343,-3.0448989868164062,68.85844421386719,-57.01846694946289,-89.5461654663086,30.2039794921875,30.39791258969341
6.953,0,1.13481867313385,-2.4537620544433594,68.52082061767578,-57.3690185546875,-89.52438354492188,30.429691314697266,1.13481867313385,-2.4537620544433594,68.52082061767578,-57.3690185546875,-89.52438354492188,30.429691314697266,30.332681017612522
6.985,0,0.857193112373352,-1.6947898864746094,68.1808090209961,-57.821044921875,-89.62005615234375,30.63011932373047,0.857193112373352,-1.6947898864746094,68.1808090209961,-57.821044921875,-89.62005615234375,30.63011932373047,30.332681017612522
7.018,0,0.7103745937347412,-0.5791702270507812,67.78956604003906,-58.72113800048828,-89.62123107910156,30.849609375,0.7103745937347412,-0.5791702270507812,67.78956604003906,-58.72113800048828,-89.62123107910156,30.849609375,30.267449445531636
7.053,0,0.7338279485702515,-1.3292217254638672,68.05975341796875,-58.199554443359375,-89.60723876953125,30.748249053955078,0.7338279485702515,-1.3292217254638672,68.05975341796875,-58.199554443359375,-89.60723876953125,30.748249053955078,30.267449445531636
7.087,0,0.8293510675430298,-1.6883316040039062,68.18097686767578,-57.960411071777344,-89.53912353515625,30.677085876464844,0.8293510675430298,-1.6883316040039062,68.18097686767578,-57.960411071777344,-89.53912353515625,30.677085876464844,30.267449445531636
7.118,0,0.5306116342544556,-1.601308822631836,68.06927490234375,-57.9245719909668,-89.59369659423828,30.747108459472656,0.5306116342544556,-1.601308822631836,68.06927490234375,-57.9245719909668,-89.59369659423828,30.747108459472656,30.39791258969341
7.153,0,0.36726653575897217,-1.2740421295166016,68.0223388671875,-58.22783660888672,-89.55046844482422,30.780637741088867,0.36726653575897217,-1.2740421295166016,68.0223388671875,-58.22783660888672,-89.55046844482422,30.780637741088867,30.39791258969341
7.186,0,0.38437438011169434,-1.761037826538086,68.26084899902344,-57.99718475341797,-89.55067443847656,30.766267776489258,0.38437438011169434,-1.761037826538086,68.26084899902344,-57.99718475341797,-89.55067443847656,30.766267776489258,30.39791258969341
7.221,0,0.3857377767562866,-2.858356475830078,68.8446044921875,-57.38822937011719,-89.54007720947266,30.249622344970703,0.3857377767562866,-2.858356475830078,68.8446044921875,-57.38822937011719,-89.54007720947266,30.249622344970703,30.39791258969341
7.254,0,0.10544508695602417,-2.600351333618164,68.64743041992188,-57.45552062988281,-89.587646484375,30.41620635986328,0.10544508695602417,-2.600351333618164,68.64743041992188,-57.45552062988281,-89.587646484375,30.41620635986328,30.39791258969341
7.288,0,-0.0040084123611450195,-1.6066703796386719,68.23652648925781,-58.15786361694336,-89.58564758300781,30.62149429321289,-0.0040084123611450195,-1.6066703796386719,68.23652648925781,-58.15786361694336,-89.58564758300781,30.62149429321289,30.39791258969341
7.321,0,0.3304380178451538,-2.1480255126953125,68.48014068603516,-57.70640563964844,-89.58147430419922,30.278120040893555,0.3304380178451538,-2.1480255126953125,68.48014068603516,-57.70640563964844,-89.58147430419922,30.278120040893555,30.39791258969341
7.355,0,0.391772985458374,-2.8861656188964844,68.82545471191406,-57.223876953125,-89.54924011230469,29.913131713867188,0.391772985458374,-2.8861656188964844,68.82545471191406,-57.223876953125,-89.54924011230469,29.913131713867188,30.39791258969341
7.389,0,0.06195938587188721,-1.4851436614990234,68.42853546142578,-58.42242431640625,-89.5704574584961,30.274505615234375,0.06195938587188721,-1.4851436614990234,68.42853546142578,-58.42242431640625,-89.5704574584961,30.274505615234375,30.39791258969341
7.422,0,-0.13868993520736694,-0.7126293182373047,68.16316986083984,-59.048988342285156,-89.5784912109375,30.351947784423828,-0.13868993520736694,-0.7126293182373047,68.16316986083984,-59.048988342285156,-89.5784912109375,30.351947784423828,30.39791258969341
7.455,0,0.20971381664276123,-0.519439697265625,67.99844360351562,-59.07610321044922,-89.52837371826172,30.418415069580078,0.20971381664276123,-0.519439697265625,67.99844360351562,-59.07610321044922,-89.52837371826172,30.418415069580078,30.267449445531636
7.488,0,0.25244438648223877,-1.4778270721435547,68.46022033691406,-58.46766662597656,-89.47044372558594,30.07581329345703,0.25244438648223877,-1.4778270721435547,68.46022033691406,-58.46766662597656,-89.47044372558594,30.07581329345703,30.267449445531636
7.521,0,-0.040332138538360596,-0.41603851318359375,68.05179595947266,-59.222389221191406,-89.48451232910156,30.33353614807129,-0.040332138538360596,-0.41603851318359375,68.05179595947266,-59.222389221191406,-89.48451232910156,30.33353614807129,30.267449445531636
7.555,0,-0.2461443543434143,0.7119197845458984,67.5520248413086,-60.005393981933594,-89.4996566772461,30.563499450683594,-0.2461443543434143,0.7119197845458984,67.5520248413086,-60.005393981933594,-89.4996566772461,30.563499450683594,30.267449445531636
7.587,0,0.05747330188751221,0.9548511505126953,67.33203887939453,-59.98906707763672,-89.43852996826172,30.71161651611328,0.05747330188751221,0.9548511505126953,67.33203887939453,-59.98906707763672,-89.43852996826172,30.71161651611328,30.267449445531636
7.622,0,0.09805566072463989,0.8915061950683594,67.35576629638672,-59.99169921875,-89.36825561523438,30.64473533630371,0.09805566072463989,0.8915061950683594,67.35576629638672,-59.99169921875,-89.36825561523438,30.64473533630371,30.267449445531636
7.656,0,-0.1992221474647522,1.6571102142333984,67.05655670166016,-60.461971282958984,-89.39940643310547,30.780414581298828,-0.1992221474647522,1.6571102142333984,67.05655670166016,-60.461971282958984,-89.39940643310547,30.780414581298828,30.267449445531636
7.691,0,-0.3390854597091675,2.809804916381836,66.5323715209961,-61.24692153930664,-89.3932113647461,31.104999542236328,-0.3390854597091675,2.809804916381836,66.5323715209961,-61.24692153930664,-89.3932113647461,31.104999542236328,30.267449445531636
7.720,0,-0.02256596088409424,3.342287063598633,66.118408203125,-61.407676696777344,-89.34494018554688,31.36309051513672,-0.02256596088409424,3.342287063598633,66.118408203125,-61.407676696777344,-89.34494018554688,31.36309051513672,30.267449445531636
7.755,0,0.030435383319854736,3.466859817504883,66.01412963867188,-61.43413162231445,-89.26701354980469,31.34834861755371,0.030435383319854736,3.466859817504883,66.01412963867188,-61.43413162231445,-89.26701354980469,31.34834861755371,30.267449445531636
7.788,0,-0.24974840879440308,5.035425186157227,65.29920196533203,-62.544647216796875,-89.34556579589844,31.765697479248047,-0.24974840879440308,5.035425186157227,65.29920196533203,-62.544647216796875,-89.34556579589844,31.765697479248047,30.528375733855185
7.823,0,-0.40315383672714233,6.362836837768555,64.74410247802734,-63.59132385253906,-89.37643432617188,32.09471893310547,-0.40315383672714233,6.362836837768555,64.74410247802734,-63.59132385253906,-89.37643432617188,32.09471893310547,30.78930202217873
7.857,0,-0.12926757335662842,6.385675430297852,64.65322875976562,-63.491390228271484,-89.30933380126953,32.159446716308594,-0.12926757335662842,6.385675430297852,64.65322875976562,-63.491390228271484,-89.30933380126953,32.159446716308594,30.984996738421394
7.890,0,-0.08474308252334595,6.232782363891602,64.66207885742188,-63.35157012939453,-89.25843048095703,32.097923278808594,-0.08474308252334595,6.232782363891602,64.66207885742188,-63.35157012939453,-89.25843048095703,32.097923278808594,31.31115459882583
7.924,0,-0.38523486256599426,7.483945846557617,64.09959411621094,-64.2147216796875,-89.28434753417969,32.496803283691406,-0.3852348625659944,7.483945846557617,64.09959411621094,-64.2147216796875,-89.28434753417969,32.496803283691406,31.57208088714938
7.959,0,-0.5477398633956909,8.61280632019043,63.639591217041016,-65.03984069824219,-89.28507995605469,32.768104553222656,-0.547739863395691,8.61280632019043,63.639591217041016,-65.03984069824219,-89.28507995605469,32.768104553222656,31.702544031311152
7.990,0,-0.2765691876411438,8.599233627319336,63.56258773803711,-64.93885803222656,-89.25086212158203,32.80234909057617,-0.2765691876411439,8.599233627319336,63.56258773803711,-64.93885803222656,-89.25086212158203,32.80234909057617,31.83300717547293
8.022,0,-0.24922388792037964,8.576688766479492,63.46181869506836,-64.85750579833984,-89.212646484375,32.77017593383789,-0.24922388792037975,8.576688766479492,63.46181869506836,-64.85750579833984,-89.212646484375,32.77017593383789,32.093933463796475
8.057,0,-0.5377727746963501,9.803812026977539,62.9049186706543,-65.67643737792969,-89.2635498046875,33.1417350769043,-0.5377727746963502,9.803812026977539,62.9049186706543,-65.67643737792969,-89.2635498046875,33.1417350769043,32.35485975212002
8.090,0,-0.6991031765937805,10.720090866088867,62.48255157470703,-66.32157897949219,-89.2706527709961,33.37604522705078,-0.6991031765937806,10.720090866088867,62.48255157470703,-66.32157897949219,-89.2706527709961,33.37604522705078,32.35485975212002
8.122,0,-0.44226258993148804,10.449560165405273,62.55048751831055,-66.09561157226562,-89.25457763671875,33.30526351928711,-0.44226258993148815,10.449560165405273,62.55048751831055,-66.09561157226562,-89.25457763671875,33.30526351928711,32.35485975212002
8.159,0,-0.40814489126205444,10.144311904907227,62.573631286621094,-65.81195068359375,-89.20829772949219,33.20572280883789,-0.40814489126205455,10.144311904907227,62.573631286621094,-65.81195068359375,-89.20829772949219,33.20572280883789,32.68101761252446
8.190,0,-0.7146750688552856,11.127992630004883,62.082847595214844,-66.45120239257812,-89.25989532470703,33.508758544921875,-0.7146750688552856,11.127992630004883,62.082847595214844,-66.45120239257812,-89.25989532470703,33.508758544921875,32.81148075668624
8.222,0,-0.8602206110954285,12.079439163208008,61.66252899169922,-67.17837524414062,-89.25243377685547,33.73426055908203,-0.8602206110954285,12.079439163208008,61.66252899169922,-67.17837524414062,-89.25243377685547,33.73426055908203,32.94194390084801
8.258,0,-0.8190492391586304,12.359281539916992,61.364078521728516,-67.2395248413086,-89.21959686279297,33.84901809692383,-0.8190492391586304,12.359281539916992,61.364078521728516,-67.2395248413086,-89.21959686279297,33.84901809692383,32.94194390084801
8.293,0,-0.7527296543121338,12.627603530883789,61.119407653808594,-67.319580078125,-89.16490173339844,33.95807647705078,-0.7527296543121338,12.627603530883789,61.119407653808594,-67.319580078125,-89.16490173339844,33.95807647705078,33.07240704500978
8.326,0,-1.0479481220245361,13.694890975952148,60.539703369140625,-67.94445037841797,-89.19918060302734,34.327667236328125,-1.0479481220245361,13.694890975952148,60.539703369140625,-67.94445037841797,-89.19918060302734,34.327667236328125,33.268101761252446
8.358,0,-0.7959058284759521,13.544336318969727,60.47897720336914,-67.76878356933594,-89.17967987060547,34.34900665283203,-0.7959058284759521,13.544336318969727,60.47897720336914,-67.76878356933594,-89.17967987060547,34.34900665283203,33.39856490541422
8.396,0,-0.5255184173583984,13.39769172668457,60.4049072265625,-67.56077575683594,-89.14115905761719,34.36534118652344,-0.5255184173583984,13.39769172668457,60.4049072265625,-67.56077575683594,-89.14115905761719,34.36534118652344,33.659491193737765
8.427,0,-0.47505807876586914,13.658090591430664,60.16039276123047,-67.66999816894531,-89.07902526855469,34.52849197387695,-0.47505807876586914,13.658090591430664,60.16039276123047,-67.66999816894531,-89.07902526855469,34.52849197387695,33.85518590998043
8.458,0,-0.6336817741394043,14.079191207885742,59.9801139831543,-67.92365264892578,-89.06505584716797,34.64849853515625,-0.6336817741394043,14.079191207885742,59.9801139831543,-67.92365264892578,-89.06505584716797,34.64849853515625,33.9856490541422
8.491,0,-0.8088595271110535,14.55982780456543,59.83846664428711,-68.27963256835938,-89.03536987304688,34.761505126953125,-0.8088595271110536,14.55982780456543,59.83846664428711,-68.27963256835938,-89.03536987304688,34.761505126953125,34.11611219830398
8.525,0,-0.5616641044616699,14.474691390991211,59.68465042114258,-68.05682373046875,-88.99967193603516,34.913299560546875,-0.5616641044616699,14.474691390991211,59.68465042114258,-68.05682373046875,-88.99967193603516,34.913299560546875,34.18134377038486
8.559,0,-0.7529102563858032,16.42197608947754,58.76605987548828,-69.4166030883789,-89.08798217773438,35.45036697387695,-0.7529102563858032,16.42197608947754,58.76605987548828,-69.4166030883789,-89.08798217773438,35.45036697387695,34.37703848662753
8.596,0,-0.9658412337303162,18.498109817504883,57.75745391845703,-70.78260803222656,-89.19426727294922,36.089813232421875,-0.9658412337303163,18.498109817504883,57.75745391845703,-70.78260803222656,-89.19426727294922,36.089813232421875,34.5075016307893
8.628,0,-0.955400824546814,19.033437728881836,57.482147216796875,-71.1622314453125,-89.18727111816406,36.22798538208008,-0.9554008245468141,19.033437728881836,57.482147216796875,-71.1622314453125,-89.18727111816406,36.22798538208008,34.63796477495107
8.659,0,-0.9395783543586731,18.97452735900879,57.47557830810547,-71.14051818847656,-89.14308166503906,36.098236083984375,-0.9395783543586732,18.97452735900879,57.47557830810547,-71.14051818847656,-89.14308166503906,36.098236083984375,35.0293542074364
8.692,0,-0.9513413310050964,18.684114456176758,57.64389419555664,-71.01322937011719,-89.10557556152344,35.91073989868164,-0.9513413310050964,18.684114456176758,57.64389419555664,-71.01322937011719,-89.10557556152344,35.91073989868164,35.48597521200261
8.726,0,-0.9803177118301392,18.986238479614258,57.46527862548828,-71.15339660644531,-89.12329864501953,35.937740325927734,-0.9803177118301393,18.986238479614258,57.46527862548828,-71.15339660644531,-89.12329864501953,35.937740325927734,35.61643835616438
8.761,0,-0.8010424971580505,18.680124282836914,57.52422332763672,-70.8721923828125,-89.10660552978516,35.85722732543945,-0.8010424971580505,18.680124282836914,57.52422332763672,-70.8721923828125,-89.10660552978516,35.85722732543945,35.61643835616438
8.793,0,-0.7284547090530396,19.3787899017334,57.146270751953125,-71.346435546875,-89.04405975341797,36.039878845214844,-0.7284547090530396,19.3787899017334,57.146270751953125,-71.346435546875,-89.04405975341797,36.039878845214844,35.61643835616438
8.827,0,-0.972697913646698,20.51508903503418,56.76420974731445,-72.26399993896484,-89.08963012695312,36.234535217285156,-0.972697913646698,20.51508903503418,56.76420974731445,-72.26399993896484,-89.08963012695312,36.234535217285156,35.61643835616438
8.862,0,-0.8882190585136414,20.38071632385254,56.80783462524414,-72.16664123535156,-89.09126281738281,36.225250244140625,-0.8882190585136414,20.38071632385254,56.80783462524414,-72.16664123535156,-89.09126281738281,36.225250244140625,35.61643835616438
8.894,0,-0.6655209064483643,20.26512336730957,56.85276794433594,-72.04263305664062,-89.05830383300781,36.1459846496582,-0.6655209064483643,20.26512336730957,56.85276794433594,-72.04263305664062,-89.05830383300781,36.1459846496582,35.61643835616438
8.937,0,-0.5625996589660645,21.26145362854004,56.28564453125,-72.70545959472656,-88.98731994628906,36.527793884277344,-0.5625996589660645,21.26145362854004,56.28564453125,-72.70545959472656,-88.98731994628906,36.527793884277344,35.81213307240704
8.966,0,-0.7514551877975464,22.80635643005371,55.5661506652832,-73.79605102539062,-89.0673599243164,36.948246002197266,-0.7514551877975464,22.80635643005371,55.5661506652832,-73.79605102539062,-89.0673599243164,36.948246002197266,35.87736464448793
8.998,0,-0.7378478050231934,23.00358772277832,55.501686096191406,-73.88030242919922,-89.0621109008789,36.98069381713867,-0.7378478050231934,23.00358772277832,55.501686096191406,-73.88030242919922,-89.0621109008789,36.98069381713867,35.942596216568816
9.030,0,-0.5127736330032349,23.10600471496582,55.46659851074219,-73.93099212646484,-89.02474212646484,36.966392517089844,-0.5127736330032349,23.10600471496582,55.46659851074219,-73.93099212646484,-89.02474212646484,36.966392517089844,36.13829093281148
9.065,0,-0.4839603900909424,22.96129035949707,55.610252380371094,-73.91112518310547,-89.0067367553711,36.844078063964844,-0.4839603900909424,22.96129035949707,55.610252380371094,-73.91112518310547,-89.0067367553711,36.844078063964844,36.464448793215915
9.101,0,-0.8241423964500427,24.427350997924805,54.910579681396484,-74.9737548828125,-89.09715270996094,37.405052185058594,-0.8241423964500427,24.427350997924805,54.910579681396484,-74.9737548828125,-89.09715270996094,37.405052185058594,36.66014350945858
9.132,0,-0.8416500687599182,24.652368545532227,54.8431396484375,-75.10388946533203,-89.10106658935547,37.331077575683594,-0.8416500687599182,24.652368545532227,54.8431396484375,-75.10388946533203,-89.10106658935547,37.331077575683594,36.66014350945858
9.168,0,-0.6924082040786743,24.45594596862793,54.91529846191406,-74.97039794921875,-89.07714080810547,37.24401092529297,-0.6924082040786743,24.45594596862793,54.91529846191406,-74.97039794921875,-89.07714080810547,37.24401092529297,36.66014350945858
9.199,0,-0.6906421780586243,24.17274284362793,55.07386016845703,-74.85530090332031,-89.06724548339844,37.08880615234375,-0.6906421780586243,24.17274284362793,55.07386016845703,-74.85530090332031,-89.06724548339844,37.08880615234375,36.855838225701234
9.233,0,-1.046679973602295,25.412038803100586,54.505245208740234,-75.8278579711914,-89.16424560546875,37.575469970703125,-1.046679973602295,25.412038803100586,54.505245208740234,-75.8278579711914,-89.16424560546875,37.575469970703125,37.0515329419439
9.267,0,-1.0351110696792603,25.53142738342285,54.41280746459961,-75.84983825683594,-89.18450927734375,37.552703857421875,-1.0351110696792603,25.53142738342285,54.41280746459961,-75.84983825683594,-89.18450927734375,37.552703857421875,37.0515329419439
9.298,0,-0.8958653807640076,25.402299880981445,54.46171951293945,-75.7473373413086,-89.16487884521484,37.45695114135742,-0.8958653807640076,25.402299880981445,54.46171951293945,-75.7473373413086,-89.16487884521484,37.45695114135742,36.986301369863014
9.332,0,-0.9034132361412048,25.472806930541992,54.43921661376953,-75.80082702636719,-89.16739654541016,37.39451217651367,-0.9034132361412048,25.472806930541992,54.43921661376953,-75.80082702636719,-89.16739654541016,37.39451217651367,37.18199608610567
9.366,0,-1.2662553787231445,25.727869033813477,54.46687316894531,-76.15006256103516,-89.2319564819336,37.538482666015625,-1.2662553787231445,25.727869033813477,54.46687316894531,-76.15006256103516,-89.2319564819336,37.538482666015625,37.31245923026745
9.399,0,-1.3680944442749023,25.632150650024414,54.57170867919922,-76.14593505859375,-89.22135925292969,37.51332092285156,-1.3680944442749023,25.632150650024414,54.57170867919922,-76.14593505859375,-89.22135925292969,37.51332092285156,37.24722765818656
9.436,0,-1.3917194604873657,25.252229690551758,54.8031005859375,-75.94218444824219,-89.23229217529297,37.424346923828125,-1.3917194604873657,25.252229690551758,54.8031005859375,-75.94218444824219,-89.23229217529297,37.424346923828125,37.24722765818656
9.466,0,-1.335306167602539,25.18694496154785,54.8677978515625,-75.97171020507812,-89.2544937133789,37.301475524902344,-1.335306167602539,25.18694496154785,54.8677978515625,-75.97171020507812,-89.2544937133789,37.301475524902344,37.31245923026745
9.499,0,-1.6916472911834717,26.25776481628418,54.41682434082031,-76.78530883789062,-89.34312438964844,37.673095703125,-1.6916472911834717,26.25776481628418,54.41682434082031,-76.78530883789062,-89.34312438964844,37.673095703125,37.24722765818656
9.536,0,-1.5965322256088257,26.2607364654541,54.327919006347656,-76.713623046875,-89.36175537109375,37.69402313232422,-1.5965322256088257,26.2607364654541,54.327919006347656,-76.713623046875,-89.36175537109375,37.69402313232422,37.24722765818656
9.578,0,-1.6319692134857178,25.998735427856445,54.47296905517578,-76.57388305664062,-89.39054870605469,37.600181579589844,-1.6319692134857178,25.998735427856445,54.47296905517578,-76.57388305664062,-89.39054870605469,37.600181579589844,37.24722765818656
9.609,0,-1.6030164957046509,25.793333053588867,54.591880798339844,-76.49472045898438,-89.38421630859375,37.471920013427734,-1.6030164957046509,25.793333053588867,54.591880798339844,-76.49472045898438,-89.38421630859375,37.471920013427734,37.24722765818656
9.641,0,-1.9451689720153809,27.398717880249023,53.78578186035156,-77.62135314941406,-89.46686553955078,38.05535888671875,-1.9451689720153809,27.398717880249023,53.78578186035156,-77.62135314941406,-89.46686553955078,38.05535888671875,37.31245923026745
9.672,0,-1.8086292743682861,27.543603897094727,53.77177810668945,-77.7504653930664,-89.42933654785156,38.142112731933594,-1.8086292743682861,27.543603897094727,53.77177810668945,-77.7504653930664,-89.42933654785156,38.142112731933594,37.24722765818656
9.706,0,-1.864042043685913,27.476320266723633,53.82673645019531,-77.75080871582031,-89.39723205566406,38.10789489746094,-1.864042043685913,27.476320266723633,53.82673645019531,-77.75080871582031,-89.39723205566406,38.10789489746094,37.24722765818656
9.740,0,-2.228429079055786,27.3757266998291,54.05347442626953,-77.85455322265625,-89.45310974121094,37.98794174194336,-2.228429079055786,27.3757266998291,54.05347442626953,-77.85455322265625,-89.45310974121094,37.98794174194336,37.508153946510106
9.773,0,-2.240734577178955,27.19769859313965,54.117271423339844,-77.73772430419922,-89.44857788085938,38.01780319213867,-2.240734577178955,27.19769859313965,54.117271423339844,-77.73772430419922,-89.44857788085938,38.01780319213867,37.70384866275277
9.806,0,-2.2177679538726807,27.292753219604492,53.91954803466797,-77.63912963867188,-89.44219207763672,38.070701599121094,-2.2177679538726807,27.292753219604492,53.91954803466797,-77.63912963867188,-89.44219207763672,38.070701599121094,37.70384866275277
9.841,0,-2.1425328254699707,27.41383934020996,53.76179504394531,-77.58097839355469,-89.42853546142578,38.22646713256836,-2.1425328254699707,27.41383934020996,53.76179504394531,-77.58097839355469,-89.42853546142578,38.22646713256836,37.70384866275277
9.873,0,-2.332244396209717,27.398977279663086,53.74633026123047,-77.49314880371094,-89.4698486328125,38.18317413330078,-2.332244396209717,27.398977279663086,53.74633026123047,-77.49314880371094,-89.4698486328125,38.18317413330078,37.70384866275277
9.908,0,-2.250483274459839,27.284975051879883,53.815792083740234,-77.39108276367188,-89.44000244140625,38.26407241821289,-2.250483274459839,27.284975051879883,53.815792083740234,-77.39108276367188,-89.44000244140625,38.26407241821289,37.70384866275277
9.944,0,-2.2013401985168457,27.47660255432129,53.62385559082031,-77.38105773925781,-89.427734375,38.27813720703125,-2.2013401985168457,27.47660255432129,53.62385559082031,-77.38105773925781,-89.427734375,38.27813720703125,37.70384866275277
9.976,0,-2.187669277191162,27.635087966918945,53.46894454956055,-77.4242172241211,-89.4441909790039,38.424442291259766,-2.187669277191162,27.635087966918945,53.46894454956055,-77.4242172241211,-89.4441909790039,38.424442291259766,37.70384866275277
10.008,0,-2.4422054290771484,27.695398330688477,53.49943542480469,-77.48857116699219,-89.43578338623047,38.33319854736328,-2.4422054290771484,27.695398330688477,53.49943542480469,-77.48857116699219,-89.43578338623047,38.33319854736328,37.83431180691454
10.040,0,-2.3432631492614746,27.59333610534668,53.52272033691406,-77.36018371582031,-89.41658782958984,38.426063537597656,-2.3432631492614746,27.59333610534668,53.52272033691406,-77.36018371582031,-89.41658782958984,38.426063537597656,37.76908023483366
10.075,0,-2.236301898956299,28.042173385620117,53.216575622558594,-77.50450134277344,-89.37078857421875,38.52481460571289,-2.236301898956299,28.042173385620117,53.216575622558594,-77.50450134277344,-89.37078857421875,38.52481460571289,37.89954337899543
10.108,0,-2.207919120788574,28.785959243774414,52.915992736816406,-78.00822448730469,-89.31978607177734,38.76307678222656,-2.207919120788574,28.785959243774414,52.915992736816406,-78.00822448730469,-89.31978607177734,38.76307678222656,37.96477495107632
10.142,0,-2.439988851547241,28.7337589263916,53.108463287353516,-78.09024047851562,-89.30308532714844,38.71833419799805,-2.439988851547241,28.7337589263916,53.108463287353516,-78.09024047851562,-89.30308532714844,38.71833419799805,38.095238095238095
10.174,0,-2.3151450157165527,28.703359603881836,53.105430603027344,-78.039794921875,-89.2900390625,38.6927490234375,-2.3151450157165527,28.703359603881836,53.105430603027344,-78.039794921875,-89.2900390625,38.6927490234375,38.22570123939987
10.209,0,-2.3963310718536377,28.599885940551758,53.08623504638672,-77.90391540527344,-89.29026794433594,38.631744384765625,-2.3963310718536377,28.599885940551758,53.08623504638672,-77.90391540527344,-89.29026794433594,38.631744384765625,38.35616438356164
10.243,0,-2.385977268218994,28.81369972229004,52.97704315185547,-77.98136138916016,-89.23548889160156,38.656005859375,-2.385977268218994,28.81369972229004,52.97704315185547,-77.98136138916016,-89.23548889160156,38.656005859375,38.35616438356164
10.275,0,-2.450244665145874,29.073808670043945,52.88047790527344,-78.11766815185547,-89.21537017822266,38.6533317565918,-2.450244665145874,29.073808670043945,52.88047790527344,-78.11766815185547,-89.21537017822266,38.6533317565918,38.35616438356164
10.309,0,-2.345928907394409,29.0140438079834,52.974021911621094,-78.12187957763672,-89.22521209716797,38.575340270996094,-2.345928907394409,29.0140438079834,52.974021911621094,-78.12187957763672,-89.22521209716797,38.575340270996094,38.35616438356164
10.343,0,-2.23881459236145,29.02271842956543,52.9832763671875,-78.1332778930664,-89.2229995727539,38.43113327026367,-2.23881459236145,29.02271842956543,52.9832763671875,-78.1332778930664,-89.2229995727539,38.43113327026367,38.486627527723414
10.375,0,-2.2752599716186523,28.9981746673584,53.03096008300781,-78.13248443603516,-89.22665405273438,38.35454559326172,-2.2752599716186523,28.9981746673584,53.03096008300781,-78.13248443603516,-89.22665405273438,38.35454559326172,38.486627527723414
10.409,0,-2.304304361343384,29.111963272094727,53.02042007446289,-78.19889831542969,-89.2259292602539,38.222190856933594,-2.304304361343384,29.111963272094727,53.02042007446289,-78.19889831542969,-89.2259292602539,38.222190856933594,38.486627527723414
10.444,0,-2.2972168922424316,29.006093978881836,53.15392303466797,-78.2364501953125,-89.22779846191406,38.04940414428711,-2.2972168922424316,29.006093978881836,53.15392303466797,-78.2364501953125,-89.22779846191406,38.04940414428711,38.486627527723414
10.476,0,-2.302863597869873,29.048280715942383,53.169105529785156,-78.24201202392578,-89.23619842529297,37.95490264892578,-2.302863597869873,29.048280715942383,53.169105529785156,-78.24201202392578,-89.23619842529297,37.95490264892578,38.42139595564253
10.509,0,-2.2174482345581055,29.022993087768555,53.121517181396484,-78.1585693359375,-89.25198364257812,37.851802825927734,-2.2174482345581055,29.022993087768555,53.121517181396484,-78.1585693359375,-89.25198364257812,37.851802825927734,38.35616438356164
10.542,0,-2.3337252140045166,28.787092208862305,53.353965759277344,-78.14140319824219,-89.26351928710938,37.64915466308594,-2.3337252140045166,28.787092208862305,53.353965759277344,-78.14140319824219,-89.26351928710938,37.64915466308594,38.35616438356164
10.577,0,-2.2383551597595215,28.75248908996582,53.32225036621094,-78.09530639648438,-89.26873016357422,37.54872512817383,-2.2383551597595215,28.75248908996582,53.32225036621094,-78.09530639648438,-89.26873016357422,37.54872512817383,38.29093281148076
10.609,0,-2.3274121284484863,28.885610580444336,53.24603271484375,-78.12239074707031,-89.27100372314453,37.467567443847656,-2.3274121284484863,28.885610580444336,53.24603271484375,-78.12239074707031,-89.27100372314453,37.467567443847656,38.16046966731898
10.644,0,-2.18153715133667,28.93022346496582,53.140113830566406,-78.0396728515625,-89.27960205078125,37.361995697021484,-2.18153715133667,28.93022346496582,53.140113830566406,-78.0396728515625,-89.27960205078125,37.361995697021484,37.96477495107632
10.677,0,-2.2772889137268066,28.78370475769043,53.33955383300781,-78.0517807006836,-89.32136535644531,37.215538024902344,-2.2772889137268066,28.78370475769043,53.33955383300781,-78.0517807006836,-89.32136535644531,37.215538024902344,37.96477495107632
10.709,0,-2.224755048751831,28.635663986206055,53.41743469238281,-77.96260070800781,-89.330322265625,37.13021469116211,-2.224755048751831,28.635663986206055,53.41743469238281,-77.96260070800781,-89.330322265625,37.13021469116211,37.83431180691454
10.745,0,-2.3497533798217773,28.565637588500977,53.49427795410156,-77.92584228515625,-89.35733032226562,37.04887771606445,-2.3497533798217773,28.565637588500977,53.49427795410156,-77.92584228515625,-89.35733032226562,37.04887771606445,37.638617090671886
10.775,0,-2.2456789016723633,28.46280860900879,53.54241943359375,-77.8388442993164,-89.37928771972656,36.89535140991211,-2.2456789016723633,28.46280860900879,53.54241943359375,-77.8388442993164,-89.37928771972656,36.89535140991211,37.508153946510106
10.810,0,-2.4685163497924805,28.325422286987305,53.62903594970703,-77.76068115234375,-89.43321990966797,36.806129455566406,-2.4685163497924805,28.325422286987305,53.62903594970703,-77.76068115234375,-89.43321990966797,36.806129455566406,37.37769080234833
10.843,0,-2.3442234992980957,28.095670700073242,53.731903076171875,-77.594482421875,-89.45500183105469,36.66341018676758,-2.3442234992980957,28.095670700073242,53.731903076171875,-77.594482421875,-89.45500183105469,36.66341018676758,37.24722765818656
10.875,0,-2.4732837677001953,27.835378646850586,53.885894775390625,-77.45038604736328,-89.48994445800781,36.46696090698242,-2.4732837677001953,27.835378646850586,53.885894775390625,-77.45038604736328,-89.48994445800781,36.46696090698242,37.11676451402479
10.909,0,-2.508821487426758,27.700368881225586,54.01811981201172,-77.42372131347656,-89.49612426757812,36.30414581298828,-2.508821487426758,27.700368881225586,54.01811981201172,-77.42372131347656,-89.49612426757812,36.30414581298828,36.986301369863014
10.945,0,-2.440101385116577,27.41607093811035,54.13725280761719,-77.21056365966797,-89.52037048339844,36.13252258300781,-2.440101385116577,27.41607093811035,54.13725280761719,-77.21056365966797,-89.52037048339844,36.13252258300781,36.855838225701234
10.977,0,-2.251420259475708,27.18129539489746,54.188865661621094,-76.97244262695312,-89.49117279052734,36.0623779296875,-2.251420259475708,27.18129539489746,54.188865661621094,-76.97244262695312,-89.49117279052734,36.0623779296875,36.72537508153946
11.009,0,-2.2664639949798584,26.976255416870117,54.300575256347656,-76.86457824707031,-89.49600982666016,35.900787353515625,-2.2664639949798584,26.976255416870117,54.300575256347656,-76.86457824707031,-89.49600982666016,35.900787353515625,36.5296803652968
11.045,0,-2.3131587505340576,26.663793563842773,54.453025817871094,-76.647705078125,-89.49394226074219,35.83522033691406,-2.3131587505340576,26.663793563842773,54.453025817871094,-76.647705078125,-89.49394226074219,35.83522033691406,36.33398564905414
11.082,0,-2.182382345199585,26.52354621887207,54.467071533203125,-76.48190307617188,-89.49455261230469,35.664981842041016,-2.182382345199585,26.52354621887207,54.467071533203125,-76.48190307617188,-89.49455261230469,35.664981842041016,36.26875407697325
11.110,0,-1.9938756227493286,26.16840171813965,54.53955078125,-76.142333984375,-89.44947052001953,35.637271881103516,-1.9938756227493286,26.16840171813965,54.53955078125,-76.142333984375,-89.44947052001953,35.637271881103516,36.13829093281148
11.144,0,-1.9129947423934937,26.21097755432129,54.492637634277344,-76.11209869384766,-89.39026641845703,35.61296081542969,-1.9129947423934937,26.21097755432129,54.492637634277344,-76.11209869384766,-89.39026641845703,35.61296081542969,36.13829093281148
11.178,0,-2.00185489654541,25.8373966217041,54.68518829345703,-75.939453125,-89.40674591064453,35.4444580078125,-2.00185489654541,25.8373966217041,54.68518829345703,-75.939453125,-89.40674591064453,35.4444580078125,36.13829093281148
11.210,0,-1.9860986471176147,25.676965713500977,54.64008331298828,-75.73646545410156,-89.43121337890625,35.31486892700195,-1.9860986471176147,25.676965713500977,54.64008331298828,-75.73646545410156,-89.43121337890625,35.31486892700195,36.13829093281148
11.244,0,-1.812671422958374,25.25312614440918,54.699222564697266,-75.33135986328125,-89.37947845458984,35.20688247680664,-1.812671422958374,25.25312614440918,54.699222564697266,-75.33135986328125,-89.37947845458984,35.20688247680664,35.942596216568816
11.277,0,-1.7206852436065674,24.82976722717285,54.86710739135742,-75.02992248535156,-89.37069702148438,35.06048583984375,-1.7206852436065674,24.82976722717285,54.86710739135742,-75.02992248535156,-89.37069702148438,35.06048583984375,35.74690150032615
11.311,0,-1.631885290145874,24.3066463470459,55.07668685913086,-74.68714904785156,-89.33124542236328,34.88671112060547,-1.631885290145874,24.3066463470459,55.07668685913086,-74.68714904785156,-89.33124542236328,34.88671112060547,35.61643835616438
11.350,0,-1.6230621337890625,23.9989070892334,55.157142639160156,-74.39067077636719,-89.34485626220703,34.749786376953125,-1.6230621337890625,23.9989070892334,55.157142639160156,-74.39067077636719,-89.34485626220703,34.749786376953125,35.42074363992172
11.378,0,-1.5233561992645264,24.316537857055664,54.96682357788086,-74.48350524902344,-89.3170394897461,34.6756591796875,-1.5233561992645264,24.316537857055664,54.96682357788086,-74.48350524902344,-89.3170394897461,34.6756591796875,35.355512067840834
11.411,0,-1.4366044998168945,24.38441276550293,54.92699432373047,-74.42023468017578,-89.28154754638672,34.59782791137695,-1.4366044998168945,24.38441276550293,54.92699432373047,-74.42023468017578,-89.28154754638672,34.59782791137695,35.15981735159817
11.446,0,-1.7801752090454102,24.432313919067383,54.978736877441406,-74.5426025390625,-89.32434844970703,34.41877746582031,-1.7801752090454102,24.432313919067383,54.978736877441406,-74.5426025390625,-89.32434844970703,34.41877746582031,35.0293542074364
11.480,0,-1.583014726638794,24.091249465942383,55.027076721191406,-74.23817443847656,-89.29602813720703,34.25090789794922,-1.583014726638794,24.091249465942383,55.027076721191406,-74.23817443847656,-89.29602813720703,34.25090789794922,35.0293542074364
11.513,0,-1.4016109704971313,23.48427391052246,55.23505401611328,-73.80833435058594,-89.27119445800781,34.06757354736328,-1.4016109704971313,23.48427391052246,55.23505401611328,-73.80833435058594,-89.27119445800781,34.06757354736328,34.833659491193735
11.545,0,-1.2545331716537476,23.91002082824707,55.032047271728516,-73.99945831298828,-89.23045349121094,33.996158599853516,-1.2545331716537476,23.91002082824707,55.032047271728516,-73.99945831298828,-89.23045349121094,33.996158599853516,34.70319634703196
11.578,0,-1.1984421014785767,23.62371253967285,55.01988983154297,-73.6844253540039,-89.19562530517578,33.80958557128906,-1.1984421014785767,23.62371253967285,55.01988983154297,-73.6844253540039,-89.19562530517578,33.80958557128906,34.57273320287019
11.612,0,-1.1180202960968018,23.053701400756836,55.106361389160156,-73.16495513916016,-89.1632308959961,33.558067321777344,-1.1180202960968018,23.053701400756836,55.106361389160156,-73.16495513916016,-89.1632308959961,33.558067321777344,34.37703848662753
11.645,0,-1.1054471731185913,23.727575302124023,54.84455871582031,-73.5780258178711,-89.12715148925781,33.56195068359375,-1.1054471731185913,23.727575302124023,54.84455871582031,-73.5780258178711,-89.12715148925781,33.56195068359375,34.31180691454664
11.681,0,-1.1341562271118164,23.448835372924805,54.980201721191406,-73.4139404296875,-89.09949493408203,33.32013702392578,-1.1341562271118164,23.448835372924805,54.980201721191406,-73.4139404296875,-89.09949493408203,33.32013702392578,34.11611219830398
11.712,0,-1.1970207691192627,23.53440284729004,54.991920471191406,-73.45470428466797,-89.07976531982422,33.08349609375,-1.1970207691192627,23.53440284729004,54.991920471191406,-73.45470428466797,-89.07976531982422,33.08349609375,33.92041748206132
11.749,0,-1.1165211200714111,23.994436264038086,54.72212600708008,-73.74078369140625,-88.97175598144531,33.19762420654297,-1.1165211200714111,23.994436264038086,54.72212600708008,-73.74078369140625,-88.97175598144531,33.19762420654297,33.92041748206132
11.779,0,-1.0149203538894653,24.090002059936523,54.633304595947266,-73.6749267578125,-88.95602416992188,32.978424072265625,-1.0149203538894653,24.090002059936523,54.633304595947266,-73.6749267578125,-88.95602416992188,32.978424072265625,33.659491193737765
11.813,0,-0.8486095666885376,23.82932472229004,54.717185974121094,-73.4509506225586,-88.93836975097656,32.6827507019043,-0.8486095666885376,23.82932472229004,54.717185974121094,-73.4509506225586,-88.93836975097656,32.6827507019043,33.52902804957599
11.847,0,-0.8096499443054199,23.89506721496582,54.63255310058594,-73.43290710449219,-88.9178237915039,32.473392486572266,-0.8096499443054199,23.89506721496582,54.63255310058594,-73.43290710449219,-88.9178237915039,32.473392486572266,33.52902804957599
11.879,0,-0.7875936031341553,23.708051681518555,54.598655700683594,-73.18791198730469,-88.88268280029297,32.307064056396484,-0.7875936031341553,23.708051681518555,54.598655700683594,-73.18791198730469,-88.88268280029297,32.307064056396484,33.268101761252446
11.914,0,-1.010448932647705,24.11949348449707,54.513633728027344,-73.57501220703125,-88.94647216796875,32.188819885253906,-1.010448932647705,24.11949348449707,54.513633728027344,-73.57501220703125,-88.94647216796875,32.188819885253906,33.00717547292889
11.947,0,-1.19719398021698,23.732152938842773,54.786651611328125,-73.43539428710938,-88.97120666503906,31.82127571105957,-1.19719398021698,23.732152938842773,54.786651611328125,-73.43539428710938,-88.97120666503906,31.82127571105957,32.81148075668624
11.981,0,-1.3798894882202148,23.496091842651367,54.95939636230469,-73.33157348632812,-88.98438262939453,31.389280319213867,-1.3798894882202148,23.496091842651367,54.95939636230469,-73.33157348632812,-88.98438262939453,31.389280319213867,32.68101761252446
12.013,0,-1.6479697227478027,24.082563400268555,54.86094665527344,-73.86311340332031,-89.04943084716797,31.41910171508789,-1.6479697227478027,24.082563400268555,54.86094665527344,-73.86311340332031,-89.04943084716797,31.41910171508789,32.42009132420091
12.046,0,-1.606621265411377,24.256540298461914,54.851890563964844,-73.9968490600586,-89.05281066894531,31.231019973754883,-1.606621265411377,24.256540298461914,54.851890563964844,-73.9968490600586,-89.05281066894531,31.231019973754883,32.159165035877365
12.081,0,-1.523581624031067,24.198286056518555,54.818180084228516,-73.8961410522461,-89.04759216308594,31.08299446105957,-1.523581624031067,24.198286056518555,54.818180084228516,-73.8961410522461,-89.04759216308594,31.08299446105957,31.898238747553815
12.147,0,-1.5893806219100952,23.98451805114746,54.91548156738281,-73.71803283691406,-89.05458068847656,30.861053466796875,-1.5893806219100952,23.98451805114746,54.91548156738281,-73.71803283691406,-89.05458068847656,30.861053466796875,31.702544031311152
12.178,0,-1.5053331851959229,23.761987686157227,55.10514450073242,-73.59951782226562,-89.01422882080078,30.643360137939453,-1.5053331851959229,23.761987686157227,55.10514450073242,-73.59951782226562,-89.01422882080078,30.643360137939453,31.506849315068493
12.209,0,-1.3769450187683105,23.87198829650879,55.12245559692383,-73.63206481933594,-88.99207305908203,30.4475040435791,-1.3769450187683105,23.87198829650879,55.12245559692383,-73.63206481933594,-88.99207305908203,30.4475040435791,31.31115459882583
12.246,0,-1.4983420372009277,23.46073341369629,55.376556396484375,-73.39933013916016,-89.04087829589844,30.133522033691406,-1.4983420372009277,23.46073341369629,55.376556396484375,-73.39933013916016,-89.04087829589844,30.133522033691406,31.115459882583167
12.276,0,-1.5682470798492432,23.111177444458008,55.515113830566406,-73.15190124511719,-89.0840072631836,29.91445541381836,-1.5682470798492432,23.111177444458008,55.515113830566406,-73.15190124511719,-89.0840072631836,29.91445541381836,30.919765166340508
12.310,0,-1.6584603786468506,22.765451431274414,55.710304260253906,-72.94091796875,-89.12397003173828,29.704544067382812,-1.6584603786468506,22.765451431274414,55.710304260253906,-72.94091796875,-89.12397003173828,29.704544067382812,30.724070450097845
12.343,0,-1.7349674701690674,23.45079231262207,55.565155029296875,-73.57205963134766,-89.19449615478516,29.731945037841797,-1.7349674701690674,23.45079231262207,55.565155029296875,-73.57205963134766,-89.19449615478516,29.731945037841797,30.4631441617743
12.375,0,-1.9028722047805786,23.294443130493164,55.691375732421875,-73.43765258789062,-89.22087860107422,29.596519470214844,-1.9028722047805786,23.294443130493164,55.691375732421875,-73.43765258789062,-89.22087860107422,29.596519470214844,30.267449445531636
12.410,0,-1.8812074661254883,23.113561630249023,55.76911163330078,-73.32987976074219,-89.27637481689453,29.37078857421875,-1.8812074661254883,23.113561630249023,55.76911163330078,-73.32987976074219,-89.27637481689453,29.37078857421875,30.136986301369863
12.443,0,-1.837298035621643,22.705228805541992,56.02027893066406,-73.08772277832031,-89.30736541748047,29.170141220092773,-1.837298035621643,22.705228805541992,56.02027893066406,-73.08772277832031,-89.30736541748047,29.170141220092773,30.071754729288973
12.477,0,-2.0385520458221436,23.00285530090332,56.0439453125,-73.44302368164062,-89.37559509277344,29.164714813232422,-2.0385520458221436,23.00285530090332,56.0439453125,-73.44302368164062,-89.37559509277344,29.164714813232422,30.071754729288973
12.509,0,-2.088437795639038,22.756784439086914,56.10533905029297,-73.15257263183594,-89.3974838256836,28.99224281311035,-2.088437795639038,22.756784439086914,56.10533905029297,-73.15257263183594,-89.3974838256836,28.99224281311035,29.74559686888454
12.545,0,-2.1058011054992676,22.269655227661133,56.38152313232422,-72.89694213867188,-89.44859313964844,28.733970642089844,-2.1058011054992676,22.269655227661133,56.38152313232422,-72.89694213867188,-89.44859313964844,28.733970642089844,29.615133724722764
12.576,0,-2.0494511127471924,21.964426040649414,56.485443115234375,-72.64058685302734,-89.41119384765625,28.640113830566406,-2.0494511127471924,22.208791208791208,56.485443115234375,-72.64058685302734,-89.41119384765625,28.640113830566406,29.48467058056099
12.612,0,-2.0592503547668457,21.90336036682129,56.44333267211914,-72.53334045410156,-89.4291763305664,28.56529998779297,-2.0592503547668457,21.90336036682129,56.44333267211914,-72.53334045410156,-89.4291763305664,28.56529998779297,29.288975864318328
12.644,0,-2.0956668853759766,21.965852737426758,56.3670768737793,-72.50166320800781,-89.42654418945312,28.520618438720703,-2.0956668853759766,21.965852737426758,56.3670768737793,-72.50166320800781,-89.42654418945312,28.520618438720703,29.09328114807567
12.676,0,-2.0895023345947266,21.979543685913086,56.38737869262695,-72.60775756835938,-89.46342468261719,28.413637161254883,-2.0895023345947266,21.979543685913086,56.38737869262695,-72.60775756835938,-89.46342468261719,28.413637161254883,28.962818003913892
12.712,0,-2.023876667022705,21.775915145874023,56.51185607910156,-72.47480773925781,-89.42520904541016,28.233835220336914,-2.023876667022705,21.775915145874023,56.51185607910156,-72.47480773925781,-89.42520904541016,28.233835220336914,28.962818003913892
12.743,0,-2.0666799545288086,21.72369956970215,56.51591491699219,-72.41802978515625,-89.43403625488281,28.134540557861328,-2.0666799545288086,21.72369956970215,56.51591491699219,-72.41802978515625,-89.43403625488281,28.134540557861328,28.897586431833005
12.777,0,-2.0518009662628174,21.598981857299805,56.51276779174805,-72.28646087646484,-89.44617462158203,28.043134689331055,-2.0518009662628174,21.598981857299805,56.51276779174805,-72.28646087646484,-89.44617462158203,28.043134689331055,28.701891715590342
12.811,0,-2.068241596221924,21.415388107299805,56.50779342651367,-72.13163757324219,-89.48524475097656,27.929903030395508,-2.068241596221924,21.415388107299805,56.50779342651367,-72.13163757324219,-89.48524475097656,27.929903030395508,28.57142857142857
12.843,0,-2.10744047164917,22.32111930847168,56.181983947753906,-72.9651107788086,-89.52539825439453,28.104352951049805,-2.10744047164917,22.32111930847168,56.181983947753906,-72.9651107788086,-89.52539825439453,28.104352951049805,28.506196999347683
12.877,0,-2.0653531551361084,22.027360916137695,56.23446273803711,-72.74951171875,-89.5623779296875,28.002918243408203,-2.0653531551361084,22.027360916137695,56.23446273803711,-72.74951171875,-89.5623779296875,28.002918243408203,28.31050228310502
12.910,0,-2.1610183715820312,21.803007125854492,56.44923782348633,-72.79674530029297,-89.62181854248047,27.84373664855957,-2.1610183715820312,21.803007125854492,56.44923782348633,-72.79674530029297,-89.62181854248047,27.84373664855957,28.31050228310502
12.945,0,-2.1044299602508545,21.41456413269043,56.646724700927734,-72.59420776367188,-89.66653442382812,27.621856689453125,-2.1044299602508545,21.41456413269043,56.646724700927734,-72.59420776367188,-89.66653442382812,27.621856689453125,28.31050228310502
12.979,0,-2.1395955085754395,21.950998306274414,56.472618103027344,-73.19483947753906,-89.7251968383789,27.740703582763672,-2.1395955085754395,21.950998306274414,56.472618103027344,-73.19483947753906,-89.7251968383789,27.740703582763672,28.31050228310502
13.011,0,-2.3160202503204346,21.497907638549805,56.815853118896484,-73.17294311523438,-89.829345703125,27.56143569946289,-2.3160202503204346,21.497907638549805,56.815853118896484,-73.17294311523438,-89.829345703125,27.56143569946289,28.245270711024133
13.047,0,-2.5385420322418213,21.1568546295166,57.01891326904297,-73.05811309814453,-89.89181518554688,27.43283462524414,-2.5385420322418213,21.1568546295166,57.01891326904297,-73.05811309814453,-89.89181518554688,27.43283462524414,28.049575994781474
13.078,0,-2.5132346153259277,20.348241806030273,57.442718505859375,-72.68350219726562,-89.92119598388672,27.11898422241211,-2.5132346153259277,20.802197802197803,57.442718505859375,-72.68350219726562,-89.92119598388672,27.11898422241211,28.049575994781474
13.113,0,-2.3675546646118164,19.859315872192383,57.63862991333008,-72.35527038574219,-89.8648681640625,26.962554931640625,-2.3675546646118164,20.53846153846154,57.63862991333008,-72.35527038574219,-89.8648681640625,26.962554931640625,27.984344422700584
13.148,0,-2.336107015609741,19.574514389038086,57.832069396972656,-72.28938293457031,-89.8935317993164,26.772686004638672,-2.336107015609741,20.274725274725274,57.832069396972656,-72.28938293457031,-89.8935317993164,26.772686004638672,27.723418134377038
13.181,0,-2.497955799102783,19.84621238708496,57.76506423950195,-72.69847106933594,-89.9677963256836,26.838008880615234,-2.497955799102783,19.923076923076923,57.76506423950195,-72.69847106933594,-89.9677963256836,26.838008880615234,27.46249184605349
13.216,0,-2.3965988159179688,19.49766731262207,57.957523345947266,-72.59635925292969,-90.02293395996094,26.634206771850586,-2.3965988159179688,19.747252747252748,57.957523345947266,-72.59635925292969,-90.02293395996094,26.634206771850586,27.332028701891716
13.249,0,-2.2378010749816895,19.120134353637695,58.007057189941406,-72.318603515625,-90.00650024414062,26.44624137878418,-2.2378010749816895,19.395604395604394,58.007057189941406,-72.318603515625,-90.00650024414062,26.44624137878418,27.20156555772994
13.281,0,-2.169086217880249,18.831769943237305,58.19705581665039,-72.29562377929688,-90.02015686035156,26.233518600463867,-2.169086217880249,19.21978021978022,58.19705581665039,-72.29562377929688,-90.02015686035156,26.233518600463867,27.136333985649053
13.315,0,-2.3504648208618164,19.045316696166992,58.10203552246094,-72.50503540039062,-90.0298080444336,26.315702438354492,-2.3504648208618164,19.045316696166992,58.10203552246094,-72.50503540039062,-90.0298080444336,26.315702438354492,27.00587084148728
13.347,0,-2.1684587001800537,18.211339950561523,58.576324462890625,-72.09587097167969,-90.06736755371094,26.17425537109375,-2.1684587001800537,18.692307692307693,58.576324462890625,-72.09587097167969,-90.06736755371094,26.17425537109375,26.810176125244617
13.381,0,-2.0378143787384033,17.613500595092773,58.812583923339844,-71.70399475097656,-90.0707015991211,26.03774642944336,-2.0378143787384033,18.516483516483518,58.812583923339844,-71.70399475097656,-90.0707015991211,26.03774642944336,26.679712981082844
13.415,0,-1.9907922744750977,17.434030532836914,58.943511962890625,-71.68536376953125,-90.08589172363281,26.014854431152344,-1.9907922744750977,18.076923076923077,58.943511962890625,-71.68536376953125,-90.08589172363281,26.014854431152344,26.614481409001954
13.449,0,-2.026918888092041,18.243459701538086,58.49458312988281,-72.29931640625,-90.08040618896484,26.274839401245117,-2.026918888092041,18.243459701538086,58.49458312988281,-72.29931640625,-90.08040618896484,26.274839401245117,26.614481409001954
13.483,0,-2.3086447715759277,18.03108787536621,58.723785400390625,-72.35948944091797,-90.1705551147461,26.322071075439453,-2.3086447715759277,18.03108787536621,58.723785400390625,-72.35948944091797,-90.1705551147461,26.322071075439453,26.614481409001954
13.513,0,-2.1734390258789062,17.735727310180664,58.83906555175781,-72.2271728515625,-90.20196533203125,26.078041076660156,-2.1734390258789062,17.735727310180664,58.83906555175781,-72.2271728515625,-90.20196533203125,26.078041076660156,26.614481409001954
13.548,0,-2.2579598426818848,17.751482009887695,58.842586517333984,-72.45068359375,-90.2352066040039,26.00182342529297,-2.2579598426818848,17.751482009887695,58.842586517333984,-72.45068359375,-90.2352066040039,26.00182342529297,26.614481409001954
13.579,0,-2.21744441986084,18.28816032409668,58.5145263671875,-72.90623474121094,-90.26213073730469,26.13509750366211,-2.21744441986084,18.28816032409668,58.5145263671875,-72.90623474121094,-90.26213073730469,26.13509750366211,26.549249836921067
13.614,0,-2.5364508628845215,19.002641677856445,58.24048614501953,-73.58981323242188,-90.38146209716797,26.526447296142578,-2.5364508628845215,19.002641677856445,58.24048614501953,-73.58981323242188,-90.38146209716797,26.526447296142578,26.418786692759294
13.646,0,-2.369462490081787,18.677453994750977,58.32212829589844,-73.39604187011719,-90.34153747558594,26.50702476501465,-2.369462490081787,18.677453994750977,58.32212829589844,-73.39604187011719,-90.34153747558594,26.50702476501465,26.353555120678408
13.681,0,-2.554887533187866,19.041906356811523,58.14130401611328,-73.73013305664062,-90.36834716796875,26.6109561920166,-2.554887533187866,19.041906356811523,58.14130401611328,-73.73013305664062,-90.36834716796875,26.6109561920166,26.353555120678408
13.714,0,-2.6680803298950195,18.784311294555664,58.15927505493164,-73.55162048339844,-90.39308166503906,26.564878463745117,-2.6680803298950195,18.784311294555664,58.15927505493164,-73.55162048339844,-90.39308166503906,26.564878463745117,26.353555120678408
13.746,0,-2.954132080078125,18.84576988220215,58.20414733886719,-73.77272033691406,-90.50923156738281,26.7938175201416,-2.954132080078125,18.84576988220215,58.20414733886719,-73.77272033691406,-90.50923156738281,26.7938175201416,26.353555120678408
13.781,0,-2.725633382797241,18.414690017700195,58.33340072631836,-73.56290435791016,-90.4894790649414,26.703866958618164,-2.725633382797241,18.414690017700195,58.33340072631836,-73.56290435791016,-90.4894790649414,26.703866958618164,26.353555120678408
13.814,0,-2.852013111114502,18.36509895324707,58.339385986328125,-73.62384033203125,-90.53414154052734,26.661462783813477,-2.852013111114502,18.36509895324707,58.339385986328125,-73.62384033203125,-90.53414154052734,26.661462783813477,26.353555120678408
13.848,0,-2.8661351203918457,18.36652946472168,58.315757751464844,-73.70463562011719,-90.55135345458984,26.698680877685547,-2.8661351203918457,18.36652946472168,58.315757751464844,-73.70463562011719,-90.55135345458984,26.698680877685547,26.353555120678408
13.881,0,-2.974867820739746,17.982648849487305,58.49473571777344,-73.53475952148438,-90.6066665649414,26.877912521362305,-2.974867820739746,17.982648849487305,58.49473571777344,-73.53475952148438,-90.6066665649414,26.877912521362305,26.353555120678408
13.914,0,-2.8157012462615967,17.80057716369629,58.42138671875,-73.41447448730469,-90.55046081542969,27.04637908935547,-2.8157012462615967,17.80057716369629,58.42138671875,-73.41447448730469,-90.55046081542969,27.04637908935547,26.353555120678408
13.947,0,-2.787400722503662,17.388322830200195,58.59969711303711,-73.21074676513672,-90.51911926269531,27.05617332458496,-2.787400722503662,17.388322830200195,58.59969711303711,-73.21074676513672,-90.51911926269531,27.05617332458496,26.353555120678408
13.982,0,-2.861359119415283,16.928186416625977,58.814552307128906,-72.95292663574219,-90.44474792480469,27.087177276611328,-2.861359119415283,17.10989010989011,58.814552307128906,-72.95292663574219,-90.44474792480469,27.087177276611328,26.48401826484018
14.016,0,-2.9118123054504395,16.25471305847168,59.25260925292969,-72.7111587524414,-90.46358489990234,27.272804260253906,-2.9118123054504395,16.75824175824176,59.25260925292969,-72.7111587524414,-90.46358489990234,27.272804260253906,26.679712981082844
14.049,0,-2.7060024738311768,15.316167831420898,59.521812438964844,-72.06810760498047,-90.40084838867188,27.400489807128906,-2.7060024738311768,16.582417582417584,59.521812438964844,-72.06810760498047,-90.40084838867188,27.400489807128906,26.74494455316373
14.083,0,-2.738595724105835,14.416574478149414,59.973262786865234,-71.6998291015625,-90.3577880859375,27.401504516601562,-2.738595724105835,16.23076923076923,59.973262786865234,-71.6998291015625,-90.3577880859375,27.401504516601562,26.74494455316373
14.116,0,-2.6909308433532715,13.817522048950195,60.277122497558594,-71.462890625,-90.32910919189453,27.392501831054688,-2.6909308433532715,15.87912087912088,60.277122497558594,-71.462890625,-90.32910919189453,27.392501831054688,26.810176125244617
14.150,0,-2.9465880393981934,12.484830856323242,61.056556701660156,-70.892333984375,-90.37027740478516,27.382299423217773,-2.9465880393981934,15.52747252747253,61.056556701660156,-70.892333984375,-90.37027740478516,27.382299423217773,27.00587084148728
14.182,0,-2.7510547637939453,11.680669784545898,61.38420486450195,-70.45365905761719,-90.28284454345703,27.512298583984375,-2.7510547637939453,15.087912087912088,61.38420486450195,-70.45365905761719,-90.28284454345703,27.512298583984375,27.071102413568166
14.216,0,-2.576631546020508,11.283475875854492,61.310142517089844,-69.99229431152344,-90.2375717163086,27.700082778930664,-2.576631546020508,14.64835164835165,61.310142517089844,-69.99229431152344,-90.2375717163086,27.700082778930664,27.136333985649053
14.252,0,-2.5370635986328125,10.57658576965332,61.44220733642578,-69.47142028808594,-90.17610168457031,27.68624496459961,-2.5370635986328125,14.208791208791208,61.44220733642578,-69.47142028808594,-90.17610168457031,27.68624496459961,27.136333985649053
14.283,0,-2.446230888366699,10.491739273071289,61.413055419921875,-69.42051696777344,-90.14807891845703,28.03672218322754,-2.446230888366699,13.945054945054945,61.413055419921875,-69.42051696777344,-90.14807891845703,28.03672218322754,27.136333985649053
14.317,0,-2.2098379135131836,10.223596572875977,61.35897445678711,-69.16644287109375,-90.07807922363281,28.151294708251953,-2.2098379135131836,13.593406593406595,61.35897445678711,-69.16644287109375,-90.07807922363281,28.151294708251953,27.20156555772994
14.381,0,-2.121100425720215,10.178255081176758,61.18562316894531,-69.02935791015625,-90.0527572631836,28.24563980102539,-2.121100425720215,12.978021978021978,61.18562316894531,-69.02935791015625,-90.0527572631836,28.24563980102539,27.266797129810826
14.413,0,-2.116114616394043,10.338811874389648,60.976951599121094,-69.10566711425781,-90.02677917480469,28.3612003326416,-2.116114616394043,12.802197802197803,60.976951599121094,-69.10566711425781,-90.02677917480469,28.3612003326416,27.65818656229615
14.445,0,-2.0014376640319824,9.936319351196289,61.172035217285156,-68.80630493164062,-90.03031921386719,28.562084197998047,-2.0014376640319824,12.450549450549449,61.172035217285156,-68.80630493164062,-90.03031921386719,28.562084197998047,27.788649706457925
14.479,0,-1.680185317993164,9.80577278137207,61.138790130615234,-68.6419677734375,-89.96207427978516,28.625057220458984,-1.680185317993164,12.186813186813186,61.138790130615234,-68.6419677734375,-89.96207427978516,28.625057220458984,27.919112850619697
14.512,0,-1.3987021446228027,9.682287216186523,60.988338470458984,-68.41180419921875,-89.91207122802734,28.74083709716797,-1.3987021446228027,11.835164835164836,60.988338470458984,-68.41180419921875,-89.91207122802734,28.74083709716797,27.984344422700584
14.546,0,-1.3507070541381836,10.235219955444336,60.68242645263672,-68.70509338378906,-89.83174896240234,28.91614532470703,-1.3507070541381836,11.483516483516482,60.68242645263672,-68.70509338378906,-89.83174896240234,28.91614532470703,28.11480756686236
14.578,0,-1.3010056018829346,9.96400260925293,60.903953552246094,-68.61123657226562,-89.88545989990234,29.074588775634766,-1.3010056018829346,11.131868131868131,60.903953552246094,-68.61123657226562,-89.88545989990234,29.074588775634766,28.245270711024133
14.612,0,-1.039220929145813,10.458852767944336,60.65916442871094,-68.92611694335938,-89.82974243164062,29.241134643554688,-1.039220929145813,10.780219780219781,60.65916442871094,-68.92611694335938,-89.82974243164062,29.241134643554688,28.37573385518591
14.645,0,-0.9957097768783569,10.485273361206055,60.52692413330078,-68.90118408203125,-89.81761169433594,29.236658096313477,-0.9957097768783569,10.485273361206055,60.52692413330078,-68.90118408203125,-89.81761169433594,29.236658096313477,28.57142857142857
14.676,0,-0.9054374694824219,10.796499252319336,60.36024856567383,-69.12284088134766,-89.82392883300781,29.336700439453125,-0.9054374694824219,10.796499252319336,60.36024856567383,-69.12284088134766,-89.82392883300781,29.336700439453125,28.701891715590342
14.712,0,-0.7612597346305847,10.757623672485352,60.48161315917969,-69.15205383300781,-89.8529052734375,29.558818817138672,-0.7612597346305847,10.757623672485352,60.48161315917969,-69.15205383300781,-89.8529052734375,29.558818817138672,28.83235485975212
14.743,0,-0.33808839321136475,10.841226577758789,60.30803680419922,-69.17359924316406,-89.79088592529297,29.65315818786621,-0.33808839321136475,10.841226577758789,60.30803680419922,-69.17359924316406,-89.79088592529297,29.65315818786621,28.83235485975212
14.777,0,-0.2265477180480957,10.84852409362793,60.28976821899414,-69.15863800048828,-89.78870391845703,29.731508255004883,-0.2265477180480957,10.84852409362793,60.28976821899414,-69.15863800048828,-89.78870391845703,29.731508255004883,28.962818003913892
14.810,0,-0.1643667221069336,11.06220817565918,60.18904113769531,-69.25645446777344,-89.7496109008789,29.831710815429688,-0.1643667221069336,11.06220817565918,60.18904113769531,-69.25645446777344,-89.7496109008789,29.831710815429688,29.22374429223744
14.842,0,-0.2414432168006897,11.270914077758789,60.10063934326172,-69.42418670654297,-89.76778411865234,30.204238891601562,-0.2414432168006897,11.270914077758789,60.10063934326172,-69.42418670654297,-89.76778411865234,30.204238891601562,29.354207436399214
14.877,0,-0.06023210287094116,11.344259262084961,59.952423095703125,-69.44512176513672,-89.73096466064453,30.454065322875977,-0.06023210287094116,11.344259262084961,59.952423095703125,-69.44512176513672,-89.73096466064453,30.454065322875977,29.48467058056099
14.910,0,0.039296627044677734,11.10148811340332,59.95240020751953,-69.22955322265625,-89.74585723876953,30.517396926879883,0.039296627044677734,11.10148811340332,59.95240020751953,-69.22955322265625,-89.74585723876953,30.517396926879883,29.48467058056099
14.945,0,-0.06384146213531494,11.154760360717773,59.91950225830078,-69.28166198730469,-89.7093276977539,30.599979400634766,-0.06384146213531494,11.154760360717773,59.91950225830078,-69.28166198730469,-89.7093276977539,30.599979400634766,29.810828440965427
14.977,0,-0.1432477831840515,10.995920181274414,60.09185028076172,-69.21096801757812,-89.78496551513672,30.752092361450195,-0.1432477831840515,10.995920181274414,60.09185028076172,-69.21096801757812,-89.78496551513672,30.752092361450195,30.006523157208086
15.013,0,0.08859491348266602,10.897848129272461,60.05733108520508,-69.11878967285156,-89.79219818115234,30.887710571289062,0.08859491348266602,10.897848129272461,60.05733108520508,-69.11878967285156,-89.79219818115234,30.887710571289062,30.136986301369863
15.043,0,0.21112465858459473,10.606870651245117,60.019073486328125,-68.84675598144531,-89.78449249267578,30.97547721862793,0.21112465858459473,10.606870651245117,60.019073486328125,-68.84675598144531,-89.78449249267578,30.97547721862793,30.267449445531636
15.077,0,0.13384485244750977,10.561677932739258,60.0123291015625,-68.81966400146484,-89.73403930664062,31.080406188964844,0.13384485244750977,10.561677932739258,60.0123291015625,-68.81966400146484,-89.73403930664062,31.080406188964844,30.39791258969341
15.111,0,0.06675726175308228,10.49180793762207,60.07999801635742,-68.80306243896484,-89.81172180175781,31.236209869384766,0.06675726175308228,10.49180793762207,60.07999801635742,-68.80306243896484,-89.81172180175781,31.236209869384766,30.528375733855185
15.144,0,0.29479098320007324,10.412351608276367,60.025936126708984,-68.66632080078125,-89.79283905029297,31.347190856933594,0.29479098320007324,10.412351608276367,60.025936126708984,-68.66632080078125,-89.79283905029297,31.347190856933594,30.59360730593607
15.178,0,0.3650960922241211,10.502161026000977,59.92245864868164,-68.7198257446289,-89.7862319946289,31.482242584228516,0.3650960922241211,10.502161026000977,59.92245864868164,-68.7198257446289,-89.7862319946289,31.482242584228516,30.658838878016958
15.212,0,0.2457425594329834,10.507913589477539,59.91514587402344,-68.72481536865234,-89.73628234863281,31.58236312866211,0.2457425594329834,10.507913589477539,59.91514587402344,-68.72481536865234,-89.73628234863281,31.58236312866211,30.85453359425962
15.245,0,0.1730945110321045,10.421850204467773,60.0549430847168,-68.71454620361328,-89.80936431884766,31.781585693359375,0.1730945110321045,10.421850204467773,60.0549430847168,-68.71454620361328,-89.80936431884766,31.781585693359375,30.984996738421394
15.279,0,0.423753023147583,10.398126602172852,59.95931625366211,-68.57513427734375,-89.77168273925781,31.942447662353516,0.423753023147583,10.398126602172852,59.95931625366211,-68.57513427734375,-89.77168273925781,31.942447662353516,31.115459882583167
15.312,0,0.4452943801879883,10.46159553527832,59.91999816894531,-68.63806915283203,-89.75325012207031,32.0876579284668,0.4452943801879883,10.46159553527832,59.91999816894531,-68.63806915283203,-89.75325012207031,32.0876579284668,31.31115459882583
15.346,0,0.35302770137786865,10.585748672485352,59.851722717285156,-68.7315673828125,-89.70677185058594,32.19607925415039,0.35302770137786865,10.585748672485352,59.851722717285156,-68.7315673828125,-89.70677185058594,32.19607925415039,31.441617742987603
15.380,0,0.3974975347518921,10.574037551879883,59.99869155883789,-68.74714660644531,-89.73690795898438,32.509063720703125,0.3974975347518921,10.574037551879883,59.99869155883789,-68.74714660644531,-89.73690795898438,32.509063720703125,31.637312459230266
15.413,0,0.5174170732498169,10.41832160949707,59.865135192871094,-68.51982879638672,-89.68936157226562,32.700679779052734,0.5174170732498169,10.41832160949707,59.865135192871094,-68.51982879638672,-89.68936157226562,32.700679779052734,31.76777560339204
15.449,0,0.5795407295227051,10.575296401977539,59.749549865722656,-68.56747436523438,-89.66047668457031,32.849586486816406,0.5795407295227051,10.575296401977539,59.749549865722656,-68.56747436523438,-89.66047668457031,32.849586486816406,31.898238747553815
15.480,0,0.48420894145965576,10.668306350708008,59.734283447265625,-68.64854431152344,-89.60122680664062,33.01357650756836,0.48420894145965576,10.668306350708008,59.734283447265625,-68.64854431152344,-89.60122680664062,33.01357650756836,32.159165035877365
15.520,0,0.3903399705886841,10.713560104370117,59.82342529296875,-68.65994262695312,-89.65794372558594,33.33856201171875,0.3903399705886841,10.713560104370117,59.82342529296875,-68.65994262695312,-89.65794372558594,33.33856201171875,32.35485975212002
15.549,0,0.3308004140853882,10.713663101196289,59.77362823486328,-68.64270782470703,-89.62590026855469,33.454586029052734,0.3308004140853882,10.713663101196289,59.77362823486328,-68.64270782470703,-89.62590026855469,33.454586029052734,32.550554468362684
15.581,0,0.1922624111175537,10.627065658569336,59.803428649902344,-68.57179260253906,-89.56449127197266,33.6171875,0.1922624111175537,10.627065658569336,59.803428649902344,-68.57179260253906,-89.56449127197266,33.6171875,32.68101761252446
15.614,0,0.06651562452316284,10.444219589233398,60.02067947387695,-68.50067138671875,-89.65406036376953,33.799560546875,0.06651562452316284,10.444219589233398,60.02067947387695,-68.50067138671875,-89.65406036376953,33.799560546875,32.94194390084801
15.648,0,0.2452620267868042,10.414606094360352,59.975364685058594,-68.4233169555664,-89.61495208740234,33.950565338134766,0.2452620267868042,10.414606094360352,59.975364685058594,-68.4233169555664,-89.61495208740234,33.950565338134766,33.13763861709067
15.690,0,0.23582661151885986,10.210630416870117,60.001075744628906,-68.23094177246094,-89.56929016113281,34.08226013183594,0.23582661151885986,10.210630416870117,60.001075744628906,-68.23094177246094,-89.56929016113281,34.08226013183594,33.33333333333333
15.719,0,0.05279618501663208,10.223901748657227,59.998268127441406,-68.23741149902344,-89.52200317382812,34.231048583984375,0.05279618501663209,10.223901748657227,59.998268127441406,-68.23741149902344,-89.52200317382812,34.231048583984375,33.46379647749511
15.750,0,-0.06471163034439087,10.134305953979492,60.14393997192383,-68.2114028930664,-89.59544372558594,34.426109313964844,-0.06471163034439087,10.134305953979492,60.14393997192383,-68.2114028930664,-89.59544372558594,34.426109313964844,33.659491193737765
15.784,0,0.048705995082855225,10.090238571166992,60.201171875,-68.23265075683594,-89.58283233642578,34.568084716796875,0.04870599508285523,10.090238571166992,60.201171875,-68.23265075683594,-89.58283233642578,34.568084716796875,33.724722765818655
15.818,0,-0.06642758846282959,10.02647590637207,60.212135314941406,-68.22113037109375,-89.55355834960938,34.66645431518555,-0.06642758846282959,10.02647590637207,60.212135314941406,-68.22113037109375,-89.55355834960938,34.66645431518555,33.92041748206132
15.850,0,-0.22063994407653809,10.117654800415039,60.17155456542969,-68.25132751464844,-89.51815795898438,34.85614013671875,-0.22063994407653809,10.117654800415039,60.17155456542969,-68.25132751464844,-89.51815795898438,34.85614013671875,34.11611219830398
15.885,0,-0.4650063216686249,9.869558334350586,60.40208435058594,-68.1307144165039,-89.59049987792969,35.13634490966797,-0.4650063216686249,9.869558334350586,60.40208435058594,-68.1307144165039,-89.59049987792969,35.13634490966797,34.24657534246575
15.917,0,-0.37654513120651245,9.866048812866211,60.38861083984375,-68.15560150146484,-89.58985137939453,35.30803680419922,-0.37654513120651245,9.866048812866211,60.38861083984375,-68.15560150146484,-89.58985137939453,35.30803680419922,34.37703848662753
15.952,0,-0.5492209196090698,9.65019416809082,60.49681091308594,-68.01530456542969,-89.56754302978516,35.47172927856445,-0.5492209196090698,9.65019416809082,60.49681091308594,-68.01530456542969,-89.56754302978516,35.47172927856445,34.57273320287019
15.986,0,-0.7446879744529724,9.480978012084961,60.589805603027344,-67.90104675292969,-89.53338623046875,35.61829376220703,-0.7446879744529724,9.480978012084961,60.589805603027344,-67.90104675292969,-89.53338623046875,35.61829376220703,34.833659491193735
16.020,0,-0.8309805393218994,9.351102828979492,60.792015075683594,-67.84245300292969,-89.60506439208984,35.823028564453125,-0.8309805393218994,9.351102828979492,60.792015075683594,-67.84245300292969,-89.60506439208984,35.823028564453125,34.96412263535551
16.052,0,-0.8193275928497314,9.274713516235352,60.841590881347656,-67.7647705078125,-89.57293701171875,36.02702713012695,-0.8193275928497314,9.274713516235352,60.841590881347656,-67.7647705078125,-89.57293701171875,36.02702713012695,35.15981735159817
16.085,0,-0.9413344264030457,9.211023330688477,60.8381462097168,-67.71151733398438,-89.55108642578125,36.123619079589844,-0.9413344264030457,9.211023330688477,60.8381462097168,-67.71151733398438,-89.55108642578125,36.123619079589844,35.355512067840834
16.117,0,-1.1978026628494263,9.087427139282227,60.918495178222656,-67.61129760742188,-89.50249481201172,36.26032638549805,-1.1978026628494263,9.087427139282227,60.918495178222656,-67.61129760742188,-89.50249481201172,36.26032638549805,35.5512067840835
16.152,0,-1.1372311115264893,8.898080825805664,61.11309814453125,-67.45050048828125,-89.5736312866211,36.46062088012695,-1.1372311115264893,8.898080825805664,61.11309814453125,-67.45050048828125,-89.5736312866211,36.46062088012695,35.68166992824527
16.185,0,-1.1422733068466187,8.708070755004883,61.259117126464844,-67.35475158691406,-89.5560531616211,36.639808654785156,-1.1422733068466187,8.708070755004883,61.259117126464844,-67.35475158691406,-89.5560531616211,36.639808654785156,35.74690150032615
16.219,0,-0.9973670244216919,8.729536056518555,61.26111602783203,-67.36907958984375,-89.54963684082031,36.72599792480469,-0.9973670244216919,8.729536056518555,61.26111602783203,-67.36907958984375,-89.54963684082031,36.72599792480469,35.942596216568816
16.255,0,-1.1170167922973633,8.542261123657227,61.42683029174805,-67.286865234375,-89.53707122802734,36.80481719970703,-1.1170167922973633,8.542261123657227,61.42683029174805,-67.286865234375,-89.53707122802734,36.80481719970703,36.13829093281148
16.293,0,-1.1917893886566162,8.305597305297852,61.51111602783203,-67.05596923828125,-89.6108627319336,37.05101776123047,-1.1917893886566162,8.305597305297852,61.51111602783203,-67.05596923828125,-89.6108627319336,37.05101776123047,36.33398564905414
16.323,0,-1.303514838218689,8.049966812133789,61.672462463378906,-66.88524627685547,-89.6142578125,37.12568283081055,-1.303514838218689,8.049966812133789,61.672462463378906,-66.88524627685547,-89.6142578125,37.12568283081055,36.464448793215915
16.356,0,-1.161651372909546,7.988801956176758,61.76657485961914,-66.88729858398438,-89.5998306274414,37.26780319213867,-1.161651372909546,7.988801956176758,61.76657485961914,-66.88729858398438,-89.5998306274414,37.26780319213867,36.464448793215915
16.390,0,-1.2674708366394043,7.721124649047852,61.957069396972656,-66.7389144897461,-89.58895874023438,37.335296630859375,-1.2674708366394043,7.721124649047852,61.957069396972656,-66.7389144897461,-89.58895874023438,37.335296630859375,36.59491193737769
16.421,0,-1.2539418935775757,7.583036422729492,62.03880310058594,-66.59039306640625,-89.66284942626953,37.57646560668945,-1.2539418935775757,7.583036422729492,62.03880310058594,-66.59039306640625,-89.66284942626953,37.57646560668945,36.79060665362035
16.458,0,-1.2495075464248657,7.284280776977539,62.244415283203125,-66.41401672363281,-89.67007446289062,37.65886688232422,-1.2495075464248657,7.284280776977539,62.244415283203125,-66.41401672363281,-89.67007446289062,37.65886688232422,36.921069797782124
16.489,0,-1.3683449029922485,7.209417343139648,62.344234466552734,-66.3934326171875,-89.63542175292969,37.74375915527344,-1.3683449029922485,7.209417343139648,62.344234466552734,-66.3934326171875,-89.63542175292969,37.74375915527344,37.11676451402479
16.523,0,-1.4618079662322998,6.947713851928711,62.516902923583984,-66.24957275390625,-89.6347885131836,37.76345443725586,-1.4618079662322998,6.947713851928711,62.516902923583984,-66.24957275390625,-89.6347885131836,37.76345443725586,37.24722765818656
16.556,0,-1.3698699474334717,6.925432205200195,62.57100296020508,-66.17326354980469,-89.69525146484375,37.8631591796875,-1.3698699474334717,6.925432205200195,62.57100296020508,-66.17326354980469,-89.69525146484375,37.8631591796875,37.31245923026745
16.591,0,-1.2642364501953125,6.669309616088867,62.73191452026367,-65.96125793457031,-89.68412780761719,37.91657638549805,-1.2642364501953125,6.669309616088867,62.73191452026367,-65.96125793457031,-89.68412780761719,37.91657638549805,37.31245923026745
16.621,0,-1.3750826120376587,6.464883804321289,62.89936065673828,-65.90727233886719,-89.65987396240234,37.929039001464844,-1.3750826120376587,6.464883804321289,62.89936065673828,-65.90727233886719,-89.65987396240234,37.929039001464844,37.31245923026745
16.659,0,-1.4341213703155518,6.583253860473633,62.87908935546875,-65.97039031982422,-89.66928100585938,37.95967102050781,-1.4341213703155518,6.583253860473633,62.87908935546875,-65.97039031982422,-89.66928100585938,37.95967102050781,37.44292237442922
16.689,0,-1.2938036918640137,6.914045333862305,62.81452178955078,-66.26051330566406,-89.7225112915039,38.07061004638672,-1.2938036918640137,6.914045333862305,62.81452178955078,-66.26051330566406,-89.7225112915039,38.07061004638672,37.508153946510106
16.721,0,-1.4517018795013428,6.763521194458008,62.85150909423828,-66.1221923828125,-89.72513580322266,38.077640533447266,-1.4517018795013428,6.763521194458008,62.85150909423828,-66.1221923828125,-89.72513580322266,38.077640533447266,37.508153946510106
16.756,0,-1.5383405685424805,6.522054672241211,63.009254455566406,-66.01811981201172,-89.7017822265625,37.998233795166016,-1.5383405685424805,6.522054672241211,63.009254455566406,-66.01811981201172,-89.7017822265625,37.998233795166016,37.638617090671886
16.790,0,-1.6010479927062988,6.654874801635742,62.956966400146484,-66.12236022949219,-89.70642852783203,37.94797897338867,-1.6010479927062988,6.654874801635742,62.956966400146484,-66.12236022949219,-89.70642852783203,37.94797897338867,37.76908023483366
16.823,0,-1.4464690685272217,6.920698165893555,62.93359375,-66.37956237792969,-89.75930786132812,38.00908660888672,-1.4464690685272217,6.920698165893555,62.93359375,-66.37956237792969,-89.75930786132812,38.00908660888672,37.76908023483366
16.855,0,-1.5896457433700562,6.627622604370117,63.0676383972168,-66.21282958984375,-89.78763580322266,37.968894958496094,-1.5896457433700562,6.627622604370117,63.0676383972168,-66.21282958984375,-89.78763580322266,37.968894958496094,37.76908023483366
16.890,0,-1.6765153408050537,6.48963737487793,63.222808837890625,-66.19351196289062,-89.7707748413086,37.846405029296875,-1.6765153408050537,6.48963737487793,63.222808837890625,-66.19351196289062,-89.7707748413086,37.846405029296875,37.76908023483366
16.923,0,-1.862032413482666,6.377389907836914,63.29705047607422,-66.20356750488281,-89.77918243408203,37.77178192138672,-1.862032413482666,6.377389907836914,63.29705047607422,-66.20356750488281,-89.77918243408203,37.77178192138672,37.76908023483366
16.962,0,-1.5657460689544678,6.484201431274414,63.18097686767578,-66.22611999511719,-89.8373031616211,37.667728424072266,-1.5657460689544678,6.484201431274414,63.18097686767578,-66.22611999511719,-89.8373031616211,37.667728424072266,37.76908023483366
16.992,0,-1.5817338228225708,6.542425155639648,63.27613067626953,-66.37492370605469,-89.83234405517578,37.59581756591797,-1.5817338228225708,6.542425155639648,63.27613067626953,-66.37492370605469,-89.83234405517578,37.59581756591797,37.76908023483366
17.026,0,-1.4483907222747803,6.541601181030273,63.27119445800781,-66.40806579589844,-89.83946228027344,37.395957946777344,-1.4483907222747803,6.541601181030273,63.27119445800781,-66.40806579589844,-89.83946228027344,37.395957946777344,37.76908023483366
17.059,0,-1.5158252716064453,6.454305648803711,63.35993194580078,-66.4018325805664,-89.8055648803711,37.288787841796875,-1.5158252716064453,6.454305648803711,63.35993194580078,-66.4018325805664,-89.8055648803711,37.288787841796875,37.76908023483366
17.097,0,-1.6007823944091797,6.578168869018555,63.40559005737305,-66.58456420898438,-89.83670806884766,37.274452209472656,-1.6007823944091797,6.578168869018555,63.40559005737305,-66.58456420898438,-89.83670806884766,37.274452209472656,37.76908023483366
17.130,0,-1.4900445938110352,6.778188705444336,63.432472229003906,-66.81004333496094,-89.77317810058594,37.26318359375,-1.4900445938110352,6.778188705444336,63.432472229003906,-66.81004333496094,-89.77317810058594,37.26318359375,37.70384866275277
17.160,0,-1.361795425415039,6.863012313842773,63.42681121826172,-66.90447998046875,-89.7621078491211,37.191375732421875,-1.361795425415039,6.863012313842773,63.42681121826172,-66.90447998046875,-89.7621078491211,37.191375732421875,37.573385518590996
17.192,0,-1.4070466756820679,6.98298454284668,63.431148529052734,-67.10258483886719,-89.7660140991211,37.09019470214844,-1.4070466756820679,6.98298454284668,63.431148529052734,-67.10258483886719,-89.7660140991211,37.09019470214844,37.573385518590996
17.226,0,-1.4511326551437378,6.91071891784668,63.49180603027344,-67.04645538330078,-89.80863952636719,37.22943115234375,-1.4511326551437378,6.91071891784668,63.49180603027344,-67.04645538330078,-89.80863952636719,37.22943115234375,37.573385518590996
17.260,0,-1.4343297481536865,7.149496078491211,63.454872131347656,-67.23050689697266,-89.77809143066406,37.174110412597656,-1.4343297481536865,7.149496078491211,63.454872131347656,-67.23050689697266,-89.77809143066406,37.174110412597656,37.573385518590996
17.292,0,-1.300192952156067,7.063989639282227,63.559268951416016,-67.2634048461914,-89.78821563720703,37.057899475097656,-1.300192952156067,7.063989639282227,63.559268951416016,-67.2634048461914,-89.78821563720703,37.057899475097656,37.573385518590996
17.327,0,-1.24233078956604,7.314218521118164,63.49710464477539,-67.49032592773438,-89.75565338134766,36.93986511230469,-1.24233078956604,7.314218521118164,63.49710464477539,-67.49032592773438,-89.75565338134766,36.93986511230469,37.573385518590996
17.359,0,-1.2995911836624146,7.569784164428711,63.40590286254883,-67.61325073242188,-89.76846313476562,36.933563232421875,-1.2995911836624146,7.569784164428711,63.40590286254883,-67.61325073242188,-89.76846313476562,36.933563232421875,37.573385518590996
17.393,0,-1.3479859828948975,7.477991104125977,63.57666015625,-67.65094757080078,-89.7176742553711,36.79302978515625,-1.3479859828948975,7.477991104125977,63.57666015625,-67.65094757080078,-89.7176742553711,36.79302978515625,37.508153946510106
17.425,0,-1.6328777074813843,7.418088912963867,63.65772247314453,-67.64811706542969,-89.74626922607422,36.883331298828125,-1.6328777074813843,7.418088912963867,63.65772247314453,-67.64811706542969,-89.74626922607422,36.883331298828125,37.37769080234833
17.459,0,-1.5589818954467773,7.80015754699707,63.453147888183594,-67.90023803710938,-89.71539306640625,36.755043029785156,-1.5589818954467773,7.80015754699707,63.453147888183594,-67.90023803710938,-89.71539306640625,36.755043029785156,37.24722765818656
17.497,0,-1.7789000272750854,8.152475357055664,63.28302001953125,-68.04878234863281,-89.73411560058594,36.893463134765625,-1.7789000272750854,8.152475357055664,63.28302001953125,-68.04878234863281,-89.73411560058594,36.893463134765625,37.11676451402479
17.529,0,-1.8053226470947266,8.037786483764648,63.409645080566406,-68.02723693847656,-89.70199584960938,36.7398681640625,-1.8053226470947266,8.037786483764648,63.409645080566406,-68.02723693847656,-89.70199584960938,36.7398681640625,37.11676451402479
17.560,0,-2.073821783065796,7.769403457641602,63.56797790527344,-67.87025451660156,-89.7429428100586,36.81633758544922,-2.073821783065796,7.769403457641602,63.56797790527344,-67.87025451660156,-89.7429428100586,36.81633758544922,37.11676451402479
17.594,0,-2.0723845958709717,8.05409049987793,63.458194732666016,-68.02761840820312,-89.67182922363281,36.779541015625,-2.0723845958709717,8.05409049987793,63.458194732666016,-68.02761840820312,-89.67182922363281,36.779541015625,37.11676451402479
17.626,0,-2.271282196044922,8.14942741394043,63.444068908691406,-67.997314453125,-89.71163177490234,36.97051239013672,-2.271282196044922,8.14942741394043,63.444068908691406,-67.997314453125,-89.71163177490234,36.97051239013672,37.11676451402479
17.667,0,-2.304041862487793,8.123762130737305,63.54766845703125,-68.05130767822266,-89.66769409179688,36.8428955078125,-2.304041862487793,8.123762130737305,63.54766845703125,-68.05130767822266,-89.66769409179688,36.8428955078125,37.11676451402479
17.695,0,-2.421616554260254,7.972860336303711,63.61914825439453,-67.90951538085938,-89.70146942138672,36.81532669067383,-2.421616554260254,7.972860336303711,63.61914825439453,-67.90951538085938,-89.70146942138672,36.81532669067383,37.11676451402479
17.729,0,-2.4503026008605957,8.303686141967773,63.5320930480957,-68.14128112792969,-89.63337707519531,36.75879669189453,-2.4503026008605957,8.303686141967773,63.5320930480957,-68.14128112792969,-89.63337707519531,36.75879669189453,37.11676451402479
17.762,0,-2.4202158451080322,8.146940231323242,63.629058837890625,-68.07046508789062,-89.61898803710938,36.66960906982422,-2.4202158451080322,8.146940231323242,63.629058837890625,-68.07046508789062,-89.61898803710938,36.66960906982422,37.11676451402479
17.796,0,-2.5160558223724365,8.00422477722168,63.64229202270508,-67.89616394042969,-89.66952514648438,36.535560607910156,-2.5160558223724365,8.00422477722168,63.64229202270508,-67.89616394042969,-89.66952514648438,36.535560607910156,37.11676451402479
17.830,0,-2.569847583770752,8.28181266784668,63.633453369140625,-68.1099853515625,-89.59951782226562,36.56153869628906,-2.569847583770752,8.28181266784668,63.633453369140625,-68.1099853515625,-89.59951782226562,36.56153869628906,37.11676451402479
17.865,0,-2.3928256034851074,8.518117904663086,63.50987243652344,-68.1798095703125,-89.62793731689453,36.55107116699219,-2.3928256034851074,8.518117904663086,63.50987243652344,-68.1798095703125,-89.62793731689453,36.55107116699219,37.0515329419439
17.931,0,-2.340869426727295,8.590051651000977,63.4929084777832,-68.21896362304688,-89.59041595458984,36.484397888183594,-2.340869426727295,8.590051651000977,63.4929084777832,-68.21896362304688,-89.59041595458984,36.484397888183594,37.0515329419439
17.962,0,-2.4090352058410645,8.531808853149414,63.53264617919922,-68.15736389160156,-89.62242126464844,36.32550811767578,-2.4090352058410645,8.531808853149414,63.53264617919922,-68.15736389160156,-89.62242126464844,36.32550811767578,36.855838225701234
18.039,0,-2.4675681591033936,8.758565902709961,63.501705169677734,-68.31087493896484,-89.5641860961914,36.35111999511719,-2.4675681591033936,8.758565902709961,63.501705169677734,-68.31087493896484,-89.5641860961914,36.35111999511719,36.855838225701234
18.070,0,-2.2506115436553955,9.157552719116211,63.41202163696289,-68.53569030761719,-89.54083251953125,36.47129821777344,-2.2506115436553955,9.157552719116211,63.41202163696289,-68.53569030761719,-89.54083251953125,36.47129821777344,36.59491193737769
18.103,0,-2.1894960403442383,9.25538444519043,63.40715789794922,-68.60208129882812,-89.50381469726562,36.38978576660156,-2.1894960403442383,9.25538444519043,63.40715789794922,-68.60208129882812,-89.50381469726562,36.38978576660156,36.59491193737769
18.138,0,-2.233250856399536,9.173131942749023,63.47270965576172,-68.54539489746094,-89.53494262695312,36.265777587890625,-2.233250856399536,9.173131942749023,63.47270965576172,-68.54539489746094,-89.53494262695312,36.265777587890625,36.59491193737769
18.169,0,-2.272751808166504,9.604013442993164,63.397953033447266,-68.81761169433594,-89.44049835205078,36.350311279296875,-2.272751808166504,9.604013442993164,63.397953033447266,-68.81761169433594,-89.44049835205078,36.350311279296875,36.59491193737769
18.201,0,-2.006793975830078,9.92466926574707,63.32286834716797,-69.00807189941406,-89.44154357910156,36.320133209228516,-2.006793975830078,9.92466926574707,63.32286834716797,-69.00807189941406,-89.44154357910156,36.320133209228516,36.59491193737769
18.234,0,-2.0044307708740234,9.754251480102539,63.4443359375,-68.88758850097656,-89.45563507080078,36.17488098144531,-2.0044307708740234,9.754251480102539,63.4443359375,-68.88758850097656,-89.45563507080078,36.17488098144531,36.59491193737769
18.268,0,-2.0167396068573,9.69413948059082,63.47350311279297,-68.84881591796875,-89.49480438232422,36.00180435180664,-2.0167396068573,9.69413948059082,63.47350311279297,-68.84881591796875,-89.49480438232422,36.00180435180664,36.59491193737769
18.300,0,-2.014881134033203,10.005693435668945,63.481910705566406,-69.08030700683594,-89.3819808959961,36.057350158691406,-2.014881134033203,10.005693435668945,63.481910705566406,-69.08030700683594,-89.3819808959961,36.057350158691406,36.59491193737769
18.337,0,-2.0528125762939453,10.337251663208008,63.40062713623047,-69.30569458007812,-89.34375,36.20616912841797,-2.0528125762939453,10.337251663208008,63.40062713623047,-69.30569458007812,-89.34375,36.20616912841797,36.59491193737769
18.366,0,-2.0212864875793457,10.266927719116211,63.50361633300781,-69.31179809570312,-89.35465240478516,36.12178039550781,-2.0212864875793457,10.266927719116211,63.50361633300781,-69.31179809570312,-89.35465240478516,36.12178039550781,36.399217221135025
18.400,0,-1.8256893157958984,10.476579666137695,63.4820556640625,-69.52932739257812,-89.34925842285156,35.98353576660156,-1.8256893157958984,10.476579666137695,63.4820556640625,-69.52932739257812,-89.34925842285156,35.98353576660156,36.33398564905414
18.434,0,-1.8676764965057373,10.774492263793945,63.4328727722168,-69.71968078613281,-89.2552490234375,35.90758514404297,-1.8676764965057373,10.774492263793945,63.4328727722168,-69.71968078613281,-89.2552490234375,35.90758514404297,36.33398564905414
18.469,0,-2.0168447494506836,10.733972549438477,63.40311813354492,-69.59429931640625,-89.25255584716797,35.86614990234375,-2.0168447494506836,10.733972549438477,63.40311813354492,-69.59429931640625,-89.25255584716797,35.86614990234375,36.33398564905414
18.502,0,-2.074789047241211,10.834260940551758,63.36784362792969,-69.65679931640625,-89.25895690917969,35.7479248046875,-2.074789047241211,10.834260940551758,63.36784362792969,-69.65679931640625,-89.25895690917969,35.7479248046875,36.33398564905414
18.534,0,-1.9577603340148926,11.216375350952148,63.27580642700195,-69.88240051269531,-89.2609634399414,35.7044677734375,-1.9577603340148926,11.216375350952148,63.27580642700195,-69.88240051269531,-89.2609634399414,35.7044677734375,36.33398564905414
18.569,0,-2.1082606315612793,10.917917251586914,63.434513092041016,-69.67276000976562,-89.26889038085938,35.594791412353516,-2.1082606315612793,10.917917251586914,63.434513092041016,-69.67276000976562,-89.26889038085938,35.594791412353516,36.20352250489237
18.603,0,-2.2037463188171387,11.012712478637695,63.41583251953125,-69.69734191894531,-89.27127075195312,35.55677032470703,-2.2037463188171387,11.012712478637695,63.41583251953125,-69.69734191894531,-89.27127075195312,35.55677032470703,36.07305936073059
18.636,0,-2.087595224380493,11.10020637512207,63.320247650146484,-69.63749694824219,-89.24493408203125,35.531837463378906,-2.087595224380493,11.10020637512207,63.320247650146484,-69.63749694824219,-89.24493408203125,35.531837463378906,35.942596216568816
18.670,0,-2.1833930015563965,11.17579460144043,63.24415588378906,-69.62765502929688,-89.32115173339844,35.292762756347656,-2.1833930015563965,11.17579460144043,63.24415588378906,-69.62765502929688,-89.32115173339844,35.292762756347656,35.81213307240704
18.702,0,-2.202484607696533,10.999311447143555,63.36157989501953,-69.49755859375,-89.29764556884766,35.13340377807617,-2.202484607696533,10.999311447143555,63.36157989501953,-69.49755859375,-89.29764556884766,35.13340377807617,35.81213307240704
18.736,0,-2.2898497581481934,11.568288803100586,63.184783935546875,-69.91067504882812,-89.24765014648438,35.33383560180664,-2.2898497581481934,11.568288803100586,63.184783935546875,-69.91067504882812,-89.24765014648438,35.33383560180664,35.81213307240704
18.769,0,-2.2175559997558594,11.719743728637695,63.126678466796875,-69.89258575439453,-89.2125015258789,35.304481506347656,-2.2175559997558594,11.719743728637695,63.126678466796875,-69.89258575439453,-89.2125015258789,35.304481506347656,35.74690150032615
18.802,0,-2.343799114227295,11.765718460083008,63.087066650390625,-69.8758316040039,-89.271240234375,35.0931282043457,-2.343799114227295,11.765718460083008,63.087066650390625,-69.8758316040039,-89.271240234375,35.0931282043457,35.61643835616438
18.835,0,-2.4081053733825684,11.549543380737305,63.20711898803711,-69.71113586425781,-89.26727294921875,34.93360900878906,-2.4081053733825684,11.549543380737305,63.20711898803711,-69.71113586425781,-89.26727294921875,34.93360900878906,35.61643835616438
18.870,0,-2.502796173095703,11.97899055480957,63.09431457519531,-70.03377532958984,-89.21456909179688,35.11591720581055,-2.502796173095703,11.97899055480957,63.09431457519531,-70.03377532958984,-89.21456909179688,35.11591720581055,35.5512067840835
18.902,0,-2.354933261871338,12.166437149047852,62.952552795410156,-70.0284194946289,-89.18477630615234,35.064720153808594,-2.354933261871338,12.166437149047852,62.952552795410156,-70.0284194946289,-89.18477630615234,35.064720153808594,35.355512067840834
18.936,0,-2.46700119972229,12.257108688354492,62.838478088378906,-70.01286315917969,-89.24620819091797,34.852882385253906,-2.46700119972229,12.257108688354492,62.838478088378906,-70.01286315917969,-89.24620819091797,34.852882385253906,35.290280495759944
18.971,0,-2.3958730697631836,12.272924423217773,62.77974319458008,-69.93058776855469,-89.1886978149414,34.697227478027344,-2.3958730697631836,12.272924423217773,62.77974319458008,-69.93058776855469,-89.1886978149414,34.697227478027344,35.22504892367906
19.003,0,-2.474167823791504,12.814260482788086,62.546146392822266,-70.30879974365234,-89.14286041259766,34.801395416259766,-2.474167823791504,12.814260482788086,62.546146392822266,-70.30879974365234,-89.14286041259766,34.801395416259766,35.15981735159817
19.036,0,-2.2867016792297363,12.982824325561523,62.393333435058594,-70.3154525756836,-89.05912017822266,34.661258697509766,-2.2867016792297363,12.982824325561523,62.393333435058594,-70.3154525756836,-89.05912017822266,34.661258697509766,35.09458577951728
19.069,0,-2.4238996505737305,13.076875686645508,62.27360153198242,-70.30804443359375,-89.10840606689453,34.43402099609375,-2.4238996505737305,13.076875686645508,62.27360153198242,-70.30804443359375,-89.10840606689453,34.43402099609375,34.96412263535551
19.105,0,-2.3791680335998535,13.124608993530273,62.17393112182617,-70.2222900390625,-89.02842712402344,34.300838470458984,-2.3791680335998535,13.124608993530273,62.17393112182617,-70.2222900390625,-89.02842712402344,34.300838470458984,34.96412263535551
19.137,0,-2.405391216278076,13.433370590209961,61.99728012084961,-70.37774658203125,-89.04800415039062,34.329193115234375,-2.405391216278076,13.433370590209961,61.99728012084961,-70.37774658203125,-89.04800415039062,34.329193115234375,34.96412263535551
19.171,0,-2.4253721237182617,13.490549087524414,61.82463455200195,-70.24174499511719,-89.01705169677734,34.244659423828125,-2.4253721237182617,13.490549087524414,61.82463455200195,-70.24174499511719,-89.01705169677734,34.244659423828125,34.70319634703196
19.203,0,-2.337406635284424,13.757898330688477,61.654170989990234,-70.2889404296875,-89.03129577636719,34.14084243774414,-2.337406635284424,13.757898330688477,61.654170989990234,-70.2889404296875,-89.03129577636719,34.14084243774414,34.63796477495107
19.239,0,-2.2781243324279785,13.890424728393555,61.51367950439453,-70.22332000732422,-88.93555450439453,34.04000473022461,-2.2781243324279785,13.890424728393555,61.51367950439453,-70.22332000732422,-88.93555450439453,34.04000473022461,34.5075016307893
19.270,0,-2.4159889221191406,14.275934219360352,61.26243209838867,-70.4039306640625,-88.94751739501953,34.15926742553711,-2.4159889221191406,14.275934219360352,61.26243209838867,-70.4039306640625,-88.94751739501953,34.15926742553711,34.37703848662753
19.304,0,-2.516425848007202,14.815404891967773,60.909629821777344,-70.54682922363281,-88.91832733154297,34.143497467041016,-2.516425848007202,14.815404891967773,60.909629821777344,-70.54682922363281,-88.91832733154297,34.143497467041016,34.31180691454664
19.338,0,-2.5225532054901123,15.05143928527832,60.729347229003906,-70.46849060058594,-88.94094848632812,34.060829162597656,-2.5225532054901123,15.05143928527832,60.729347229003906,-70.46849060058594,-88.94094848632812,34.060829162597656,34.31180691454664
19.371,0,-2.3207435607910156,15.236242294311523,60.47755813598633,-70.44212341308594,-88.89842224121094,33.848106384277344,-2.3207435607910156,15.236242294311523,60.47755813598633,-70.44212341308594,-88.89842224121094,33.848106384277344,34.31180691454664
19.404,0,-2.427867889404297,15.782602310180664,60.163299560546875,-70.72265625,-88.90459442138672,34.02516555786133,-2.427867889404297,15.782602310180664,60.163299560546875,-70.72265625,-88.90459442138672,34.02516555786133,34.24657534246575
19.440,0,-2.3744823932647705,16.059782028198242,59.80425262451172,-70.59373474121094,-88.85460662841797,34.07843780517578,-2.3744823932647705,16.059782028198242,59.80425262451172,-70.59373474121094,-88.85460662841797,34.07843780517578,34.18134377038486
19.471,0,-2.4256272315979004,16.236936569213867,59.55078125,-70.42727661132812,-88.91790771484375,33.914424896240234,-2.4256272315979004,16.236936569213867,59.55078125,-70.42727661132812,-88.91790771484375,33.914424896240234,34.18134377038486
19.505,0,-2.513141632080078,16.2751522064209,59.339927673339844,-70.24114990234375,-88.91123962402344,33.84294891357422,-2.513141632080078,16.2751522064209,59.339927673339844,-70.24114990234375,-88.91123962402344,33.84294891357422,34.18134377038486
19.539,0,-2.489161491394043,16.8290958404541,58.87029266357422,-70.45234680175781,-88.91122436523438,33.961578369140625,-2.489161491394043,16.8290958404541,58.87029266357422,-70.45234680175781,-88.91122436523438,33.961578369140625,34.18134377038486
19.572,0,-2.5708940029144287,17.318452835083008,58.4582405090332,-70.48419189453125,-88.886962890625,33.99998474121094,-2.5708940029144287,17.318452835083008,58.4582405090332,-70.48419189453125,-88.886962890625,33.99998474121094,34.24657534246575
19.607,0,-2.4297146797180176,17.777162551879883,58.017581939697266,-70.44969940185547,-88.92524719238281,33.805294036865234,-2.4297146797180176,17.777162551879883,58.017581939697266,-70.44969940185547,-88.92524719238281,33.805294036865234,34.18134377038486
19.637,0,-2.5580334663391113,18.070104598999023,57.75294494628906,-70.40591430664062,-88.88987731933594,33.67731475830078,-2.5580334663391113,18.070104598999023,57.75294494628906,-70.40591430664062,-88.88987731933594,33.67731475830078,34.18134377038486
19.672,0,-2.4626526832580566,18.82935905456543,57.109375,-70.65595245361328,-88.88539123535156,33.84623336791992,-2.4626526832580566,18.82935905456543,57.109375,-70.65595245361328,-88.88539123535156,33.84623336791992,34.18134377038486
19.704,0,-2.4184746742248535,19.156797409057617,56.703651428222656,-70.57222747802734,-88.85101318359375,33.8095588684082,-2.4184746742248535,19.156797409057617,56.703651428222656,-70.57222747802734,-88.85101318359375,33.8095588684082,34.11611219830398
19.739,0,-2.2933850288391113,19.6272029876709,56.158138275146484,-70.45326232910156,-88.90383911132812,33.59584045410156,-2.2933850288391113,19.6272029876709,56.158138275146484,-70.45326232910156,-88.90383911132812,33.59584045410156,34.11611219830398
19.771,0,-2.4573123455047607,19.751420974731445,55.789459228515625,-70.15742492675781,-88.88658142089844,33.41065216064453,-2.4573123455047607,19.751420974731445,55.789459228515625,-70.15742492675781,-88.88658142089844,33.41065216064453,34.11611219830398
19.806,0,-2.4182534217834473,20.806371688842773,54.962493896484375,-70.49971771240234,-88.87928009033203,33.65140151977539,-2.4182534217834473,20.806371688842773,54.962493896484375,-70.49971771240234,-88.87928009033203,33.65140151977539,34.11611219830398
19.838,0,-2.454648017883301,21.19480323791504,54.364471435546875,-70.1883544921875,-88.822998046875,33.65315628051758,-2.454648017883301,21.19480323791504,54.364471435546875,-70.1883544921875,-88.822998046875,33.65315628051758,34.05088062622309
19.877,0,-2.339951515197754,21.797269821166992,53.688682556152344,-70.05647277832031,-88.88522338867188,33.456520080566406,-2.339951515197754,21.797269821166992,53.688682556152344,-70.05647277832031,-88.88522338867188,33.456520080566406,33.92041748206132
19.906,0,-2.6111111640930176,22.047208786010742,53.19874572753906,-69.69647216796875,-88.8414535522461,33.29903030395508,-2.6111111640930176,22.047208786010742,53.19874572753906,-69.69647216796875,-88.8414535522461,33.29903030395508,33.92041748206132
19.940,0,-2.6777238845825195,23.042634963989258,52.39362335205078,-69.93975830078125,-88.87352752685547,33.51052474975586,-2.6777238845825195,23.042634963989258,52.39362335205078,-69.93975830078125,-88.87352752685547,33.51052474975586,33.85518590998043
19.974,0,-2.689364433288574,22.870737075805664,52.052188873291016,-69.30508422851562,-88.89356994628906,33.51248550415039,-2.689364433288574,22.870737075805664,52.052188873291016,-69.30508422851562,-88.89356994628906,33.51248550415039,33.85518590998043
20.006,0,-2.619342803955078,23.764066696166992,51.25909423828125,-69.36457824707031,-88.95240020751953,33.45809555053711,-2.619342803955078,23.764066696166992,51.25909423828125,-69.36457824707031,-88.95240020751953,33.45809555053711,33.724722765818655
20.040,0,-2.850032329559326,24.312192916870117,50.58268737792969,-69.14972686767578,-88.9285888671875,33.36521911621094,-2.850032329559326,24.312192916870117,50.58268737792969,-69.14972686767578,-88.9285888671875,33.36521911621094,33.659491193737765
20.071,0,-2.7085418701171875,26.32951545715332,49.25940704345703,-70.11683654785156,-88.86880493164062,33.77445602416992,-2.7085418701171875,26.32951545715332,49.25940704345703,-70.11683654785156,-88.86880493164062,33.77445602416992,33.659491193737765
20.106,0,-2.7187728881835938,26.353750228881836,48.785743713378906,-69.54988098144531,-88.87389373779297,33.848114013671875,-2.7187728881835938,26.353750228881836,48.785743713378906,-69.54988098144531,-88.87389373779297,33.848114013671875,33.659491193737765
20.138,0,-2.6168437004089355,27.522062301635742,47.780052185058594,-69.70730590820312,-88.87287902832031,33.940040588378906,-2.6168437004089355,27.522062301635742,47.780052185058594,-69.70730590820312,-88.87287902832031,33.940040588378906,33.659491193737765
20.173,0,-2.853679656982422,28.012845993041992,47.07512283325195,-69.43270874023438,-88.81053161621094,33.88268280029297,-2.853679656982422,28.012845993041992,47.07512283325195,-69.43270874023438,-88.81053161621094,33.88268280029297,33.659491193737765
20.204,0,-2.7196691036224365,29.958620071411133,45.68724822998047,-70.1996078491211,-88.73534393310547,34.359901428222656,-2.7196691036224365,29.958620071411133,45.68724822998047,-70.1996078491211,-88.73534393310547,34.359901428222656,33.59425962165688
20.239,0,-2.7797789573669434,30.754274368286133,44.83062744140625,-70.2608642578125,-88.7239990234375,34.77434539794922,-2.7797789573669434,30.754274368286133,44.83062744140625,-70.2608642578125,-88.7239990234375,34.77434539794922,33.59425962165688
20.284,0,-2.641498565673828,32.551544189453125,43.581748962402344,-70.90767669677734,-88.72689819335938,35.14861297607422,-2.641498565673828,32.551544189453125,43.581748962402344,-70.90767669677734,-88.72689819335938,35.14861297607422,33.59425962165688
20.315,0,-2.934633255004883,33.095802307128906,42.91832733154297,-70.7322998046875,-88.66372680664062,35.226810455322266,-2.934633255004883,33.095802307128906,42.91832733154297,-70.7322998046875,-88.66372680664062,35.226810455322266,33.92041748206132
20.347,0,-2.929250717163086,34.21051788330078,42.06544494628906,-71.19084930419922,-88.60086059570312,35.70829772949219,-2.929250717163086,34.21051788330078,42.06544494628906,-71.19084930419922,-88.60086059570312,35.70829772949219,34.24657534246575
20.379,0,-2.9399971961975098,33.68206787109375,42.05525207519531,-70.71063232421875,-88.555908203125,35.88292694091797,-2.9399971961975098,33.68206787109375,42.05525207519531,-70.71063232421875,-88.555908203125,35.88292694091797,34.57273320287019
20.412,0,-2.800936222076416,34.79424285888672,41.28749084472656,-71.25642395019531,-88.50084686279297,36.40723419189453,-2.800936222076416,34.79424285888672,41.28749084472656,-71.25642395019531,-88.50084686279297,36.40723419189453,34.833659491193735
20.448,0,-2.7677745819091797,35.613731384277344,40.67987823486328,-71.66744995117188,-88.43433380126953,36.746490478515625,-2.7677745819091797,35.613731384277344,40.67987823486328,-71.66744995117188,-88.43433380126953,36.746490478515625,35.15981735159817
20.480,0,-2.5094408988952637,36.576622009277344,40.141998291015625,-72.33644104003906,-88.38019561767578,37.22909164428711,-2.5094408988952637,36.576622009277344,40.141998291015625,-72.33644104003906,-88.38019561767578,37.22909164428711,35.48597521200261
20.514,0,-2.227369785308838,36.476524353027344,40.17970657348633,-72.35803985595703,-88.36673736572266,37.47415542602539,-2.227369785308838,36.476524353027344,40.17970657348633,-72.35803985595703,-88.36673736572266,37.47415542602539,35.87736464448793
20.553,0,-2.017026901245117,36.63262176513672,40.04841995239258,-72.36483764648438,-88.30729675292969,37.57707214355469,-2.017026901245117,36.63262176513672,40.04841995239258,-72.36483764648438,-88.30729675292969,37.57707214355469,36.20352250489237
20.582,0,-1.8538854122161865,36.91365051269531,39.643959045410156,-72.22434997558594,-88.20758819580078,37.55243682861328,-1.8538854122161865,36.91365051269531,39.643959045410156,-72.22434997558594,-88.20758819580078,37.55243682861328,36.66014350945858
20.617,0,-1.537294864654541,37.61296081542969,39.02310562133789,-72.42495727539062,-88.11174011230469,37.87136459350586,-1.537294864654541,37.61296081542969,39.02310562133789,-72.42495727539062,-88.11174011230469,37.87136459350586,36.921069797782124
20.648,0,-1.3245670795440674,37.4384765625,39.13569641113281,-72.43395233154297,-88.08229064941406,37.972660064697266,-1.3245670795440674,37.4384765625,39.13569641113281,-72.43395233154297,-88.08229064941406,37.972660064697266,37.0515329419439
20.681,0,-1.206376075744629,38.473785400390625,38.610862731933594,-73.00471496582031,-88.0438232421875,38.40102005004883,-1.206376075744629,38.473785400390625,38.610862731933594,-73.00471496582031,-88.0438232421875,38.40102005004883,37.18199608610567
20.716,0,-1.0371917486190796,38.733680725097656,38.297462463378906,-72.87843322753906,-87.95001220703125,38.535438537597656,-1.0371917486190796,38.733680725097656,38.297462463378906,-72.87843322753906,-87.95001220703125,38.535438537597656,37.44292237442922
20.767,0,-1.4895310401916504,38.99188232421875,38.142704010009766,-73.0024185180664,-87.96961975097656,38.64989471435547,-1.4895310401916504,38.99188232421875,38.142704010009766,-73.0024185180664,-87.96961975097656,38.64989471435547,37.70384866275277
20.798,0,-1.111217737197876,39.003501892089844,37.96868133544922,-72.92549133300781,-87.9241943359375,38.84485626220703,-1.111217737197876,39.003501892089844,37.96868133544922,-72.92549133300781,-87.9241943359375,38.84485626220703,38.030006523157205
20.829,0,-0.8878841400146484,39.182586669921875,37.69001770019531,-72.80650329589844,-87.85334014892578,38.9334831237793,-0.8878841400146484,39.182586669921875,37.69001770019531,-72.80650329589844,-87.85334014892578,38.9334831237793,38.095238095238095
20.864,0,-0.656734049320221,39.27143859863281,37.534854888916016,-72.73492431640625,-87.78055572509766,38.92656707763672,-0.656734049320221,39.27143859863281,37.534854888916016,-72.73492431640625,-87.78055572509766,38.92656707763672,38.095238095238095
20.898,0,-1.0268535614013672,39.24945068359375,37.75666809082031,-72.94309997558594,-87.83958435058594,38.982818603515625,-1.0268535614013672,39.24945068359375,37.75666809082031,-72.94309997558594,-87.83958435058594,38.982818603515625,38.35616438356164
20.929,0,-0.6836463212966919,39.12268829345703,37.8230094909668,-72.97689819335938,-87.81037139892578,39.18486404418945,-0.6836463212966919,39.12268829345703,37.8230094909668,-72.97689819335938,-87.81037139892578,39.18486404418945,38.486627527723414
20.963,0,-0.568382978439331,39.229827880859375,37.546478271484375,-72.77096557617188,-87.76181030273438,39.3798828125,-0.568382978439331,39.229827880859375,37.546478271484375,-72.77096557617188,-87.76181030273438,39.3798828125,38.486627527723414
20.996,0,-0.5500729084014893,39.223854064941406,37.496742248535156,-72.72468566894531,-87.72221374511719,39.51776123046875,-0.5500729084014893,39.223854064941406,37.496742248535156,-72.72468566894531,-87.72221374511719,39.51776123046875,38.551859099804304
21.029,0,-0.9943118095397949,39.3626708984375,37.386775970458984,-72.78239440917969,-87.72801208496094,39.775508880615234,-0.9943118095397949,39.3626708984375,37.386775970458984,-72.78239440917969,-87.72801208496094,39.775508880615234,38.81278538812785
21.065,0,-0.7411221861839294,39.347084045410156,37.324546813964844,-72.76603698730469,-87.68803405761719,40.01033020019531,-0.7411221861839294,39.347084045410156,37.324546813964844,-72.76603698730469,-87.68803405761719,40.01033020019531,38.94324853228962
21.101,0,-0.882132887840271,39.398345947265625,37.38743209838867,-72.87405395507812,-87.69891357421875,40.087669372558594,-0.882132887840271,39.398345947265625,37.38743209838867,-72.87405395507812,-87.69891357421875,40.087669372558594,39.204174820613176
21.132,0,-0.5858291387557983,39.61658477783203,37.06955337524414,-72.82749938964844,-87.64837646484375,40.34263610839844,-0.5858291387557983,39.61658477783203,37.06955337524414,-72.82749938964844,-87.64837646484375,40.34263610839844,39.39986953685584
21.162,0,-0.277268648147583,39.775054931640625,36.724029541015625,-72.6539077758789,-87.57569885253906,40.65797424316406,-0.277268648147583,39.775054931640625,36.724029541015625,-72.6539077758789,-87.57569885253906,40.65797424316406,39.595564253098495
21.196,0,-0.304199755191803,39.54833221435547,36.9306640625,-72.72676086425781,-87.5846939086914,40.92877197265625,-0.304199755191803,39.54833221435547,36.9306640625,-72.72676086425781,-87.5846939086914,40.92877197265625,39.726027397260275
21.231,0,-0.3132680058479309,39.58777618408203,36.84400177001953,-72.69314575195312,-87.53099060058594,41.057559967041016,-0.3132680058479309,39.58777618408203,36.84400177001953,-72.69314575195312,-87.53099060058594,41.057559967041016,39.98695368558382
21.263,0,-0.3310820460319519,39.581581115722656,36.80094909667969,-72.61864471435547,-87.46430969238281,41.18252944946289,-0.3310820460319519,39.581581115722656,36.80094909667969,-72.61864471435547,-87.46430969238281,41.18252944946289,40.24787997390737
21.298,0,-0.053020477294921875,39.566322326660156,36.74879455566406,-72.5567626953125,-87.39491271972656,41.42070007324219,-0.053020477294921875,39.566322326660156,36.74879455566406,-72.5567626953125,-87.39491271972656,41.42070007324219,40.50880626223092
21.330,0,-0.2551746964454651,39.581581115722656,36.6782112121582,-72.43743133544922,-87.4098129272461,41.39505386352539,-0.2551746964454651,39.581581115722656,36.6782112121582,-72.43743133544922,-87.4098129272461,41.39505386352539,40.704500978473575
21.363,0,-0.26023977994918823,39.59419250488281,36.636051177978516,-72.40725708007812,-87.35221099853516,41.470298767089844,-0.26023977994918823,39.59419250488281,36.636051177978516,-72.40725708007812,-87.35221099853516,41.470298767089844,40.834964122635355
21.398,0,-0.04149526357650757,39.79963684082031,36.29062271118164,-72.27925872802734,-87.28251647949219,41.80738067626953,-0.04149526357650757,39.79963684082031,36.29062271118164,-72.27925872802734,-87.28251647949219,41.80738067626953,40.96542726679713
21.429,0,-0.33758264780044556,39.701141357421875,36.57303237915039,-72.42119598388672,-87.31121063232422,41.77001190185547,-0.33758264780044556,39.701141357421875,36.57303237915039,-72.42119598388672,-87.31121063232422,41.77001190185547,41.0958904109589
21.471,0,-0.43388012051582336,39.683380126953125,36.538841247558594,-72.3356704711914,-87.31090545654297,41.965736389160156,-0.43388012051582336,39.683380126953125,36.538841247558594,-72.3356704711914,-87.31090545654297,41.965736389160156,41.16112198303979
21.502,0,-0.34161239862442017,39.540008544921875,36.5780143737793,-72.22604370117188,-87.33811950683594,42.082435607910156,-0.34161239862442017,39.540008544921875,36.5780143737793,-72.22604370117188,-87.33811950683594,42.082435607910156,41.35681669928245
21.533,0,-0.6970599889755249,39.198936462402344,36.96503829956055,-72.22952270507812,-87.38027954101562,42.187408447265625,-0.6970599889755249,39.198936462402344,36.96503829956055,-72.22952270507812,-87.38027954101562,42.187408447265625,41.42204827136334
21.568,0,-0.7144165635108948,39.319496154785156,36.709808349609375,-72.085205078125,-87.33295440673828,42.300987243652344,-0.7144165635108948,39.319496154785156,36.709808349609375,-72.085205078125,-87.33295440673828,42.300987243652344,41.617742987606
21.600,0,-0.8022382259368896,39.167091369628906,36.876922607421875,-72.0655746459961,-87.35612487792969,42.32682800292969,-0.8022382259368896,39.167091369628906,36.876922607421875,-72.0655746459961,-87.35612487792969,42.32682800292969,41.74820613176777
21.636,0,-0.8719581961631775,39.07085418701172,36.82050704956055,-71.89895629882812,-87.35760498046875,42.477012634277344,-0.8719581961631775,39.07085418701172,36.82050704956055,-71.89895629882812,-87.35760498046875,42.477012634277344,41.878669275929546
21.668,0,-1.2330355644226074,38.72460174560547,37.22299575805664,-71.922607421875,-87.40536499023438,42.45977020263672,-1.2330355644226074,38.72460174560547,37.22299575805664,-71.922607421875,-87.40536499023438,42.45977020263672,42.07436399217221
21.700,0,-1.5540404319763184,38.66010284423828,37.32432556152344,-71.93849182128906,-87.42741394042969,42.34897994995117,-1.5540404319763184,38.66010284423828,37.32432556152344,-71.93849182128906,-87.42741394042969,42.34897994995117,42.07436399217221
21.735,0,-1.6369209289550781,38.61418914794922,37.34385299682617,-71.89788818359375,-87.4498291015625,42.339599609375,-1.6369209289550781,38.61418914794922,37.34385299682617,-71.89788818359375,-87.4498291015625,42.339599609375,42.1395955642531
21.767,0,-1.444097638130188,38.38623046875,37.37400817871094,-71.72966003417969,-87.43657684326172,42.399871826171875,-1.444097638130188,38.38623046875,37.37400817871094,-71.72966003417969,-87.43657684326172,42.399871826171875,42.1395955642531
21.802,0,-1.8138618469238281,38.04515838623047,37.786075592041016,-71.76547241210938,-87.49119567871094,42.25722885131836,-1.8138618469238281,38.04515838623047,37.786075592041016,-71.76547241210938,-87.49119567871094,42.25722885131836,42.1395955642531
21.833,0,-2.0599441528320312,37.989341735839844,37.97993850708008,-71.84386444091797,-87.5021743774414,42.18560028076172,-2.0599441528320312,37.989341735839844,37.97993850708008,-71.84386444091797,-87.5021743774414,42.18560028076172,42.1395955642531
21.867,0,-2.171383857727051,37.98432922363281,37.91922378540039,-71.77723693847656,-87.49154663085938,42.236083984375,-2.171383857727051,37.98432922363281,37.91922378540039,-71.77723693847656,-87.49154663085938,42.236083984375,42.1395955642531
21.902,0,-1.8674885034561157,37.95355224609375,37.66935348510742,-71.55718231201172,-87.43875122070312,42.349159240722656,-1.8674885034561157,37.95355224609375,37.66935348510742,-71.55718231201172,-87.43875122070312,42.349159240722656,42.07436399217221
21.933,0,-2.24491548538208,37.6292724609375,38.006649017333984,-71.51522064208984,-87.50382995605469,42.15111541748047,-2.24491548538208,37.6292724609375,38.006649017333984,-71.51522064208984,-87.50382995605469,42.15111541748047,42.07436399217221
21.968,0,-2.425001859664917,37.49739074707031,38.32072830200195,-71.69425964355469,-87.52813720703125,41.867774963378906,-2.425001859664917,37.49739074707031,38.32072830200195,-71.69425964355469,-87.52813720703125,41.867774963378906,42.07436399217221
22.005,0,-2.6578898429870605,37.387969970703125,38.54497528076172,-71.76142883300781,-87.55142211914062,41.63350296020508,-2.6578898429870605,37.387969970703125,38.54497528076172,-71.76142883300781,-87.55142211914062,41.63350296020508,42.07436399217221
22.034,0,-2.3409476280212402,37.318084716796875,38.34166717529297,-71.52429962158203,-87.48892211914062,41.713809967041016,-2.3409476280212402,37.318084716796875,38.34166717529297,-71.52429962158203,-87.48892211914062,41.713809967041016,42.07436399217221
22.067,0,-2.368525266647339,37.43025207519531,38.11105728149414,-71.33364868164062,-87.46107482910156,41.72068786621094,-2.368525266647339,37.43025207519531,38.11105728149414,-71.33364868164062,-87.46107482910156,41.72068786621094,42.07436399217221
22.103,0,-2.4237656593322754,37.407867431640625,38.2140007019043,-71.47367858886719,-87.45819091796875,41.34766387939453,-2.4237656593322754,37.407867431640625,38.2140007019043,-71.47367858886719,-87.45819091796875,41.34766387939453,42.07436399217221
22.137,0,-2.353055953979492,37.30397033691406,38.235206604003906,-71.38519287109375,-87.44207000732422,41.174217224121094,-2.353055953979492,37.30397033691406,38.235206604003906,-71.38519287109375,-87.44207000732422,41.174217224121094,42.07436399217221
22.169,0,-2.140047073364258,37.41996765136719,38.140464782714844,-71.48600006103516,-87.39800262451172,41.167884826660156,-2.140047073364258,37.41996765136719,38.140464782714844,-71.48600006103516,-87.39800262451172,41.167884826660156,41.943900848010436
22.200,0,-2.0950608253479004,37.33056640625,38.1876335144043,-71.44371032714844,-87.43350982666016,40.949249267578125,-2.0950608253479004,37.33056640625,38.1876335144043,-71.44371032714844,-87.43350982666016,40.949249267578125,41.68297455968688
22.236,0,-2.0663909912109375,37.32470703125,38.25571823120117,-71.55570983886719,-87.42774200439453,40.5600471496582,-2.0663909912109375,37.32470703125,38.25571823120117,-71.55570983886719,-87.42774200439453,40.5600471496582,41.617742987606
22.267,0,-2.4563450813293457,37.043121337890625,38.8211669921875,-71.81892395019531,-87.5358657836914,39.99848937988281,-2.4563450813293457,37.043121337890625,38.8211669921875,-71.81892395019531,-87.5358657836914,39.99848937988281,41.55251141552511
22.302,0,-2.260244369506836,36.958656311035156,38.871192932128906,-71.77024841308594,-87.52776336669922,39.84001159667969,-2.260244369506836,36.958656311035156,38.871192932128906,-71.77024841308594,-87.52776336669922,39.84001159667969,41.226353555120674
22.334,0,-2.282564878463745,36.87371826171875,38.94218444824219,-71.74005889892578,-87.55030059814453,39.59465026855469,-2.282564878463745,36.87371826171875,38.94218444824219,-71.74005889892578,-87.55030059814453,39.59465026855469,40.90019569471624
22.368,0,-2.3017845153808594,36.90046691894531,39.025150299072266,-71.86351013183594,-87.53141784667969,39.29625701904297,-2.3017845153808594,36.90046691894531,39.025150299072266,-71.86351013183594,-87.53141784667969,39.29625701904297,40.50880626223092
22.402,0,-2.705038070678711,36.628822326660156,39.62373352050781,-72.15388488769531,-87.64274597167969,38.74958419799805,-2.705038070678711,36.628822326660156,39.62373352050781,-72.15388488769531,-87.64274597167969,38.74958419799805,40.24787997390737
22.436,0,-2.5759506225585938,36.366722106933594,40.00605392456055,-72.28805541992188,-87.67765045166016,38.38255310058594,-2.5759506225585938,36.366722106933594,40.00605392456055,-72.28805541992188,-87.67765045166016,38.38255310058594,39.98695368558382
22.467,0,-2.5386290550231934,36.24647521972656,40.21562957763672,-72.35865783691406,-87.72562408447266,37.97821807861328,-2.5386290550231934,36.24647521972656,40.21562957763672,-72.35865783691406,-87.72562408447266,37.97821807861328,39.660795825179385
22.503,0,-2.617286443710327,36.30535125732422,40.19671630859375,-72.39627838134766,-87.70735931396484,37.63861846923828,-2.617286443710327,36.30535125732422,40.19671630859375,-72.39627838134766,-87.70735931396484,37.63861846923828,39.204174820613176
22.535,0,-3.0436787605285645,36.04234313964844,40.63679122924805,-72.5440444946289,-87.81624603271484,37.159183502197266,-3.0436787605285645,36.04234313964844,40.63679122924805,-72.5440444946289,-87.81624603271484,37.159183502197266,38.81278538812785
22.569,0,-3.0128159523010254,35.77581024169922,41.09238052368164,-72.74835205078125,-87.89380645751953,36.70793151855469,-3.0128159523010254,35.77581024169922,41.09238052368164,-72.74835205078125,-87.89380645751953,36.70793151855469,38.486627527723414
22.602,0,-3.035576820373535,35.661773681640625,41.27567672729492,-72.80720520019531,-87.95488739013672,36.32421112060547,-3.035576820373535,35.661773681640625,41.27567672729492,-72.80720520019531,-87.95488739013672,36.32421112060547,38.095238095238095
22.637,0,-3.2455406188964844,35.59516143798828,41.50295639038086,-72.98310852050781,-88.00431823730469,35.85675048828125,-3.2455406188964844,35.59516143798828,41.50295639038086,-72.98310852050781,-88.00431823730469,35.85675048828125,37.638617090671886
22.669,0,-3.5800905227661133,35.2347412109375,42.096351623535156,-73.19380187988281,-88.11370849609375,35.351829528808594,-3.5800905227661133,35.2347412109375,42.096351623535156,-73.19380187988281,-88.11370849609375,35.351829528808594,37.24722765818656
22.702,0,-3.576469898223877,34.970542907714844,42.46219253540039,-73.32168579101562,-88.1793212890625,34.97246551513672,-3.576469898223877,34.970542907714844,42.46219253540039,-73.32168579101562,-88.1793212890625,34.97246551513672,36.79060665362035
22.738,0,-3.630037307739258,34.82855224609375,42.67767333984375,-73.3922119140625,-88.25935363769531,34.58386993408203,-3.630037307739258,34.82855224609375,42.67767333984375,-73.3922119140625,-88.25935363769531,34.58386993408203,36.33398564905414
22.769,0,-3.9082837104797363,34.844932556152344,42.81078338623047,-73.50201416015625,-88.30645751953125,34.26823425292969,-3.9082837104797363,34.844932556152344,42.81078338623047,-73.50201416015625,-88.30645751953125,34.26823425292969,35.87736464448793
22.803,0,-4.3618693351745605,34.59051513671875,43.304283142089844,-73.6134262084961,-88.41616821289062,33.79529571533203,-4.3618693351745605,34.59051513671875,43.304283142089844,-73.6134262084961,-88.41616821289062,33.79529571533203,35.5512067840835
22.836,0,-4.3589887619018555,34.30950164794922,43.6514892578125,-73.6903305053711,-88.4532241821289,33.545814514160156,-4.3589887619018555,34.30950164794922,43.6514892578125,-73.6903305053711,-88.4532241821289,33.545814514160156,35.09458577951728
22.871,0,-4.369861125946045,34.084877014160156,43.84088134765625,-73.61764526367188,-88.48670959472656,33.29454803466797,-4.369861125946045,34.084877014160156,43.84088134765625,-73.61764526367188,-88.48670959472656,33.29454803466797,34.768427919112845
22.902,0,-4.344310283660889,33.96056365966797,43.92426681518555,-73.55540466308594,-88.48418426513672,33.07352066040039,-4.344310283660889,33.96056365966797,43.92426681518555,-73.55540466308594,-88.48418426513672,33.07352066040039,34.31180691454664
22.936,0,-4.829904079437256,33.586936950683594,44.50868225097656,-73.73719787597656,-88.61430358886719,32.59865951538086,-4.829904079437256,33.586936950683594,44.50868225097656,-73.73719787597656,-88.61430358886719,32.59865951538086,34.05088062622309
22.971,0,-5.117552757263184,33.27055358886719,44.88410186767578,-73.72709655761719,-88.72076416015625,32.323341369628906,-5.117552757263184,33.27055358886719,44.88410186767578,-73.72709655761719,-88.72076416015625,32.323341369628906,33.789954337899545
23.004,0,-5.185445308685303,33.15940856933594,44.97207260131836,-73.62884521484375,-88.74285125732422,32.06107711791992,-5.185445308685303,33.15940856933594,44.97207260131836,-73.62884521484375,-88.74285125732422,32.06107711791992,33.46379647749511
23.038,0,-5.274305820465088,32.936546325683594,45.020240783691406,-73.35504913330078,-88.68745422363281,31.905109405517578,-5.274305820465088,32.936546325683594,45.020240783691406,-73.35504913330078,-88.68745422363281,31.905109405517578,33.07240704500978
23.070,0,-5.778419494628906,32.528228759765625,45.538246154785156,-73.37278747558594,-88.8031005859375,31.50692367553711,-5.778419494628906,32.528228759765625,45.538246154785156,-73.37278747558594,-88.8031005859375,31.50692367553711,32.81148075668624
23.104,0,-6.05711555480957,32.01282501220703,46.12617492675781,-73.434326171875,-88.9058837890625,31.21375846862793,-6.05711555480957,32.01282501220703,46.12617492675781,-73.434326171875,-88.9058837890625,31.21375846862793,32.4853228962818
23.140,0,-6.1904449462890625,31.726205825805664,46.32381820678711,-73.31398010253906,-88.95205688476562,30.887052536010742,-6.1904449462890625,31.726205825805664,46.32381820678711,-73.31398010253906,-88.95205688476562,30.887052536010742,32.28962818003914
23.171,0,-6.2437357902526855,31.4265193939209,46.495094299316406,-73.12698364257812,-88.92176818847656,30.585859298706055,-6.2437357902526855,31.4265193939209,46.495094299316406,-73.12698364257812,-88.92176818847656,30.585859298706055,31.963470319634702
23.206,0,-6.359601974487305,31.251977920532227,46.44408416748047,-72.8628158569336,-88.95018768310547,30.45766258239746,-6.359601974487305,31.251977920532227,46.44408416748047,-72.8628158569336,-88.95018768310547,30.45766258239746,31.637312459230266
23.271,0,-6.4336066246032715,30.653329849243164,46.979637145996094,-72.76966094970703,-89.02462005615234,30.191993713378906,-6.4336066246032715,30.653329849243164,46.979637145996094,-72.76966094970703,-89.02462005615234,30.191993713378906,31.31115459882583
23.302,0,-6.456827163696289,30.489248275756836,46.92561721801758,-72.49520874023438,-89.03671264648438,29.998432159423828,-6.456827163696289,30.489248275756836,46.92561721801758,-72.49520874023438,-89.03671264648438,29.998432159423828,30.85453359425962
23.333,0,-6.446447849273682,30.04073143005371,47.33243942260742,-72.4359130859375,-89.06724548339844,29.604270935058594,-6.446447849273682,30.04073143005371,47.33243942260742,-72.4359130859375,-89.06724548339844,29.604270935058594,30.85453359425962
23.366,0,-6.6195454597473145,29.476778030395508,47.87828063964844,-72.36898040771484,-89.14161682128906,29.082992553710938,-6.6195454597473145,29.505494505494504,47.87828063964844,-72.36898040771484,-89.14161682128906,29.082992553710938,30.59360730593607
23.401,0,-6.81777811050415,28.732404708862305,48.569190979003906,-72.21694946289062,-89.23764038085938,28.701766967773438,-6.81777811050415,29.153846153846153,48.569190979003906,-72.21694946289062,-89.23764038085938,28.701766967773438,30.332681017612522
23.436,0,-6.90209436416626,28.237089157104492,48.93052673339844,-72.02043151855469,-89.281494140625,28.22856903076172,-6.90209436416626,28.714285714285715,48.93052673339844,-72.02043151855469,-89.281494140625,28.22856903076172,30.006523157208086
23.469,0,-6.863882541656494,27.695600509643555,49.29545593261719,-71.78524780273438,-89.29408264160156,27.76903533935547,-6.863882541656494,28.274725274725277,49.29545593261719,-71.78524780273438,-89.29408264160156,27.76903533935547,29.615133724722764
23.503,0,-6.848897457122803,27.157445907592773,49.75958251953125,-71.68934631347656,-89.32765197753906,27.283267974853516,-6.848897457122803,27.747252747252745,49.75958251953125,-71.68934631347656,-89.32765197753906,27.283267974853516,29.22374429223744
23.535,0,-6.57055139541626,27.178911209106445,49.87184143066406,-71.93067932128906,-89.33031463623047,27.086950302124023,-6.57055139541626,27.307692307692307,49.87184143066406,-71.93067932128906,-89.33031463623047,27.086950302124023,28.767123287671232
23.569,0,-6.621436595916748,26.600317001342773,50.27056884765625,-71.71780395507812,-89.39249420166016,26.581972122192383,-6.621436595916748,26.86813186813187,50.27056884765625,-71.71780395507812,-89.39249420166016,26.581972122192383,28.37573385518591
23.602,0,-6.548957347869873,26.097360610961914,50.590885162353516,-71.45744323730469,-89.39031982421875,26.235137939453125,-6.548957347869873,26.516483516483518,50.590885162353516,-71.45744323730469,-89.39031982421875,26.235137939453125,27.919112850619697
23.636,0,-6.483724594116211,25.85621452331543,50.77726745605469,-71.38912963867188,-89.40182495117188,25.90964126586914,-6.483724594116211,26.076923076923077,50.77726745605469,-71.38912963867188,-89.40182495117188,25.90964126586914,27.59295499021526
23.669,0,-6.119932174682617,25.870939254760742,50.85150146484375,-71.61183166503906,-89.40101623535156,25.805143356323242,-6.119932174682617,25.870939254760742,50.85150146484375,-71.61183166503906,-89.40101623535156,25.805143356323242,27.136333985649053
23.700,0,-6.244688510894775,25.474836349487305,51.1011962890625,-71.3759765625,-89.45538330078125,25.41908836364746,-6.244688510894775,25.474836349487305,51.1011962890625,-71.3759765625,-89.45538330078125,25.41908836364746,26.810176125244617
23.735,0,-6.225948333740234,24.898584365844727,51.49949645996094,-71.1196060180664,-89.46236419677734,25.077438354492188,-6.225948333740234,25.10989010989011,51.49949645996094,-71.1196060180664,-89.46236419677734,25.077438354492188,26.48401826484018
23.769,0,-6.023005962371826,25.497201919555664,51.35596466064453,-71.67958068847656,-89.48206329345703,25.071147918701172,-6.023005962371826,25.497201919555664,51.35596466064453,-71.67958068847656,-89.48206329345703,25.071147918701172,26.22309197651663
23.800,0,-6.2795257568359375,24.930784225463867,51.824424743652344,-71.50483703613281,-89.57341766357422,24.894123077392578,-6.2795257568359375,24.930784225463867,51.824424743652344,-71.50483703613281,-89.57341766357422,24.894123077392578,25.896934116112195
23.835,0,-6.436671257019043,24.393522262573242,52.17173385620117,-71.15140533447266,-89.65996551513672,24.56757926940918,-6.436671257019043,24.406593406593405,52.17173385620117,-71.15140533447266,-89.65996551513672,24.56757926940918,25.63600782778865
23.876,0,-6.353060722351074,23.49347496032715,52.82874298095703,-70.8277587890625,-89.68265533447266,24.193058013916016,-6.353060722351074,24.054945054945055,52.82874298095703,-70.8277587890625,-89.68265533447266,24.193058013916016,25.505544683626873
23.906,0,-6.216193199157715,24.237783432006836,52.569026947021484,-71.39137268066406,-89.6916732788086,24.251197814941406,-6.216193199157715,24.237783432006836,52.569026947021484,-71.39137268066406,-89.6916732788086,24.251197814941406,25.244618395303327
24.024,0,-6.2817301750183105,23.521329879760742,53.03370666503906,-71.05824279785156,-89.72785949707031,24.148685455322266,-6.2817301750183105,23.521329879760742,53.03370666503906,-71.05824279785156,-89.72785949707031,24.148685455322266,24.983692106979777
24.053,0,-6.453690528869629,22.907926559448242,53.46263885498047,-70.72286987304688,-89.80461883544922,23.88929557800293,-6.453690528869629,23.439560439560438,53.46263885498047,-70.72286987304688,-89.80461883544922,23.88929557800293,24.65753424657534
24.087,0,-6.346685886383057,22.00593376159668,53.98712921142578,-70.27442932128906,-89.81607055664062,23.583223342895508,-6.346685886383057,23.0,53.98712921142578,-70.27442932128906,-89.81607055664062,23.583223342895508,24.65753424657534
24.121,0,-6.2824578285217285,21.151620864868164,54.4815673828125,-69.8621826171875,-89.82723236083984,23.421104431152344,-6.2824578285217285,22.64835164835165,54.4815673828125,-69.8621826171875,-89.82723236083984,23.421104431152344,24.65753424657534
24.154,0,-6.123500347137451,20.614614486694336,55.02119064331055,-69.88131713867188,-89.81268310546875,23.384689331054688,-6.123500347137451,22.208791208791208,55.02119064331055,-69.88131713867188,-89.81268310546875,23.384689331054688,24.331376386170906
24.189,0,-6.333704471588135,19.737730026245117,55.62245178222656,-69.45820617675781,-89.8835220336914,23.117630004882812,-6.333704471588135,21.681318681318682,55.62245178222656,-69.45820617675781,-89.8835220336914,23.117630004882812,24.070450097847356
24.251,0,-6.269113540649414,18.551931381225586,56.34149932861328,-68.89598083496094,-89.88786315917969,22.807830810546875,-6.269113540649414,20.802197802197803,56.34149932861328,-68.89598083496094,-89.88786315917969,22.807830810546875,23.874755381604697
24.282,0,-6.481978893280029,17.54888343811035,56.98347473144531,-68.47050476074219,-89.93896484375,22.58079719543457,-6.481978893280029,20.626373626373628,56.98347473144531,-68.47050476074219,-89.93896484375,22.58079719543457,23.679060665362034
24.316,0,-6.251367568969727,17.54302406311035,57.168846130371094,-68.77238464355469,-89.9140853881836,22.614938735961914,-6.251367568969727,20.01098901098901,57.168846130371094,-68.77238464355469,-89.9140853881836,22.614938735961914,23.483365949119374
24.348,0,-6.347875595092773,16.502748489379883,57.798667907714844,-68.27806854248047,-89.94759368896484,22.419565200805664,-6.347875595092773,19.483516483516482,57.798667907714844,-68.27806854248047,-89.94759368896484,22.419565200805664,23.222439660795825
24.382,0,-6.233781337738037,15.481313705444336,58.36433410644531,-67.73408508300781,-89.94940948486328,22.192459106445312,-6.233781337738037,18.956043956043956,58.36433410644531,-67.73408508300781,-89.94940948486328,22.192459106445312,23.15720808871494
24.416,0,-6.217120170593262,14.711923599243164,58.80579376220703,-67.43701171875,-89.96266174316406,22.139015197753906,-6.217120170593262,18.428571428571427,58.80579376220703,-67.43701171875,-89.96266174316406,22.139015197753906,23.026744944553162
24.449,0,-6.102645397186279,14.737390518188477,59.00355911254883,-67.89961242675781,-89.97782897949219,22.292903900146484,-6.102645397186279,17.9010989010989,59.00355911254883,-67.89961242675781,-89.97782897949219,22.292903900146484,22.831050228310502
24.482,0,-6.225083827972412,13.764383316040039,59.53261184692383,-67.36476135253906,-90.03076934814453,22.06915283203125,-6.225083827972412,17.285714285714285,59.53261184692383,-67.36476135253906,-90.03076934814453,22.06915283203125,22.63535551206784
24.516,0,-5.981271266937256,12.661012649536133,60.08218002319336,-66.7708740234375,-90.08403778076172,21.905853271484375,-5.981271266937256,16.846153846153847,60.08218002319336,-66.7708740234375,-90.08403778076172,21.905853271484375,22.63535551206784
24.549,0,-5.955360412597656,12.292379379272461,60.29429626464844,-66.80671691894531,-90.16804504394531,22.02223014831543,-5.955360412597656,16.318681318681318,60.29429626464844,-66.80671691894531,-90.16804504394531,22.02223014831543,22.63535551206784
24.582,0,-5.770420551300049,11.792844772338867,61.032127380371094,-67.08594512939453,-90.1513442993164,21.982437133789062,-5.770420551300049,15.791208791208792,61.032127380371094,-67.08594512939453,-90.1513442993164,21.982437133789062,22.439660795825176
24.616,0,-5.715750217437744,10.772542953491211,61.67566680908203,-66.583984375,-90.12928009033203,21.72283172607422,-5.715750217437744,15.263736263736263,61.67566680908203,-66.583984375,-90.12928009033203,21.72283172607422,22.37442922374429
24.649,0,-5.6581315994262695,9.20311164855957,62.595848083496094,-65.76791381835938,-90.08627319335938,21.361101150512695,-5.6581315994262695,14.824175824175825,62.595848083496094,-65.76791381835938,-90.08627319335938,21.361101150512695,22.37442922374429
24.681,0,-5.475186347961426,7.959104537963867,63.409889221191406,-65.33294677734375,-90.06233978271484,21.23048973083496,-5.475186347961426,14.296703296703296,63.409889221191406,-65.33294677734375,-90.06233978271484,21.23048973083496,22.309197651663403
24.715,0,-5.096743583679199,6.653738021850586,64.45947265625,-65.04440307617188,-89.99686431884766,20.996116638183594,-5.096743583679199,13.76923076923077,64.45947265625,-65.04440307617188,-89.99686431884766,20.996116638183594,22.309197651663403
24.750,0,-4.936596870422363,5.616331100463867,65.27552032470703,-64.73599243164062,-89.96212768554688,20.862422943115234,-4.936596870422363,12.978021978021978,65.27552032470703,-64.73599243164062,-89.96212768554688,20.862422943115234,21.91780821917808
24.782,0,-4.783787250518799,3.8019847869873047,66.26598358154297,-63.7474250793457,-89.94547271728516,20.53293800354004,-4.783787250518799,12.362637362637361,66.26598358154297,-63.7474250793457,-89.94547271728516,20.53293800354004,21.722113502935418
24.816,0,-4.790449142456055,2.685922622680664,66.92525482177734,-63.3121337890625,-89.9920883178711,20.419065475463867,-4.790449142456055,11.483516483516482,66.92525482177734,-63.3121337890625,-89.9920883178711,20.419065475463867,21.461187214611872
24.849,0,-4.495395183563232,1.9547920227050781,67.56226348876953,-63.3196907043457,-89.9693374633789,20.27035903930664,-4.495395183563232,10.692307692307692,67.56226348876953,-63.3196907043457,-89.9693374633789,20.27035903930664,21.26549249836921
24.884,0,-4.436514377593994,1.5285491943359375,67.9620590209961,-63.3731689453125,-89.94905853271484,20.212560653686523,-4.436514377593994,9.813186813186814,67.9620590209961,-63.3731689453125,-89.94905853271484,20.212560653686523,21.00456621004566
24.916,0,-4.146191120147705,0.5856990814208984,68.21510314941406,-62.681678771972656,-89.97677612304688,20.10678482055664,-4.146191120147705,9.021978021978022,68.21510314941406,-62.681678771972656,-89.97677612304688,20.10678482055664,20.874103065883887
24.950,0,-4.206490993499756,-0.11268424987792969,68.5629653930664,-62.446144104003906,-90.05620574951172,20.09662437438965,-4.206490993499756,8.23076923076923,68.5629653930664,-62.446144104003906,-90.05620574951172,20.09662437438965,20.743639921722114
24.983,0,-4.205351829528809,-0.22650146484375,68.48384094238281,-62.284690856933594,-90.05262756347656,20.092395782470703,-4.205351829528809,7.527472527472527,68.48384094238281,-62.284690856933594,-90.05262756347656,20.092395782470703,20.743639921722114
25.021,0,-3.919923782348633,-0.7568912506103516,68.5269775390625,-61.766971588134766,-90.04997253417969,20.036714553833008,-3.919923782348633,6.736263736263735,68.5269775390625,-61.766971588134766,-90.04997253417969,20.036714553833008,20.743639921722114
25.051,0,-3.587648391723633,-1.4870548248291016,68.60948944091797,-61.071693420410156,-90.05230712890625,19.893611907958984,-3.587648391723633,6.296703296703297,68.60948944091797,-61.071693420410156,-90.05230712890625,19.893611907958984,20.743639921722114
25.084,0,-3.482349395751953,-1.9139213562011719,68.84998321533203,-60.943206787109375,-90.04650115966797,19.909610748291016,-3.482349395751953,5.76923076923077,68.84998321533203,-60.943206787109375,-90.04650115966797,19.909610748291016,20.743639921722114
25.119,0,-3.4494309425354004,-1.8575515747070312,68.68038177490234,-60.88655090332031,-90.05905151367188,19.90089988708496,-3.4494309425354004,5.241758241758241,68.68038177490234,-60.88655090332031,-90.05905151367188,19.90089988708496,20.482713633398564
25.152,0,-3.200089931488037,-2.2436485290527344,68.64024353027344,-60.45256805419922,-90.03518676757812,19.91097640991211,-3.200089931488037,4.7142857142857135,68.64024353027344,-60.45256805419922,-90.03518676757812,19.91097640991211,20.352250489236788
25.185,0,-3.2332468032836914,-2.9520416259765625,68.71969604492188,-59.943580627441406,-90.07756805419922,19.945247650146484,-3.2332468032836914,4.2747252747252755,68.71969604492188,-59.943580627441406,-90.07756805419922,19.945247650146484,20.352250489236788
25.218,0,-2.8602986335754395,-3.032197952270508,68.69548797607422,-60.01485061645508,-90.0414810180664,20.005455017089844,-2.8602986335754395,3.8351648351648358,68.69548797607422,-60.01485061645508,-90.0414810180664,20.005455017089844,20.352250489236788
25.263,0,-2.786344528198242,-3.3967552185058594,68.74798583984375,-59.61297607421875,-90.02611541748047,19.879535675048828,-2.786344528198242,3.1318681318681314,68.74798583984375,-59.61297607421875,-90.02611541748047,19.879535675048828,20.352250489236788
25.294,0,-2.9925785064697266,-4.2755279541015625,69.0363998413086,-58.902320861816406,-90.04291534423828,19.688034057617188,-2.9925785064697266,2.956043956043956,69.0363998413086,-58.902320861816406,-90.04291534423828,19.688034057617188,20.352250489236788
25.327,0,-2.7560839653015137,-4.455226898193359,68.90298461914062,-58.7869873046875,-90.07012939453125,19.676128387451172,-2.7560839653015137,2.3406593406593403,68.90298461914062,-58.7869873046875,-90.07012939453125,19.676128387451172,20.352250489236788
25.360,0,-2.4906067848205566,-4.199068069458008,68.82260131835938,-59.19561767578125,-90.0498046875,19.852466583251953,-2.4906067848205566,1.813186813186813,68.82260131835938,-59.19561767578125,-90.0498046875,19.852466583251953,20.352250489236788
25.395,0,-2.2533633708953857,-4.054676055908203,68.66716766357422,-59.168216705322266,-90.09379577636719,19.789979934692383,-2.2533633708953857,1.2857142857142856,68.66716766357422,-59.168216705322266,-90.09379577636719,19.789979934692383,20.221787345075015
25.428,0,-2.391195058822632,-4.6123046875,68.8328628540039,-58.645721435546875,-90.09428405761719,19.66259765625,-2.391195058822632,0.8461538461538458,68.8328628540039,-58.645721435546875,-90.09428405761719,19.66259765625,20.091324200913242
25.460,0,-2.303694725036621,-5.172639846801758,68.84285736083984,-58.14957046508789,-90.1131591796875,19.624570846557617,-2.303694725036621,0.4065934065934069,68.84285736083984,-58.14957046508789,-90.1131591796875,19.624570846557617,20.091324200913242
25.495,0,-2.013502836227417,-5.369384765625,68.93362426757812,-58.13318634033203,-90.09600830078125,19.797019958496094,-2.013502836227417,-0.20879120879120894,68.93362426757812,-58.13318634033203,-90.09600830078125,19.797019958496094,20.091324200913242
25.528,0,-2.328195095062256,-4.811956405639648,68.62378692626953,-58.46862030029297,-90.13931274414062,19.919294357299805,-2.328195095062256,-0.6483516483516487,68.62378692626953,-58.46862030029297,-90.13931274414062,19.919294357299805,20.091324200913242
25.564,0,-2.4966049194335938,-5.181558609008789,68.66371154785156,-58.06721496582031,-90.13800048828125,19.947717666625977,-2.4966049194335938,-1.1758241758241756,68.66371154785156,-58.06721496582031,-90.13800048828125,19.947717666625977,20.091324200913242
25.595,0,-2.4668359756469727,-5.155275344848633,68.43482971191406,-58.0146484375,-90.1789779663086,20.057058334350586,-2.4668359756469727,-1.6153846153846154,68.43482971191406,-58.0146484375,-90.1789779663086,20.057058334350586,20.091324200913242
25.633,0,-2.240962505340576,-4.410097122192383,68.19232177734375,-58.80522918701172,-90.12366485595703,20.355527877807617,-2.240962505340576,-2.230769230769231,68.19232177734375,-58.80522918701172,-90.12366485595703,20.355527877807617,20.091324200913242
25.662,0,-2.508352518081665,-3.9471492767333984,67.83828735351562,-58.92522430419922,-90.1920394897461,20.48021697998047,-2.508352518081665,-2.67032967032967,67.83828735351562,-58.92522430419922,-90.1920394897461,20.48021697998047,20.091324200913242
25.704,0,-2.726729393005371,-4.0635528564453125,67.74517059326172,-58.67974090576172,-90.1722412109375,20.594268798828125,-2.726729393005371,-3.2857142857142856,67.74517059326172,-58.67974090576172,-90.1722412109375,20.594268798828125,20.091324200913242
25.733,0,-2.7472152709960938,-3.767148971557617,67.4705581665039,-58.94187927246094,-90.18487548828125,20.799013137817383,-2.7472152709960938,-3.6373626373626373,67.4705581665039,-58.94187927246094,-90.18487548828125,20.799013137817383,20.091324200913242
25.767,0,-2.510110378265381,-3.027667999267578,67.30165100097656,-59.737205505371094,-90.12640380859375,21.081438064575195,-2.510110378265381,-3.027667999267578,67.30165100097656,-59.737205505371094,-90.12640380859375,21.081438064575195,20.091324200913242
25.810,0,-2.825918674468994,-1.9863109588623047,66.80223846435547,-60.44676208496094,-90.18881225585938,21.281583786010742,-2.825918674468994,-1.9863109588623047,66.80223846435547,-60.44676208496094,-90.18881225585938,21.281583786010742,20.15655577299413
25.840,0,-3.029205322265625,-1.8764781951904297,66.63536834716797,-60.42948913574219,-90.16991424560547,21.382131576538086,-3.029205322265625,-1.8764781951904297,66.63536834716797,-60.42948913574219,-90.16991424560547,21.382131576538086,20.417482061317678
25.872,0,-2.993894577026367,-1.459920883178711,66.3881607055664,-60.838253021240234,-90.17230987548828,21.588878631591797,-2.993894577026367,-1.459920883178711,66.3881607055664,-60.838253021240234,-90.17230987548828,21.588878631591797,20.678408349641224
25.906,0,-2.7459564208984375,-0.4015846252441406,66.19512939453125,-62.03022003173828,-90.13504791259766,21.900096893310547,-2.7459564208984375,-0.40158462524414057,66.19512939453125,-62.03022003173828,-90.13504791259766,21.900096893310547,20.874103065883887
25.939,0,-3.007065773010254,0.5821514129638672,65.75601959228516,-62.6800651550293,-90.17013549804688,22.038869857788086,-3.007065773010254,0.5821514129638672,65.75601959228516,-62.6800651550293,-90.17013549804688,22.038869857788086,21.00456621004566
25.971,0,-3.2083230018615723,-0.4116325378417969,66.09647369384766,-61.86188507080078,-90.14183044433594,21.868610382080078,-3.2083230018615723,-0.41163253784179676,66.09647369384766,-61.86188507080078,-90.14183044433594,21.868610382080078,21.26549249836921
26.007,0,-3.179183006286621,-0.2568035125732422,65.95285034179688,-62.049190521240234,-90.12930297851562,22.061721801757812,-3.179183006286621,-0.2568035125732422,65.95285034179688,-62.049190521240234,-90.12930297851562,22.061721801757812,21.52641878669276
26.040,0,-2.951846122741699,0.6795978546142578,65.81436157226562,-63.118003845214844,-90.09764862060547,22.383821487426758,-2.951846122741699,0.6795978546142578,65.81436157226562,-63.118003845214844,-90.09764862060547,22.383821487426758,21.591650358773645
26.073,0,-3.1969099044799805,1.6673583984375,65.31880950927734,-63.69192123413086,-90.14164733886719,22.53182029724121,-3.1969099044799805,1.6673583984375,65.31880950927734,-63.69192123413086,-90.14164733886719,22.53182029724121,21.65688193085453
26.105,0,-3.4291067123413086,1.6466236114501953,65.2074966430664,-63.48535919189453,-90.12213897705078,22.535579681396484,-3.4291067123413086,1.6466236114501953,65.2074966430664,-63.48535919189453,-90.12213897705078,22.535579681396484,21.65688193085453
26.139,0,-3.5728068351745605,2.5544357299804688,64.75125122070312,-64.27244567871094,-90.14215087890625,22.87897300720215,-3.5728068351745605,2.5544357299804688,64.75125122070312,-64.27244567871094,-90.14215087890625,22.87897300720215,21.91780821917808
26.171,0,-3.406693458557129,3.1119937896728516,64.60468292236328,-64.8599624633789,-90.16177368164062,23.223596572875977,-3.406693458557129,3.1119937896728516,64.60468292236328,-64.8599624633789,-90.16177368164062,23.223596572875977,22.048271363339854
26.205,0,-3.5934786796569824,3.626955032348633,64.33582305908203,-65.10879516601562,-90.21595764160156,23.42679786682129,-3.5934786796569824,3.626955032348633,64.33582305908203,-65.10879516601562,-90.21595764160156,23.42679786682129,22.113502935420744
26.240,0,-3.8355154991149902,3.713979721069336,64.19947052001953,-65.02944946289062,-90.18312072753906,23.520292282104492,-3.8355154991149902,3.713979721069336,64.19947052001953,-65.02944946289062,-90.18312072753906,23.520292282104492,22.439660795825176
26.272,0,-3.8905649185180664,3.8530635833740234,64.00212097167969,-65.07878112792969,-90.21509552001953,23.692733764648438,-3.8905649185180664,3.8530635833740234,64.00212097167969,-65.07878112792969,-90.21509552001953,23.692733764648438,22.765818656229612
26.308,0,-3.805227756500244,3.132112503051758,64.33456420898438,-64.59219360351562,-90.22020721435547,23.757436752319336,-3.805227756500244,3.132112503051758,64.33456420898438,-64.59219360351562,-90.22020721435547,23.757436752319336,23.026744944553162
26.338,0,-4.004736423492432,3.6290340423583984,64.09658813476562,-64.76008605957031,-90.26527404785156,23.949970245361328,-4.004736423492432,3.6290340423583984,64.09658813476562,-64.76008605957031,-90.26527404785156,23.949970245361328,23.15720808871494
26.372,0,-4.027370452880859,3.4817371368408203,64.16622924804688,-64.5962142944336,-90.22020721435547,23.95992088317871,-4.027370452880859,3.4817371368408203,64.16622924804688,-64.5962142944336,-90.22020721435547,23.95992088317871,23.28767123287671
26.413,0,-4.019537925720215,3.3063106536865234,64.1834945678711,-64.59576416015625,-90.250732421875,24.2869873046875,-4.019537925720215,3.3063106536865234,64.1834945678711,-64.59576416015625,-90.250732421875,24.2869873046875,23.418134377038484
26.451,0,-3.863710880279541,2.730764389038086,64.54412078857422,-64.3389663696289,-90.24932098388672,24.447444915771484,-3.863710880279541,2.730764389038086,64.54412078857422,-64.3389663696289,-90.24932098388672,24.447444915771484,23.613829093281147
26.484,0,-4.105348587036133,3.0914173126220703,64.353515625,-64.39799499511719,-90.28304290771484,24.632261276245117,-4.105348587036133,3.0914173126220703,64.353515625,-64.39799499511719,-90.28304290771484,24.632261276245117,23.679060665362034
26.514,0,-4.148217678070068,2.629291534423828,64.58242797851562,-63.991268157958984,-90.20985412597656,24.74944496154785,-4.148217678070068,2.629291534423828,64.58242797851562,-63.991268157958984,-90.20985412597656,24.74944496154785,23.874755381604697
26.548,0,-4.148463726043701,2.6981563568115234,64.48198699951172,-64.06838989257812,-90.2634048461914,25.09758186340332,-4.148463726043701,2.6981563568115234,64.48198699951172,-64.06838989257812,-90.2634048461914,25.09758186340332,24.070450097847356
26.582,0,-4.118610858917236,3.230630874633789,64.42379760742188,-64.66926574707031,-90.30704498291016,25.543052673339844,-4.118610858917236,3.230630874633789,64.42379760742188,-64.66926574707031,-90.30704498291016,25.543052673339844,24.200913242009133
26.613,0,-4.3049774169921875,3.4536380767822266,64.3375473022461,-64.70701599121094,-90.32201385498047,25.814727783203125,-4.3049774169921875,3.4536380767822266,64.3375473022461,-64.70701599121094,-90.32201385498047,25.814727783203125,24.46183953033268
26.647,0,-4.359529972076416,2.780660629272461,64.66092681884766,-64.1790771484375,-90.25428771972656,25.885698318481445,-4.359529972076416,2.780660629272461,64.66092681884766,-64.1790771484375,-90.25428771972656,25.885698318481445,24.722765818656228
26.681,0,-4.3977580070495605,2.8395023345947266,64.56703186035156,-64.3873519897461,-90.30398559570312,26.280277252197266,-4.3977580070495605,2.8395023345947266,64.56703186035156,-64.3873519897461,-90.30398559570312,26.280277252197266,25.048923679060664
26.713,0,-4.093564510345459,3.394563674926758,64.57675170898438,-65.10865783691406,-90.28845977783203,26.719661712646484,-4.093564510345459,3.394563674926758,64.57675170898438,-65.10865783691406,-90.28845977783203,26.719661712646484,25.3750815394651
26.748,0,-4.347034931182861,3.6189517974853516,64.38374328613281,-65.06492614746094,-90.3291244506836,27.058141708374023,-4.347034931182861,3.6189517974853516,64.38374328613281,-65.06492614746094,-90.3291244506836,27.058141708374023,25.505544683626873
26.779,0,-4.285252571105957,3.8839855194091797,64.2380142211914,-65.37667846679688,-90.37876892089844,27.51212501525879,-4.285252571105957,3.8839855194091797,64.2380142211914,-65.37667846679688,-90.37876892089844,27.51212501525879,25.83170254403131
26.817,0,-3.982219696044922,3.964658737182617,64.43450927734375,-65.67149353027344,-90.38460540771484,27.887107849121094,-3.982219696044922,3.964658737182617,64.43450927734375,-65.67149353027344,-90.38460540771484,27.887107849121094,26.22309197651663
26.850,0,-3.6857266426086426,4.221628189086914,64.57240295410156,-66.1031723022461,-90.37388610839844,28.325115203857422,-3.6857266426086426,4.221628189086914,64.57240295410156,-66.1031723022461,-90.37388610839844,28.325115203857422,26.549249836921067
26.881,0,-3.712193489074707,3.7128658294677734,64.82312774658203,-65.68858337402344,-90.29829406738281,28.41742706298828,-3.712193489074707,3.7128658294677734,64.82312774658203,-65.68858337402344,-90.29829406738281,28.41742706298828,26.94063926940639
26.915,0,-3.7180261611938477,3.1120777130126953,65.11030578613281,-65.23297119140625,-90.24158477783203,28.463302612304688,-3.7180261611938477,3.1120777130126953,65.11030578613281,-65.23297119140625,-90.24158477783203,28.463302612304688,27.332028701891716
26.948,0,-3.6718339920043945,3.1760425567626953,65.06098937988281,-65.4053955078125,-90.29724884033203,28.927637100219727,-3.6718339920043945,3.1760425567626953,65.06098937988281,-65.4053955078125,-90.29724884033203,28.927637100219727,27.723418134377038
26.989,0,-3.757279872894287,3.2665767669677734,64.95349884033203,-65.285888671875,-90.36073303222656,29.094066619873047,-3.757279872894287,3.2665767669677734,64.95349884033203,-65.285888671875,-90.36073303222656,29.094066619873047,27.919112850619697
27.019,0,-3.913492202758789,3.5004940032958984,64.83294677734375,-65.32444763183594,-90.4326400756836,29.338306427001953,-3.913492202758789,3.5004940032958984,64.83294677734375,-65.32444763183594,-90.4326400756836,29.338306427001953,28.11480756686236
27.051,0,-3.7974019050598145,3.3357105255126953,64.86830139160156,-65.1325912475586,-90.39884948730469,29.48596954345703,-3.7974019050598145,3.3357105255126953,64.86830139160156,-65.1325912475586,-90.39884948730469,29.48596954345703,28.440965427266796
27.085,0,-3.6190524101257324,3.344724655151367,65.21546936035156,-65.39266967773438,-90.40538024902344,29.972963333129883,-3.6190524101257324,3.344724655151367,65.21546936035156,-65.39266967773438,-90.40538024902344,29.972963333129883,28.701891715590342
27.118,0,-3.403500556945801,3.1966686248779297,65.64598083496094,-65.58062744140625,-90.40569305419922,30.454879760742188,-3.403500556945801,3.1966686248779297,65.64598083496094,-65.58062744140625,-90.40569305419922,30.454879760742188,28.962818003913892
27.150,0,-3.470761299133301,3.013051986694336,65.87237548828125,-65.48170471191406,-90.39302062988281,30.536815643310547,-3.470761299133301,3.013051986694336,65.87237548828125,-65.48170471191406,-90.39302062988281,30.536815643310547,29.158512720156555
27.190,0,-3.554255962371826,3.9221630096435547,65.54924774169922,-66.35678100585938,-90.4234848022461,31.2294921875,-3.554255962371826,3.9221630096435547,65.54924774169922,-66.35678100585938,-90.4234848022461,31.2294921875,29.549902152641877
27.220,0,-3.663217544555664,5.008779525756836,65.18885803222656,-67.3949966430664,-90.45729064941406,32.00876235961914,-3.663217544555664,5.008779525756836,65.18885803222656,-67.3949966430664,-90.45729064941406,32.00876235961914,29.876060013046313
27.259,0,-3.8245081901550293,4.838018417358398,65.25170135498047,-67.17826080322266,-90.54204559326172,32.06714630126953,-3.8245081901550293,4.838018417358398,65.25170135498047,-67.17826080322266,-90.54204559326172,32.06714630126953,30.136986301369863
27.290,0,-3.853084087371826,4.658384323120117,65.38995361328125,-67.01780700683594,-90.54158782958984,32.05268859863281,-3.853084087371826,4.658384323120117,65.38995361328125,-67.01780700683594,-90.54158782958984,32.05268859863281,30.724070450097845
27.326,0,-3.866854667663574,4.235746383666992,65.66950225830078,-66.73526763916016,-90.54544067382812,32.115299224853516,-3.866854667663574,4.235746383666992,65.66950225830078,-66.73526763916016,-90.54544067382812,32.115299224853516,31.245923026744943
27.355,0,-3.7423253059387207,3.7327632904052734,66.2284927368164,-66.6473159790039,-90.56979370117188,32.38939666748047,-3.7423253059387207,3.7327632904052734,66.2284927368164,-66.6473159790039,-90.56979370117188,32.38939666748047,31.506849315068493
27.387,0,-3.8782029151916504,3.5442333221435547,66.28123474121094,-66.4118423461914,-90.62319946289062,32.38322830200195,-3.8782029151916504,3.5442333221435547,66.28123474121094,-66.4118423461914,-90.62319946289062,32.38322830200195,31.637312459230266
27.422,0,-3.857621669769287,3.116575241088867,66.51067352294922,-66.06806945800781,-90.6441879272461,32.25096893310547,-3.857621669769287,3.116575241088867,66.51067352294922,-66.06806945800781,-90.6441879272461,32.25096893310547,31.83300717547293
27.456,0,-4.032445907592773,3.410890579223633,66.4423828125,-66.28121948242188,-90.6622314453125,32.566650390625,-4.032445907592773,3.410890579223633,66.4423828125,-66.28121948242188,-90.6622314453125,32.566650390625,32.02870189171559
27.490,0,-3.9959468841552734,3.064939498901367,66.60448455810547,-65.97492980957031,-90.68555450439453,32.48529815673828,-3.9959468841552734,3.064939498901367,66.60448455810547,-65.97492980957031,-90.68555450439453,32.48529815673828,32.02870189171559
27.522,0,-4.031344890594482,3.709383010864258,66.40519714355469,-66.5106201171875,-90.64251708984375,32.887298583984375,-4.031344890594482,3.709383010864258,66.40519714355469,-66.5106201171875,-90.64251708984375,32.887298583984375,32.093933463796475
27.555,0,-4.098362445831299,3.994649887084961,66.47765350341797,-66.9295654296875,-90.56089782714844,33.51132583618164,-4.098362445831299,3.994649887084961,66.47765350341797,-66.9295654296875,-90.56089782714844,33.51132583618164,32.159165035877365
27.590,0,-4.197141170501709,4.167764663696289,66.53905487060547,-67.04305267333984,-90.56863403320312,33.79172134399414,-4.197141170501709,4.167764663696289,66.53905487060547,-67.04305267333984,-90.56863403320312,33.79172134399414,32.28962818003914
27.622,0,-4.1621222496032715,3.7340145111083984,66.66426086425781,-66.63850402832031,-90.61603546142578,33.62751388549805,-4.1621222496032715,3.7340145111083984,66.66426086425781,-66.63850402832031,-90.61603546142578,33.62751388549805,32.550554468362684
27.655,0,-4.204200267791748,4.038568496704102,66.7746353149414,-67.03196716308594,-90.56505584716797,34.06228256225586,-4.204200267791748,4.038568496704102,66.7746353149414,-67.03196716308594,-90.56505584716797,34.06228256225586,33.00717547292889
27.692,0,-4.377294540405273,4.107091903686523,66.76882934570312,-67.01432800292969,-90.56563568115234,34.300968170166016,-4.377294540405273,4.107091903686523,66.76882934570312,-67.01432800292969,-90.56563568115234,34.300968170166016,33.202870189171556
27.731,0,-4.472938060760498,4.040472030639648,66.92072296142578,-66.91191101074219,-90.58174133300781,34.36091613769531,-4.472938060760498,4.040472030639648,66.92072296142578,-66.91191101074219,-90.58174133300781,34.36091613769531,33.33333333333333
27.760,0,-4.454219341278076,4.465227127075195,66.77661895751953,-67.28567504882812,-90.5496597290039,34.670494079589844,-4.454219341278076,4.465227127075195,66.77661895751953,-67.28567504882812,-90.5496597290039,34.670494079589844,33.724722765818655
27.792,0,-4.479707717895508,5.068399429321289,66.79283905029297,-67.9398422241211,-90.4563217163086,35.277069091796875,-4.479707717895508,5.068399429321289,66.79283905029297,-67.9398422241211,-90.4563217163086,35.277069091796875,33.85518590998043
27.828,0,-4.720411777496338,5.590333938598633,66.61761474609375,-68.25454711914062,-90.43426513671875,35.726104736328125,-4.720411777496338,5.590333938598633,66.61761474609375,-68.25454711914062,-90.43426513671875,35.726104736328125,34.05088062622309
27.858,0,-4.734610557556152,5.326417922973633,66.80722045898438,-68.09965515136719,-90.46443176269531,35.66243362426758,-4.734610557556152,5.326417922973633,66.80722045898438,-68.09965515136719,-90.46443176269531,35.66243362426758,34.31180691454664
27.894,0,-4.869409561157227,5.698148727416992,66.74789428710938,-68.44132232666016,-90.4141616821289,36.0368766784668,-4.869409561157227,5.698148727416992,66.74789428710938,-68.44132232666016,-90.4141616821289,36.0368766784668,34.70319634703196
27.925,0,-4.989997863769531,5.923105239868164,66.94666290283203,-68.71415710449219,-90.32081604003906,36.49266815185547,-4.989997863769531,5.923105239868164,66.94666290283203,-68.71415710449219,-90.32081604003906,36.49266815185547,35.09458577951728
27.959,0,-5.039737224578857,5.833024978637695,67.05867767333984,-68.598388671875,-90.27918243408203,36.71282196044922,-5.039737224578857,5.833024978637695,67.05867767333984,-68.598388671875,-90.27918243408203,36.71282196044922,35.09458577951728
27.993,0,-5.0531415939331055,5.571298599243164,67.23981475830078,-68.39788818359375,-90.30065155029297,36.687599182128906,-5.0531415939331055,5.571298599243164,67.23981475830078,-68.39788818359375,-90.30065155029297,36.687599182128906,35.5512067840835
28.026,0,-5.1405029296875,6.25275993347168,67.01361083984375,-69.03131103515625,-90.2457504272461,37.19378662109375,-5.1405029296875,6.25275993347168,67.01361083984375,-69.03131103515625,-90.2457504272461,37.19378662109375,35.87736464448793
28.060,0,-4.985440731048584,6.797502517700195,67.01593017578125,-69.74698638916016,-90.1129379272461,37.93248748779297,-4.985440731048584,6.797502517700195,67.01593017578125,-69.74698638916016,-90.1129379272461,37.93248748779297,36.07305936073059
28.092,0,-5.191518306732178,7.110204696655273,66.94927978515625,-69.90081787109375,-90.11119842529297,38.27767562866211,-5.191518306732178,7.110204696655273,66.94927978515625,-69.90081787109375,-90.11119842529297,38.27767562866211,36.26875407697325
28.128,0,-5.258794784545898,6.948965072631836,67.05073547363281,-69.74845886230469,-90.106201171875,38.33290100097656,-5.258794784545898,6.948965072631836,67.05073547363281,-69.74845886230469,-90.106201171875,38.33290100097656,36.66014350945858
28.195,0,-5.353096008300781,6.891294479370117,67.19204711914062,-69.79768371582031,-90.09923553466797,38.658103942871094,-5.353096008300781,6.891294479370117,67.19204711914062,-69.79768371582031,-90.09923553466797,38.658103942871094,37.31245923026745
28.223,0,-5.468322277069092,6.85905647277832,67.52947235107422,-69.93717956542969,-90.0417709350586,39.0308952331543,-5.468322277069092,6.85905647277832,67.52947235107422,-69.93717956542969,-90.0417709350586,39.0308952331543,37.76908023483366
28.256,0,-5.582707405090332,6.717790603637695,67.64213562011719,-69.78549194335938,-90.01374816894531,39.151737213134766,-5.582707405090332,6.717790603637695,67.64213562011719,-69.78549194335938,-90.01374816894531,39.151737213134766,37.89954337899543
28.289,0,-5.690554618835449,6.540994644165039,67.6753158569336,-69.58294677734375,-90.00372314453125,39.15386962890625,-5.690554618835449,6.540994644165039,67.6753158569336,-69.58294677734375,-90.00372314453125,39.15386962890625,38.22570123939987
28.324,0,-5.744165897369385,6.387113571166992,67.81596374511719,-69.50215148925781,-90.00057220458984,39.41101837158203,-5.744165897369385,6.387113571166992,67.81596374511719,-69.50215148925781,-90.00057220458984,39.41101837158203,38.551859099804304
28.388,0,-5.6778340339660645,6.483217239379883,68.12043762207031,-69.78207397460938,-89.96940612792969,39.71941375732422,-5.6778340339660645,6.483217239379883,68.12043762207031,-69.78207397460938,-89.96940612792969,39.71941375732422,38.74755381604697
28.418,0,-6.012244701385498,6.507383346557617,68.18622589111328,-69.71515655517578,-89.98326873779297,39.76415252685547,-6.012244701385498,6.507383346557617,68.18622589111328,-69.71515655517578,-89.98326873779297,39.76415252685547,38.87801696020874
28.451,0,-6.065460205078125,6.257322311401367,68.26073455810547,-69.46806335449219,-89.98196411132812,39.70622634887695,-6.065460205078125,6.257322311401367,68.26073455810547,-69.46806335449219,-89.98196411132812,39.70622634887695,39.0737116764514
28.483,0,-6.067979335784912,6.067014694213867,68.39606475830078,-69.39089965820312,-89.96932983398438,39.85029602050781,-6.067979335784912,6.067014694213867,68.39606475830078,-69.39089965820312,-89.96932983398438,39.85029602050781,39.33463796477495
28.517,0,-5.996006965637207,6.328271865844727,68.66593933105469,-69.85958862304688,-89.93490600585938,40.202064514160156,-5.996006965637207,6.328271865844727,68.66593933105469,-69.85958862304688,-89.93490600585938,40.202064514160156,39.33463796477495
28.550,0,-6.2323455810546875,5.98060417175293,68.83428192138672,-69.55744934082031,-89.956787109375,40.12770080566406,-6.2323455810546875,5.98060417175293,68.83428192138672,-69.55744934082031,-89.956787109375,40.12770080566406,39.39986953685584
28.585,0,-6.2048659324646,5.645158767700195,68.89415740966797,-69.26226043701172,-89.96792602539062,40.03231430053711,-6.2048659324646,5.645158767700195,68.89415740966797,-69.26226043701172,-89.96792602539062,40.03231430053711,39.595564253098495
28.617,0,-6.434961795806885,5.646982192993164,68.82760620117188,-69.16423034667969,-89.9984359741211,39.943885803222656,-6.434961795806885,5.646982192993164,68.82760620117188,-69.16423034667969,-89.9984359741211,39.943885803222656,39.79125896934116
28.651,0,-6.388497829437256,5.904478073120117,69.14960479736328,-69.68997192382812,-89.95321655273438,40.30311584472656,-6.388497829437256,5.904478073120117,69.14960479736328,-69.68997192382812,-89.95321655273438,40.30311584472656,39.79125896934116
28.685,0,-6.505682945251465,5.582128524780273,69.26686096191406,-69.38359069824219,-89.99930572509766,40.16478729248047,-6.505682945251465,5.582128524780273,69.26686096191406,-69.38359069824219,-89.99930572509766,40.16478729248047,39.79125896934116
28.717,0,-6.406194686889648,5.166658401489258,69.34198760986328,-69.06365966796875,-90.03030395507812,39.983543395996094,-6.406194686889648,5.166658401489258,69.34198760986328,-69.06365966796875,-90.03030395507812,39.983543395996094,39.79125896934116
28.751,0,-6.621854782104492,4.916765213012695,69.4079818725586,-68.82232666015625,-90.07015991210938,39.818843841552734,-6.621854782104492,4.916765213012695,69.4079818725586,-68.82232666015625,-90.07015991210938,39.818843841552734,39.92172211350293
28.788,0,-6.524509429931641,5.154092788696289,69.59493255615234,-69.20536041259766,-90.06063842773438,40.012943267822266,-6.524509429931641,5.154092788696289,69.59493255615234,-69.20536041259766,-90.06063842773438,40.012943267822266,39.92172211350293
28.818,0,-6.869542121887207,4.603490829467773,69.91670989990234,-68.77326965332031,-90.09957885742188,39.85523223876953,-6.869542121887207,4.603490829467773,69.91670989990234,-68.77326965332031,-90.09957885742188,39.85523223876953,39.92172211350293
28.852,0,-6.767175674438477,4.212282180786133,70.04078674316406,-68.51606750488281,-90.12380981445312,39.639564514160156,-6.767175674438477,4.212282180786133,70.04078674316406,-68.51606750488281,-90.12380981445312,39.639564514160156,39.92172211350293
28.895,0,-7.03969144821167,3.934999465942383,70.2026138305664,-68.3547592163086,-90.15505981445312,39.42180633544922,-7.03969144821167,3.934999465942383,70.2026138305664,-68.3547592163086,-90.15505981445312,39.42180633544922,39.92172211350293
28.931,0,-6.918215751647949,3.9506969451904297,70.46266174316406,-68.53074645996094,-90.15543365478516,39.47637176513672,-6.918215751647949,3.9506969451904297,70.46266174316406,-68.53074645996094,-90.15543365478516,39.47637176513672,39.92172211350293
28.961,0,-7.251688003540039,3.3711414337158203,70.72736358642578,-68.0308609008789,-90.21744537353516,39.198829650878906,-7.251688003540039,3.3711414337158203,70.72736358642578,-68.0308609008789,-90.21744537353516,39.198829650878906,39.92172211350293
28.993,0,-7.128612518310547,2.845609664916992,70.92562866210938,-67.72114562988281,-90.24441528320312,38.884517669677734,-7.128612518310547,2.845609664916992,70.92562866210938,-67.72114562988281,-90.24441528320312,38.884517669677734,39.79125896934116
29.030,0,-7.402300834655762,2.5264034271240234,71.10855865478516,-67.47270202636719,-90.27005767822266,38.597023010253906,-7.402300834655762,2.5264034271240234,71.10855865478516,-67.47270202636719,-90.27005767822266,38.597023010253906,39.79125896934116
29.059,0,-7.648396015167236,2.0758609771728516,71.47590637207031,-67.24404907226562,-90.34168243408203,38.407527923583984,-7.648396015167236,2.0758609771728516,71.47590637207031,-67.24404907226562,-90.34168243408203,38.407527923583984,39.53033268101761
29.130,0,-8.01848316192627,1.4833011627197266,71.80272674560547,-66.74662780761719,-90.386474609375,38.06463623046875,-8.01848316192627,1.4833011627197266,71.80272674560547,-66.74662780761719,-90.386474609375,38.06463623046875,39.26940639269406
29.159,0,-7.937583923339844,0.888031005859375,71.9937973022461,-66.31006622314453,-90.4262466430664,37.60127639770508,-7.937583923339844,0.888031005859375,71.9937973022461,-66.31006622314453,-90.4262466430664,37.60127639770508,38.94324853228962
29.191,0,-7.939884662628174,0.45149803161621094,72.31936645507812,-66.06172180175781,-90.44111633300781,37.24821472167969,-7.939884662628174,0.45149803161621094,72.31936645507812,-66.06172180175781,-90.44111633300781,37.24821472167969,38.74755381604697
29.252,0,-7.9358696937561035,0.32102394104003906,72.62702178955078,-66.12031555175781,-90.45682525634766,37.09330749511719,-7.9358696937561035,0.32102394104003906,72.62702178955078,-66.12031555175781,-90.45682525634766,37.09330749511719,38.42139595564253
29.281,0,-7.960033893585205,-0.365447998046875,72.93061828613281,-65.65674591064453,-90.49285888671875,36.58051681518555,-7.960033893585205,-0.365447998046875,72.93061828613281,-65.65674591064453,-90.49285888671875,36.58051681518555,37.83431180691454
29.313,0,-7.956547737121582,-0.9758148193359375,73.22518920898438,-65.24641418457031,-90.50543975830078,36.262794494628906,-7.956547737121582,-0.9758148193359371,73.22518920898438,-65.24641418457031,-90.50543975830078,36.262794494628906,37.70384866275277
29.347,0,-7.795141220092773,-1.3587512969970703,73.63343811035156,-65.32826232910156,-90.5142593383789,36.15129852294922,-7.795141220092773,-1.3587512969970703,73.63343811035156,-65.32826232910156,-90.5142593383789,36.15129852294922,37.37769080234833
29.388,0,-7.903477668762207,-1.3430194854736328,73.58362579345703,-65.13166809082031,-90.54206848144531,35.77751159667969,-7.903477668762207,-1.3430194854736328,73.58362579345703,-65.13166809082031,-90.54206848144531,35.77751159667969,36.986301369863014
29.417,0,-7.9095377922058105,-2.1944007873535156,73.9403076171875,-64.51907348632812,-90.58246612548828,35.216209411621094,-7.9095377922058105,-2.1944007873535156,73.9403076171875,-64.51907348632812,-90.58246612548828,35.216209411621094,36.66014350945858
29.452,0,-8.00782585144043,-2.9131832122802734,74.25411224365234,-64.0240478515625,-90.60723114013672,34.75029373168945,-8.00782585144043,-2.9131832122802734,74.25411224365234,-64.0240478515625,-90.60723114013672,34.75029373168945,36.464448793215915
29.486,0,-7.879283428192139,-3.1717395782470703,74.5986557006836,-64.03926849365234,-90.60828399658203,34.51873779296875,-7.879283428192139,-3.17173957824707,74.5986557006836,-64.03926849365234,-90.60828399658203,34.51873779296875,36.13829093281148
29.518,0,-7.9530229568481445,-3.612812042236328,74.71499633789062,-63.46895980834961,-90.66458892822266,33.980628967285156,-7.9530229568481445,-3.612812042236328,74.71499633789062,-63.46895980834961,-90.66458892822266,33.980628967285156,35.68166992824527
29.556,0,-8.163304328918457,-4.526872634887695,75.02741241455078,-62.60004425048828,-90.66287994384766,33.36208724975586,-8.163304328918457,-4.526872634887695,75.02741241455078,-62.60004425048828,-90.66287994384766,33.36208724975586,35.22504892367906
29.586,0,-8.225046157836914,-4.989406585693359,75.25767517089844,-62.3044319152832,-90.69149780273438,32.880985260009766,-8.225046157836914,-4.989406585693359,75.25767517089844,-62.3044319152832,-90.69149780273438,32.880985260009766,34.898891063274625
29.619,0,-8.140762329101562,-5.148612976074219,75.50732421875,-62.34093475341797,-90.7095718383789,32.6173095703125,-8.140762329101562,-5.148612976074219,75.50732421875,-62.34093475341797,-90.7095718383789,32.6173095703125,34.44227005870842
29.650,0,-8.24581527709961,-5.367589950561523,75.4820785522461,-61.83570098876953,-90.75312042236328,32.19586181640625,-8.24581527709961,-5.367589950561523,75.4820785522461,-61.83570098876953,-90.75312042236328,32.19586181640625,33.92041748206132
29.684,0,-8.484962463378906,-6.285087585449219,75.76714324951172,-60.91619110107422,-90.72805786132812,31.525920867919922,-8.484962463378906,-6.285087585449219,75.76714324951172,-60.91619110107422,-90.72805786132812,31.525920867919922,33.46379647749511
29.717,0,-8.615168571472168,-6.36724853515625,75.8582534790039,-60.91924285888672,-90.68108367919922,31.286741256713867,-8.615168571472168,-6.36724853515625,75.8582534790039,-60.91924285888672,-90.68108367919922,31.286741256713867,32.94194390084801
29.751,0,-8.524795532226562,-6.421323776245117,76.08741760253906,-61.13679504394531,-90.69009399414062,31.235109329223633,-8.524795532226562,-6.421323776245117,76.08741760253906,-61.13679504394531,-90.69009399414062,31.235109329223633,32.4853228962818
29.784,0,-8.652384757995605,-6.855613708496094,76.04109191894531,-60.39686584472656,-90.7042236328125,30.75046730041504,-8.652384757995605,-6.855613708496094,76.04109191894531,-60.39686584472656,-90.7042236328125,30.75046730041504,32.159165035877365
29.818,0,-8.853282928466797,-7.610645294189453,76.28509521484375,-59.563873291015625,-90.66075897216797,30.207290649414062,-8.853282928466797,-7.610645294189453,76.28509521484375,-59.563873291015625,-90.66075897216797,30.207290649414062,31.702544031311152
29.851,0,-8.99789810180664,-7.737356185913086,76.47348022460938,-59.59547424316406,-90.60633087158203,29.954471588134766,-8.99789810180664,-7.737356185913086,76.47348022460938,-59.59547424316406,-90.60633087158203,29.954471588134766,31.376386170906716
29.886,0,-8.95457649230957,-7.573642730712891,76.55882263183594,-59.97703552246094,-90.59241485595703,30.02037239074707,-8.95457649230957,-7.573642730712891,76.55882263183594,-59.97703552246094,-90.59241485595703,30.02037239074707,31.180691454664057
29.920,0,-9.150286674499512,-7.95494270324707,76.51716613769531,-59.32293701171875,-90.63134002685547,29.634748458862305,-9.150286674499512,-7.95494270324707,76.51716613769531,-59.32293701171875,-90.63134002685547,29.634748458862305,30.78930202217873
29.962,0,-9.357303619384766,-8.822650909423828,76.7522964477539,-58.35680389404297,-90.60993957519531,29.018234252929688,-9.357303619384766,-8.822650909423828,76.7522964477539,-58.35680389404297,-90.60993957519531,29.018234252929688,30.267449445531636
29.991,0,-9.46605396270752,-9.067705154418945,76.94745635986328,-58.27556610107422,-90.54048919677734,28.688282012939453,-9.46605396270752,-9.067705154418945,76.94745635986328,-58.27556610107422,-90.54048919677734,28.688282012939453,30.20221787345075
30.029,0,-9.088066101074219,-8.94357681274414,77.1528091430664,-58.689186096191406,-90.53730773925781,28.640390396118164,-9.088066101074219,-8.94357681274414,77.1528091430664,-58.689186096191406,-90.53730773925781,28.640390396118164,30.071754729288973
30.059,0,-9.250423431396484,-9.591594696044922,77.26316833496094,-57.92637634277344,-90.59514617919922,28.065095901489258,-9.250423431396484,-9.591594696044922,77.26316833496094,-57.92637634277344,-90.59514617919922,28.065095901489258,29.48467058056099
30.092,0,-9.449568748474121,-10.615827560424805,77.51335144042969,-56.78959274291992,-90.55337524414062,27.447322845458984,-9.449568748474121,-10.615827560424805,77.51335144042969,-56.78959274291992,-90.55337524414062,27.447322845458984,29.02804957599478
30.125,0,-9.354975700378418,-11.087137222290039,77.89958953857422,-56.669490814208984,-90.50508117675781,27.04827308654785,-9.354975700378418,-11.087137222290039,77.89958953857422,-56.669490814208984,-90.50508117675781,27.04827308654785,28.83235485975212
30.158,0,-9.277480125427246,-11.129457473754883,78.08296203613281,-56.78968048095703,-90.475830078125,26.956695556640625,-9.277480125427246,-11.129457473754883,78.08296203613281,-56.78968048095703,-90.475830078125,26.956695556640625,28.440965427266796
30.192,0,-9.526728630065918,-11.530632019042969,78.05296325683594,-56.184165954589844,-90.5313491821289,26.549898147583008,-9.526728630065918,-11.530632019042969,78.05296325683594,-56.184165954589844,-90.5313491821289,26.549898147583008,27.85388127853881
30.225,0,-9.45228099822998,-12.401176452636719,78.43505859375,-55.493560791015625,-90.52303314208984,25.824848175048828,-9.45228099822998,-12.401176452636719,78.43505859375,-55.493560791015625,-90.52303314208984,25.824848175048828,27.46249184605349
30.259,0,-9.389835357666016,-12.028118133544922,78.118408203125,-55.7508544921875,-90.4722671508789,25.804534912109375,-9.389835357666016,-12.028118133544922,78.118408203125,-55.7508544921875,-90.4722671508789,25.804534912109375,27.266797129810826
30.294,0,-9.099288940429688,-12.415266036987305,78.45223236083984,-55.666412353515625,-90.46334075927734,25.692230224609375,-9.099288940429688,-12.415266036987305,78.45223236083984,-55.666412353515625,-90.46334075927734,25.692230224609375,26.94063926940639
30.325,0,-9.379505157470703,-12.786197662353516,78.30461120605469,-55.01709747314453,-90.51534271240234,25.454360961914062,-9.379505157470703,-12.786197662353516,78.30461120605469,-55.01709747314453,-90.51534271240234,25.454360961914062,26.48401826484018
30.358,0,-9.317190170288086,-13.67874526977539,78.6424560546875,-54.26744842529297,-90.5218505859375,24.677654266357422,-9.317190170288086,-13.67874526977539,78.6424560546875,-54.26744842529297,-90.5218505859375,24.677654266357422,26.22309197651663
30.393,0,-9.208016395568848,-13.524452209472656,78.33171081542969,-54.31378936767578,-90.51695251464844,24.590267181396484,-9.208016395568848,-13.524452209472656,78.33171081542969,-54.31378936767578,-90.51695251464844,24.590267181396484,25.962165688193085
30.425,0,-8.931514739990234,-13.782675743103027,78.54698181152344,-54.36090087890625,-90.49443054199219,24.46106719970703,-8.931514739990234,-13.782675743103027,78.54698181152344,-54.36090087890625,-90.49443054199219,24.46106719970703,25.701239399869536
30.461,0,-9.213241577148438,-14.398643493652344,78.4340591430664,-53.43336868286133,-90.55169677734375,24.129547119140625,-9.213241577148438,-14.398643493652344,78.4340591430664,-53.43336868286133,-90.55169677734375,24.129547119140625,25.179386823222437
30.492,0,-9.153521537780762,-15.18017292022705,78.5842056274414,-52.55159378051758,-90.54553985595703,23.454936981201172,-9.153521537780762,-15.18017292022705,78.5842056274414,-52.55159378051758,-90.54553985595703,23.454936981201172,24.91846053489889
30.525,0,-8.967307090759277,-15.30430793762207,78.44956970214844,-52.35420227050781,-90.53950500488281,23.293012619018555,-8.967307090759277,-15.30430793762207,78.44956970214844,-52.35420227050781,-90.53950500488281,23.293012619018555,24.65753424657534
30.559,0,-8.70590591430664,-15.313581466674805,78.67131042480469,-52.59918212890625,-90.50885009765625,23.255605697631836,-8.70590591430664,-15.313581466674805,78.67131042480469,-52.59918212890625,-90.50885009765625,23.255605697631836,24.331376386170906
30.592,0,-8.630456924438477,-15.893314361572266,78.80111694335938,-51.74711227416992,-90.52503967285156,22.72631072998047,-8.630456924438477,-15.893314361572266,78.80111694335938,-51.74711227416992,-90.52503967285156,22.72631072998047,23.874755381604697
30.626,0,-8.488286972045898,-16.50587272644043,78.94046020507812,-50.958126068115234,-90.49346160888672,22.214397430419922,-8.488286972045898,-16.50587272644043,78.94046020507812,-50.958126068115234,-90.49346160888672,22.214397430419922,23.679060665362034
30.659,0,-8.336575508117676,-16.523193359375,78.90650939941406,-50.93055725097656,-90.51341247558594,22.095666885375977,-8.336575508117676,-16.523193359375,78.90650939941406,-50.93055725097656,-90.51341247558594,22.095666885375977,23.418134377038484
30.692,0,-8.077957153320312,-16.591636657714844,79.12646484375,-51.00804138183594,-90.47392272949219,22.107873916625977,-8.077957153320312,-16.591636657714844,79.12646484375,-51.00804138183594,-90.47392272949219,22.107873916625977,23.026744944553162
30.759,0,-7.888862133026123,-16.426544189453125,79.07913970947266,-50.964195251464844,-90.46781158447266,21.840974807739258,-7.888862133026123,-16.426544189453125,79.07913970947266,-50.964195251464844,-90.46781158447266,21.840974807739258,22.63535551206784
30.789,0,-7.77249002456665,-17.29882049560547,79.20156860351562,-49.91453552246094,-90.40900421142578,21.54559326171875,-7.77249002456665,-17.29882049560547,79.20156860351562,-49.91453552246094,-90.40900421142578,21.54559326171875,22.309197651663403
30.822,0,-7.685585021972656,-17.141937255859375,78.9891128540039,-49.97157287597656,-90.44404602050781,21.572784423828125,-7.685585021972656,-17.141937255859375,78.9891128540039,-49.97157287597656,-90.44404602050781,21.572784423828125,22.309197651663403
30.854,0,-7.5782060623168945,-16.663249969482422,78.98358154296875,-50.5587158203125,-90.41316223144531,21.772817611694336,-7.5782060623168945,-16.663249969482422,78.98358154296875,-50.5587158203125,-90.41316223144531,21.772817611694336,22.048271363339854
30.888,0,-7.545384883880615,-16.961898803710938,78.94490814208984,-50.13884735107422,-90.43647766113281,21.62059211730957,-7.545384883880615,-16.961898803710938,78.94490814208984,-50.13884735107422,-90.43647766113281,21.62059211730957,21.787345075016308
30.921,0,-7.932613372802734,-16.58379364013672,78.6526107788086,-50.08076477050781,-90.4406967163086,21.614013671875,-7.932613372802734,-16.58379364013672,78.6526107788086,-50.08076477050781,-90.4406967163086,21.614013671875,21.722113502935418
30.955,0,-7.990663051605225,-16.402053833007812,78.42578887939453,-50.186397552490234,-90.50337982177734,21.71701431274414,-7.990663051605225,-16.402053833007812,78.42578887939453,-50.186397552490234,-90.50337982177734,21.71701431274414,21.722113502935418
30.989,0,-7.622808933258057,-16.37836456298828,78.53231048583984,-50.33500671386719,-90.43366241455078,21.781274795532227,-7.622808933258057,-16.37836456298828,78.53231048583984,-50.33500671386719,-90.43366241455078,21.781274795532227,21.722113502935418
31.021,0,-7.648202896118164,-16.34506607055664,78.40503692626953,-50.18128967285156,-90.47361755371094,21.659961700439453,-7.648202896118164,-16.34506607055664,78.40503692626953,-50.18128967285156,-90.47361755371094,21.659961700439453,21.722113502935418
31.056,0,-8.01861572265625,-15.422426223754883,77.95867156982422,-50.606178283691406,-90.50361633300781,21.773914337158203,-8.01861572265625,-15.422426223754883,77.95867156982422,-50.606178283691406,-90.50361633300781,21.773914337158203,21.722113502935418
31.087,0,-8.083123207092285,-15.158454895019531,77.64472961425781,-50.776737213134766,-90.570068359375,21.89337158203125,-8.083123207092285,-15.158454895019531,77.64472961425781,-50.776737213134766,-90.570068359375,21.89337158203125,21.722113502935418
31.121,0,-7.78173303604126,-14.970671653747559,77.73649597167969,-51.09716033935547,-90.51866912841797,21.989612579345703,-7.78173303604126,-14.970671653747559,77.73649597167969,-51.09716033935547,-90.51866912841797,21.989612579345703,21.722113502935418
31.158,0,-7.7809929847717285,-14.97135066986084,77.6189193725586,-50.952857971191406,-90.56439208984375,21.869239807128906,-7.7809929847717285,-14.97135066986084,77.6189193725586,-50.952857971191406,-90.56439208984375,21.869239807128906,21.722113502935418
31.189,0,-7.636679172515869,-15.441163063049316,77.8524398803711,-50.39442443847656,-90.49870300292969,21.59188461303711,-7.636679172515869,-15.441163063049316,77.8524398803711,-50.39442443847656,-90.49870300292969,21.59188461303711,21.722113502935418
31.223,0,-7.72612190246582,-15.155547142028809,77.490234375,-50.514305114746094,-90.55010986328125,21.718036651611328,-7.72612190246582,-15.155547142028809,77.490234375,-50.514305114746094,-90.55010986328125,21.718036651611328,21.722113502935418
31.261,0,-7.9492950439453125,-14.075509071350098,77.28257751464844,-51.53215026855469,-90.54785919189453,22.091650009155273,-7.9492950439453125,-14.075509071350098,77.28257751464844,-51.53215026855469,-90.54785919189453,22.091650009155273,21.65688193085453
31.291,0,-7.925973415374756,-14.216987609863281,77.27806091308594,-51.3454704284668,-90.60469055175781,22.049236297607422,-7.925973415374756,-14.216987609863281,77.27806091308594,-51.3454704284668,-90.60469055175781,22.049236297607422,21.65688193085453
31.321,0,-7.7225341796875,-14.420145988464355,77.35568237304688,-50.965728759765625,-90.52246856689453,21.915538787841797,-7.7225341796875,-14.420145988464355,77.35568237304688,-50.965728759765625,-90.52246856689453,21.915538787841797,21.65688193085453
31.355,0,-7.553905963897705,-13.212461471557617,76.82781219482422,-52.02288055419922,-90.58097839355469,22.232519149780273,-7.553905963897705,-13.212461471557617,76.82781219482422,-52.02288055419922,-90.58097839355469,22.232519149780273,21.787345075016308
31.396,0,-7.225587844848633,-12.952653884887695,76.9281234741211,-52.499813079833984,-90.52674102783203,22.374483108520508,-7.225587844848633,-12.952653884887695,76.9281234741211,-52.499813079833984,-90.52674102783203,22.374483108520508,21.787345075016308
31.427,0,-7.16736364364624,-12.890447616577148,76.8856430053711,-52.431121826171875,-90.52914428710938,22.434871673583984,-7.16736364364624,-12.890447616577148,76.8856430053711,-52.431121826171875,-90.52914428710938,22.434871673583984,21.787345075016308
31.459,0,-7.030570030212402,-12.859128952026367,76.8355484008789,-52.15592956542969,-90.45059967041016,22.431581497192383,-7.030570030212402,-12.859128952026367,76.8355484008789,-52.15592956542969,-90.45059967041016,22.431581497192383,21.91780821917808
31.493,0,-6.820777416229248,-11.602998733520508,76.38898468017578,-53.36487579345703,-90.52189636230469,22.834142684936523,-6.820777416229248,-11.602998733520508,76.38898468017578,-53.36487579345703,-90.52189636230469,22.834142684936523,22.048271363339854
31.526,0,-6.466851234436035,-11.518695831298828,76.57086944580078,-53.73882293701172,-90.4541015625,23.0513916015625,-6.466851234436035,-11.518695831298828,76.57086944580078,-53.73882293701172,-90.4541015625,23.0513916015625,22.048271363339854
31.558,0,-6.358911991119385,-11.345130920410156,76.43571472167969,-53.7257194519043,-90.47293853759766,23.20420265197754,-6.358911991119385,-11.345130920410156,76.43571472167969,-53.7257194519043,-90.47293853759766,23.20420265197754,22.17873450750163
31.593,0,-6.186233997344971,-11.360509872436523,76.38778686523438,-53.51361846923828,-90.44213104248047,23.21993064880371,-6.186233997344971,-11.360509872436523,76.38778686523438,-53.51361846923828,-90.44213104248047,23.21993064880371,22.439660795825176
31.625,0,-6.015273094177246,-9.901744842529297,75.7672119140625,-54.737701416015625,-90.48712921142578,23.689342498779297,-6.015273094177246,-9.901744842529297,75.7672119140625,-54.737701416015625,-90.48712921142578,23.689342498779297,22.63535551206784
31.659,0,-5.931019306182861,-8.465974807739258,75.34552001953125,-56.043575286865234,-90.46733856201172,24.180952072143555,-5.931019306182861,-8.465974807739258,75.34552001953125,-56.043575286865234,-90.46733856201172,24.180952072143555,22.765818656229612
31.693,0,-5.792886257171631,-8.469339370727539,75.31246185302734,-55.842308044433594,-90.40076446533203,24.241342544555664,-5.792886257171631,-8.469339370727539,75.31246185302734,-55.842308044433594,-90.40076446533203,24.241342544555664,22.961513372472275
31.725,0,-5.717380046844482,-6.735065460205078,74.64775085449219,-57.367244720458984,-90.42941284179688,24.802515029907227,-5.717380046844482,-6.735065460205078,74.64775085449219,-57.367244720458984,-90.42941284179688,24.802515029907227,23.28767123287671
31.759,0,-5.952883243560791,-6.423036575317383,74.65132141113281,-57.65913009643555,-90.39131164550781,25.106082916259766,-5.952883243560791,-6.423036575317383,74.65132141113281,-57.65913009643555,-90.39131164550781,25.106082916259766,23.613829093281147
31.794,0,-5.8038787841796875,-6.5989990234375,74.61182403564453,-57.29483413696289,-90.34367370605469,25.26144027709961,-5.8038787841796875,-6.5989990234375,74.61182403564453,-57.29483413696289,-90.34367370605469,25.26144027709961,23.874755381604697
31.825,0,-5.642838478088379,-6.551490783691406,74.49555969238281,-57.077392578125,-90.2890853881836,25.334646224975586,-5.642838478088379,-6.551490783691406,74.49555969238281,-57.077392578125,-90.2890853881836,25.334646224975586,24.26614481409002
31.860,0,-5.886441230773926,-6.685497283935547,74.62674713134766,-56.95606231689453,-90.25720977783203,25.6074275970459,-5.886441230773926,-6.685497283935547,74.62674713134766,-56.95606231689453,-90.25720977783203,25.6074275970459,24.592302674494455
31.892,0,-5.798573017120361,-7.07038688659668,74.7065200805664,-56.57944869995117,-90.2240219116211,25.70041847229004,-5.798573017120361,-7.07038688659668,74.7065200805664,-56.57944869995117,-90.2240219116211,25.70041847229004,24.787997390737115
31.926,0,-5.647968292236328,-7.417173385620117,74.73716735839844,-56.0679931640625,-90.17166137695312,25.703834533691406,-5.647968292236328,-7.417173385620117,74.73716735839844,-56.0679931640625,-90.17166137695312,25.703834533691406,24.91846053489889
31.966,0,-5.903092384338379,-5.492319107055664,73.99435424804688,-57.67529296875,-90.15245819091797,26.294254302978516,-5.903092384338379,-5.492319107055664,73.99435424804688,-57.67529296875,-90.15245819091797,26.294254302978516,25.179386823222437
31.996,0,-5.944144248962402,-5.869604110717773,74.23518371582031,-57.49244689941406,-90.07927703857422,26.485950469970703,-5.944144248962402,-5.869604110717773,74.23518371582031,-57.49244689941406,-90.07927703857422,26.485950469970703,25.309849967384213
32.028,0,-5.77272891998291,-6.669336318969727,74.5081787109375,-56.77462387084961,-90.0339126586914,26.4519100189209,-5.77272891998291,-6.669336318969727,74.5081787109375,-56.77462387084961,-90.0339126586914,26.4519100189209,25.309849967384213
32.060,0,-5.656423091888428,-7.068544387817383,74.52790069580078,-56.201560974121094,-89.9800796508789,26.496416091918945,-5.656423091888428,-7.068544387817383,74.52790069580078,-56.201560974121094,-89.9800796508789,26.496416091918945,25.766470971950422
32.096,0,-5.714476585388184,-6.413553237915039,73.99779510498047,-56.69976043701172,-89.98085021972656,26.927776336669922,-5.714476585388184,-6.413553237915039,73.99779510498047,-56.69976043701172,-89.98085021972656,26.927776336669922,25.962165688193085
32.127,0,-5.80551815032959,-6.5810089111328125,74.21190643310547,-56.75151824951172,-89.94648742675781,27.145763397216797,-5.80551815032959,-6.5810089111328125,74.21190643310547,-56.75151824951172,-89.94648742675781,27.145763397216797,26.027397260273972
32.167,0,-5.717705726623535,-6.56523323059082,74.25740051269531,-56.76167297363281,-89.92694091796875,27.339799880981445,-5.717705726623535,-6.56523323059082,74.25740051269531,-56.76167297363281,-89.92694091796875,27.339799880981445,26.157860404435745
32.195,0,-5.538119316101074,-7.008832931518555,74.37120819091797,-56.255149841308594,-89.87422180175781,27.284217834472656,-5.538119316101074,-7.008832931518555,74.37120819091797,-56.255149841308594,-89.87422180175781,27.284217834472656,26.48401826484018
32.251,0,-5.173243522644043,-5.482707977294922,73.5566635131836,-57.542259216308594,-89.83587646484375,27.94588851928711,-5.173243522644043,-5.482707977294922,73.5566635131836,-57.542259216308594,-89.83587646484375,27.94588851928711,26.74494455316373
32.281,0,-4.867364406585693,-4.372734069824219,73.34395599365234,-58.738956451416016,-89.73979949951172,28.405532836914062,-4.867364406585693,-4.372734069824219,73.34395599365234,-58.738956451416016,-89.73979949951172,28.405532836914062,26.94063926940639
32.314,0,-5.111558437347412,-2.249950408935547,72.5949478149414,-60.414207458496094,-89.76078033447266,28.99051284790039,-5.111558437347412,-2.249950408935547,72.5949478149414,-60.414207458496094,-89.76078033447266,28.99051284790039,26.94063926940639
32.351,0,-4.937222480773926,-2.4173507690429688,72.59754943847656,-60.091705322265625,-89.70606231689453,29.129375457763672,-4.937222480773926,-2.4173507690429688,72.59754943847656,-60.091705322265625,-89.70606231689453,29.129375457763672,27.397260273972602
32.379,0,-4.555726051330566,-0.5128402709960938,71.74127960205078,-61.79302978515625,-89.66542053222656,29.78917121887207,-4.555726051330566,-0.5128402709960938,71.74127960205078,-61.79302978515625,-89.66542053222656,29.78917121887207,27.85388127853881
32.414,0,-4.2130608558654785,0.10280799865722656,71.69322204589844,-62.55826187133789,-89.5552749633789,30.248088836669922,-4.2130608558654785,0.10280799865722656,71.69322204589844,-62.55826187133789,-89.5552749633789,30.248088836669922,28.31050228310502
32.449,0,-4.1971330642700195,1.4891376495361328,71.08543395996094,-63.5659294128418,-89.48170471191406,30.784622192382812,-4.1971330642700195,1.489137649536133,71.08543395996094,-63.5659294128418,-89.48170471191406,30.784622192382812,28.636660143509456
32.481,0,-4.005026340484619,1.6605415344238281,70.90113067626953,-63.481475830078125,-89.41845703125,30.984590530395508,-4.005026340484619,1.660541534423828,70.90113067626953,-63.481475830078125,-89.41845703125,30.984590530395508,29.158512720156555
32.517,0,-3.696835994720459,4.061357498168945,69.95170593261719,-65.55452728271484,-89.37076568603516,31.731929779052734,-3.696835994720459,4.061357498168945,69.95170593261719,-65.55452728271484,-89.37076568603516,31.731929779052734,29.615133724722764
32.581,0,-3.8310742378234863,5.29383659362793,69.60830688476562,-66.64476013183594,-89.30048370361328,32.403076171875,-3.8310742378234863,5.29383659362793,69.60830688476562,-66.64476013183594,-89.30048370361328,32.403076171875,30.071754729288973
32.611,0,-3.7331981658935547,4.82499885559082,69.70317077636719,-66.13301086425781,-89.27101135253906,32.369834899902344,-3.7331981658935547,4.82499885559082,69.70317077636719,-66.13301086425781,-89.27101135253906,32.369834899902344,30.85453359425962
32.644,0,-3.3758740425109863,5.68830680847168,69.24240112304688,-66.83545684814453,-89.25959777832031,32.839237213134766,-3.3758740425109863,5.68830680847168,69.24240112304688,-66.83545684814453,-89.25959777832031,32.839237213134766,31.245923026744943
32.681,0,-3.4162659645080566,6.543867111206055,69.01878356933594,-67.65186309814453,-89.19258880615234,33.4244499206543,-3.4162659645080566,6.543867111206055,69.01878356933594,-67.65186309814453,-89.19258880615234,33.4244499206543,31.637312459230266
32.744,0,-3.279025077819824,6.574132919311523,68.86266326904297,-67.43135070800781,-89.14026641845703,33.65723419189453,-3.279025077819824,6.574132919311523,68.86266326904297,-67.43135070800781,-89.14026641845703,33.65723419189453,31.898238747553815
32.774,0,-3.0055298805236816,9.089349746704102,67.83265686035156,-69.45002746582031,-89.09451293945312,34.431800842285156,-3.0055298805236816,9.089349746704102,67.83265686035156,-69.45002746582031,-89.09451293945312,34.431800842285156,32.74624918460535
32.807,0,-3.302494525909424,11.130884170532227,67.03717803955078,-71.18960571289062,-89.04910278320312,35.308441162109375,-3.302494525909424,11.130884170532227,67.03717803955078,-71.18960571289062,-89.04910278320312,35.308441162109375,32.94194390084801
32.839,0,-3.318686008453369,10.708314895629883,67.15130615234375,-70.74369812011719,-89.04733276367188,35.43689727783203,-3.318686008453369,10.708314895629883,67.15130615234375,-70.74369812011719,-89.04733276367188,35.43689727783203,33.202870189171556
32.872,0,-3.356271266937256,10.25828742980957,67.42708587646484,-70.43229675292969,-89.04680633544922,35.52879333496094,-3.356271266937256,10.25828742980957,67.42708587646484,-70.43229675292969,-89.04680633544922,35.52879333496094,33.85518590998043
32.912,0,-2.937575340270996,11.607805252075195,66.67236328125,-71.34700775146484,-89.01396179199219,36.15660095214844,-2.937575340270996,11.607805252075195,66.67236328125,-71.34700775146484,-89.01396179199219,36.15660095214844,34.5075016307893
32.945,0,-3.3259620666503906,12.04808235168457,66.51739501953125,-71.85989379882812,-89.04395294189453,36.71660232543945,-3.3259620666503906,12.04808235168457,66.51739501953125,-71.85989379882812,-89.04395294189453,36.71660232543945,34.833659491193735
32.973,0,-3.2519521713256836,12.091154098510742,66.50074005126953,-71.80404663085938,-88.99516296386719,36.93671417236328,-3.2519521713256836,12.091154098510742,66.50074005126953,-71.80404663085938,-88.99516296386719,36.93671417236328,35.09458577951728
33.015,0,-3.181796073913574,11.739431381225586,66.50122833251953,-71.28607177734375,-88.940185546875,37.084739685058594,-3.181796073913574,11.739431381225586,66.50122833251953,-71.28607177734375,-88.940185546875,37.084739685058594,35.5512067840835
33.046,0,-2.9705162048339844,12.217493057250977,66.10736846923828,-71.53077697753906,-88.89649200439453,37.534549713134766,-2.9705162048339844,12.217493057250977,66.10736846923828,-71.53077697753906,-88.89649200439453,37.534549713134766,36.07305936073059
33.081,0,-3.372511386871338,13.919595718383789,65.44065856933594,-72.97575378417969,-88.86245727539062,38.48368835449219,-3.372511386871338,13.919595718383789,65.44065856933594,-72.97575378417969,-88.86245727539062,38.48368835449219,36.399217221135025
33.147,0,-3.8445258140563965,15.16096305847168,64.88892364501953,-73.84436798095703,-88.85193634033203,39.206085205078125,-3.8445258140563965,15.16096305847168,64.88892364501953,-73.84436798095703,-88.85193634033203,39.206085205078125,36.66014350945858
33.178,0,-3.7405457496643066,15.28364372253418,64.77273559570312,-73.7890625,-88.79751586914062,39.60971450805664,-3.7405457496643066,15.28364372253418,64.77273559570312,-73.7890625,-88.79751586914062,39.60971450805664,37.573385518590996
33.217,0,-3.278263568878174,16.13536262512207,64.10250854492188,-74.16552734375,-88.6947250366211,40.245025634765625,-3.278263568878174,16.13536262512207,64.10250854492188,-74.16552734375,-88.6947250366211,40.245025634765625,37.96477495107632
33.256,0,-2.828187942504883,15.967161178588867,64.0559310913086,-74.03057861328125,-88.52459716796875,40.712284088134766,-2.828187942504883,15.967161178588867,64.0559310913086,-74.03057861328125,-88.52459716796875,40.712284088134766,38.551859099804304
33.285,0,-2.668775796890259,16.28538703918457,63.82526779174805,-74.13739013671875,-88.49565887451172,41.22543716430664,-2.668775796890259,16.28538703918457,63.82526779174805,-74.13739013671875,-88.49565887451172,41.22543716430664,39.138943248532286
33.318,0,-2.4889347553253174,15.913240432739258,63.97548294067383,-73.78144836425781,-88.42771911621094,41.4356689453125,-2.4889347553253174,15.913240432739258,63.97548294067383,-73.78144836425781,-88.42771911621094,41.4356689453125,39.53033268101761
33.359,0,-1.9084525108337402,16.526498794555664,63.46458435058594,-74.10247802734375,-88.3401107788086,42.01947021484375,-1.9084525108337402,16.526498794555664,63.46458435058594,-74.10247802734375,-88.3401107788086,42.01947021484375,40.11741682974559
33.391,0,-1.4406254291534424,16.685400009155273,63.365535736083984,-74.30774688720703,-88.21184539794922,42.68581008911133,-1.4406254291534424,16.685400009155273,63.365535736083984,-74.30774688720703,-88.21184539794922,42.68581008911133,40.5740378343118
33.421,0,-1.159682273864746,16.548891067504883,63.462745666503906,-74.25508117675781,-88.12574768066406,43.08761978149414,-1.159682273864746,16.548891067504883,63.462745666503906,-74.25508117675781,-88.12574768066406,43.08761978149414,40.90019569471624
33.455,0,-1.0172374248504639,16.550798416137695,63.38014221191406,-74.00535583496094,-88.07538604736328,43.565521240234375,-1.0172374248504639,16.550798416137695,63.38014221191406,-74.00535583496094,-88.07538604736328,43.565521240234375,41.35681669928245
33.489,0,-0.48646092414855957,18.026865005493164,62.41714096069336,-74.843505859375,-88.00199127197266,44.43242645263672,-0.48646092414855957,18.026865005493164,62.41714096069336,-74.843505859375,-88.00199127197266,44.43242645263672,41.943900848010436
33.521,0,-0.19948190450668335,17.863569259643555,62.42238235473633,-74.75184631347656,-87.85858917236328,45.037513732910156,-0.19948190450668335,17.863569259643555,62.42238235473633,-74.75184631347656,-87.85858917236328,45.037513732910156,42.465753424657535
33.553,0,-0.7588450908660889,17.750967025756836,62.39605712890625,-74.43132019042969,-87.89107513427734,45.23827362060547,-0.7588450908660889,17.750967025756836,62.39605712890625,-74.43132019042969,-87.89107513427734,45.23827362060547,42.922374429223744
33.588,0,-0.7137037515640259,17.51487922668457,62.34409713745117,-73.99220275878906,-87.85375213623047,45.456298828125,-0.7137037515640259,17.51487922668457,62.34409713745117,-73.99220275878906,-87.85375213623047,45.456298828125,43.70515329419439
33.624,0,-0.02972012758255005,18.875913619995117,61.35434341430664,-74.69049835205078,-87.73829650878906,46.36412048339844,-0.02972012758255005,18.875913619995117,61.35434341430664,-74.69049835205078,-87.73829650878906,46.36412048339844,44.29223744292237
33.654,0,-0.04825234413146973,19.104097366333008,61.03534698486328,-74.63601684570312,-87.64701843261719,47.128204345703125,-0.04825234413146973,19.104097366333008,61.03534698486328,-74.63601684570312,-87.64701843261719,47.128204345703125,44.61839530332681
33.689,0,-0.1449229121208191,19.951337814331055,60.498634338378906,-75.01173400878906,-87.63571166992188,47.86480712890625,-0.1449229121208191,19.951337814331055,60.498634338378906,-75.01173400878906,-87.63571166992188,47.86480712890625,44.94455316373124
33.724,0,-0.10316306352615356,20.150781631469727,60.18246841430664,-74.72354125976562,-87.61971282958984,48.14595031738281,-0.10316306352615356,20.150781631469727,60.18246841430664,-74.72354125976562,-87.61971282958984,48.14595031738281,45.662100456621005
33.756,0,-0.5870598554611206,20.1077938079834,60.16820526123047,-74.6496810913086,-87.65028381347656,48.15279769897461,-0.5870598554611206,20.1077938079834,60.16820526123047,-74.6496810913086,-87.65028381347656,48.15279769897461,46.37964774951076
33.788,0,-0.4490095376968384,19.873544692993164,60.27458190917969,-74.54457092285156,-87.6376953125,48.38726806640625,-0.4490095376968384,19.873544692993164,60.27458190917969,-74.54457092285156,-87.6376953125,48.38726806640625,47.03196347031963
33.821,0,-0.5868630409240723,20.25279426574707,60.01294708251953,-74.59941864013672,-87.67221069335938,48.82463073730469,-0.5868630409240723,20.25279426574707,60.01294708251953,-74.59941864013672,-87.67221069335938,48.82463073730469,47.42335290280496
33.854,0,-0.5322972536087036,19.9393253326416,60.25645065307617,-74.39156341552734,-87.58563232421875,48.584346771240234,-0.5322972536087036,19.9393253326416,60.25645065307617,-74.39156341552734,-87.58563232421875,48.584346771240234,47.61904761904761
33.893,0,-1.135642647743225,20.59202003479004,60.039737701416016,-75.03006744384766,-87.64203643798828,49.00605773925781,-1.135642647743225,20.59202003479004,60.039737701416016,-75.03006744384766,-87.64203643798828,49.00605773925781,47.94520547945205
33.923,0,-1.2593806982040405,20.410829544067383,60.256595611572266,-75.06770324707031,-87.6067886352539,49.28063201904297,-1.2593806982040405,20.410829544067383,60.256595611572266,-75.06770324707031,-87.6067886352539,49.28063201904297,48.2061317677756
33.958,0,-1.4173197746276855,20.680391311645508,60.11878967285156,-75.08419799804688,-87.60529327392578,49.71830749511719,-1.4173197746276855,20.680391311645508,60.11878967285156,-75.08419799804688,-87.60529327392578,49.71830749511719,48.2061317677756
33.988,0,-1.3139221668243408,20.472299575805664,60.257476806640625,-74.9342041015625,-87.5380630493164,49.47526931762695,-1.3139221668243408,20.472299575805664,60.257476806640625,-74.9342041015625,-87.5380630493164,49.47526931762695,48.53228962818004
34.024,0,-1.8285107612609863,20.941457748413086,60.046470642089844,-75.337158203125,-87.60779571533203,49.70030212402344,-1.8285107612609863,20.941457748413086,60.046470642089844,-75.337158203125,-87.60779571533203,49.70030212402344,48.858447488584474
34.055,0,-1.9715641736984253,20.681184768676758,60.283233642578125,-75.30206298828125,-87.62225341796875,49.816650390625,-1.9715641736984253,20.681184768676758,60.283233642578125,-75.30206298828125,-87.62225341796875,49.816650390625,49.11937377690802
34.098,0,-2.200042963027954,20.823278427124023,60.15892791748047,-75.19483184814453,-87.65210723876953,50.11241912841797,-2.200042963027954,20.823278427124023,60.15892791748047,-75.19483184814453,-87.65210723876953,50.11241912841797,49.11937377690802
34.129,0,-2.2810349464416504,20.704679489135742,60.33598327636719,-75.1727294921875,-87.64087677001953,49.805198669433594,-2.2810349464416504,20.704679489135742,60.33598327636719,-75.1727294921875,-87.64087677001953,49.805198669433594,49.24983692106979
34.162,0,-2.775026321411133,20.707529067993164,60.40167999267578,-75.27284240722656,-87.71742248535156,49.798988342285156,-2.775026321411133,20.707529067993164,60.40167999267578,-75.27284240722656,-87.71742248535156,49.798988342285156,49.445531637312456
34.193,0,-2.888526439666748,20.490110397338867,60.593475341796875,-75.2281494140625,-87.7147445678711,50.03619384765625,-2.888526439666748,20.490110397338867,60.593475341796875,-75.2281494140625,-87.7147445678711,50.03619384765625,49.57599478147423
34.225,0,-3.090522289276123,20.626916885375977,60.44541931152344,-75.06356811523438,-87.73117065429688,50.324256896972656,-3.090522289276123,20.626916885375977,60.44541931152344,-75.06356811523438,-87.73117065429688,50.324256896972656,49.64122635355512
34.266,0,-2.5754263401031494,20.77536964416504,60.113677978515625,-74.98135375976562,-87.6561279296875,50.4163703918457,-2.5754263401031494,20.77536964416504,60.113677978515625,-74.98135375976562,-87.6561279296875,50.4163703918457,49.64122635355512
34.297,0,-2.7136876583099365,20.508901596069336,60.327301025390625,-74.8931884765625,-87.62987518310547,50.775230407714844,-2.7136876583099365,20.508901596069336,60.327301025390625,-74.8931884765625,-87.62987518310547,50.775230407714844,49.83692106979778
34.328,0,-2.2805120944976807,20.630834579467773,60.08027648925781,-74.76507568359375,-87.58734893798828,50.706787109375,-2.2805120944976807,20.630834579467773,60.08027648925781,-74.76507568359375,-87.58734893798828,50.706787109375,49.967384213959555
34.362,0,-2.1919121742248535,20.514707565307617,60.13383483886719,-74.59426879882812,-87.56199645996094,50.55103302001953,-2.1919121742248535,20.514707565307617,60.13383483886719,-74.59426879882812,-87.56199645996094,50.55103302001953,50.09784735812133
34.396,0,-1.5866018533706665,20.833261489868164,59.68030548095703,-74.63994598388672,-87.47577667236328,50.732208251953125,-1.5866018533706665,20.833261489868164,59.68030548095703,-74.63994598388672,-87.47577667236328,50.732208251953125,50.293542074364
34.427,0,-1.6146626472473145,20.710779190063477,59.743465423583984,-74.52003479003906,-87.41268920898438,51.17908477783203,-1.6146626472473145,20.710779190063477,59.743465423583984,-74.52003479003906,-87.41268920898438,51.17908477783203,50.293542074364
34.465,0,-1.1953402757644653,20.82193946838379,59.49812316894531,-74.36225891113281,-87.36077880859375,51.19407272338867,-1.1953402757644653,20.82193946838379,59.49812316894531,-74.36225891113281,-87.36077880859375,51.19407272338867,50.293542074364
34.499,0,-1.2856059074401855,20.76979637145996,59.50299072265625,-74.23255920410156,-87.32899475097656,51.06071472167969,-1.2856059074401855,20.76979637145996,59.50299072265625,-74.23255920410156,-87.32899475097656,51.06071472167969,50.42400521852577
34.529,0,-0.7713202238082886,20.980562210083008,59.13218688964844,-74.16918182373047,-87.2373046875,51.359130859375,-0.7713202238082886,20.980562210083008,59.13218688964844,-74.16918182373047,-87.2373046875,51.359130859375,50.7501630789302
34.564,0,-0.14960157871246338,20.896089553833008,59.187381744384766,-74.20881652832031,-87.10026550292969,51.81661605834961,-0.14960157871246338,20.896089553833008,59.187381744384766,-74.20881652832031,-87.10026550292969,51.81661605834961,50.81539465101109
34.596,0,0.3183943033218384,21.083288192749023,58.828697204589844,-74.02838897705078,-87.03656005859375,52.001922607421875,0.3183943033218384,21.083288192749023,58.828697204589844,-74.02838897705078,-87.03656005859375,52.001922607421875,50.88062622309197
34.637,0,0.36550724506378174,21.015260696411133,58.847877502441406,-73.84104919433594,-86.97900390625,51.907379150390625,0.36550724506378174,21.015260696411133,58.847877502441406,-73.84104919433594,-86.97900390625,51.907379150390625,51.011089367253746
34.668,0,0.43376827239990234,21.321672439575195,58.64716339111328,-74.11515045166016,-86.92231750488281,52.31782531738281,0.43376827239990234,21.321672439575195,58.64716339111328,-74.11515045166016,-86.92231750488281,52.31782531738281,51.40247879973907
34.699,0,0.901714563369751,21.149812698364258,58.66938018798828,-74.01826477050781,-86.8021240234375,52.78169250488281,0.9017145633697511,21.149812698364258,58.66938018798828,-74.01826477050781,-86.8021240234375,52.78169250488281,51.598173515981735
34.735,0,1.3990875482559204,21.330747604370117,58.338748931884766,-73.84667205810547,-86.7337646484375,52.7647590637207,1.3990875482559204,21.330747604370117,58.338748931884766,-73.84667205810547,-86.7337646484375,52.7647590637207,51.598173515981735
34.765,0,1.4366728067398071,21.246225357055664,58.29972839355469,-73.5904541015625,-86.67460632324219,52.64332962036133,1.4366728067398071,21.246225357055664,58.29972839355469,-73.5904541015625,-86.67460632324219,52.64332962036133,51.98956294846706
34.805,0,1.7624627351760864,21.76140785217285,57.89611053466797,-73.88436889648438,-86.58077239990234,52.98737716674805,1.7624627351760864,21.76140785217285,57.89611053466797,-73.88436889648438,-86.58077239990234,52.98737716674805,52.25048923679061
34.835,0,1.2879945039749146,21.56138038635254,58.12068176269531,-73.77630615234375,-86.5867691040039,52.949188232421875,1.2879945039749146,21.56138038635254,58.12068176269531,-73.77630615234375,-86.5867691040039,52.949188232421875,52.25048923679061
34.868,0,1.7179964780807495,21.695585250854492,57.8926887512207,-73.61482238769531,-86.51899719238281,53.0155029296875,1.7179964780807495,21.695585250854492,57.8926887512207,-73.61482238769531,-86.51899719238281,53.0155029296875,52.25048923679061
34.903,0,1.787110447883606,21.605623245239258,57.85980987548828,-73.36328125,-86.46466064453125,52.863197326660156,1.787110447883606,21.605623245239258,57.85980987548828,-73.36328125,-86.46466064453125,52.863197326660156,52.51141552511416
34.933,0,1.5211628675460815,21.714200973510742,57.664424896240234,-73.29784393310547,-86.44743347167969,52.77486038208008,1.5211628675460815,21.714200973510742,57.664424896240234,-73.29784393310547,-86.44743347167969,52.77486038208008,52.707110241356816
34.968,0,1.0805248022079468,21.51030921936035,57.92451477050781,-73.23750305175781,-86.47577667236328,52.686737060546875,1.0805248022079468,21.51030921936035,57.92451477050781,-73.23750305175781,-86.47577667236328,52.686737060546875,52.772341813437706
35.010,0,1.2048016786575317,21.64646339416504,57.6094970703125,-72.96568298339844,-86.47898864746094,52.69536590576172,1.2048016786575317,21.64646339416504,57.6094970703125,-72.96568298339844,-86.47898864746094,52.69536590576172,52.772341813437706
35.041,0,1.199285864830017,21.587949752807617,57.63209915161133,-72.78944396972656,-86.44126892089844,52.549232482910156,1.199285864830017,21.587949752807617,57.63209915161133,-72.78944396972656,-86.44126892089844,52.549232482910156,52.772341813437706
35.071,0,0.9083161354064941,21.651750564575195,57.416690826416016,-72.62179565429688,-86.4432601928711,52.457611083984375,0.9083161354064941,21.651750564575195,57.416690826416016,-72.62179565429688,-86.4432601928711,52.457611083984375,52.772341813437706
35.106,0,1.5119911432266235,21.494298934936523,57.469757080078125,-72.67240905761719,-86.36507415771484,52.63337707519531,1.5119911432266235,21.494298934936523,57.469757080078125,-72.67240905761719,-86.36507415771484,52.63337707519531,52.772341813437706
35.141,0,1.5064383745193481,21.606416702270508,57.297264099121094,-72.5208969116211,-86.36312103271484,52.53669357299805,1.5064383745193481,21.606416702270508,57.297264099121094,-72.5208969116211,-86.36312103271484,52.53669357299805,52.772341813437706
35.175,0,1.5581034421920776,21.516592025756836,57.290130615234375,-72.33491516113281,-86.34325408935547,52.29244613647461,1.5581034421920776,21.516592025756836,57.290130615234375,-72.33491516113281,-86.34325408935547,52.29244613647461,52.772341813437706
35.238,0,1.2629610300064087,21.608057022094727,57.074825286865234,-72.21382904052734,-86.33744812011719,52.20464324951172,1.2629610300064087,21.608057022094727,57.074825286865234,-72.21382904052734,-86.33744812011719,52.20464324951172,52.772341813437706
35.269,0,0.8509551286697388,21.293195724487305,57.380340576171875,-72.10572814941406,-86.40648651123047,52.02556610107422,0.8509551286697388,21.293195724487305,57.380340576171875,-72.10572814941406,-86.40648651123047,52.02556610107422,52.707110241356816
35.300,0,0.8594937324523926,21.31026268005371,57.20417022705078,-71.83992004394531,-86.41304016113281,51.909034729003906,0.8594937324523926,21.31026268005371,57.20417022705078,-71.83992004394531,-86.41304016113281,51.909034729003906,52.64187866927593
35.336,0,1.1530073881149292,21.2777042388916,57.10009002685547,-71.667236328125,-86.39585876464844,51.65562438964844,1.1530073881149292,21.2777042388916,57.10009002685547,-71.667236328125,-86.39585876464844,51.65562438964844,52.64187866927593
35.397,0,1.1607648134231567,21.16325569152832,57.073326110839844,-71.41824340820312,-86.33409118652344,51.645450592041016,1.1607648134231567,21.16325569152832,57.073326110839844,-71.41824340820312,-86.33409118652344,51.645450592041016,52.38095238095239
35.428,0,0.7310956716537476,20.913198471069336,57.40531539916992,-71.38340759277344,-86.41669464111328,51.41249084472656,0.7310956716537476,20.913198471069336,57.40531539916992,-71.38340759277344,-86.41669464111328,51.41249084472656,52.054794520547944
35.460,0,1.2536793947219849,21.5583553314209,56.8520393371582,-71.46737670898438,-86.3533935546875,51.66261291503906,1.2536793947219849,21.5583553314209,56.8520393371582,-71.46737670898438,-86.3533935546875,51.66261291503906,51.92433137638617
35.506,0,1.4921032190322876,21.4720516204834,56.801082611083984,-71.23926544189453,-86.34577941894531,51.38945388793945,1.4921032190322876,21.4720516204834,56.801082611083984,-71.23926544189453,-86.34577941894531,51.38945388793945,51.85909980430529
35.538,0,1.8071304559707642,21.65852165222168,56.46253967285156,-71.23455810546875,-86.31478118896484,51.466217041015625,1.8071304559707642,21.65852165222168,56.46253967285156,-71.23455810546875,-86.31478118896484,51.466217041015625,51.85909980430529
35.567,0,1.3835002183914185,21.46015739440918,56.76768493652344,-71.2513427734375,-86.37728881835938,51.245086669921875,1.3835002183914185,21.46015739440918,56.76768493652344,-71.2513427734375,-86.37728881835938,51.245086669921875,51.85909980430529
35.609,0,1.5637294054031372,21.433443069458008,56.66175842285156,-71.02069091796875,-86.4027328491211,51.01637268066406,1.5637294054031372,21.433443069458008,56.66175842285156,-71.02069091796875,-86.4027328491211,51.01637268066406,51.79386823222439
35.641,0,1.6274513006210327,21.40372657775879,56.56989288330078,-70.82136535644531,-86.40708923339844,50.719295501708984,1.6274513006210327,21.40372657775879,56.56989288330078,-70.82136535644531,-86.40708923339844,50.719295501708984,51.66340508806262
35.676,0,1.919737458229065,22.020341873168945,56.03065490722656,-71.14886474609375,-86.36946868896484,50.864898681640625,1.919737458229065,22.020341873168945,56.03065490722656,-71.14886474609375,-86.36946868896484,50.864898681640625,51.46771037181996
35.707,0,1.491578221321106,21.710771560668945,56.36524200439453,-71.03715515136719,-86.4636459350586,50.49354553222656,1.491578221321106,21.710771560668945,56.36524200439453,-71.03715515136719,-86.4636459350586,50.49354553222656,51.33724722765819
35.739,0,1.7894436120986938,21.706823348999023,56.175323486328125,-70.76499938964844,-86.47432708740234,50.218505859375,1.7894436120986938,21.706823348999023,56.175323486328125,-70.76499938964844,-86.47432708740234,50.218505859375,51.141552511415526
35.775,0,1.9603468179702759,21.739770889282227,56.08221435546875,-70.68763732910156,-86.47400665283203,49.86023712158203,1.9603468179702759,21.739770889282227,56.08221435546875,-70.68763732910156,-86.47400665283203,49.86023712158203,51.07632093933464
35.805,0,1.5465627908706665,21.355222702026367,56.45445251464844,-70.53045654296875,-86.57327270507812,49.4647331237793,1.5465627908706665,21.355222702026367,56.45445251464844,-70.53045654296875,-86.57327270507812,49.4647331237793,50.88062622309197
35.842,0,1.9125500917434692,21.2708797454834,56.254493713378906,-70.191162109375,-86.58656311035156,49.149452209472656,1.9125500917434692,21.2708797454834,56.254493713378906,-70.191162109375,-86.58656311035156,49.149452209472656,50.554468362687544
35.873,0,2.121608257293701,21.254606246948242,56.13800048828125,-70.00677490234375,-86.58655548095703,48.605384826660156,2.121608257293701,21.254606246948242,56.13800048828125,-70.00677490234375,-86.58655548095703,48.605384826660156,50.2283105022831
35.908,0,1.7683600187301636,21.870668411254883,55.8235969543457,-70.37571716308594,-86.61639404296875,48.58479309082031,1.7683600187301636,21.870668411254883,55.8235969543457,-70.37571716308594,-86.61639404296875,48.58479309082031,49.902152641878665
35.940,0,1.3279072046279907,21.488229751586914,56.29517364501953,-70.34143829345703,-86.72564697265625,48.08290100097656,1.3279072046279907,21.488229751586914,56.29517364501953,-70.34143829345703,-86.72564697265625,48.08290100097656,49.510763209393346
35.972,0,1.7016936540603638,21.440122604370117,56.02392578125,-69.97332763671875,-86.74888610839844,47.737144470214844,1.7016936540603638,21.440122604370117,56.02392578125,-69.97332763671875,-86.74888610839844,47.737144470214844,49.11937377690802
36.009,0,1.9761863946914673,21.38237953186035,55.856292724609375,-69.68826293945312,-86.71885681152344,47.238033294677734,1.9761863946914673,21.38237953186035,55.856292724609375,-69.68826293945312,-86.71885681152344,47.238033294677734,48.858447488584474
36.040,0,1.620026707649231,21.57314109802246,55.78465270996094,-69.81643676757812,-86.78533172607422,46.880149841308594,1.620026707649231,21.57314109802246,55.78465270996094,-69.81643676757812,-86.78533172607422,46.880149841308594,48.46705805609915
36.073,0,1.5607942342758179,21.319608688354492,56.16008758544922,-69.90467071533203,-86.8300552368164,46.46497344970703,1.5607942342758179,21.319608688354492,56.16008758544922,-69.90467071533203,-86.8300552368164,46.46497344970703,48.14090019569471
36.107,0,2.0158987045288086,21.225419998168945,56.026763916015625,-69.59010314941406,-86.80567169189453,46.024383544921875,2.0158987045288086,21.225419998168945,56.026763916015625,-69.59010314941406,-86.80567169189453,46.024383544921875,47.74951076320939
36.140,0,1.6777738332748413,21.324872970581055,55.98196792602539,-69.66433715820312,-86.86898803710938,45.62371826171875,1.6777738332748413,21.324872970581055,55.98196792602539,-69.66433715820312,-86.86898803710938,45.62371826171875,47.29288975864318
36.185,0,1.7375761270523071,20.86829948425293,56.39813995361328,-69.59561920166016,-86.92390441894531,45.11177062988281,1.7375761270523071,20.86829948425293,56.39813995361328,-69.59561920166016,-86.92390441894531,45.11177062988281,46.90150032615786
36.216,0,1.5004674196243286,20.538095474243164,56.750244140625,-69.61416625976562,-87.00385284423828,44.33170700073242,1.5004674196243286,20.538095474243164,56.750244140625,-69.61416625976562,-87.00385284423828,44.33170700073242,46.37964774951076
36.250,0,1.1184343099594116,20.90056800842285,56.513458251953125,-69.79517364501953,-87.06136322021484,44.140464782714844,1.1184343099594116,20.90056800842285,56.513458251953125,-69.79517364501953,-87.06136322021484,44.140464782714844,46.053489889106324
36.282,0,1.3737910985946655,20.688077926635742,56.817596435546875,-69.97991180419922,-87.0579833984375,43.80821990966797,1.3737910985946655,20.688077926635742,56.817596435546875,-69.97991180419922,-87.0579833984375,43.80821990966797,45.596868884540115
36.313,0,1.0726696252822876,20.36604118347168,57.200679779052734,-70.02607727050781,-87.16043853759766,42.95564651489258,1.0726696252822876,20.36604118347168,57.200679779052734,-70.02607727050781,-87.16043853759766,42.95564651489258,45.00978473581213
36.351,0,1.4022992849349976,20.079195022583008,57.35932922363281,-69.83528137207031,-87.17202758789062,42.14463424682617,1.4022992849349976,20.079195022583008,57.35932922363281,-69.83528137207031,-87.17202758789062,42.14463424682617,44.61839530332681
36.381,0,1.0420671701431274,19.924135208129883,57.376182556152344,-69.66134643554688,-87.26087188720703,41.677024841308594,1.0420671701431274,19.924135208129883,57.376182556152344,-69.66134643554688,-87.26087188720703,41.677024841308594,44.22700587084149
36.416,0,0.9636635780334473,19.321596145629883,57.92869567871094,-69.59452819824219,-87.34529113769531,40.9594841003418,0.9636635780334473,19.321596145629883,57.92869567871094,-69.59452819824219,-87.34529113769531,40.9594841003418,43.574690150032616
36.450,0,0.7339155673980713,18.885976791381836,58.385738372802734,-69.60845947265625,-87.47373962402344,40.000335693359375,0.7339155673980713,18.885976791381836,58.385738372802734,-69.60845947265625,-87.47373962402344,40.000335693359375,42.857142857142854
36.482,0,1.2649766206741333,18.578649520874023,58.45808410644531,-69.35050964355469,-87.4966049194336,39.150917053222656,1.2649766206741333,18.578649520874023,58.45808410644531,-69.35050964355469,-87.4966049194336,39.150917053222656,42.27005870841487
36.522,0,0.88581383228302,18.20622444152832,58.68328857421875,-69.14771270751953,-87.6024169921875,38.56471633911133,0.88581383228302,18.20622444152832,58.68328857421875,-69.14771270751953,-87.6024169921875,38.56471633911133,41.617742987606
36.554,0,0.8169770240783691,17.61297035217285,59.25643539428711,-69.07774353027344,-87.71070098876953,37.817726135253906,0.8169770240783691,17.61297035217285,59.25643539428711,-69.07774353027344,-87.71070098876953,37.817726135253906,40.704500978473575
36.585,0,0.5939245223999023,17.10601234436035,59.74449920654297,-69.02470397949219,-87.83611297607422,36.77479553222656,0.5939245223999023,17.10601234436035,59.74449920654297,-69.02470397949219,-87.83611297607422,36.77479553222656,40.05218525766471
36.619,0,0.2640625238418579,16.911836624145508,59.835227966308594,-68.92008972167969,-87.98554992675781,36.250770568847656,0.2640625238418579,16.911836624145508,59.835227966308594,-68.92008972167969,-87.98554992675781,36.250770568847656,39.39986953685584
36.652,0,-0.18777614831924438,16.344709396362305,60.427391052246094,-68.84017944335938,-88.14794921875,35.590511322021484,-0.18777614831924438,16.344709396362305,60.427391052246094,-68.84017944335938,-88.14794921875,35.590511322021484,38.617090671885194
36.685,0,-0.45892569422721863,15.708181381225586,60.917545318603516,-68.60299682617188,-88.28372192382812,34.562461853027344,-0.45892569422721863,15.708181381225586,60.917545318603516,-68.60299682617188,-88.28372192382812,34.562461853027344,37.76908023483366
36.721,0,-0.09405732154846191,15.192861557006836,61.21018981933594,-68.28977966308594,-88.35271453857422,33.71220016479492,-0.09405732154846191,15.192861557006836,61.21018981933594,-68.28977966308594,-88.35271453857422,33.71220016479492,37.0515329419439
36.753,0,-0.40864846110343933,14.751386642456055,61.3359375,-67.9419174194336,-88.51704406738281,33.20561218261719,-0.4086484611034393,14.751386642456055,61.3359375,-67.9419174194336,-88.51704406738281,33.20561218261719,36.33398564905414
36.786,0,-0.8781326413154602,14.108541488647461,61.95219421386719,-67.80026245117188,-88.67916870117188,32.585079193115234,-0.8781326413154602,14.108541488647461,61.95219421386719,-67.80026245117188,-88.67916870117188,32.585079193115234,35.48597521200261
36.822,0,-0.5163402557373047,13.33765983581543,62.32154846191406,-67.3594970703125,-88.75514221191406,31.735546112060547,-0.5163402557373047,13.33765983581543,62.32154846191406,-67.3594970703125,-88.75514221191406,31.735546112060547,34.70319634703196
36.852,0,-0.7396283745765686,12.679494857788086,62.92613220214844,-67.23104095458984,-88.89653015136719,30.626296997070312,-0.7396283745765686,12.802197802197803,62.92613220214844,-67.23104095458984,-88.89653015136719,30.626296997070312,34.11611219830398
36.888,0,-1.0505436658859253,12.369729995727539,63.08308792114258,-67.09066009521484,-89.07332611083984,30.193906784057617,-1.0505436658859253,12.369729995727539,63.08308792114258,-67.09066009521484,-89.07332611083984,30.193906784057617,33.46379647749511
36.919,0,-1.4929289817810059,11.302919387817383,63.958152770996094,-66.70698547363281,-89.29349517822266,29.387235641479492,-1.4929289817810059,11.571428571428573,63.958152770996094,-66.70698547363281,-89.29349517822266,29.387235641479492,32.615786040443574
36.953,0,-1.0881929397583008,10.506891250610352,64.34306335449219,-66.22562408447266,-89.35542297363281,28.564151763916016,-1.0881929397583008,11.043956043956044,64.34306335449219,-66.22562408447266,-89.35542297363281,28.564151763916016,31.702544031311152
36.987,0,-1.386832594871521,9.70958137512207,64.89128112792969,-65.91963195800781,-89.49806213378906,27.487144470214844,-1.386832594871521,10.340659340659341,64.89128112792969,-65.91963195800781,-89.49806213378906,27.487144470214844,31.05022831050228
37.020,0,-1.800926685333252,10.004766464233398,64.8215103149414,-66.26704406738281,-89.65157318115234,27.176284790039062,-1.800926685333252,10.004766464233398,64.8215103149414,-66.26704406738281,-89.65157318115234,27.176284790039062,30.332681017612522
37.052,0,-2.3086867332458496,9.261106491088867,65.52558898925781,-66.18521881103516,-89.85283660888672,26.645736694335938,-2.3086867332458496,9.261106491088867,65.52558898925781,-66.18521881103516,-89.85283660888672,26.645736694335938,29.48467058056099
37.086,0,-2.0038342475891113,8.185827255249023,66.03897094726562,-65.43130493164062,-89.91830444335938,26.015079498291016,-2.0038342475891113,8.582417582417582,66.03897094726562,-65.43130493164062,-89.91830444335938,26.015079498291016,28.636660143509456
37.121,0,-1.9637147188186646,7.275285720825195,66.70133209228516,-65.03153991699219,-90.03388977050781,25.10011863708496,-1.9637147188186646,8.054945054945055,66.70133209228516,-65.03153991699219,-90.03388977050781,25.10011863708496,28.049575994781474
37.154,0,-1.6574366092681885,7.889997482299805,66.4366455078125,-65.53541564941406,-90.18222045898438,25.03516960144043,-1.6574366092681885,7.889997482299805,66.4366455078125,-65.53541564941406,-90.18222045898438,25.03516960144043,27.397260273972602
37.185,0,-1.760019302368164,8.436826705932617,66.4160385131836,-66.22685241699219,-90.18624877929688,25.23746109008789,-1.760019302368164,8.436826705932617,66.4160385131836,-66.22685241699219,-90.18624877929688,25.23746109008789,26.810176125244617
37.221,0,-2.044830560684204,7.914190292358398,66.59190368652344,-65.72822570800781,-90.2334213256836,25.174535751342773,-2.044830560684204,7.914190292358398,66.59190368652344,-65.72822570800781,-90.2334213256836,25.174535751342773,26.157860404435745
37.252,0,-2.1172919273376465,7.885133743286133,66.68660736083984,-65.57815551757812,-90.23540496826172,25.141759872436523,-2.1172919273376465,7.885133743286133,66.68660736083984,-65.57815551757812,-90.23540496826172,25.141759872436523,25.896934116112195
37.286,0,-2.070056200027466,7.773599624633789,66.8363265991211,-65.58837890625,-90.28738403320312,25.181650161743164,-2.070056200027466,7.773599624633789,66.8363265991211,-65.58837890625,-90.28738403320312,25.181650161743164,25.83170254403131
37.319,0,-1.9752174615859985,6.361051559448242,67.4657974243164,-64.7111587524414,-90.33036041259766,25.0976505279541,-1.9752174615859985,6.361051559448242,67.4657974243164,-64.7111587524414,-90.33036041259766,25.0976505279541,25.701239399869536
37.354,0,-1.952818751335144,5.21171760559082,68.12321472167969,-63.926170349121094,-90.34764099121094,25.012819290161133,-1.952818751335144,6.208791208791208,68.12321472167969,-63.926170349121094,-90.34764099121094,25.012819290161133,25.570776255707763
37.388,0,-2.273670196533203,4.77522087097168,68.65444946289062,-63.99486541748047,-90.3843994140625,25.052045822143555,-2.273670196533203,5.5054945054945055,68.65444946289062,-63.99486541748047,-90.3843994140625,25.052045822143555,25.570776255707763
37.423,0,-1.8875330686569214,3.864748001098633,69.10147094726562,-63.441532135009766,-90.37109375,24.99224090576172,-1.8875330686569214,4.8901098901098905,69.10147094726562,-63.441532135009766,-90.37109375,24.99224090576172,25.505544683626873
37.457,0,-1.7546398639678955,2.9242687225341797,69.64140319824219,-63.0716438293457,-90.37439727783203,25.0289306640625,-1.7546398639678955,4.186813186813186,69.64140319824219,-63.0716438293457,-90.37439727783203,25.0289306640625,25.505544683626873
37.489,0,-1.7119574546813965,2.1141834259033203,70.07492065429688,-62.48097610473633,-90.38275146484375,24.925310134887695,-1.7119574546813965,3.571428571428571,70.07492065429688,-62.48097610473633,-90.38275146484375,24.925310134887695,25.505544683626873
37.523,0,-1.849762201309204,2.006275177001953,70.26067352294922,-62.637107849121094,-90.40803527832031,25.05229949951172,-1.849762201309204,2.8681318681318677,70.26067352294922,-62.637107849121094,-90.40803527832031,25.05229949951172,25.505544683626873
37.557,0,-1.8805716037750244,0.9631881713867188,70.67896270751953,-61.894287109375,-90.42616271972656,24.90523910522461,-1.8805716037750244,2.164835164835165,70.67896270751953,-61.894287109375,-90.42616271972656,24.90523910522461,25.505544683626873
37.592,0,-1.605800986289978,0.33571434020996094,70.95109558105469,-61.616764068603516,-90.38751220703125,24.94502067565918,-1.605800986289978,1.5494505494505493,70.95109558105469,-61.616764068603516,-90.38751220703125,24.94502067565918,25.505544683626873
37.623,0,-1.9802027940750122,-0.62164306640625,71.49645233154297,-60.994239807128906,-90.45719909667969,24.799631118774414,-1.9802027940750122,0.9340659340659343,71.49645233154297,-60.994239807128906,-90.45719909667969,24.799631118774414,25.505544683626873
37.657,0,-1.930789589881897,-0.34514808654785156,71.45519256591797,-61.27766418457031,-90.41905975341797,24.944910049438477,-1.930789589881897,0.31868131868131844,71.45519256591797,-61.27766418457031,-90.41905975341797,24.944910049438477,25.440313111545986
37.690,0,-1.9077085256576538,0.32895469665527344,71.26667022705078,-61.941097259521484,-90.43451690673828,25.16718101501465,-1.9077085256576538,0.32895469665527344,71.26667022705078,-61.941097259521484,-90.43451690673828,25.16718101501465,25.3750815394651
37.723,0,-1.6172386407852173,0.5770931243896484,71.41845703125,-62.444091796875,-90.36640930175781,25.302968978881836,-1.6172386407852173,0.5770931243896484,71.41845703125,-62.444091796875,-90.36640930175781,25.302968978881836,25.244618395303327
37.756,0,-1.8836078643798828,1.180124282836914,71.17693328857422,-62.79399108886719,-90.30268859863281,25.317106246948242,-1.8836078643798828,1.180124282836914,71.17693328857422,-62.79399108886719,-90.30268859863281,25.317106246948242,25.244618395303327
37.797,0,-1.9241846799850464,1.0170536041259766,71.34019470214844,-62.722537994384766,-90.26309204101562,25.286745071411133,-1.9241846799850464,1.0170536041259766,71.34019470214844,-62.722537994384766,-90.26309204101562,25.286745071411133,25.244618395303327
37.827,0,-1.799330711364746,2.1439971923828125,70.970703125,-63.69222640991211,-90.31292724609375,25.458824157714844,-1.799330711364746,2.1439971923828125,70.970703125,-63.69222640991211,-90.31292724609375,25.458824157714844,25.244618395303327
37.859,0,-2.1488466262817383,0.31736183166503906,72.06291961669922,-62.77391815185547,-90.35301971435547,25.163084030151367,-2.1488466262817383,0.31736183166503906,72.06291961669922,-62.77391815185547,-90.35301971435547,25.163084030151367,25.244618395303327
37.893,0,-1.9824485778808594,0.0208587646484375,72.08788299560547,-62.31965255737305,-90.28482055664062,25.01874542236328,-1.9824485778808594,0.0208587646484375,72.08788299560547,-62.31965255737305,-90.28482055664062,25.01874542236328,25.244618395303327
37.927,0,-2.135458469390869,0.4875469207763672,72.07100677490234,-62.78742599487305,-90.25518798828125,25.013412475585938,-2.135458469390869,0.4875469207763672,72.07100677490234,-62.78742599487305,-90.25518798828125,25.013412475585938,25.244618395303327
37.960,0,-1.9592230319976807,1.1984577178955078,71.88555145263672,-63.62332534790039,-90.24346160888672,25.18775177001953,-1.9592230319976807,1.1984577178955078,71.88555145263672,-63.62332534790039,-90.24346160888672,25.18775177001953,25.244618395303327
37.993,0,-2.2977023124694824,-0.5199432373046875,72.7225112915039,-62.543880462646484,-90.28878021240234,24.95895767211914,-2.2977023124694824,-0.5199432373046875,72.7225112915039,-62.543880462646484,-90.28878021240234,24.95895767211914,25.244618395303327
38.026,0,-2.0837512016296387,-0.32139015197753906,72.55474853515625,-62.460567474365234,-90.19416046142578,24.85810089111328,-2.0837512016296387,-0.32139015197753906,72.55474853515625,-62.460567474365234,-90.19416046142578,24.85810089111328,25.244618395303327
38.060,0,-2.1384778022766113,-0.8835906982421875,72.7118911743164,-61.92656326293945,-90.1628646850586,24.59332275390625,-2.1384778022766113,-0.8835906982421875,72.7118911743164,-61.92656326293945,-90.1628646850586,24.59332275390625,25.244618395303327
38.093,0,-2.0617685317993164,0.23372650146484375,72.34686279296875,-63.024314880371094,-90.16590118408203,24.839401245117188,-2.0617685317993164,0.23372650146484375,72.34686279296875,-63.024314880371094,-90.16590118408203,24.839401245117188,25.244618395303327
38.127,0,-2.3466238975524902,-1.5172386169433594,73.20996856689453,-61.90602111816406,-90.18067932128906,24.593162536621094,-2.3466238975524902,-1.5172386169433594,73.20996856689453,-61.90602111816406,-90.18067932128906,24.593162536621094,25.244618395303327
38.162,0,-2.069383382797241,-1.1215438842773438,73.01644134521484,-62.054935455322266,-90.14274597167969,24.461334228515625,-2.069383382797241,-1.1215438842773438,73.01644134521484,-62.054935455322266,-90.14274597167969,24.461334228515625,25.11415525114155
38.193,0,-2.244471549987793,-1.5086040496826172,73.1812973022461,-61.74085235595703,-90.13957214355469,24.12653350830078,-2.244471549987793,-1.5086040496826167,73.1812973022461,-61.74085235595703,-90.13957214355469,24.12653350830078,25.11415525114155
38.229,0,-1.8160414695739746,-0.3382091522216797,72.85270690917969,-62.92182159423828,-90.11150360107422,24.26207733154297,-1.8160414695739746,-0.3382091522216797,72.85270690917969,-62.92182159423828,-90.11150360107422,24.26207733154297,25.048923679060664
38.258,0,-2.137490749359131,-2.1365222930908203,73.70865631103516,-61.798789978027344,-90.15603637695312,24.056116104125977,-2.137490749359131,-2.13652229309082,73.70865631103516,-61.798789978027344,-90.15603637695312,24.056116104125977,24.853228962818
38.292,0,-1.9243435859680176,-2.9457244873046875,74.02350616455078,-61.17201232910156,-90.12303161621094,23.790708541870117,-1.9243435859680176,-2.8461538461538463,74.02350616455078,-61.17201232910156,-90.12303161621094,23.790708541870117,24.722765818656228
38.327,0,-1.585798740386963,-3.1863670349121094,74.04814910888672,-60.96159744262695,-90.08732604980469,23.648681640625,-1.585798740386963,-3.10989010989011,74.04814910888672,-60.96159744262695,-90.08732604980469,23.648681640625,24.65753424657534
38.361,0,-1.377776861190796,-1.8409442901611328,73.70477294921875,-62.332252502441406,-90.10643768310547,23.85108184814453,-1.377776861190796,-1.8409442901611328,73.70477294921875,-62.332252502441406,-90.10643768310547,23.85108184814453,24.46183953033268
38.392,0,-1.7467143535614014,-3.545042037963867,74.50852966308594,-61.248863220214844,-90.12139129638672,23.70842170715332,-1.7467143535614014,-3.545042037963867,74.50852966308594,-61.248863220214844,-90.12139129638672,23.70842170715332,24.26614481409002
38.426,0,-1.749794363975525,-4.58830451965332,75.01124572753906,-60.537872314453125,-90.08724212646484,23.557483673095703,-1.749794363975525,-4.252747252747253,75.01124572753906,-60.537872314453125,-90.08724212646484,23.557483673095703,24.200913242009133
38.460,0,-1.4032690525054932,-4.879983901977539,75.02182006835938,-60.261474609375,-90.04070281982422,23.469221115112305,-1.4032690525054932,-4.516483516483516,75.02182006835938,-60.261474609375,-90.04070281982422,23.469221115112305,24.200913242009133
38.494,0,-1.5112147331237793,-4.495576858520508,74.89282989501953,-60.80522155761719,-90.09384155273438,23.737245559692383,-1.5112147331237793,-4.495576858520508,74.89282989501953,-60.80522155761719,-90.09384155273438,23.737245559692383,24.200913242009133
38.526,0,-1.5719900131225586,-4.261262893676758,74.79907989501953,-61.24601745605469,-90.1410903930664,23.964515686035156,-1.5719900131225586,-4.261262893676758,74.79907989501953,-61.24601745605469,-90.1410903930664,23.964515686035156,24.135681669928243
38.560,0,-1.6531152725219727,-4.958337783813477,75.05659484863281,-60.705894470214844,-90.08748626708984,23.904695510864258,-1.6531152725219727,-4.958337783813477,75.05659484863281,-60.705894470214844,-90.08748626708984,23.904695510864258,24.070450097847356
38.594,0,-1.6581521034240723,-4.265935897827148,74.8274917602539,-61.38471221923828,-90.10083770751953,24.23513412475586,-1.6581521034240723,-4.265935897827148,74.8274917602539,-61.38471221923828,-90.10083770751953,24.23513412475586,24.070450097847356
38.661,0,-1.6250829696655273,-3.967649459838867,74.66039276123047,-61.69333267211914,-90.11231231689453,24.51091766357422,-1.6250829696655273,-3.967649459838867,74.66039276123047,-61.69333267211914,-90.11231231689453,24.51091766357422,24.070450097847356
38.691,0,-1.8230994939804077,-5.07696533203125,75.14929962158203,-60.90519714355469,-90.10189056396484,24.37637710571289,-1.8230994939804077,-5.07696533203125,75.14929962158203,-60.90519714355469,-90.10189056396484,24.37637710571289,24.070450097847356
38.721,0,-1.7703578472137451,-5.737615585327148,75.33679962158203,-60.283470153808594,-90.05876922607422,24.304344177246094,-1.7703578472137451,-5.737615585327148,75.33679962158203,-60.283470153808594,-90.05876922607422,24.304344177246094,24.070450097847356
38.756,0,-1.9161458015441895,-4.274381637573242,74.96272277832031,-61.633995056152344,-90.08958435058594,24.687150955200195,-1.9161458015441895,-4.274381637573242,74.96272277832031,-61.633995056152344,-90.08958435058594,24.687150955200195,24.070450097847356
38.789,0,-2.0079565048217773,-3.651815414428711,74.71652221679688,-62.3495979309082,-90.13445281982422,25.057477951049805,-2.0079565048217773,-3.651815414428711,74.71652221679688,-62.3495979309082,-90.13445281982422,25.057477951049805,24.070450097847356
38.823,0,-1.9846078157424927,-4.245893478393555,74.925537109375,-61.80388259887695,-90.07593536376953,25.031354904174805,-1.9846078157424927,-4.245893478393555,74.925537109375,-61.80388259887695,-90.07593536376953,25.031354904174805,24.070450097847356
38.854,0,-1.9130574464797974,-3.4509105682373047,74.656005859375,-62.59512710571289,-90.08280944824219,25.358827590942383,-1.9130574464797974,-3.4509105682373047,74.656005859375,-62.59512710571289,-90.08280944824219,25.358827590942383,24.331376386170906
38.890,0,-1.979658842086792,-3.0812301635742188,74.48336791992188,-63.100135803222656,-90.10941314697266,25.715675354003906,-1.979658842086792,-3.0812301635742188,74.48336791992188,-63.100135803222656,-90.10941314697266,25.715675354003906,24.527071102413565
38.923,0,-2.1002769470214844,-4.174715042114258,74.96720886230469,-62.30631637573242,-90.07415771484375,25.669010162353516,-2.1002769470214844,-4.174715042114258,74.96720886230469,-62.30631637573242,-90.07415771484375,25.669010162353516,24.65753424657534
38.956,0,-2.0674095153808594,-5.5054931640625,75.36027526855469,-61.112060546875,-90.01615142822266,25.571748733520508,-2.0674095153808594,-5.5054931640625,75.36027526855469,-61.112060546875,-90.01615142822266,25.571748733520508,24.91846053489889
38.989,0,-1.9703280925750732,-4.42772102355957,75.02765655517578,-62.17823791503906,-90.04515075683594,25.992902755737305,-1.9703280925750732,-4.42772102355957,75.02765655517578,-62.17823791503906,-90.04515075683594,25.992902755737305,25.179386823222437
39.024,0,-2.038440704345703,-4.080326080322266,74.7435531616211,-62.54926300048828,-90.10379028320312,26.420875549316406,-2.038440704345703,-4.080326080322266,74.7435531616211,-62.54926300048828,-90.10379028320312,26.420875549316406,25.244618395303327
39.058,0,-2.342850923538208,-5.005094528198242,75.07515716552734,-61.737518310546875,-90.08334350585938,26.350732803344727,-2.342850923538208,-5.005094528198242,75.07515716552734,-61.737518310546875,-90.08334350585938,26.350732803344727,25.244618395303327
39.089,0,-2.7079882621765137,-5.86143684387207,75.3744888305664,-60.99052810668945,-90.03597259521484,26.32716178894043,-2.7079882621765137,-5.86143684387207,75.3744888305664,-60.99052810668945,-90.03597259521484,26.32716178894043,25.505544683626873
39.123,0,-2.6715168952941895,-4.822486877441406,74.99618530273438,-62.002132415771484,-90.05326843261719,26.7685604095459,-2.6715168952941895,-4.822486877441406,74.99618530273438,-62.002132415771484,-90.05326843261719,26.7685604095459,25.83170254403131
39.156,0,-2.3612678050994873,-5.099695205688477,75.2265853881836,-61.767578125,-89.991943359375,26.91931915283203,-2.3612678050994873,-5.099695205688477,75.2265853881836,-61.767578125,-89.991943359375,26.91931915283203,25.896934116112195
39.192,0,-2.013981819152832,-5.6591033935546875,75.5303726196289,-61.28258514404297,-89.93566131591797,26.985109329223633,-2.013981819152832,-5.6591033935546875,75.5303726196289,-61.28258514404297,-89.93566131591797,26.985109329223633,26.027397260273972
39.236,0,-2.3119773864746094,-6.59004020690918,75.84210968017578,-60.49580764770508,-89.9153060913086,26.895893096923828,-2.3119773864746094,-6.59004020690918,75.84210968017578,-60.49580764770508,-89.9153060913086,26.895893096923828,26.28832354859752
39.265,0,-2.936367988586426,-6.519733428955078,75.43460083007812,-60.32941436767578,-90.00011444091797,27.1989803314209,-2.936367988586426,-6.519733428955078,75.43460083007812,-60.32941436767578,-90.00011444091797,27.1989803314209,26.48401826484018
39.296,0,-3.584052562713623,-6.377985000610352,75.02066040039062,-60.26839065551758,-90.0671157836914,27.628278732299805,-3.584052562713623,-6.377985000610352,75.02066040039062,-60.26839065551758,-90.0671157836914,27.628278732299805,26.48401826484018
39.331,0,-3.945779800415039,-7.242801666259766,75.32453155517578,-59.51038360595703,-90.07380676269531,27.585845947265625,-3.945779800415039,-7.242801666259766,75.32453155517578,-59.51038360595703,-90.07380676269531,27.585845947265625,26.614481409001954
39.369,0,-3.852015972137451,-7.996265411376953,75.52581787109375,-58.82625198364258,-90.00957489013672,27.658538818359375,-3.852015972137451,-7.996265411376953,75.52581787109375,-58.82625198364258,-90.00957489013672,27.658538818359375,26.875407697325503
39.398,0,-3.7729835510253906,-8.580850601196289,75.63977813720703,-58.245975494384766,-89.96945190429688,27.759723663330078,-3.7729835510253906,-8.56043956043956,75.63977813720703,-58.245975494384766,-89.96945190429688,27.759723663330078,27.136333985649053
39.434,0,-4.042755126953125,-7.807292938232422,75.26152801513672,-59.01366424560547,-90.02853393554688,28.343799591064453,-4.042755126953125,-7.807292938232422,75.26152801513672,-59.01366424560547,-90.02853393554688,28.343799591064453,27.20156555772994
39.464,0,-4.020932197570801,-8.570844650268555,75.48303985595703,-58.29859924316406,-89.9933090209961,28.505733489990234,-4.020932197570801,-8.570844650268555,75.48303985595703,-58.29859924316406,-89.9933090209961,28.505733489990234,27.266797129810826
39.499,0,-3.985046863555908,-9.405067443847656,75.76387786865234,-57.537818908691406,-89.96796417236328,28.663543701171875,-3.985046863555908,-9.405067443847656,75.76387786865234,-57.537818908691406,-89.96796417236328,28.663543701171875,27.397260273972602
39.532,0,-4.130913257598877,-7.889677047729492,75.30607604980469,-58.996826171875,-89.94248962402344,29.2841796875,-4.130913257598877,-7.889677047729492,75.30607604980469,-58.996826171875,-89.94248962402344,29.2841796875,27.85388127853881
39.564,0,-4.370208740234375,-6.718595504760742,74.9013900756836,-60.13197326660156,-90.0100326538086,29.985450744628906,-4.370208740234375,-6.718595504760742,74.9013900756836,-60.13197326660156,-90.0100326538086,29.985450744628906,28.049575994781474
39.612,0,-4.3173370361328125,-6.947460174560547,75.1084976196289,-59.847694396972656,-90.01380920410156,29.99483871459961,-4.3173370361328125,-6.947460174560547,75.1084976196289,-59.847694396972656,-90.01380920410156,29.99483871459961,28.180039138943247
39.641,0,-4.41549825668335,-6.837587356567383,75.14441680908203,-59.83327102661133,-89.8969497680664,30.277206420898438,-4.41549825668335,-6.837587356567383,75.14441680908203,-59.83327102661133,-89.8969497680664,30.277206420898438,28.767123287671232
39.676,0,-4.714098930358887,-5.500896453857422,74.71104431152344,-61.148956298828125,-89.8858871459961,30.93288803100586,-4.714098930358887,-5.500896453857422,74.71104431152344,-61.148956298828125,-89.8858871459961,30.93288803100586,29.158512720156555
39.708,0,-5.032444953918457,-4.793798446655273,74.43280792236328,-61.88455581665039,-89.9533920288086,31.58953094482422,-5.032444953918457,-4.793798446655273,74.43280792236328,-61.88455581665039,-89.9533920288086,31.58953094482422,29.419439008480104
39.740,0,-5.1283769607543945,-5.215822219848633,74.72362518310547,-61.64422607421875,-89.95433044433594,31.730012893676758,-5.1283769607543945,-5.215822219848633,74.72362518310547,-61.64422607421875,-89.95433044433594,31.730012893676758,29.74559686888454
39.783,0,-5.2164530754089355,-5.431880950927734,74.83280181884766,-61.4310417175293,-89.85346221923828,31.991497039794922,-5.2164530754089355,-5.431880950927734,74.83280181884766,-61.4310417175293,-89.85346221923828,31.991497039794922,30.332681017612522
39.812,0,-5.385290622711182,-4.3514404296875,74.42141723632812,-62.53371810913086,-89.83309173583984,32.69378662109375,-5.385290622711182,-4.3514404296875,74.42141723632812,-62.53371810913086,-89.83309173583984,32.69378662109375,31.115459882583167
39.852,0,-5.62924861907959,-3.3279266357421875,74.08756256103516,-63.52283477783203,-89.91307830810547,33.35114669799805,-5.62924861907959,-3.3279266357421875,74.08756256103516,-63.52283477783203,-89.91307830810547,33.35114669799805,31.376386170906716
39.882,0,-5.707368850708008,-3.7748146057128906,74.36085510253906,-63.19990921020508,-89.92713165283203,33.37805938720703,-5.707368850708008,-3.7748146057128906,74.36085510253906,-63.19990921020508,-89.92713165283203,33.37805938720703,31.702544031311152
39.917,0,-5.546113967895508,-4.607015609741211,74.81669616699219,-62.574710845947266,-89.88566589355469,33.38064956665039,-5.546113967895508,-4.607015609741211,74.81669616699219,-62.574710845947266,-89.88566589355469,33.38064956665039,32.159165035877365
39.948,0,-5.830056190490723,-3.5828018188476562,74.47026062011719,-63.53959274291992,-89.88092041015625,34.11142349243164,-5.830056190490723,-3.5828018188476562,74.47026062011719,-63.53959274291992,-89.88092041015625,34.11142349243164,32.615786040443574
39.981,0,-6.188379287719727,-3.2021732330322266,74.27980041503906,-63.94194030761719,-89.96466064453125,34.732643127441406,-6.188379287719727,-3.2021732330322266,74.27980041503906,-63.94194030761719,-89.96466064453125,34.732643127441406,32.81148075668624
40.015,0,-6.554718494415283,-2.5409412384033203,74.0535659790039,-64.57530975341797,-90.02861785888672,35.404850006103516,-6.554718494415283,-2.5409412384033203,74.0535659790039,-64.57530975341797,-90.02861785888672,35.404850006103516,33.07240704500978
40.051,0,-6.518670558929443,-2.9879093170166016,74.34746551513672,-64.27064514160156,-90.00040435791016,35.52589416503906,-6.518670558929443,-2.9879093170166016,74.34746551513672,-64.27064514160156,-90.00040435791016,35.52589416503906,33.59425962165688
40.082,0,-6.727356910705566,-3.5199031829833984,74.58599090576172,-63.7711296081543,-89.90365600585938,35.868743896484375,-6.727356910705566,-3.5199031829833984,74.58599090576172,-63.7711296081543,-89.90365600585938,35.868743896484375,34.11611219830398
40.114,0,-7.276476860046387,-2.102842330932617,74.15161895751953,-65.04418182373047,-89.90255737304688,36.63958740234375,-7.276476860046387,-2.102842330932617,74.15161895751953,-65.04418182373047,-89.90255737304688,36.63958740234375,34.63796477495107
40.149,0,-7.595437526702881,-1.3531932830810547,73.9146728515625,-65.76895141601562,-89.92752838134766,37.363895416259766,-7.595437526702881,-1.3531932830810547,73.9146728515625,-65.76895141601562,-89.92752838134766,37.363895416259766,34.96412263535551
40.184,0,-7.782961845397949,-1.6219863891601562,74.17951965332031,-65.61114501953125,-89.89647674560547,37.567623138427734,-7.782961845397949,-1.6219863891601562,74.17951965332031,-65.61114501953125,-89.89647674560547,37.567623138427734,35.355512067840834
40.221,0,-7.826294898986816,-2.159046173095703,74.53077697753906,-65.2573471069336,-89.85691833496094,37.853179931640625,-7.826294898986816,-2.159046173095703,74.53077697753906,-65.2573471069336,-89.85691833496094,37.853179931640625,36.007827788649706
40.253,0,-8.542754173278809,-1.0060806274414062,74.1678466796875,-66.280029296875,-89.8429946899414,38.66611862182617,-8.542754173278809,-1.0060806274414062,74.1678466796875,-66.280029296875,-89.8429946899414,38.66611862182617,36.59491193737769
40.287,0,-8.599733352661133,-0.5139541625976562,74.08355712890625,-66.84751892089844,-89.84069061279297,39.38992691040039,-8.599733352661133,-0.5139541625976562,74.08355712890625,-66.84751892089844,-89.84069061279297,39.38992691040039,36.921069797782124
40.318,0,-8.804805755615234,-0.6535892486572266,74.32127380371094,-66.78601837158203,-89.81200408935547,39.6461181640625,-8.804805755615234,-0.6535892486572266,74.32127380371094,-66.78601837158203,-89.81200408935547,39.6461181640625,37.31245923026745
40.350,0,-9.030375480651855,-1.3122749328613281,74.77468872070312,-66.35198974609375,-89.76329040527344,39.7871208190918,-9.030375480651855,-1.3122749328613281,74.77468872070312,-66.35198974609375,-89.76329040527344,39.7871208190918,37.96477495107632
40.384,0,-9.483159065246582,0.0063953399658203125,74.5172119140625,-67.66377258300781,-89.7716293334961,40.61898422241211,-9.483159065246582,0.0063953399658203125,74.5172119140625,-67.66377258300781,-89.7716293334961,40.61898422241211,38.617090671885194
40.418,0,-9.440704345703125,0.49257850646972656,74.49893188476562,-68.19326782226562,-89.78264617919922,41.360923767089844,-9.440704345703125,0.4925785064697265,74.49893188476562,-68.19326782226562,-89.78264617919922,41.360923767089844,38.94324853228962
40.451,0,-9.478768348693848,0.07128715515136719,74.76752471923828,-67.90020751953125,-89.77406311035156,41.53460693359375,-9.478768348693848,0.07128715515136719,74.76752471923828,-67.90020751953125,-89.77406311035156,41.53460693359375,39.33463796477495
40.484,0,-9.553507804870605,-0.294219970703125,74.99942016601562,-67.62855529785156,-89.72969818115234,41.61793518066406,-9.553507804870605,-0.29421997070312494,74.99942016601562,-67.62855529785156,-89.72969818115234,41.61793518066406,39.98695368558382
40.517,0,-10.16103458404541,0.6421756744384766,74.80310821533203,-68.44416809082031,-89.72799682617188,42.16069030761719,-10.16103458404541,0.6421756744384766,74.80310821533203,-68.44416809082031,-89.72799682617188,42.16069030761719,40.5740378343118
40.553,0,-10.3826322555542,1.0384368896484375,74.78341674804688,-68.76701354980469,-89.75875091552734,42.585899353027344,-10.3826322555542,1.0384368896484375,74.78341674804688,-68.76701354980469,-89.75875091552734,42.585899353027344,40.90019569471624
40.586,0,-10.30953311920166,0.6695098876953125,74.98350524902344,-68.41464233398438,-89.73235321044922,42.670249938964844,-10.30953311920166,0.6695098876953125,74.98350524902344,-68.41464233398438,-89.73235321044922,42.670249938964844,41.226353555120674
40.618,0,-10.464154243469238,0.23045730590820312,75.18438720703125,-68.12152862548828,-89.72439575195312,42.546443939208984,-10.464154243469238,0.23045730590820312,75.18438720703125,-68.12152862548828,-89.72439575195312,42.546443939208984,41.617742987606
40.651,0,-10.947174072265625,0.7223873138427734,75.05169677734375,-68.55610656738281,-89.75472259521484,42.90976333618164,-10.947174072265625,0.7223873138427734,75.05169677734375,-68.55610656738281,-89.75472259521484,42.90976333618164,42.00913242009132
40.683,0,-10.845694541931152,0.9813976287841797,75.03740692138672,-68.91128540039062,-89.76211547851562,43.282310485839844,-10.845694541931152,0.9813976287841797,75.03740692138672,-68.91128540039062,-89.76211547851562,43.282310485839844,42.07436399217221
40.718,0,-10.763649940490723,0.45425987243652344,75.24799346923828,-68.42646789550781,-89.75939178466797,43.24973678588867,-10.763649940490723,0.45425987243652344,75.24799346923828,-68.42646789550781,-89.75939178466797,43.24973678588867,42.07436399217221
40.750,0,-10.949126243591309,-0.03416252136230469,75.54106903076172,-68.12277221679688,-89.7894287109375,43.18462371826172,-10.949126243591309,-0.03416252136230469,75.54106903076172,-68.12277221679688,-89.7894287109375,43.18462371826172,42.465753424657535
40.786,0,-11.3985595703125,0.26097869873046875,75.46475219726562,-68.29143524169922,-89.77049255371094,43.4127197265625,-11.3985595703125,0.26097869873046875,75.46475219726562,-68.29143524169922,-89.77049255371094,43.4127197265625,42.72667971298108
40.817,0,-11.603413581848145,0.42095947265625,75.42184448242188,-68.47579956054688,-89.80852508544922,43.593772888183594,-11.603413581848145,0.42095947265625,75.42184448242188,-68.47579956054688,-89.80852508544922,43.593772888183594,42.79191128506197
40.850,0,-11.478059768676758,-0.22731399536132812,75.67138671875,-67.90164184570312,-89.80158233642578,43.56715393066406,-11.478059768676758,-0.22731399536132812,75.67138671875,-67.90164184570312,-89.80158233642578,43.56715393066406,42.922374429223744
40.886,0,-11.633718490600586,-0.7760982513427734,75.97477722167969,-67.53408813476562,-89.90143585205078,43.43389892578125,-11.633718490600586,-0.7760982513427734,75.97477722167969,-67.53408813476562,-89.90143585205078,43.43389892578125,43.1180691454664
40.919,0,-12.081199645996094,-0.5785465240478516,75.94351196289062,-67.67982482910156,-89.89747619628906,43.604705810546875,-12.081199645996094,-0.5785465240478516,75.94351196289062,-67.67982482910156,-89.89747619628906,43.604705810546875,43.24853228962818
40.950,0,-11.862015724182129,-0.5786304473876953,76.1717529296875,-67.93731689453125,-89.94478607177734,43.789573669433594,-11.862015724182129,-0.5786304473876953,76.1717529296875,-67.93731689453125,-89.94478607177734,43.789573669433594,43.24853228962818
40.984,0,-11.783555030822754,-1.3930950164794922,76.48837280273438,-67.22872924804688,-89.93893432617188,43.76441955566406,-11.783555030822754,-1.3930950164794924,76.48837280273438,-67.22872924804688,-89.93893432617188,43.76441955566406,43.24853228962818
41.019,0,-11.909549713134766,-1.8723297119140625,76.71163940429688,-66.8512954711914,-89.99854278564453,43.62853240966797,-11.909549713134766,-1.8723297119140627,76.71163940429688,-66.8512954711914,-89.99854278564453,43.62853240966797,43.24853228962818
41.052,0,-12.391260147094727,-1.7428874969482422,76.70889282226562,-66.91990661621094,-90.00285339355469,43.7878532409668,-12.391260147094727,-1.7428874969482422,76.70889282226562,-66.91990661621094,-90.00285339355469,43.7878532409668,43.24853228962818
41.086,0,-12.407032012939453,-1.621438980102539,76.7266845703125,-67.12763977050781,-90.06446075439453,43.957759857177734,-12.407032012939453,-1.621438980102539,76.7266845703125,-67.12763977050781,-90.06446075439453,43.957759857177734,43.24853228962818
41.119,0,-12.305752754211426,-2.4126510620117188,77.0809097290039,-66.4259033203125,-90.07940673828125,43.91447448730469,-12.305752754211426,-2.4126510620117188,77.0809097290039,-66.4259033203125,-90.07940673828125,43.91447448730469,43.24853228962818
41.151,0,-12.42761516571045,-3.1514415740966797,77.37416076660156,-65.86029052734375,-90.1287612915039,43.76249694824219,-12.42761516571045,-3.1514415740966797,77.37416076660156,-65.86029052734375,-90.1287612915039,43.76249694824219,43.444227005870836
41.186,0,-13.006866455078125,-3.228178024291992,77.47160339355469,-65.79242706298828,-90.16049194335938,43.889808654785156,-13.006866455078125,-3.228178024291992,77.47160339355469,-65.79242706298828,-90.16049194335938,43.889808654785156,43.574690150032616
41.219,0,-12.83774185180664,-3.510822296142578,77.83320617675781,-65.8984375,-90.24647521972656,43.96511459350586,-12.83774185180664,-3.510822296142578,77.83320617675781,-65.8984375,-90.24647521972656,43.96511459350586,43.574690150032616
41.252,0,-12.680282592773438,-4.401361465454102,78.12584686279297,-65.13589477539062,-90.2623291015625,43.814910888671875,-12.680282592773438,-4.401361465454102,78.12584686279297,-65.13589477539062,-90.2623291015625,43.814910888671875,43.574690150032616
41.288,0,-12.853443145751953,-5.075901031494141,78.44781494140625,-64.65350341796875,-90.30863952636719,43.67604064941406,-12.853443145751953,-5.075901031494141,78.44781494140625,-64.65350341796875,-90.30863952636719,43.67604064941406,43.574690150032616
41.319,0,-13.34860610961914,-5.1063232421875,78.49896240234375,-64.59237670898438,-90.31791687011719,43.74236297607422,-13.34860610961914,-5.1063232421875,78.49896240234375,-64.59237670898438,-90.31791687011719,43.74236297607422,43.574690150032616
41.352,0,-13.277667999267578,-5.224050521850586,78.5557861328125,-64.6052017211914,-90.3720703125,43.86768341064453,-13.277667999267578,-5.224050521850586,78.5557861328125,-64.6052017211914,-90.3720703125,43.86768341064453,43.574690150032616
41.385,0,-13.284289360046387,-5.928853988647461,78.8459701538086,-63.99761199951172,-90.38024139404297,43.75141906738281,-13.284289360046387,-5.928853988647461,78.8459701538086,-63.99761199951172,-90.38024139404297,43.75141906738281,43.574690150032616
41.419,0,-13.310754776000977,-6.569570541381836,79.13005828857422,-63.49147415161133,-90.40592956542969,43.537330627441406,-13.310754776000977,-6.569570541381836,79.13005828857422,-63.49147415161133,-90.40592956542969,43.537330627441406,43.574690150032616
41.452,0,-13.944625854492188,-6.922189712524414,79.33111572265625,-63.29167938232422,-90.4532699584961,43.60627746582031,-13.944625854492188,-6.922189712524414,79.33111572265625,-63.29167938232422,-90.4532699584961,43.60627746582031,43.574690150032616
41.486,0,-14.0357666015625,-7.347423553466797,79.5271987915039,-63.00973129272461,-90.5377197265625,43.625732421875,-14.0357666015625,-7.347423553466797,79.5271987915039,-63.00973129272461,-90.5377197265625,43.625732421875,43.574690150032616
41.520,0,-14.015044212341309,-8.013959884643555,79.84732055664062,-62.446109771728516,-90.55381774902344,43.475563049316406,-14.015044212341309,-8.013959884643555,79.84732055664062,-62.446109771728516,-90.55381774902344,43.475563049316406,43.574690150032616
41.553,0,-14.14385986328125,-8.89775276184082,80.16089630126953,-61.71961975097656,-90.56790924072266,43.24507141113281,-14.14385986328125,-8.89775276184082,80.16089630126953,-61.71961975097656,-90.56790924072266,43.24507141113281,43.574690150032616
41.587,0,-14.780882835388184,-9.182945251464844,80.22213745117188,-61.41522979736328,-90.58427429199219,43.29646301269531,-14.780882835388184,-9.182945251464844,80.22213745117188,-61.41522979736328,-90.58427429199219,43.29646301269531,43.574690150032616
41.619,0,-14.630208969116211,-8.893455505371094,80.1535415649414,-61.67038345336914,-90.61044311523438,43.32221984863281,-14.630208969116211,-8.893455505371094,80.1535415649414,-61.67038345336914,-90.61044311523438,43.32221984863281,43.574690150032616
41.654,0,-14.766693115234375,-9.780776977539062,80.65142059326172,-61.004425048828125,-90.59677124023438,43.194400787353516,-14.766693115234375,-9.780776977539062,80.65142059326172,-61.004425048828125,-90.59677124023438,43.194400787353516,43.509458577951726
41.688,0,-15.03359317779541,-10.65142822265625,80.96107482910156,-60.27008819580078,-90.61155700683594,42.97026443481445,-15.03359317779541,-10.65142822265625,80.96107482910156,-60.27008819580078,-90.61155700683594,42.97026443481445,43.444227005870836
41.720,0,-15.001837730407715,-10.843193054199219,80.99388885498047,-60.12008285522461,-90.57572174072266,43.04841613769531,-15.001837730407715,-10.843193054199219,80.99388885498047,-60.12008285522461,-90.57572174072266,43.04841613769531,43.444227005870836
41.755,0,-14.851761817932129,-10.53244400024414,80.95743560791016,-60.43208312988281,-90.58275604248047,43.1273307800293,-14.851761817932129,-10.53244400024414,80.95743560791016,-60.43208312988281,-90.58275604248047,43.1273307800293,43.444227005870836
41.791,0,-14.870810508728027,-11.659019470214844,81.2615966796875,-59.347190856933594,-90.62593841552734,42.83184051513672,-14.870810508728027,-11.659019470214844,81.2615966796875,-59.347190856933594,-90.62593841552734,42.83184051513672,43.444227005870836
41.821,0,-14.818743705749512,-12.861930847167969,81.578369140625,-58.2019157409668,-90.63728332519531,42.55891418457031,-14.818743705749512,-12.861930847167969,81.578369140625,-58.2019157409668,-90.63728332519531,42.55891418457031,43.31376386170906
41.863,0,-14.619095802307129,-12.865285873413086,81.58397674560547,-58.167537689208984,-90.5870361328125,42.676300048828125,-14.619095802307129,-12.865285873413086,81.58397674560547,-58.167537689208984,-90.5870361328125,42.676300048828125,43.31376386170906
41.897,0,-14.71081829071045,-12.661882400512695,81.50688171386719,-58.31352233886719,-90.61154174804688,42.64665222167969,-14.71081829071045,-12.661882400512695,81.50688171386719,-58.31352233886719,-90.61154174804688,42.64665222167969,43.05283757338552
41.928,0,-14.679692268371582,-13.826752662658691,81.79389953613281,-57.168113708496094,-90.6414794921875,42.29117202758789,-14.679692268371582,-13.826752662658691,81.79389953613281,-57.168113708496094,-90.6414794921875,42.29117202758789,42.98760600130463
41.962,0,-14.665767669677734,-14.970555305480957,82.0688705444336,-56.037864685058594,-90.65478515625,41.96675491333008,-14.665767669677734,-14.970555305480957,82.0688705444336,-56.037864685058594,-90.65478515625,41.96675491333008,42.98760600130463
41.993,0,-14.393842697143555,-14.894543647766113,82.0059585571289,-56.09334945678711,-90.58949279785156,42.030113220214844,-14.393842697143555,-14.894543647766113,82.0059585571289,-56.09334945678711,-90.58949279785156,42.030113220214844,42.922374429223744
42.030,0,-14.100178718566895,-14.561111450195312,81.99250793457031,-56.48614501953125,-90.61033630371094,42.00117492675781,-14.100178718566895,-14.561111450195312,81.99250793457031,-56.48614501953125,-90.61033630371094,42.00117492675781,42.79191128506197
42.066,0,-14.000130653381348,-16.050146102905273,82.41658020019531,-55.132423400878906,-90.63151550292969,41.62757110595703,-14.000130653381348,-16.050146102905273,82.41658020019531,-55.132423400878906,-90.63151550292969,41.62757110595703,42.53098499673842
42.096,0,-13.727276802062988,-16.03246307373047,82.3387451171875,-55.129798889160156,-90.56566619873047,41.558597564697266,-13.727276802062988,-16.03246307373047,82.3387451171875,-55.129798889160156,-90.56566619873047,41.558597564697266,42.400521852576645
42.128,0,-13.362883567810059,-15.693779945373535,82.21085357666016,-55.37851333618164,-90.59257507324219,41.473514556884766,-13.362883567810059,-15.693779945373535,82.21085357666016,-55.37851333618164,-90.59257507324219,41.473514556884766,42.335290280495755
42.161,0,-13.129117012023926,-16.68989372253418,82.43907928466797,-54.40348815917969,-90.59845733642578,41.06854248046875,-13.129117012023926,-16.68989372253418,82.43907928466797,-54.40348815917969,-90.59845733642578,41.06854248046875,42.07436399217221
42.197,0,-12.99162769317627,-17.820533752441406,82.73113250732422,-53.300498962402344,-90.5876235961914,40.60823059082031,-12.99162769317627,-17.820533752441406,82.73113250732422,-53.300498962402344,-90.5876235961914,40.60823059082031,41.878669275929546
42.232,0,-12.69874382019043,-17.773664474487305,82.66283416748047,-53.351158142089844,-90.51335144042969,40.47364044189453,-12.69874382019043,-17.773664474487305,82.66283416748047,-53.351158142089844,-90.51335144042969,40.47364044189453,41.68297455968688
42.261,0,-12.338708877563477,-17.679546356201172,82.71784210205078,-53.67858123779297,-90.56404113769531,40.43858337402344,-12.338708877563477,-17.679546356201172,82.71784210205078,-53.67858123779297,-90.56404113769531,40.43858337402344,41.42204827136334
42.298,0,-12.233081817626953,-18.788921356201172,82.97895050048828,-52.58092498779297,-90.58492279052734,39.93229675292969,-12.233081817626953,-18.788921356201172,82.97895050048828,-52.58092498779297,-90.58492279052734,39.93229675292969,41.03065883887801
42.329,0,-12.081496238708496,-20.061050415039062,83.282470703125,-51.33653259277344,-90.59095764160156,39.39215087890625,-12.081496238708496,-20.061050415039062,83.282470703125,-51.33653259277344,-90.59095764160156,39.39215087890625,40.834964122635355
42.361,0,-11.71336841583252,-20.12232208251953,83.14195251464844,-51.21226119995117,-90.52050018310547,39.07515335083008,-11.71336841583252,-20.12232208251953,83.14195251464844,-51.21226119995117,-90.52050018310547,39.07515335083008,40.704500978473575
42.396,0,-11.308815956115723,-19.785018920898438,83.0025634765625,-51.44789123535156,-90.53105163574219,38.85999298095703,-11.308815956115723,-19.785018920898438,83.0025634765625,-51.44789123535156,-90.53105163574219,38.85999298095703,40.31311154598826
42.430,0,-11.201562881469727,-20.732425689697266,83.19532775878906,-50.43467712402344,-90.5386734008789,38.31549072265625,-11.201562881469727,-20.732425689697266,83.19532775878906,-50.43467712402344,-90.5386734008789,38.31549072265625,39.85649054142205
42.467,0,-11.02138900756836,-21.771190643310547,83.44314575195312,-49.370880126953125,-90.51861572265625,37.757904052734375,-11.02138900756836,-21.771190643310547,83.44314575195312,-49.370880126953125,-90.51861572265625,37.757904052734375,39.53033268101761
42.496,0,-10.665335655212402,-21.690250396728516,83.3434829711914,-49.50275421142578,-90.44281005859375,37.50989532470703,-10.665335655212402,-21.690250396728516,83.3434829711914,-49.50275421142578,-90.44281005859375,37.50989532470703,39.0737116764514
42.529,0,-10.172682762145996,-21.454051971435547,83.234130859375,-49.666446685791016,-90.47941589355469,37.24650955200195,-10.172682762145996,-21.454051971435547,83.234130859375,-49.666446685791016,-90.47941589355469,37.24650955200195,38.81278538812785
42.563,0,-10.203533172607422,-22.742902755737305,83.63545989990234,-48.476829528808594,-90.51813507080078,36.61323928833008,-10.203533172607422,-22.742902755737305,83.63545989990234,-48.476829528808594,-90.51813507080078,36.61323928833008,38.29093281148076
42.595,0,-10.30240535736084,-23.71820068359375,83.89849090576172,-47.46330261230469,-90.51416778564453,35.959434509277344,-10.30240535736084,-23.71820068359375,83.89849090576172,-47.46330261230469,-90.51416778564453,35.959434509277344,37.96477495107632
42.630,0,-9.951876640319824,-23.398040771484375,83.83213806152344,-47.79234313964844,-90.47425079345703,35.788963317871094,-9.951876640319824,-23.398040771484375,83.83213806152344,-47.79234313964844,-90.47425079345703,35.788963317871094,37.573385518590996
42.662,0,-9.567781448364258,-23.157180786132812,83.70755004882812,-48.08233642578125,-90.4759292602539,35.60807800292969,-9.567781448364258,-23.157180786132812,83.70755004882812,-48.08233642578125,-90.4759292602539,35.60807800292969,37.0515329419439
42.695,0,-9.455681800842285,-24.587223052978516,84.15179443359375,-46.739707946777344,-90.50577545166016,34.96294403076172,-9.455681800842285,-24.587223052978516,84.15179443359375,-46.739707946777344,-90.50577545166016,34.96294403076172,36.5296803652968
42.734,0,-9.101334571838379,-25.77836036682129,84.40689086914062,-45.50413513183594,-90.53604125976562,34.163917541503906,-9.101334571838379,-25.77836036682129,84.40689086914062,-45.50413513183594,-90.53604125976562,34.163917541503906,36.20352250489237
42.763,0,-8.771425247192383,-25.480714797973633,84.29769134521484,-45.746360778808594,-90.52529907226562,34.002315521240234,-8.771425247192383,-25.480714797973633,84.29769134521484,-45.746360778808594,-90.52529907226562,34.002315521240234,35.87736464448793
42.798,0,-8.36092758178711,-25.00758171081543,84.07794189453125,-46.12073516845703,-90.53170776367188,33.84844207763672,-8.36092758178711,-25.00758171081543,84.07794189453125,-46.12073516845703,-90.53170776367188,33.84844207763672,35.355512067840834
42.829,0,-8.316183090209961,-26.46656608581543,84.52953338623047,-44.7456169128418,-90.57106018066406,33.067378997802734,-8.316183090209961,-26.46656608581543,84.52953338623047,-44.7456169128418,-90.57106018066406,33.067378997802734,34.898891063274625
42.864,0,-7.963606357574463,-27.86887550354004,84.78866577148438,-43.33876419067383,-90.6092758178711,32.25746536254883,-7.963606357574463,-27.86887550354004,84.78866577148438,-43.33876419067383,-90.6092758178711,32.25746536254883,34.5075016307893
42.898,0,-8.179059982299805,-26.826047897338867,84.46669006347656,-44.1525764465332,-90.57223510742188,32.21985626220703,-8.179059982299805,-26.826047897338867,84.46669006347656,-44.1525764465332,-90.57223510742188,32.21985626220703,34.11611219830398
42.930,0,-7.613473892211914,-26.47543716430664,84.25028991699219,-44.404869079589844,-90.59402465820312,31.83165740966797,-7.613473892211914,-26.47543716430664,84.25028991699219,-44.404869079589844,-90.59402465820312,31.83165740966797,33.52902804957599
42.963,0,-7.652059078216553,-27.025686264038086,84.20709991455078,-43.49275207519531,-90.52685546875,31.39948081970215,-7.652059078216553,-27.025686264038086,84.20709991455078,-43.49275207519531,-90.52685546875,31.39948081970215,32.94194390084801
42.996,0,-7.884554386138916,-25.987667083740234,83.932861328125,-44.40961456298828,-90.47967529296875,31.336458206176758,-7.884554386138916,-25.987667083740234,83.932861328125,-44.40961456298828,-90.47967529296875,31.336458206176758,32.615786040443574
43.031,0,-8.123189926147461,-24.99298095703125,83.63819885253906,-45.256961822509766,-90.43816375732422,31.36461639404297,-8.123189926147461,-24.99298095703125,83.63819885253906,-45.256961822509766,-90.43816375732422,31.36461639404297,32.22439660795825
43.064,0,-7.857607841491699,-25.91489601135254,83.70794677734375,-44.0891227722168,-90.42413330078125,30.799148559570312,-7.857607841491699,-25.91489601135254,83.70794677734375,-44.0891227722168,-90.42413330078125,30.799148559570312,31.76777560339204
43.097,0,-7.770233631134033,-26.987592697143555,83.98136138916016,-43.01816177368164,-90.4554443359375,30.089448928833008,-7.770233631134033,-26.987592697143555,83.98136138916016,-43.01816177368164,-90.4554443359375,30.089448928833008,31.702544031311152
43.131,0,-7.642894268035889,-28.12984275817871,84.25244140625,-41.92598342895508,-90.49734497070312,29.319835662841797,-7.642894268035889,-28.12984275817871,84.25244140625,-41.92598342895508,-90.49734497070312,29.319835662841797,31.57208088714938
43.164,0,-7.134820938110352,-27.59988784790039,83.97622680664062,-42.28308868408203,-90.51568603515625,29.226829528808594,-7.134820938110352,-27.59988784790039,83.97622680664062,-42.28308868408203,-90.51568603515625,29.226829528808594,31.245923026744943
43.196,0,-6.850689888000488,-28.469799041748047,83.9364013671875,-41.11711883544922,-90.5060806274414,28.584829330444336,-6.850689888000488,-28.469799041748047,83.9364013671875,-41.11711883544922,-90.5060806274414,28.584829330444336,30.59360730593607
43.234,0,-6.748340129852295,-29.62104034423828,84.1615219116211,-39.94339370727539,-90.54598999023438,27.815940856933594,-6.748340129852295,-29.62104034423828,84.1615219116211,-39.94339370727539,-90.54598999023438,27.815940856933594,30.006523157208086
43.264,0,-7.077154636383057,-29.20005989074707,83.84429168701172,-40.175323486328125,-90.54887390136719,27.720443725585938,-7.077154636383057,-29.20005989074707,83.84429168701172,-40.175323486328125,-90.54887390136719,27.720443725585938,29.549902152641877
43.300,0,-7.171780109405518,-27.928159713745117,83.43963623046875,-41.40190887451172,-90.54925537109375,27.779024124145508,-7.171780109405518,-27.928159713745117,83.43963623046875,-41.40190887451172,-90.54925537109375,27.779024124145508,29.09328114807567
43.331,0,-6.8758039474487305,-28.644311904907227,83.364990234375,-40.32766342163086,-90.52633666992188,27.255996704101562,-6.8758039474487305,-28.644311904907227,83.364990234375,-40.32766342163086,-90.52633666992188,27.255996704101562,28.506196999347683
43.364,0,-6.905740261077881,-29.66546058654785,83.5908432006836,-39.27198028564453,-90.55721282958984,26.634395599365234,-6.905740261077881,-29.66546058654785,83.5908432006836,-39.27198028564453,-90.55721282958984,26.634395599365234,28.245270711024133
43.401,0,-7.163029193878174,-28.229570388793945,83.18171691894531,-40.553550720214844,-90.51628875732422,26.803258895874023,-7.163029193878174,-28.229570388793945,83.18171691894531,-40.553550720214844,-90.51628875732422,26.803258895874023,27.984344422700584
43.432,0,-7.115516185760498,-26.892894744873047,82.7679214477539,-41.851749420166016,-90.51109313964844,26.92893409729004,-7.115516185760498,-26.892894744873047,82.7679214477539,-41.851749420166016,-90.51109313964844,26.92893409729004,27.527723418134375
43.463,0,-6.847189903259277,-27.158401489257812,82.6686782836914,-41.20957946777344,-90.46250915527344,26.619125366210938,-6.847189903259277,-27.158401489257812,82.6686782836914,-41.20957946777344,-90.46250915527344,26.619125366210938,27.266797129810826
43.498,0,-6.956638336181641,-28.19860076904297,82.8980712890625,-40.079917907714844,-90.45281219482422,26.14940071105957,-6.956638336181641,-28.19860076904297,82.8980712890625,-40.079917907714844,-90.45281219482422,26.14940071105957,27.136333985649053
43.532,0,-7.141252040863037,-27.27972412109375,82.51750946044922,-40.95015335083008,-90.45774841308594,26.43763542175293,-7.141252040863037,-27.27972412109375,82.51750946044922,-40.95015335083008,-90.45774841308594,26.43763542175293,27.136333985649053
43.564,0,-6.883871078491211,-26.028913497924805,82.06292724609375,-42.091941833496094,-90.48466491699219,26.674705505371094,-6.883871078491211,-26.028913497924805,82.06292724609375,-42.091941833496094,-90.48466491699219,26.674705505371094,26.94063926940639
43.598,0,-6.663364410400391,-26.46356773376465,81.9416275024414,-41.25616455078125,-90.43553924560547,26.35553550720215,-6.663364410400391,-26.46356773376465,81.9416275024414,-41.25616455078125,-90.43553924560547,26.35553550720215,26.679712981082844
43.631,0,-6.676536560058594,-27.27162742614746,82.1235122680664,-40.39029312133789,-90.4295654296875,25.97346305847168,-6.676536560058594,-27.27162742614746,82.1235122680664,-40.39029312133789,-90.4295654296875,25.97346305847168,26.614481409001954
43.665,0,-7.336172580718994,-26.313255310058594,81.67079162597656,-41.18117141723633,-90.44793701171875,26.07798194885254,-7.336172580718994,-26.313255310058594,81.67079162597656,-41.18117141723633,-90.44793701171875,26.07798194885254,26.549249836921067
43.697,0,-7.282922267913818,-25.230792999267578,81.21621704101562,-42.1197509765625,-90.4725341796875,26.350088119506836,-7.282922267913818,-25.230792999267578,81.21621704101562,-42.1197509765625,-90.4725341796875,26.350088119506836,26.549249836921067
43.732,0,-7.172129154205322,-26.12961769104004,81.47660064697266,-41.12984085083008,-90.37694549560547,26.19245147705078,-7.172129154205322,-26.12961769104004,81.47660064697266,-41.12984085083008,-90.37694549560547,26.19245147705078,26.353555120678408
43.766,0,-7.156553268432617,-26.867828369140625,81.73015594482422,-40.32660675048828,-90.33621978759766,26.060237884521484,-7.156553268432617,-26.867828369140625,81.73015594482422,-40.32660675048828,-90.33621978759766,26.060237884521484,26.28832354859752
43.800,0,-7.817992210388184,-25.57520294189453,81.174072265625,-41.33688735961914,-90.35863494873047,26.420799255371094,-7.817992210388184,-25.57520294189453,81.174072265625,-41.33688735961914,-90.35863494873047,26.420799255371094,26.28832354859752
43.832,0,-8.070890426635742,-24.327322006225586,80.65115356445312,-42.38975524902344,-90.38296508789062,26.8757381439209,-8.070890426635742,-24.327322006225586,80.65115356445312,-42.38975524902344,-90.38296508789062,26.8757381439209,26.28832354859752
43.864,0,-7.987143039703369,-24.915252685546875,80.78209686279297,-41.566734313964844,-90.29747772216797,26.90753173828125,-7.987143039703369,-24.915252685546875,80.78209686279297,-41.566734313964844,-90.29747772216797,26.90753173828125,26.28832354859752
43.899,0,-7.985334873199463,-25.496179580688477,80.84134674072266,-40.81064224243164,-90.24484252929688,26.981712341308594,-7.985334873199463,-25.496179580688477,80.84134674072266,-40.81064224243164,-90.24484252929688,26.981712341308594,26.28832354859752
43.932,0,-8.68642807006836,-23.85767364501953,80.1766128540039,-42.0759391784668,-90.22090148925781,27.527379989624023,-8.68642807006836,-23.85767364501953,80.1766128540039,-42.0759391784668,-90.22090148925781,27.527379989624023,26.353555120678408
43.966,0,-8.469217300415039,-22.28132438659668,79.54125213623047,-43.39017868041992,-90.19744110107422,28.15049171447754,-8.469217300415039,-22.28132438659668,79.54125213623047,-43.39017868041992,-90.19744110107422,28.15049171447754,26.48401826484018
44.007,0,-8.496175765991211,-22.672834396362305,79.58447265625,-42.708412170410156,-90.14505004882812,28.311525344848633,-8.496175765991211,-22.672834396362305,79.58447265625,-42.708412170410156,-90.14505004882812,28.311525344848633,26.614481409001954
44.039,0,-8.214261054992676,-23.720794677734375,79.79106903076172,-41.64036560058594,-90.07910919189453,28.345844268798828,-8.214261054992676,-23.720794677734375,79.79106903076172,-41.64036560058594,-90.07910919189453,28.345844268798828,27.00587084148728
44.067,0,-9.011885643005371,-21.88581085205078,79.1266098022461,-43.06664276123047,-90.07144927978516,29.031410217285156,-9.011885643005371,-21.88581085205078,79.1266098022461,-43.06664276123047,-90.07144927978516,29.031410217285156,27.46249184605349
44.106,0,-8.91176986694336,-20.67178726196289,78.62892150878906,-44.13530349731445,-90.02529907226562,29.616008758544922,-8.91176986694336,-20.67178726196289,78.62892150878906,-44.13530349731445,-90.02529907226562,29.616008758544922,27.723418134377038
44.136,0,-8.815999984741211,-20.856178283691406,78.74042510986328,-43.927772521972656,-89.96275329589844,29.97164535522461,-8.815999984741211,-20.856178283691406,78.74042510986328,-43.927772521972656,-89.96275329589844,29.97164535522461,27.919112850619697
44.167,0,-8.60705280303955,-20.549758911132812,78.58062744140625,-43.956573486328125,-89.92595672607422,30.385828018188477,-8.60705280303955,-20.549758911132812,78.58062744140625,-43.956573486328125,-89.92595672607422,30.385828018188477,28.440965427266796
44.202,0,-9.395904541015625,-18.579551696777344,77.8139419555664,-45.43992614746094,-89.89035034179688,31.164936065673828,-9.395904541015625,-18.579551696777344,77.8139419555664,-45.43992614746094,-89.89035034179688,31.164936065673828,28.962818003913892
44.239,0,-9.353365898132324,-17.197702407836914,77.17144775390625,-46.546791076660156,-89.82266235351562,31.85590362548828,-9.353365898132324,-17.197702407836914,77.17144775390625,-46.546791076660156,-89.82266235351562,31.85590362548828,29.354207436399214
44.268,0,-9.322334289550781,-15.595946311950684,76.46401977539062,-47.54494857788086,-89.77838897705078,32.59911346435547,-9.322334289550781,-15.595946311950684,76.46401977539062,-47.54494857788086,-89.77838897705078,32.59911346435547,29.810828440965427
44.304,0,-9.187514305114746,-14.894574165344238,76.06787872314453,-47.77001190185547,-89.74783325195312,33.177978515625,-9.187514305114746,-14.894574165344238,76.06787872314453,-47.77001190185547,-89.74783325195312,33.177978515625,30.39791258969341
44.335,0,-10.001328468322754,-12.856485366821289,75.21414184570312,-49.251468658447266,-89.71829223632812,33.99521255493164,-10.001328468322754,-12.856485366821289,75.21414184570312,-49.251468658447266,-89.71829223632812,33.99521255493164,31.115459882583167
44.368,0,-9.884265899658203,-11.39444351196289,74.49067687988281,-50.37849426269531,-89.6574935913086,34.763275146484375,-9.884265899658203,-11.39444351196289,74.49067687988281,-50.37849426269531,-89.6574935913086,34.763275146484375,31.76777560339204
44.402,0,-9.743288040161133,-11.043102264404297,74.3301010131836,-50.33870315551758,-89.5218276977539,35.25293731689453,-9.743288040161133,-11.043102264404297,74.3301010131836,-50.33870315551758,-89.5218276977539,35.25293731689453,32.35485975212002
44.435,0,-9.666971206665039,-11.076828002929688,74.24435424804688,-49.98652648925781,-89.42332458496094,35.717342376708984,-9.666971206665039,-11.076828002929688,74.24435424804688,-49.98652648925781,-89.42332458496094,35.717342376708984,33.202870189171556
44.469,0,-10.689374923706055,-9.567466735839844,73.4769058227539,-50.95850372314453,-89.41342163085938,36.587059020996094,-10.689374923706055,-9.567466735839844,73.4769058227539,-50.95850372314453,-89.41342163085938,36.587059020996094,33.85518590998043
44.505,0,-10.594037055969238,-7.548673629760742,72.59873962402344,-52.52976989746094,-89.34785461425781,37.480899810791016,-10.594037055969238,-7.548673629760742,72.59873962402344,-52.52976989746094,-89.34785461425781,37.480899810791016,34.44227005870842
44.543,0,-10.575528144836426,-7.5094146728515625,72.51371765136719,-52.38615417480469,-89.28966522216797,37.96614456176758,-10.575528144836426,-7.5094146728515625,72.51371765136719,-52.38615417480469,-89.28966522216797,37.96614456176758,35.0293542074364
44.573,0,-10.332612991333008,-8.235523223876953,72.8403549194336,-51.797950744628906,-89.28412628173828,37.73637390136719,-10.332612991333008,-8.235523223876953,72.8403549194336,-51.797950744628906,-89.28412628173828,37.73637390136719,35.74690150032615
44.611,0,-11.252817153930664,-8.068037033081055,72.8548583984375,-52.106895446777344,-89.39268493652344,37.86164093017578,-11.252817153930664,-8.068037033081055,72.8548583984375,-52.106895446777344,-89.39268493652344,37.86164093017578,36.464448793215915
44.645,0,-10.934134483337402,-7.407537460327148,72.72811126708984,-52.93524932861328,-89.38002014160156,38.294898986816406,-10.934134483337402,-7.407537460327148,72.72811126708984,-52.93524932861328,-89.38002014160156,38.294898986816406,36.986301369863014
44.675,0,-10.862345695495605,-5.727664947509766,71.78931427001953,-53.70926284790039,-89.37395477294922,38.916893005371094,-10.862345695495605,-5.727664947509766,71.78931427001953,-53.70926284790039,-89.37395477294922,38.916893005371094,37.24722765818656
44.707,0,-10.660177230834961,-6.434112548828125,72.32799530029297,-53.37981414794922,-89.38333129882812,38.73162841796875,-10.660177230834961,-6.434112548828125,72.32799530029297,-53.37981414794922,-89.38333129882812,38.73162841796875,37.44292237442922
44.744,0,-10.310450553894043,-5.652578353881836,72.02412414550781,-54.14045715332031,-89.3554916381836,39.268096923828125,-10.310450553894043,-5.652578353881836,72.02412414550781,-54.14045715332031,-89.3554916381836,39.268096923828125,37.83431180691454
44.774,0,-9.910492897033691,-4.914934158325195,71.81094360351562,-54.96342468261719,-89.32478332519531,39.690834045410156,-9.910492897033691,-4.914934158325195,71.81094360351562,-54.96342468261719,-89.32478332519531,39.690834045410156,38.22570123939987
44.811,0,-9.796005249023438,-3.435548782348633,70.98735809326172,-55.60718536376953,-89.29354858398438,40.39502716064453,-9.796005249023438,-3.435548782348633,70.98735809326172,-55.60718536376953,-89.29354858398438,40.39502716064453,38.35616438356164
44.839,0,-9.552512168884277,-4.095052719116211,71.31934356689453,-55.07748794555664,-89.28223419189453,40.229007720947266,-9.552512168884277,-4.095052719116211,71.31934356689453,-55.07748794555664,-89.28223419189453,40.229007720947266,38.81278538812785
44.879,0,-9.226272583007812,-3.78839111328125,71.08628845214844,-55.311065673828125,-89.24909973144531,40.58805847167969,-9.226272583007812,-3.78839111328125,71.08628845214844,-55.311065673828125,-89.24909973144531,40.58805847167969,39.204174820613176
44.906,0,-8.837112426757812,-3.6556015014648438,71.05667877197266,-55.55389404296875,-89.2364501953125,40.60576629638672,-8.837112426757812,-3.6556015014648438,71.05667877197266,-55.55389404296875,-89.2364501953125,40.60576629638672,39.595564253098495
44.940,0,-8.743038177490234,-4.428201675415039,71.33625793457031,-54.8761100769043,-89.28112030029297,40.58314895629883,-8.743038177490234,-4.428201675415039,71.33625793457031,-54.8761100769043,-89.28112030029297,40.58314895629883,39.79125896934116
44.974,0,-8.554708480834961,-5.286905288696289,71.77758026123047,-54.33009719848633,-89.32598876953125,40.027008056640625,-8.554708480834961,-5.286905288696289,71.77758026123047,-54.33009719848633,-89.32598876953125,40.027008056640625,40.11741682974559
45.006,0,-8.1748628616333,-5.197696685791016,71.58502960205078,-54.36909484863281,-89.30821990966797,40.13703918457031,-8.1748628616333,-5.197696685791016,71.58502960205078,-54.36909484863281,-89.30821990966797,40.13703918457031,40.182648401826484
45.041,0,-7.793476104736328,-5.1028900146484375,71.66627502441406,-54.64676284790039,-89.28533935546875,40.052085876464844,-7.793476104736328,-5.1028900146484375,71.66627502441406,-54.64676284790039,-89.28533935546875,40.052085876464844,40.24787997390737
45.073,0,-7.468782424926758,-5.806175231933594,71.92037200927734,-54.056312561035156,-89.27699279785156,40.09701919555664,-7.468782424926758,-5.806175231933594,71.92037200927734,-54.056312561035156,-89.27699279785156,40.09701919555664,40.182648401826484
45.109,0,-7.3215813636779785,-6.623748779296875,72.32368469238281,-53.4874382019043,-89.2720718383789,39.59038543701172,-7.3215813636779785,-6.623748779296875,72.32368469238281,-53.4874382019043,-89.2720718383789,39.59038543701172,40.11741682974559
45.149,0,-6.994272708892822,-6.476350784301758,72.0674819946289,-53.566505432128906,-89.25113677978516,39.6873779296875,-6.994272708892822,-6.476350784301758,72.0674819946289,-53.566505432128906,-89.25113677978516,39.6873779296875,40.11741682974559
45.179,0,-6.970850467681885,-5.959917068481445,71.95321655273438,-54.10780715942383,-89.24996948242188,39.80449676513672,-6.970850467681885,-5.959917068481445,71.95321655273438,-54.10780715942383,-89.24996948242188,39.80449676513672,40.05218525766471
45.211,0,-6.634814739227295,-6.801856994628906,72.20387268066406,-53.373573303222656,-89.24329376220703,39.75133514404297,-6.634814739227295,-6.801856994628906,72.20387268066406,-53.373573303222656,-89.24329376220703,39.75133514404297,39.85649054142205
45.243,0,-6.427355766296387,-7.728851318359375,72.62427520751953,-52.71434783935547,-89.24517059326172,39.20836639404297,-6.427355766296387,-7.728851318359375,72.62427520751953,-52.71434783935547,-89.24517059326172,39.20836639404297,39.85649054142205
45.277,0,-6.865306377410889,-6.813732147216797,72.2905044555664,-53.439910888671875,-89.2969741821289,39.489158630371094,-6.865306377410889,-6.813732147216797,72.2905044555664,-53.439910888671875,-89.2969741821289,39.489158630371094,39.85649054142205
45.313,0,-6.355232238769531,-7.651060104370117,72.63258361816406,-52.8648681640625,-89.25357818603516,39.385528564453125,-6.355232238769531,-7.651060104370117,72.63258361816406,-52.8648681640625,-89.25357818603516,39.385528564453125,39.79125896934116
45.345,0,-6.75595235824585,-8.510549545288086,73.23196411132812,-52.3687744140625,-89.35436248779297,39.1939811706543,-6.75595235824585,-8.510549545288086,73.23196411132812,-52.3687744140625,-89.35436248779297,39.1939811706543,39.660795825179385
45.378,0,-6.5580878257751465,-9.451549530029297,73.61560821533203,-51.65073776245117,-89.35215759277344,38.68506622314453,-6.5580878257751465,-9.451549530029297,73.61560821533203,-51.65073776245117,-89.35215759277344,38.68506622314453,39.660795825179385
45.413,0,-7.007715702056885,-8.589807510375977,73.32196044921875,-52.32124328613281,-89.40401458740234,38.904937744140625,-7.007715702056885,-8.589807510375977,73.32196044921875,-52.32124328613281,-89.40401458740234,38.904937744140625,39.660795825179385
45.444,0,-6.765994548797607,-9.370338439941406,73.43366241455078,-51.582359313964844,-89.40705871582031,38.89472961425781,-6.765994548797607,-9.370338439941406,73.43366241455078,-51.582359313964844,-89.40705871582031,38.89472961425781,39.53033268101761
45.478,0,-6.3769917488098145,-10.428298950195312,73.95621490478516,-50.775970458984375,-89.34303283691406,38.76423645019531,-6.3769917488098145,-10.428298950195312,73.95621490478516,-50.775970458984375,-89.34303283691406,38.76423645019531,39.33463796477495
45.511,0,-6.212738990783691,-11.465946197509766,74.42952728271484,-50.03315734863281,-89.36188507080078,38.14935302734375,-6.212738990783691,-11.465946197509766,74.42952728271484,-50.03315734863281,-89.36188507080078,38.14935302734375,39.26940639269406
45.547,0,-6.656223773956299,-10.254837036132812,73.99282836914062,-50.949134826660156,-89.40259552001953,38.527915954589844,-6.656223773956299,-10.254837036132812,73.99282836914062,-50.949134826660156,-89.40259552001953,38.527915954589844,39.26940639269406
45.578,0,-6.39159631729126,-10.942201614379883,74.05347442626953,-50.26793670654297,-89.41460418701172,38.519962310791016,-6.39159631729126,-10.942201614379883,74.05347442626953,-50.26793670654297,-89.41460418701172,38.519962310791016,39.138943248532286
45.613,0,-6.191800117492676,-12.034355163574219,74.5496826171875,-49.40268325805664,-89.3989028930664,38.2181282043457,-6.191800117492676,-12.034355163574219,74.5496826171875,-49.40268325805664,-89.3989028930664,38.2181282043457,38.81278538812785
45.645,0,-5.957272052764893,-13.125970840454102,74.97191619873047,-48.51123046875,-89.40154266357422,37.733699798583984,-5.957272052764893,-13.125970840454102,74.97191619873047,-48.51123046875,-89.40154266357422,37.733699798583984,38.68232224396608
45.679,0,-6.374300479888916,-12.586629867553711,74.7919921875,-48.86571502685547,-89.44310760498047,37.939823150634766,-6.374300479888916,-12.586629867553711,74.7919921875,-48.86571502685547,-89.44310760498047,37.939823150634766,38.617090671885194
45.712,0,-6.5967698097229,-13.101377487182617,74.95743560791016,-48.474769592285156,-89.46285247802734,37.91510009765625,-6.5967698097229,-13.101377487182617,74.95743560791016,-48.474769592285156,-89.46285247802734,37.91510009765625,38.551859099804304
45.745,0,-6.203034400939941,-14.34139633178711,75.58698272705078,-47.56277847290039,-89.4079818725586,37.586936950683594,-6.203034400939941,-14.34139633178711,75.58698272705078,-47.56277847290039,-89.4079818725586,37.586936950683594,38.29093281148076
45.778,0,-6.18684196472168,-15.555197715759277,76.15953063964844,-46.647274017333984,-89.41072845458984,36.93754577636719,-6.18684196472168,-15.417582417582418,76.15953063964844,-46.647274017333984,-89.41072845458984,36.93754577636719,38.29093281148076
45.814,0,-6.61761474609375,-15.221649169921875,76.06439208984375,-46.891571044921875,-89.4578628540039,37.085853576660156,-6.61761474609375,-15.221649169921875,76.06439208984375,-46.891571044921875,-89.4578628540039,37.085853576660156,38.030006523157205
45.847,0,-6.847648620605469,-15.684916496276855,76.20162963867188,-46.55115509033203,-89.46463012695312,37.06691360473633,-6.847648620605469,-15.684916496276855,76.20162963867188,-46.55115509033203,-89.46463012695312,37.06691360473633,37.76908023483366
45.879,0,-6.524147987365723,-16.97321319580078,76.74227905273438,-45.492431640625,-89.42912292480469,36.65941619873047,-6.524147987365723,-16.97321319580078,76.74227905273438,-45.492431640625,-89.42912292480469,36.65941619873047,37.44292237442922
45.914,0,-6.34370756149292,-18.23096466064453,77.28813934326172,-44.512657165527344,-89.4017105102539,36.053253173828125,-6.34370756149292,-18.054945054945055,77.28813934326172,-44.512657165527344,-89.4017105102539,36.053253173828125,37.31245923026745
45.949,0,-6.842158794403076,-16.355854034423828,76.50203704833984,-45.892826080322266,-89.37889862060547,36.83940505981445,-6.842158794403076,-16.355854034423828,76.50203704833984,-45.892826080322266,-89.37889862060547,36.83940505981445,37.24722765818656
45.979,0,-7.079409122467041,-16.6116886138916,76.59371948242188,-45.752235412597656,-89.40184783935547,36.89348602294922,-7.079409122467041,-16.6116886138916,76.59371948242188,-45.752235412597656,-89.40184783935547,36.89348602294922,37.0515329419439
46.016,0,-6.607712268829346,-17.840648651123047,77.00215911865234,-44.721492767333984,-89.38191986083984,36.433082580566406,-6.607712268829346,-17.840648651123047,77.00215911865234,-44.721492767333984,-89.38191986083984,36.433082580566406,36.72537508153946
46.048,0,-6.4453654289245605,-19.149478912353516,77.59596252441406,-43.72593688964844,-89.352783203125,35.82301330566406,-6.4453654289245605,-19.149478912353516,77.59596252441406,-43.72593688964844,-89.352783203125,35.82301330566406,36.72537508153946
46.090,0,-6.532132148742676,-17.675243377685547,76.99432373046875,-44.868682861328125,-89.27690887451172,36.548099517822266,-6.532132148742676,-17.675243377685547,76.99432373046875,-44.868682861328125,-89.27690887451172,36.548099517822266,36.72537508153946
46.138,0,-6.147287845611572,-17.72834014892578,77.15979766845703,-45.14154052734375,-89.26293182373047,36.83031463623047,-6.147287845611572,-17.72834014892578,77.15979766845703,-45.14154052734375,-89.26293182373047,36.83031463623047,36.5296803652968
46.168,0,-5.649276256561279,-18.974925994873047,77.54884338378906,-44.073055267333984,-89.23369598388672,36.421112060546875,-5.649276256561279,-18.974925994873047,77.54884338378906,-44.073055267333984,-89.23369598388672,36.421112060546875,36.26875407697325
46.200,0,-5.394951820373535,-20.171863555908203,78.01103210449219,-43.12836456298828,-89.17705535888672,35.87826919555664,-5.394951820373535,-20.171863555908203,78.01103210449219,-43.12836456298828,-89.17705535888672,35.87826919555664,36.33398564905414
46.233,0,-5.480791091918945,-18.834495544433594,77.47142028808594,-44.187496185302734,-89.09496307373047,36.59580993652344,-5.480791091918945,-18.834495544433594,77.47142028808594,-44.187496185302734,-89.09496307373047,36.59580993652344,36.464448793215915
46.267,0,-5.090827941894531,-17.74142837524414,76.9932861328125,-45.223052978515625,-89.0871810913086,36.940834045410156,-5.090827941894531,-17.74142837524414,76.9932861328125,-45.223052978515625,-89.0871810913086,36.940834045410156,36.33398564905414
46.300,0,-4.986356258392334,-18.830223083496094,77.39618682861328,-44.33399963378906,-89.12010955810547,36.550262451171875,-4.986356258392334,-18.830223083496094,77.39618682861328,-44.33399963378906,-89.12010955810547,36.550262451171875,36.20352250489237
46.336,0,-5.048885345458984,-19.964859008789062,77.82372283935547,-43.37562942504883,-89.09819793701172,35.99329376220703,-5.048885345458984,-19.964859008789062,77.82372283935547,-43.37562942504883,-89.09819793701172,35.99329376220703,36.464448793215915
46.367,0,-4.645806312561035,-18.752681732177734,77.21620178222656,-44.3359375,-88.95214080810547,36.674644470214844,-4.645806312561035,-18.752681732177734,77.21620178222656,-44.3359375,-88.95214080810547,36.674644470214844,36.5296803652968
46.401,0,-4.2357306480407715,-17.71905517578125,76.74591064453125,-45.319297790527344,-88.93254852294922,37.014774322509766,-4.2357306480407715,-17.71905517578125,76.74591064453125,-45.319297790527344,-88.93254852294922,37.014774322509766,36.5296803652968
46.433,0,-4.114217758178711,-18.676071166992188,77.07606506347656,-44.49845886230469,-88.95901489257812,36.71001434326172,-4.114217758178711,-18.676071166992188,77.07606506347656,-44.49845886230469,-88.95901489257812,36.71001434326172,36.399217221135025
46.468,0,-4.575624465942383,-19.830894470214844,77.66790771484375,-43.5443115234375,-89.01649475097656,35.9420280456543,-4.575624465942383,-19.830894470214844,77.66790771484375,-43.5443115234375,-89.01649475097656,35.9420280456543,36.5296803652968
46.501,0,-4.006701469421387,-19.054916381835938,77.23941040039062,-44.22468948364258,-88.85625457763672,36.5717658996582,-4.006701469421387,-19.054916381835938,77.23941040039062,-44.22468948364258,-88.85625457763672,36.5717658996582,36.66014350945858
46.533,0,-3.481740951538086,-17.44223976135254,76.5985336303711,-45.677978515625,-88.8643798828125,37.121089935302734,-3.481740951538086,-17.44223976135254,76.5985336303711,-45.677978515625,-88.8643798828125,37.121089935302734,36.66014350945858
46.569,0,-3.3030686378479004,-18.554561614990234,76.9976806640625,-44.76592254638672,-88.88632202148438,36.755226135253906,-3.3030686378479004,-18.554561614990234,76.9976806640625,-44.76592254638672,-88.88632202148438,36.755226135253906,36.399217221135025
46.601,0,-3.7843470573425293,-19.72948455810547,77.59487915039062,-43.80393981933594,-88.9360580444336,35.97693634033203,-3.7843470573425293,-19.72948455810547,77.59487915039062,-43.80393981933594,-88.9360580444336,35.97693634033203,36.59491193737769
46.635,0,-3.964334487915039,-18.611337661743164,76.99859619140625,-44.64576721191406,-88.8397445678711,36.56527328491211,-3.964334487915039,-18.611337661743164,76.99859619140625,-44.64576721191406,-88.8397445678711,36.56527328491211,36.79060665362035
46.673,0,-3.4327473640441895,-16.838985443115234,76.34807586669922,-46.20829772949219,-88.84487915039062,37.09175109863281,-3.4327473640441895,-16.838985443115234,76.34807586669922,-46.20829772949219,-88.84487915039062,37.09175109863281,36.72537508153946
46.702,0,-3.287538528442383,-17.87814712524414,76.74407196044922,-45.37181854248047,-88.87185668945312,36.712127685546875,-3.287538528442383,-17.87814712524414,76.74407196044922,-45.37181854248047,-88.87185668945312,36.712127685546875,36.5296803652968
46.733,0,-3.7554593086242676,-18.909574508666992,77.28929138183594,-44.50689697265625,-88.93743896484375,35.952545166015625,-3.7554593086242676,-18.909574508666992,77.28929138183594,-44.50689697265625,-88.93743896484375,35.952545166015625,36.5296803652968
46.768,0,-3.7940826416015625,-17.95982551574707,76.898193359375,-45.27918243408203,-88.84628295898438,36.568321228027344,-3.7940826416015625,-17.95982551574707,76.898193359375,-45.27918243408203,-88.84628295898438,36.568321228027344,36.5296803652968
46.800,0,-3.2324910163879395,-16.271833419799805,76.2378158569336,-46.80470657348633,-88.84476470947266,37.03425979614258,-3.2324910163879395,-16.271833419799805,76.2378158569336,-46.80470657348633,-88.84476470947266,37.03425979614258,36.5296803652968
46.837,0,-3.0980567932128906,-17.21782112121582,76.53104400634766,-45.958595275878906,-88.87847900390625,36.74821853637695,-3.0980567932128906,-17.21782112121582,76.53104400634766,-45.958595275878906,-88.87847900390625,36.74821853637695,36.33398564905414
46.869,0,-3.5612707138061523,-18.24126625061035,77.02690124511719,-45.032020568847656,-88.94548034667969,35.952239990234375,-3.5612707138061523,-18.24126625061035,77.02690124511719,-45.032020568847656,-88.94548034667969,35.952239990234375,36.5296803652968
46.901,0,-3.5792388916015625,-17.403018951416016,76.6541519165039,-45.631980895996094,-88.85973358154297,36.53620147705078,-3.5792388916015625,-17.403018951416016,76.6541519165039,-45.631980895996094,-88.85973358154297,36.53620147705078,36.66014350945858
46.935,0,-3.0163373947143555,-15.894145011901855,76.04173278808594,-47.024757385253906,-88.85261535644531,37.044097900390625,-3.0163373947143555,-15.894145011901855,76.04173278808594,-47.024757385253906,-88.85261535644531,37.044097900390625,36.66014350945858
46.968,0,-2.8360278606414795,-16.867122650146484,76.33303833007812,-46.14302062988281,-88.88143920898438,36.68543243408203,-2.8360278606414795,-16.867122650146484,76.33303833007812,-46.14302062988281,-88.88143920898438,36.68543243408203,36.464448793215915
47.001,0,-3.2664618492126465,-17.90215492248535,76.85477447509766,-45.26481246948242,-88.94944763183594,35.90081024169922,-3.2664618492126465,-17.90215492248535,76.85477447509766,-45.26481246948242,-88.94944763183594,35.90081024169922,36.59491193737769
47.035,0,-3.203921318054199,-16.940425872802734,76.44507598876953,-45.981895446777344,-88.8512954711914,36.46391677856445,-3.203921318054199,-16.940425872802734,76.44507598876953,-45.981895446777344,-88.8512954711914,36.46391677856445,36.72537508153946
47.069,0,-2.613013982772827,-15.418853759765625,75.86390686035156,-47.43025207519531,-88.84140014648438,36.940452575683594,-2.613013982772827,-15.418853759765625,75.86390686035156,-47.43025207519531,-88.84140014648438,36.940452575683594,36.66014350945858
47.102,0,-2.4279839992523193,-16.322463989257812,76.17325592041016,-46.63770294189453,-88.87032318115234,36.598388671875,-2.4279839992523193,-16.322463989257812,76.17325592041016,-46.63770294189453,-88.87032318115234,36.598388671875,36.399217221135025
47.136,0,-2.8974695205688477,-17.30605125427246,76.64433288574219,-45.79471206665039,-88.93031311035156,35.863739013671875,-2.8974695205688477,-17.30605125427246,76.64433288574219,-45.79471206665039,-88.93031311035156,35.863739013671875,36.464448793215915
47.170,0,-2.836836814880371,-16.44370460510254,76.26658630371094,-46.419158935546875,-88.83395385742188,36.39396667480469,-2.836836814880371,-16.44370460510254,76.26658630371094,-46.419158935546875,-88.83395385742188,36.39396667480469,36.59491193737769
47.201,0,-2.3734912872314453,-14.910492897033691,75.67992401123047,-47.78296661376953,-88.83670806884766,37.00985336303711,-2.3734912872314453,-14.910492897033691,75.67992401123047,-47.78296661376953,-88.83670806884766,37.00985336303711,36.5296803652968
47.236,0,-2.167147159576416,-15.782958984375,75.98617553710938,-47.03490447998047,-88.8682861328125,36.69345474243164,-2.167147159576416,-15.782958984375,75.98617553710938,-47.03490447998047,-88.8682861328125,36.69345474243164,36.20352250489237
47.279,0,-2.629329204559326,-16.770587921142578,76.49322509765625,-46.22618865966797,-88.9324951171875,35.98023223876953,-2.629329204559326,-16.770587921142578,76.49322509765625,-46.22618865966797,-88.9324951171875,35.98023223876953,36.399217221135025
47.308,0,-2.495063304901123,-15.639958381652832,76.01483154296875,-47.08327102661133,-88.82635498046875,36.60783767700195,-2.495063304901123,-15.639958381652832,76.01483154296875,-47.08327102661133,-88.82635498046875,36.60783767700195,36.5296803652968
47.343,0,-1.9213476181030273,-14.090842247009277,75.38829803466797,-48.54631805419922,-88.82555389404297,37.114349365234375,-1.9213476181030273,-14.090842247009277,75.38829803466797,-48.54631805419922,-88.82555389404297,37.114349365234375,36.5296803652968
47.374,0,-1.7635393142700195,-14.874537467956543,75.59307098388672,-47.763999938964844,-88.84426879882812,36.83154296875,-1.7635393142700195,-14.874537467956543,75.59307098388672,-47.763999938964844,-88.84426879882812,36.83154296875,36.33398564905414
47.411,0,-2.2051949501037598,-15.855895042419434,76.09353637695312,-46.966896057128906,-88.90514373779297,36.16523742675781,-2.2051949501037598,-15.855895042419434,76.09353637695312,-46.966896057128906,-88.90514373779297,36.16523742675781,36.5296803652968
47.441,0,-2.9087018966674805,-14.843523025512695,75.60321044921875,-47.59700012207031,-88.86912536621094,36.53485870361328,-2.9087018966674805,-14.843523025512695,75.60321044921875,-47.59700012207031,-88.86912536621094,36.53485870361328,36.66014350945858
47.474,0,-2.277334690093994,-13.470919609069824,74.9043960571289,-48.77153015136719,-88.86659240722656,37.027523040771484,-2.277334690093994,-13.470919609069824,74.9043960571289,-48.77153015136719,-88.86659240722656,37.027523040771484,36.66014350945858
47.508,0,-2.0862574577331543,-14.171195030212402,75.03055572509766,-47.99406814575195,-88.8720932006836,36.70784378051758,-2.0862574577331543,-14.171195030212402,75.03055572509766,-47.99406814575195,-88.8720932006836,36.70784378051758,36.59491193737769
47.542,0,-1.922237515449524,-15.300875663757324,75.42874908447266,-46.92333221435547,-88.91802215576172,36.07257843017578,-1.922237515449524,-15.300875663757324,75.42874908447266,-46.92333221435547,-88.91802215576172,36.07257843017578,36.59491193737769
47.575,0,-2.5796704292297363,-14.187309265136719,74.86929321289062,-47.613189697265625,-88.88729858398438,36.43754577636719,-2.5796704292297363,-14.187309265136719,74.86929321289062,-47.613189697265625,-88.88729858398438,36.43754577636719,36.72537508153946
47.608,0,-1.9875707626342773,-12.480504989624023,74.15892028808594,-49.179359436035156,-88.91244506835938,37.02155303955078,-1.9875707626342773,-12.480504989624023,74.15892028808594,-49.179359436035156,-88.91244506835938,37.02155303955078,36.66014350945858
47.643,0,-1.7585985660552979,-12.96883773803711,74.18302917480469,-48.59529113769531,-88.9269027709961,36.8341064453125,-1.7585985660552979,-12.96883773803711,74.18302917480469,-48.59529113769531,-88.9269027709961,36.8341064453125,36.5296803652968
47.677,0,-1.9037541151046753,-14.10696029663086,74.70309448242188,-47.62801742553711,-88.99310302734375,36.31951141357422,-1.9037541151046753,-14.10696029663086,74.70309448242188,-47.62801742553711,-88.99310302734375,36.31951141357422,36.59491193737769
47.708,0,-2.515956163406372,-12.565113067626953,73.98307037353516,-48.68678283691406,-88.97557067871094,36.84465026855469,-2.515956163406372,-12.565113067626953,73.98307037353516,-48.68678283691406,-88.97557067871094,36.84465026855469,36.72537508153946
47.743,0,-2.045976161956787,-12.074012756347656,73.7677993774414,-49.23451232910156,-89.02959442138672,36.99789047241211,-2.045976161956787,-12.074012756347656,73.7677993774414,-49.23451232910156,-89.02959442138672,36.99789047241211,36.66014350945858
47.775,0,-1.797193169593811,-12.593744277954102,73.80139923095703,-48.641929626464844,-89.04114532470703,36.86423873901367,-1.797193169593811,-12.593744277954102,73.80139923095703,-48.641929626464844,-89.04114532470703,36.86423873901367,36.66014350945858
47.809,0,-1.9206258058547974,-13.860616683959961,74.33958435058594,-47.575721740722656,-89.11679077148438,36.28703689575195,-1.9206258058547974,-13.860616683959961,74.33958435058594,-47.575721740722656,-89.11679077148438,36.28703689575195,36.79060665362035
47.844,0,-2.493248224258423,-11.969449996948242,73.53797912597656,-48.947574615478516,-89.09265899658203,36.908660888671875,-2.493248224258423,-11.969449996948242,73.53797912597656,-48.947574615478516,-89.09265899658203,36.908660888671875,36.79060665362035
47.875,0,-1.752219796180725,-10.965965270996094,73.02464294433594,-49.72303771972656,-89.08013916015625,37.215431213378906,-1.752219796180725,-10.965965270996094,73.02464294433594,-49.72303771972656,-89.08013916015625,37.215431213378906,36.79060665362035
47.914,0,-1.4399349689483643,-11.445907592773438,72.99282836914062,-49.12601089477539,-89.09162902832031,37.201908111572266,-1.4399349689483643,-11.445907592773438,72.99282836914062,-49.12601089477539,-89.09162902832031,37.201908111572266,36.66014350945858
47.945,0,-1.016260027885437,-12.58395004272461,73.45014953613281,-48.139163970947266,-89.12193298339844,36.71013259887695,-1.016260027885437,-12.58395004272461,73.45014953613281,-48.139163970947266,-89.12193298339844,36.71013259887695,36.855838225701234
47.977,0,-1.5625141859054565,-10.9761962890625,72.79949188232422,-49.39192581176758,-89.11522674560547,37.28235626220703,-1.5625141859054565,-10.9761962890625,72.79949188232422,-49.39192581176758,-89.11522674560547,37.28235626220703,36.921069797782124
48.010,0,-0.7840938568115234,-9.978300094604492,72.32489776611328,-50.18146896362305,-89.10409545898438,37.662349700927734,-0.7840938568115234,-9.978300094604492,72.32489776611328,-50.18146896362305,-89.10409545898438,37.662349700927734,36.921069797782124
48.042,0,-0.6477177143096924,-10.264663696289062,72.32331848144531,-49.773193359375,-89.12275695800781,37.764766693115234,-0.6477177143096924,-10.264663696289062,72.32331848144531,-49.773193359375,-89.12275695800781,37.764766693115234,36.921069797782124
48.077,0,-0.7175670862197876,-11.26385498046875,72.77854919433594,-48.92091369628906,-89.18577575683594,37.26538848876953,-0.7175670862197876,-11.26385498046875,72.77854919433594,-48.92091369628906,-89.18577575683594,37.26538848876953,37.11676451402479
48.115,0,-1.4406392574310303,-10.826019287109375,72.46537017822266,-49.15827178955078,-89.2239990234375,37.493038177490234,-1.4406392574310303,-10.826019287109375,72.46537017822266,-49.15827178955078,-89.2239990234375,37.493038177490234,37.37769080234833
48.148,0,-0.6272653341293335,-9.942039489746094,72.0075912475586,-49.840179443359375,-89.2004165649414,37.821834564208984,-0.6272653341293335,-9.942039489746094,72.0075912475586,-49.840179443359375,-89.2004165649414,37.821834564208984,37.31245923026745
48.176,0,-0.5629886984825134,-10.649688720703125,72.24519348144531,-49.18962097167969,-89.22300720214844,37.90007781982422,-0.5629886984825134,-10.649688720703125,72.24519348144531,-49.18962097167969,-89.22300720214844,37.90007781982422,37.31245923026745
48.210,0,-0.36920636892318726,-11.468240737915039,72.60417938232422,-48.47031784057617,-89.26996612548828,37.565677642822266,-0.36920636892318726,-11.468240737915039,72.60417938232422,-48.47031784057617,-89.26996612548828,37.565677642822266,37.37769080234833
48.253,0,-0.6818329095840454,-12.284208297729492,72.95195007324219,-47.95819091796875,-89.27792358398438,37.28498077392578,-0.6818329095840454,-12.284208297729492,72.95195007324219,-47.95819091796875,-89.27792358398438,37.28498077392578,37.44292237442922
48.282,0,0.10388535261154175,-11.299358367919922,72.43260192871094,-48.73601150512695,-89.24727630615234,37.822669982910156,0.10388535261154175,-11.299358367919922,72.43260192871094,-48.73601150512695,-89.24727630615234,37.822669982910156,37.508153946510106
48.315,0,0.08261537551879883,-10.33729362487793,71.99246978759766,-49.246402740478516,-89.1724853515625,38.27379608154297,0.08261537551879883,-10.33729362487793,71.99246978759766,-49.246402740478516,-89.1724853515625,38.27379608154297,37.508153946510106
48.349,0,0.19136452674865723,-11.207927703857422,72.51944732666016,-48.61848449707031,-89.23263549804688,37.93745040893555,0.19136452674865723,-11.207927703857422,72.51944732666016,-48.61848449707031,-89.23263549804688,37.93745040893555,37.508153946510106
48.381,0,-0.008609592914581299,-12.135553359985352,72.88812255859375,-48.047916412353516,-89.23505401611328,37.6354866027832,-0.008609592914581299,-12.135553359985352,72.88812255859375,-48.047916412353516,-89.23505401611328,37.6354866027832,37.638617090671886
48.415,0,0.3417559862136841,-11.62135124206543,72.9499740600586,-48.8275146484375,-89.27940368652344,38.08441925048828,0.3417559862136841,-11.62135124206543,72.9499740600586,-48.8275146484375,-89.27940368652344,38.08441925048828,37.76908023483366
48.448,0,0.33397889137268066,-10.662761688232422,72.47726440429688,-49.28672790527344,-89.20743560791016,38.619468688964844,0.33397889137268066,-10.662761688232422,72.47726440429688,-49.28672790527344,-89.20743560791016,38.619468688964844,37.70384866275277
48.480,0,-0.052235960960388184,-11.65042495727539,73.05189514160156,-48.658119201660156,-89.22021484375,38.213932037353516,-0.052235960960388184,-11.65042495727539,73.05189514160156,-48.658119201660156,-89.22021484375,38.213932037353516,37.70384866275277
48.516,0,-0.4111480414867401,-12.782794952392578,73.54238891601562,-47.877662658691406,-89.2424087524414,37.84981918334961,-0.4111480414867401,-12.782794952392578,73.54238891601562,-47.877662658691406,-89.2424087524414,37.84981918334961,37.89954337899543
48.548,0,-0.25302058458328247,-11.878965377807617,73.05653381347656,-48.22068786621094,-89.12014770507812,38.3017578125,-0.25302058458328247,-11.878965377807617,73.05653381347656,-48.22068786621094,-89.12014770507812,38.3017578125,38.095238095238095
48.582,0,-0.17259812355041504,-10.717096328735352,72.52613830566406,-48.80858612060547,-89.00611114501953,38.9250373840332,-0.17259812355041504,-10.717096328735352,72.52613830566406,-48.80858612060547,-89.00611114501953,38.9250373840332,38.030006523157205
48.616,0,-0.5688281059265137,-11.656864166259766,72.93191528320312,-48.18464660644531,-88.99434661865234,38.750152587890625,-0.5688281059265137,-11.656864166259766,72.93191528320312,-48.18464660644531,-88.99434661865234,38.750152587890625,38.030006523157205
48.648,0,-0.14348548650741577,-11.322364807128906,72.95748138427734,-48.73005676269531,-88.99980163574219,39.1231803894043,-0.14348548650741577,-11.322364807128906,72.95748138427734,-48.73005676269531,-88.99980163574219,39.1231803894043,38.16046966731898
48.681,0,0.3318204879760742,-11.064380645751953,73.05921173095703,-49.259708404541016,-89.0218734741211,39.38233947753906,0.33182048797607433,-11.064380645751953,73.05921173095703,-49.259708404541016,-89.0218734741211,39.38233947753906,38.42139595564253
48.714,0,0.09189993143081665,-12.080961227416992,73.69143676757812,-48.62675476074219,-89.01207733154297,38.89686965942383,0.09189993143081665,-12.080961227416992,73.69143676757812,-48.62675476074219,-89.01207733154297,38.89686965942383,38.486627527723414
48.749,0,-0.3282330632209778,-13.016908645629883,74.08993530273438,-48.00969696044922,-89.009521484375,38.683067321777344,-0.3282330632209778,-13.016908645629883,74.08993530273438,-48.00969696044922,-89.009521484375,38.683067321777344,38.81278538812785
48.782,0,-0.41264107823371887,-11.419820785522461,73.48722076416016,-49.34931945800781,-89.06793212890625,39.20458221435547,-0.41264107823371887,-11.419820785522461,73.48722076416016,-49.34931945800781,-89.06793212890625,39.20458221435547,38.87801696020874
48.815,0,-0.26226484775543213,-10.296335220336914,72.78941345214844,-49.688987731933594,-88.9383544921875,39.58856201171875,-0.26226484775543213,-10.296335220336914,72.78941345214844,-49.688987731933594,-88.9383544921875,39.58856201171875,38.87801696020874
48.851,0,-0.5218982100486755,-11.354747772216797,73.44145202636719,-49.02940368652344,-88.9380111694336,39.05787658691406,-0.5218982100486755,-11.354747772216797,73.44145202636719,-49.02940368652344,-88.9380111694336,39.05787658691406,38.87801696020874
48.883,0,-0.7149096131324768,-11.620126724243164,73.48799133300781,-48.89641571044922,-88.93331909179688,39.1173095703125,-0.7149096131324768,-11.620126724243164,73.48799133300781,-48.89641571044922,-88.93331909179688,39.1173095703125,39.0737116764514
48.915,0,-0.09129071235656738,-10.361404418945312,73.08304595947266,-50.109764099121094,-88.94369506835938,39.62425231933594,-0.09129071235656738,-10.361404418945312,73.08304595947266,-50.109764099121094,-88.94369506835938,39.62425231933594,39.138943248532286
48.951,0,0.06864959001541138,-9.275714874267578,72.52071380615234,-50.5341682434082,-88.80657196044922,40.094993591308594,0.06864959001541138,-9.275714874267578,72.52071380615234,-50.5341682434082,-88.80657196044922,40.094993591308594,39.0737116764514
49.017,0,-0.19545572996139526,-10.310867309570312,73.15513610839844,-49.91215896606445,-88.80722045898438,39.53961181640625,-0.19545572996139526,-10.310867309570312,73.15513610839844,-49.91215896606445,-88.80722045898438,39.53961181640625,39.0737116764514
49.048,0,-0.4323456883430481,-9.007221221923828,72.56648254394531,-50.925315856933594,-88.7825698852539,40.245216369628906,-0.4323456883430481,-9.007221221923828,72.56648254394531,-50.925315856933594,-88.7825698852539,40.245216369628906,39.595564253098495
49.085,0,-0.574082612991333,-7.83244514465332,72.19546508789062,-51.98346710205078,-88.84197235107422,40.663902282714844,-0.574082612991333,-7.83244514465332,72.19546508789062,-51.98346710205078,-88.84197235107422,40.663902282714844,39.660795825179385
49.117,0,-0.3381991386413574,-8.815322875976562,72.63042449951172,-51.12107849121094,-88.83841705322266,40.33567810058594,-0.3381991386413574,-8.815322875976562,72.63042449951172,-51.12107849121094,-88.83841705322266,40.33567810058594,39.660795825179385
49.149,0,-0.6350593566894531,-9.90347671508789,73.3138656616211,-50.421897888183594,-88.83234405517578,39.80663299560547,-0.6350593566894531,-9.90347671508789,73.3138656616211,-50.421897888183594,-88.83234405517578,39.80663299560547,39.92172211350293
49.180,0,-0.5254421234130859,-9.869054794311523,73.15116882324219,-50.503631591796875,-88.80989074707031,40.15795135498047,-0.5254421234130859,-9.869054794311523,73.15116882324219,-50.503631591796875,-88.80989074707031,40.15795135498047,40.11741682974559
49.214,0,-0.737356960773468,-8.974077224731445,72.88999938964844,-51.332550048828125,-88.85395812988281,40.462913513183594,-0.737356960773468,-8.974077224731445,72.88999938964844,-51.332550048828125,-88.85395812988281,40.462913513183594,40.05218525766471
49.247,0,-0.4325409531593323,-9.966493606567383,73.26380920410156,-50.40618133544922,-88.86709594726562,40.145286560058594,-0.4325409531593323,-9.966493606567383,73.26380920410156,-50.40618133544922,-88.86709594726562,40.145286560058594,39.92172211350293
49.282,0,-0.6804497241973877,-10.958963394165039,73.85659790039062,-49.731163024902344,-88.87244415283203,39.52742385864258,-0.6804497241973877,-10.958963394165039,73.85659790039062,-49.731163024902344,-88.87244415283203,39.52742385864258,39.92172211350293
49.313,0,-0.15691256523132324,-11.139787673950195,73.7835693359375,-49.650638580322266,-88.84530639648438,39.93785095214844,-0.15691256523132324,-11.139787673950195,73.7835693359375,-49.650638580322266,-88.84530639648438,39.93785095214844,40.05218525766471
49.347,0,-0.16383624076843262,-10.060539245605469,73.39295959472656,-50.59459686279297,-88.9072494506836,40.16880798339844,-0.16383624076843262,-10.060539245605469,73.39295959472656,-50.59459686279297,-88.9072494506836,40.16880798339844,40.05218525766471
49.382,0,0.2972356081008911,-11.223112106323242,73.9996566772461,-49.788734436035156,-88.89479064941406,39.76905059814453,0.2972356081008912,-11.223112106323242,73.9996566772461,-49.788734436035156,-88.89479064941406,39.76905059814453,39.85649054142205
49.413,0,-0.07986241579055786,-12.1937255859375,74.57172393798828,-49.15381622314453,-88.8760986328125,39.15560531616211,-0.07986241579055786,-12.1937255859375,74.57172393798828,-49.15381622314453,-88.8760986328125,39.15560531616211,39.92172211350293
49.448,0,-0.33065879344940186,-11.886690139770508,74.250732421875,-49.3568115234375,-88.9085922241211,39.55743408203125,-0.33065879344940186,-11.886690139770508,74.250732421875,-49.3568115234375,-88.9085922241211,39.55743408203125,39.92172211350293
49.488,0,-0.15697085857391357,-10.353900909423828,73.6856918334961,-50.66781234741211,-88.92097473144531,39.91896057128906,-0.15697085857391357,-10.353900909423828,73.6856918334961,-50.66781234741211,-88.92097473144531,39.91896057128906,39.79125896934116
49.518,0,-0.2563823461532593,-11.526416778564453,74.36578369140625,-49.8839111328125,-88.95382690429688,39.48335266113281,-0.2563823461532593,-11.526416778564453,74.36578369140625,-49.8839111328125,-88.95382690429688,39.48335266113281,39.660795825179385
49.550,0,0.08561837673187256,-12.575428009033203,74.93087005615234,-49.14673614501953,-88.91944885253906,38.80142593383789,0.08561837673187256,-12.575428009033203,74.93087005615234,-49.14673614501953,-88.91944885253906,38.80142593383789,39.660795825179385
49.582,0,-0.11796307563781738,-12.292041778564453,74.65440368652344,-49.39113235473633,-88.94487762451172,39.09798812866211,-0.11796307563781738,-12.292041778564453,74.65440368652344,-49.39113235473633,-88.94487762451172,39.09798812866211,39.660795825179385
49.618,0,0.029795467853546143,-10.68297004699707,74.07508850097656,-50.787994384765625,-88.97956848144531,39.532386779785156,0.029795467853546143,-10.68297004699707,74.07508850097656,-50.787994384765625,-88.97956848144531,39.532386779785156,39.53033268101761
49.650,0,-0.06200695037841797,-11.816776275634766,74.78816986083984,-50.0900993347168,-89.01616668701172,38.99558639526367,-0.06200695037841797,-11.816776275634766,74.78816986083984,-50.0900993347168,-89.01616668701172,38.99558639526367,39.26940639269406
49.683,0,0.38578712940216064,-12.91427230834961,75.30711364746094,-49.26507568359375,-88.9813461303711,38.22322082519531,0.38578712940216076,-12.91427230834961,75.30711364746094,-49.26507568359375,-88.9813461303711,38.22322082519531,39.33463796477495
49.718,0,-0.05336296558380127,-12.34475326538086,75.0353012084961,-49.87901306152344,-88.98628234863281,38.51963424682617,-0.05336296558380127,-12.34475326538086,75.0353012084961,-49.87901306152344,-88.98628234863281,38.51963424682617,39.33463796477495
49.750,0,0.3903381824493408,-10.834554672241211,74.47895812988281,-51.23530578613281,-88.98584747314453,38.990943908691406,0.39033818244934093,-10.834554672241211,74.47895812988281,-51.23530578613281,-88.98584747314453,38.990943908691406,39.00848010437051
49.786,0,0.4737926721572876,-11.958351135253906,75.06636047363281,-50.41825866699219,-89.04926300048828,38.31144714355469,0.4737926721572877,-11.958351135253906,75.06636047363281,-50.41825866699219,-89.04926300048828,38.31144714355469,38.74755381604697
49.829,0,0.9526187181472778,-13.002817153930664,75.58706665039062,-49.68079376220703,-89.01915740966797,37.504791259765625,0.9526187181472779,-13.002817153930664,75.58706665039062,-49.68079376220703,-89.01915740966797,37.504791259765625,38.74755381604697
49.859,0,0.5032229423522949,-12.41552734375,75.31562805175781,-50.26527404785156,-89.0147705078125,37.787742614746094,0.503222942352295,-12.41552734375,75.31562805175781,-50.26527404785156,-89.0147705078125,37.787742614746094,38.68232224396608
49.895,0,0.6787467002868652,-11.07293701171875,74.90299224853516,-51.56834411621094,-89.04331970214844,38.05511474609375,0.6787467002868652,-11.07293701171875,74.90299224853516,-51.56834411621094,-89.04331970214844,38.05511474609375,38.551859099804304
49.923,0,0.43097174167633057,-11.868608474731445,75.3465347290039,-50.95974349975586,-89.06037139892578,37.642940521240234,0.4309717416763306,-11.868608474731445,75.3465347290039,-50.95974349975586,-89.06037139892578,37.642940521240234,38.095238095238095
49.959,0,0.8873432874679565,-12.848072052001953,75.66812896728516,-50.044673919677734,-89.03764343261719,37.10563278198242,0.8873432874679565,-12.848072052001953,75.66812896728516,-50.044673919677734,-89.03764343261719,37.10563278198242,38.030006523157205
49.990,0,0.4640611410140991,-12.259016036987305,75.46642303466797,-50.6181640625,-89.02960205078125,37.50279235839844,0.4640611410140992,-12.259016036987305,75.46642303466797,-50.6181640625,-89.02960205078125,37.50279235839844,37.96477495107632
50.025,0,0.6492451429367065,-11.157426834106445,75.10604095458984,-51.66822814941406,-89.04436492919922,37.66936492919922,0.6492451429367065,-11.157426834106445,75.10604095458984,-51.66822814941406,-89.04436492919922,37.66936492919922,37.83431180691454
50.057,0,1.099324107170105,-11.989158630371094,75.26286315917969,-50.750205993652344,-89.0245361328125,37.68357849121094,1.099324107170105,-11.989158630371094,75.26286315917969,-50.750205993652344,-89.0245361328125,37.68357849121094,37.573385518590996
50.093,0,1.5786279439926147,-12.85200309753418,75.5762710571289,-49.94908142089844,-88.98914337158203,37.36882781982422,1.5786279439926147,-12.85200309753418,75.5762710571289,-49.94908142089844,-88.98914337158203,37.36882781982422,37.573385518590996
50.126,0,1.158030390739441,-12.109935760498047,75.2685317993164,-50.65020751953125,-88.97769165039062,37.776763916015625,1.158030390739441,-12.109935760498047,75.2685317993164,-50.65020751953125,-88.97769165039062,37.776763916015625,37.573385518590996
50.160,0,2.0045647621154785,-10.499828338623047,74.67286682128906,-52.09280014038086,-88.93968963623047,38.09657669067383,2.0045647621154785,-10.499828338623047,74.67286682128906,-52.09280014038086,-88.93968963623047,38.09657669067383,37.508153946510106
50.192,0,1.9511340856552124,-11.471067428588867,75.0797119140625,-51.30317687988281,-88.9787368774414,37.80109786987305,1.9511340856552124,-11.471067428588867,75.0797119140625,-51.30317687988281,-88.9787368774414,37.80109786987305,37.508153946510106
50.226,0,2.4324822425842285,-12.281824111938477,75.33576965332031,-50.48173522949219,-88.92329406738281,37.50145721435547,2.4324822425842285,-12.281824111938477,75.33576965332031,-50.48173522949219,-88.92329406738281,37.50145721435547,37.638617090671886
50.259,0,1.8884700536727905,-12.137664794921875,75.02535247802734,-50.419334411621094,-88.89582061767578,37.953948974609375,1.8884700536727905,-12.137664794921875,75.02535247802734,-50.419334411621094,-88.89582061767578,37.953948974609375,37.70384866275277
50.294,0,2.7019600868225098,-10.317758560180664,74.35619354248047,-52.02729034423828,-88.87357330322266,38.409034729003906,2.7019600868225098,-10.317758560180664,74.35619354248047,-52.02729034423828,-88.87357330322266,38.409034729003906,37.70384866275277
50.340,0,2.635840892791748,-11.121707916259766,74.6591567993164,-51.295265197753906,-88.91202545166016,38.18673324584961,2.635840892791748,-11.121707916259766,74.6591567993164,-51.295265197753906,-88.91202545166016,38.18673324584961,37.70384866275277
50.370,0,3.2240657806396484,-12.054117202758789,75.05978393554688,-50.488006591796875,-88.87680053710938,38.0266227722168,3.2240657806396484,-12.054117202758789,75.05978393554688,-50.488006591796875,-88.87680053710938,38.0266227722168,37.76908023483366
50.404,0,2.7460618019104004,-11.575387954711914,74.63261413574219,-50.68978500366211,-88.82319641113281,38.58699035644531,2.7460618019104004,-11.575387954711914,74.63261413574219,-50.68978500366211,-88.82319641113281,38.58699035644531,37.89954337899543
50.433,0,3.63560152053833,-9.930257797241211,74.04058837890625,-52.204376220703125,-88.80001831054688,39.056846618652344,3.63560152053833,-9.930257797241211,74.04058837890625,-52.204376220703125,-88.80001831054688,39.056846618652344,37.89954337899543
50.468,0,3.5887041091918945,-10.908950805664062,74.4073715209961,-51.359764099121094,-88.81355285644531,38.78719711303711,3.5887041091918945,-10.908950805664062,74.4073715209961,-51.359764099121094,-88.81355285644531,38.78719711303711,37.89954337899543
50.501,0,4.24621057510376,-11.763683319091797,74.80062866210938,-50.63264083862305,-88.78876495361328,38.29564666748047,4.24621057510376,-11.763683319091797,74.80062866210938,-50.63264083862305,-88.78876495361328,38.29564666748047,38.22570123939987
50.535,0,3.8244524002075195,-11.452802658081055,74.43719482421875,-50.73154067993164,-88.74388122558594,38.87255096435547,3.8244524002075195,-11.452802658081055,74.43719482421875,-50.73154067993164,-88.74388122558594,38.87255096435547,38.42139595564253
50.570,0,4.204989433288574,-10.684629440307617,74.17539978027344,-51.48291015625,-88.77729034423828,38.895782470703125,4.204989433288574,-10.684629440307617,74.17539978027344,-51.48291015625,-88.77729034423828,38.895782470703125,38.42139595564253
50.613,0,4.170498371124268,-11.702278137207031,74.66532897949219,-50.70311737060547,-88.81687927246094,38.47085189819336,4.170498371124268,-11.702278137207031,74.66532897949219,-50.70311737060547,-88.81687927246094,38.47085189819336,38.486627527723414
50.645,0,4.675160884857178,-12.47232437133789,74.89372253417969,-49.884971618652344,-88.74531555175781,38.33769989013672,4.675160884857178,-12.47232437133789,74.89372253417969,-49.884971618652344,-88.74531555175781,38.33769989013672,38.617090671885194
50.677,0,4.193968772888184,-12.168825149536133,74.52090454101562,-49.9610710144043,-88.70215606689453,38.93296432495117,4.193968772888184,-12.168825149536133,74.52090454101562,-49.9610710144043,-88.70215606689453,38.93296432495117,38.617090671885194
50.709,0,4.5831193923950195,-11.232316970825195,74.23041534423828,-50.870399475097656,-88.7449722290039,39.03160095214844,4.5831193923950195,-11.232316970825195,74.23041534423828,-50.870399475097656,-88.7449722290039,39.03160095214844,38.617090671885194
50.742,0,4.55940580368042,-12.207939147949219,74.6676025390625,-50.06924057006836,-88.76876068115234,38.71055603027344,4.55940580368042,-12.207939147949219,74.6676025390625,-50.06924057006836,-88.76876068115234,38.71055603027344,38.551859099804304
50.775,0,5.17799711227417,-13.138782501220703,75.0628662109375,-49.271114349365234,-88.71524810791016,38.10544204711914,5.17799711227417,-13.138782501220703,75.0628662109375,-49.271114349365234,-88.71524810791016,38.10544204711914,38.617090671885194
50.811,0,4.837372303009033,-12.837907791137695,74.7811050415039,-49.48573303222656,-88.68759155273438,38.56159210205078,4.837372303009033,-12.837907791137695,74.7811050415039,-49.48573303222656,-88.68759155273438,38.56159210205078,38.68232224396608
50.842,0,5.536491870880127,-10.899757385253906,74.11650848388672,-51.12799835205078,-88.7239990234375,38.99386978149414,5.536491870880127,-10.899757385253906,74.11650848388672,-51.12799835205078,-88.7239990234375,38.99386978149414,38.617090671885194
50.877,0,5.498101711273193,-11.75799560546875,74.49916076660156,-50.41258239746094,-88.7536849975586,38.668312072753906,5.498101711273193,-11.75799560546875,74.49916076660156,-50.41258239746094,-88.7536849975586,38.668312072753906,38.486627527723414
50.913,0,5.427417278289795,-12.635231018066406,74.9281997680664,-49.6956787109375,-88.67877960205078,38.229103088378906,5.427417278289795,-12.635231018066406,74.9281997680664,-49.6956787109375,-88.67877960205078,38.229103088378906,38.617090671885194
50.945,0,5.095036029815674,-12.410211563110352,74.63648986816406,-49.74168395996094,-88.62792205810547,38.74306106567383,5.095036029815674,-12.410211563110352,74.63648986816406,-49.74168395996094,-88.62792205810547,38.74306106567383,38.68232224396608
50.977,0,5.246531963348389,-10.742782592773438,74.14167022705078,-51.19664001464844,-88.61085510253906,39.17447280883789,5.246531963348389,-10.742782592773438,74.14167022705078,-51.19664001464844,-88.61085510253906,39.17447280883789,38.617090671885194
51.010,0,5.3424391746521,-11.564563751220703,74.41494750976562,-50.375221252441406,-88.63294219970703,39.01665115356445,5.3424391746521,-11.564563751220703,74.41494750976562,-50.375221252441406,-88.63294219970703,39.01665115356445,38.551859099804304
51.043,0,5.326003074645996,-12.482975006103516,74.80535888671875,-49.6761589050293,-88.61601257324219,38.40968704223633,5.326003074645996,-12.482975006103516,74.80535888671875,-49.6761589050293,-88.61601257324219,38.40968704223633,38.551859099804304
51.077,0,4.962367057800293,-12.06583023071289,74.5291976928711,-50.016807556152344,-88.58216094970703,38.84913635253906,4.962367057800293,-12.06583023071289,74.5291976928711,-50.016807556152344,-88.58216094970703,38.84913635253906,38.68232224396608
51.110,0,5.534762859344482,-10.391820907592773,74.08610534667969,-51.53289794921875,-88.55290222167969,39.369056701660156,5.534762859344482,-10.391820907592773,74.08610534667969,-51.53289794921875,-88.55290222167969,39.369056701660156,38.74755381604697
51.153,0,5.657063961029053,-11.199779510498047,74.3726577758789,-50.74988555908203,-88.59661865234375,39.227622985839844,5.657063961029053,-11.199779510498047,74.3726577758789,-50.74988555908203,-88.59661865234375,39.227622985839844,38.617090671885194
51.183,0,5.675812244415283,-12.101409912109375,74.83944702148438,-50.13829803466797,-88.56956481933594,38.62502670288086,5.675812244415283,-12.101409912109375,74.83944702148438,-50.13829803466797,-88.56956481933594,38.62502670288086,38.81278538812785
51.214,0,5.3352460861206055,-11.694488525390625,74.54598236083984,-50.46141815185547,-88.5434341430664,39.023681640625,5.3352460861206055,-11.694488525390625,74.54598236083984,-50.46141815185547,-88.5434341430664,39.023681640625,39.00848010437051
51.249,0,5.50385046005249,-10.117938995361328,74.20065307617188,-51.91693115234375,-88.51753234863281,39.40795135498047,5.50385046005249,-10.117938995361328,74.20065307617188,-51.91693115234375,-88.51753234863281,39.40795135498047,39.00848010437051
51.287,0,5.62450647354126,-10.850292205810547,74.44292449951172,-51.20787048339844,-88.54487609863281,39.27678680419922,5.62450647354126,-10.850292205810547,74.44292449951172,-51.20787048339844,-88.54487609863281,39.27678680419922,39.00848010437051
51.317,0,5.730014324188232,-11.848424911499023,74.94654083251953,-50.52251434326172,-88.53997802734375,38.70771789550781,5.730014324188232,-11.848424911499023,74.94654083251953,-50.52251434326172,-88.53997802734375,38.70771789550781,39.0737116764514
51.351,0,5.424681663513184,-11.709722518920898,74.86202239990234,-50.712955474853516,-88.50511169433594,38.98555374145508,5.424681663513184,-11.709722518920898,74.86202239990234,-50.712955474853516,-88.50511169433594,38.98555374145508,39.138943248532286
51.383,0,5.667349815368652,-9.780349731445312,74.33209228515625,-52.399993896484375,-88.47010040283203,39.54753875732422,5.667349815368652,-9.780349731445312,74.33209228515625,-52.399993896484375,-88.47010040283203,39.54753875732422,39.138943248532286
51.419,0,5.7588958740234375,-10.587478637695312,74.69817352294922,-51.70494842529297,-88.49578857421875,39.37261199951172,5.7588958740234375,-10.587478637695312,74.69817352294922,-51.70494842529297,-88.49578857421875,39.37261199951172,39.0737116764514
51.451,0,5.478779315948486,-9.82305908203125,74.36202239990234,-52.40996551513672,-88.447265625,39.92949676513672,5.478779315948486,-9.82305908203125,74.36202239990234,-52.40996551513672,-88.447265625,39.92949676513672,39.0737116764514
51.484,0,5.195842266082764,-9.667211532592773,74.26693725585938,-52.63146209716797,-88.39324188232422,40.177310943603516,5.195842266082764,-9.667211532592773,74.26693725585938,-52.63146209716797,-88.39324188232422,40.177310943603516,39.138943248532286
51.518,0,5.130344867706299,-7.710027694702148,73.67737579345703,-54.306129455566406,-88.38240051269531,40.752296447753906,5.130344867706299,-7.710027694702148,73.67737579345703,-54.306129455566406,-88.38240051269531,40.752296447753906,39.138943248532286
51.552,0,5.122181415557861,-8.430904388427734,74.02234649658203,-53.74036407470703,-88.37523651123047,40.19727325439453,5.122181415557861,-8.430904388427734,74.02234649658203,-53.74036407470703,-88.37523651123047,40.19727325439453,39.46510110893672
51.585,0,5.154399871826172,-9.195062637329102,74.35652160644531,-53.1616096496582,-88.35106658935547,39.75559997558594,5.154399871826172,-9.195062637329102,74.35652160644531,-53.1616096496582,-88.35106658935547,39.75559997558594,39.726027397260275
51.620,0,5.806798934936523,-7.316509246826172,73.84371948242188,-54.86146545410156,-88.30809783935547,40.27375030517578,5.806798934936523,-7.316509246826172,73.84371948242188,-54.86146545410156,-88.30809783935547,40.27375030517578,40.05218525766471
51.653,0,5.9395751953125,-8.007497787475586,74.04743957519531,-54.17533874511719,-88.32543182373047,40.17695236206055,5.9395751953125,-8.007497787475586,74.04743957519531,-54.17533874511719,-88.32543182373047,40.17695236206055,39.98695368558382
51.684,0,5.900596618652344,-8.83869743347168,74.470703125,-53.58563232421875,-88.31800842285156,39.57273864746094,5.900596618652344,-8.83869743347168,74.470703125,-53.58563232421875,-88.31800842285156,39.57273864746094,39.92172211350293
51.719,0,5.548269748687744,-8.191587448120117,74.10811614990234,-54.12643814086914,-88.28792572021484,40.10376739501953,5.548269748687744,-8.191587448120117,74.10811614990234,-54.12643814086914,-88.28792572021484,40.10376739501953,39.92172211350293
51.752,0,5.744454383850098,-6.140527725219727,73.53318786621094,-55.943946838378906,-88.25074768066406,40.65067672729492,5.744454383850098,-6.140527725219727,73.53318786621094,-55.943946838378906,-88.25074768066406,40.65067672729492,39.92172211350293
51.785,0,5.879421710968018,-6.727500915527344,73.6858901977539,-55.346641540527344,-88.25890350341797,40.58245849609375,5.879421710968018,-6.727500915527344,73.6858901977539,-55.346641540527344,-88.25890350341797,40.58245849609375,39.85649054142205
51.818,0,5.837413787841797,-7.515829086303711,74.08553314208984,-54.78270721435547,-88.25286102294922,40.01504898071289,5.837413787841797,-7.515829086303711,74.08553314208984,-54.78270721435547,-88.25286102294922,40.01504898071289,39.92172211350293
51.852,0,5.528610706329346,-6.748968124389648,73.73616027832031,-55.48102569580078,-88.2565689086914,40.56715393066406,5.528610706329346,-6.748968124389648,73.73616027832031,-55.48102569580078,-88.2565689086914,40.56715393066406,40.182648401826484
51.896,0,5.692235946655273,-4.932003021240234,73.24346160888672,-57.11174011230469,-88.24185180664062,41.05128479003906,5.692235946655273,-4.932003021240234,73.24346160888672,-57.11174011230469,-88.24185180664062,41.05128479003906,40.24787997390737
51.928,0,5.766112327575684,-5.417320251464844,73.36839294433594,-56.63892364501953,-88.2648696899414,40.95573425292969,5.766112327575684,-5.417320251464844,73.36839294433594,-56.63892364501953,-88.2648696899414,40.95573425292969,40.182648401826484
51.960,0,5.763905048370361,-6.127012252807617,73.66159057617188,-56.061302185058594,-88.26618194580078,40.42454528808594,5.763905048370361,-6.127012252807617,73.66159057617188,-56.061302185058594,-88.26618194580078,40.42454528808594,40.37834311806915
51.994,0,5.442969799041748,-5.43634033203125,73.34304809570312,-56.7004508972168,-88.2675552368164,40.89900207519531,5.442969799041748,-5.43634033203125,73.34304809570312,-56.7004508972168,-88.2675552368164,40.89900207519531,40.63926940639269
52.030,0,5.571931838989258,-3.3483448028564453,72.80094146728516,-58.601463317871094,-88.26914978027344,41.548851013183594,5.571931838989258,-3.3483448028564453,72.80094146728516,-58.601463317871094,-88.26914978027344,41.548851013183594,40.5740378343118
52.060,0,5.6307902336120605,-3.8685035705566406,72.92393493652344,-58.06575012207031,-88.28450012207031,41.412193298339844,5.6307902336120605,-3.8685035705566406,72.92393493652344,-58.06575012207031,-88.28450012207031,41.412193298339844,40.5740378343118
52.095,0,5.821797847747803,-4.400762557983398,73.13754272460938,-57.613059997558594,-88.2915267944336,40.98344802856445,5.821797847747803,-4.400762557983398,73.13754272460938,-57.613059997558594,-88.2915267944336,40.98344802856445,40.704500978473575
52.127,0,5.6101765632629395,-3.715240478515625,72.75201416015625,-58.19245910644531,-88.28772735595703,41.316871643066406,5.6101765632629395,-3.715240478515625,72.75201416015625,-58.19245910644531,-88.28772735595703,41.316871643066406,41.03065883887801
52.159,0,5.615812301635742,-1.5205211639404297,72.08961486816406,-60.11309814453125,-88.2801742553711,42.07630920410156,5.615812301635742,-1.5205211639404297,72.08961486816406,-60.11309814453125,-88.2801742553711,42.07630920410156,41.03065883887801
52.192,0,5.546156883239746,-2.294525146484375,72.54566192626953,-59.529563903808594,-88.28688049316406,41.716636657714844,5.546156883239746,-2.294525146484375,72.54566192626953,-59.529563903808594,-88.28688049316406,41.716636657714844,41.03065883887801
52.226,0,5.4290266036987305,-2.928842544555664,72.95793151855469,-59.05311584472656,-88.3140869140625,41.4189567565918,5.4290266036987305,-2.928842544555664,72.95793151855469,-59.05311584472656,-88.3140869140625,41.4189567565918,41.0958904109589
52.270,0,5.661442756652832,-3.5008010864257812,73.20614624023438,-58.608306884765625,-88.31832885742188,40.89341735839844,5.661442756652832,-3.5008010864257812,73.20614624023438,-58.608306884765625,-88.31832885742188,40.89341735839844,41.42204827136334
52.299,0,5.481951713562012,-2.7763671875,72.79876708984375,-59.18009567260742,-88.31107330322266,41.39493942260742,5.481951713562012,-2.7763671875,72.79876708984375,-59.18009567260742,-88.31107330322266,41.39493942260742,41.42204827136334
52.332,0,5.670841217041016,-0.63323974609375,72.1718978881836,-61.066593170166016,-88.30636596679688,41.925559997558594,5.670841217041016,-0.63323974609375,72.1718978881836,-61.066593170166016,-88.30636596679688,41.925559997558594,41.35681669928245
52.364,0,5.5639472007751465,-1.1860408782958984,72.56218719482422,-60.69877624511719,-88.34537506103516,41.716087341308594,5.5639472007751465,-1.1860408782958984,72.56218719482422,-60.69877624511719,-88.34537506103516,41.716087341308594,41.16112198303979
52.403,0,5.787211894989014,-1.6247310638427734,72.75260162353516,-60.329002380371094,-88.34829711914062,41.246337890625,5.787211894989014,-1.6247310638427734,72.75260162353516,-60.329002380371094,-88.34829711914062,41.246337890625,41.42204827136334
52.434,0,5.534022808074951,-0.8239021301269531,72.32660675048828,-60.923431396484375,-88.33623504638672,41.68263626098633,5.534022808074951,-0.8239021301269531,72.32660675048828,-60.923431396484375,-88.33623504638672,41.68263626098633,41.55251141552511
52.465,0,5.524104118347168,1.4135208129882812,71.70634460449219,-62.888248443603516,-88.3583755493164,42.14470291137695,5.524104118347168,1.4135208129882812,71.70634460449219,-62.888248443603516,-88.3583755493164,42.14470291137695,41.55251141552511
52.498,0,5.760166168212891,1.0754070281982422,71.83981323242188,-62.60935974121094,-88.3807144165039,41.778656005859375,5.760166168212891,1.0754070281982422,71.83981323242188,-62.60935974121094,-88.3807144165039,41.778656005859375,41.55251141552511
52.532,0,6.04200553894043,0.5974845886230469,72.08511352539062,-62.25576400756836,-88.40080261230469,41.33162307739258,6.04200553894043,0.5974845886230469,72.08511352539062,-62.25576400756836,-88.40080261230469,41.33162307739258,41.617742987606
52.565,0,5.487628936767578,0.008298873901367188,72.26485443115234,-61.674922943115234,-88.39239501953125,41.008819580078125,5.487628936767578,0.008298873901367188,72.26485443115234,-61.674922943115234,-88.39239501953125,41.008819580078125,41.68297455968688
52.600,0,5.341882705688477,-0.6408176422119141,72.71835327148438,-61.27296829223633,-88.43785858154297,40.65888214111328,5.341882705688477,-0.6408176422119141,72.71835327148438,-61.27296829223633,-88.43785858154297,40.65888214111328,41.68297455968688
52.642,0,5.210460662841797,-1.2569732666015625,73.09327697753906,-60.82353210449219,-88.46691131591797,40.437782287597656,5.210460662841797,-1.2569732666015625,73.09327697753906,-60.82353210449219,-88.46691131591797,40.437782287597656,41.617742987606
52.674,0,5.015898704528809,-0.7522430419921875,72.77755737304688,-61.23722839355469,-88.46324920654297,40.67832946777344,5.015898704528809,-0.7522430419921875,72.77755737304688,-61.23722839355469,-88.46324920654297,40.67832946777344,41.226353555120674
52.705,0,4.475836753845215,-1.4823570251464844,73.03535461425781,-60.59876251220703,-88.46532440185547,40.33054733276367,4.475836753845215,-1.4823570251464844,73.03535461425781,-60.59876251220703,-88.46532440185547,40.33054733276367,41.03065883887801
52.737,0,4.3027424812316895,-2.111818313598633,73.50455474853516,-60.23991394042969,-88.53352355957031,39.918392181396484,4.3027424812316895,-2.111818313598633,73.50455474853516,-60.23991394042969,-88.53352355957031,39.918392181396484,40.90019569471624
52.772,0,4.2073163986206055,-2.731203079223633,73.9409408569336,-59.96236801147461,-88.58326721191406,39.36608123779297,4.2073163986206055,-2.731203079223633,73.9409408569336,-59.96236801147461,-88.58326721191406,39.36608123779297,40.90019569471624
52.804,0,3.963818073272705,-2.379077911376953,73.73239135742188,-60.29104232788086,-88.602294921875,39.503509521484375,3.963818073272705,-2.379077911376953,73.73239135742188,-60.29104232788086,-88.602294921875,39.503509521484375,40.63926940639269
52.839,0,3.3959083557128906,-3.2551498413085938,74.06163024902344,-59.54643630981445,-88.60904693603516,39.0793571472168,3.3959083557128906,-3.2551498413085938,74.06163024902344,-59.54643630981445,-88.60904693603516,39.0793571472168,40.24787997390737
52.872,0,3.1708364486694336,-4.064916610717773,74.57661437988281,-59.027076721191406,-88.66312408447266,38.53522491455078,3.1708364486694336,-4.064916610717773,74.57661437988281,-59.027076721191406,-88.66312408447266,38.53522491455078,39.92172211350293
52.904,0,3.0417327880859375,-4.695178985595703,74.90502166748047,-58.58013153076172,-88.68946075439453,38.26105499267578,3.0417327880859375,-4.695178985595703,74.90502166748047,-58.58013153076172,-88.68946075439453,38.26105499267578,39.79125896934116
52.950,0,3.4899024963378906,-4.446756362915039,74.6422348022461,-58.73369216918945,-88.60057830810547,38.529510498046875,3.4899024963378906,-4.446756362915039,74.6422348022461,-58.73369216918945,-88.60057830810547,38.529510498046875,39.39986953685584
52.981,0,2.9002041816711426,-5.374217987060547,74.96692657470703,-57.92422866821289,-88.599609375,38.074459075927734,2.9002041816711426,-5.374217987060547,74.96692657470703,-57.92422866821289,-88.599609375,38.074459075927734,38.87801696020874
53.013,0,2.830214500427246,-5.562374114990234,75.25690460205078,-57.925254821777344,-88.5658187866211,38.070587158203125,2.830214500427246,-5.562374114990234,75.25690460205078,-57.925254821777344,-88.5658187866211,38.070587158203125,38.617090671885194
53.048,0,2.673430919647217,-6.285959243774414,75.63384246826172,-57.48353576660156,-88.6280288696289,37.638633728027344,2.673430919647217,-6.285959243774414,75.63384246826172,-57.48353576660156,-88.6280288696289,37.638633728027344,38.486627527723414
53.081,0,3.083493232727051,-5.687675476074219,75.38967895507812,-58.13802719116211,-88.56817626953125,37.83988571166992,3.083493232727051,-5.687675476074219,75.38967895507812,-58.13802719116211,-88.56817626953125,37.83988571166992,38.42139595564253
53.121,0,2.502781391143799,-6.47381591796875,75.65444946289062,-57.48828125,-88.579345703125,37.460472106933594,2.502781391143799,-6.47381591796875,75.65444946289062,-57.48828125,-88.579345703125,37.460472106933594,38.29093281148076
53.152,0,2.4176077842712402,-6.846977233886719,76.00244903564453,-57.3809814453125,-88.57324981689453,37.336917877197266,2.4176077842712402,-6.846977233886719,76.00244903564453,-57.3809814453125,-88.57324981689453,37.336917877197266,38.095238095238095
53.185,0,2.3119711875915527,-7.766347885131836,76.5417251586914,-56.86772918701172,-88.61546325683594,36.67744827270508,2.3119711875915527,-7.766347885131836,76.5417251586914,-56.86772918701172,-88.61546325683594,36.67744827270508,38.095238095238095
53.217,0,2.6994338035583496,-7.650957107543945,76.52906799316406,-57.266292572021484,-88.58685302734375,36.69982147216797,2.6994338035583496,-7.650957107543945,76.52906799316406,-57.266292572021484,-88.58685302734375,36.69982147216797,37.83431180691454
53.250,0,2.093799114227295,-8.653451919555664,76.97549438476562,-56.536231994628906,-88.60922241210938,36.202964782714844,2.093799114227295,-8.653451919555664,76.97549438476562,-56.536231994628906,-88.60922241210938,36.202964782714844,37.573385518590996
53.286,0,2.02418851852417,-9.022539138793945,77.3427505493164,-56.45178985595703,-88.60636138916016,36.02647399902344,2.02418851852417,-9.022539138793945,77.3427505493164,-56.45178985595703,-88.60636138916016,36.02647399902344,37.24722765818656
53.318,0,2.0130629539489746,-9.7286376953125,77.75399780273438,-56.08982849121094,-88.64762115478516,35.509559631347656,2.0130629539489746,-9.7286376953125,77.75399780273438,-56.08982849121094,-88.64762115478516,35.509559631347656,36.921069797782124
53.351,0,2.24208402633667,-9.426345825195312,77.485595703125,-56.34586715698242,-88.60114288330078,35.68545150756836,2.24208402633667,-9.426345825195312,77.485595703125,-56.34586715698242,-88.60114288330078,35.68545150756836,36.59491193737769
53.385,0,1.644213318824768,-10.53936767578125,77.89494323730469,-55.43787384033203,-88.61707305908203,35.315303802490234,1.644213318824768,-10.53936767578125,77.89494323730469,-55.43787384033203,-88.61707305908203,35.315303802490234,36.33398564905414
53.451,0,1.807599663734436,-11.702425003051758,78.55509185791016,-54.704185485839844,-88.65453338623047,34.808319091796875,1.807599663734436,-11.702425003051758,78.55509185791016,-54.704185485839844,-88.65453338623047,34.808319091796875,36.07305936073059
53.482,0,1.7681583166122437,-12.742834091186523,79.182861328125,-54.160179138183594,-88.70987701416016,34.14519500732422,1.7681583166122437,-12.742834091186523,79.182861328125,-54.160179138183594,-88.70987701416016,34.14519500732422,35.81213307240704
53.514,0,2.1590123176574707,-12.80994987487793,79.07002258300781,-54.24150085449219,-88.65774536132812,34.208953857421875,2.1590123176574707,-12.80994987487793,79.07002258300781,-54.24150085449219,-88.65774536132812,34.208953857421875,35.61643835616438
53.547,0,1.6440385580062866,-14.072152137756348,79.4709243774414,-53.164669036865234,-88.69979858398438,33.85343933105469,1.6440385580062866,-14.072152137756348,79.4709243774414,-53.164669036865234,-88.69979858398438,33.85343933105469,35.15981735159817
53.580,0,1.7550348043441772,-11.940935134887695,78.68649291992188,-54.879234313964844,-88.7400131225586,34.16292953491211,1.7550348043441772,-11.940935134887695,78.68649291992188,-54.879234313964844,-88.7400131225586,34.16292953491211,34.768427919112845
53.614,0,2.026681423187256,-12.947883605957031,79.10281372070312,-54.120906829833984,-88.77136993408203,33.78437805175781,2.026681423187256,-12.947883605957031,79.10281372070312,-54.120906829833984,-88.77136993408203,33.78437805175781,34.44227005870842
53.650,0,2.437002658843994,-12.925634384155273,79.03142547607422,-54.34233856201172,-88.74225616455078,33.89817810058594,2.437002658843994,-12.925634384155273,79.03142547607422,-54.34233856201172,-88.74225616455078,33.89817810058594,34.31180691454664
53.683,0,1.7992161512374878,-14.24582576751709,79.44931030273438,-53.18952941894531,-88.76296997070312,33.615081787109375,1.7992161512374878,-14.24582576751709,79.44931030273438,-53.18952941894531,-88.76296997070312,33.615081787109375,34.18134377038486
53.714,0,1.8465358018875122,-11.97591781616211,78.68579864501953,-55.061180114746094,-88.8111572265625,34.10631561279297,1.8465358018875122,-11.97591781616211,78.68579864501953,-55.061180114746094,-88.8111572265625,34.10631561279297,34.05088062622309
53.750,0,2.3187360763549805,-12.914558410644531,78.88680267333984,-54.13925552368164,-88.79700469970703,33.92237854003906,2.3187360763549805,-12.914558410644531,78.88680267333984,-54.13925552368164,-88.79700469970703,33.92237854003906,34.05088062622309
53.782,0,2.7196531295776367,-13.121301651000977,78.8716812133789,-54.087745666503906,-88.7428970336914,34.06590270996094,2.7196531295776367,-13.121301651000977,78.8716812133789,-54.087745666503906,-88.7428970336914,34.06590270996094,33.9856490541422
53.830,0,2.0535120964050293,-14.405255317687988,79.1392822265625,-52.779930114746094,-88.75719451904297,33.972877502441406,2.0535120964050293,-14.405255317687988,79.1392822265625,-52.779930114746094,-88.75719451904297,33.972877502441406,34.05088062622309
53.861,0,2.0293326377868652,-12.086309432983398,78.42137908935547,-54.721458435058594,-88.7979736328125,34.50420379638672,2.0293326377868652,-12.086309432983398,78.42137908935547,-54.721458435058594,-88.7979736328125,34.50420379638672,33.9856490541422
53.892,0,2.417606830596924,-12.995397567749023,78.61486053466797,-53.82390594482422,-88.75591278076172,34.32250213623047,2.417606830596924,-12.995397567749023,78.61486053466797,-53.82390594482422,-88.75591278076172,34.32250213623047,33.9856490541422
53.927,0,2.7655115127563477,-13.137228012084961,78.57032775878906,-53.829933166503906,-88.66158294677734,34.525367736816406,2.7655115127563477,-13.137228012084961,78.57032775878906,-53.829933166503906,-88.66158294677734,34.525367736816406,33.9856490541422
53.982,0,2.1152377128601074,-14.358457565307617,78.85787963867188,-52.619415283203125,-88.67701721191406,34.4326171875,2.1152377128601074,-14.358457565307617,78.85787963867188,-52.619415283203125,-88.67701721191406,34.4326171875,34.05088062622309
54.011,0,1.9765914678573608,-12.363664627075195,78.20457458496094,-54.15946960449219,-88.72370910644531,34.95862579345703,1.9765914678573608,-12.363664627075195,78.20457458496094,-54.15946960449219,-88.72370910644531,34.95862579345703,34.11611219830398
54.043,0,2.3471603393554688,-13.4039306640625,78.43106842041016,-53.12211608886719,-88.68931579589844,34.7587776184082,2.3471603393554688,-13.4039306640625,78.43106842041016,-53.12211608886719,-88.68931579589844,34.7587776184082,34.11611219830398
54.076,0,2.740600109100342,-14.001358032226562,78.54110717773438,-52.71586227416992,-88.61489868164062,34.68056869506836,2.740600109100342,-14.001358032226562,78.54110717773438,-52.71586227416992,-88.61489868164062,34.68056869506836,34.11611219830398
54.112,0,2.0395398139953613,-15.104253768920898,78.82364654541016,-51.59686279296875,-88.63178253173828,34.41489028930664,2.0395398139953613,-15.104253768920898,78.82364654541016,-51.59686279296875,-88.63178253173828,34.41489028930664,34.31180691454664
54.153,0,2.081265449523926,-12.93583869934082,78.13422393798828,-53.33367156982422,-88.65189361572266,34.956321716308594,2.081265449523926,-12.93583869934082,78.13422393798828,-53.33367156982422,-88.65189361572266,34.956321716308594,34.37703848662753
54.189,0,2.3853635787963867,-13.907163619995117,78.4559555053711,-52.44782638549805,-88.63694763183594,34.62992858886719,2.3853635787963867,-13.907163619995117,78.4559555053711,-52.44782638549805,-88.63694763183594,34.62992858886719,34.37703848662753
54.218,0,2.863381862640381,-14.004375457763672,78.4285888671875,-52.515533447265625,-88.57634735107422,34.63501739501953,2.863381862640381,-14.004375457763672,78.4285888671875,-52.515533447265625,-88.57634735107422,34.63501739501953,34.37703848662753
54.253,0,2.160527229309082,-15.155890464782715,78.77732849121094,-51.43475341796875,-88.61239624023438,34.348480224609375,2.160527229309082,-15.155890464782715,78.77732849121094,-51.43475341796875,-88.61239624023438,34.348480224609375,34.5075016307893
54.284,0,2.045713424682617,-12.939168930053711,78.06425476074219,-53.19670486450195,-88.66117858886719,34.860328674316406,2.045713424682617,-12.939168930053711,78.06425476074219,-53.19670486450195,-88.66117858886719,34.860328674316406,34.44227005870842
54.316,0,2.3443593978881836,-13.93117904663086,78.38829040527344,-52.299293518066406,-88.64714813232422,34.4101448059082,2.3443593978881836,-13.93117904663086,78.38829040527344,-52.299293518066406,-88.64714813232422,34.4101448059082,34.5075016307893
54.350,0,2.7152156829833984,-13.897886276245117,78.26564025878906,-52.39708709716797,-88.60810089111328,34.41096878051758,2.7152156829833984,-13.897886276245117,78.26564025878906,-52.39708709716797,-88.60810089111328,34.41096878051758,34.5075016307893
54.383,0,1.977171540260315,-15.033823013305664,78.64521789550781,-51.376739501953125,-88.6335220336914,34.009979248046875,1.977171540260315,-15.033823013305664,78.64521789550781,-51.376739501953125,-88.6335220336914,34.009979248046875,34.5075016307893
54.417,0,1.7738744020462036,-12.71513557434082,77.90274047851562,-53.25755310058594,-88.70896911621094,34.579994201660156,1.7738744020462036,-12.71513557434082,77.90274047851562,-53.25755310058594,-88.70896911621094,34.579994201660156,34.5075016307893
54.449,0,2.0622072219848633,-13.68690013885498,78.3201904296875,-52.50041580200195,-88.711669921875,34.00697708129883,2.0622072219848633,-13.68690013885498,78.3201904296875,-52.50041580200195,-88.711669921875,34.00697708129883,34.44227005870842
54.483,0,2.33689546585083,-13.22071647644043,78.0130386352539,-52.91941833496094,-88.64927673339844,34.20983123779297,2.33689546585083,-13.22071647644043,78.0130386352539,-52.91941833496094,-88.64927673339844,34.20983123779297,34.37703848662753
54.518,0,1.6425105333328247,-14.715632438659668,78.57262420654297,-51.66836166381836,-88.68499755859375,33.61190414428711,1.6425105333328247,-14.715632438659668,78.57262420654297,-51.66836166381836,-88.68499755859375,33.61190414428711,34.37703848662753
54.550,0,1.5033966302871704,-12.377607345581055,77.848388671875,-53.60460662841797,-88.75253295898438,34.20339584350586,1.5033966302871704,-12.377607345581055,77.848388671875,-53.60460662841797,-88.75253295898438,34.20339584350586,34.31180691454664
54.586,0,1.9413961172103882,-13.651545524597168,78.32970428466797,-52.52467346191406,-88.73176574707031,33.61400604248047,1.9413961172103882,-13.651545524597168,78.32970428466797,-52.52467346191406,-88.73176574707031,33.61400604248047,34.24657534246575
54.626,0,1.2321158647537231,-14.950223922729492,78.80451202392578,-51.41587448120117,-88.73966217041016,33.244693756103516,1.2321158647537231,-14.950223922729492,78.80451202392578,-51.41587448120117,-88.73966217041016,33.244693756103516,33.9856490541422
54.655,0,0.5013236999511719,-16.528276443481445,79.41911315917969,-50.13770294189453,-88.78740692138672,32.654319763183594,0.5013236999511719,-16.528276443481445,79.41911315917969,-50.13770294189453,-88.78740692138672,32.654319763183594,34.05088062622309
54.689,0,0.8826137781143188,-17.508819580078125,79.70098876953125,-49.25813293457031,-88.78816986083984,32.1613883972168,0.8826137781143188,-17.508819580078125,79.70098876953125,-49.25813293457031,-88.78816986083984,32.1613883972168,33.85518590998043
54.723,0,1.141950249671936,-17.381858825683594,79.59063720703125,-49.487430572509766,-88.73986053466797,32.108802795410156,1.141950249671936,-17.381858825683594,79.59063720703125,-49.487430572509766,-88.73986053466797,32.108802795410156,33.52902804957599
54.754,0,0.39355432987213135,-18.50400733947754,79.9638671875,-48.508766174316406,-88.76367950439453,31.684314727783203,0.39355432987213135,-18.50400733947754,79.9638671875,-48.508766174316406,-88.76367950439453,31.684314727783203,33.202870189171556
54.786,0,0.25599193572998047,-16.414371490478516,79.3426513671875,-50.23957061767578,-88.83161926269531,31.905719757080078,0.25599193572998047,-16.414371490478516,79.3426513671875,-50.23957061767578,-88.83161926269531,31.905719757080078,32.615786040443574
54.821,0,0.6278812885284424,-17.4689998626709,79.59121704101562,-49.2617073059082,-88.84505462646484,31.361663818359375,0.6278812885284424,-17.4689998626709,79.59121704101562,-49.2617073059082,-88.84505462646484,31.361663818359375,32.42009132420091
54.854,0,0.8943009376525879,-17.442190170288086,79.48023223876953,-49.37705993652344,-88.78900146484375,31.24249839782715,0.8943009376525879,-17.442190170288086,79.48023223876953,-49.37705993652344,-88.78900146484375,31.24249839782715,32.22439660795825
54.887,0,0.11502295732498169,-18.544382095336914,79.88207244873047,-48.43395233154297,-88.80882263183594,30.796306610107422,0.11502295732498169,-18.544382095336914,79.88207244873047,-48.43395233154297,-88.80882263183594,30.796306610107422,32.159165035877365
54.921,0,-0.18446773290634155,-16.710763931274414,79.25995635986328,-49.88935470581055,-88.8958740234375,30.87112808227539,-0.1844677329063416,-16.710763931274414,79.25995635986328,-49.88935470581055,-88.8958740234375,30.87112808227539,31.76777560339204
54.954,0,0.2373567819595337,-17.60015296936035,79.4426040649414,-49.040771484375,-88.88333129882812,30.314462661743164,0.2373567819595337,-17.60015296936035,79.4426040649414,-49.040771484375,-88.88333129882812,30.314462661743164,31.506849315068493
54.988,0,0.5361189842224121,-17.249544143676758,79.19435119628906,-49.46984100341797,-88.83853912353516,30.271461486816406,0.5361189842224121,-17.249544143676758,79.19435119628906,-49.46984100341797,-88.83853912353516,30.271461486816406,31.31115459882583
55.022,0,-0.27977216243743896,-18.364383697509766,79.52889251708984,-48.46154022216797,-88.85843658447266,29.778913497924805,-0.27977216243743896,-18.364383697509766,79.52889251708984,-48.46154022216797,-88.85843658447266,29.778913497924805,31.05022831050228
55.054,0,-0.6003167629241943,-16.54610824584961,78.89491271972656,-49.854434967041016,-88.92292022705078,29.86819076538086,-0.6003167629241943,-16.54610824584961,78.89491271972656,-49.854434967041016,-88.92292022705078,29.86819076538086,30.59360730593607
55.090,0,-0.2546488046646118,-17.56008529663086,79.12165832519531,-48.88853454589844,-88.92669677734375,29.347532272338867,-0.2546488046646118,-17.56008529663086,79.12165832519531,-48.88853454589844,-88.92669677734375,29.347532272338867,30.4631441617743
55.158,0,-0.8431189060211182,-17.07909393310547,78.94181823730469,-49.381866455078125,-88.91597747802734,29.428762435913086,-0.8431189060211182,-17.07909393310547,78.94181823730469,-49.381866455078125,-88.91597747802734,29.428762435913086,30.332681017612522
55.188,0,-1.709024429321289,-18.36833953857422,79.34911346435547,-48.19954299926758,-88.94257354736328,28.947458267211914,-1.709024429321289,-18.36833953857422,79.34911346435547,-48.19954299926758,-88.94257354736328,28.947458267211914,29.68036529680365
55.255,0,-2.0725083351135254,-16.343563079833984,78.66752624511719,-49.76972198486328,-89.02666473388672,29.18022918701172,-2.0725083351135254,-16.343563079833984,78.66752624511719,-49.76972198486328,-89.02666473388672,29.18022918701172,29.615133724722764
55.285,0,-1.7592172622680664,-17.22844696044922,78.87976837158203,-48.93080139160156,-89.02993774414062,28.67316436767578,-1.7592172622680664,-17.22844696044922,78.87976837158203,-48.93080139160156,-89.02993774414062,28.67316436767578,29.419439008480104
55.322,0,-2.3675537109375,-16.818897247314453,78.72731018066406,-49.38352966308594,-89.03177642822266,28.745540618896484,-2.3675537109375,-16.818897247314453,78.72731018066406,-49.38352966308594,-89.03177642822266,28.745540618896484,29.22374429223744
55.350,0,-3.238645076751709,-17.961685180664062,79.11632537841797,-48.39980697631836,-89.05321502685547,28.258100509643555,-3.238645076751709,-17.961685180664062,79.11632537841797,-48.39980697631836,-89.05321502685547,28.258100509643555,29.22374429223744
55.382,0,-3.6681103706359863,-15.86128044128418,78.41691589355469,-50.02278137207031,-89.13037872314453,28.576374053955078,-3.6681103706359863,-15.86128044128418,78.41691589355469,-50.02278137207031,-89.13037872314453,28.576374053955078,28.962818003913892
55.417,0,-3.4173531532287598,-16.961820602416992,78.72041320800781,-48.997337341308594,-89.0980224609375,28.20530891418457,-3.4173531532287598,-16.961820602416992,78.72041320800781,-48.997337341308594,-89.0980224609375,28.20530891418457,28.897586431833005
55.483,0,-4.115479946136475,-16.532817840576172,78.5545654296875,-49.44416046142578,-89.11634063720703,28.309833526611328,-4.115479946136475,-16.532817840576172,78.5545654296875,-49.44416046142578,-89.11634063720703,28.309833526611328,28.767123287671232
55.512,0,-4.780351161956787,-16.76412582397461,78.37189483642578,-49.048973083496094,-89.15135192871094,28.183048248291016,-4.780351161956787,-16.76412582397461,78.37189483642578,-49.048973083496094,-89.15135192871094,28.183048248291016,28.506196999347683
55.544,0,-4.93052339553833,-14.800237655639648,77.70243072509766,-50.607765197753906,-89.24653625488281,28.536571502685547,-4.93052339553833,-14.800237655639648,77.70243072509766,-50.607765197753906,-89.24653625488281,28.536571502685547,28.440965427266796
55.577,0,-4.5013957023620605,-16.008752822875977,78.11244201660156,-49.499664306640625,-89.21488189697266,28.243682861328125,-4.5013957023620605,-16.008752822875977,78.11244201660156,-49.499664306640625,-89.21488189697266,28.243682861328125,28.440965427266796
55.612,0,-5.264146327972412,-16.103313446044922,78.07183074951172,-49.45218276977539,-89.22250366210938,28.51441192626953,-5.264146327972412,-16.103313446044922,78.07183074951172,-49.45218276977539,-89.22250366210938,28.51441192626953,28.440965427266796
55.647,0,-5.197690010070801,-16.289470672607422,77.77396392822266,-49.10087585449219,-89.1471939086914,28.56899642944336,-5.197690010070801,-16.289470672607422,77.77396392822266,-49.10087585449219,-89.1471939086914,28.56899642944336,28.440965427266796
55.687,0,-5.746502876281738,-14.694159507751465,77.23663330078125,-50.31917953491211,-89.16889953613281,29.07928466796875,-5.746502876281738,-14.694159507751465,77.23663330078125,-50.31917953491211,-89.16889953613281,29.07928466796875,28.440965427266796
55.717,0,-5.37522554397583,-16.114093780517578,77.996826171875,-49.334442138671875,-89.09346008300781,28.841398239135742,-5.37522554397583,-16.114093780517578,77.996826171875,-49.334442138671875,-89.09346008300781,28.841398239135742,28.440965427266796
55.748,0,-5.286689758300781,-16.62137794494629,78.34895324707031,-49.25322341918945,-89.04094696044922,29.104869842529297,-5.286689758300781,-16.62137794494629,78.34895324707031,-49.25322341918945,-89.04094696044922,29.104869842529297,28.440965427266796
55.784,0,-5.651639938354492,-17.696056365966797,78.63462829589844,-48.446739196777344,-89.05961608886719,29.07416343688965,-5.651639938354492,-17.696056365966797,78.63462829589844,-48.446739196777344,-89.05961608886719,29.07416343688965,28.57142857142857
55.815,0,-5.637333393096924,-16.953594207763672,78.54788970947266,-49.137577056884766,-89.15958404541016,29.433595657348633,-5.637333393096924,-16.953594207763672,78.54788970947266,-49.137577056884766,-89.15958404541016,29.433595657348633,28.636660143509456
55.854,0,-5.40026330947876,-17.869178771972656,79.28610229492188,-48.63843536376953,-89.14387512207031,29.514387130737305,-5.40026330947876,-17.869178771972656,79.28610229492188,-48.63843536376953,-89.14387512207031,29.514387130737305,28.701891715590342
55.882,0,-5.140832424163818,-19.474544525146484,80.2619857788086,-47.87889862060547,-89.12480926513672,29.5303955078125,-5.140832424163818,-19.474544525146484,80.2619857788086,-47.87889862060547,-89.12480926513672,29.5303955078125,28.701891715590342
55.915,0,-4.962965965270996,-19.99396514892578,80.33496856689453,-47.310707092285156,-89.04645538330078,29.48419761657715,-4.962965965270996,-19.99396514892578,80.33496856689453,-47.310707092285156,-89.04645538330078,29.48419761657715,28.962818003913892
55.958,0,-4.594022750854492,-18.72739601135254,79.99151611328125,-48.340782165527344,-89.11434173583984,29.826519012451172,-4.594022750854492,-18.72739601135254,79.99151611328125,-48.340782165527344,-89.11434173583984,29.826519012451172,29.09328114807567
55.988,0,-4.608882427215576,-19.66791534423828,80.77819061279297,-47.92234802246094,-89.13644409179688,29.70600700378418,-4.608882427215576,-19.66791534423828,80.77819061279297,-47.92234802246094,-89.13644409179688,29.70600700378418,29.09328114807567
56.018,0,-4.421657085418701,-20.981277465820312,81.4892349243164,-47.232147216796875,-89.0840835571289,29.748920440673828,-4.421657085418701,-20.981277465820312,81.4892349243164,-47.232147216796875,-89.0840835571289,29.748920440673828,29.09328114807567
56.059,0,-4.487228870391846,-21.170446395874023,81.35743713378906,-46.90715408325195,-88.97492218017578,29.89794921875,-4.487228870391846,-21.170446395874023,81.35743713378906,-46.90715408325195,-88.97492218017578,29.89794921875,29.22374429223744
56.089,0,-4.819089889526367,-20.329904556274414,81.09978485107422,-47.5115966796875,-89.09951782226562,30.16576385498047,-4.819089889526367,-20.329904556274414,81.09978485107422,-47.5115966796875,-89.09951782226562,30.16576385498047,29.22374429223744
56.121,0,-4.466525077819824,-20.920427322387695,81.50735473632812,-47.09473419189453,-89.0998764038086,30.082740783691406,-4.466525077819824,-20.920427322387695,81.50735473632812,-47.09473419189453,-89.0998764038086,30.082740783691406,29.288975864318328
56.156,0,-4.595282554626465,-20.463729858398438,81.4371109008789,-47.664825439453125,-89.0950927734375,30.36223602294922,-4.595282554626465,-20.463729858398438,81.4371109008789,-47.664825439453125,-89.0950927734375,30.36223602294922,29.549902152641877
56.187,0,-5.0495734214782715,-20.421985626220703,81.26325225830078,-47.40918731689453,-89.09725952148438,30.351259231567383,-5.0495734214782715,-20.421985626220703,81.26325225830078,-47.40918731689453,-89.09725952148438,30.351259231567383,29.615133724722764
56.222,0,-5.4711527824401855,-19.414443969726562,80.99215698242188,-48.14455032348633,-89.18683624267578,30.64899253845215,-5.4711527824401855,-19.414443969726562,80.99215698242188,-48.14455032348633,-89.18683624267578,30.64899253845215,29.810828440965427
56.254,0,-5.13258695602417,-20.29604721069336,81.5102310180664,-47.54146194458008,-89.18684387207031,30.517066955566406,-5.13258695602417,-20.29604721069336,81.5102310180664,-47.54146194458008,-89.18684387207031,30.517066955566406,29.9412915851272
56.287,0,-5.226806163787842,-19.998477935791016,81.51728820800781,-47.980445861816406,-89.17875671386719,30.70258903503418,-5.226806163787842,-19.998477935791016,81.51728820800781,-47.980445861816406,-89.17875671386719,30.70258903503418,30.006523157208086
56.320,0,-5.743943214416504,-20.181568145751953,81.3491439819336,-47.57795715332031,-89.17241668701172,30.741783142089844,-5.743943214416504,-20.181568145751953,81.3491439819336,-47.57795715332031,-89.17241668701172,30.741783142089844,30.006523157208086
56.354,0,-6.196484565734863,-19.199472427368164,81.14070892333984,-48.374961853027344,-89.2646484375,31.105432510375977,-6.196484565734863,-19.199472427368164,81.14070892333984,-48.374961853027344,-89.2646484375,31.105432510375977,30.006523157208086
56.392,0,-6.127352714538574,-20.6589298248291,81.87966918945312,-47.270362854003906,-89.21318054199219,30.69586944580078,-6.127352714538574,-20.6589298248291,81.87966918945312,-47.270362854003906,-89.21318054199219,30.69586944580078,30.267449445531636
56.421,0,-5.861169338226318,-20.05987548828125,81.61866760253906,-47.876304626464844,-89.16874694824219,31.093935012817383,-5.861169338226318,-20.05987548828125,81.61866760253906,-47.876304626464844,-89.16874694824219,31.093935012817383,30.39791258969341
56.454,0,-6.398128032684326,-19.617450714111328,81.24539947509766,-48.005027770996094,-89.14795684814453,31.21691131591797,-6.398128032684326,-19.617450714111328,81.24539947509766,-48.005027770996094,-89.14795684814453,31.21691131591797,30.59360730593607
56.489,0,-6.810379981994629,-18.214160919189453,80.8348159790039,-49.074913024902344,-89.24085235595703,31.641088485717773,-6.810379981994629,-18.214160919189453,80.8348159790039,-49.074913024902344,-89.24085235595703,31.641088485717773,30.59360730593607
56.521,0,-6.6488728523254395,-19.57895278930664,81.4754638671875,-47.99253463745117,-89.2034683227539,31.086599349975586,-6.6488728523254395,-19.57895278930664,81.4754638671875,-47.99253463745117,-89.2034683227539,31.086599349975586,30.78930202217873
56.554,0,-6.225165367126465,-19.549304962158203,81.38240051269531,-48.110984802246094,-89.1575698852539,31.338211059570312,-6.225165367126465,-19.549304962158203,81.38240051269531,-48.110984802246094,-89.1575698852539,31.338211059570312,30.984996738421394
56.588,0,-6.777332305908203,-19.512371063232422,81.2365493774414,-47.99507141113281,-89.15776824951172,31.421428680419922,-6.777332305908203,-19.512371063232422,81.2365493774414,-47.99507141113281,-89.15776824951172,31.421428680419922,31.115459882583167
56.622,0,-7.025703430175781,-18.34918975830078,80.85063934326172,-48.922325134277344,-89.224365234375,31.831806182861328,-7.025703430175781,-18.34918975830078,80.85063934326172,-48.922325134277344,-89.224365234375,31.831806182861328,31.115459882583167
56.654,0,-6.56822395324707,-18.548009872436523,80.93572998046875,-48.989627838134766,-89.13787841796875,31.893413543701172,-6.56822395324707,-18.548009872436523,80.93572998046875,-48.989627838134766,-89.13787841796875,31.893413543701172,31.115459882583167
56.721,0,-7.49779748916626,-20.030841827392578,81.42925262451172,-47.57586669921875,-89.2036361694336,31.49176025390625,-7.49779748916626,-20.030841827392578,81.42925262451172,-47.57586669921875,-89.2036361694336,31.49176025390625,31.180691454664057
56.748,0,-7.75442361831665,-18.82738494873047,81.03942108154297,-48.521156311035156,-89.27798461914062,31.77960205078125,-7.75442361831665,-18.82738494873047,81.03942108154297,-48.521156311035156,-89.27798461914062,31.77960205078125,31.506849315068493
56.783,0,-7.650950908660889,-20.148395538330078,81.7092514038086,-47.47498321533203,-89.27696990966797,31.41733741760254,-7.650950908660889,-20.148395538330078,81.7092514038086,-47.47498321533203,-89.27696990966797,31.41733741760254,31.506849315068493
56.815,0,-7.947736740112305,-20.33938980102539,81.76934051513672,-47.41936492919922,-89.3267822265625,31.425647735595703,-7.947736740112305,-20.33938980102539,81.76934051513672,-47.41936492919922,-89.3267822265625,31.425647735595703,31.506849315068493
56.849,0,-8.9957275390625,-20.94658660888672,81.88034057617188,-46.68061065673828,-89.41175842285156,31.381641387939453,-8.9957275390625,-20.94658660888672,81.88034057617188,-46.68061065673828,-89.41175842285156,31.381641387939453,31.506849315068493
56.882,0,-9.198545455932617,-19.818984985351562,81.47374725341797,-47.547447204589844,-89.50483703613281,31.649856567382812,-9.198545455932617,-19.818984985351562,81.47374725341797,-47.547447204589844,-89.50483703613281,31.649856567382812,31.506849315068493
56.916,0,-9.113576889038086,-21.249343872070312,82.1792984008789,-46.41748046875,-89.48837280273438,31.19939613342285,-9.113576889038086,-21.249343872070312,82.1792984008789,-46.41748046875,-89.48837280273438,31.19939613342285,31.506849315068493
56.953,0,-9.445561408996582,-21.32120132446289,82.26910400390625,-46.606388092041016,-89.5502700805664,31.21075439453125,-9.445561408996582,-21.32120132446289,82.26910400390625,-46.606388092041016,-89.5502700805664,31.21075439453125,31.506849315068493
56.985,0,-10.033907890319824,-21.554227828979492,82.15798950195312,-46.15574645996094,-89.57797241210938,31.338001251220703,-10.033907890319824,-21.554227828979492,82.15798950195312,-46.15574645996094,-89.57797241210938,31.338001251220703,31.506849315068493
57.016,0,-10.269791603088379,-20.255859375,81.70333862304688,-47.17432403564453,-89.67428588867188,31.661470413208008,-10.269791603088379,-20.255859375,81.70333862304688,-47.17432403564453,-89.67428588867188,31.661470413208008,31.506849315068493
57.052,0,-10.454262733459473,-21.733421325683594,82.48633575439453,-46.10261535644531,-89.68328857421875,31.29376983642578,-10.454262733459473,-21.733421325683594,82.48633575439453,-46.10261535644531,-89.68328857421875,31.29376983642578,31.506849315068493
57.083,0,-11.065191268920898,-21.698562622070312,82.58890533447266,-46.31538009643555,-89.79469299316406,31.52606773376465,-11.065191268920898,-21.698562622070312,82.58890533447266,-46.31538009643555,-89.79469299316406,31.52606773376465,31.506849315068493
57.116,0,-11.626579284667969,-22.919906616210938,82.88433837890625,-45.25611877441406,-89.80520629882812,31.344757080078125,-11.626579284667969,-22.919906616210938,82.88433837890625,-45.25611877441406,-89.80520629882812,31.344757080078125,31.506849315068493
57.152,0,-11.716963768005371,-21.300596237182617,82.50127410888672,-46.62110900878906,-89.89404296875,31.81722068786621,-11.716963768005371,-21.300596237182617,82.50127410888672,-46.62110900878906,-89.89404296875,31.81722068786621,31.506849315068493
57.183,0,-11.599295616149902,-22.895936965942383,83.53639221191406,-45.73824691772461,-89.86029052734375,31.331523895263672,-11.599295616149902,-22.895936965942383,83.53639221191406,-45.73824691772461,-89.86029052734375,31.331523895263672,31.506849315068493
57.216,0,-11.450237274169922,-24.252437591552734,84.28970336914062,-44.919830322265625,-89.891845703125,31.352603912353516,-11.450237274169922,-24.252437591552734,84.28970336914062,-44.919830322265625,-89.891845703125,31.352603912353516,31.506849315068493
57.251,0,-11.478525161743164,-24.668386459350586,84.33134460449219,-44.40525436401367,-89.7986068725586,31.430604934692383,-11.478525161743164,-24.668386459350586,84.33134460449219,-44.40525436401367,-89.7986068725586,31.430604934692383,31.506849315068493
57.283,0,-11.366083145141602,-23.025510787963867,83.87207794189453,-45.76312255859375,-89.85916137695312,31.895700454711914,-11.366083145141602,-23.025510787963867,83.87207794189453,-45.76312255859375,-89.85916137695312,31.895700454711914,31.506849315068493
57.317,0,-11.40738582611084,-24.613296508789062,84.83475494384766,-44.723941802978516,-89.85497283935547,31.51122283935547,-11.40738582611084,-24.613296508789062,84.83475494384766,-44.723941802978516,-89.85497283935547,31.51122283935547,31.506849315068493
57.385,0,-11.585660934448242,-24.93332862854004,84.7092056274414,-44.168243408203125,-89.75006866455078,31.676528930664062,-11.585660934448242,-24.93332862854004,84.7092056274414,-44.168243408203125,-89.75006866455078,31.676528930664062,31.506849315068493
57.414,0,-11.429047584533691,-23.224048614501953,84.21739959716797,-45.59739303588867,-89.83659362792969,32.221885681152344,-11.429047584533691,-23.224048614501953,84.21739959716797,-45.59739303588867,-89.83659362792969,32.221885681152344,31.506849315068493
57.447,0,-11.508505821228027,-24.774608612060547,84.98550415039062,-44.45569610595703,-89.84072875976562,31.97113800048828,-11.508505821228027,-24.774608612060547,84.98550415039062,-44.45569610595703,-89.84072875976562,31.97113800048828,31.506849315068493
57.479,0,-11.412532806396484,-24.809085845947266,85.04957580566406,-44.564117431640625,-89.8198013305664,32.1679801940918,-11.412532806396484,-24.809085845947266,85.04957580566406,-44.564117431640625,-89.8198013305664,32.1679801940918,31.506849315068493
57.514,0,-11.399689674377441,-25.362699508666992,84.96662139892578,-43.85894012451172,-89.7526626586914,32.0401611328125,-11.399689674377441,-25.362699508666992,84.96662139892578,-43.85894012451172,-89.7526626586914,32.0401611328125,31.702544031311152
57.546,0,-11.299200057983398,-23.542613983154297,84.4932632446289,-45.434898376464844,-89.83187103271484,32.66328430175781,-11.299200057983398,-23.542613983154297,84.4932632446289,-45.434898376464844,-89.83187103271484,32.66328430175781,31.76777560339204
57.580,0,-11.337242126464844,-25.1683292388916,85.26728057861328,-44.195960998535156,-89.81855773925781,32.350494384765625,-11.337242126464844,-25.1683292388916,85.26728057861328,-44.195960998535156,-89.81855773925781,32.350494384765625,31.83300717547293
57.613,0,-11.283473014831543,-25.40747833251953,85.41168975830078,-44.13166427612305,-89.80953216552734,32.51793670654297,-11.283473014831543,-25.40747833251953,85.41168975830078,-44.13166427612305,-89.80953216552734,32.51793670654297,31.83300717547293
57.647,0,-11.127908706665039,-25.924779891967773,85.35787963867188,-43.52110290527344,-89.7262954711914,32.41217041015625,-11.127908706665039,-25.924779891967773,85.35787963867188,-43.52110290527344,-89.7262954711914,32.41217041015625,32.02870189171559
57.681,0,-10.846494674682617,-24.31853485107422,84.91314697265625,-44.9395751953125,-89.75691986083984,32.99972152709961,-10.846494674682617,-24.31853485107422,84.91314697265625,-44.9395751953125,-89.75691986083984,32.99972152709961,32.02870189171559
57.713,0,-10.373373985290527,-23.569988250732422,84.7508773803711,-45.873748779296875,-89.70338439941406,33.232582092285156,-10.373373985290527,-23.569988250732422,84.7508773803711,-45.873748779296875,-89.70338439941406,33.232582092285156,32.159165035877365
57.747,0,-10.248353004455566,-23.86487579345703,84.50324249267578,-45.335670471191406,-89.62625885009766,33.1857795715332,-10.248353004455566,-23.86487579345703,84.50324249267578,-45.335670471191406,-89.62625885009766,33.1857795715332,32.159165035877365
57.781,0,-9.867942810058594,-22.06670570373535,83.99545288085938,-46.93901824951172,-89.67729949951172,33.584503173828125,-9.867942810058594,-22.06670570373535,83.99545288085938,-46.93901824951172,-89.67729949951172,33.584503173828125,32.4853228962818
57.813,0,-9.724125862121582,-23.400232315063477,84.63719940185547,-45.893585205078125,-89.66265106201172,33.52141571044922,-9.724125862121582,-23.400232315063477,84.63719940185547,-45.893585205078125,-89.66265106201172,33.52141571044922,32.68101761252446
57.847,0,-9.249316215515137,-22.91669273376465,84.56066131591797,-46.5872917175293,-89.61347961425781,33.68661880493164,-9.249316215515137,-22.91669273376465,84.56066131591797,-46.5872917175293,-89.61347961425781,33.68661880493164,32.81148075668624
57.881,0,-9.141303062438965,-23.32122802734375,84.34630584716797,-45.927371978759766,-89.523193359375,33.65586471557617,-9.141303062438965,-23.32122802734375,84.34630584716797,-45.927371978759766,-89.523193359375,33.65586471557617,33.07240704500978
57.913,0,-8.742820739746094,-21.439266204833984,83.8407974243164,-47.62693786621094,-89.56201171875,34.12675094604492,-8.742820739746094,-21.439266204833984,83.8407974243164,-47.62693786621094,-89.56201171875,34.12675094604492,33.07240704500978
57.948,0,-8.563802719116211,-22.76919174194336,84.47584533691406,-46.594764709472656,-89.53608703613281,34.04841613769531,-8.563802719116211,-22.76919174194336,84.47584533691406,-46.594764709472656,-89.53608703613281,34.04841613769531,33.202870189171556
57.981,0,-8.073934555053711,-21.973403930664062,84.25160217285156,-47.48649215698242,-89.47853088378906,34.28071212768555,-8.073934555053711,-21.973403930664062,84.25160217285156,-47.48649215698242,-89.47853088378906,34.28071212768555,33.39856490541422
58.015,0,-7.932718753814697,-22.410869598388672,84.04571533203125,-46.81121826171875,-89.39527893066406,34.24104690551758,-7.932718753814697,-22.410869598388672,84.04571533203125,-46.81121826171875,-89.39527893066406,34.24104690551758,33.659491193737765
58.049,0,-7.502464771270752,-20.432781219482422,83.48534393310547,-48.54643630981445,-89.39473724365234,34.71852493286133,-7.502464771270752,-20.432781219482422,83.48534393310547,-48.54643630981445,-89.39473724365234,34.71852493286133,33.724722765818655
58.081,0,-7.236923694610596,-21.769153594970703,84.16963195800781,-47.52897644042969,-89.36595916748047,34.5552864074707,-7.236923694610596,-21.769153594970703,84.16963195800781,-47.52897644042969,-89.36595916748047,34.5552864074707,33.789954337899545
58.114,0,-6.762172222137451,-20.778345108032227,83.87727355957031,-48.6234130859375,-89.29891204833984,34.88615798950195,-6.762172222137451,-20.778345108032227,83.87727355957031,-48.6234130859375,-89.29891204833984,34.88615798950195,33.92041748206132
58.150,0,-6.568784713745117,-21.088607788085938,83.64168548583984,-48.056129455566406,-89.21821594238281,34.925559997558594,-6.568784713745117,-21.088607788085938,83.64168548583984,-48.056129455566406,-89.21821594238281,34.925559997558594,34.18134377038486
58.183,0,-6.103393077850342,-18.987545013427734,83.05474090576172,-49.83734893798828,-89.2181396484375,35.42730712890625,-6.103393077850342,-18.987545013427734,83.05474090576172,-49.83734893798828,-89.2181396484375,35.42730712890625,34.24657534246575
58.216,0,-5.791757583618164,-20.316028594970703,83.71302032470703,-48.80630874633789,-89.18109893798828,35.236488342285156,-5.791757583618164,-20.316028594970703,83.71302032470703,-48.80630874633789,-89.18109893798828,35.236488342285156,34.5075016307893
58.260,0,-6.502960681915283,-20.679018020629883,83.81396484375,-48.656494140625,-89.25489807128906,35.268070220947266,-6.502960681915283,-20.679018020629883,83.81396484375,-48.656494140625,-89.25489807128906,35.268070220947266,34.70319634703196
58.295,0,-6.257615089416504,-20.986682891845703,83.55306243896484,-48.12883758544922,-89.1190185546875,35.36261749267578,-6.257615089416504,-20.986682891845703,83.55306243896484,-48.12883758544922,-89.1190185546875,35.36261749267578,34.898891063274625
58.324,0,-5.741779327392578,-18.90544891357422,82.97329711914062,-49.854400634765625,-89.10393524169922,35.97643280029297,-5.741779327392578,-18.90544891357422,82.97329711914062,-49.854400634765625,-89.10393524169922,35.97643280029297,34.898891063274625
58.356,0,-5.267658710479736,-20.029586791992188,83.44348907470703,-48.931243896484375,-89.07447814941406,35.70454406738281,-5.267658710479736,-20.029586791992188,83.44348907470703,-48.931243896484375,-89.07447814941406,35.70454406738281,34.898891063274625
58.393,0,-5.9075541496276855,-20.066194534301758,83.45643615722656,-49.006629943847656,-89.10152435302734,35.916046142578125,-5.9075541496276855,-20.066194534301758,83.45643615722656,-49.006629943847656,-89.10152435302734,35.916046142578125,34.96412263535551
58.424,0,-5.590734481811523,-20.318702697753906,83.13151550292969,-48.47071838378906,-88.96537780761719,35.998046875,-5.590734481811523,-20.318702697753906,83.13151550292969,-48.47071838378906,-88.96537780761719,35.998046875,35.290280495759944
58.456,0,-5.171018123626709,-18.014286041259766,82.529052734375,-50.46710205078125,-88.95539093017578,36.728519439697266,-5.171018123626709,-18.014286041259766,82.529052734375,-50.46710205078125,-88.95539093017578,36.728519439697266,35.355512067840834
58.490,0,-4.679481029510498,-19.031301498413086,82.9036865234375,-49.52605438232422,-88.90007781982422,36.618324279785156,-4.679481029510498,-19.031301498413086,82.9036865234375,-49.52605438232422,-88.90007781982422,36.618324279785156,35.5512067840835
58.523,0,-5.273159027099609,-19.40972137451172,82.87410736083984,-49.162574768066406,-88.91688537597656,36.86865997314453,-5.273159027099609,-19.40972137451172,82.87410736083984,-49.162574768066406,-88.91688537597656,36.86865997314453,35.74690150032615
58.557,0,-5.037460803985596,-19.892406463623047,82.60232543945312,-48.35762023925781,-88.79515838623047,36.99485778808594,-5.037460803985596,-19.892406463623047,82.60232543945312,-48.35762023925781,-88.79515838623047,36.99485778808594,36.07305936073059
58.590,0,-4.606546401977539,-17.8338623046875,82.00300598144531,-50.028411865234375,-88.76529693603516,37.688514709472656,-4.606546401977539,-17.8338623046875,82.00300598144531,-50.028411865234375,-88.76529693603516,37.688514709472656,36.20352250489237
58.623,0,-3.9984774589538574,-18.817855834960938,82.25965881347656,-48.997642517089844,-88.71172332763672,37.64545822143555,-3.9984774589538574,-18.817855834960938,82.25965881347656,-48.997642517089844,-88.71172332763672,37.64545822143555,36.464448793215915
58.666,0,-3.6885628700256348,-19.257038116455078,81.91004943847656,-48.14666748046875,-88.57626342773438,37.58610916137695,-3.6885628700256348,-19.257038116455078,81.91004943847656,-48.14666748046875,-88.57626342773438,37.58610916137695,36.72537508153946
58.695,0,-3.183380126953125,-17.223766326904297,81.17404174804688,-49.65742492675781,-88.57945251464844,38.381839752197266,-3.183380126953125,-17.223766326904297,81.17404174804688,-49.65742492675781,-88.57945251464844,38.381839752197266,37.11676451402479
58.728,0,-3.164506435394287,-17.13907241821289,81.02925109863281,-49.69956970214844,-88.52169799804688,38.68431091308594,-3.164506435394287,-17.13907241821289,81.02925109863281,-49.69956970214844,-88.52169799804688,38.68431091308594,37.18199608610567
58.761,0,-2.708430290222168,-17.572017669677734,80.57735443115234,-48.81968688964844,-88.4315414428711,38.676918029785156,-2.708430290222168,-17.572017669677734,80.57735443115234,-48.81968688964844,-88.4315414428711,38.676918029785156,37.31245923026745
58.795,0,-2.285240650177002,-17.60051727294922,80.03917694091797,-48.32014465332031,-88.31016540527344,38.68692398071289,-2.285240650177002,-17.60051727294922,80.03917694091797,-48.32014465332031,-88.31016540527344,38.68692398071289,37.83431180691454
58.829,0,-1.7544225454330444,-18.346874237060547,80.1568374633789,-47.411888122558594,-88.280029296875,38.6748161315918,-1.7544225454330444,-18.346874237060547,80.1568374633789,-47.411888122558594,-88.280029296875,38.6748161315918,38.095238095238095
58.861,0,-1.6687536239624023,-17.619050979614258,79.82007598876953,-48.07832717895508,-88.2107162475586,39.34174728393555,-1.6687536239624023,-17.619050979614258,79.82007598876953,-48.07832717895508,-88.2107162475586,39.34174728393555,38.22570123939987
58.895,0,-1.5794761180877686,-17.530122756958008,79.50843048095703,-47.95513916015625,-88.1052474975586,39.92713928222656,-1.5794761180877686,-17.530122756958008,79.50843048095703,-47.95513916015625,-88.1052474975586,39.92713928222656,38.35616438356164
58.928,0,-1.1233140230178833,-15.95264720916748,78.62759399414062,-48.842864990234375,-88.10150146484375,40.17833709716797,-1.1233140230178833,-15.95264720916748,78.62759399414062,-48.842864990234375,-88.10150146484375,40.17833709716797,38.42139595564253
58.962,0,-1.1226837635040283,-16.79195213317871,79.2639389038086,-48.37458038330078,-88.12826538085938,40.09453582763672,-1.1226837635040283,-16.79195213317871,79.2639389038086,-48.37458038330078,-88.12826538085938,40.09453582763672,38.87801696020874
58.995,0,-0.46670398116111755,-16.405651092529297,79.15568542480469,-48.97730255126953,-88.05811309814453,40.394004821777344,-0.46670398116111755,-16.405651092529297,79.15568542480469,-48.97730255126953,-88.05811309814453,40.394004821777344,39.33463796477495
59.029,0,-1.0817235708236694,-17.467483520507812,79.36875915527344,-47.894691467285156,-88.0526123046875,40.04986572265625,-1.0817235708236694,-17.467483520507812,79.36875915527344,-47.894691467285156,-88.0526123046875,40.04986572265625,39.595564253098495
59.062,0,-0.638778030872345,-15.843371391296387,78.42053985595703,-48.71874237060547,-88.04390716552734,40.379364013671875,-0.638778030872345,-15.843371391296387,78.42053985595703,-48.71874237060547,-88.04390716552734,40.379364013671875,39.726027397260275
59.096,0,-0.82920902967453,-16.77801513671875,79.12971496582031,-48.32688903808594,-88.12742614746094,39.93553924560547,-0.82920902967453,-16.77801513671875,79.12971496582031,-48.32688903808594,-88.12742614746094,39.93553924560547,39.85649054142205
59.131,0,-1.4023997783660889,-17.712142944335938,79.36334228515625,-47.403106689453125,-88.10926055908203,39.628509521484375,-1.4023997783660889,-17.712142944335938,79.36334228515625,-47.403106689453125,-88.10926055908203,39.628509521484375,39.85649054142205
59.162,0,-2.032459020614624,-18.71188735961914,79.541015625,-46.34105682373047,-88.09989929199219,39.29640197753906,-2.032459020614624,-18.71188735961914,79.541015625,-46.34105682373047,-88.09989929199219,39.29640197753906,39.92172211350293
59.199,0,-1.7869861125946045,-17.384273529052734,78.71573638916016,-46.96031951904297,-88.1379165649414,39.5547981262207,-1.7869861125946045,-17.384273529052734,78.71573638916016,-46.96031951904297,-88.1379165649414,39.5547981262207,39.85649054142205
59.230,0,-1.185342788696289,-17.09698486328125,78.63826751708984,-47.494728088378906,-88.10335540771484,39.91822052001953,-1.185342788696289,-17.09698486328125,78.63826751708984,-47.494728088378906,-88.10335540771484,39.91822052001953,39.79125896934116
59.262,0,-0.4919204115867615,-16.72942543029785,78.4200668334961,-47.953636169433594,-88.05439758300781,40.21791076660156,-0.4919204115867615,-16.72942543029785,78.4200668334961,-47.953636169433594,-88.05439758300781,40.21791076660156,39.660795825179385
59.297,0,-1.1080901622772217,-17.802017211914062,78.57494354248047,-46.7916259765625,-88.05085754394531,39.795265197753906,-1.1080901622772217,-17.802017211914062,78.57494354248047,-46.7916259765625,-88.05085754394531,39.795265197753906,39.660795825179385
59.329,0,-1.2539981603622437,-18.691425323486328,79.20265197753906,-46.298797607421875,-88.12437438964844,39.42070007324219,-1.2539981603622437,-18.691425323486328,79.20265197753906,-46.298797607421875,-88.12437438964844,39.42070007324219,39.726027397260275
59.363,0,-1.454174518585205,-19.548927307128906,79.91921997070312,-46.00349426269531,-88.19575500488281,38.93292999267578,-1.454174518585205,-19.548927307128906,79.91921997070312,-46.00349426269531,-88.19575500488281,38.93292999267578,39.79125896934116
59.398,0,-2.039381980895996,-20.741058349609375,80.17495727539062,-44.8093147277832,-88.17486572265625,38.57627868652344,-2.039381980895996,-20.741058349609375,80.17495727539062,-44.8093147277832,-88.17486572265625,38.57627868652344,39.79125896934116
59.429,0,-1.8307942152023315,-19.404930114746094,79.30742645263672,-45.403480529785156,-88.19961547851562,38.7603645324707,-1.8307942152023315,-19.404930114746094,79.30742645263672,-45.403480529785156,-88.19961547851562,38.7603645324707,39.53033268101761
59.463,0,-2.008776903152466,-20.449195861816406,79.99603271484375,-44.822181701660156,-88.29487609863281,38.34543991088867,-2.008776903152466,-20.449195861816406,79.99603271484375,-44.822181701660156,-88.29487609863281,38.34543991088867,39.204174820613176
59.508,0,-1.2904448509216309,-19.811115264892578,79.85503387451172,-45.758644104003906,-88.23499298095703,38.692325592041016,-1.2904448509216309,-19.811115264892578,79.85503387451172,-45.758644104003906,-88.23499298095703,38.692325592041016,39.0737116764514
59.536,0,-1.8879475593566895,-21.051433563232422,80.05391693115234,-44.4610595703125,-88.2217025756836,38.342079162597656,-1.8879475593566895,-21.051433563232422,80.05391693115234,-44.4610595703125,-88.2217025756836,38.342079162597656,39.00848010437051
59.569,0,-1.649356722831726,-19.829978942871094,79.17953491210938,-44.935306549072266,-88.2480697631836,38.53270721435547,-1.649356722831726,-19.829978942871094,79.17953491210938,-44.935306549072266,-88.2480697631836,38.53270721435547,38.81278538812785
59.603,0,-1.596156120300293,-20.898609161376953,79.86688232421875,-44.311866760253906,-88.31421661376953,38.09466552734375,-1.596156120300293,-20.898609161376953,79.86688232421875,-44.311866760253906,-88.31421661376953,38.09466552734375,38.74755381604697
59.635,0,-0.8953879475593567,-20.413476943969727,79.77243041992188,-45.115482330322266,-88.26821899414062,38.495391845703125,-0.8953879475593567,-20.413476943969727,79.77243041992188,-45.115482330322266,-88.26821899414062,38.495391845703125,38.68232224396608
59.668,0,-1.4987362623214722,-21.573726654052734,79.97398376464844,-43.89971160888672,-88.25883483886719,38.241878509521484,-1.4987362623214722,-21.573726654052734,79.97398376464844,-43.89971160888672,-88.25883483886719,38.241878509521484,38.617090671885194
59.705,0,-1.2241172790527344,-20.192001342773438,79.04784393310547,-44.55550003051758,-88.28015899658203,38.55432891845703,-1.2241172790527344,-20.192001342773438,79.04784393310547,-44.55550003051758,-88.28015899658203,38.55432891845703,38.486627527723414
59.736,0,-1.336510181427002,-21.3756160736084,79.75241088867188,-43.8546142578125,-88.35881042480469,38.05661392211914,-1.336510181427002,-21.3756160736084,79.75241088867188,-43.8546142578125,-88.35881042480469,38.05661392211914,38.486627527723414
59.771,0,-0.6030097007751465,-21.095481872558594,79.65953063964844,-44.474891662597656,-88.31317901611328,38.36017608642578,-0.6030097007751465,-21.095481872558594,79.65953063964844,-44.474891662597656,-88.31317901611328,38.36017608642578,38.486627527723414
59.804,0,-1.172692060470581,-22.31907081604004,79.87042999267578,-43.2366943359375,-88.30451202392578,38.05630874633789,-1.172692060470581,-22.31907081604004,79.87042999267578,-43.2366943359375,-88.30451202392578,38.05630874633789,38.486627527723414
59.837,0,-0.7311882376670837,-20.894622802734375,78.89966583251953,-43.89313507080078,-88.31069946289062,38.32133483886719,-0.7311882376670837,-20.894622802734375,78.89966583251953,-43.89313507080078,-88.31069946289062,38.32133483886719,38.35616438356164
59.871,0,-0.7848132848739624,-22.02273178100586,79.61231994628906,-43.24833679199219,-88.39144897460938,37.904056549072266,-0.7848132848739624,-22.02273178100586,79.61231994628906,-43.24833679199219,-88.39144897460938,37.904056549072266,38.35616438356164
59.914,0,-0.4487462639808655,-21.701736450195312,79.55838012695312,-43.87190246582031,-88.38976287841797,38.17890167236328,-0.4487462639808655,-21.701736450195312,79.55838012695312,-43.87190246582031,-88.38976287841797,38.17890167236328,38.35616438356164
59.944,0,-1.0138421058654785,-23.01749038696289,79.76685333251953,-42.54773712158203,-88.38980102539062,37.88247299194336,-1.0138421058654785,-23.01749038696289,79.76685333251953,-42.54773712158203,-88.38980102539062,37.88247299194336,38.35616438356164
59.977,0,-1.1602941751480103,-20.62502670288086,78.81351470947266,-44.21790313720703,-88.35942077636719,38.61814880371094,-1.1602941751480103,-20.62502670288086,78.81351470947266,-44.21790313720703,-88.35942077636719,38.61814880371094,38.29093281148076
60.017,0,-1.154158592224121,-21.757518768310547,79.5199203491211,-43.51873016357422,-88.42677307128906,38.14836120605469,-1.154158592224121,-21.757518768310547,79.5199203491211,-43.51873016357422,-88.42677307128906,38.14836120605469,38.29093281148076
