t_s,episode,target.shoulder_pan.pos,target.shoulder_lift.pos,target.elbow_flex.pos,target.wrist_flex.pos,target.wrist_roll.pos,target.gripper.pos,sent.shoulder_pan.pos,sent.shoulder_lift.pos,sent.elbow_flex.pos,sent.wrist_flex.pos,sent.wrist_roll.pos,sent.gripper.pos,gripper_actual
0.245,0,-8.104813575744629,-100.47054290771484,91.93077850341797,70.90831756591797,-2.9347000122070312,0.3796520233154297,-8.104813575744629,-100.47054290771484,91.93077850341797,70.90831756591797,-2.9347000122070312,0.3796520233154297,1.36986301369863
0.274,0,-7.878243446350098,-100.38096618652344,92.03673553466797,70.6085205078125,-2.9114227294921875,0.38139915466308594,-7.878243446350098,-100.38096618652344,92.03673553466797,70.6085205078125,-2.9114227294921875,0.38139915466308594,1.36986301369863
0.307,0,-8.274975776672363,-100.39324951171875,92.03941345214844,69.98712921142578,-3.84649658203125,0.4234333038330078,-8.274975776672363,-100.39324951171875,92.03941345214844,69.98712921142578,-3.84649658203125,0.4234333038330078,1.36986301369863
0.342,0,-8.389683723449707,-100.54352569580078,92.04898071289062,70.25529479980469,-3.7313690185546875,0.4193077087402344,-8.389683723449707,-100.54352569580078,92.04898071289062,70.25529479980469,-3.7313690185546875,0.4193077087402344,1.2393998695368558
0.371,0,-8.547035217285156,-100.5622329711914,92.01443481445312,70.28550720214844,-3.5295486450195312,0.4329662322998047,-8.547035217285156,-100.5622329711914,92.01443481445312,70.28550720214844,-3.5295486450195312,0.4329662322998047,1.1741682974559686
0.406,0,-8.563374519348145,-100.56355285644531,92.01103210449219,70.21238708496094,-3.6475372314453125,0.4372520446777344,-8.563374519348145,-100.56355285644531,92.01103210449219,70.21238708496094,-3.6475372314453125,0.4372520446777344,1.1741682974559686
0.440,0,-8.681497573852539,-100.5434799194336,92.00690460205078,69.99040985107422,-4.147216796875,0.4462013244628906,-8.681497573852539,-100.5434799194336,92.00690460205078,69.99040985107422,-4.147216796875,0.4462013244628906,1.1741682974559686
0.473,0,-8.741560935974121,-100.6280517578125,92.08084106445312,69.79766082763672,-4.365501403808594,0.4408416748046875,-8.741560935974121,-100.6280517578125,92.08084106445312,69.79766082763672,-4.365501403808594,0.4408416748046875,1.1741682974559686
0.518,0,-8.793603897094727,-100.6391372680664,92.12257385253906,69.55240631103516,-4.7283782958984375,0.4454784393310547,-8.793603897094727,-100.6391372680664,92.12257385253906,69.55240631103516,-4.7283782958984375,0.4454784393310547,1.1741682974559686
0.545,0,-8.752280235290527,-100.61277770996094,92.1659164428711,69.29863739013672,-5.249534606933594,0.4497337341308594,-8.752280235290527,-100.61277770996094,92.1659164428711,69.29863739013672,-5.249534606933594,0.4497337341308594,1.1741682974559686
0.578,0,-8.744793891906738,-100.5887222290039,92.20003509521484,69.0313949584961,-5.7942047119140625,0.45886802673339844,-8.744793891906738,-100.5887222290039,92.20003509521484,69.0313949584961,-5.7942047119140625,0.45886802673339844,1.1741682974559686
0.612,0,-8.829072952270508,-100.63018035888672,92.28242492675781,68.72216796875,-6.305084228515625,0.4532470703125,-8.829072952270508,-100.63018035888672,92.28242492675781,68.72216796875,-6.305084228515625,0.4532470703125,1.1741682974559686
0.646,0,-8.870281219482422,-100.6310806274414,92.34344482421875,68.37906646728516,-6.875160217285156,0.4543571472167969,-8.870281219482422,-100.6310806274414,92.34344482421875,68.37906646728516,-6.875160217285156,0.4543571472167969,1.1741682974559686
0.679,0,-8.842466354370117,-100.62200164794922,92.4001235961914,68.0735855102539,-7.4670867919921875,0.46022987365722656,-8.842466354370117,-100.62200164794922,92.4001235961914,68.0735855102539,-7.4670867919921875,0.46022987365722656,1.1741682974559686
0.716,0,-8.835856437683105,-100.58570861816406,92.45849609375,67.72040557861328,-8.076103210449219,0.4663734436035156,-8.835856437683105,-100.58570861816406,92.45849609375,67.72040557861328,-8.076103210449219,0.4663734436035156,1.1741682974559686
0.747,0,-8.90006160736084,-100.5785140991211,92.53724670410156,67.34579467773438,-8.832611083984375,0.46663856506347656,-8.90006160736084,-100.5785140991211,92.53724670410156,67.34579467773438,-8.832611083984375,0.46663856506347656,1.1741682974559686
0.781,0,-8.944706916809082,-100.55799865722656,92.62223815917969,66.8681869506836,-9.742462158203125,0.47246742248535156,-8.944706916809082,-100.55799865722656,92.62223815917969,66.8681869506836,-9.742462158203125,0.47246742248535156,1.1741682974559686
0.813,0,-8.997880935668945,-100.51985931396484,92.69778442382812,66.42117309570312,-10.514633178710938,0.4771289825439453,-8.997880935668945,-100.51985931396484,92.69778442382812,66.42117309570312,-10.514633178710938,0.4771289825439453,1.1741682974559686
0.883,0,-9.076223373413086,-100.48792266845703,92.78160095214844,65.92041778564453,-11.429244995117188,0.4835376739501953,-9.076223373413086,-100.48792266845703,92.78160095214844,65.92041778564453,-11.429244995117188,0.4835376739501953,1.1741682974559686
0.909,0,-9.171159744262695,-100.47708129882812,92.8842544555664,65.42987060546875,-12.434593200683594,0.48554420471191406,-9.171159744262695,-100.47708129882812,92.8842544555664,65.42987060546875,-12.434593200683594,0.48554420471191406,1.1741682974559686
0.941,0,-9.23411750793457,-100.43791961669922,92.9945297241211,64.87882232666016,-13.438201904296875,0.4830913543701172,-9.23411750793457,-100.43791961669922,92.9945297241211,64.87882232666016,-13.438201904296875,0.4830913543701172,1.1741682974559686
0.978,0,-9.322446823120117,-100.4383544921875,93.09262084960938,64.41010284423828,-14.488037109375,0.4813728332519531,-9.322446823120117,-100.4383544921875,93.09262084960938,64.41010284423828,-14.488037109375,0.4813728332519531,1.1741682974559686
1.019,0,-9.410744667053223,-100.4287109375,93.21776580810547,63.81971740722656,-15.660530090332031,0.4782829284667969,-9.410744667053223,-100.4287109375,93.21776580810547,63.81971740722656,-15.660530090332031,0.4782829284667969,1.1741682974559686
1.051,0,-9.557767868041992,-100.43038177490234,93.33800506591797,63.26097106933594,-16.907012939453125,0.4776477813720703,-9.557767868041992,-100.43038177490234,93.33800506591797,63.26097106933594,-16.907012939453125,0.4776477813720703,1.1741682974559686
1.081,0,-9.656886100769043,-100.4063949584961,93.46929931640625,62.63450622558594,-18.120216369628906,0.47487640380859375,-9.656886100769043,-100.4063949584961,93.46929931640625,62.63450622558594,-18.120216369628906,0.47487640380859375,1.1741682974559686
1.114,0,-9.778449058532715,-100.39315032958984,93.58610534667969,62.08027648925781,-19.288654327392578,0.4757728576660156,-9.778449058532715,-100.39315032958984,93.58610534667969,62.08027648925781,-19.288654327392578,0.4757728576660156,1.1741682974559686
1.146,0,-9.898234367370605,-100.4177474975586,93.7426986694336,61.39323425292969,-20.648975372314453,0.4693794250488281,-9.898234367370605,-100.4177474975586,93.7426986694336,61.39323425292969,-20.648975372314453,0.4693794250488281,1.1741682974559686
1.190,0,-10.056965827941895,-100.41749572753906,93.87049865722656,60.82123565673828,-22.031505584716797,0.4691886901855469,-10.056965827941895,-100.41749572753906,93.87049865722656,60.82123565673828,-22.031505584716797,0.4691886901855469,1.1741682974559686
1.217,0,-10.187066078186035,-100.4231948852539,94.00749206542969,60.20335388183594,-23.337448120117188,0.45645904541015625,-10.187066078186035,-100.4231948852539,94.00749206542969,60.20335388183594,-23.337448120117188,0.45645904541015625,1.1741682974559686
1.250,0,-10.331164360046387,-100.42147827148438,94.12590026855469,59.63977813720703,-24.601486206054688,0.45116424560546875,-10.331164360046387,-100.42147827148438,94.12590026855469,59.63977813720703,-24.601486206054688,0.45116424560546875,1.1741682974559686
1.288,0,-10.501463890075684,-100.4449462890625,94.26014709472656,59.03124237060547,-25.983585357666016,0.4442787170410156,-10.501463890075684,-100.4449462890625,94.26014709472656,59.03124237060547,-25.983585357666016,0.4442787170410156,1.1741682974559686
1.318,0,-10.686317443847656,-100.43898010253906,94.41706848144531,58.312522888183594,-27.601646423339844,0.4386119842529297,-10.686317443847656,-100.43898010253906,94.41706848144531,58.312522888183594,-27.601646423339844,0.4386119842529297,1.1741682974559686
1.354,0,-10.796324729919434,-100.43038940429688,94.53954315185547,57.74812316894531,-28.957164764404297,0.4282855987548828,-10.796324729919434,-100.43038940429688,94.53954315185547,57.74812316894531,-28.957164764404297,0.4282855987548828,1.1741682974559686
1.384,0,-10.939861297607422,-100.41851043701172,94.69241333007812,57.07151794433594,-30.496559143066406,0.4163532257080078,-10.939861297607422,-100.41851043701172,94.69241333007812,57.07151794433594,-30.496559143066406,0.4163532257080078,1.1741682974559686
1.419,0,-11.149465560913086,-100.4156723022461,94.83168029785156,56.426292419433594,-32.09089279174805,0.40431785583496094,-11.149465560913086,-100.4156723022461,94.83168029785156,56.426292419433594,-32.09089279174805,0.40431785583496094,1.1741682974559686
1.452,0,-11.299003601074219,-100.4043960571289,94.98052978515625,55.70079040527344,-33.858497619628906,0.3941535949707031,-11.299003601074219,-100.4043960571289,94.98052978515625,55.70079040527344,-33.858497619628906,0.3941535949707031,1.1741682974559686
1.489,0,-11.39407730102539,-100.40221405029297,95.086181640625,55.17327880859375,-35.42266845703125,0.3822307586669922,-11.39407730102539,-100.40221405029297,95.086181640625,55.17327880859375,-35.42266845703125,0.3822307586669922,1.1741682974559686
1.516,0,-11.550597190856934,-100.42537689208984,95.21553802490234,54.593894958496094,-37.118324279785156,0.37404632568359375,-11.550597190856934,-100.42537689208984,95.21553802490234,54.593894958496094,-37.118324279785156,0.37404632568359375,1.1741682974559686
1.550,0,-11.694375038146973,-100.42813873291016,95.3502197265625,53.972930908203125,-38.92529296875,0.3568153381347656,-11.694375038146973,-100.42813873291016,95.3502197265625,53.972930908203125,-38.92529296875,0.3568153381347656,1.1741682974559686
1.585,0,-11.80622386932373,-100.43144226074219,95.48118591308594,53.334495544433594,-40.795169830322266,0.3615608215332031,-11.80622386932373,-100.43144226074219,95.48118591308594,53.334495544433594,-40.795169830322266,0.3615608215332031,1.1741682974559686
1.618,0,-11.87778377532959,-100.45592498779297,95.58086395263672,52.85774230957031,-42.525699615478516,0.3915271759033203,-11.87778377532959,-100.45592498779297,95.58086395263672,52.85774230957031,-42.525699615478516,0.3915271759033203,1.1741682974559686
1.651,0,-11.99632740020752,-100.48604583740234,95.6976318359375,52.293724060058594,-44.469879150390625,0.4473762512207031,-11.99632740020752,-100.48604583740234,95.6976318359375,52.293724060058594,-44.469879150390625,0.4473762512207031,1.1741682974559686
1.690,0,-12.068129539489746,-100.49662780761719,95.80036926269531,51.77919006347656,-46.314788818359375,0.547943115234375,-12.068129539489746,-100.49662780761719,95.80036926269531,51.77919006347656,-46.314788818359375,0.547943115234375,1.1741682974559686
1.716,0,-12.084609031677246,-100.52330017089844,95.91190338134766,51.120826721191406,-48.25918197631836,0.7120475769042969,-12.084609031677246,-100.52330017089844,95.91190338134766,51.120826721191406,-48.25918197631836,0.7120475769042969,1.1741682974559686
1.751,0,-12.117220878601074,-100.55789184570312,95.99205017089844,50.67279052734375,-50.07857894897461,0.9160633087158203,-12.117220878601074,-100.55789184570312,95.99205017089844,50.67279052734375,-50.07857894897461,0.9160633087158203,1.1741682974559686
1.787,0,-12.124178886413574,-100.60267639160156,96.08806610107422,50.15357971191406,-52.04973602294922,1.2029857635498047,-12.124178886413574,-100.60267639160156,96.08806610107422,50.15357971191406,-52.04973602294922,1.2029857635498047,1.1741682974559686
1.818,0,-12.125754356384277,-100.63562774658203,96.17410278320312,49.64966583251953,-54.04412078857422,1.4771575927734375,-12.125754356384277,-100.63562774658203,96.17410278320312,49.64966583251953,-54.04412078857422,1.4771575927734375,1.1741682974559686
1.850,0,-12.054030418395996,-100.65294647216797,96.24663543701172,49.093284606933594,-55.826568603515625,1.7517681121826172,-12.054030418395996,-100.65294647216797,96.24663543701172,49.093284606933594,-55.826568603515625,1.7517681121826172,1.2393998695368558
1.884,0,-11.982041358947754,-100.70697021484375,96.30357360839844,48.74851989746094,-57.55574035644531,2.056591033935547,-11.982041358947754,-100.70697021484375,96.30357360839844,48.74851989746094,-57.55574035644531,2.056591033935547,1.2393998695368558
1.919,0,-11.830304145812988,-100.75015258789062,96.36662292480469,48.28218078613281,-59.33073425292969,2.396862030029297,-11.830304145812988,-100.75015258789062,96.36662292480469,48.28218078613281,-59.33073425292969,2.396862030029297,1.2393998695368558
1.953,0,-11.73868465423584,-100.76115417480469,96.41400909423828,47.803810119628906,-61.00752258300781,2.7193470001220703,-11.73868465423584,-100.76115417480469,96.41400909423828,47.803810119628906,-61.00752258300781,2.7193470001220703,1.4350945857795172
1.987,0,-11.580708503723145,-100.7825927734375,96.45401763916016,47.27454376220703,-62.59292984008789,3.037107467651367,-11.580708503723145,-100.7825927734375,96.45401763916016,47.27454376220703,-62.59292984008789,3.037107467651367,1.6960208741030658
2.018,0,-11.388972282409668,-100.84970092773438,96.48501586914062,46.89398956298828,-64.17669677734375,3.415872573852539,-11.388972282409668,-100.84970092773438,96.48501586914062,46.89398956298828,-64.17669677734375,3.415872573852539,1.82648401826484
2.051,0,-11.136613845825195,-100.88636016845703,96.50109100341797,46.421722412109375,-65.76760864257812,3.858461380004883,-11.136613845825195,-100.88636016845703,96.50109100341797,46.421722412109375,-65.76760864257812,3.858461380004883,2.152641878669276
2.088,0,-10.901830673217773,-100.91178894042969,96.52149200439453,45.91143035888672,-67.13741302490234,4.272916793823242,-10.901830673217773,-100.91178894042969,96.52149200439453,45.91143035888672,-67.13741302490234,4.272916793823242,2.4787997390737115
2.120,0,-10.64619255065918,-100.91490173339844,96.52391815185547,45.465614318847656,-68.48701477050781,4.720884323120117,-10.64619255065918,-100.91490173339844,96.52391815185547,45.465614318847656,-68.48701477050781,4.720884323120117,2.8701891715590344
2.152,0,-10.413646697998047,-100.97314453125,96.52729034423828,45.013275146484375,-69.76029205322266,5.18599796295166,-10.413646697998047,-100.97314453125,96.52729034423828,45.013275146484375,-69.76029205322266,5.18599796295166,3.2615786040443573
2.192,0,-10.105439186096191,-100.99592590332031,96.51773834228516,44.50764465332031,-71.06581115722656,5.753237724304199,-10.105439186096191,-100.99592590332031,96.51773834228516,44.50764465332031,-71.06581115722656,5.753237724304199,3.65296803652968
2.219,0,-9.818258285522461,-101.02702331542969,96.50587463378906,44.021949768066406,-72.15548706054688,6.350298881530762,-9.818258285522461,-101.02702331542969,96.50587463378906,44.021949768066406,-72.15548706054688,6.350298881530762,4.10958904109589
2.253,0,-9.545473098754883,-101.00797271728516,96.48807525634766,43.53739929199219,-73.16737365722656,6.956353187561035,-9.545473098754883,-101.00797271728516,96.48807525634766,43.53739929199219,-73.16737365722656,6.956353187561035,4.500978473581213
2.286,0,-9.22516918182373,-101.04011535644531,96.47496795654297,43.012962341308594,-74.17515563964844,7.664804458618164,-9.22516918182373,-101.04011535644531,96.47496795654297,43.012962341308594,-74.17515563964844,7.664804458618164,5.088062622309197
2.321,0,-8.928960800170898,-101.0339126586914,96.45670318603516,42.50835418701172,-75.07600402832031,8.425594329833984,-8.928960800170898,-101.0339126586914,96.45670318603516,42.50835418701172,-75.07600402832031,8.425594329833984,5.609915198956294
2.353,0,-8.598358154296875,-100.99478149414062,96.4390869140625,41.940528869628906,-75.94384002685547,9.259634971618652,-8.598358154296875,-100.99478149414062,96.4390869140625,41.940528869628906,-75.94384002685547,9.259634971618652,6.262230919765166
2.395,0,-8.306832313537598,-100.95787048339844,96.41716003417969,41.43486785888672,-76.6788101196289,10.20972728729248,-8.306832313537598,-100.95787048339844,96.41716003417969,41.43486785888672,-76.6788101196289,10.20972728729248,6.914546640574038
2.421,0,-7.959348678588867,-100.91047668457031,96.4110107421875,40.878501892089844,-77.44356536865234,11.152350425720215,-7.959348678588867,-100.91047668457031,96.4110107421875,40.878501892089844,-77.44356536865234,11.152350425720215,7.697325505544683
2.455,0,-7.673524856567383,-100.80741119384766,96.3961181640625,40.274559020996094,-78.05226135253906,12.158065795898438,-7.673524856567383,-100.80741119384766,96.3961181640625,40.274559020996094,-78.05226135253906,12.158065795898438,8.284409654272668
2.495,0,-7.368544578552246,-100.72962188720703,96.39435577392578,39.68140411376953,-78.6904296875,13.18918228149414,-7.368544578552246,-100.72962188720703,96.39435577392578,39.68140411376953,-78.6904296875,13.18918228149414,9.1324200913242
2.521,0,-7.093756675720215,-100.62625885009766,96.38775634765625,39.152015686035156,-79.18872833251953,14.20779037475586,-7.093756675720215,-100.62625885009766,96.38775634765625,39.152015686035156,-79.18872833251953,14.20779037475586,10.045662100456621
2.559,0,-6.767277717590332,-100.5173568725586,96.37467193603516,38.54719543457031,-79.68079376220703,15.222742080688477,-6.767277717590332,-100.5173568725586,96.37467193603516,38.54719543457031,-79.68079376220703,15.222742080688477,10.95890410958904
2.588,0,-6.467935562133789,-100.42930603027344,96.36894989013672,38.01862335205078,-80.11245727539062,16.07209014892578,-6.467935562133789,-100.42930603027344,96.36894989013672,38.01862335205078,-80.11245727539062,16.07209014892578,12.067840834964121
2.626,0,-6.208224296569824,-100.26578521728516,96.36060333251953,37.38117218017578,-80.49485778808594,16.996999740600586,-6.208224296569824,-100.26578521728516,96.36060333251953,37.38117218017578,-80.49485778808594,16.996999740600586,12.981082844096543
2.656,0,-5.953707695007324,-100.08063507080078,96.35113525390625,36.798927307128906,-80.84217834472656,17.855098724365234,-5.953707695007324,-100.08063507080078,96.35113525390625,36.798927307128906,-80.84217834472656,17.855098724365234,13.959556425309849
2.692,0,-5.659505844116211,-99.8159408569336,96.33551025390625,36.092376708984375,-81.17853546142578,18.758480072021484,-5.659505844116211,-99.8159408569336,96.33551025390625,36.092376708984375,-81.17853546142578,18.758480072021484,14.87279843444227
2.757,0,-5.400762557983398,-99.53003692626953,96.3179931640625,35.376182556152344,-81.47393035888672,19.50333023071289,-5.400762557983398,-99.53003692626953,96.3179931640625,35.376182556152344,-81.47393035888672,19.50333023071289,15.851272015655576
2.784,0,-5.2018537521362305,-99.24859619140625,96.3013916015625,34.71326446533203,-81.75765228271484,20.279720306396484,-5.2018537521362305,-99.24859619140625,96.3013916015625,34.71326446533203,-81.75765228271484,20.279720306396484,17.35159817351598
2.819,0,-4.940070152282715,-98.87512969970703,96.28107452392578,33.95063018798828,-82.02569580078125,21.097766876220703,-4.940070152282715,-98.87512969970703,96.28107452392578,33.95063018798828,-82.02569580078125,21.097766876220703,17.873450750163077
2.851,0,-4.717024803161621,-98.47122955322266,96.25965118408203,33.16338348388672,-82.29857635498047,21.862903594970703,-4.717024803161621,-98.47122955322266,96.25965118408203,33.16338348388672,-82.29857635498047,21.862903594970703,18.656229615133725
2.883,0,-4.517992973327637,-98.07807922363281,96.25011444091797,32.35881042480469,-82.54061889648438,22.54642105102539,-4.517992973327637,-98.07807922363281,96.25011444091797,32.35881042480469,-82.54061889648438,22.54642105102539,19.373776908023483
2.916,0,-4.362078666687012,-97.59272003173828,96.22966766357422,31.48139190673828,-82.79597473144531,23.26009178161621,-4.362078666687012,-97.59272003173828,96.22966766357422,31.48139190673828,-82.79597473144531,23.26009178161621,20.15655577299413
2.951,0,-4.162940979003906,-97.06072998046875,96.20782470703125,30.56482696533203,-83.03418731689453,24.02692985534668,-4.162940979003906,-97.06072998046875,96.20782470703125,30.56482696533203,-83.03418731689453,24.02692985534668,20.939334637964773
2.983,0,-3.9948339462280273,-96.3924789428711,96.19574737548828,29.492889404296875,-83.28893280029297,24.735868453979492,-3.9948339462280273,-96.3924789428711,96.19574737548828,29.492889404296875,-83.28893280029297,24.735868453979492,21.722113502935418
3.016,0,-3.8750572204589844,-95.8132095336914,96.17620849609375,28.48558807373047,-83.51725769042969,25.498878479003906,-3.8750572204589844,-95.8132095336914,96.17620849609375,28.48558807373047,-83.51725769042969,25.498878479003906,22.439660795825176
3.050,0,-3.7421369552612305,-95.13129425048828,96.15473175048828,27.40045928955078,-83.76224517822266,26.219684600830078,-3.7421369552612305,-95.13129425048828,96.15473175048828,27.40045928955078,-83.76224517822266,26.219684600830078,23.222439660795825
3.084,0,-3.6188764572143555,-94.32877349853516,96.12434387207031,26.256771087646484,-83.98567962646484,26.929508209228516,-3.6188764572143555,-94.32877349853516,96.12434387207031,26.256771087646484,-83.98567962646484,26.929508209228516,23.939986953685583
3.120,0,-3.510283946990967,-93.5004653930664,96.10247802734375,25.001251220703125,-84.22663879394531,27.617286682128906,-3.510283946990967,-93.5004653930664,96.10247802734375,25.001251220703125,-84.22663879394531,27.617286682128906,24.65753424657534
3.153,0,-3.464150905609131,-92.69158172607422,96.08167266845703,23.773090362548828,-84.46452331542969,28.394390106201172,-3.464150905609131,-92.69158172607422,96.08167266845703,23.773090362548828,-84.46452331542969,28.394390106201172,25.3750815394651
3.183,0,-3.404327869415283,-91.74166870117188,96.04996490478516,22.4361572265625,-84.70867919921875,29.12513542175293,-3.404327869415283,-91.74166870117188,96.04996490478516,22.4361572265625,-84.70867919921875,29.12513542175293,26.09262883235486
3.218,0,-3.3494677543640137,-90.68016815185547,95.99295806884766,21.019710540771484,-84.91986846923828,29.838497161865234,-3.3494677543640137,-90.68016815185547,95.99295806884766,21.019710540771484,-84.91986846923828,29.838497161865234,26.810176125244617
3.250,0,-3.3406262397766113,-89.61443328857422,95.94192504882812,19.535110473632812,-85.14859771728516,30.546100616455078,-3.3406262397766113,-89.61443328857422,95.94192504882812,19.535110473632812,-85.14859771728516,30.546100616455078,27.527723418134375
3.284,0,-3.3063101768493652,-88.59053039550781,95.87527465820312,18.072593688964844,-85.37608337402344,31.296316146850586,-3.3063101768493652,-88.59053039550781,95.87527465820312,18.072593688964844,-85.37608337402344,31.296316146850586,28.245270711024133
3.330,0,-3.3104448318481445,-87.3577651977539,95.80432891845703,16.505355834960938,-85.56941223144531,31.98975372314453,-3.3104448318481445,-87.3577651977539,95.80432891845703,16.505355834960938,-85.56941223144531,31.98975372314453,29.02804957599478
3.356,0,-3.331430435180664,-86.09307861328125,95.71766662597656,14.894798278808594,-85.77228546142578,32.66238021850586,-3.331430435180664,-86.09307861328125,95.71766662597656,14.894798278808594,-85.77228546142578,32.66238021850586,29.810828440965427
3.391,0,-3.351439952850342,-84.90303039550781,95.62212371826172,13.325660705566406,-85.96224975585938,33.324134826660156,-3.351439952850342,-84.90303039550781,95.62212371826172,13.325660705566406,-85.96224975585938,33.324134826660156,30.39791258969341
3.424,0,-3.3891448974609375,-83.55986785888672,95.49419403076172,11.651893615722656,-86.16448211669922,33.95606231689453,-3.3891448974609375,-83.55986785888672,95.49419403076172,11.651893615722656,-86.16448211669922,33.95606231689453,31.180691454664057
3.458,0,-3.3853206634521484,-82.2874755859375,95.40298461914062,10.057113647460938,-86.3396224975586,34.563507080078125,-3.3853206634521484,-82.2874755859375,95.40298461914062,10.057113647460938,-86.3396224975586,34.563507080078125,31.83300717547293
3.492,0,-3.4580602645874023,-80.87217712402344,95.25283813476562,8.366657257080078,-86.52499389648438,35.160152435302734,-3.4580602645874023,-80.87217712402344,95.25283813476562,8.366657257080078,-86.52499389648438,35.160152435302734,32.4853228962818
3.528,0,-3.4974260330200195,-79.42376708984375,95.1181640625,6.600719451904297,-86.70002746582031,35.81300354003906,-3.4974260330200195,-79.42376708984375,95.1181640625,6.600719451904297,-86.70002746582031,35.81300354003906,33.13763861709067
3.558,0,-3.561378002166748,-78.0521011352539,94.98397064208984,4.951957702636719,-86.86823272705078,36.38031768798828,-3.561378002166748,-78.0521011352539,94.98397064208984,4.951957702636719,-86.86823272705078,36.38031768798828,33.724722765818655
3.591,0,-3.616123676300049,-76.50230407714844,94.82817840576172,3.146930694580078,-87.02615356445312,36.963844299316406,-3.616123676300049,-76.50230407714844,94.82817840576172,3.146930694580078,-87.02615356445312,36.963844299316406,34.37703848662753
3.625,0,-3.688039779663086,-75.00709533691406,94.64054870605469,1.4121780395507812,-87.18777465820312,37.47172546386719,-3.688039779663086,-75.00709533691406,94.64054870605469,1.4121780395507812,-87.18777465820312,37.47172546386719,35.0293542074364
3.662,0,-3.8178224563598633,-74.1485824584961,94.53065490722656,0.38915252685546875,-87.32664489746094,37.80571746826172,-3.8178224563598633,-74.1485824584961,94.53065490722656,0.38915252685546875,-87.32664489746094,37.80571746826172,35.61643835616438
3.691,0,-3.980471611022949,-73.81150817871094,94.52438354492188,-0.17421722412109375,-87.44060516357422,37.96272277832031,-3.980471611022949,-73.81150817871094,94.52438354492188,-0.17421722412109375,-87.44060516357422,37.96272277832031,36.20352250489237
3.725,0,-3.903718948364258,-73.79016876220703,94.59895324707031,-0.4212799072265625,-87.6187515258789,38.12818908691406,-3.903718948364258,-73.79016876220703,94.59895324707031,-0.4212799072265625,-87.6187515258789,38.12818908691406,36.72537508153946
3.758,0,-3.921261787414551,-72.21286010742188,94.34561157226562,-2.042877197265625,-87.73696899414062,38.494319915771484,-3.921261787414551,-72.21286010742188,94.34561157226562,-2.042877197265625,-87.73696899414062,38.494319915771484,37.11676451402479
3.791,0,-4.152276992797852,-71.18086242675781,94.21588897705078,-3.183361053466797,-87.8583755493164,38.65605926513672,-4.152276992797852,-71.18086242675781,94.21588897705078,-3.183361053466797,-87.8583755493164,38.65605926513672,37.37769080234833
3.826,0,-4.08833122253418,-70.54429626464844,94.18450164794922,-4.073368072509766,-87.99864959716797,38.74264907836914,-4.08833122253418,-70.54429626464844,94.18450164794922,-4.073368072509766,-87.99864959716797,38.74264907836914,37.70384866275277
3.862,0,-4.011558532714844,-70.35200500488281,94.25226593017578,-4.47979736328125,-88.20092010498047,38.905250549316406,-4.011558532714844,-70.35200500488281,94.25226593017578,-4.47979736328125,-88.20092010498047,38.905250549316406,38.030006523157205
3.892,0,-4.002594947814941,-68.8160400390625,94.04850006103516,-6.251134872436523,-88.3929443359375,39.34111022949219,-4.002594947814941,-68.8160400390625,94.04850006103516,-6.251134872436523,-88.3929443359375,39.34111022949219,38.22570123939987
3.929,0,-4.262172698974609,-67.7596664428711,93.90778350830078,-7.376192092895508,-88.51933288574219,39.42345428466797,-4.262172698974609,-67.7596664428711,93.90778350830078,-7.376192092895508,-88.51933288574219,39.42345428466797,38.42139595564253
3.967,0,-4.193251609802246,-66.9985580444336,93.91959381103516,-8.336761474609375,-88.65005493164062,39.498138427734375,-4.193251609802246,-66.9985580444336,93.91959381103516,-8.336761474609375,-88.65005493164062,39.498138427734375,38.68232224396608
3.997,0,-4.285689353942871,-66.7027587890625,94.0789794921875,-8.938545227050781,-88.79946899414062,39.61070251464844,-4.285689353942871,-66.7027587890625,94.0789794921875,-8.938545227050781,-88.79946899414062,39.61070251464844,38.94324853228962
4.030,0,-4.296342849731445,-64.93157958984375,93.7975082397461,-10.795955657958984,-88.96914672851562,39.96208572387695,-4.296342849731445,-64.93157958984375,93.7975082397461,-10.795955657958984,-88.96914672851562,39.96208572387695,39.0737116764514
4.064,0,-4.629125595092773,-63.51338195800781,93.56730651855469,-12.220096588134766,-89.09947204589844,40.05342483520508,-4.629125595092773,-63.51338195800781,93.56730651855469,-12.220096588134766,-89.09947204589844,40.05342483520508,39.204174820613176
4.134,0,-4.541119575500488,-62.47052764892578,93.4963150024414,-13.438636779785156,-89.23182678222656,40.137874603271484,-4.541119575500488,-62.47052764892578,93.4963150024414,-13.438636779785156,-89.23182678222656,40.137874603271484,39.33463796477495
4.165,0,-4.608647346496582,-61.610633850097656,93.46707916259766,-14.493833541870117,-89.31464385986328,40.16893768310547,-4.608647346496582,-61.610633850097656,93.46707916259766,-14.493833541870117,-89.31464385986328,40.16893768310547,39.726027397260275
4.199,0,-4.690207481384277,-59.39539337158203,93.14015197753906,-16.785152435302734,-89.44706726074219,40.5872688293457,-4.690207481384277,-59.39539337158203,93.14015197753906,-16.785152435302734,-89.44706726074219,40.5872688293457,39.726027397260275
4.234,0,-4.959959983825684,-58.08857727050781,92.97779846191406,-18.139055252075195,-89.54326629638672,40.653114318847656,-4.959959983825684,-58.08857727050781,92.97779846191406,-18.139055252075195,-89.54326629638672,40.653114318847656,39.85649054142205
4.264,0,-5.012280464172363,-57.309051513671875,92.99983215332031,-19.17669105529785,-89.67310333251953,40.81864547729492,-5.012280464172363,-57.309051513671875,92.99983215332031,-19.17669105529785,-89.67310333251953,40.81864547729492,39.92172211350293
4.300,0,-5.083216667175293,-57.006526947021484,93.12977600097656,-19.774696350097656,-89.79446411132812,40.91353225708008,-5.083216667175293,-57.006526947021484,93.12977600097656,-19.774696350097656,-89.79446411132812,40.91353225708008,40.182648401826484
4.331,0,-5.353974342346191,-56.0886344909668,93.06177520751953,-20.802974700927734,-89.89322662353516,40.95702362060547,-5.353974342346191,-56.0886344909668,93.06177520751953,-20.802974700927734,-89.89322662353516,40.95702362060547,40.31311154598826
4.366,0,-5.49123477935791,-55.32578659057617,93.0458984375,-21.665069580078125,-89.9715805053711,41.064849853515625,-5.49123477935791,-55.32578659057617,93.0458984375,-21.665069580078125,-89.9715805053711,41.064849853515625,40.44357469015003
4.434,0,-5.642546653747559,-54.12317657470703,92.91026306152344,-22.845516204833984,-90.01842498779297,41.142364501953125,-5.642546653747559,-54.12317657470703,92.91026306152344,-22.845516204833984,-90.01842498779297,41.142364501953125,40.5740378343118
4.463,0,-5.614571571350098,-53.44734573364258,92.88388061523438,-23.64737319946289,-90.13351440429688,41.1899528503418,-5.614571571350098,-53.44734573364258,92.88388061523438,-23.64737319946289,-90.13351440429688,41.1899528503418,40.704500978473575
4.497,0,-5.886407852172852,-52.48713302612305,92.8267593383789,-24.727033615112305,-90.21771240234375,41.234378814697266,-5.886407852172852,-52.48713302612305,92.8267593383789,-24.727033615112305,-90.21771240234375,41.234378814697266,40.704500978473575
4.531,0,-6.045037269592285,-51.58171844482422,92.72976684570312,-25.686161041259766,-90.29619598388672,41.34296417236328,-6.045037269592285,-51.58171844482422,92.72976684570312,-25.686161041259766,-90.29619598388672,41.34296417236328,40.769732550554465
4.566,0,-6.136391639709473,-51.100433349609375,92.84471893310547,-26.371442794799805,-90.38430786132812,41.469661712646484,-6.136391639709473,-51.100433349609375,92.84471893310547,-26.371442794799805,-90.38430786132812,41.469661712646484,40.90019569471624
4.596,0,-6.701513290405273,-49.04594421386719,92.4538803100586,-28.231536865234375,-90.44853210449219,41.638099670410156,-6.701513290405273,-49.04594421386719,92.4538803100586,-28.231536865234375,-90.44853210449219,41.638099670410156,41.03065883887801
4.631,0,-6.967456817626953,-47.45228576660156,92.17326354980469,-29.60032081604004,-90.45311737060547,41.6719970703125,-6.967456817626953,-47.45228576660156,92.17326354980469,-29.60032081604004,-90.45311737060547,41.6719970703125,41.0958904109589
4.668,0,-7.149442672729492,-45.50969314575195,91.73039245605469,-31.055143356323242,-90.44794464111328,41.67717361450195,-7.149442672729492,-45.50969314575195,91.73039245605469,-31.055143356323242,-90.44794464111328,41.67717361450195,41.0958904109589
4.707,0,-7.225774765014648,-44.85948181152344,91.76575469970703,-31.786264419555664,-90.52296447753906,41.76325988769531,-7.225774765014648,-44.85948181152344,91.76575469970703,-31.786264419555664,-90.52296447753906,41.76325988769531,41.16112198303979
4.742,0,-7.224905967712402,-44.249244689941406,91.62071990966797,-32.31713104248047,-90.59797668457031,41.750404357910156,-7.224905967712402,-44.249244689941406,91.62071990966797,-32.31713104248047,-90.59797668457031,41.750404357910156,41.226353555120674
4.771,0,-7.448951721191406,-43.24744415283203,91.3958740234375,-33.13616180419922,-90.62472534179688,41.67437744140625,-7.448951721191406,-43.24744415283203,91.3958740234375,-33.13616180419922,-90.62472534179688,41.67437744140625,41.35681669928245
4.806,0,-7.565081596374512,-41.40256881713867,90.91963195800781,-34.403106689453125,-90.61709594726562,41.60696029663086,-7.565081596374512,-41.40256881713867,90.91963195800781,-34.403106689453125,-90.61709594726562,41.60696029663086,41.48727984344423
4.845,0,-7.603772163391113,-40.79267120361328,90.80023193359375,-34.877296447753906,-90.640625,41.5288200378418,-7.603772163391113,-40.79267120361328,90.80023193359375,-34.877296447753906,-90.640625,41.5288200378418,41.48727984344423
4.875,0,-7.655185699462891,-39.74835968017578,90.45060729980469,-35.50257110595703,-90.64429473876953,41.45182418823242,-7.655185699462891,-39.74835968017578,90.45060729980469,-35.50257110595703,-90.64429473876953,41.45182418823242,41.48727984344423
4.917,0,-7.878664970397949,-38.87690734863281,90.1581039428711,-36.08526611328125,-90.66536712646484,41.33026885986328,-7.878664970397949,-38.87690734863281,90.1581039428711,-36.08526611328125,-90.66536712646484,41.33026885986328,41.48727984344423
4.951,0,-8.024188041687012,-37.484493255615234,89.71089935302734,-36.90138626098633,-90.64824676513672,41.21072006225586,-8.024188041687012,-37.484493255615234,89.71089935302734,-36.90138626098633,-90.64824676513672,41.21072006225586,41.48727984344423
4.981,0,-8.015856742858887,-37.01327896118164,89.54107666015625,-37.178096771240234,-90.71076202392578,41.130096435546875,-8.015856742858887,-37.01327896118164,89.54107666015625,-37.178096771240234,-90.71076202392578,41.130096435546875,41.48727984344423
5.019,0,-8.082093238830566,-35.66156768798828,89.087158203125,-38.07608413696289,-90.71240234375,40.98046112060547,-8.082093238830566,-35.66156768798828,89.087158203125,-38.07608413696289,-90.71240234375,40.98046112060547,41.48727984344423
5.052,0,-8.15224838256836,-35.22443389892578,88.94267272949219,-38.35979461669922,-90.73991394042969,40.83168029785156,-8.15224838256836,-35.22443389892578,88.94267272949219,-38.35979461669922,-90.73991394042969,40.83168029785156,41.48727984344423
5.084,0,-8.100411415100098,-34.746761322021484,88.8081283569336,-38.6413688659668,-90.77388763427734,40.70071029663086,-8.100411415100098,-34.746761322021484,88.8081283569336,-38.6413688659668,-90.77388763427734,40.70071029663086,41.48727984344423
5.119,0,-8.062265396118164,-34.324180603027344,88.59239196777344,-38.823524475097656,-90.82466125488281,40.5482177734375,-8.062265396118164,-34.324180603027344,88.59239196777344,-38.823524475097656,-90.82466125488281,40.5482177734375,41.42204827136334
5.150,0,-8.108918190002441,-33.21971893310547,88.21360778808594,-39.49129867553711,-90.81548309326172,40.2586669921875,-8.108918190002441,-33.21971893310547,88.21360778808594,-39.49129867553711,-90.81548309326172,40.2586669921875,41.226353555120674
5.182,0,-8.111245155334473,-33.25094223022461,88.16290283203125,-39.3221435546875,-90.79010009765625,40.073707580566406,-8.111245155334473,-33.25094223022461,88.16290283203125,-39.3221435546875,-90.79010009765625,40.073707580566406,41.0958904109589
5.217,0,-8.051440238952637,-32.915992736816406,87.99186706542969,-39.391136169433594,-90.8180160522461,39.89216613769531,-8.051440238952637,-32.915992736816406,87.99186706542969,-39.391136169433594,-90.8180160522461,39.89216613769531,40.90019569471624
5.282,0,-8.00236701965332,-32.74943542480469,87.81561279296875,-39.305702209472656,-90.85101318359375,39.62141418457031,-8.00236701965332,-32.74943542480469,87.81561279296875,-39.305702209472656,-90.85101318359375,39.62141418457031,40.704500978473575
5.313,0,-7.993038177490234,-32.04793930053711,87.47126007080078,-39.65192794799805,-90.8443374633789,39.3415641784668,-7.993038177490234,-32.04793930053711,87.47126007080078,-39.65192794799805,-90.8443374633789,39.3415641784668,40.31311154598826
5.346,0,-8.005753517150879,-32.2083625793457,87.46351623535156,-39.365196228027344,-90.82546997070312,39.10515594482422,-8.005753517150879,-32.2083625793457,87.46351623535156,-39.365196228027344,-90.82546997070312,39.10515594482422,40.31311154598826
5.380,0,-8.053483009338379,-32.21656799316406,87.50446319580078,-39.32938766479492,-90.85138702392578,38.853607177734375,-8.053483009338379,-32.21656799316406,87.50446319580078,-39.32938766479492,-90.85138702392578,38.853607177734375,40.05218525766471
5.412,0,-8.023419380187988,-32.316917419433594,87.6797103881836,-39.32789993286133,-90.86268615722656,38.56410217285156,-8.023419380187988,-32.316917419433594,87.6797103881836,-39.32789993286133,-90.86268615722656,38.56410217285156,39.79125896934116
5.446,0,-7.9996747970581055,-32.012046813964844,87.45218658447266,-39.42378234863281,-90.8647232055664,38.244728088378906,-7.9996747970581055,-32.012046813964844,87.45218658447266,-39.42378234863281,-90.8647232055664,38.244728088378906,39.46510110893672
5.478,0,-8.043389320373535,-32.34344482421875,87.60259246826172,-39.12169647216797,-90.86381530761719,37.917579650878906,-8.043389320373535,-32.34344482421875,87.60259246826172,-39.12169647216797,-90.86381530761719,37.917579650878906,39.204174820613176
5.508,0,-8.169970512390137,-32.47623062133789,87.82545471191406,-39.098228454589844,-90.89592742919922,37.58567810058594,-8.169970512390137,-32.47623062133789,87.82545471191406,-39.098228454589844,-90.89592742919922,37.58567810058594,38.94324853228962
5.542,0,-8.291500091552734,-32.668975830078125,88.12013244628906,-39.11977767944336,-90.93900299072266,37.21067810058594,-8.291500091552734,-32.668975830078125,88.12013244628906,-39.11977767944336,-90.93900299072266,37.21067810058594,38.68232224396608
5.575,0,-8.271746635437012,-32.758792877197266,88.26009368896484,-39.088966369628906,-90.92140197753906,36.823387145996094,-8.271746635437012,-32.758792877197266,88.26009368896484,-39.088966369628906,-90.92140197753906,36.823387145996094,38.29093281148076
5.608,0,-8.266342163085938,-32.81542205810547,88.21717071533203,-38.964237213134766,-90.93144226074219,36.44896697998047,-8.266342163085938,-32.81542205810547,88.21717071533203,-38.964237213134766,-90.93144226074219,36.44896697998047,37.96477495107632
5.642,0,-8.303583145141602,-33.183990478515625,88.47532653808594,-38.696075439453125,-90.91432189941406,36.05908203125,-8.303583145141602,-33.183990478515625,88.47532653808594,-38.696075439453125,-90.91432189941406,36.05908203125,37.573385518590996
5.675,0,-8.44664478302002,-33.412261962890625,88.87773132324219,-38.77254104614258,-90.93065643310547,35.64502716064453,-8.44664478302002,-33.412261962890625,88.87773132324219,-38.77254104614258,-90.93065643310547,35.64502716064453,37.24722765818656
5.709,0,-8.425408363342285,-33.63874435424805,88.98348236083984,-38.54849624633789,-90.9052734375,35.269569396972656,-8.425408363342285,-33.63874435424805,88.98348236083984,-38.54849624633789,-90.9052734375,35.269569396972656,36.855838225701234
5.743,0,-8.412773132324219,-32.501502990722656,88.59114074707031,-39.52436447143555,-90.8429183959961,35.28044891357422,-8.412773132324219,-32.501502990722656,88.59114074707031,-39.52436447143555,-90.8429183959961,35.28044891357422,36.464448793215915
5.775,0,-8.509734153747559,-32.85854721069336,88.89156341552734,-39.282989501953125,-90.80004119873047,34.92046356201172,-8.509734153747559,-32.85854721069336,88.89156341552734,-39.282989501953125,-90.80004119873047,34.92046356201172,36.07305936073059
5.810,0,-8.538491249084473,-32.48106002807617,88.8722915649414,-39.70056915283203,-90.72466278076172,34.85146713256836,-8.538491249084473,-32.48106002807617,88.8722915649414,-39.70056915283203,-90.72466278076172,34.85146713256836,35.74690150032615
5.865,0,-8.522252082824707,-32.02833557128906,88.76632690429688,-40.122406005859375,-90.67063903808594,34.723934173583984,-8.522252082824707,-32.02833557128906,88.76632690429688,-40.122406005859375,-90.67063903808594,34.723934173583984,35.5512067840835
5.893,0,-8.527337074279785,-30.577232360839844,88.45700073242188,-41.57837677001953,-90.64892578125,35.09746170043945,-8.527337074279785,-30.577232360839844,88.45700073242188,-41.57837677001953,-90.64892578125,35.09746170043945,35.22504892367906
5.925,0,-8.537484169006348,-29.44463348388672,88.24131774902344,-42.71665573120117,-90.61772918701172,35.20364761352539,-8.537484169006348,-29.44463348388672,88.24131774902344,-42.71665573120117,-90.61772918701172,35.20364761352539,35.15981735159817
5.960,0,-8.540013313293457,-28.38744354248047,88.07232666015625,-43.8720703125,-90.5301284790039,35.4785041809082,-8.540013313293457,-28.38744354248047,88.07232666015625,-43.8720703125,-90.5301284790039,35.4785041809082,35.0293542074364
5.992,0,-8.489110946655273,-26.159046173095703,87.54656219482422,-45.94575500488281,-90.43586730957031,36.131988525390625,-8.489110946655273,-26.159046173095703,87.54656219482422,-45.94575500488281,-90.43586730957031,36.131988525390625,35.0293542074364
6.025,0,-8.450634002685547,-24.726634979248047,87.21389770507812,-47.3976936340332,-90.40335845947266,36.611412048339844,-8.450634002685547,-24.726634979248047,87.21389770507812,-47.3976936340332,-90.40335845947266,36.611412048339844,35.0293542074364
6.058,0,-8.458749771118164,-23.700607299804688,86.98954772949219,-48.456111907958984,-90.37689971923828,36.942718505859375,-8.458749771118164,-23.700607299804688,86.98954772949219,-48.456111907958984,-90.37689971923828,36.942718505859375,35.0293542074364
6.092,0,-8.58845043182373,-21.869970321655273,86.61659240722656,-50.25849151611328,-90.29524230957031,37.54180908203125,-8.58845043182373,-21.869970321655273,86.61659240722656,-50.25849151611328,-90.29524230957031,37.54180908203125,35.5512067840835
6.125,0,-8.485173225402832,-20.5024356842041,86.24034881591797,-51.54700469970703,-90.26555633544922,37.94511032104492,-8.485173225402832,-20.5024356842041,86.24034881591797,-51.54700469970703,-90.26555633544922,37.94511032104492,36.007827788649706
6.159,0,-8.513221740722656,-17.59559440612793,85.53691101074219,-54.27680969238281,-90.22602081298828,38.91679382324219,-8.513221740722656,-17.59559440612793,85.53691101074219,-54.27680969238281,-90.22602081298828,38.91679382324219,36.399217221135025
6.192,0,-8.65734577178955,-14.985692977905273,84.87483978271484,-56.67957305908203,-90.22149658203125,39.82044219970703,-8.65734577178955,-14.985692977905273,84.87483978271484,-56.67957305908203,-90.22149658203125,39.82044219970703,36.921069797782124
6.225,0,-8.729655265808105,-12.987833023071289,84.3967514038086,-58.61979675292969,-90.11986541748047,40.46133041381836,-8.729655265808105,-12.987833023071289,84.3967514038086,-58.61979675292969,-90.11986541748047,40.46133041381836,37.37769080234833
6.274,0,-8.685511589050293,-10.238348007202148,83.72200012207031,-61.218467712402344,-90.0504150390625,41.42164993286133,-8.685511589050293,-10.238348007202148,83.72200012207031,-61.218467712402344,-90.0504150390625,41.42164993286133,38.22570123939987
6.301,0,-8.798287391662598,-8.914039611816406,83.39928436279297,-62.49269104003906,-90.0494384765625,41.61098861694336,-8.798287391662598,-8.914039611816406,83.39928436279297,-62.49269104003906,-90.0494384765625,41.61098861694336,39.138943248532286
6.333,0,-8.909041404724121,-7.288698196411133,82.97107696533203,-64.09375,-89.99424743652344,42.15904235839844,-8.909041404724121,-7.288698196411133,82.97107696533203,-64.09375,-89.99424743652344,42.15904235839844,39.660795825179385
6.403,0,-8.791345596313477,-6.283434867858887,82.68978118896484,-65.02616882324219,-89.93704986572266,42.53752136230469,-8.791345596313477,-6.283434867858887,82.68978118896484,-65.02616882324219,-89.93704986572266,42.53752136230469,40.37834311806915
6.431,0,-8.736954689025879,-4.351924896240234,82.11978149414062,-66.8143539428711,-89.88263702392578,43.18614959716797,-8.736954689025879,-4.351924896240234,82.11978149414062,-66.8143539428711,-89.88263702392578,43.18614959716797,41.291585127201564
6.471,0,-8.848702430725098,-3.56302547454834,81.8670654296875,-67.51130676269531,-89.92249298095703,43.04017639160156,-8.848702430725098,-3.56302547454834,81.8670654296875,-67.51130676269531,-89.92249298095703,43.04017639160156,41.617742987606
6.499,0,-8.918329238891602,-2.0783586502075195,81.56663513183594,-68.92256164550781,-89.83431243896484,43.49475860595703,-8.918329238891602,-2.0783586502075195,81.56663513183594,-68.92256164550781,-89.83431243896484,43.49475860595703,42.00913242009132
6.533,0,-8.788704872131348,-1.5540285110473633,81.43770599365234,-69.43150329589844,-89.836669921875,43.58695983886719,-8.788704872131348,-1.5540285110473633,81.43770599365234,-69.43150329589844,-89.836669921875,43.58695983886719,42.465753424657535
6.567,0,-8.677845001220703,0.12679290771484375,80.9219741821289,-70.94440460205078,-89.77276611328125,44.02216339111328,-8.677845001220703,0.12679290771484375,80.9219741821289,-70.94440460205078,-89.77276611328125,44.02216339111328,42.59621656881931
6.601,0,-8.743830680847168,0.9984912872314453,80.52729034423828,-71.61265563964844,-89.77687072753906,43.911163330078125,-8.743830680847168,0.9984912872314453,80.52729034423828,-71.61265563964844,-89.77687072753906,43.911163330078125,42.922374429223744
6.646,0,-8.835875511169434,1.9105491638183594,80.27606964111328,-72.51136016845703,-89.74444580078125,44.29344177246094,-8.835875511169434,1.9105491638183594,80.27606964111328,-72.51136016845703,-89.74444580078125,44.29344177246094,43.18330071754729
6.674,0,-8.743913650512695,2.273092269897461,80.30110168457031,-72.9378433227539,-89.74418640136719,44.283424377441406,-8.743913650512695,2.273092269897461,80.30110168457031,-72.9378433227539,-89.74418640136719,44.283424377441406,43.509458577951726
6.705,0,-8.701091766357422,2.725109100341797,80.26905822753906,-73.47086334228516,-89.74549102783203,44.30024719238281,-8.701091766357422,2.725109100341797,80.26905822753906,-73.47086334228516,-89.74549102783203,44.30024719238281,43.574690150032616
6.745,0,-8.786782264709473,3.444601058959961,79.87312316894531,-73.91950988769531,-89.75662994384766,44.157073974609375,-8.786782264709473,3.444601058959961,79.87312316894531,-73.91950988769531,-89.75662994384766,44.157073974609375,43.83561643835616
6.774,0,-8.852492332458496,3.9956130981445312,79.7004165649414,-74.45994567871094,-89.74079895019531,44.36157989501953,-8.852492332458496,3.9956130981445312,79.7004165649414,-74.45994567871094,-89.74079895019531,44.36157989501953,43.90084801043705
6.813,0,-8.782992362976074,4.377235412597656,79.70344543457031,-74.92866516113281,-89.73519134521484,44.31779098510742,-8.782992362976074,4.377235412597656,79.70344543457031,-74.92866516113281,-89.73519134521484,44.31779098510742,43.90084801043705
6.840,0,-8.729575157165527,4.743289947509766,79.69427490234375,-75.37515258789062,-89.74738311767578,44.26069259643555,-8.729575157165527,4.743289947509766,79.69427490234375,-75.37515258789062,-89.74738311767578,44.26069259643555,43.966079582517935
6.877,0,-8.79731559753418,5.440647125244141,79.33180236816406,-75.8355712890625,-89.7717514038086,44.10809326171875,-8.79731559753418,5.440647125244141,79.33180236816406,-75.8355712890625,-89.7717514038086,44.10809326171875,44.031311154598825
6.906,0,-8.832345008850098,5.80174446105957,79.26174926757812,-76.2464599609375,-89.78160858154297,44.15658187866211,-8.832345008850098,5.80174446105957,79.26174926757812,-76.2464599609375,-89.78160858154297,44.15658187866211,44.031311154598825
6.941,0,-8.79252815246582,6.149545669555664,79.28406524658203,-76.6666259765625,-89.77401733398438,44.14982986450195,-8.79252815246582,6.149545669555664,79.28406524658203,-76.6666259765625,-89.77401733398438,44.14982986450195,44.031311154598825
6.972,0,-9.044258117675781,6.502315521240234,79.29023742675781,-77.04607391357422,-89.81854248046875,44.0847282409668,-9.044258117675781,6.502315521240234,79.29023742675781,-77.04607391357422,-89.81854248046875,44.0847282409668,44.031311154598825
7.005,0,-9.1062593460083,7.1312255859375,78.90216827392578,-77.46343994140625,-89.86354064941406,43.89722442626953,-9.1062593460083,7.1312255859375,78.90216827392578,-77.46343994140625,-89.86354064941406,43.89722442626953,44.031311154598825
7.042,0,-9.122635841369629,7.442880630493164,78.7989501953125,-77.80026245117188,-89.8779525756836,44.017921447753906,-9.122635841369629,7.442880630493164,78.7989501953125,-77.80026245117188,-89.8779525756836,44.017921447753906,44.031311154598825
7.074,0,-9.058758735656738,7.5904083251953125,78.91324615478516,-78.09085845947266,-89.87689208984375,44.02701950073242,-9.058758735656738,7.5904083251953125,78.91324615478516,-78.09085845947266,-89.87689208984375,44.02701950073242,44.031311154598825
7.111,0,-9.359062194824219,7.972179412841797,78.98070526123047,-78.549560546875,-89.92925262451172,44.019859313964844,-9.359062194824219,7.972179412841797,78.98070526123047,-78.549560546875,-89.92925262451172,44.019859313964844,44.031311154598825
7.141,0,-9.599444389343262,8.260526657104492,78.98172760009766,-78.84588623046875,-89.97977447509766,43.959510803222656,-9.599444389343262,8.260526657104492,78.98172760009766,-78.84588623046875,-89.97977447509766,43.959510803222656,44.031311154598825
7.174,0,-9.560851097106934,8.862579345703125,78.58619689941406,-79.16192626953125,-89.98982238769531,43.92950439453125,-9.560851097106934,8.862579345703125,78.58619689941406,-79.16192626953125,-89.98982238769531,43.92950439453125,44.031311154598825
7.208,0,-9.580903053283691,9.08985710144043,78.53076934814453,-79.37213897705078,-90.00552368164062,43.8927001953125,-9.580903053283691,9.08985710144043,78.53076934814453,-79.37213897705078,-90.00552368164062,43.8927001953125,44.031311154598825
7.242,0,-9.493348121643066,9.309415817260742,78.65000915527344,-79.71073913574219,-90.00699615478516,43.88775634765625,-9.493348121643066,9.309415817260742,78.65000915527344,-79.71073913574219,-90.00699615478516,43.88775634765625,44.031311154598825
7.280,0,-9.725753784179688,9.596464157104492,78.65936279296875,-79.95600891113281,-90.03071594238281,43.797401428222656,-9.725753784179688,9.596464157104492,78.65936279296875,-79.95600891113281,-90.03071594238281,43.797401428222656,44.031311154598825
7.309,0,-9.71784782409668,10.067745208740234,78.42556762695312,-80.24534606933594,-90.05369567871094,43.755340576171875,-9.71784782409668,10.067745208740234,78.42556762695312,-80.24534606933594,-90.05369567871094,43.755340576171875,44.031311154598825
7.347,0,-9.928812026977539,10.15620231628418,78.56594848632812,-80.40555572509766,-90.09263610839844,43.65093994140625,-9.928812026977539,10.15620231628418,78.56594848632812,-80.40555572509766,-90.09263610839844,43.65093994140625,44.031311154598825
7.375,0,-9.980508804321289,10.572423934936523,78.43197631835938,-80.76736450195312,-90.10641479492188,43.63457489013672,-9.980508804321289,10.572423934936523,78.43197631835938,-80.76736450195312,-90.10641479492188,43.63457489013672,44.031311154598825
7.411,0,-10.141014099121094,10.915353775024414,78.36739349365234,-81.0012435913086,-90.12451171875,43.454227447509766,-10.141014099121094,10.915353775024414,78.36739349365234,-81.0012435913086,-90.12451171875,43.454227447509766,44.031311154598825
7.444,0,-10.132608413696289,11.24058723449707,78.14786529541016,-81.13937377929688,-90.14675903320312,43.33574676513672,-10.132608413696289,11.24058723449707,78.14786529541016,-81.13937377929688,-90.14675903320312,43.33574676513672,44.031311154598825
7.477,0,-10.192402839660645,11.353458404541016,78.29925537109375,-81.34918212890625,-90.1702880859375,43.28981018066406,-10.192402839660645,11.353458404541016,78.29925537109375,-81.34918212890625,-90.1702880859375,43.28981018066406,44.031311154598825
7.510,0,-10.174683570861816,11.526376724243164,78.35808563232422,-81.58958435058594,-90.1909408569336,43.089622497558594,-10.174683570861816,11.526376724243164,78.35808563232422,-81.58958435058594,-90.1909408569336,43.089622497558594,44.031311154598825
7.542,0,-10.4945650100708,11.998754501342773,78.04855346679688,-81.78046417236328,-90.2537841796875,42.839256286621094,-10.4945650100708,11.998754501342773,78.04855346679688,-81.78046417236328,-90.2537841796875,42.839256286621094,43.83561643835616
7.575,0,-10.45345687866211,12.413887023925781,77.73319244384766,-81.94178771972656,-90.2837905883789,42.75376892089844,-10.45345687866211,12.413887023925781,77.73319244384766,-81.94178771972656,-90.2837905883789,42.75376892089844,43.70515329419439
7.609,0,-10.644681930541992,12.625747680664062,77.76963806152344,-82.19061279296875,-90.32081604003906,42.675575256347656,-10.644681930541992,12.625747680664062,77.76963806152344,-82.19061279296875,-90.32081604003906,42.675575256347656,43.444227005870836
7.654,0,-10.780999183654785,12.9918212890625,77.55381774902344,-82.35620880126953,-90.35433959960938,42.468406677246094,-10.780999183654785,12.9918212890625,77.55381774902344,-82.35620880126953,-90.35433959960938,42.468406677246094,43.24853228962818
7.684,0,-10.717131614685059,13.661277770996094,77.127197265625,-82.7515869140625,-90.35662078857422,42.37934875488281,-10.717131614685059,13.661277770996094,77.127197265625,-82.7515869140625,-90.35662078857422,42.37934875488281,43.05283757338552
7.715,0,-10.81692886352539,13.785303115844727,77.18363189697266,-82.85383605957031,-90.38268280029297,42.3040885925293,-10.81692886352539,13.785303115844727,77.18363189697266,-82.85383605957031,-90.38268280029297,42.3040885925293,42.98760600130463
7.750,0,-10.752326011657715,14.02297592163086,77.14082336425781,-83.1173095703125,-90.36109924316406,42.2435417175293,-10.752326011657715,14.02297592163086,77.14082336425781,-83.1173095703125,-90.36109924316406,42.2435417175293,42.922374429223744
7.781,0,-10.70421028137207,14.197956085205078,77.06905364990234,-83.20038604736328,-90.38614654541016,42.08240509033203,-10.70421028137207,14.197956085205078,77.06905364990234,-83.20038604736328,-90.38614654541016,42.08240509033203,42.72667971298108
7.817,0,-10.539955139160156,14.569831848144531,76.7177963256836,-83.33613586425781,-90.40930938720703,41.97803497314453,-10.539955139160156,14.569831848144531,76.7177963256836,-83.33613586425781,-90.40930938720703,41.97803497314453,42.66144814090019
7.848,0,-10.71095085144043,14.657659530639648,76.808349609375,-83.44369506835938,-90.42918395996094,41.862152099609375,-10.71095085144043,14.657659530639648,76.808349609375,-83.44369506835938,-90.42918395996094,41.862152099609375,42.66144814090019
7.880,0,-10.641258239746094,14.80699348449707,76.75273132324219,-83.60287475585938,-90.42184448242188,41.77128982543945,-10.641258239746094,14.80699348449707,76.75273132324219,-83.60287475585938,-90.42184448242188,41.77128982543945,42.465753424657535
7.918,0,-10.504064559936523,15.728534698486328,76.26639556884766,-84.18157958984375,-90.40451049804688,41.830970764160156,-10.504064559936523,15.728534698486328,76.26639556884766,-84.18157958984375,-90.40451049804688,41.830970764160156,42.27005870841487
7.947,0,-10.647953987121582,15.768182754516602,76.41112518310547,-84.26380920410156,-90.42340087890625,41.668392181396484,-10.647953987121582,15.768182754516602,76.41112518310547,-84.26380920410156,-90.42340087890625,41.668392181396484,42.1395955642531
7.981,0,-10.48747444152832,15.980253219604492,76.32522583007812,-84.42418670654297,-90.40227508544922,41.536376953125,-10.48747444152832,15.980253219604492,76.32522583007812,-84.42418670654297,-90.40227508544922,41.536376953125,42.1395955642531
8.016,0,-10.378316879272461,16.044130325317383,76.27147674560547,-84.38929748535156,-90.40888977050781,41.362159729003906,-10.378316879272461,16.044130325317383,76.27147674560547,-84.38929748535156,-90.40888977050781,41.362159729003906,42.07436399217221
8.050,0,-10.231780052185059,16.837203979492188,75.83512878417969,-84.88154602050781,-90.40193176269531,41.368553161621094,-10.231780052185059,16.837203979492188,75.83512878417969,-84.88154602050781,-90.40193176269531,41.368553161621094,41.878669275929546
8.083,0,-10.353090286254883,16.943180084228516,75.87935638427734,-84.97099304199219,-90.42015838623047,41.25969314575195,-10.353090286254883,16.943180084228516,75.87935638427734,-84.97099304199219,-90.42015838623047,41.25969314575195,41.81343770384866
8.120,0,-10.116750717163086,17.03284454345703,75.79518127441406,-85.03982543945312,-90.3978271484375,41.10395812988281,-10.116750717163086,17.03284454345703,75.79518127441406,-85.03982543945312,-90.3978271484375,41.10395812988281,41.68297455968688
8.148,0,-10.2312593460083,17.126934051513672,75.82500457763672,-85.1366958618164,-90.41337585449219,40.93168640136719,-10.2312593460083,17.126934051513672,75.82500457763672,-85.1366958618164,-90.41337585449219,40.93168640136719,41.617742987606
8.196,0,-10.366090774536133,17.01919174194336,75.94562530517578,-85.06694030761719,-90.43219757080078,40.82855987548828,-10.366090774536133,17.01919174194336,75.94562530517578,-85.06694030761719,-90.43219757080078,40.82855987548828,41.48727984344423
8.223,0,-10.193938255310059,17.424678802490234,75.65312194824219,-85.25923156738281,-90.41383361816406,40.77007293701172,-10.193938255310059,17.424678802490234,75.65312194824219,-85.25923156738281,-90.41383361816406,40.77007293701172,41.291585127201564
8.257,0,-10.309550285339355,18.264812469482422,75.24898529052734,-85.79774475097656,-90.34358215332031,40.93858337402344,-10.309550285339355,18.264812469482422,75.24898529052734,-85.79774475097656,-90.34358215332031,40.93858337402344,41.16112198303979
8.289,0,-10.254137992858887,18.064926147460938,75.4986572265625,-85.8307876586914,-90.34152221679688,40.820640563964844,-10.254137992858887,18.064926147460938,75.4986572265625,-85.8307876586914,-90.34152221679688,40.820640563964844,41.0958904109589
8.322,0,-10.352144241333008,17.840328216552734,75.68717193603516,-85.7012710571289,-90.36031341552734,40.7181396484375,-10.352144241333008,17.840328216552734,75.68717193603516,-85.7012710571289,-90.36031341552734,40.7181396484375,41.0958904109589
8.355,0,-10.1629056930542,18.04940414428711,75.44097137451172,-85.73397064208984,-90.3146743774414,40.71513748168945,-10.1629056930542,18.04940414428711,75.44097137451172,-85.73397064208984,-90.3146743774414,40.71513748168945,41.0958904109589
8.406,0,-9.932059288024902,18.208824157714844,75.24726104736328,-85.76722717285156,-90.25738525390625,40.74121856689453,-9.932059288024902,18.208824157714844,75.24726104736328,-85.76722717285156,-90.25738525390625,40.74121856689453,41.0958904109589
8.435,0,-10.169983863830566,18.34890365600586,75.26412963867188,-85.93435668945312,-90.2464599609375,40.60216522216797,-10.169983863830566,18.34890365600586,75.26412963867188,-85.93435668945312,-90.2464599609375,40.60216522216797,41.0958904109589
8.474,0,-10.106192588806152,18.07183074951172,75.50096893310547,-85.8510513305664,-90.26030731201172,40.44029998779297,-10.106192588806152,18.07183074951172,75.50096893310547,-85.8510513305664,-90.26030731201172,40.44029998779297,41.0958904109589
8.503,0,-10.027402877807617,17.952117919921875,75.51219177246094,-85.69427490234375,-90.25692749023438,40.46027755737305,-10.027402877807617,17.952117919921875,75.51219177246094,-85.69427490234375,-90.25692749023438,40.46027755737305,41.0958904109589
8.541,0,-9.776745796203613,18.152496337890625,75.32625579833984,-85.7610092163086,-90.21023559570312,40.545684814453125,-9.776745796203613,18.152496337890625,75.32625579833984,-85.7610092163086,-90.21023559570312,40.545684814453125,41.0958904109589
8.568,0,-9.979676246643066,18.377826690673828,75.28071594238281,-85.99281311035156,-90.18997192382812,40.48011016845703,-9.979676246643066,18.377826690673828,75.28071594238281,-85.99281311035156,-90.18997192382812,40.48011016845703,40.90019569471624
8.600,0,-9.882186889648438,18.038265228271484,75.50110626220703,-85.77847290039062,-90.20513916015625,40.304710388183594,-9.882186889648438,18.038265228271484,75.50110626220703,-85.77847290039062,-90.20513916015625,40.304710388183594,40.769732550554465
8.633,0,-9.720263481140137,17.887706756591797,75.52486419677734,-85.60298156738281,-90.1812973022461,40.30335235595703,-9.720263481140137,17.887706756591797,75.52486419677734,-85.60298156738281,-90.1812973022461,40.30335235595703,40.769732550554465
8.668,0,-9.468188285827637,17.977352142333984,75.4600830078125,-85.66842651367188,-90.12596130371094,40.32880401611328,-9.468188285827637,17.977352142333984,75.4600830078125,-85.66842651367188,-90.12596130371094,40.32880401611328,40.769732550554465
8.700,0,-9.591161727905273,17.882278442382812,75.59368133544922,-85.686767578125,-90.10580444335938,40.2586555480957,-9.591161727905273,17.882278442382812,75.59368133544922,-85.686767578125,-90.10580444335938,40.2586555480957,40.769732550554465
8.734,0,-9.443863868713379,17.577411651611328,75.72695922851562,-85.42568969726562,-90.08541107177734,40.23937225341797,-9.443863868713379,17.577411651611328,75.72695922851562,-85.42568969726562,-90.08541107177734,40.23937225341797,40.63926940639269
8.768,0,-9.242094993591309,17.357635498046875,75.9221420288086,-85.36985778808594,-90.0248794555664,40.24748992919922,-9.242094993591309,17.357635498046875,75.9221420288086,-85.36985778808594,-90.0248794555664,40.24748992919922,40.63926940639269
8.833,0,-9.360697746276855,17.135948181152344,76.11585998535156,-85.32041931152344,-89.99850463867188,40.15934753417969,-9.360697746276855,17.135948181152344,76.11585998535156,-85.32041931152344,-89.99850463867188,40.15934753417969,40.63926940639269
8.860,0,-9.571722984313965,16.934574127197266,76.28219604492188,-85.25773620605469,-90.02157592773438,40.09446716308594,-9.571722984313965,16.934574127197266,76.28219604492188,-85.25773620605469,-90.02157592773438,40.09446716308594,40.44357469015003
8.892,0,-9.593429565429688,16.50420379638672,76.5716323852539,-84.96212768554688,-90.01322937011719,39.9476432800293,-9.593429565429688,16.50420379638672,76.5716323852539,-84.96212768554688,-90.01322937011719,39.9476432800293,40.37834311806915
8.926,0,-9.447294235229492,16.103578567504883,76.88961029052734,-84.80119323730469,-89.95227813720703,39.88789749145508,-9.447294235229492,16.103578567504883,76.88961029052734,-84.80119323730469,-89.95227813720703,39.88789749145508,40.37834311806915
8.959,0,-9.636701583862305,15.820768356323242,77.01221466064453,-84.61669921875,-89.91065979003906,39.689414978027344,-9.636701583862305,15.820768356323242,77.01221466064453,-84.61669921875,-89.91065979003906,39.689414978027344,40.37834311806915
8.993,0,-9.915164947509766,15.462364196777344,77.32588958740234,-84.47190856933594,-89.91162872314453,39.55609130859375,-9.915164947509766,15.462364196777344,77.32588958740234,-84.47190856933594,-89.91162872314453,39.55609130859375,40.37834311806915
9.029,0,-9.926300048828125,14.80921745300293,77.71898651123047,-84.03146362304688,-89.88980865478516,39.37116241455078,-9.926300048828125,14.80921745300293,77.71898651123047,-84.03146362304688,-89.88980865478516,39.37116241455078,40.37834311806915
9.079,0,-9.79391098022461,14.431655883789062,77.93418884277344,-83.80686950683594,-89.82176971435547,39.322628021240234,-9.79391098022461,14.431655883789062,77.93418884277344,-83.80686950683594,-89.82176971435547,39.322628021240234,40.11741682974559
9.105,0,-9.962026596069336,13.854158401489258,78.30276489257812,-83.47191619873047,-89.76023864746094,39.104122161865234,-9.962026596069336,13.854158401489258,78.30276489257812,-83.47191619873047,-89.76023864746094,39.104122161865234,39.79125896934116
9.139,0,-10.195802688598633,13.225030899047852,78.71089172363281,-83.12320709228516,-89.75320434570312,38.88182830810547,-10.195802688598633,13.225030899047852,78.71089172363281,-83.12320709228516,-89.75320434570312,38.88182830810547,39.660795825179385
9.172,0,-10.245343208312988,12.476831436157227,79.18757629394531,-82.64947509765625,-89.72926330566406,38.660316467285156,-10.245343208312988,12.476831436157227,79.18757629394531,-82.64947509765625,-89.72926330566406,38.660316467285156,39.53033268101761
9.205,0,-10.111181259155273,11.791217803955078,79.56182861328125,-82.26438903808594,-89.66511535644531,38.44813537597656,-10.111181259155273,11.791217803955078,79.56182861328125,-82.26438903808594,-89.66511535644531,38.44813537597656,39.33463796477495
9.239,0,-10.320521354675293,10.877555847167969,80.10435485839844,-81.66342163085938,-89.58787536621094,38.18354797363281,-10.320521354675293,10.877555847167969,80.10435485839844,-81.66342163085938,-89.58787536621094,38.18354797363281,39.138943248532286
9.272,0,-10.513009071350098,10.065475463867188,80.54466247558594,-81.18108367919922,-89.5610122680664,37.93787384033203,-10.513009071350098,10.065475463867188,80.54466247558594,-81.18108367919922,-89.5610122680664,37.93787384033203,38.87801696020874
9.306,0,-10.56285285949707,9.095993041992188,81.10730743408203,-80.54161071777344,-89.52365112304688,37.706626892089844,-10.56285285949707,9.095993041992188,81.10730743408203,-80.54161071777344,-89.52365112304688,37.706626892089844,38.68232224396608
9.339,0,-10.42840576171875,8.119327545166016,81.58120727539062,-79.9100112915039,-89.43870544433594,37.43166732788086,-10.42840576171875,8.119327545166016,81.58120727539062,-79.9100112915039,-89.43870544433594,37.43166732788086,38.42139595564253
9.373,0,-10.662556648254395,7.160070419311523,82.07667541503906,-79.30705261230469,-89.39582061767578,37.086769104003906,-10.662556648254395,7.160070419311523,82.07667541503906,-79.30705261230469,-89.39582061767578,37.086769104003906,38.16046966731898
9.441,0,-10.858572006225586,5.94959831237793,82.68637084960938,-78.56703186035156,-89.34991455078125,36.6848258972168,-10.858572006225586,5.94959831237793,82.68637084960938,-78.56703186035156,-89.34991455078125,36.6848258972168,37.96477495107632
9.468,0,-10.943021774291992,4.646799087524414,83.42317199707031,-77.74240112304688,-89.27713775634766,36.34754943847656,-10.943021774291992,4.646799087524414,83.42317199707031,-77.74240112304688,-89.27713775634766,36.34754943847656,37.44292237442922
9.500,0,-10.827574729919434,3.430856704711914,83.94564056396484,-76.96908569335938,-89.19636535644531,36.0022087097168,-10.827574729919434,3.430856704711914,83.94564056396484,-76.96908569335938,-89.19636535644531,36.0022087097168,37.31245923026745
9.533,0,-10.984964370727539,2.3514957427978516,84.4207992553711,-76.2440414428711,-89.1307601928711,35.6016960144043,-10.984964370727539,2.3514957427978516,84.4207992553711,-76.2440414428711,-89.1307601928711,35.6016960144043,36.986301369863014
9.567,0,-11.399214744567871,0.8428497314453125,85.13771057128906,-75.18453979492188,-89.14550018310547,35.07637405395508,-11.399214744567871,0.8428497314453125,85.13771057128906,-75.18453979492188,-89.14550018310547,35.07637405395508,36.66014350945858
9.600,0,-11.496087074279785,-0.8197555541992188,85.93074035644531,-74.04000091552734,-89.08242797851562,34.674407958984375,-11.496087074279785,-0.8197555541992188,85.93074035644531,-74.04000091552734,-89.08242797851562,34.674407958984375,36.26875407697325
9.673,0,-11.339301109313965,-2.261754035949707,86.50126647949219,-73.07708740234375,-88.98079681396484,34.267372131347656,-11.339301109313965,-2.261754035949707,86.50126647949219,-73.07708740234375,-88.98079681396484,34.267372131347656,35.942596216568816
9.733,0,-11.454864501953125,-3.2523841857910156,86.9671630859375,-72.47085571289062,-88.90242004394531,33.870235443115234,-11.454864501953125,-3.2523841857910156,86.9671630859375,-72.47085571289062,-88.90242004394531,33.870235443115234,35.15981735159817
9.760,0,-11.86772632598877,-4.983940124511719,87.60691833496094,-71.07308959960938,-88.9063491821289,33.409423828125,-11.86772632598877,-4.983940124511719,87.60691833496094,-71.07308959960938,-88.9063491821289,33.409423828125,34.768427919112845
9.793,0,-11.816367149353027,-6.534947395324707,88.27914428710938,-69.95880126953125,-88.82180786132812,32.976070404052734,-11.816367149353027,-6.534947395324707,88.27914428710938,-69.95880126953125,-88.82180786132812,32.976070404052734,34.57273320287019
9.830,0,-11.909123420715332,-7.265881538391113,88.59895324707031,-69.50777435302734,-88.7519760131836,32.718040466308594,-11.909123420715332,-7.265881538391113,88.59895324707031,-69.50777435302734,-88.7519760131836,32.718040466308594,34.18134377038486
9.859,0,-12.302672386169434,-8.892419815063477,89.17733764648438,-68.16914367675781,-88.77922058105469,32.2227783203125,-12.302672386169434,-8.892419815063477,89.17733764648438,-68.16914367675781,-88.77922058105469,32.2227783203125,33.789954337899545
9.892,0,-12.329939842224121,-10.044927597045898,89.51641845703125,-67.15296936035156,-88.70435333251953,31.933685302734375,-12.329939842224121,-10.044927597045898,89.51641845703125,-67.15296936035156,-88.70435333251953,31.933685302734375,33.39856490541422
9.926,0,-12.104048728942871,-10.708427429199219,89.82624816894531,-66.72826385498047,-88.57433319091797,31.77227210998535,-12.104048728942871,-10.708427429199219,89.82624816894531,-66.72826385498047,-88.57433319091797,31.77227210998535,33.00717547292889
9.962,0,-12.249966621398926,-11.302949905395508,90.00372314453125,-66.21548461914062,-88.51374053955078,31.524127960205078,-12.249966621398926,-11.302949905395508,90.00372314453125,-66.21548461914062,-88.51374053955078,31.524127960205078,32.615786040443574
9.993,0,-12.105547904968262,-11.942503929138184,90.15541076660156,-65.6815185546875,-88.50494384765625,31.36766242980957,-12.105547904968262,-11.942503929138184,90.15541076660156,-65.6815185546875,-88.50494384765625,31.36766242980957,32.28962818003914
10.031,0,-11.889544486999512,-12.655182838439941,90.28927612304688,-65.0787353515625,-88.47598266601562,31.168994903564453,-11.889544486999512,-12.655182838439941,90.28927612304688,-65.0787353515625,-88.47598266601562,31.168994903564453,32.093933463796475
10.059,0,-11.6267728805542,-13.313939094543457,90.48896789550781,-64.513916015625,-88.34124755859375,30.93006134033203,-11.6267728805542,-13.313939094543457,90.48896789550781,-64.513916015625,-88.34124755859375,30.93006134033203,31.83300717547293
10.099,0,-11.833664894104004,-14.154800415039062,90.65924835205078,-63.722938537597656,-88.35238647460938,30.876066207885742,-11.833664894104004,-14.154800415039062,90.65924835205078,-63.722938537597656,-88.35238647460938,30.876066207885742,31.57208088714938
10.128,0,-12.008904457092285,-15.15678596496582,90.79736328125,-62.73736572265625,-88.35662078857422,30.785585403442383,-12.008904457092285,-15.15678596496582,90.79736328125,-62.73736572265625,-88.35662078857422,30.785585403442383,31.376386170906716
10.160,0,-11.735602378845215,-15.681967735290527,90.95504760742188,-62.33098602294922,-88.2582778930664,30.598770141601562,-11.735602378845215,-15.681967735290527,90.95504760742188,-62.33098602294922,-88.2582778930664,30.598770141601562,31.180691454664057
10.193,0,-11.93593692779541,-15.676785469055176,91.01909637451172,-62.36717987060547,-88.21786499023438,30.631731033325195,-11.93593692779541,-15.676785469055176,91.01909637451172,-62.36717987060547,-88.21786499023438,30.631731033325195,31.180691454664057
10.229,0,-12.180529594421387,-15.70916748046875,91.09413146972656,-62.458457946777344,-88.25211334228516,30.743061065673828,-12.180529594421387,-15.70916748046875,91.09413146972656,-62.458457946777344,-88.25211334228516,30.743061065673828,31.05022831050228
10.262,0,-11.979344367980957,-16.232934951782227,91.1884536743164,-62.00857162475586,-88.24742126464844,30.564605712890625,-11.979344367980957,-16.232934951782227,91.1884536743164,-62.00857162475586,-88.24742126464844,30.564605712890625,30.919765166340508
10.293,0,-11.695069313049316,-16.70046615600586,91.32147216796875,-61.66002655029297,-88.13916778564453,30.399986267089844,-11.695069313049316,-16.70046615600586,91.32147216796875,-61.66002655029297,-88.13916778564453,30.399986267089844,30.919765166340508
10.336,0,-11.831170082092285,-17.462005615234375,91.72148895263672,-61.13734436035156,-88.04716491699219,30.242816925048828,-11.831170082092285,-17.462005615234375,91.72148895263672,-61.13734436035156,-88.04716491699219,30.242816925048828,30.78930202217873
10.365,0,-12.058892250061035,-17.555904388427734,91.75979614257812,-61.144020080566406,-88.08283233642578,30.350597381591797,-12.058892250061035,-17.555904388427734,91.75979614257812,-61.144020080566406,-88.08283233642578,30.350597381591797,30.724070450097845
10.396,0,-12.124218940734863,-18.495254516601562,91.99652862548828,-60.300994873046875,-88.05223846435547,30.23073959350586,-12.124218940734863,-18.495254516601562,91.99652862548828,-60.300994873046875,-88.05223846435547,30.23073959350586,30.59360730593607
10.429,0,-11.828568458557129,-18.891016006469727,92.09135437011719,-59.9945182800293,-87.93633270263672,30.103404998779297,-11.828568458557129,-18.891016006469727,92.09135437011719,-59.9945182800293,-87.93633270263672,30.103404998779297,30.528375733855185
10.463,0,-12.030888557434082,-18.85544204711914,92.17277526855469,-60.098731994628906,-87.97150421142578,30.100984573364258,-12.030888557434082,-18.85544204711914,92.17277526855469,-60.098731994628906,-87.97150421142578,30.100984573364258,30.4631441617743
10.495,0,-12.207999229431152,-19.472640991210938,92.23562622070312,-59.41654968261719,-88.0058364868164,30.00067138671875,-12.207999229431152,-19.472640991210938,92.23562622070312,-59.41654968261719,-88.0058364868164,30.00067138671875,30.39791258969341
10.529,0,-12.05140209197998,-19.903709411621094,92.31837463378906,-59.06282043457031,-88.00129699707031,29.91686248779297,-12.05140209197998,-19.903709411621094,92.31837463378906,-59.06282043457031,-88.00129699707031,29.91686248779297,30.39791258969341
10.563,0,-11.72713565826416,-20.25074577331543,92.36896514892578,-58.70732879638672,-87.91255187988281,29.752595901489258,-11.72713565826416,-20.25074577331543,92.36896514892578,-58.70732879638672,-87.91255187988281,29.752595901489258,30.39791258969341
10.596,0,-11.628141403198242,-19.544509887695312,92.42527770996094,-59.55390930175781,-87.9080810546875,29.955047607421875,-11.628141403198242,-19.544509887695312,92.42527770996094,-59.55390930175781,-87.9080810546875,29.955047607421875,30.39791258969341
10.630,0,-11.84837818145752,-20.183849334716797,92.45756530761719,-58.88506317138672,-87.97472381591797,29.911699295043945,-11.84837818145752,-20.183849334716797,92.45756530761719,-58.88506317138672,-87.97472381591797,29.911699295043945,30.332681017612522
10.663,0,-11.753392219543457,-19.91107749938965,92.47840881347656,-59.222259521484375,-87.95529174804688,30.080692291259766,-11.753392219543457,-19.91107749938965,92.47840881347656,-59.222259521484375,-87.95529174804688,30.080692291259766,30.20221787345075
10.697,0,-11.442278861999512,-20.237350463867188,92.55104064941406,-58.918548583984375,-87.86955261230469,29.961158752441406,-11.442278861999512,-20.237350463867188,92.55104064941406,-58.918548583984375,-87.86955261230469,29.961158752441406,30.136986301369863
10.730,0,-11.275641441345215,-19.643491744995117,92.56925964355469,-59.57843017578125,-87.8501968383789,30.11966323852539,-11.275641441345215,-19.643491744995117,92.56925964355469,-59.57843017578125,-87.8501968383789,30.11966323852539,30.136986301369863
10.763,0,-11.422381401062012,-20.26758575439453,92.61675262451172,-58.95186233520508,-87.89814758300781,30.086669921875,-11.422381401062012,-20.26758575439453,92.61675262451172,-58.95186233520508,-87.89814758300781,30.086669921875,30.136986301369863
10.796,0,-11.220335960388184,-20.730186462402344,92.66326141357422,-58.540748596191406,-87.86629486083984,30.021650314331055,-11.220335960388184,-20.730186462402344,92.66326141357422,-58.540748596191406,-87.86629486083984,30.021650314331055,30.136986301369863
10.841,0,-10.87822151184082,-21.07655906677246,92.74046325683594,-58.224544525146484,-87.7710952758789,29.89208984375,-10.87822151184082,-21.07655906677246,92.74046325683594,-58.224544525146484,-87.7710952758789,29.89208984375,30.136986301369863
10.881,0,-10.653663635253906,-20.5546817779541,92.74647521972656,-58.78091049194336,-87.72924041748047,30.009674072265625,-10.653663635253906,-20.5546817779541,92.74647521972656,-58.78091049194336,-87.72924041748047,30.009674072265625,30.136986301369863
10.910,0,-10.770883560180664,-21.070552825927734,92.78959655761719,-58.283668518066406,-87.78123474121094,29.951519012451172,-10.770883560180664,-21.070552825927734,92.78959655761719,-58.283668518066406,-87.78123474121094,29.951519012451172,30.136986301369863
10.942,0,-10.554224014282227,-21.40359115600586,92.81273651123047,-58.02330017089844,-87.74219512939453,29.916336059570312,-10.554224014282227,-21.40359115600586,92.81273651123047,-58.02330017089844,-87.74219512939453,29.916336059570312,30.136986301369863
10.982,0,-10.381487846374512,-21.605728149414062,92.85078430175781,-57.90808868408203,-87.69898986816406,29.851947784423828,-10.381487846374512,-21.605728149414062,92.85078430175781,-57.90808868408203,-87.69898986816406,29.851947784423828,30.136986301369863
11.019,0,-9.993440628051758,-21.81124496459961,92.88616943359375,-57.72544860839844,-87.60897827148438,29.622703552246094,-9.993440628051758,-21.81124496459961,92.88616943359375,-57.72544860839844,-87.60897827148438,29.622703552246094,30.136986301369863
11.047,0,-9.770589828491211,-21.215450286865234,92.92032623291016,-58.43810272216797,-87.60260009765625,29.816070556640625,-9.770589828491211,-21.215450286865234,92.92032623291016,-58.43810272216797,-87.60260009765625,29.816070556640625,30.136986301369863
11.079,0,-9.877701759338379,-22.108535766601562,92.93910217285156,-57.4204216003418,-87.63861083984375,29.6220703125,-9.877701759338379,-22.108535766601562,92.93910217285156,-57.4204216003418,-87.63861083984375,29.6220703125,30.136986301369863
11.114,0,-9.66383171081543,-22.445377349853516,92.99090576171875,-57.15445327758789,-87.59612274169922,29.610986709594727,-9.66383171081543,-22.445377349853516,92.99090576171875,-57.15445327758789,-87.59612274169922,29.610986709594727,30.071754729288973
11.174,0,-9.27536678314209,-22.54474449157715,93.00852966308594,-57.057472229003906,-87.51896667480469,29.4039363861084,-9.27536678314209,-22.54474449157715,93.00852966308594,-57.057472229003906,-87.51896667480469,29.4039363861084,30.006523157208086
11.201,0,-9.070988655090332,-22.18492889404297,93.05320739746094,-57.485931396484375,-87.50640869140625,29.488096237182617,-9.070988655090332,-22.18492889404297,93.05320739746094,-57.485931396484375,-87.50640869140625,29.488096237182617,30.006523157208086
11.234,0,-9.144214630126953,-23.075313568115234,93.08203887939453,-56.50220489501953,-87.5478744506836,29.297985076904297,-9.144214630126953,-23.075313568115234,93.08203887939453,-56.50220489501953,-87.5478744506836,29.297985076904297,30.006523157208086
11.268,0,-8.8704195022583,-23.359582901000977,93.10054779052734,-56.2621955871582,-87.51368713378906,29.333724975585938,-8.8704195022583,-23.359582901000977,93.10054779052734,-56.2621955871582,-87.51368713378906,29.333724975585938,29.810828440965427
11.308,0,-8.441757202148438,-23.49959945678711,93.14833068847656,-56.22133255004883,-87.46353912353516,29.176774978637695,-8.441757202148438,-23.49959945678711,93.14833068847656,-56.22133255004883,-87.46353912353516,29.176774978637695,29.68036529680365
11.336,0,-8.408482551574707,-23.348758697509766,93.16277313232422,-56.3499755859375,-87.49982452392578,29.241989135742188,-8.408482551574707,-23.348758697509766,93.16277313232422,-56.3499755859375,-87.49982452392578,29.241989135742188,29.615133724722764
11.366,0,-8.446432113647461,-24.014404296875,93.175048828125,-55.61040496826172,-87.54251098632812,29.0926513671875,-8.446432113647461,-24.014404296875,93.175048828125,-55.61040496826172,-87.54251098632812,29.0926513671875,29.615133724722764
11.400,0,-8.183378219604492,-24.466325759887695,93.22798156738281,-55.238677978515625,-87.51212310791016,29.07802963256836,-8.183378219604492,-24.466325759887695,93.22798156738281,-55.238677978515625,-87.51212310791016,29.07802963256836,29.615133724722764
11.436,0,-7.754739761352539,-24.422664642333984,93.22186279296875,-55.31707000732422,-87.46615600585938,28.907527923583984,-7.754739761352539,-24.422664642333984,93.22186279296875,-55.31707000732422,-87.46615600585938,28.907527923583984,29.549902152641877
11.537,0,-7.932581901550293,-24.193649291992188,93.23554992675781,-55.669189453125,-87.53265380859375,29.005979537963867,-7.932581901550293,-24.193649291992188,93.23554992675781,-55.669189453125,-87.53265380859375,29.005979537963867,29.549902152641877
11.564,0,-7.690639495849609,-24.564428329467773,93.23551940917969,-55.30722427368164,-87.5710678100586,28.899446487426758,-7.690639495849609,-24.564428329467773,93.23551940917969,-55.30722427368164,-87.5710678100586,28.899446487426758,29.09328114807567
11.596,0,-7.4053754806518555,-24.719921112060547,93.2579116821289,-55.232086181640625,-87.52804565429688,28.89886474609375,-7.4053754806518555,-24.719921112060547,93.2579116821289,-55.232086181640625,-87.52804565429688,28.89886474609375,29.09328114807567
11.629,0,-6.992639541625977,-24.666296005249023,93.28712463378906,-55.348846435546875,-87.49952697753906,28.777862548828125,-6.992639541625977,-24.666296005249023,93.28712463378906,-55.348846435546875,-87.49952697753906,28.777862548828125,29.09328114807567
11.664,0,-7.146937370300293,-24.3177490234375,93.32472229003906,-55.846778869628906,-87.55157470703125,28.88506317138672,-7.146937370300293,-24.3177490234375,93.32472229003906,-55.846778869628906,-87.55157470703125,28.88506317138672,29.02804957599478
11.732,0,-7.292018890380859,-23.866981506347656,93.28034210205078,-56.291805267333984,-87.59112548828125,28.96563720703125,-7.292018890380859,-23.866981506347656,93.28034210205078,-56.291805267333984,-87.59112548828125,28.96563720703125,29.02804957599478
11.760,0,-6.9256696701049805,-23.88741683959961,93.2851791381836,-56.325218200683594,-87.56655883789062,29.026447296142578,-6.9256696701049805,-23.88741683959961,93.2851791381836,-56.325218200683594,-87.56655883789062,29.026447296142578,29.02804957599478
11.796,0,-6.501080513000488,-23.660907745361328,93.33971405029297,-56.658233642578125,-87.53430938720703,28.941741943359375,-6.501080513000488,-23.660907745361328,93.33971405029297,-56.658233642578125,-87.53430938720703,28.941741943359375,29.02804957599478
11.828,0,-6.4028472900390625,-23.06893539428711,93.33043670654297,-57.188331604003906,-87.55131530761719,29.100418090820312,-6.4028472900390625,-23.06893539428711,93.33043670654297,-57.188331604003906,-87.55131530761719,29.100418090820312,29.02804957599478
11.859,0,-6.337662696838379,-22.399944305419922,93.33675384521484,-57.81040954589844,-87.56248474121094,29.274280548095703,-6.337662696838379,-22.399944305419922,93.33675384521484,-57.81040954589844,-87.56248474121094,29.274280548095703,29.02804957599478
11.896,0,-6.534490585327148,-22.04390525817871,93.36000061035156,-58.23579025268555,-87.60494232177734,29.540363311767578,-6.534490585327148,-22.04390525817871,93.36000061035156,-58.23579025268555,-87.60494232177734,29.540363311767578,29.02804957599478
11.926,0,-6.224484443664551,-22.190671920776367,93.41368103027344,-58.18621826171875,-87.602783203125,29.56822395324707,-6.224484443664551,-22.190671920776367,93.41368103027344,-58.18621826171875,-87.602783203125,29.56822395324707,29.02804957599478
11.960,0,-5.845460891723633,-23.737010955810547,93.7867431640625,-56.62693786621094,-87.49237823486328,29.55276870727539,-5.845460891723633,-23.737010955810547,93.7867431640625,-56.62693786621094,-87.49237823486328,29.55276870727539,29.02804957599478
11.992,0,-5.747147560119629,-23.097768783569336,93.78498077392578,-57.209983825683594,-87.51602172851562,29.722742080688477,-5.747147560119629,-23.097768783569336,93.78498077392578,-57.209983825683594,-87.51602172851562,29.722742080688477,29.158512720156555
12.026,0,-5.910515785217285,-22.96971321105957,93.79814910888672,-57.38304138183594,-87.55821990966797,30.04138946533203,-5.910515785217285,-22.96971321105957,93.79814910888672,-57.38304138183594,-87.55821990966797,30.04138946533203,29.22374429223744
12.059,0,-5.644008636474609,-22.698232650756836,93.80647277832031,-57.669490814208984,-87.5685806274414,30.06460189819336,-5.644008636474609,-22.698232650756836,93.80647277832031,-57.669490814208984,-87.5685806274414,30.06460189819336,29.288975864318328
12.092,0,-5.477719306945801,-22.076030731201172,93.7967529296875,-58.247310638427734,-87.60578918457031,30.36052131652832,-5.477719306945801,-22.076030731201172,93.7967529296875,-58.247310638427734,-87.60578918457031,30.36052131652832,29.288975864318328
12.133,0,-5.382116317749023,-21.761802673339844,93.81507110595703,-58.595558166503906,-87.59944152832031,30.630189895629883,-5.382116317749023,-21.761802673339844,93.81507110595703,-58.595558166503906,-87.59944152832031,30.630189895629883,29.549902152641877
12.159,0,-5.196859359741211,-22.135835647583008,93.83361053466797,-58.18684768676758,-87.63094329833984,30.63750457763672,-5.196859359741211,-22.135835647583008,93.83361053466797,-58.18684768676758,-87.63094329833984,30.63750457763672,29.68036529680365
12.194,0,-4.889847755432129,-21.745647430419922,93.82318115234375,-58.648223876953125,-87.65058135986328,30.725940704345703,-4.889847755432129,-21.745647430419922,93.82318115234375,-58.648223876953125,-87.65058135986328,30.725940704345703,29.9412915851272
12.226,0,-4.618613243103027,-22.14239501953125,93.87501525878906,-58.13469696044922,-87.69576263427734,30.885108947753906,-4.618613243103027,-22.14239501953125,93.87501525878906,-58.13469696044922,-87.69576263427734,30.885108947753906,30.071754729288973
12.259,0,-4.4057207107543945,-22.00911521911621,93.9013900756836,-58.33216857910156,-87.7279052734375,31.14251136779785,-4.4057207107543945,-22.00911521911621,93.9013900756836,-58.33216857910156,-87.7279052734375,31.14251136779785,30.267449445531636
12.294,0,-4.15434455871582,-21.925445556640625,93.88243103027344,-58.39391326904297,-87.74638366699219,31.42801284790039,-4.15434455871582,-21.925445556640625,93.88243103027344,-58.39391326904297,-87.74638366699219,31.42801284790039,30.39791258969341
12.328,0,-3.8072595596313477,-21.6683292388916,93.87446594238281,-58.73117446899414,-87.77362823486328,31.496994018554688,-3.8072595596313477,-21.6683292388916,93.87446594238281,-58.73117446899414,-87.77362823486328,31.496994018554688,30.528375733855185
12.366,0,-3.7852039337158203,-21.820934295654297,93.86164855957031,-58.46253967285156,-87.84748840332031,31.681011199951172,-3.7852039337158203,-21.820934295654297,93.86164855957031,-58.46253967285156,-87.84748840332031,31.681011199951172,30.78930202217873
12.393,0,-3.5261993408203125,-21.62007713317871,93.85426330566406,-58.65788269042969,-87.855712890625,31.95834732055664,-3.5261993408203125,-21.62007713317871,93.85426330566406,-58.65788269042969,-87.855712890625,31.95834732055664,30.984996738421394
12.426,0,-3.1954708099365234,-21.943635940551758,93.8692398071289,-58.35718536376953,-87.85958862304688,31.987682342529297,-3.1954708099365234,-21.943635940551758,93.8692398071289,-58.35718536376953,-87.85958862304688,31.987682342529297,31.05022831050228
12.459,0,-2.8548293113708496,-21.587099075317383,93.85711669921875,-58.71920394897461,-87.88035583496094,32.04389572143555,-2.8548293113708496,-21.587099075317383,93.85711669921875,-58.71920394897461,-87.88035583496094,32.04389572143555,31.245923026744943
12.493,0,-2.4203433990478516,-21.853132247924805,93.97771453857422,-58.27704620361328,-87.80924224853516,32.256595611572266,-2.4203433990478516,-21.853132247924805,93.97771453857422,-58.27704620361328,-87.80924224853516,32.256595611572266,31.506849315068493
12.526,0,-2.264451503753662,-22.854915618896484,94.04971313476562,-57.17403030395508,-87.9050521850586,32.33877182006836,-2.264451503753662,-22.854915618896484,94.04971313476562,-57.17403030395508,-87.9050521850586,32.33877182006836,31.57208088714938
12.559,0,-1.9106268882751465,-23.142004013061523,94.02494812011719,-56.86086654663086,-87.90326690673828,32.35541534423828,-1.9106268882751465,-23.142004013061523,94.02494812011719,-56.86086654663086,-87.90326690673828,32.35541534423828,31.637312459230266
12.598,0,-2.092926025390625,-22.16278076171875,93.95741271972656,-57.934181213378906,-87.91104888916016,32.5858039855957,-2.092926025390625,-22.16278076171875,93.95741271972656,-57.934181213378906,-87.91104888916016,32.5858039855957,31.83300717547293
12.626,0,-1.867513656616211,-21.792530059814453,93.90679168701172,-58.30706787109375,-87.96372985839844,32.712459564208984,-1.867513656616211,-21.792530059814453,93.90679168701172,-58.30706787109375,-87.96372985839844,32.712459564208984,31.963470319634702
12.660,0,-1.5807161331176758,-21.966981887817383,93.89675903320312,-58.096466064453125,-87.99725341796875,32.82790756225586,-1.5807161331176758,-21.966981887817383,93.89675903320312,-58.096466064453125,-87.99725341796875,32.82790756225586,32.093933463796475
12.693,0,-1.8219037055969238,-20.792724609375,93.80663299560547,-59.265159606933594,-88.0069808959961,33.12234115600586,-1.8219037055969238,-20.792724609375,93.80663299560547,-59.265159606933594,-88.0069808959961,33.12234115600586,32.28962818003914
12.727,0,-1.802311897277832,-20.202083587646484,93.74026489257812,-59.860137939453125,-88.04899597167969,33.194610595703125,-1.802311897277832,-20.202083587646484,93.74026489257812,-59.860137939453125,-88.04899597167969,33.194610595703125,32.35485975212002
12.763,0,-1.681307315826416,-20.984731674194336,93.79544067382812,-58.92268371582031,-88.1201400756836,33.3450927734375,-1.681307315826416,-20.984731674194336,93.79544067382812,-58.92268371582031,-88.1201400756836,33.3450927734375,32.4853228962818
12.795,0,-1.3990278244018555,-21.048511505126953,93.71234130859375,-58.73393249511719,-88.15196990966797,33.4586067199707,-1.3990278244018555,-21.048511505126953,93.71234130859375,-58.73393249511719,-88.15196990966797,33.4586067199707,32.74624918460535
12.831,0,-1.5634961128234863,-19.852571487426758,93.62822723388672,-59.991424560546875,-88.1217041015625,33.690582275390625,-1.5634961128234863,-19.852571487426758,93.62822723388672,-59.991424560546875,-88.1217041015625,33.690582275390625,32.81148075668624
12.861,0,-1.6676287651062012,-18.909456253051758,93.55778503417969,-60.98723602294922,-88.16984558105469,33.953285217285156,-1.6676287651062012,-18.909456253051758,93.55778503417969,-60.98723602294922,-88.16984558105469,33.953285217285156,33.00717547292889
12.895,0,-1.4907655715942383,-19.620729446411133,93.57421875,-60.12289810180664,-88.25877380371094,34.12416458129883,-1.4907655715942383,-19.620729446411133,93.57421875,-60.12289810180664,-88.25877380371094,34.12416458129883,33.13763861709067
12.928,0,-1.236192226409912,-19.577964782714844,93.52619171142578,-60.090118408203125,-88.28955841064453,34.23925018310547,-1.236192226409912,-19.577964782714844,93.52619171142578,-60.090118408203125,-88.28955841064453,34.23925018310547,33.39856490541422
12.962,0,-1.4159622192382812,-18.367053985595703,93.38370513916016,-61.31932830810547,-88.26848602294922,34.513038635253906,-1.4159622192382812,-18.367053985595703,93.38370513916016,-61.31932830810547,-88.26848602294922,34.513038635253906,33.59425962165688
12.996,0,-1.2979612350463867,-18.897714614868164,93.43801879882812,-60.71996307373047,-88.3402328491211,34.723167419433594,-1.2979612350463867,-18.897714614868164,93.43801879882812,-60.71996307373047,-88.3402328491211,34.723167419433594,33.724722765818655
13.029,0,-1.1320786476135254,-19.576080322265625,93.4956283569336,-59.949275970458984,-88.40043640136719,34.869903564453125,-1.1320786476135254,-19.576080322265625,93.4956283569336,-59.949275970458984,-88.40043640136719,34.869903564453125,33.92041748206132
13.062,0,-1.3298563957214355,-18.544023513793945,93.3718490600586,-61.01042175292969,-88.38272857666016,35.09859848022461,-1.3298563957214355,-18.544023513793945,93.3718490600586,-61.01042175292969,-88.38272857666016,35.09859848022461,34.18134377038486
13.096,0,-1.199821949005127,-18.3101863861084,93.28086853027344,-61.15311050415039,-88.4119873046875,35.19683074951172,-1.199821949005127,-18.3101863861084,93.28086853027344,-61.15311050415039,-88.4119873046875,35.19683074951172,34.37703848662753
13.133,0,-1.1019678115844727,-18.351526260375977,93.2504653930664,-61.127803802490234,-88.4550552368164,35.286834716796875,-1.1019678115844727,-18.351526260375977,93.2504653930664,-61.127803802490234,-88.4550552368164,35.286834716796875,34.57273320287019
13.169,0,-0.9027447700500488,-18.399782180786133,93.21470642089844,-61.04364776611328,-88.43827056884766,35.36011505126953,-0.9027447700500488,-18.399782180786133,93.21470642089844,-61.04364776611328,-88.43827056884766,35.36011505126953,34.768427919112845
13.199,0,-1.0356383323669434,-17.40836524963379,93.06148529052734,-62.07245635986328,-88.41619110107422,35.502254486083984,-1.0356383323669434,-17.40836524963379,93.06148529052734,-62.07245635986328,-88.41619110107422,35.502254486083984,34.898891063274625
13.233,0,-0.9850912094116211,-17.654401779174805,93.03157043457031,-61.67997741699219,-88.49015045166016,35.65644073486328,-0.9850912094116211,-17.654401779174805,93.03157043457031,-61.67997741699219,-88.49015045166016,35.65644073486328,34.898891063274625
13.263,0,-0.7733101844787598,-17.25468635559082,92.9029541015625,-62.04480743408203,-88.50260162353516,35.75176239013672,-0.7733101844787598,-17.25468635559082,92.9029541015625,-62.04480743408203,-88.50260162353516,35.75176239013672,34.96412263535551
13.296,0,-0.9157133102416992,-15.851210594177246,92.69739532470703,-63.46742248535156,-88.4552993774414,36.03855895996094,-0.9157133102416992,-15.851210594177246,92.69739532470703,-63.46742248535156,-88.4552993774414,36.03855895996094,35.09458577951728
13.333,0,-0.6198740005493164,-15.530393600463867,92.54396057128906,-63.70024108886719,-88.47743225097656,36.30904769897461,-0.6198740005493164,-15.530393600463867,92.54396057128906,-63.70024108886719,-88.47743225097656,36.30904769897461,35.290280495759944
13.364,0,-0.5573391914367676,-15.993950843811035,92.56817626953125,-63.15412139892578,-88.53329467773438,36.40812683105469,-0.5573391914367676,-15.993950843811035,92.56817626953125,-63.15412139892578,-88.53329467773438,36.40812683105469,35.48597521200261
13.405,0,-0.32991647720336914,-15.582378387451172,92.37284851074219,-63.509178161621094,-88.52189636230469,36.46522903442383,-0.32991647720336914,-15.582378387451172,92.37284851074219,-63.509178161621094,-88.52189636230469,36.46522903442383,35.74690150032615
13.432,0,-0.4417109489440918,-14.425985336303711,92.1966552734375,-64.82170867919922,-88.47383117675781,36.685020446777344,-0.4417109489440918,-14.425985336303711,92.1966552734375,-64.82170867919922,-88.47383117675781,36.685020446777344,35.942596216568816
13.463,0,-0.13895368576049805,-13.850532531738281,91.94927215576172,-65.30117797851562,-88.45986938476562,37.003440856933594,-0.13895368576049805,-13.850532531738281,91.94927215576172,-65.30117797851562,-88.45986938476562,37.003440856933594,36.07305936073059
13.498,0,-0.032779693603515625,-13.9259614944458,91.91973876953125,-65.18113708496094,-88.49890899658203,37.286537170410156,-0.032779693603515625,-13.9259614944458,91.91973876953125,-65.18113708496094,-88.49890899658203,37.286537170410156,36.13829093281148
13.533,0,0.15514564514160156,-13.331245422363281,91.74676513671875,-65.72433471679688,-88.47425842285156,37.346004486083984,0.15514564514160156,-13.331245422363281,91.74676513671875,-65.72433471679688,-88.47425842285156,37.346004486083984,36.464448793215915
13.564,0,0.06333637237548828,-12.391427993774414,91.55067443847656,-66.71055603027344,-88.444580078125,37.48149871826172,0.06333637237548828,-12.391427993774414,91.55067443847656,-66.71055603027344,-88.444580078125,37.48149871826172,36.66014350945858
13.598,0,0.33394551277160645,-11.75168228149414,91.30607604980469,-67.22053527832031,-88.41876983642578,37.79566955566406,0.33394551277160645,-11.75168228149414,91.30607604980469,-67.22053527832031,-88.41876983642578,37.79566955566406,36.855838225701234
13.631,0,0.4494812488555908,-11.910897254943848,91.265380859375,-66.9855728149414,-88.45840454101562,38.00029754638672,0.4494812488555908,-11.910897254943848,91.265380859375,-66.9855728149414,-88.45840454101562,38.00029754638672,36.986301369863014
13.666,0,0.6433053016662598,-11.469687461853027,91.146728515625,-67.46864318847656,-88.4412841796875,38.0017204284668,0.6433053016662598,-11.469687461853027,91.146728515625,-67.46864318847656,-88.4412841796875,38.0017204284668,37.24722765818656
13.698,0,0.5212781429290771,-10.304583549499512,90.90164184570312,-68.62350463867188,-88.38493347167969,38.18211364746094,0.5212781429290771,-10.304583549499512,90.90164184570312,-68.62350463867188,-88.38493347167969,38.18211364746094,37.508153946510106
13.733,0,0.7392804622650146,-9.241464614868164,90.61335754394531,-69.58235168457031,-88.37162780761719,38.542823791503906,0.7392804622650146,-9.241464614868164,90.61335754394531,-69.58235168457031,-88.37162780761719,38.542823791503906,37.573385518590996
13.766,0,0.8100817203521729,-9.694156646728516,90.73583984375,-69.17036437988281,-88.4068374633789,38.66902542114258,0.8100817203521729,-9.694156646728516,90.73583984375,-69.17036437988281,-88.4068374633789,38.66902542114258,37.638617090671886
13.801,0,0.9958467483520508,-8.921751022338867,90.5329818725586,-69.95219421386719,-88.40755462646484,38.977081298828125,0.9958467483520508,-8.921751022338867,90.5329818725586,-69.95219421386719,-88.40755462646484,38.977081298828125,37.89954337899543
13.835,0,1.05885648727417,-8.285552978515625,90.29563903808594,-70.43118286132812,-88.4359130859375,39.0179443359375,1.05885648727417,-8.285552978515625,90.29563903808594,-70.43118286132812,-88.4359130859375,39.0179443359375,38.095238095238095
13.866,0,1.1807639598846436,-7.464496612548828,90.03418731689453,-71.14955139160156,-88.4510269165039,39.31537628173828,1.1807639598846436,-7.464496612548828,90.03418731689453,-71.14955139160156,-88.4510269165039,39.31537628173828,38.35616438356164
13.900,0,1.2226402759552002,-7.936491012573242,90.08672332763672,-70.69009399414062,-88.50615692138672,39.358665466308594,1.2226402759552002,-7.936491012573242,90.08672332763672,-70.69009399414062,-88.50615692138672,39.358665466308594,38.617090671885194
13.934,0,1.415449857711792,-7.1707000732421875,89.85255432128906,-71.44845581054688,-88.51847839355469,39.7144775390625,1.415449857711792,-7.1707000732421875,89.85255432128906,-71.44845581054688,-88.51847839355469,39.7144775390625,38.74755381604697
13.968,0,1.3820123672485352,-6.802757263183594,89.69225311279297,-71.67266845703125,-88.57840728759766,39.75762176513672,1.3820123672485352,-6.802757263183594,89.69225311279297,-71.67266845703125,-88.57840728759766,39.75762176513672,38.94324853228962
14.006,0,1.591367483139038,-6.280406951904297,89.54946899414062,-72.12406921386719,-88.60221099853516,40.17850112915039,1.591367483139038,-6.280406951904297,89.54946899414062,-72.12406921386719,-88.60221099853516,40.17850112915039,39.138943248532286
14.034,0,1.661684274673462,-6.369916915893555,89.5244140625,-71.967041015625,-88.61648559570312,40.155906677246094,1.661684274673462,-6.369916915893555,89.5244140625,-71.967041015625,-88.61648559570312,40.155906677246094,39.33463796477495
14.068,0,1.8510451316833496,-5.651834487915039,89.25465393066406,-72.59834289550781,-88.61268615722656,40.4974365234375,1.8510451316833496,-5.651834487915039,89.25465393066406,-72.59834289550781,-88.61268615722656,40.4974365234375,39.46510110893672
14.101,0,1.8432285785675049,-5.198276519775391,89.07445526123047,-72.89004516601562,-88.64543914794922,40.54386901855469,1.8432285785675049,-5.198276519775391,89.07445526123047,-72.89004516601562,-88.64543914794922,40.54386901855469,39.726027397260275
14.134,0,1.9337241649627686,-4.660026550292969,88.81304168701172,-73.2845230102539,-88.67604064941406,40.732975006103516,1.9337241649627686,-4.660026550292969,88.81304168701172,-73.2845230102539,-88.67604064941406,40.732975006103516,39.92172211350293
14.171,0,2.0130012035369873,-4.640084266662598,88.75225830078125,-73.23570251464844,-88.7120132446289,40.742347717285156,2.0130012035369873,-4.640084266662598,88.75225830078125,-73.23570251464844,-88.7120132446289,40.742347717285156,40.11741682974559
14.200,0,2.182669162750244,-3.934535026550293,88.47171783447266,-73.82408142089844,-88.70870208740234,41.11663055419922,2.182669162750244,-3.934535026550293,88.47171783447266,-73.82408142089844,-88.70870208740234,41.11663055419922,40.24787997390737
14.234,0,2.3238866329193115,-3.0334997177124023,88.14553833007812,-74.57134246826172,-88.76199340820312,41.26372528076172,2.3238866329193115,-3.0334997177124023,88.14553833007812,-74.57134246826172,-88.76199340820312,41.26372528076172,40.37834311806915
14.271,0,2.446218490600586,-2.4734439849853516,87.85846710205078,-74.96418762207031,-88.776611328125,41.44095230102539,2.446218490600586,-2.4734439849853516,87.85846710205078,-74.96418762207031,-88.776611328125,41.44095230102539,40.5740378343118
14.301,0,2.586221218109131,-2.415365219116211,87.72209930419922,-74.89945220947266,-88.77781677246094,41.47799301147461,2.586221218109131,-2.415365219116211,87.72209930419922,-74.89945220947266,-88.77781677246094,41.47799301147461,40.769732550554465
14.344,0,2.713236093521118,-1.7876968383789062,87.40840148925781,-75.3138198852539,-88.82913208007812,41.56587600708008,2.713236093521118,-1.7876968383789062,87.40840148925781,-75.3138198852539,-88.82913208007812,41.56587600708008,40.96542726679713
14.403,0,2.8654682636260986,-0.9931917190551758,87.01258850097656,-75.87887573242188,-88.83743286132812,41.79643249511719,2.8654682636260986,-0.9931917190551758,87.01258850097656,-75.87887573242188,-88.83743286132812,41.79643249511719,41.0958904109589
14.432,0,2.9714012145996094,-1.505178451538086,87.23760986328125,-75.45690155029297,-88.81238555908203,41.72946548461914,2.9714012145996094,-1.505178451538086,87.23760986328125,-75.45690155029297,-88.81238555908203,41.72946548461914,41.0958904109589
14.475,0,3.3918285369873047,-1.7583465576171875,87.2806396484375,-75.20465087890625,-88.73715209960938,41.55418395996094,3.3918285369873047,-1.7583465576171875,87.2806396484375,-75.20465087890625,-88.73715209960938,41.55418395996094,41.226353555120674
14.501,0,3.537229061126709,-1.0785980224609375,86.94145202636719,-75.6668930053711,-88.79405212402344,41.69329071044922,3.537229061126709,-1.0785980224609375,86.94145202636719,-75.6668930053711,-88.79405212402344,41.69329071044922,41.42204827136334
14.534,0,4.057038307189941,-1.432373046875,86.86035919189453,-75.06969451904297,-88.74406433105469,42.00999450683594,4.057038307189941,-1.432373046875,86.86035919189453,-75.06969451904297,-88.74406433105469,42.00999450683594,41.48727984344423
14.571,0,4.399740219116211,-1.4144325256347656,86.67143249511719,-74.94154357910156,-88.72611999511719,41.952110290527344,4.399740219116211,-1.4144325256347656,86.67143249511719,-74.94154357910156,-88.72611999511719,41.952110290527344,41.48727984344423
14.602,0,4.7785844802856445,-1.6444034576416016,86.64330291748047,-74.64837646484375,-88.69857788085938,41.780860900878906,4.7785844802856445,-1.6444034576416016,86.64330291748047,-74.64837646484375,-88.69857788085938,41.780860900878906,41.48727984344423
14.635,0,4.863332271575928,-1.1891403198242188,86.37663269042969,-74.899169921875,-88.6880874633789,41.897544860839844,4.863332271575928,-1.1891403198242188,86.37663269042969,-74.899169921875,-88.6880874633789,41.897544860839844,41.617742987606
14.682,0,5.426863670349121,-1.5336389541625977,86.2454833984375,-74.2652587890625,-88.61856079101562,42.22986602783203,5.426863670349121,-1.5336389541625977,86.2454833984375,-74.2652587890625,-88.61856079101562,42.22986602783203,41.617742987606
14.710,0,5.71212100982666,-1.5911359786987305,86.19229125976562,-74.18812561035156,-88.56734466552734,42.282371520996094,5.71212100982666,-1.5911359786987305,86.19229125976562,-74.18812561035156,-88.56734466552734,42.282371520996094,41.617742987606
14.743,0,5.6113057136535645,-0.6557826995849609,85.78961944580078,-74.87925720214844,-88.55289459228516,42.388084411621094,5.6113057136535645,-0.6557826995849609,85.78961944580078,-74.87925720214844,-88.55289459228516,42.388084411621094,41.617742987606
14.775,0,5.509554862976074,0.28118896484375,85.36331176757812,-75.59264373779297,-88.5309829711914,42.50905227661133,5.509554862976074,0.28118896484375,85.36331176757812,-75.59264373779297,-88.5309829711914,42.50905227661133,41.81343770384866
14.809,0,5.637271881103516,-0.1947174072265625,85.54318237304688,-75.15398406982422,-88.47335052490234,42.46376037597656,5.637271881103516,-0.1947174072265625,85.54318237304688,-75.15398406982422,-88.47335052490234,42.46376037597656,41.943900848010436
14.843,0,5.934531211853027,-0.3387155532836914,85.51276397705078,-75.02780151367188,-88.41720581054688,42.44126892089844,5.934531211853027,-0.3387155532836914,85.51276397705078,-75.02780151367188,-88.41720581054688,42.44126892089844,42.07436399217221
14.877,0,6.199314117431641,-0.44447898864746094,85.50886535644531,-74.94107818603516,-88.3660888671875,42.47870635986328,6.199314117431641,-0.44447898864746094,85.50886535644531,-74.94107818603516,-88.3660888671875,42.47870635986328,42.1395955642531
14.909,0,6.038613319396973,1.0457096099853516,84.99050903320312,-76.17361450195312,-88.35052490234375,42.62494659423828,6.038613319396973,1.0457096099853516,84.99050903320312,-76.17361450195312,-88.35052490234375,42.62494659423828,42.1395955642531
14.954,0,5.848203659057617,2.2511672973632812,84.59566497802734,-77.22879028320312,-88.32734680175781,42.809139251708984,5.848203659057617,2.2511672973632812,84.59566497802734,-77.22879028320312,-88.32734680175781,42.809139251708984,42.1395955642531
14.982,0,6.093253135681152,3.164735794067383,84.09449005126953,-77.8412094116211,-88.32241821289062,42.84395980834961,6.093253135681152,3.164735794067383,84.09449005126953,-77.8412094116211,-88.32241821289062,42.84395980834961,42.27005870841487
15.013,0,5.988715171813965,4.381338119506836,83.63031005859375,-78.77118682861328,-88.32743835449219,42.93816375732422,5.988715171813965,4.381338119506836,83.63031005859375,-78.77118682861328,-88.32743835449219,42.93816375732422,42.27005870841487
15.046,0,6.16763162612915,4.128547668457031,83.68746948242188,-78.56298828125,-88.3095932006836,42.924339294433594,6.16763162612915,4.128547668457031,83.68746948242188,-78.56298828125,-88.3095932006836,42.924339294433594,42.465753424657535
15.081,0,5.955318450927734,4.099208831787109,83.75581359863281,-78.62400817871094,-88.25336456298828,42.83699035644531,5.955318450927734,4.099208831787109,83.75581359863281,-78.62400817871094,-88.25336456298828,42.83699035644531,42.59621656881931
15.115,0,6.043453693389893,4.640470504760742,83.42945861816406,-78.99543762207031,-88.23960876464844,42.85564422607422,6.043453693389893,4.640470504760742,83.42945861816406,-78.99543762207031,-88.23960876464844,42.85564422607422,42.66144814090019
15.147,0,6.194877624511719,4.2205352783203125,83.61849212646484,-78.67271423339844,-88.22010803222656,42.80558776855469,6.194877624511719,4.2205352783203125,83.61849212646484,-78.67271423339844,-88.22010803222656,42.80558776855469,42.59621656881931
15.181,0,6.0009002685546875,4.138513565063477,83.75982666015625,-78.73570251464844,-88.16584014892578,42.70115661621094,6.0009002685546875,4.138513565063477,83.75982666015625,-78.73570251464844,-88.16584014892578,42.70115661621094,42.59621656881931
15.214,0,5.9969000816345215,4.519464492797852,83.6268310546875,-79.08378601074219,-88.12836456298828,42.595245361328125,5.9969000816345215,4.519464492797852,83.6268310546875,-79.08378601074219,-88.12836456298828,42.595245361328125,42.59621656881931
15.248,0,5.82562255859375,5.74107551574707,83.16744232177734,-80.03667449951172,-88.12948608398438,42.699188232421875,5.82562255859375,5.74107551574707,83.16744232177734,-80.03667449951172,-88.12948608398438,42.699188232421875,42.59621656881931
15.282,0,6.009190559387207,5.649684906005859,83.16143035888672,-79.9383544921875,-88.12568664550781,42.54415512084961,6.009190559387207,5.649684906005859,83.16143035888672,-79.9383544921875,-88.12568664550781,42.54415512084961,42.59621656881931
15.316,0,5.890085220336914,5.566991806030273,83.37224578857422,-80.11697387695312,-88.06038665771484,42.40639877319336,5.890085220336914,5.566991806030273,83.37224578857422,-80.11697387695312,-88.06038665771484,42.40639877319336,42.59621656881931
15.350,0,5.830687522888184,6.075693130493164,83.23467254638672,-80.59198760986328,-88.03182220458984,42.31007385253906,5.830687522888184,6.075693130493164,83.23467254638672,-80.59198760986328,-88.03182220458984,42.31007385253906,42.59621656881931
15.385,0,5.647489547729492,7.249849319458008,82.85820007324219,-81.55622100830078,-88.02571105957031,42.343482971191406,5.647489547729492,7.249849319458008,82.85820007324219,-81.55622100830078,-88.02571105957031,42.343482971191406,42.59621656881931
15.416,0,5.810151100158691,7.327304840087891,82.87647247314453,-81.69691467285156,-88.02140045166016,42.2120361328125,5.810151100158691,7.327304840087891,82.87647247314453,-81.69691467285156,-88.02140045166016,42.2120361328125,42.59621656881931
15.451,0,5.560738563537598,7.323818206787109,82.99671173095703,-81.84137725830078,-87.98818969726562,42.03675842285156,5.560738563537598,7.323818206787109,82.99671173095703,-81.84137725830078,-87.98818969726562,42.03675842285156,42.59621656881931
15.483,0,5.511995315551758,8.367303848266602,82.67906188964844,-82.78662109375,-87.99790954589844,42.077537536621094,5.511995315551758,8.367303848266602,82.67906188964844,-82.78662109375,-87.99790954589844,42.077537536621094,42.59621656881931
15.516,0,5.2910895347595215,9.466630935668945,82.39434051513672,-83.75213623046875,-87.99090576171875,42.06855773925781,5.2910895347595215,9.466630935668945,82.39434051513672,-83.75213623046875,-87.99090576171875,42.06855773925781,42.53098499673842
15.551,0,5.295543670654297,9.502456665039062,82.36332702636719,-83.81135559082031,-88.01847076416016,42.15814971923828,5.295543670654297,9.502456665039062,82.36332702636719,-83.81135559082031,-88.01847076416016,42.15814971923828,42.53098499673842
15.586,0,5.03619909286499,9.46855354309082,82.50450897216797,-83.9361572265625,-87.9854736328125,42.04138946533203,5.03619909286499,9.46855354309082,82.50450897216797,-83.9361572265625,-87.9854736328125,42.04138946533203,42.465753424657535
15.626,0,4.917796611785889,9.311820983886719,82.49057006835938,-83.71795654296875,-87.96854400634766,41.973060607910156,4.917796611785889,9.311820983886719,82.49057006835938,-83.71795654296875,-87.96854400634766,41.973060607910156,42.465753424657535
15.653,0,5.127954483032227,9.686531066894531,82.24696350097656,-83.93855285644531,-87.9866943359375,41.92771530151367,5.127954483032227,9.686531066894531,82.24696350097656,-83.93855285644531,-87.9866943359375,41.92771530151367,42.465753424657535
15.686,0,5.143274307250977,9.71278190612793,82.17044067382812,-83.9178237915039,-87.9902572631836,41.960182189941406,5.143274307250977,9.71278190612793,82.17044067382812,-83.9178237915039,-87.9902572631836,41.960182189941406,42.465753424657535
15.719,0,4.925722122192383,9.718910217285156,82.28994750976562,-83.99638366699219,-87.95509338378906,42.0380859375,4.925722122192383,9.718910217285156,82.28994750976562,-83.99638366699219,-87.95509338378906,42.0380859375,42.400521852576645
15.756,0,4.933312892913818,9.160049438476562,82.5538558959961,-83.59884643554688,-87.92701721191406,41.85499572753906,4.933312892913818,9.160049438476562,82.5538558959961,-83.59884643554688,-87.92701721191406,41.85499572753906,42.27005870841487
15.787,0,5.1321916580200195,9.545251846313477,82.29410552978516,-83.79962921142578,-87.94767761230469,41.82746887207031,5.1321916580200195,9.545251846313477,82.29410552978516,-83.79962921142578,-87.94767761230469,41.82746887207031,42.20482713633398
15.819,0,5.137779712677002,9.621862411499023,82.16535949707031,-83.7774658203125,-87.95759582519531,41.91679000854492,5.137779712677002,9.621862411499023,82.16535949707031,-83.7774658203125,-87.95759582519531,41.91679000854492,42.20482713633398
15.854,0,4.920745372772217,9.54953384399414,82.32040405273438,-83.81364440917969,-87.91673278808594,41.90802764892578,4.920745372772217,9.54953384399414,82.32040405273438,-83.81364440917969,-87.91673278808594,41.90802764892578,42.20482713633398
15.891,0,4.701371192932129,9.237613677978516,82.55794525146484,-83.72893524169922,-87.8559341430664,41.84894561767578,4.701371192932129,9.237613677978516,82.55794525146484,-83.72893524169922,-87.8559341430664,41.84894561767578,42.20482713633398
15.919,0,4.688075542449951,8.867450714111328,82.68402099609375,-83.3970947265625,-87.83557891845703,41.741119384765625,4.688075542449951,8.867450714111328,82.68402099609375,-83.3970947265625,-87.83557891845703,41.741119384765625,42.20482713633398
15.954,0,4.920891284942627,9.258594512939453,82.3569107055664,-83.57246398925781,-87.83699035644531,41.66249084472656,4.920891284942627,9.258594512939453,82.3569107055664,-83.57246398925781,-87.83699035644531,41.66249084472656,42.20482713633398
15.988,0,4.9354095458984375,9.31678581237793,82.37678527832031,-83.679931640625,-87.86338806152344,41.7667236328125,4.9354095458984375,9.31678581237793,82.37678527832031,-83.679931640625,-87.86338806152344,41.7667236328125,42.20482713633398
16.021,0,4.704625606536865,9.02277946472168,82.51322937011719,-83.48959350585938,-87.82684326171875,41.78601837158203,4.704625606536865,9.02277946472168,82.51322937011719,-83.48959350585938,-87.82684326171875,41.78601837158203,42.1395955642531
16.054,0,4.6896467208862305,8.411317825317383,82.78352355957031,-83.03440856933594,-87.7930679321289,41.59931564331055,4.6896467208862305,8.411317825317383,82.78352355957031,-83.03440856933594,-87.7930679321289,41.59931564331055,42.07436399217221
16.089,0,4.82581090927124,8.832818984985352,82.43134307861328,-83.21272277832031,-87.82170104980469,41.6243896484375,4.82581090927124,8.832818984985352,82.43134307861328,-83.21272277832031,-87.82170104980469,41.6243896484375,42.07436399217221
16.122,0,4.81502103805542,8.743330001831055,82.48388671875,-83.19696044921875,-87.858642578125,41.762794494628906,4.81502103805542,8.743330001831055,82.48388671875,-83.19696044921875,-87.858642578125,41.762794494628906,42.07436399217221
16.154,0,4.653761386871338,8.120603561401367,82.82054138183594,-82.79338073730469,-87.79238891601562,41.69501495361328,4.653761386871338,8.120603561401367,82.82054138183594,-82.79338073730469,-87.79238891601562,41.69501495361328,42.07436399217221
16.188,0,4.667973518371582,7.740442276000977,83.01454162597656,-82.54295349121094,-87.72218322753906,41.51160430908203,4.667973518371582,7.740442276000977,83.01454162597656,-82.54295349121094,-87.72218322753906,41.51160430908203,42.07436399217221
16.230,0,4.853081703186035,7.931058883666992,82.71878814697266,-82.50567626953125,-87.74008178710938,41.52915573120117,4.853081703186035,7.931058883666992,82.71878814697266,-82.50567626953125,-87.74008178710938,41.52915573120117,42.07436399217221
16.257,0,4.991430759429932,7.544666290283203,82.85111999511719,-82.216552734375,-87.74673461914062,41.585968017578125,4.991430759429932,7.544666290283203,82.85111999511719,-82.216552734375,-87.74673461914062,41.585968017578125,42.00913242009132
16.290,0,4.717511177062988,7.055332183837891,83.04702758789062,-81.8172607421875,-87.73634338378906,41.508575439453125,4.717511177062988,7.055332183837891,83.04702758789062,-81.8172607421875,-87.73634338378906,41.508575439453125,41.878669275929546
16.324,0,4.83424186706543,6.778770446777344,83.16365814208984,-81.59028625488281,-87.68412017822266,41.31739044189453,4.83424186706543,6.778770446777344,83.16365814208984,-81.59028625488281,-87.68412017822266,41.31739044189453,41.878669275929546
16.356,0,5.030706405639648,7.206520080566406,82.86309814453125,-81.79508972167969,-87.70393371582031,41.397422790527344,5.030706405639648,7.206520080566406,82.86309814453125,-81.79508972167969,-87.70393371582031,41.397422790527344,41.878669275929546
16.393,0,5.156570911407471,6.937934875488281,82.95352172851562,-81.58906555175781,-87.70414733886719,41.43290710449219,5.156570911407471,6.937934875488281,82.95352172851562,-81.58906555175781,-87.70414733886719,41.43290710449219,41.878669275929546
16.430,0,4.950693607330322,6.609895706176758,83.0447769165039,-81.26504516601562,-87.66766357421875,41.46114730834961,4.950693607330322,6.609895706176758,83.0447769165039,-81.26504516601562,-87.66766357421875,41.46114730834961,41.878669275929546
16.456,0,5.0471086502075195,6.25531005859375,83.2719955444336,-81.02802276611328,-87.60466766357422,41.25859069824219,5.0471086502075195,6.25531005859375,83.2719955444336,-81.02802276611328,-87.60466766357422,41.25859069824219,41.878669275929546
16.490,0,5.219007968902588,6.792346954345703,82.94194793701172,-81.33316040039062,-87.62706756591797,41.392723083496094,5.219007968902588,6.792346954345703,82.94194793701172,-81.33316040039062,-87.62706756591797,41.392723083496094,41.878669275929546
16.525,0,5.299407958984375,6.550079345703125,82.9619369506836,-81.0789794921875,-87.62731170654297,41.381324768066406,5.299407958984375,6.550079345703125,82.9619369506836,-81.0789794921875,-87.62731170654297,41.381324768066406,41.81343770384866
16.559,0,5.056472301483154,6.218027114868164,83.08429718017578,-80.77363586425781,-87.5950698852539,41.41204833984375,5.056472301483154,6.218027114868164,83.08429718017578,-80.77363586425781,-87.5950698852539,41.41204833984375,41.617742987606
16.592,0,5.251782417297363,5.954204559326172,83.25703430175781,-80.65350341796875,-87.53155517578125,41.24366760253906,5.251782417297363,5.954204559326172,83.25703430175781,-80.65350341796875,-87.53155517578125,41.24366760253906,41.617742987606
16.625,0,5.410681247711182,6.390012741088867,82.97289276123047,-80.87914276123047,-87.55774688720703,41.279842376708984,5.410681247711182,6.390012741088867,82.97289276123047,-80.87914276123047,-87.55774688720703,41.279842376708984,41.617742987606
16.659,0,5.543600559234619,5.989618301391602,83.1576156616211,-80.6027603149414,-87.53546142578125,41.322540283203125,5.543600559234619,5.989618301391602,83.1576156616211,-80.6027603149414,-87.53546142578125,41.322540283203125,41.617742987606
16.692,0,5.384293079376221,4.8835296630859375,83.70146179199219,-79.79405212402344,-87.51286315917969,40.9862060546875,5.384293079376221,4.8835296630859375,83.70146179199219,-79.79405212402344,-87.51286315917969,40.9862060546875,41.617742987606
16.726,0,5.563310146331787,4.625919342041016,83.9228515625,-79.68000793457031,-87.44644927978516,40.85515213012695,5.563310146331787,4.625919342041016,83.9228515625,-79.68000793457031,-87.44644927978516,40.85515213012695,41.617742987606
16.759,0,5.707248687744141,4.853355407714844,83.68136596679688,-79.73252868652344,-87.47264862060547,40.838783264160156,5.707248687744141,4.853355407714844,83.68136596679688,-79.73252868652344,-87.47264862060547,40.838783264160156,41.617742987606
16.792,0,5.875802516937256,4.200033187866211,83.94879150390625,-79.28250122070312,-87.45694732666016,40.768898010253906,5.875802516937256,4.200033187866211,83.94879150390625,-79.28250122070312,-87.45694732666016,40.768898010253906,41.35681669928245
16.829,0,5.733614921569824,3.007854461669922,84.47006225585938,-78.38320922851562,-87.4476547241211,40.421913146972656,5.733614921569824,3.007854461669922,84.47006225585938,-78.38320922851562,-87.4476547241211,40.421913146972656,41.226353555120674
16.859,0,5.5828094482421875,2.059602737426758,84.92782592773438,-77.64234924316406,-87.41898345947266,40.14152526855469,5.5828094482421875,2.059602737426758,84.92782592773438,-77.64234924316406,-87.41898345947266,40.14152526855469,41.0958904109589
16.893,0,5.627875804901123,1.1607589721679688,85.33724212646484,-77.01068878173828,-87.34439086914062,39.865116119384766,5.627875804901123,1.1607589721679688,85.33724212646484,-77.01068878173828,-87.34439086914062,39.865116119384766,41.0958904109589
16.925,0,5.793108940124512,1.3233375549316406,85.17008972167969,-76.99609375,-87.36163330078125,39.80370330810547,5.793108940124512,1.3233375549316406,85.17008972167969,-76.99609375,-87.36163330078125,39.80370330810547,40.769732550554465
16.967,0,5.9629316329956055,0.6030960083007812,85.33155822753906,-76.41661834716797,-87.37715148925781,39.756317138671875,5.9629316329956055,0.6030960083007812,85.33155822753906,-76.41661834716797,-87.37715148925781,39.756317138671875,40.50880626223092
16.994,0,5.837970733642578,-0.6399698257446289,85.9284896850586,-75.5123291015625,-87.3451156616211,39.4057502746582,5.837970733642578,-0.6399698257446289,85.9284896850586,-75.5123291015625,-87.3451156616211,39.4057502746582,40.31311154598826
17.026,0,5.896203994750977,-1.233292579650879,86.15155029296875,-75.05747985839844,-87.25602722167969,39.17369079589844,5.896203994750977,-1.233292579650879,86.15155029296875,-75.05747985839844,-87.25602722167969,39.17369079589844,40.182648401826484
17.061,0,5.999795913696289,-1.542719841003418,86.10529327392578,-74.59774017333984,-87.26515197753906,38.982181549072266,5.999795913696289,-1.542719841003418,86.10529327392578,-74.59774017333984,-87.26515197753906,38.982181549072266,39.92172211350293
17.102,0,6.171615123748779,-2.0980873107910156,86.23451232910156,-74.13525390625,-87.26911163330078,38.941986083984375,6.171615123748779,-2.0980873107910156,86.23451232910156,-74.13525390625,-87.26911163330078,38.941986083984375,39.726027397260275
17.131,0,6.056732654571533,-3.580629348754883,86.8209228515625,-72.96021270751953,-87.22482299804688,38.55455780029297,6.056732654571533,-3.580629348754883,86.8209228515625,-72.96021270751953,-87.22482299804688,38.55455780029297,39.46510110893672
17.163,0,6.083624839782715,-4.517853736877441,87.19635772705078,-72.21905517578125,-87.14837646484375,38.64752960205078,6.083624839782715,-4.517853736877441,87.19635772705078,-72.21905517578125,-87.14837646484375,38.64752960205078,39.26940639269406
17.196,0,6.187854766845703,-4.706220626831055,87.11683654785156,-71.83706665039062,-87.14959716796875,38.5329475402832,6.187854766845703,-4.706220626831055,87.11683654785156,-71.83706665039062,-87.14959716796875,38.5329475402832,39.138943248532286
17.229,0,6.380041122436523,-5.480292320251465,87.26206970214844,-71.15280151367188,-87.15852355957031,38.42296600341797,6.380041122436523,-5.480292320251465,87.26206970214844,-71.15280151367188,-87.15852355957031,38.42296600341797,38.94324853228962
17.263,0,6.379202842712402,-6.474532127380371,87.4881820678711,-70.17557525634766,-87.14215850830078,38.21162033081055,6.379202842712402,-6.474532127380371,87.4881820678711,-70.17557525634766,-87.14215850830078,38.21162033081055,38.87801696020874
17.296,0,6.658355712890625,-6.626071929931641,87.57882690429688,-70.28797912597656,-86.97509002685547,38.05598831176758,6.658355712890625,-6.626071929931641,87.57882690429688,-70.28797912597656,-86.97509002685547,38.05598831176758,38.81278538812785
17.329,0,6.757327079772949,-6.7345685958862305,87.49250030517578,-69.96794128417969,-86.98863220214844,37.95930480957031,6.757327079772949,-6.7345685958862305,87.49250030517578,-69.96794128417969,-86.98863220214844,37.95930480957031,38.74755381604697
17.363,0,6.960662841796875,-7.221510887145996,87.54536437988281,-69.48743438720703,-86.98609924316406,37.889747619628906,6.960662841796875,-7.221510887145996,87.54536437988281,-69.48743438720703,-86.98609924316406,37.889747619628906,38.486627527723414
17.397,0,7.025627136230469,-8.675271987915039,87.9408950805664,-68.1628189086914,-86.9599838256836,37.59846496582031,7.025627136230469,-8.675271987915039,87.9408950805664,-68.1628189086914,-86.9599838256836,37.59846496582031,38.29093281148076
17.429,0,7.173449993133545,-9.157442092895508,88.08970642089844,-67.74771118164062,-86.85381317138672,37.24441909790039,7.173449993133545,-9.157442092895508,88.08970642089844,-67.74771118164062,-86.85381317138672,37.24441909790039,38.16046966731898
17.463,0,7.348854064941406,-8.860005378723145,88.01142883300781,-67.98757934570312,-86.87946319580078,37.22803497314453,7.348854064941406,-8.860005378723145,88.01142883300781,-67.98757934570312,-86.87946319580078,37.22803497314453,38.030006523157205
17.496,0,7.600150108337402,-9.525003433227539,88.08328247070312,-67.33332824707031,-86.8647232055664,37.17484664916992,7.600150108337402,-9.525003433227539,88.08328247070312,-67.33332824707031,-86.8647232055664,37.17484664916992,37.83431180691454
17.529,0,7.645748138427734,-10.81431770324707,88.41545104980469,-66.14341735839844,-86.8473129272461,36.89627456665039,7.645748138427734,-10.81431770324707,88.41545104980469,-66.14341735839844,-86.8473129272461,36.89627456665039,37.573385518590996
17.563,0,7.795999050140381,-11.269678115844727,88.59676361083984,-65.84371948242188,-86.74735260009766,36.56226348876953,7.795999050140381,-11.269678115844727,88.59676361083984,-65.84371948242188,-86.74735260009766,36.56226348876953,37.508153946510106
17.596,0,8.175764083862305,-11.205666542053223,88.54932403564453,-65.8968505859375,-86.74918365478516,36.485023498535156,8.175764083862305,-11.205666542053223,88.54932403564453,-65.8968505859375,-86.74918365478516,36.485023498535156,37.31245923026745
17.630,0,8.423819541931152,-11.674047470092773,88.51798248291016,-65.33048248291016,-86.77336120605469,36.495018005371094,8.423819541931152,-11.674047470092773,88.51798248291016,-65.33048248291016,-86.77336120605469,36.495018005371094,37.11676451402479
17.663,0,8.331697463989258,-13.074566841125488,88.85870361328125,-63.981903076171875,-86.74746704101562,36.119361877441406,8.331697463989258,-13.074566841125488,88.85870361328125,-63.981903076171875,-86.74746704101562,36.119361877441406,36.855838225701234
17.698,0,8.477495193481445,-13.511622428894043,89.05364990234375,-63.71615982055664,-86.67398071289062,35.848731994628906,8.477495193481445,-13.511622428894043,89.05364990234375,-63.71615982055664,-86.67398071289062,35.848731994628906,36.79060665362035
17.731,0,8.786752700805664,-13.338855743408203,88.97048950195312,-63.834205627441406,-86.6895523071289,35.79784393310547,8.786752700805664,-13.338855743408203,88.97048950195312,-63.834205627441406,-86.6895523071289,35.79784393310547,36.66014350945858
17.765,0,8.76632308959961,-14.552029609680176,89.10326385498047,-62.50187301635742,-86.6664047241211,35.53538513183594,8.76632308959961,-14.552029609680176,89.10326385498047,-62.50187301635742,-86.6664047241211,35.53538513183594,36.33398564905414
17.797,0,8.956718444824219,-14.155192375183105,89.04959869384766,-62.92901611328125,-86.59294128417969,35.57487487792969,8.956718444824219,-14.155192375183105,89.04959869384766,-62.92901611328125,-86.59294128417969,35.57487487792969,36.13829093281148
17.831,0,9.195287704467773,-13.433115005493164,88.88985443115234,-63.574745178222656,-86.63005065917969,35.724090576171875,9.195287704467773,-13.433115005493164,88.88985443115234,-63.574745178222656,-86.63005065917969,35.724090576171875,36.007827788649706
17.864,0,9.205862045288086,-14.971237182617188,89.19190979003906,-62.04324722290039,-86.6148910522461,35.35139846801758,9.205862045288086,-14.971237182617188,89.19190979003906,-62.04324722290039,-86.6148910522461,35.35139846801758,35.87736464448793
17.903,0,9.178691864013672,-16.266704559326172,89.33658599853516,-60.63393020629883,-86.59173583984375,35.04481887817383,9.178691864013672,-16.266704559326172,89.33658599853516,-60.63393020629883,-86.59173583984375,35.04481887817383,35.87736464448793
17.930,0,9.324378967285156,-15.924561500549316,89.2413558959961,-60.9341926574707,-86.49623107910156,35.13804244995117,9.324378967285156,-15.924561500549316,89.2413558959961,-60.9341926574707,-86.49623107910156,35.13804244995117,35.74690150032615
17.965,0,9.471160888671875,-17.218833923339844,89.49627685546875,-59.710975646972656,-86.48745727539062,34.906341552734375,9.471160888671875,-17.218833923339844,89.49627685546875,-59.710975646972656,-86.48745727539062,34.906341552734375,35.5512067840835
17.999,0,9.631393432617188,-18.467742919921875,89.8272476196289,-58.55821228027344,-86.48997497558594,34.70477294921875,9.631393432617188,-18.467742919921875,89.8272476196289,-58.55821228027344,-86.48997497558594,34.70477294921875,35.42074363992172
18.040,0,9.737003326416016,-18.430452346801758,89.78173828125,-58.55778503417969,-86.50863647460938,34.869789123535156,9.737003326416016,-18.430452346801758,89.78173828125,-58.55778503417969,-86.50863647460938,34.869789123535156,35.355512067840834
18.068,0,9.54813289642334,-17.74005889892578,89.66374206542969,-59.150428771972656,-86.50245666503906,34.9056282043457,9.54813289642334,-17.74005889892578,89.66374206542969,-59.150428771972656,-86.50245666503906,34.9056282043457,35.22504892367906
18.099,0,9.715045928955078,-18.15308952331543,89.70188903808594,-58.71018600463867,-86.49761962890625,34.782981872558594,9.715045928955078,-18.15308952331543,89.70188903808594,-58.71018600463867,-86.49761962890625,34.782981872558594,35.09458577951728
18.134,0,9.474119186401367,-18.39396095275879,89.75306701660156,-58.57756805419922,-86.46420288085938,34.78717803955078,9.474119186401367,-18.39396095275879,89.75306701660156,-58.57756805419922,-86.46420288085938,34.78717803955078,35.0293542074364
18.174,0,9.603387832641602,-17.843910217285156,89.64773559570312,-59.07798767089844,-86.34622192382812,34.857547760009766,9.603387832641602,-17.843910217285156,89.64773559570312,-59.07798767089844,-86.34622192382812,34.857547760009766,35.0293542074364
18.203,0,9.375631332397461,-16.99245262145996,89.56986999511719,-59.91432189941406,-86.33577728271484,34.946739196777344,9.375631332397461,-16.99245262145996,89.56986999511719,-59.91432189941406,-86.33577728271484,34.946739196777344,35.0293542074364
18.233,0,9.515933990478516,-17.397396087646484,89.57413482666016,-59.45458984375,-86.35596466064453,34.815731048583984,9.515933990478516,-17.397396087646484,89.57413482666016,-59.45458984375,-86.35596466064453,34.815731048583984,35.0293542074364
18.269,0,9.4814453125,-18.235929489135742,89.77304077148438,-58.73245620727539,-86.35704040527344,34.64894104003906,9.4814453125,-18.235929489135742,89.77304077148438,-58.73245620727539,-86.35704040527344,34.64894104003906,35.0293542074364
18.304,0,9.666891098022461,-17.687740325927734,89.65270233154297,-59.28718185424805,-86.23087310791016,34.77571105957031,9.666891098022461,-17.687740325927734,89.65270233154297,-59.28718185424805,-86.23087310791016,34.77571105957031,35.0293542074364
18.333,0,9.464426040649414,-16.95902442932129,89.60706329345703,-59.99382019042969,-86.22081756591797,34.82090377807617,9.464426040649414,-16.95902442932129,89.60706329345703,-59.99382019042969,-86.22081756591797,34.82090377807617,35.0293542074364
18.367,0,9.594095230102539,-17.252534866333008,89.58860778808594,-59.63978576660156,-86.23275756835938,34.714073181152344,9.594095230102539,-17.252534866333008,89.58860778808594,-59.63978576660156,-86.23275756835938,34.714073181152344,35.0293542074364
18.402,0,9.530908584594727,-17.927753448486328,89.80889892578125,-59.174476623535156,-86.20716094970703,34.62906265258789,9.530908584594727,-17.927753448486328,89.80889892578125,-59.174476623535156,-86.20716094970703,34.62906265258789,35.0293542074364
18.433,0,9.693866729736328,-17.363027572631836,89.69529724121094,-59.74205780029297,-86.0960464477539,34.83085632324219,9.693866729736328,-17.363027572631836,89.69529724121094,-59.74205780029297,-86.0960464477539,34.83085632324219,35.0293542074364
18.467,0,9.486810684204102,-16.611286163330078,89.63333892822266,-60.46855163574219,-86.0941390991211,35.001731872558594,9.486810684204102,-16.611286163330078,89.63333892822266,-60.46855163574219,-86.0941390991211,35.001731872558594,35.0293542074364
18.509,0,9.625469207763672,-17.04506492614746,89.65906524658203,-59.97648620605469,-86.10745239257812,34.886146545410156,9.625469207763672,-17.04506492614746,89.65906524658203,-59.97648620605469,-86.10745239257812,34.886146545410156,35.0293542074364
18.545,0,9.605634689331055,-17.75759506225586,89.81591796875,-59.44843292236328,-86.09803771972656,34.78591537475586,9.605634689331055,-17.75759506225586,89.81591796875,-59.44843292236328,-86.09803771972656,34.78591537475586,35.0293542074364
18.575,0,9.739985466003418,-17.308387756347656,89.71646118164062,-59.83374786376953,-85.9928970336914,34.942420959472656,9.739985466003418,-17.308387756347656,89.71646118164062,-59.83374786376953,-85.9928970336914,34.942420959472656,35.0293542074364
18.611,0,9.523816108703613,-16.593168258666992,89.67646026611328,-60.538795471191406,-85.9663314819336,35.043739318847656,9.523816108703613,-16.593168258666992,89.67646026611328,-60.538795471191406,-85.9663314819336,35.043739318847656,35.0293542074364
18.638,0,9.817460060119629,-16.970443725585938,89.6554183959961,-60.10139465332031,-85.96603393554688,35.116371154785156,9.817460060119629,-16.970443725585938,89.6554183959961,-60.10139465332031,-85.96603393554688,35.116371154785156,35.0293542074364
18.673,0,9.843108177185059,-17.52377700805664,89.75743103027344,-59.68907165527344,-85.93804168701172,35.026363372802734,9.843108177185059,-17.52377700805664,89.75743103027344,-59.68907165527344,-85.93804168701172,35.026363372802734,35.0293542074364
18.712,0,9.977046012878418,-17.01409149169922,89.59413146972656,-60.162376403808594,-85.8138427734375,35.08586120605469,9.977046012878418,-17.01409149169922,89.59413146972656,-60.162376403808594,-85.8138427734375,35.08586120605469,35.0293542074364
18.739,0,9.807819366455078,-16.208236694335938,89.50233459472656,-60.95349884033203,-85.78271484375,35.210670471191406,9.807819366455078,-16.208236694335938,89.50233459472656,-60.95349884033203,-85.78271484375,35.210670471191406,35.0293542074364
18.781,0,10.107339859008789,-16.506439208984375,89.435302734375,-60.54585266113281,-85.76754760742188,35.25790786743164,10.107339859008789,-16.506439208984375,89.435302734375,-60.54585266113281,-85.76754760742188,35.25790786743164,35.0293542074364
18.810,0,10.075479507446289,-17.395980834960938,89.64764404296875,-59.773475646972656,-85.82644653320312,34.848201751708984,10.075479507446289,-17.395980834960938,89.64764404296875,-59.773475646972656,-85.82644653320312,34.848201751708984,35.0293542074364
18.846,0,10.12259578704834,-16.385448455810547,89.44407653808594,-60.68963623046875,-85.70426940917969,35.04058074951172,10.12259578704834,-16.385448455810547,89.44407653808594,-60.68963623046875,-85.70426940917969,35.04058074951172,35.0293542074364
18.875,0,9.970412254333496,-15.56966781616211,89.33082580566406,-61.49412536621094,-85.67178344726562,35.18867874145508,9.970412254333496,-15.56966781616211,89.33082580566406,-61.49412536621094,-85.67178344726562,35.18867874145508,35.0293542074364
18.909,0,10.276792526245117,-15.77973461151123,89.31037902832031,-61.1807861328125,-85.65660095214844,35.292659759521484,10.276792526245117,-15.77973461151123,89.31037902832031,-61.1807861328125,-85.65660095214844,35.292659759521484,35.0293542074364
18.951,0,10.314629554748535,-16.330665588378906,89.3440170288086,-60.656089782714844,-85.72521209716797,35.04095458984375,10.314629554748535,-16.330665588378906,89.3440170288086,-60.656089782714844,-85.72521209716797,35.04095458984375,35.0293542074364
18.978,0,10.34244155883789,-15.205751419067383,89.13037109375,-61.66905212402344,-85.60868835449219,35.263309478759766,10.34244155883789,-15.205751419067383,89.13037109375,-61.66905212402344,-85.60868835449219,35.263309478759766,35.0293542074364
19.010,0,10.552867889404297,-15.21739387512207,89.00823974609375,-61.572265625,-85.6264877319336,35.155662536621094,10.552867889404297,-15.21739387512207,89.00823974609375,-61.572265625,-85.6264877319336,35.155662536621094,35.0293542074364
19.043,0,10.800017356872559,-14.929367065429688,88.93304443359375,-61.78116226196289,-85.65685272216797,35.42793655395508,10.800017356872559,-14.929367065429688,88.93304443359375,-61.78116226196289,-85.65685272216797,35.42793655395508,35.0293542074364
19.079,0,10.881282806396484,-15.56498908996582,88.9638671875,-61.184165954589844,-85.71770477294922,35.26088333129883,10.881282806396484,-15.56498908996582,88.9638671875,-61.184165954589844,-85.71770477294922,35.26088333129883,35.0293542074364
19.110,0,10.98386001586914,-14.468072891235352,88.75376892089844,-62.19343566894531,-85.6098861694336,35.480533599853516,10.98386001586914,-14.468072891235352,88.75376892089844,-62.19343566894531,-85.6098861694336,35.480533599853516,35.0293542074364
19.145,0,11.17354965209961,-14.239147186279297,88.57929992675781,-62.34009552001953,-85.6337661743164,35.393882751464844,11.17354965209961,-14.239147186279297,88.57929992675781,-62.34009552001953,-85.6337661743164,35.393882751464844,34.96412263535551
19.179,0,11.412948608398438,-14.204283714294434,88.51725769042969,-62.31657409667969,-85.64268493652344,35.53791809082031,11.412948608398438,-14.204283714294434,88.51725769042969,-62.31657409667969,-85.64268493652344,35.53791809082031,34.96412263535551
19.213,0,11.19663143157959,-13.467575073242188,88.34703826904297,-63.09544372558594,-85.6884765625,35.63654708862305,11.19663143157959,-13.467575073242188,88.34703826904297,-63.09544372558594,-85.6884765625,35.63654708862305,34.96412263535551
19.246,0,10.992541313171387,-12.245278358459473,88.18096160888672,-64.29169464111328,-85.5856704711914,35.91916275024414,10.992541313171387,-12.245278358459473,88.18096160888672,-64.29169464111328,-85.5856704711914,35.91916275024414,34.96412263535551
19.279,0,11.215791702270508,-13.382363319396973,88.49779510498047,-63.18116760253906,-85.53584289550781,35.64214324951172,11.215791702270508,-13.382363319396973,88.49779510498047,-63.18116760253906,-85.53584289550781,35.64214324951172,34.96412263535551
19.311,0,11.442512512207031,-13.556862831115723,88.48653411865234,-63.00785827636719,-85.52739715576172,35.78202819824219,11.442512512207031,-13.556862831115723,88.48653411865234,-63.00785827636719,-85.52739715576172,35.78202819824219,35.15981735159817
19.346,0,11.280876159667969,-12.817293167114258,88.28727722167969,-63.798702239990234,-85.5711669921875,35.895782470703125,11.280876159667969,-12.817293167114258,88.28727722167969,-63.798702239990234,-85.5711669921875,35.895782470703125,35.290280495759944
19.379,0,10.992433547973633,-11.518449783325195,88.09732055664062,-65.10284423828125,-85.49609375,36.10360336303711,10.992433547973633,-11.518449783325195,88.09732055664062,-65.10284423828125,-85.49609375,36.10360336303711,35.290280495759944
19.413,0,11.185070991516113,-11.952826499938965,87.93498992919922,-64.34105682373047,-85.4805908203125,35.996620178222656,11.185070991516113,-11.952826499938965,87.93498992919922,-64.34105682373047,-85.4805908203125,35.996620178222656,35.355512067840834
19.446,0,11.320801734924316,-11.821431159973145,87.84298706054688,-64.44171142578125,-85.49595642089844,36.02207946777344,11.320801734924316,-11.821431159973145,87.84298706054688,-64.44171142578125,-85.49595642089844,36.02207946777344,35.5512067840835
19.479,0,11.239849090576172,-11.165185928344727,87.64292907714844,-65.13899993896484,-85.53118896484375,36.09319305419922,11.239849090576172,-11.165185928344727,87.64292907714844,-65.13899993896484,-85.53118896484375,36.09319305419922,35.68166992824527
19.544,0,11.005064010620117,-9.938997268676758,87.43871307373047,-66.35240173339844,-85.44511413574219,36.26274871826172,11.005064010620117,-9.938997268676758,87.43871307373047,-66.35240173339844,-85.44511413574219,36.26274871826172,35.68166992824527
19.572,0,11.19202995300293,-10.217473983764648,87.20771789550781,-65.698974609375,-85.42760467529297,36.208152770996094,11.19202995300293,-10.217473983764648,87.20771789550781,-65.698974609375,-85.42760467529297,36.208152770996094,35.68166992824527
19.604,0,11.315189361572266,-10.014835357666016,87.08522033691406,-65.86273193359375,-85.45174407958984,36.2498779296875,11.315189361572266,-10.014835357666016,87.08522033691406,-65.86273193359375,-85.45174407958984,36.2498779296875,35.68166992824527
19.638,0,11.219426155090332,-8.79000473022461,86.83715057373047,-67.06591796875,-85.42274475097656,36.4814453125,11.219426155090332,-8.79000473022461,86.83715057373047,-67.06591796875,-85.42274475097656,36.4814453125,35.68166992824527
19.671,0,10.961493492126465,-7.360111236572266,86.60148620605469,-68.42697143554688,-85.3441390991211,36.73916244506836,10.961493492126465,-7.360111236572266,86.60148620605469,-68.42697143554688,-85.3441390991211,36.73916244506836,35.68166992824527
19.704,0,11.126541137695312,-7.348886489868164,86.33145141601562,-68.02911376953125,-85.33290100097656,36.76654815673828,11.126541137695312,-7.348886489868164,86.33145141601562,-68.02911376953125,-85.33290100097656,36.76654815673828,35.74690150032615
19.745,0,11.23086166381836,-7.084912300109863,86.16112518310547,-68.17520141601562,-85.36138916015625,36.778263092041016,11.23086166381836,-7.084912300109863,86.16112518310547,-68.17520141601562,-85.36138916015625,36.778263092041016,36.07305936073059
19.773,0,11.23825454711914,-6.385373115539551,85.92166900634766,-68.80433654785156,-85.34590911865234,36.79247283935547,11.23825454711914,-6.385373115539551,85.92166900634766,-68.80433654785156,-85.34590911865234,36.79247283935547,36.26875407697325
19.804,0,11.284460067749023,-6.528231620788574,86.00242614746094,-68.73756408691406,-85.34678649902344,36.97412872314453,11.284460067749023,-6.528231620788574,86.00242614746094,-68.73756408691406,-85.34678649902344,36.97412872314453,36.399217221135025
19.838,0,11.521615982055664,-5.542819976806641,85.71440887451172,-69.51446533203125,-85.33960723876953,37.15445327758789,11.521615982055664,-5.542819976806641,85.71440887451172,-69.51446533203125,-85.33960723876953,37.15445327758789,36.464448793215915
19.871,0,11.615093231201172,-4.624445915222168,85.51402282714844,-70.39041900634766,-85.29930877685547,37.29452133178711,11.615093231201172,-4.624445915222168,85.51402282714844,-70.39041900634766,-85.29930877685547,37.29452133178711,36.464448793215915
19.905,0,11.625837326049805,-3.71553897857666,85.20478057861328,-71.18766784667969,-85.3012466430664,37.393646240234375,11.625837326049805,-3.71553897857666,85.20478057861328,-71.18766784667969,-85.3012466430664,37.393646240234375,36.464448793215915
19.939,0,11.662353515625,-3.5397958755493164,85.22315979003906,-71.43566131591797,-85.31806945800781,37.66313171386719,11.662353515625,-3.5397958755493164,85.22315979003906,-71.43566131591797,-85.31806945800781,37.66313171386719,36.66014350945858
19.972,0,11.697927474975586,-3.332805633544922,84.99272155761719,-71.40646362304688,-85.37726593017578,37.623809814453125,11.697927474975586,-3.332805633544922,84.99272155761719,-71.40646362304688,-85.37726593017578,37.623809814453125,36.921069797782124
20.005,0,11.756538391113281,-3.5678977966308594,85.0440673828125,-71.15150451660156,-85.35518646240234,37.527339935302734,11.756538391113281,-3.5678977966308594,85.0440673828125,-71.15150451660156,-85.35518646240234,37.527339935302734,37.0515329419439
20.038,0,11.809099197387695,-2.6025657653808594,84.7034912109375,-71.99736785888672,-85.35607147216797,37.65345764160156,11.809099197387695,-2.6025657653808594,84.7034912109375,-71.99736785888672,-85.35607147216797,37.65345764160156,37.18199608610567
20.071,0,12.027589797973633,-2.5925474166870117,84.78189086914062,-72.12833404541016,-85.38337707519531,37.79075241088867,12.027589797973633,-2.5925474166870117,84.78189086914062,-72.12833404541016,-85.38337707519531,37.79075241088867,37.18199608610567
20.107,0,12.08320426940918,-2.466559410095215,84.54985046386719,-72.01594543457031,-85.434326171875,37.7216796875,12.08320426940918,-2.466559410095215,84.54985046386719,-72.01594543457031,-85.434326171875,37.7216796875,37.24722765818656
20.139,0,12.130016326904297,-2.760960578918457,84.60202026367188,-71.70255279541016,-85.42982482910156,37.64115905761719,12.130016326904297,-2.760960578918457,84.60202026367188,-71.70255279541016,-85.42982482910156,37.64115905761719,37.24722765818656
20.172,0,12.135546684265137,-1.5238409042358398,84.17485809326172,-72.78878784179688,-85.4284896850586,37.843421936035156,12.135546684265137,-1.5238409042358398,84.17485809326172,-72.78878784179688,-85.4284896850586,37.843421936035156,37.37769080234833
20.204,0,12.187520980834961,-1.220505714416504,84.16663360595703,-73.16436767578125,-85.4403076171875,38.08475112915039,12.187520980834961,-1.220505714416504,84.16663360595703,-73.16436767578125,-85.4403076171875,38.08475112915039,37.37769080234833
20.239,0,12.283791542053223,-0.7777900695800781,83.75983428955078,-73.24893951416016,-85.50010681152344,38.056583404541016,12.283791542053223,-0.7777900695800781,83.75983428955078,-73.24893951416016,-85.50010681152344,38.056583404541016,37.37769080234833
20.273,0,12.41145133972168,-0.7429618835449219,83.65603637695312,-73.14682006835938,-85.49790954589844,38.033973693847656,12.41145133972168,-0.7429618835449219,83.65603637695312,-73.14682006835938,-85.49790954589844,38.033973693847656,37.573385518590996
20.320,0,12.421526908874512,0.42099571228027344,83.1944808959961,-74.1055908203125,-85.50047302246094,38.232635498046875,12.421526908874512,0.42099571228027344,83.1944808959961,-74.1055908203125,-85.50047302246094,38.232635498046875,37.70384866275277
20.348,0,12.37053394317627,0.5811195373535156,82.99366760253906,-74.07373046875,-85.52749633789062,38.446434020996094,12.37053394317627,0.5811195373535156,82.99366760253906,-74.07373046875,-85.52749633789062,38.446434020996094,37.70384866275277
20.381,0,12.408590316772461,0.9893760681152344,82.67471313476562,-74.19335174560547,-85.57337951660156,38.43731689453125,12.408590316772461,0.9893760681152344,82.67471313476562,-74.19335174560547,-85.57337951660156,38.43731689453125,37.76908023483366
20.413,0,12.491443634033203,1.0191650390625,82.57342529296875,-74.12553405761719,-85.58563232421875,38.402427673339844,12.491443634033203,1.0191650390625,82.57342529296875,-74.12553405761719,-85.58563232421875,38.402427673339844,37.83431180691454
20.447,0,12.542412757873535,2.335145950317383,82.06900787353516,-75.23539733886719,-85.57981872558594,38.667301177978516,12.542412757873535,2.335145950317383,82.06900787353516,-75.23539733886719,-85.57981872558594,38.667301177978516,38.030006523157205
20.482,0,12.525672912597656,2.667642593383789,81.8012466430664,-75.36634826660156,-85.60123443603516,38.926002502441406,12.525672912597656,2.667642593383789,81.8012466430664,-75.36634826660156,-85.60123443603516,38.926002502441406,38.095238095238095
20.517,0,12.565879821777344,3.0462589263916016,81.49639892578125,-75.46949768066406,-85.66050720214844,38.91130065917969,12.565879821777344,3.0462589263916016,81.49639892578125,-75.46949768066406,-85.66050720214844,38.91130065917969,38.095238095238095
20.548,0,12.621380805969238,2.834758758544922,81.55321502685547,-75.29136657714844,-85.65349578857422,38.87133026123047,12.621380805969238,2.834758758544922,81.55321502685547,-75.29136657714844,-85.65349578857422,38.87133026123047,38.29093281148076
20.579,0,12.592388153076172,4.394447326660156,81.1269302368164,-76.74662780761719,-85.5770263671875,39.36668395996094,12.592388153076172,4.394447326660156,81.1269302368164,-76.74662780761719,-85.5770263671875,39.36668395996094,38.486627527723414
20.614,0,12.554520606994629,4.5962371826171875,80.8490982055664,-76.73611450195312,-85.6153335571289,39.58258819580078,12.554520606994629,4.5962371826171875,80.8490982055664,-76.73611450195312,-85.6153335571289,39.58258819580078,38.486627527723414
20.647,0,12.51465129852295,6.308897018432617,80.27281188964844,-78.17620086669922,-85.61186981201172,39.818031311035156,12.51465129852295,6.308897018432617,80.27281188964844,-78.17620086669922,-85.61186981201172,39.818031311035156,38.617090671885194
20.680,0,12.547460556030273,6.173055648803711,80.30725860595703,-78.04481506347656,-85.59913635253906,39.78837585449219,12.547460556030273,6.173055648803711,80.30725860595703,-78.04481506347656,-85.59913635253906,39.78837585449219,38.94324853228962
20.714,0,12.496478080749512,7.766477584838867,79.84378814697266,-79.5174560546875,-85.52908325195312,40.270347595214844,12.496478080749512,7.766477584838867,79.84378814697266,-79.5174560546875,-85.52908325195312,40.270347595214844,39.204174820613176
20.747,0,12.415828704833984,7.9595184326171875,79.5711669921875,-79.47394561767578,-85.56661224365234,40.51634979248047,12.415828704833984,7.9595184326171875,79.5711669921875,-79.47394561767578,-85.56661224365234,40.51634979248047,39.33463796477495
20.780,0,12.483454704284668,7.94160270690918,79.4884033203125,-79.30828857421875,-85.570068359375,40.601165771484375,12.483454704284668,7.94160270690918,79.4884033203125,-79.30828857421875,-85.570068359375,40.601165771484375,39.53033268101761
20.814,0,12.50488567352295,7.8556976318359375,79.55441284179688,-79.2740478515625,-85.55696868896484,40.628318786621094,12.50488567352295,7.8556976318359375,79.55441284179688,-79.2740478515625,-85.55696868896484,40.628318786621094,39.92172211350293
20.848,0,12.414767265319824,9.428239822387695,79.0450668334961,-80.64740753173828,-85.47483825683594,41.10350799560547,12.414767265319824,9.428239822387695,79.0450668334961,-80.64740753173828,-85.47483825683594,41.10350799560547,40.11741682974559
20.880,0,12.314586639404297,9.629060745239258,78.78309631347656,-80.64094543457031,-85.5052490234375,41.353759765625,12.314586639404297,9.629060745239258,78.78309631347656,-80.64094543457031,-85.5052490234375,41.353759765625,40.182648401826484
20.914,0,12.258708953857422,10.172903060913086,78.43326568603516,-80.81513977050781,-85.51316833496094,41.53288269042969,12.258708953857422,10.172903060913086,78.43326568603516,-80.81513977050781,-85.51316833496094,41.53288269042969,40.44357469015003
20.950,0,12.272956848144531,10.482673645019531,78.2862319946289,-81.056640625,-85.50057220458984,41.62248229980469,12.272956848144531,10.482673645019531,78.2862319946289,-81.056640625,-85.50057220458984,41.62248229980469,40.704500978473575
20.981,0,12.289921760559082,11.105539321899414,77.96875762939453,-81.49131774902344,-85.44904327392578,41.66111373901367,12.289921760559082,11.105539321899414,77.96875762939453,-81.49131774902344,-85.44904327392578,41.66111373901367,40.96542726679713
21.017,0,12.280254364013672,11.068012237548828,77.86443328857422,-81.35848236083984,-85.47532653808594,41.62133026123047,12.280254364013672,11.068012237548828,77.86443328857422,-81.35848236083984,-85.47532653808594,41.62133026123047,41.16112198303979
21.050,0,12.261163711547852,11.154033660888672,77.74967193603516,-81.3599853515625,-85.5302734375,41.63477325439453,12.261163711547852,11.154033660888672,77.74967193603516,-81.3599853515625,-85.5302734375,41.63477325439453,41.226353555120674
21.087,0,12.252365112304688,11.409982681274414,77.60617065429688,-81.53756713867188,-85.5420150756836,41.72603988647461,12.252365112304688,11.409982681274414,77.60617065429688,-81.53756713867188,-85.5420150756836,41.72603988647461,41.226353555120674
21.119,0,12.231050491333008,11.9715576171875,77.35702514648438,-82.00064849853516,-85.49836730957031,41.79108810424805,12.231050491333008,11.9715576171875,77.35702514648438,-82.00064849853516,-85.49836730957031,41.79108810424805,41.226353555120674
21.171,0,12.318086624145508,12.343866348266602,77.23145294189453,-82.31495666503906,-85.45699310302734,41.92212677001953,12.318086624145508,12.343866348266602,77.23145294189453,-82.31495666503906,-85.45699310302734,41.92212677001953,41.226353555120674
21.201,0,12.36181640625,12.885915756225586,76.98734283447266,-82.71200561523438,-85.46449279785156,42.142948150634766,12.36181640625,12.885915756225586,76.98734283447266,-82.71200561523438,-85.46449279785156,42.142948150634766,41.48727984344423
21.242,0,12.348526954650879,13.026449203491211,76.87937927246094,-82.80341339111328,-85.48308563232422,42.22789001464844,12.348526954650879,13.026449203491211,76.87937927246094,-82.80341339111328,-85.48308563232422,42.22789001464844,41.48727984344423
21.270,0,12.28805160522461,13.556455612182617,76.65303802490234,-83.24974060058594,-85.4422607421875,42.23625183105469,12.28805160522461,13.556455612182617,76.65303802490234,-83.24974060058594,-85.4422607421875,42.23625183105469,41.55251141552511
21.312,0,12.360381126403809,13.92245101928711,76.54874420166016,-83.61912536621094,-85.39989471435547,42.39630889892578,12.360381126403809,13.92245101928711,76.54874420166016,-83.61912536621094,-85.39989471435547,42.39630889892578,41.74820613176777
21.341,0,12.42707633972168,14.366518020629883,76.32315063476562,-83.88533020019531,-85.40734100341797,42.623802185058594,12.42707633972168,14.366518020629883,76.32315063476562,-83.88533020019531,-85.40734100341797,42.623802185058594,41.878669275929546
21.372,0,12.388204574584961,14.480348587036133,76.19498443603516,-83.90628051757812,-85.41740417480469,42.673606872558594,12.388204574584961,14.480348587036133,76.19498443603516,-83.90628051757812,-85.41740417480469,42.673606872558594,41.878669275929546
21.404,0,12.339227676391602,14.909223556518555,76.00260162353516,-84.269287109375,-85.37753295898438,42.72222900390625,12.339227676391602,14.909223556518555,76.00260162353516,-84.269287109375,-85.37753295898438,42.72222900390625,41.943900848010436
21.438,0,12.424819946289062,15.273134231567383,75.87724304199219,-84.60159301757812,-85.34003448486328,42.782875061035156,12.424819946289062,15.273134231567383,75.87724304199219,-84.60159301757812,-85.34003448486328,42.782875061035156,42.20482713633398
21.474,0,12.505213737487793,15.531028747558594,75.72016906738281,-84.77960205078125,-85.34846496582031,42.924842834472656,12.505213737487793,15.531028747558594,75.72016906738281,-84.77960205078125,-85.34846496582031,42.924842834472656,42.27005870841487
21.505,0,12.459512710571289,15.662118911743164,75.63687133789062,-84.83003234863281,-85.34281921386719,42.942771911621094,12.459512710571289,15.662118911743164,75.63687133789062,-84.83003234863281,-85.34281921386719,42.942771911621094,42.400521852576645
21.538,0,12.378988265991211,15.491035461425781,75.78470611572266,-84.75054931640625,-85.32859802246094,42.87213897705078,12.378988265991211,15.491035461425781,75.78470611572266,-84.75054931640625,-85.32859802246094,42.87213897705078,42.465753424657535
21.571,0,12.46243667602539,15.676443099975586,75.72171020507812,-84.94538116455078,-85.27764892578125,42.93251037597656,12.46243667602539,15.676443099975586,75.72171020507812,-84.94538116455078,-85.27764892578125,42.93251037597656,42.59621656881931
21.605,0,12.53635311126709,15.851730346679688,75.58937072753906,-85.0380859375,-85.2935562133789,43.02789306640625,12.53635311126709,15.851730346679688,75.58937072753906,-85.0380859375,-85.2935562133789,43.02789306640625,42.66144814090019
21.640,0,12.508418083190918,15.733007431030273,75.67686462402344,-84.9998779296875,-85.2896728515625,43.05096435546875,12.508418083190918,15.733007431030273,75.67686462402344,-84.9998779296875,-85.2896728515625,43.05096435546875,42.66144814090019
21.671,0,12.420507431030273,15.530620574951172,75.82498168945312,-84.88613891601562,-85.27669525146484,42.97218322753906,12.420507431030273,15.530620574951172,75.82498168945312,-84.88613891601562,-85.27669525146484,42.97218322753906,42.66144814090019
21.705,0,12.504878997802734,15.59239387512207,75.84573364257812,-85.04656219482422,-85.23506164550781,43.01106262207031,12.504878997802734,15.59239387512207,75.84573364257812,-85.04656219482422,-85.23506164550781,43.01106262207031,42.66144814090019
21.740,0,12.580528259277344,15.822986602783203,75.67877960205078,-85.17527770996094,-85.23743438720703,43.12120056152344,12.580528259277344,15.822986602783203,75.67877960205078,-85.17527770996094,-85.23743438720703,43.12120056152344,42.66144814090019
21.777,0,12.558233261108398,15.664299011230469,75.74848175048828,-85.07801818847656,-85.23931884765625,43.07862091064453,12.558233261108398,15.664299011230469,75.74848175048828,-85.07801818847656,-85.23931884765625,43.07862091064453,42.66144814090019
21.805,0,12.456252098083496,15.338808059692383,76.0254135131836,-84.98238372802734,-85.22179412841797,43.024017333984375,12.456252098083496,15.338808059692383,76.0254135131836,-84.98238372802734,-85.22179412841797,43.024017333984375,42.66144814090019
21.843,0,12.568660736083984,15.21047592163086,76.12650299072266,-84.99653625488281,-85.1865005493164,43.00242614746094,12.568660736083984,15.21047592163086,76.12650299072266,-84.99653625488281,-85.1865005493164,43.00242614746094,42.66144814090019
21.872,0,12.773383140563965,15.599111557006836,75.8795394897461,-85.2271499633789,-85.19561767578125,43.11366271972656,12.773383140563965,15.599111557006836,75.8795394897461,-85.2271499633789,-85.19561767578125,43.11366271972656,42.66144814090019
21.908,0,12.747016906738281,15.41375732421875,75.96577453613281,-85.12564086914062,-85.20445251464844,43.07733917236328,12.747016906738281,15.41375732421875,75.96577453613281,-85.12564086914062,-85.20445251464844,43.07733917236328,42.66144814090019
21.940,0,12.652372360229492,15.05412483215332,76.20059967041016,-84.91973876953125,-85.18640899658203,42.98302459716797,12.652372360229492,15.05412483215332,76.20059967041016,-84.91973876953125,-85.18640899658203,42.98302459716797,42.66144814090019
21.977,0,12.764997482299805,14.951303482055664,76.27838897705078,-84.9601058959961,-85.14105224609375,42.929996490478516,12.764997482299805,14.951303482055664,76.27838897705078,-84.9601058959961,-85.14105224609375,42.929996490478516,42.66144814090019
22.008,0,12.959863662719727,15.430614471435547,75.9954833984375,-85.23042297363281,-85.14351654052734,43.10284423828125,12.959863662719727,15.430614471435547,75.9954833984375,-85.23042297363281,-85.14351654052734,43.10284423828125,42.66144814090019
22.041,0,12.969766616821289,15.255022048950195,76.01795959472656,-85.05911254882812,-85.15071105957031,42.99895477294922,12.969766616821289,15.255022048950195,76.01795959472656,-85.05911254882812,-85.15071105957031,42.99895477294922,42.66144814090019
22.076,0,12.935388565063477,15.058694839477539,76.02230834960938,-84.82615661621094,-85.15599822998047,42.94927978515625,12.935388565063477,15.058694839477539,76.02230834960938,-84.82615661621094,-85.15599822998047,42.94927978515625,42.66144814090019
22.109,0,12.873024940490723,14.687948226928711,76.29757690429688,-84.61428833007812,-85.11846160888672,42.78739929199219,12.873024940490723,14.687948226928711,76.29757690429688,-84.61428833007812,-85.11846160888672,42.78739929199219,42.66144814090019
22.142,0,13.110416412353516,14.910213470458984,76.07818603515625,-84.68431854248047,-85.13311004638672,42.87303924560547,13.110416412353516,14.910213470458984,76.07818603515625,-84.68431854248047,-85.13311004638672,42.87303924560547,42.66144814090019
22.176,0,13.356973648071289,15.389955520629883,75.79827117919922,-84.96473693847656,-85.16181945800781,43.017417907714844,13.356973648071289,15.389955520629883,75.79827117919922,-84.96473693847656,-85.16181945800781,43.017417907714844,42.59621656881931
22.208,0,13.29518985748291,14.758533477783203,76.1534652709961,-84.53878784179688,-85.12129211425781,42.82829284667969,13.29518985748291,14.758533477783203,76.1534652709961,-84.53878784179688,-85.12129211425781,42.82829284667969,42.59621656881931
22.243,0,13.438264846801758,14.74107551574707,76.18330383300781,-84.56653594970703,-85.08184814453125,42.87499237060547,13.438264846801758,14.74107551574707,76.18330383300781,-84.56653594970703,-85.08184814453125,42.87499237060547,42.59621656881931
22.276,0,13.671049118041992,14.78837776184082,76.13469696044922,-84.55026245117188,-85.0946273803711,42.884273529052734,13.671049118041992,14.78837776184082,76.13469696044922,-84.55026245117188,-85.0946273803711,42.884273529052734,42.59621656881931
22.309,0,13.650721549987793,14.856687545776367,76.01261901855469,-84.47723388671875,-85.11624145507812,42.87582778930664,13.650721549987793,14.856687545776367,76.01261901855469,-84.47723388671875,-85.11624145507812,42.87582778930664,42.59621656881931
22.344,0,13.598955154418945,14.347295761108398,76.30072784423828,-84.11637878417969,-85.07723999023438,42.69801330566406,13.598955154418945,14.347295761108398,76.30072784423828,-84.11637878417969,-85.07723999023438,42.69801330566406,42.59621656881931
22.375,0,13.783191680908203,14.42422103881836,76.25331115722656,-84.21214294433594,-85.05974578857422,42.735408782958984,13.783191680908203,14.42422103881836,76.25331115722656,-84.21214294433594,-85.05974578857422,42.735408782958984,42.59621656881931
22.409,0,13.917970657348633,14.369529724121094,76.26771545410156,-84.11404418945312,-85.06108856201172,42.81536865234375,13.917970657348633,14.369529724121094,76.26771545410156,-84.11404418945312,-85.06108856201172,42.81536865234375,42.59621656881931
22.442,0,13.884598731994629,14.358970642089844,76.14325714111328,-83.95568084716797,-85.08367919921875,42.79632568359375,13.884598731994629,14.358970642089844,76.14325714111328,-83.95568084716797,-85.08367919921875,42.79632568359375,42.59621656881931
22.477,0,13.846359252929688,13.90975570678711,76.4571304321289,-83.68944549560547,-85.0593032836914,42.67746353149414,13.846359252929688,13.90975570678711,76.4571304321289,-83.68944549560547,-85.0593032836914,42.67746353149414,42.59621656881931
22.510,0,13.805434226989746,13.162469863891602,76.85903930664062,-83.09983825683594,-84.9762954711914,42.54003143310547,13.805434226989746,13.162469863891602,76.85903930664062,-83.09983825683594,-84.9762954711914,42.54003143310547,42.59621656881931
22.542,0,13.953283309936523,12.994247436523438,76.9479751586914,-82.9418716430664,-84.97471618652344,42.57457733154297,13.953283309936523,12.994247436523438,76.9479751586914,-82.9418716430664,-84.97471618652344,42.57457733154297,42.59621656881931
22.576,0,13.94444465637207,12.613588333129883,76.99870300292969,-82.56071472167969,-84.99612426757812,42.43232727050781,13.94444465637207,12.613588333129883,76.99870300292969,-82.56071472167969,-84.99612426757812,42.43232727050781,42.59621656881931
22.612,0,13.910123825073242,11.995157241821289,77.3899154663086,-82.21240997314453,-84.97653198242188,42.295936584472656,13.910123825073242,11.995157241821289,77.3899154663086,-82.21240997314453,-84.97653198242188,42.295936584472656,42.59621656881931
22.643,0,13.882837295532227,11.219745635986328,77.81542205810547,-81.63430786132812,-84.8938217163086,42.13254928588867,13.882837295532227,11.219745635986328,77.81542205810547,-81.63430786132812,-84.8938217163086,42.13254928588867,42.59621656881931
22.678,0,13.988775253295898,10.925031661987305,77.94575500488281,-81.35487365722656,-84.88800811767578,42.145286560058594,13.988775253295898,10.925031661987305,77.94575500488281,-81.35487365722656,-84.88800811767578,42.145286560058594,42.59621656881931
22.709,0,13.993470191955566,10.41094970703125,78.15274047851562,-80.91990661621094,-84.88204956054688,41.981422424316406,13.993470191955566,10.41094970703125,78.15274047851562,-80.91990661621094,-84.88204956054688,41.981422424316406,42.59621656881931
22.748,0,13.920812606811523,9.750783920288086,78.47657012939453,-80.41899108886719,-84.84503173828125,41.77526092529297,13.920812606811523,9.750783920288086,78.47657012939453,-80.41899108886719,-84.84503173828125,41.77526092529297,42.53098499673842
22.776,0,14.196415901184082,8.887971878051758,78.80380249023438,-79.66069030761719,-84.74069213867188,41.650421142578125,14.196415901184082,8.887971878051758,78.80380249023438,-79.66069030761719,-84.74069213867188,41.650421142578125,42.465753424657535
22.813,0,14.259157180786133,8.671323776245117,78.8559799194336,-79.38140869140625,-84.74231719970703,41.64235305786133,14.259157180786133,8.671323776245117,78.8559799194336,-79.38140869140625,-84.74231719970703,41.64235305786133,42.400521852576645
22.845,0,14.287934303283691,8.038314819335938,79.13063049316406,-78.8913345336914,-84.73916625976562,41.44660949707031,14.287934303283691,8.038314819335938,79.13063049316406,-78.8913345336914,-84.73916625976562,41.44660949707031,42.1395955642531
22.876,0,14.229142189025879,7.191747665405273,79.47504425048828,-78.1817626953125,-84.69084930419922,41.142906188964844,14.229142189025879,7.191747665405273,79.47504425048828,-78.1817626953125,-84.69084930419922,41.142906188964844,42.00913242009132
22.910,0,13.902148246765137,7.617719650268555,79.12716674804688,-78.34635925292969,-84.71649169921875,41.345821380615234,13.902148246765137,7.617719650268555,79.12716674804688,-78.34635925292969,-84.71649169921875,41.345821380615234,41.943900848010436
22.942,0,14.013212203979492,7.451438903808594,79.1474380493164,-78.07623291015625,-84.68993377685547,41.27992248535156,14.013212203979492,7.451438903808594,79.1474380493164,-78.07623291015625,-84.68993377685547,41.27992248535156,41.74820613176777
22.977,0,13.984709739685059,6.61829948425293,79.53984069824219,-77.47711181640625,-84.66236114501953,41.061981201171875,13.984709739685059,6.61829948425293,79.53984069824219,-77.47711181640625,-84.66236114501953,41.061981201171875,41.617742987606
23.010,0,13.912850379943848,5.852130889892578,79.8478775024414,-76.84211730957031,-84.6250991821289,40.753013610839844,13.912850379943848,5.852130889892578,79.8478775024414,-76.84211730957031,-84.6250991821289,40.753013610839844,41.617742987606
23.047,0,13.673645973205566,6.27618408203125,79.57121276855469,-77.12291717529297,-84.67288208007812,40.783485412597656,13.673645973205566,6.27618408203125,79.57121276855469,-77.12291717529297,-84.67288208007812,40.783485412597656,41.42204827136334
23.079,0,13.510212898254395,6.735685348510742,79.28761291503906,-77.45870971679688,-84.72028350830078,40.784427642822266,13.510212898254395,6.735685348510742,79.28761291503906,-77.45870971679688,-84.72028350830078,40.784427642822266,41.226353555120674
23.109,0,13.526603698730469,5.926067352294922,79.6689682006836,-76.84500122070312,-84.68466186523438,40.53282928466797,13.526603698730469,5.926067352294922,79.6689682006836,-76.84500122070312,-84.68466186523438,40.53282928466797,41.0958904109589
23.143,0,13.515439987182617,5.1319732666015625,79.9361572265625,-76.18367004394531,-84.66612243652344,40.23503112792969,13.515439987182617,5.1319732666015625,79.9361572265625,-76.18367004394531,-84.66612243652344,40.23503112792969,41.0958904109589
23.176,0,13.482427597045898,4.493824005126953,80.25596618652344,-75.7288818359375,-84.60372161865234,39.99073028564453,13.482427597045898,4.493824005126953,80.25596618652344,-75.7288818359375,-84.60372161865234,39.99073028564453,41.0958904109589
23.210,0,13.336419105529785,4.844306945800781,80.04017639160156,-75.96714782714844,-84.6318588256836,40.013675689697266,13.336419105529785,4.844306945800781,80.04017639160156,-75.96714782714844,-84.6318588256836,40.013675689697266,40.834964122635355
23.244,0,13.194328308105469,5.227418899536133,79.83943939208984,-76.22265625,-84.65933227539062,40.12724304199219,13.194328308105469,5.227418899536133,79.83943939208984,-76.22265625,-84.65933227539062,40.12724304199219,40.5740378343118
23.279,0,13.50692081451416,4.850614547729492,79.90835571289062,-75.84028625488281,-84.62332916259766,39.968631744384766,13.50692081451416,4.850614547729492,79.90835571289062,-75.84028625488281,-84.62332916259766,39.968631744384766,40.37834311806915
23.311,0,13.512772560119629,4.342437744140625,80.1944580078125,-75.50768280029297,-84.56903839111328,39.766807556152344,13.512772560119629,4.342437744140625,80.1944580078125,-75.50768280029297,-84.56903839111328,39.766807556152344,40.37834311806915
23.349,0,13.470592498779297,3.786365509033203,80.3666763305664,-74.9696044921875,-84.50495910644531,39.411468505859375,13.470592498779297,3.786365509033203,80.3666763305664,-74.9696044921875,-84.50495910644531,39.411468505859375,40.37834311806915
23.379,0,13.30965518951416,4.030511856079102,80.22579956054688,-75.13191223144531,-84.54057312011719,39.46110916137695,13.30965518951416,4.030511856079102,80.22579956054688,-75.13191223144531,-84.54057312011719,39.46110916137695,40.31311154598826
23.413,0,13.497352600097656,3.6755828857421875,80.41302490234375,-74.98075866699219,-84.49264526367188,39.323692321777344,13.497352600097656,3.6755828857421875,80.41302490234375,-74.98075866699219,-84.49264526367188,39.323692321777344,40.05218525766471
23.444,0,13.687731742858887,3.191823959350586,80.73713684082031,-74.777587890625,-84.41755676269531,39.152427673339844,13.687731742858887,3.191823959350586,80.73713684082031,-74.777587890625,-84.41755676269531,39.152427673339844,39.79125896934116
23.479,0,13.528312683105469,3.540618896484375,80.5243148803711,-75.01087188720703,-84.4712142944336,39.200927734375,13.528312683105469,3.540618896484375,80.5243148803711,-75.01087188720703,-84.4712142944336,39.200927734375,39.660795825179385
23.513,0,13.821550369262695,3.4600372314453125,80.55976867675781,-74.94325256347656,-84.42391967773438,39.04119110107422,13.821550369262695,3.4600372314453125,80.55976867675781,-74.94325256347656,-84.42391967773438,39.04119110107422,39.53033268101761
23.546,0,14.139579772949219,3.077363967895508,80.67560577392578,-74.65264892578125,-84.40846252441406,38.918251037597656,14.139579772949219,3.077363967895508,80.67560577392578,-74.65264892578125,-84.40846252441406,38.918251037597656,39.46510110893672
23.580,0,14.229002952575684,2.3909549713134766,81.00228881835938,-74.16608428955078,-84.35042572021484,38.63273620605469,14.229002952575684,2.3909549713134766,81.00228881835938,-74.16608428955078,-84.35042572021484,38.63273620605469,39.39986953685584
23.612,0,14.386772155761719,2.0691165924072266,81.21370697021484,-74.0269775390625,-84.27286529541016,38.43292999267578,14.386772155761719,2.0691165924072266,81.21370697021484,-74.0269775390625,-84.27286529541016,38.43292999267578,39.204174820613176
23.646,0,14.508349418640137,1.7575359344482422,81.4536361694336,-73.88333129882812,-84.19986724853516,38.242591857910156,14.508349418640137,1.7575359344482422,81.4536361694336,-73.88333129882812,-84.19986724853516,38.242591857910156,39.138943248532286
23.680,0,14.651371955871582,1.7711353302001953,81.58702850341797,-74.04649353027344,-84.15990447998047,38.20199203491211,14.651371955871582,1.7711353302001953,81.58702850341797,-74.04649353027344,-84.15990447998047,38.20199203491211,38.87801696020874
23.713,0,14.784613609313965,0.7596569061279297,82.08216857910156,-73.45079040527344,-84.09944915771484,37.839744567871094,14.784613609313965,0.7596569061279297,82.08216857910156,-73.45079040527344,-84.09944915771484,37.839744567871094,38.68232224396608
23.746,0,14.909072875976562,0.5859622955322266,82.28720092773438,-73.4496841430664,-84.01771545410156,37.73517608642578,14.909072875976562,0.5859622955322266,82.28720092773438,-73.4496841430664,-84.01771545410156,37.73517608642578,38.551859099804304
23.779,0,14.916569709777832,-0.1581430435180664,82.45135498046875,-72.7987060546875,-84.0501937866211,37.515167236328125,14.916569709777832,-0.1581430435180664,82.45135498046875,-72.7987060546875,-84.0501937866211,37.515167236328125,38.35616438356164
23.813,0,15.039814949035645,-0.37737083435058594,82.67790222167969,-72.83132934570312,-84.03339385986328,37.49256896972656,15.039814949035645,-0.37737083435058594,82.67790222167969,-72.83132934570312,-84.03339385986328,37.49256896972656,38.16046966731898
23.846,0,15.151237487792969,-1.3882007598876953,83.12583923339844,-72.19034576416016,-83.97541046142578,37.16064453125,15.151237487792969,-1.3882007598876953,83.12583923339844,-72.19034576416016,-83.97541046142578,37.16064453125,37.96477495107632
23.880,0,15.303850173950195,-1.764662742614746,83.39312744140625,-72.0533447265625,-83.8973617553711,36.996334075927734,15.303850173950195,-1.764662742614746,83.39312744140625,-72.0533447265625,-83.8973617553711,36.996334075927734,37.76908023483366
23.913,0,15.332036972045898,-2.5155324935913086,83.56306457519531,-71.33810424804688,-83.928466796875,36.77033233642578,15.332036972045898,-2.5155324935913086,83.56306457519531,-71.33810424804688,-83.928466796875,36.77033233642578,37.638617090671886
23.946,0,15.31212043762207,-1.7302160263061523,83.46150207519531,-72.16632843017578,-83.9091796875,36.93064498901367,15.31212043762207,-1.7302160263061523,83.46150207519531,-72.16632843017578,-83.9091796875,36.93064498901367,37.37769080234833
23.980,0,15.42238712310791,-2.5859880447387695,83.82415771484375,-71.63377380371094,-83.8561019897461,36.69499206542969,15.42238712310791,-2.5859880447387695,83.82415771484375,-71.63377380371094,-83.8561019897461,36.69499206542969,37.24722765818656
24.014,0,15.565431594848633,-2.810657501220703,84.0576171875,-71.6026611328125,-83.78722381591797,36.617103576660156,15.565431594848633,-2.810657501220703,84.0576171875,-71.6026611328125,-83.78722381591797,36.617103576660156,37.11676451402479
24.046,0,15.575636863708496,-3.36956787109375,84.1751708984375,-71.05259704589844,-83.82515716552734,36.46636199951172,15.575636863708496,-3.36956787109375,84.1751708984375,-71.05259704589844,-83.82515716552734,36.46636199951172,37.11676451402479
24.080,0,15.572574615478516,-2.432117462158203,84.12178039550781,-72.07283020019531,-83.78548431396484,36.643856048583984,15.572574615478516,-2.432117462158203,84.12178039550781,-72.07283020019531,-83.78548431396484,36.643856048583984,36.921069797782124
24.114,0,15.830495834350586,-2.5883665084838867,84.23394012451172,-72.12226867675781,-83.76066589355469,36.66973876953125,15.830495834350586,-2.5883665084838867,84.23394012451172,-72.12226867675781,-83.76066589355469,36.66973876953125,36.855838225701234
24.151,0,15.898344039916992,-2.863527297973633,84.48625946044922,-72.10247039794922,-83.71514129638672,36.68445587158203,15.898344039916992,-2.863527297973633,84.48625946044922,-72.10247039794922,-83.71514129638672,36.68445587158203,36.79060665362035
24.182,0,15.942065238952637,-3.3231964111328125,84.58866882324219,-71.62382507324219,-83.739990234375,36.591773986816406,15.942065238952637,-3.3231964111328125,84.58866882324219,-71.62382507324219,-83.739990234375,36.591773986816406,36.79060665362035
24.215,0,16.009212493896484,-4.38763427734375,84.9837646484375,-70.78643035888672,-83.75338745117188,36.325714111328125,16.009212493896484,-4.38763427734375,84.9837646484375,-70.78643035888672,-83.75338745117188,36.325714111328125,36.79060665362035
24.247,0,16.13924789428711,-5.188148498535156,85.22801971435547,-70.19526672363281,-83.73818969726562,36.21598434448242,16.13924789428711,-5.188148498535156,85.22801971435547,-70.19526672363281,-83.73818969726562,36.21598434448242,36.79060665362035
24.280,0,16.30191421508789,-5.957597732543945,85.49718475341797,-69.64671325683594,-83.7247314453125,36.14137268066406,16.30191421508789,-5.957597732543945,85.49718475341797,-69.64671325683594,-83.7247314453125,36.14137268066406,36.72537508153946
24.315,0,16.29449462890625,-5.667715072631836,85.38726043701172,-69.84658813476562,-83.75183868408203,36.14765167236328,16.29449462890625,-5.667715072631836,85.38726043701172,-69.84658813476562,-83.75183868408203,36.14765167236328,36.5296803652968
24.350,0,16.367950439453125,-6.207727432250977,85.49111938476562,-69.23136901855469,-83.78660583496094,36.09840774536133,16.367950439453125,-6.207727432250977,85.49111938476562,-69.23136901855469,-83.78660583496094,36.09840774536133,36.5296803652968
24.382,0,16.436050415039062,-6.539902687072754,85.57991027832031,-68.98870086669922,-83.85172271728516,35.968379974365234,16.436050415039062,-6.539902687072754,85.57991027832031,-68.98870086669922,-83.85172271728516,35.968379974365234,36.5296803652968
24.415,0,16.560178756713867,-7.154788017272949,85.82401275634766,-68.5684814453125,-83.84063720703125,35.97128677368164,16.560178756713867,-7.154788017272949,85.82401275634766,-68.5684814453125,-83.84063720703125,35.97128677368164,36.5296803652968
24.447,0,16.494808197021484,-6.936352729797363,85.80011749267578,-68.75886535644531,-83.87359619140625,36.01492691040039,16.494808197021484,-6.936352729797363,85.80011749267578,-68.75886535644531,-83.87359619140625,36.01492691040039,36.5296803652968
24.481,0,16.593795776367188,-8.270771980285645,86.362060546875,-67.65571594238281,-83.81539154052734,35.606239318847656,16.593795776367188,-8.270771980285645,86.362060546875,-67.65571594238281,-83.81539154052734,35.606239318847656,36.33398564905414
24.519,0,16.698196411132812,-8.590507507324219,86.51085662841797,-67.4557113647461,-83.86869049072266,35.46044921875,16.698196411132812,-8.590507507324219,86.51085662841797,-67.4557113647461,-83.86869049072266,35.46044921875,36.26875407697325
24.547,0,16.900577545166016,-9.49209213256836,86.7677001953125,-66.79423522949219,-83.86181640625,35.360862731933594,16.900577545166016,-9.49209213256836,86.7677001953125,-66.79423522949219,-83.86181640625,35.360862731933594,36.20352250489237
24.589,0,16.927249908447266,-9.62385368347168,86.778076171875,-66.61066436767578,-83.8996810913086,35.32893371582031,16.927249908447266,-9.62385368347168,86.778076171875,-66.61066436767578,-83.8996810913086,35.32893371582031,35.87736464448793
24.618,0,17.14080238342285,-10.922607421875,87.22575378417969,-65.48870849609375,-83.85469055175781,34.90907287597656,17.14080238342285,-10.922607421875,87.22575378417969,-65.48870849609375,-83.85469055175781,34.90907287597656,35.74690150032615
24.657,0,17.245092391967773,-11.14057731628418,87.28788757324219,-65.30421447753906,-83.9285659790039,34.75985336303711,17.245092391967773,-11.14057731628418,87.28788757324219,-65.30421447753906,-83.9285659790039,34.75985336303711,35.74690150032615
24.685,0,17.266338348388672,-12.223297119140625,87.70199584960938,-64.35710144042969,-83.87578582763672,34.514671325683594,17.266338348388672,-12.223297119140625,87.70199584960938,-64.35710144042969,-83.87578582763672,34.514671325683594,35.68166992824527
24.717,0,17.290706634521484,-12.49914264678955,87.8446273803711,-64.22493743896484,-83.85106658935547,34.45615768432617,17.290706634521484,-12.49914264678955,87.8446273803711,-64.22493743896484,-83.85106658935547,34.45615768432617,35.290280495759944
24.756,0,17.298460006713867,-12.132993698120117,87.87220001220703,-64.55430603027344,-83.85865783691406,34.38933181762695,17.298460006713867,-12.132993698120117,87.87220001220703,-64.55430603027344,-83.85865783691406,34.38933181762695,35.0293542074364
24.783,0,17.417863845825195,-12.599737167358398,87.94667053222656,-64.11222839355469,-83.89218139648438,34.379581451416016,17.417863845825195,-12.599737167358398,87.94667053222656,-64.11222839355469,-83.89218139648438,34.379581451416016,34.898891063274625
24.818,0,17.452877044677734,-13.70688247680664,88.42451477050781,-63.211090087890625,-83.84617614746094,34.0831413269043,17.452877044677734,-13.70688247680664,88.42451477050781,-63.211090087890625,-83.84617614746094,34.0831413269043,34.768427919112845
24.851,0,17.374004364013672,-12.990546226501465,88.40257263183594,-64.03815460205078,-83.81867980957031,34.340599060058594,17.374004364013672,-12.990546226501465,88.40257263183594,-64.03815460205078,-83.81867980957031,34.340599060058594,34.63796477495107
24.883,0,17.314193725585938,-12.410187721252441,88.42633056640625,-64.82118225097656,-83.78459930419922,34.55083465576172,17.314193725585938,-12.410187721252441,88.42633056640625,-64.82118225097656,-83.78459930419922,34.55083465576172,34.63796477495107
24.918,0,17.449462890625,-12.82713508605957,88.42974090576172,-64.37991333007812,-83.82335662841797,34.560157775878906,17.449462890625,-12.82713508605957,88.42974090576172,-64.37991333007812,-83.82335662841797,34.560157775878906,34.5075016307893
24.951,0,17.504587173461914,-14.042560577392578,88.9085464477539,-63.36372375488281,-83.80059814453125,34.302955627441406,17.504587173461914,-14.042560577392578,88.9085464477539,-63.36372375488281,-83.80059814453125,34.302955627441406,34.5075016307893
24.995,0,17.533594131469727,-15.115372657775879,89.28766632080078,-62.31507873535156,-83.75408172607422,34.00170135498047,17.533594131469727,-15.115372657775879,89.28766632080078,-62.31507873535156,-83.75408172607422,34.00170135498047,34.5075016307893
25.023,0,17.445022583007812,-15.471906661987305,89.31723022460938,-61.99908447265625,-83.76683044433594,34.09482192993164,17.445022583007812,-15.471906661987305,89.31723022460938,-61.99908447265625,-83.76683044433594,34.09482192993164,34.44227005870842
25.059,0,17.578670501708984,-15.923064231872559,89.29000854492188,-61.48268127441406,-83.78860473632812,34.11737060546875,17.578670501708984,-15.923064231872559,89.29000854492188,-61.48268127441406,-83.78860473632812,34.11737060546875,34.44227005870842
25.093,0,17.730791091918945,-16.45026206970215,89.30541229248047,-60.94744873046875,-83.85813903808594,34.14030456542969,17.730791091918945,-16.45026206970215,89.30541229248047,-60.94744873046875,-83.85813903808594,34.14030456542969,34.31180691454664
25.121,0,17.746822357177734,-17.500385284423828,89.70262908935547,-59.946533203125,-83.81369018554688,33.84994125366211,17.746822357177734,-17.500385284423828,89.70262908935547,-59.946533203125,-83.81369018554688,33.84994125366211,34.31180691454664
25.155,0,17.753610610961914,-16.709760665893555,89.66002655029297,-60.824378967285156,-83.70648193359375,33.985164642333984,17.753610610961914,-16.709760665893555,89.66002655029297,-60.824378967285156,-83.70648193359375,33.985164642333984,34.31180691454664
25.195,0,17.74835968017578,-15.796059608459473,89.55432891845703,-61.71868133544922,-83.60477447509766,34.185813903808594,17.74835968017578,-15.796059608459473,89.55432891845703,-61.71868133544922,-83.60477447509766,34.185813903808594,34.24657534246575
25.221,0,17.90363883972168,-16.34143829345703,89.63639831542969,-61.10594940185547,-83.63516998291016,34.05561447143555,17.90363883972168,-16.34143829345703,89.63639831542969,-61.10594940185547,-83.63516998291016,34.05561447143555,34.11611219830398
25.258,0,17.995437622070312,-16.360958099365234,89.57430267333984,-61.02240753173828,-83.6511459350586,34.27853012084961,17.995437622070312,-16.360958099365234,89.57430267333984,-61.02240753173828,-83.6511459350586,34.27853012084961,34.11611219830398
25.290,0,18.05162811279297,-16.390846252441406,89.44892883300781,-60.88849639892578,-83.67362213134766,34.551513671875,18.05162811279297,-16.390846252441406,89.44892883300781,-60.88849639892578,-83.67362213134766,34.551513671875,34.11611219830398
25.326,0,18.151840209960938,-16.68791389465332,89.37889862060547,-60.438499450683594,-83.73320770263672,34.55476379394531,18.151840209960938,-16.68791389465332,89.37889862060547,-60.438499450683594,-83.73320770263672,34.55476379394531,34.11611219830398
25.356,0,18.26947021484375,-16.872831344604492,89.326904296875,-60.100791931152344,-83.74772644042969,34.51222610473633,18.26947021484375,-16.872831344604492,89.326904296875,-60.100791931152344,-83.74772644042969,34.51222610473633,34.11611219830398
25.390,0,18.395572662353516,-17.092105865478516,89.29072570800781,-59.720664978027344,-83.76585388183594,34.463356018066406,18.395572662353516,-17.092105865478516,89.29072570800781,-59.720664978027344,-83.76585388183594,34.463356018066406,34.11611219830398
25.429,0,18.52402687072754,-17.92188835144043,89.49437713623047,-58.91962432861328,-83.83060455322266,34.17149353027344,18.52402687072754,-17.92188835144043,89.49437713623047,-58.91962432861328,-83.83060455322266,34.17149353027344,34.11611219830398
25.456,0,18.742584228515625,-18.079450607299805,89.43759155273438,-58.6846923828125,-83.90543365478516,34.17427444458008,18.742584228515625,-18.079450607299805,89.43759155273438,-58.6846923828125,-83.90543365478516,34.17427444458008,34.11611219830398
25.524,0,18.930377960205078,-18.185455322265625,89.32642364501953,-58.4556770324707,-83.97443389892578,34.207889556884766,18.930377960205078,-18.185455322265625,89.32642364501953,-58.4556770324707,-83.97443389892578,34.207889556884766,34.11611219830398
25.551,0,18.93437957763672,-18.66217041015625,89.28543853759766,-57.94640350341797,-84.00784301757812,34.31427764892578,18.93437957763672,-18.66217041015625,89.28543853759766,-57.94640350341797,-84.00784301757812,34.31427764892578,34.05088062622309
25.584,0,19.07776641845703,-19.484073638916016,89.46976470947266,-57.143211364746094,-84.0861587524414,34.034908294677734,19.07776641845703,-19.484073638916016,89.46976470947266,-57.143211364746094,-84.0861587524414,34.034908294677734,34.11611219830398
25.617,0,19.181997299194336,-19.533397674560547,89.4012451171875,-57.04234313964844,-84.14582824707031,33.99757385253906,19.181997299194336,-19.533397674560547,89.4012451171875,-57.04234313964844,-84.14582824707031,33.99757385253906,34.11611219830398
25.651,0,19.073646545410156,-18.965456008911133,89.21480560302734,-57.5042724609375,-84.19251251220703,34.020851135253906,19.073646545410156,-18.965456008911133,89.21480560302734,-57.5042724609375,-84.19251251220703,34.020851135253906,33.9856490541422
25.684,0,19.107492446899414,-19.48131561279297,89.26904296875,-56.96891784667969,-84.20572662353516,33.93672561645508,19.107492446899414,-19.48131561279297,89.26904296875,-56.96891784667969,-84.20572662353516,33.93672561645508,33.9856490541422
25.728,0,19.210437774658203,-19.768959045410156,89.13629150390625,-56.49748992919922,-84.33623504638672,33.700626373291016,19.210437774658203,-19.768959045410156,89.13629150390625,-56.49748992919922,-84.33623504638672,33.700626373291016,33.9856490541422
25.787,0,19.289623260498047,-20.017898559570312,89.03783416748047,-56.12507629394531,-84.40507507324219,33.65789031982422,19.289623260498047,-20.017898559570312,89.03783416748047,-56.12507629394531,-84.40507507324219,33.65789031982422,33.9856490541422
25.814,0,19.18377685546875,-19.389217376708984,88.78961181640625,-56.6171989440918,-84.47553253173828,33.69443130493164,19.18377685546875,-19.389217376708984,88.78961181640625,-56.6171989440918,-84.47553253173828,33.69443130493164,33.9856490541422
25.847,0,19.191303253173828,-19.455190658569336,88.62987518310547,-56.47864532470703,-84.5389633178711,33.742469787597656,19.191303253173828,-19.455190658569336,88.62987518310547,-56.47864532470703,-84.5389633178711,33.742469787597656,33.9856490541422
25.880,0,19.173824310302734,-18.46593475341797,88.38024139404297,-57.44511032104492,-84.55538940429688,33.870094299316406,19.173824310302734,-18.46593475341797,88.38024139404297,-57.44511032104492,-84.55538940429688,33.870094299316406,33.9856490541422
25.913,0,19.350229263305664,-18.44837188720703,88.25306701660156,-57.386653900146484,-84.68144226074219,33.898441314697266,19.350229263305664,-18.44837188720703,88.25306701660156,-57.386653900146484,-84.68144226074219,33.898441314697266,33.9856490541422
25.947,0,19.22510528564453,-17.81366539001465,88.02262878417969,-57.917335510253906,-84.76141357421875,34.02841567993164,19.22510528564453,-17.81366539001465,88.02262878417969,-57.917335510253906,-84.76141357421875,34.02841567993164,33.9856490541422
25.981,0,19.20717430114746,-17.394847869873047,87.82962799072266,-58.25758361816406,-84.79633331298828,34.3049430847168,19.20717430114746,-17.394847869873047,87.82962799072266,-58.25758361816406,-84.79633331298828,34.3049430847168,33.9856490541422
26.014,0,19.146530151367188,-16.68204116821289,87.64422607421875,-58.98045349121094,-84.83515930175781,34.3869514465332,19.146530151367188,-16.68204116821289,87.64422607421875,-58.98045349121094,-84.83515930175781,34.3869514465332,33.9856490541422
26.049,0,19.25592803955078,-17.3090877532959,87.77625274658203,-58.355751037597656,-84.90904998779297,34.25920867919922,19.25592803955078,-17.3090877532959,87.77625274658203,-58.355751037597656,-84.90904998779297,34.25920867919922,33.9856490541422
26.087,0,19.24333381652832,-16.366390228271484,87.5461654663086,-59.30910873413086,-84.87925720214844,34.55292510986328,19.24333381652832,-16.366390228271484,87.5461654663086,-59.30910873413086,-84.87925720214844,34.55292510986328,33.9856490541422
26.113,0,19.300029754638672,-16.901491165161133,87.67454528808594,-58.789703369140625,-84.91150665283203,34.48124694824219,19.300029754638672,-16.901491165161133,87.67454528808594,-58.789703369140625,-84.91150665283203,34.48124694824219,33.9856490541422
26.147,0,19.32235336303711,-16.152584075927734,87.44303894042969,-59.51628875732422,-84.96061706542969,34.507164001464844,19.32235336303711,-16.152584075927734,87.44303894042969,-59.51628875732422,-84.96061706542969,34.507164001464844,33.9856490541422
26.181,0,19.47816276550293,-17.2149658203125,87.76051330566406,-58.53314971923828,-84.9576644897461,34.36195373535156,19.47816276550293,-17.2149658203125,87.76051330566406,-58.53314971923828,-84.9576644897461,34.36195373535156,33.9856490541422
26.215,0,19.572921752929688,-16.178781509399414,87.53546142578125,-59.587730407714844,-84.93205261230469,34.76907730102539,19.572921752929688,-16.178781509399414,87.53546142578125,-59.587730407714844,-84.93205261230469,34.76907730102539,33.9856490541422
26.248,0,19.388790130615234,-15.351968765258789,87.3752670288086,-60.40559387207031,-84.88733673095703,34.950504302978516,19.388790130615234,-15.351968765258789,87.3752670288086,-60.40559387207031,-84.88733673095703,34.950504302978516,34.05088062622309
26.282,0,19.516162872314453,-14.882359504699707,87.19288635253906,-60.75080108642578,-84.96954345703125,35.0755615234375,19.516162872314453,-14.882359504699707,87.19288635253906,-60.75080108642578,-84.96954345703125,35.0755615234375,34.11611219830398
26.317,0,19.70098114013672,-15.248539924621582,87.15840148925781,-60.30586242675781,-85.05142211914062,35.11610412597656,19.70098114013672,-15.248539924621582,87.15840148925781,-60.30586242675781,-85.05142211914062,35.11610412597656,34.37703848662753
26.349,0,19.66278648376465,-14.3773193359375,86.90904235839844,-61.16150665283203,-85.0273208618164,35.426353454589844,19.66278648376465,-14.3773193359375,86.90904235839844,-61.16150665283203,-85.0273208618164,35.426353454589844,34.57273320287019
26.383,0,19.654327392578125,-15.199797630310059,87.37667846679688,-60.489784240722656,-84.9217529296875,35.25376892089844,19.654327392578125,-15.199797630310059,87.37667846679688,-60.489784240722656,-84.9217529296875,35.25376892089844,34.70319634703196
26.416,0,19.82956314086914,-14.903366088867188,87.23800659179688,-60.7099609375,-84.99555969238281,35.39288330078125,19.82956314086914,-14.903366088867188,87.23800659179688,-60.7099609375,-84.99555969238281,35.39288330078125,34.833659491193735
26.450,0,20.06524085998535,-16.254032135009766,87.72430419921875,-59.42906188964844,-84.91246032714844,35.1767463684082,20.06524085998535,-16.254032135009766,87.72430419921875,-59.42906188964844,-84.91246032714844,35.1767463684082,34.898891063274625
26.483,0,19.970701217651367,-15.188512802124023,87.46632385253906,-60.424964904785156,-84.8875503540039,35.629215240478516,19.970701217651367,-15.188512802124023,87.46632385253906,-60.424964904785156,-84.8875503540039,35.629215240478516,34.898891063274625
26.516,0,19.715476989746094,-13.938923835754395,87.20413208007812,-61.54180145263672,-84.8492660522461,36.002532958984375,19.715476989746094,-13.938923835754395,87.20413208007812,-61.54180145263672,-84.8492660522461,36.002532958984375,34.898891063274625
26.552,0,19.864898681640625,-13.521248817443848,87.07579040527344,-61.84293746948242,-84.90701293945312,36.13043975830078,19.864898681640625,-13.521248817443848,87.07579040527344,-61.84293746948242,-84.90701293945312,36.13043975830078,34.898891063274625
26.586,0,20.08684539794922,-14.861241340637207,87.48772430419922,-60.476593017578125,-84.83280181884766,35.93734359741211,20.08684539794922,-14.861241340637207,87.48772430419922,-60.476593017578125,-84.83280181884766,35.93734359741211,35.22504892367906
26.623,0,20.015823364257812,-14.005169868469238,87.26959991455078,-61.30782699584961,-84.78623962402344,36.297088623046875,20.015823364257812,-14.005169868469238,87.26959991455078,-61.30782699584961,-84.78623962402344,36.297088623046875,35.48597521200261
26.649,0,19.93646812438965,-12.82859992980957,87.03300476074219,-62.38947296142578,-84.73541259765625,36.59950637817383,19.93646812438965,-12.82859992980957,87.03300476074219,-62.38947296142578,-84.73541259765625,36.59950637817383,35.5512067840835
26.693,0,20.037921905517578,-12.237964630126953,86.75332641601562,-62.6927490234375,-84.78215026855469,36.76820373535156,20.037921905517578,-12.237964630126953,86.75332641601562,-62.6927490234375,-84.78215026855469,36.76820373535156,35.61643835616438
26.723,0,20.230918884277344,-13.633066177368164,87.19274139404297,-61.347957611083984,-84.6994857788086,36.52248764038086,20.230918884277344,-13.633066177368164,87.19274139404297,-61.347957611083984,-84.6994857788086,36.52248764038086,36.007827788649706
26.753,0,20.132184982299805,-12.749055862426758,86.93196105957031,-62.17289352416992,-84.70333099365234,36.94014358520508,20.132184982299805,-12.749055862426758,86.93196105957031,-62.17289352416992,-84.70333099365234,36.94014358520508,36.13829093281148
26.787,0,20.271671295166016,-12.637904167175293,86.89515686035156,-62.27854919433594,-84.66284942626953,36.98040008544922,20.271671295166016,-12.637904167175293,86.89515686035156,-62.27854919433594,-84.66284942626953,36.98040008544922,36.26875407697325
26.821,0,20.395301818847656,-12.393088340759277,86.73455810546875,-62.34263610839844,-84.69071960449219,37.08319091796875,20.395301818847656,-12.393088340759277,86.73455810546875,-62.34263610839844,-84.69071960449219,37.08319091796875,36.33398564905414
26.854,0,20.38949203491211,-12.65261173248291,86.59142303466797,-61.896759033203125,-84.80154418945312,37.04228973388672,20.38949203491211,-12.65261173248291,86.59142303466797,-61.896759033203125,-84.80154418945312,37.04228973388672,36.5296803652968
26.887,0,20.341678619384766,-12.619556427001953,86.67503356933594,-61.936763763427734,-84.80054473876953,37.03366470336914,20.341678619384766,-12.619556427001953,86.67503356933594,-61.936763763427734,-84.80054473876953,37.03366470336914,36.5296803652968
26.927,0,20.34583282470703,-12.572704315185547,86.51701354980469,-61.885196685791016,-84.8028335571289,37.16699981689453,20.34583282470703,-12.572704315185547,86.51701354980469,-61.885196685791016,-84.8028335571289,37.16699981689453,36.66014350945858
26.954,0,20.244766235351562,-11.392362594604492,86.27862548828125,-62.95146560668945,-84.73184967041016,37.56708526611328,20.244766235351562,-11.392362594604492,86.27862548828125,-62.95146560668945,-84.73184967041016,37.56708526611328,36.79060665362035
26.988,0,20.210811614990234,-11.45877456665039,86.10687255859375,-62.70204162597656,-84.83778381347656,37.52655792236328,20.210811614990234,-11.45877456665039,86.10687255859375,-62.70204162597656,-84.83778381347656,37.52655792236328,36.79060665362035
27.023,0,20.166831970214844,-11.249774932861328,86.11869812011719,-62.862606048583984,-84.86133575439453,37.59601593017578,20.166831970214844,-11.249774932861328,86.11869812011719,-62.862606048583984,-84.86133575439453,37.59601593017578,36.855838225701234
27.057,0,20.05596160888672,-10.898153305053711,85.93157196044922,-63.091468811035156,-84.84130096435547,37.7144775390625,20.05596160888672,-10.898153305053711,85.93157196044922,-63.091468811035156,-84.84130096435547,37.7144775390625,37.0515329419439
27.090,0,19.985797882080078,-9.653264999389648,85.65165710449219,-64.13542175292969,-84.76573181152344,38.10358428955078,19.985797882080078,-9.653264999389648,85.65165710449219,-64.13542175292969,-84.76573181152344,38.10358428955078,37.18199608610567
27.122,0,19.902141571044922,-9.50483226776123,85.43920135498047,-64.06168365478516,-84.87258911132812,38.14208221435547,19.902141571044922,-9.50483226776123,85.43920135498047,-64.06168365478516,-84.87258911132812,38.14208221435547,37.24722765818656
27.155,0,19.883140563964844,-9.641866683959961,85.55685424804688,-63.953704833984375,-84.89986419677734,38.145389556884766,19.883140563964844,-9.641866683959961,85.55685424804688,-63.953704833984375,-84.89986419677734,38.145389556884766,37.37769080234833
27.188,0,19.80576515197754,-9.314531326293945,85.4831314086914,-64.28936767578125,-84.8557357788086,38.23143005371094,19.80576515197754,-9.314531326293945,85.4831314086914,-64.28936767578125,-84.8557357788086,38.23143005371094,37.70384866275277
27.221,0,19.738374710083008,-8.50944709777832,85.2108154296875,-64.84992980957031,-84.8594970703125,38.39727020263672,19.738374710083008,-8.50944709777832,85.2108154296875,-64.84992980957031,-84.8594970703125,38.39727020263672,37.70384866275277
27.255,0,19.646669387817383,-8.347415924072266,85.05036163330078,-64.85139465332031,-84.96826171875,38.498226165771484,19.646669387817383,-8.347415924072266,85.05036163330078,-64.85139465332031,-84.96826171875,38.498226165771484,37.70384866275277
27.288,0,19.59410858154297,-8.548796653747559,85.16468811035156,-64.68759155273438,-84.99995422363281,38.43932342529297,19.59410858154297,-8.548796653747559,85.16468811035156,-64.68759155273438,-84.99995422363281,38.43932342529297,37.83431180691454
27.322,0,19.62938690185547,-8.313732147216797,85.05960845947266,-64.92695617675781,-84.99887084960938,38.60040283203125,19.62938690185547,-8.313732147216797,85.05960845947266,-64.92695617675781,-84.99887084960938,38.60040283203125,38.030006523157205
27.358,0,19.654640197753906,-8.083938598632812,85.01921081542969,-65.1181640625,-85.00631713867188,38.691253662109375,19.654640197753906,-8.083938598632812,85.01921081542969,-65.1181640625,-85.00631713867188,38.691253662109375,38.095238095238095
27.393,0,19.636821746826172,-7.8794074058532715,84.8833236694336,-65.2103271484375,-85.092529296875,38.864768981933594,19.636821746826172,-7.8794074058532715,84.8833236694336,-65.2103271484375,-85.092529296875,38.864768981933594,38.095238095238095
27.426,0,19.597333908081055,-8.082834243774414,84.9913101196289,-64.9981460571289,-85.11040496826172,38.79389953613281,19.597333908081055,-8.082834243774414,84.9913101196289,-64.9981460571289,-85.11040496826172,38.79389953613281,38.16046966731898
27.458,0,19.557483673095703,-7.722286224365234,84.95411682128906,-65.41676330566406,-85.02670288085938,38.966285705566406,19.557483673095703,-7.722286224365234,84.95411682128906,-65.41676330566406,-85.02670288085938,38.966285705566406,38.35616438356164
27.488,0,19.570560455322266,-7.477503776550293,84.83055114746094,-65.55108642578125,-85.06088256835938,39.067535400390625,19.570560455322266,-7.477503776550293,84.83055114746094,-65.55108642578125,-85.06088256835938,39.067535400390625,38.42139595564253
27.523,0,19.632991790771484,-7.387808799743652,84.78570556640625,-65.6965103149414,-85.1341323852539,39.18177032470703,19.632991790771484,-7.387808799743652,84.78570556640625,-65.6965103149414,-85.1341323852539,39.18177032470703,38.486627527723414
27.558,0,19.588571548461914,-7.12307071685791,84.71957397460938,-65.87822723388672,-85.14730834960938,39.17572021484375,19.588571548461914,-7.12307071685791,84.71957397460938,-65.87822723388672,-85.14730834960938,39.17572021484375,38.551859099804304
27.624,0,19.696884155273438,-6.549650192260742,84.5044174194336,-66.35265350341797,-85.09029388427734,39.261905670166016,19.696884155273438,-6.549650192260742,84.5044174194336,-66.35265350341797,-85.09029388427734,39.261905670166016,38.68232224396608
27.651,0,19.774551391601562,-6.053084373474121,84.26715087890625,-66.62178802490234,-85.1139907836914,39.38563537597656,19.774551391601562,-6.053084373474121,84.26715087890625,-66.62178802490234,-85.1139907836914,39.38563537597656,38.81278538812785
27.683,0,19.83808708190918,-5.745140075683594,84.16510009765625,-66.94731903076172,-85.2002182006836,39.55632781982422,19.83808708190918,-5.745140075683594,84.16510009765625,-66.94731903076172,-85.2002182006836,39.55632781982422,38.81278538812785
27.728,0,19.782703399658203,-5.542692184448242,84.11477661132812,-67.06011962890625,-85.23661041259766,39.52159881591797,19.782703399658203,-5.542692184448242,84.11477661132812,-67.06011962890625,-85.23661041259766,39.52159881591797,38.87801696020874
27.756,0,20.10124969482422,-5.033675193786621,83.9089584350586,-67.44632720947266,-85.16989135742188,39.68169021606445,20.10124969482422,-5.033675193786621,83.9089584350586,-67.44632720947266,-85.16989135742188,39.68169021606445,39.0737116764514
27.791,0,20.23220443725586,-4.675721168518066,83.7396240234375,-67.6746826171875,-85.18574523925781,39.76335906982422,20.23220443725586,-4.675721168518066,83.7396240234375,-67.6746826171875,-85.18574523925781,39.76335906982422,39.204174820613176
27.822,0,20.249502182006836,-4.242710113525391,83.54100799560547,-68.04981231689453,-85.27818298339844,39.925201416015625,20.249502182006836,-4.242710113525391,83.54100799560547,-68.04981231689453,-85.27818298339844,39.925201416015625,39.204174820613176
27.858,0,20.189353942871094,-4.265186309814453,83.62054443359375,-68.04765319824219,-85.28800964355469,39.82950210571289,20.189353942871094,-4.265186309814453,83.62054443359375,-68.04765319824219,-85.28800964355469,39.82950210571289,39.26940639269406
27.888,0,20.501022338867188,-3.6654815673828125,83.36483764648438,-68.49787139892578,-85.22016906738281,40.03904724121094,20.501022338867188,-3.6654815673828125,83.36483764648438,-68.49787139892578,-85.22016906738281,40.03904724121094,39.39986953685584
27.927,0,20.5670166015625,-3.4648218154907227,83.23362731933594,-68.59799194335938,-85.251708984375,40.064697265625,20.5670166015625,-3.4648218154907227,83.23362731933594,-68.59799194335938,-85.251708984375,40.064697265625,39.53033268101761
27.955,0,20.649093627929688,-3.2461423873901367,83.08027648925781,-68.81338500976562,-85.33355712890625,40.079315185546875,20.649093627929688,-3.2461423873901367,83.08027648925781,-68.81338500976562,-85.33355712890625,40.079315185546875,39.53033268101761
27.988,0,20.718055725097656,-3.831432342529297,83.44023132324219,-68.36103820800781,-85.25527954101562,40.01853942871094,20.718055725097656,-3.831432342529297,83.44023132324219,-68.36103820800781,-85.25527954101562,40.01853942871094,39.595564253098495
28.026,0,20.827136993408203,-3.4523963928222656,83.25277709960938,-68.65829467773438,-85.21723937988281,40.12165832519531,20.827136993408203,-3.4523963928222656,83.25277709960938,-68.65829467773438,-85.21723937988281,40.12165832519531,39.660795825179385
28.054,0,20.65426254272461,-2.7723522186279297,82.96896362304688,-69.2537612915039,-85.19737243652344,40.26238250732422,20.65426254272461,-2.7723522186279297,82.96896362304688,-69.2537612915039,-85.19737243652344,40.26238250732422,39.660795825179385
28.089,0,20.731964111328125,-2.4202232360839844,82.78539276123047,-69.58499145507812,-85.26383209228516,40.32362365722656,20.731964111328125,-2.4202232360839844,82.78539276123047,-69.58499145507812,-85.26383209228516,40.32362365722656,39.660795825179385
28.120,0,20.745018005371094,-3.080221176147461,83.16069030761719,-69.02201843261719,-85.18728637695312,40.295677185058594,20.745018005371094,-3.080221176147461,83.16069030761719,-69.02201843261719,-85.18728637695312,40.295677185058594,39.79125896934116
28.163,0,20.749053955078125,-2.980929374694824,83.1944351196289,-69.16771697998047,-85.20301818847656,40.25583267211914,20.749053955078125,-2.980929374694824,83.1944351196289,-69.16771697998047,-85.20301818847656,40.25583267211914,39.98695368558382
28.190,0,20.757057189941406,-2.8333377838134766,83.1365966796875,-69.27592468261719,-85.27144622802734,40.29414367675781,20.757057189941406,-2.8333377838134766,83.1365966796875,-69.27592468261719,-85.27144622802734,40.29414367675781,39.98695368558382
28.234,0,20.975345611572266,-3.1868581771850586,83.17337799072266,-68.92753601074219,-85.2706527709961,40.163177490234375,20.975345611572266,-3.1868581771850586,83.17337799072266,-68.92753601074219,-85.2706527709961,40.163177490234375,39.98695368558382
28.261,0,21.03900146484375,-3.328669548034668,83.2120590209961,-68.8207778930664,-85.25200653076172,40.19725036621094,21.03900146484375,-3.328669548034668,83.2120590209961,-68.8207778930664,-85.25200653076172,40.19725036621094,39.98695368558382
28.295,0,21.107471466064453,-3.652003288269043,83.46503448486328,-68.67399597167969,-85.2654037475586,40.02898406982422,21.107471466064453,-3.652003288269043,83.46503448486328,-68.67399597167969,-85.2654037475586,40.02898406982422,39.92172211350293
28.334,0,21.130542755126953,-3.5876665115356445,83.3792953491211,-68.6439208984375,-85.32506561279297,40.011192321777344,21.130542755126953,-3.5876665115356445,83.3792953491211,-68.6439208984375,-85.32506561279297,40.011192321777344,39.92172211350293
28.361,0,21.33521270751953,-3.893522262573242,83.43643188476562,-68.36274719238281,-85.32921600341797,39.9541015625,21.33521270751953,-3.893522262573242,83.43643188476562,-68.36274719238281,-85.32921600341797,39.9541015625,39.92172211350293
28.393,0,21.307273864746094,-3.8808937072753906,83.40912628173828,-68.36339569091797,-85.31216430664062,39.920284271240234,21.307273864746094,-3.8808937072753906,83.40912628173828,-68.36339569091797,-85.31216430664062,39.920284271240234,39.92172211350293
28.427,0,21.202560424804688,-3.1442604064941406,83.12380981445312,-69.03739166259766,-85.23214721679688,40.214637756347656,21.202560424804688,-3.1442604064941406,83.12380981445312,-69.03739166259766,-85.23214721679688,40.214637756347656,39.92172211350293
28.461,0,21.476551055908203,-3.1310110092163086,83.03540802001953,-68.99653625488281,-85.277587890625,40.24119186401367,21.476551055908203,-3.1310110092163086,83.03540802001953,-68.99653625488281,-85.277587890625,40.24119186401367,39.92172211350293
28.497,0,21.67593765258789,-3.4238109588623047,83.12640380859375,-68.74308776855469,-85.27367401123047,40.201847076416016,21.67593765258789,-3.4238109588623047,83.12640380859375,-68.74308776855469,-85.27367401123047,40.201847076416016,39.92172211350293
28.528,0,21.67672348022461,-3.5267333984375,83.21482849121094,-68.7164306640625,-85.26296997070312,40.114166259765625,21.67672348022461,-3.5267333984375,83.21482849121094,-68.7164306640625,-85.26296997070312,40.114166259765625,39.92172211350293
28.560,0,21.573974609375,-2.852468490600586,82.91079711914062,-69.27859497070312,-85.18497467041016,40.37214660644531,21.573974609375,-2.852468490600586,82.91079711914062,-69.27859497070312,-85.18497467041016,40.37214660644531,39.92172211350293
28.596,0,21.585391998291016,-2.734147071838379,82.83853912353516,-69.33374786376953,-85.23249816894531,40.324913024902344,21.585391998291016,-2.734147071838379,82.83853912353516,-69.33374786376953,-85.23249816894531,40.324913024902344,39.92172211350293
28.629,0,21.457294464111328,-2.5810747146606445,82.70592498779297,-69.41352844238281,-85.2875747680664,40.418731689453125,21.457294464111328,-2.5810747146606445,82.70592498779297,-69.41352844238281,-85.2875747680664,40.418731689453125,39.92172211350293
28.664,0,21.33026885986328,-2.312650680541992,82.72080993652344,-69.72332763671875,-85.28932189941406,40.48323059082031,21.33026885986328,-2.312650680541992,82.72080993652344,-69.72332763671875,-85.28932189941406,40.48323059082031,39.98695368558382
28.696,0,21.238941192626953,-1.7142572402954102,82.45011901855469,-70.22740936279297,-85.20897674560547,40.68513488769531,21.238941192626953,-1.7142572402954102,82.45011901855469,-70.22740936279297,-85.20897674560547,40.68513488769531,40.05218525766471
28.729,0,21.224414825439453,-1.5966873168945312,82.40704345703125,-70.28741455078125,-85.23970031738281,40.64109420776367,21.224414825439453,-1.5966873168945312,82.40704345703125,-70.28741455078125,-85.23970031738281,40.64109420776367,40.05218525766471
28.763,0,21.147212982177734,-2.0756168365478516,82.50664520263672,-69.82106018066406,-85.23896789550781,40.61033630371094,21.147212982177734,-2.0756168365478516,82.50664520263672,-69.82106018066406,-85.23896789550781,40.61033630371094,40.11741682974559
28.796,0,21.085811614990234,-1.6334829330444336,82.3696060180664,-70.23197937011719,-85.20471954345703,40.58453369140625,21.085811614990234,-1.6334829330444336,82.3696060180664,-70.23197937011719,-85.20471954345703,40.58453369140625,40.31311154598826
28.829,0,21.022987365722656,-0.9688453674316406,82.0863037109375,-70.82183837890625,-85.18196105957031,40.59939193725586,21.022987365722656,-0.9688453674316406,82.0863037109375,-70.82183837890625,-85.18196105957031,40.59939193725586,40.31311154598826
28.863,0,21.028160095214844,-0.8662633895874023,82.07196044921875,-70.94041442871094,-85.21949005126953,40.55141067504883,21.028160095214844,-0.8662633895874023,82.07196044921875,-70.94041442871094,-85.21949005126953,40.55141067504883,40.31311154598826
28.898,0,21.087562561035156,-1.282444953918457,82.14642333984375,-70.54083251953125,-85.24369049072266,40.44549560546875,21.087562561035156,-1.282444953918457,82.14642333984375,-70.54083251953125,-85.24369049072266,40.44549560546875,40.31311154598826
28.932,0,21.054336547851562,-1.2246274948120117,82.1935043334961,-70.56346130371094,-85.25203704833984,40.54541778564453,21.054336547851562,-1.2246274948120117,82.1935043334961,-70.56346130371094,-85.25203704833984,40.54541778564453,40.31311154598826
28.964,0,21.032398223876953,-0.6565561294555664,81.87022399902344,-70.96517944335938,-85.27811431884766,40.81139373779297,21.032398223876953,-0.6565561294555664,81.87022399902344,-70.96517944335938,-85.27811431884766,40.81139373779297,40.31311154598826
29.009,0,21.143665313720703,-1.0171289443969727,81.98057556152344,-70.6650390625,-85.3075942993164,40.68852996826172,21.143665313720703,-1.0171289443969727,81.98057556152344,-70.6650390625,-85.3075942993164,40.68852996826172,40.31311154598826
29.037,0,21.102954864501953,-1.016158103942871,82.00792694091797,-70.63941955566406,-85.31099700927734,40.71345520019531,21.102954864501953,-1.016158103942871,82.00792694091797,-70.63941955566406,-85.31099700927734,40.71345520019531,40.31311154598826
29.074,0,20.986862182617188,-1.1481027603149414,82.11451721191406,-70.58997344970703,-85.29138946533203,40.77068328857422,20.986862182617188,-1.1481027603149414,82.11451721191406,-70.58997344970703,-85.29138946533203,40.77068328857422,40.31311154598826
29.104,0,20.871135711669922,-0.9997043609619141,81.9818344116211,-70.64836120605469,-85.32323455810547,40.89971160888672,20.871135711669922,-0.9997043609619141,81.9818344116211,-70.64836120605469,-85.32323455810547,40.89971160888672,40.37834311806915
29.138,0,20.98025131225586,-1.3610029220581055,82.0522689819336,-70.27333068847656,-85.34342193603516,40.802642822265625,20.98025131225586,-1.3610029220581055,82.0522689819336,-70.27333068847656,-85.34342193603516,40.802642822265625,40.44357469015003
29.170,0,20.91553497314453,-1.4383697509765625,82.1235580444336,-70.22008514404297,-85.35931396484375,40.82988739013672,20.91553497314453,-1.4383697509765625,82.1235580444336,-70.22008514404297,-85.35931396484375,40.82988739013672,40.44357469015003
29.205,0,20.88473129272461,-1.378000259399414,81.95954132080078,-70.12859344482422,-85.40596771240234,40.886695861816406,20.88473129272461,-1.378000259399414,81.95954132080078,-70.12859344482422,-85.40596771240234,40.886695861816406,40.44357469015003
29.235,0,21.067546844482422,-2.0930871963500977,82.3904800415039,-69.65567016601562,-85.36399841308594,40.72772216796875,21.067546844482422,-2.0930871963500977,82.3904800415039,-69.65567016601562,-85.36399841308594,40.72772216796875,40.44357469015003
29.277,0,21.08625030517578,-2.1461076736450195,82.44123077392578,-69.61711883544922,-85.40403747558594,40.73841857910156,21.08625030517578,-2.1461076736450195,82.44123077392578,-69.61711883544922,-85.40403747558594,40.73841857910156,40.44357469015003
29.306,0,20.777305603027344,-1.4329605102539062,82.2591781616211,-70.3067855834961,-85.36571502685547,40.730857849121094,20.777305603027344,-1.4329605102539062,82.2591781616211,-70.3067855834961,-85.36571502685547,40.730857849121094,40.44357469015003
29.338,0,20.761798858642578,-1.5125617980957031,82.22967529296875,-70.15863037109375,-85.40708923339844,40.727237701416016,20.761798858642578,-1.5125617980957031,82.22967529296875,-70.15863037109375,-85.40708923339844,40.727237701416016,40.44357469015003
29.371,0,21.152881622314453,-2.3008718490600586,82.58887481689453,-69.54586029052734,-85.34857940673828,40.51911926269531,21.152881622314453,-2.3008718490600586,82.58887481689453,-69.54586029052734,-85.34857940673828,40.51911926269531,40.44357469015003
