t_s,episode,target.shoulder_pan.pos,target.shoulder_lift.pos,target.elbow_flex.pos,target.wrist_flex.pos,target.wrist_roll.pos,target.gripper.pos,sent.shoulder_pan.pos,sent.shoulder_lift.pos,sent.elbow_flex.pos,sent.wrist_flex.pos,sent.wrist_roll.pos,sent.gripper.pos,gripper_actual
0.208,0,-6.645543098449707,-99.76982116699219,92.32711791992188,67.13693237304688,-4.188079833984375,0.6483039855957031,-6.645543098449707,-99.76982116699219,92.32711791992188,67.13693237304688,-4.188079833984375,0.6483039855957031,1.1741682974559686
0.232,0,-6.843648910522461,-99.86822509765625,92.32023620605469,67.19819641113281,-4.474998474121094,0.5704708099365234,-6.843648910522461,-99.86822509765625,92.32023620605469,67.19819641113281,-4.474998474121094,0.5704708099365234,1.1741682974559686
0.266,0,-7.083403587341309,-100.023193359375,92.35892486572266,66.99044799804688,-4.658683776855469,0.5159683227539062,-7.083403587341309,-100.023193359375,92.35892486572266,66.99044799804688,-4.658683776855469,0.5159683227539062,1.1741682974559686
0.301,0,-7.342599868774414,-100.28309631347656,92.38069152832031,66.79996490478516,-5.5546112060546875,0.4244823455810547,-7.342599868774414,-100.28309631347656,92.38069152832031,66.79996490478516,-5.5546112060546875,0.4244823455810547,1.1741682974559686
0.330,0,-7.594274520874023,-100.28440856933594,92.29875946044922,67.02755737304688,-5.126091003417969,0.4266929626464844,-7.594274520874023,-100.28440856933594,92.29875946044922,67.02755737304688,-5.126091003417969,0.4266929626464844,1.1741682974559686
0.372,0,-7.712311744689941,-100.2934341430664,92.33377075195312,66.70254516601562,-5.462120056152344,0.4196033477783203,-7.712311744689941,-100.2934341430664,92.33377075195312,66.70254516601562,-5.462120056152344,0.4196033477783203,1.1741682974559686
0.403,0,-7.85105037689209,-100.262939453125,92.37699127197266,66.31305694580078,-5.707763671875,0.4410381317138672,-7.85105037689209,-100.262939453125,92.37699127197266,66.31305694580078,-5.707763671875,0.4410381317138672,1.1741682974559686
0.436,0,-7.920544624328613,-100.30673217773438,92.3979263305664,65.98494720458984,-6.615875244140625,0.4120197296142578,-7.920544624328613,-100.30673217773438,92.3979263305664,65.98494720458984,-6.615875244140625,0.4120197296142578,1.1741682974559686
0.470,0,-8.044574737548828,-100.30351257324219,92.44503784179688,65.5969467163086,-7.10479736328125,0.41674232482910156,-8.044574737548828,-100.30351257324219,92.44503784179688,65.5969467163086,-7.10479736328125,0.41674232482910156,1.1741682974559686
0.499,0,-8.132984161376953,-100.28341674804688,92.51013946533203,65.169677734375,-7.700416564941406,0.4210777282714844,-8.132984161376953,-100.28341674804688,92.51013946533203,65.169677734375,-7.700416564941406,0.4210777282714844,1.1741682974559686
0.538,0,-8.169047355651855,-100.26969909667969,92.60762786865234,64.56169128417969,-8.45367431640625,0.4291267395019531,-8.169047355651855,-100.26969909667969,92.60762786865234,64.56169128417969,-8.45367431640625,0.4291267395019531,1.1741682974559686
0.566,0,-8.296557426452637,-100.32422637939453,92.69969177246094,63.99327087402344,-9.353363037109375,0.40808677673339844,-8.296557426452637,-100.32422637939453,92.69969177246094,63.99327087402344,-9.353363037109375,0.40808677673339844,1.1741682974559686
0.599,0,-8.38772964477539,-100.31975555419922,92.76107788085938,63.579139709472656,-9.941802978515625,0.41168975830078125,-8.38772964477539,-100.31975555419922,92.76107788085938,63.579139709472656,-9.941802978515625,0.41168975830078125,1.1741682974559686
0.633,0,-8.48038101196289,-100.32711791992188,92.87601470947266,62.92903137207031,-10.797760009765625,0.40952491760253906,-8.48038101196289,-100.32711791992188,92.87601470947266,62.92903137207031,-10.797760009765625,0.40952491760253906,1.1741682974559686
0.670,0,-8.568785667419434,-100.31320190429688,93.01927947998047,62.15142822265625,-11.77996826171875,0.4055957794189453,-8.568785667419434,-100.31320190429688,93.01927947998047,62.15142822265625,-11.77996826171875,0.4055957794189453,1.1741682974559686
0.700,0,-8.773994445800781,-100.3560562133789,93.17100524902344,61.33655548095703,-13.014045715332031,0.3863868713378906,-8.773994445800781,-100.3560562133789,93.17100524902344,61.33655548095703,-13.014045715332031,0.3863868713378906,1.1741682974559686
0.735,0,-8.915943145751953,-100.37652587890625,93.26933288574219,60.775543212890625,-13.897125244140625,0.37558746337890625,-8.915943145751953,-100.37652587890625,93.26933288574219,60.775543212890625,-13.897125244140625,0.37558746337890625,1.1741682974559686
0.767,0,-9.078063011169434,-100.3796157836914,93.41547393798828,59.95208740234375,-15.177391052246094,0.36778831481933594,-9.078063011169434,-100.3796157836914,93.41547393798828,59.95208740234375,-15.177391052246094,0.36778831481933594,1.1741682974559686
0.802,0,-9.21927547454834,-100.38572692871094,93.56910705566406,59.150291442871094,-16.377418518066406,0.36016082763671875,-9.21927547454834,-100.38572692871094,93.56910705566406,59.150291442871094,-16.377418518066406,0.36016082763671875,1.1741682974559686
0.834,0,-9.425518989562988,-100.44750213623047,93.73825073242188,58.35162353515625,-17.83623504638672,0.34652137756347656,-9.425518989562988,-100.44750213623047,93.73825073242188,58.35162353515625,-17.83623504638672,0.34652137756347656,1.1741682974559686
0.868,0,-9.581816673278809,-100.47549438476562,93.877197265625,57.67310333251953,-18.988391876220703,0.33849143981933594,-9.581816673278809,-100.47549438476562,93.877197265625,57.67310333251953,-18.988391876220703,0.33849143981933594,1.1741682974559686
0.901,0,-9.762547492980957,-100.50016021728516,94.0255355834961,56.91792297363281,-20.27635955810547,0.33329010009765625,-9.762547492980957,-100.50016021728516,94.0255355834961,56.91792297363281,-20.27635955810547,0.33329010009765625,1.1741682974559686
0.942,0,-9.932497024536133,-100.52099609375,94.1668472290039,56.236167907714844,-21.500316619873047,0.3382377624511719,-9.932497024536133,-100.52099609375,94.1668472290039,56.236167907714844,-21.500316619873047,0.3382377624511719,1.1741682974559686
0.965,0,-10.14683723449707,-100.57308959960938,94.34789276123047,55.41492462158203,-23.05526351928711,0.3392601013183594,-10.14683723449707,-100.57308959960938,94.34789276123047,55.41492462158203,-23.05526351928711,0.3392601013183594,1.1741682974559686
1.000,0,-10.314292907714844,-100.6131820678711,94.47679138183594,54.80973815917969,-24.391613006591797,0.3373985290527344,-10.314292907714844,-100.6131820678711,94.47679138183594,54.80973815917969,-24.391613006591797,0.3373985290527344,1.1741682974559686
1.033,0,-10.505941390991211,-100.63817596435547,94.6249008178711,54.09111022949219,-25.718719482421875,0.34194183349609375,-10.505941390991211,-100.63817596435547,94.6249008178711,54.09111022949219,-25.718719482421875,0.34194183349609375,1.1741682974559686
1.069,0,-10.674840927124023,-100.6689682006836,94.75341796875,53.46014404296875,-27.152896881103516,0.36641502380371094,-10.674840927124023,-100.6689682006836,94.75341796875,53.46014404296875,-27.152896881103516,0.36641502380371094,1.1741682974559686
1.110,0,-10.854472160339355,-100.71186065673828,94.91233825683594,52.72766876220703,-28.711807250976562,0.3968791961669922,-10.854472160339355,-100.71186065673828,94.91233825683594,52.72766876220703,-28.711807250976562,0.3968791961669922,1.1741682974559686
1.133,0,-10.998128890991211,-100.73751831054688,95.0298080444336,52.21772766113281,-30.027389526367188,0.4541187286376953,-10.998128890991211,-100.73751831054688,95.0298080444336,52.21772766113281,-30.027389526367188,0.4541187286376953,1.1741682974559686
1.176,0,-11.140003204345703,-100.76807403564453,95.15817260742188,51.558868408203125,-31.499927520751953,0.5125465393066406,-11.140003204345703,-100.76807403564453,95.15817260742188,51.558868408203125,-31.499927520751953,0.5125465393066406,1.1741682974559686
1.201,0,-11.262064933776855,-100.80908203125,95.28459167480469,50.94776916503906,-33.07230758666992,0.6335544586181641,-11.262064933776855,-100.80908203125,95.28459167480469,50.94776916503906,-33.07230758666992,0.6335544586181641,1.1741682974559686
1.237,0,-11.406115531921387,-100.84405517578125,95.41754913330078,50.27117919921875,-34.81501770019531,0.8078861236572266,-11.406115531921387,-100.84405517578125,95.41754913330078,50.27117919921875,-34.81501770019531,0.8078861236572266,1.1741682974559686
1.270,0,-11.537567138671875,-100.88619232177734,95.52714538574219,49.76752471923828,-36.30459213256836,0.9582500457763672,-11.537567138671875,-100.88619232177734,95.52714538574219,49.76752471923828,-36.30459213256836,0.9582500457763672,1.1741682974559686
1.304,0,-11.64331340789795,-100.931396484375,95.64936065673828,49.13157653808594,-38.078834533691406,1.1771297454833984,-11.64331340789795,-100.931396484375,95.64936065673828,49.13157653808594,-38.078834533691406,1.1771297454833984,1.1741682974559686
1.339,0,-11.751669883728027,-100.97064208984375,95.76744079589844,48.573150634765625,-39.79949951171875,1.4749431610107422,-11.751669883728027,-100.97064208984375,95.76744079589844,48.573150634765625,-39.79949951171875,1.4749431610107422,1.1741682974559686
1.370,0,-11.85119342803955,-101.01960754394531,95.8856201171875,47.97137451171875,-41.64131546020508,1.8298912048339844,-11.85119342803955,-101.01960754394531,95.8856201171875,47.97137451171875,-41.64131546020508,1.8298912048339844,1.1741682974559686
1.406,0,-11.933028221130371,-101.05998229980469,95.99502563476562,47.43830871582031,-43.49986267089844,2.2867908477783203,-11.933028221130371,-101.05998229980469,95.99502563476562,47.43830871582031,-43.49986267089844,2.2867908477783203,1.1741682974559686
1.437,0,-11.995280265808105,-101.09294128417969,96.09527587890625,46.826637268066406,-45.4970703125,2.745840072631836,-11.995280265808105,-101.09294128417969,96.09527587890625,46.826637268066406,-45.4970703125,2.745840072631836,1.304631441617743
1.474,0,-12.010603904724121,-101.10640716552734,96.18601989746094,46.265037536621094,-47.467769622802734,3.3982410430908203,-12.010603904724121,-101.10640716552734,96.18601989746094,46.265037536621094,-47.467769622802734,3.3982410430908203,1.36986301369863
1.501,0,-12.076661109924316,-101.12388610839844,96.26388549804688,45.777565002441406,-49.32099151611328,3.9533519744873047,-12.076661109924316,-101.12388610839844,96.26388549804688,45.777565002441406,-49.32099151611328,3.9533519744873047,1.82648401826484
1.541,0,-12.086983680725098,-101.15676879882812,96.3331298828125,45.25257873535156,-51.242576599121094,4.652090072631836,-12.086983680725098,-101.15676879882812,96.3331298828125,45.25257873535156,-51.242576599121094,4.652090072631836,2.217873450750163
1.570,0,-12.058634757995605,-101.18345642089844,96.40682983398438,44.701622009277344,-53.24893569946289,5.387777328491211,-12.058634757995605,-101.18345642089844,96.40682983398438,44.701622009277344,-53.24893569946289,5.387777328491211,2.804957599478147
1.607,0,-12.04236125946045,-101.20674896240234,96.46707153320312,44.19780731201172,-55.16436004638672,6.118701934814453,-12.04236125946045,-101.20674896240234,96.46707153320312,44.19780731201172,-55.16436004638672,6.118701934814453,3.326810176125244
1.636,0,-11.971846580505371,-101.24014282226562,96.52153015136719,43.73286437988281,-56.910797119140625,6.898897171020508,-11.971846580505371,-101.24014282226562,96.52153015136719,43.73286437988281,-56.910797119140625,6.898897171020508,3.979125896934116
1.673,0,-11.85605525970459,-101.26473999023438,96.56532287597656,43.236297607421875,-58.66896438598633,7.697904586791992,-11.85605525970459,-101.26473999023438,96.56532287597656,43.236297607421875,-58.66896438598633,7.697904586791992,4.631441617742987
1.703,0,-11.722630500793457,-101.286865234375,96.61355590820312,42.681602478027344,-60.43661880493164,8.557731628417969,-11.722630500793457,-101.286865234375,96.61355590820312,42.681602478027344,-60.43661880493164,8.557731628417969,5.414220482713633
1.738,0,-11.563593864440918,-101.323974609375,96.6557388305664,42.13031005859375,-62.119354248046875,9.421887397766113,-11.563593864440918,-101.323974609375,96.6557388305664,42.13031005859375,-62.119354248046875,9.421887397766113,6.131767775603391
1.770,0,-11.439967155456543,-101.33030700683594,96.685546875,41.65380859375,-63.59077453613281,10.262504577636719,-11.439967155456543,-101.33030700683594,96.685546875,41.65380859375,-63.59077453613281,10.262504577636719,6.914546640574038
1.813,0,-11.261113166809082,-101.33938598632812,96.69390106201172,41.17229461669922,-64.98042297363281,11.128642082214355,-11.261113166809082,-101.33938598632812,96.69390106201172,41.17229461669922,-64.98042297363281,11.128642082214355,7.76255707762557
1.848,0,-11.0294771194458,-101.36548614501953,96.71612548828125,40.642356872558594,-66.343994140625,12.040193557739258,-11.0294771194458,-101.36548614501953,96.71612548828125,40.642356872558594,-66.343994140625,12.040193557739258,8.610567514677104
1.869,0,-10.830231666564941,-101.36097717285156,96.73197174072266,40.133209228515625,-67.63270568847656,12.978521347045898,-10.830231666564941,-101.36097717285156,96.73197174072266,40.133209228515625,-67.63270568847656,12.978521347045898,9.262883235485974
1.905,0,-10.613893508911133,-101.37589263916016,96.73174285888672,39.633827209472656,-68.80442810058594,13.908613204956055,-10.613893508911133,-101.37589263916016,96.73174285888672,39.633827209472656,-68.80442810058594,13.908613204956055,10.045662100456621
1.942,0,-10.388035774230957,-101.39930725097656,96.72079467773438,39.18708038330078,-69.86824035644531,14.891395568847656,-10.388035774230957,-101.39930725097656,96.72079467773438,39.18708038330078,-69.86824035644531,14.891395568847656,11.089367253750815
1.972,0,-10.153674125671387,-101.41038513183594,96.70138549804688,38.72633361816406,-70.89181518554688,15.873149871826172,-10.153674125671387,-101.41038513183594,96.70138549804688,38.72633361816406,-70.89181518554688,15.873149871826172,12.067840834964121
2.009,0,-9.944473266601562,-101.4189224243164,96.68333435058594,38.2557373046875,-71.90044403076172,16.93539047241211,-9.944473266601562,-101.4189224243164,96.68333435058594,38.2557373046875,-71.90044403076172,16.93539047241211,12.915851272015654
2.043,0,-9.680648803710938,-101.46463012695312,96.64550018310547,37.83135223388672,-72.77458953857422,18.028095245361328,-9.680648803710938,-101.46463012695312,96.64550018310547,37.83135223388672,-72.77458953857422,18.028095245361328,13.959556425309849
2.072,0,-9.473142623901367,-101.5009536743164,96.60771179199219,37.489173889160156,-73.58525085449219,19.110132217407227,-9.473142623901367,-101.5009536743164,96.60771179199219,37.489173889160156,-73.58525085449219,19.110132217407227,14.807566862361382
2.110,0,-9.21923542022705,-101.52958679199219,96.55207061767578,37.11243438720703,-74.34210968017578,20.177770614624023,-9.21923542022705,-101.52958679199219,96.55207061767578,37.11243438720703,-74.34210968017578,20.177770614624023,15.78604044357469
2.143,0,-8.964603424072266,-101.59352111816406,96.49394226074219,36.740081787109375,-75.12469482421875,21.36065673828125,-8.964603424072266,-101.59352111816406,96.49394226074219,36.740081787109375,-75.12469482421875,21.36065673828125,16.96020874103066
2.179,0,-8.719807624816895,-101.63445281982422,96.43680572509766,36.42958068847656,-75.7888412475586,22.44873046875,-8.719807624816895,-101.63445281982422,96.43680572509766,36.42958068847656,-75.7888412475586,22.44873046875,17.873450750163077
2.206,0,-8.4802827835083,-101.71858978271484,96.35234832763672,36.17362976074219,-76.40525817871094,23.552520751953125,-8.4802827835083,-101.71858978271484,96.35234832763672,36.17362976074219,-76.40525817871094,23.552520751953125,18.98238747553816
2.241,0,-8.231167793273926,-101.75899505615234,96.28573608398438,35.88585662841797,-76.99185180664062,24.600894927978516,-8.231167793273926,-101.75899505615234,96.28573608398438,35.88585662841797,-76.99185180664062,24.600894927978516,20.15655577299413
2.278,0,-7.980792999267578,-101.82659149169922,96.18973541259766,35.63008117675781,-77.55156707763672,25.616418838500977,-7.980792999267578,-101.82659149169922,96.18973541259766,35.63008117675781,-77.55156707763672,25.616418838500977,21.330724070450096
2.320,0,-7.723122596740723,-101.91729736328125,96.09149932861328,35.40061950683594,-78.05886840820312,26.635879516601562,-7.723122596740723,-101.91729736328125,96.09149932861328,35.40061950683594,-78.05886840820312,26.635879516601562,22.439660795825176
2.343,0,-7.495583534240723,-102.00580596923828,96.00069427490234,35.16236114501953,-78.52510833740234,27.583913803100586,-7.495583534240723,-102.00580596923828,96.00069427490234,35.16236114501953,-78.52510833740234,27.583913803100586,23.483365949119374
2.379,0,-7.2318010330200195,-102.09130096435547,95.93307495117188,34.92682647705078,-78.96007537841797,28.477270126342773,-7.2318010330200195,-102.09130096435547,95.93307495117188,34.92682647705078,-78.96007537841797,28.477270126342773,24.331376386170906
2.411,0,-6.986881256103516,-102.1375503540039,95.82762145996094,34.65937042236328,-79.40760803222656,29.36756134033203,-6.986881256103516,-102.1375503540039,95.82762145996094,34.65937042236328,-79.40760803222656,29.36756134033203,25.440313111545986
2.448,0,-6.774187088012695,-102.2344970703125,95.7321548461914,34.440765380859375,-79.80073547363281,30.26668930053711,-6.774187088012695,-102.2344970703125,95.7321548461914,34.440765380859375,-79.80073547363281,30.26668930053711,26.418786692759294
2.476,0,-6.548558235168457,-102.28079986572266,95.6415023803711,34.17498016357422,-80.16841125488281,31.063915252685547,-6.548558235168457,-102.28079986572266,95.6415023803711,34.17498016357422,-80.16841125488281,31.063915252685547,27.397260273972602
2.515,0,-6.326793670654297,-102.29574584960938,95.57449340820312,33.85472869873047,-80.51728820800781,31.828269958496094,-6.326793670654297,-102.29574584960938,95.57449340820312,33.85472869873047,-80.51728820800781,31.828269958496094,28.31050228310502
2.543,0,-6.101744651794434,-102.33438873291016,95.46321105957031,33.523963928222656,-80.88026428222656,32.57539367675781,-6.101744651794434,-102.33438873291016,95.46321105957031,33.523963928222656,-80.88026428222656,32.57539367675781,29.22374429223744
2.582,0,-5.870006561279297,-102.39433288574219,95.3882827758789,33.18965148925781,-81.24105072021484,33.33061599731445,-5.870006561279297,-102.39433288574219,95.3882827758789,33.18965148925781,-81.24105072021484,33.33061599731445,30.071754729288973
2.609,0,-5.671492576599121,-102.33283996582031,95.3402099609375,32.755340576171875,-81.55950164794922,33.99256134033203,-5.671492576599121,-102.33283996582031,95.3402099609375,32.755340576171875,-81.55950164794922,33.99256134033203,30.919765166340508
2.649,0,-5.478816032409668,-102.32472229003906,95.26600646972656,32.39832305908203,-81.89562225341797,34.67146301269531,-5.478816032409668,-102.32472229003906,95.26600646972656,32.39832305908203,-81.89562225341797,34.67146301269531,31.637312459230266
2.677,0,-5.263631820678711,-102.22696685791016,95.18868255615234,31.901641845703125,-82.21707153320312,35.2969856262207,-5.263631820678711,-102.22696685791016,95.18868255615234,31.901641845703125,-82.21707153320312,35.2969856262207,32.4853228962818
2.715,0,-5.055083274841309,-102.11973571777344,95.121826171875,31.380859375,-82.55743408203125,35.91252517700195,-5.055083274841309,-102.11973571777344,95.121826171875,31.380859375,-82.55743408203125,35.91252517700195,33.13763861709067
2.749,0,-4.888330459594727,-101.94225311279297,95.07821655273438,30.827499389648438,-82.86061096191406,36.486305236816406,-4.888330459594727,-101.94225311279297,95.07821655273438,30.827499389648438,-82.86061096191406,36.486305236816406,33.92041748206132
2.791,0,-4.715919494628906,-101.77518463134766,95.02959442138672,30.278915405273438,-83.19010162353516,37.033897399902344,-4.715919494628906,-101.77518463134766,95.02959442138672,30.278915405273438,-83.19010162353516,37.033897399902344,34.5075016307893
2.813,0,-4.533733367919922,-101.56204223632812,94.98435974121094,29.665611267089844,-83.5135498046875,37.550079345703125,-4.533733367919922,-101.56204223632812,94.98435974121094,29.665611267089844,-83.5135498046875,37.550079345703125,35.15981735159817
2.846,0,-4.365835189819336,-101.26143646240234,94.97344207763672,28.886390686035156,-83.84992980957031,38.034114837646484,-4.365835189819336,-101.26143646240234,94.97344207763672,28.886390686035156,-83.84992980957031,38.034114837646484,35.68166992824527
2.884,0,-4.238211631774902,-100.93179321289062,94.9523696899414,28.15093994140625,-84.16355895996094,38.47894287109375,-4.238211631774902,-100.93179321289062,94.9523696899414,28.15093994140625,-84.16355895996094,38.47894287109375,36.33398564905414
2.918,0,-4.100847244262695,-100.54381561279297,94.93299102783203,27.335086822509766,-84.49835968017578,38.910850524902344,-4.100847244262695,-100.54381561279297,94.93299102783203,27.335086822509766,-84.49835968017578,38.910850524902344,36.921069797782124
2.948,0,-3.971835136413574,-100.1112289428711,94.91835021972656,26.471332550048828,-84.82096862792969,39.30449676513672,-3.971835136413574,-100.1112289428711,94.91835021972656,26.471332550048828,-84.82096862792969,39.30449676513672,37.44292237442922
2.985,0,-3.8594751358032227,-99.6197738647461,94.8974380493164,25.521446228027344,-85.13875579833984,39.672149658203125,-3.8594751358032227,-99.6197738647461,94.8974380493164,25.521446228027344,-85.13875579833984,39.672149658203125,37.83431180691454
3.016,0,-3.7800893783569336,-99.19892120361328,94.92798614501953,24.633880615234375,-85.44835662841797,40.044708251953125,-3.7800893783569336,-99.19892120361328,94.92798614501953,24.633880615234375,-85.44835662841797,40.044708251953125,38.35616438356164
3.051,0,-3.6876907348632812,-98.57913208007812,94.92091369628906,23.597042083740234,-85.75067138671875,40.3875732421875,-3.6876907348632812,-98.57913208007812,94.92091369628906,23.597042083740234,-85.75067138671875,40.3875732421875,38.81278538812785
3.084,0,-3.6001787185668945,-97.82868194580078,94.91065979003906,22.372425079345703,-86.05259704589844,40.70797348022461,-3.6001787185668945,-97.82868194580078,94.91065979003906,22.372425079345703,-86.05259704589844,40.70797348022461,39.204174820613176
3.115,0,-3.5384421348571777,-97.16671752929688,94.92005157470703,21.220664978027344,-86.34326171875,41.02477264404297,-3.5384421348571777,-97.16671752929688,94.92005157470703,21.220664978027344,-86.34326171875,41.02477264404297,39.53033268101761
3.152,0,-3.502011775970459,-96.40963745117188,94.92800903320312,19.97022247314453,-86.62163543701172,41.361839294433594,-3.502011775970459,-96.40963745117188,94.92800903320312,19.97022247314453,-86.62163543701172,41.361839294433594,39.92172211350293
3.182,0,-3.4445371627807617,-95.61788940429688,94.93771362304688,18.70688247680664,-86.89762878417969,41.65511703491211,-3.4445371627807617,-95.61788940429688,94.93771362304688,18.70688247680664,-86.89762878417969,41.65511703491211,40.24787997390737
3.221,0,-3.393409252166748,-94.5830307006836,94.92286682128906,17.221744537353516,-87.16521453857422,41.96405029296875,-3.393409252166748,-94.5830307006836,94.92286682128906,17.221744537353516,-87.16521453857422,41.96405029296875,40.5740378343118
3.253,0,-3.3482108116149902,-93.64936065673828,94.93832397460938,15.852428436279297,-87.4212417602539,42.265464782714844,-3.3482108116149902,-93.64936065673828,94.93832397460938,15.852428436279297,-87.4212417602539,42.265464782714844,40.96542726679713
3.296,0,-3.315843105316162,-92.61975860595703,94.96418762207031,14.347686767578125,-87.66781616210938,42.577396392822266,-3.315843105316162,-92.61975860595703,94.96418762207031,14.347686767578125,-87.66781616210938,42.577396392822266,41.226353555120674
3.320,0,-3.284709930419922,-91.52649688720703,94.96183776855469,12.84713363647461,-87.90260314941406,42.87822341918945,-3.284709930419922,-91.52649688720703,94.96183776855469,12.84713363647461,-87.90260314941406,42.87822341918945,41.55251141552511
3.360,0,-3.2585935592651367,-90.34598541259766,94.92875671386719,11.305839538574219,-88.13391876220703,43.175010681152344,-3.2585935592651367,-90.34598541259766,94.92875671386719,11.305839538574219,-88.13391876220703,43.175010681152344,41.81343770384866
3.384,0,-3.228424549102783,-89.13373565673828,94.93997192382812,9.738670349121094,-88.35215759277344,43.46955108642578,-3.228424549102783,-89.13373565673828,94.93997192382812,9.738670349121094,-88.35215759277344,43.46955108642578,42.1395955642531
3.428,0,-3.1985926628112793,-87.78483581542969,94.89934539794922,8.057601928710938,-88.56562805175781,43.818336486816406,-3.1985926628112793,-87.78483581542969,94.89934539794922,8.057601928710938,-88.56562805175781,43.818336486816406,42.465753424657535
3.451,0,-3.1525521278381348,-86.44563293457031,94.88157653808594,6.403896331787109,-88.77192687988281,44.13884353637695,-3.1525521278381348,-86.44563293457031,94.88157653808594,6.403896331787109,-88.77192687988281,44.13884353637695,42.79191128506197
3.496,0,-3.146113395690918,-85.11701202392578,94.84347534179688,4.801418304443359,-88.97139739990234,44.445526123046875,-3.146113395690918,-85.11701202392578,94.84347534179688,4.801418304443359,-88.97139739990234,44.445526123046875,43.05283757338552
3.519,0,-3.115032196044922,-83.69789123535156,94.79649353027344,3.1309165954589844,-89.1642837524414,44.791683197021484,-3.115032196044922,-83.69789123535156,94.79649353027344,3.1309165954589844,-89.1642837524414,44.791683197021484,43.444227005870836
3.559,0,-3.3208565711975098,-83.10813903808594,94.85328674316406,2.375316619873047,-89.3219223022461,44.89939498901367,-3.3208565711975098,-83.10813903808594,94.85328674316406,2.375316619873047,-89.3219223022461,44.89939498901367,43.70515329419439
3.587,0,-3.4318652153015137,-82.0977783203125,94.78022766113281,1.4087905883789062,-89.4406509399414,44.99903106689453,-3.4318652153015137,-82.0977783203125,94.78022766113281,1.4087905883789062,-89.4406509399414,44.99903106689453,44.09654272667971
3.625,0,-3.553100109100342,-81.05195617675781,94.68978881835938,0.4373779296875,-89.59220123291016,45.10028076171875,-3.553100109100342,-81.05195617675781,94.68978881835938,0.4373779296875,-89.59220123291016,45.10028076171875,44.35746901500326
3.654,0,-3.8787479400634766,-79.84854125976562,94.57070922851562,-0.67327880859375,-89.79386138916016,45.312339782714844,-3.8787479400634766,-79.84854125976562,94.57070922851562,-0.67327880859375,-89.79386138916016,45.312339782714844,44.487932159165034
3.693,0,-3.6766128540039062,-78.619873046875,94.52268981933594,-1.9249305725097656,-89.90782165527344,45.43687438964844,-3.6766128540039062,-78.619873046875,94.52268981933594,-1.9249305725097656,-89.90782165527344,45.43687438964844,44.61839530332681
3.722,0,-3.7073822021484375,-77.30528259277344,94.40150451660156,-3.181415557861328,-90.02507781982422,45.56071472167969,-3.7073822021484375,-77.30528259277344,94.40150451660156,-3.181415557861328,-90.02507781982422,45.56071472167969,44.81409001956947
3.756,0,-3.800661087036133,-76.14020538330078,94.35688018798828,-4.368862152099609,-90.15275573730469,45.7686767578125,-3.800661087036133,-76.14020538330078,94.35688018798828,-4.368862152099609,-90.15275573730469,45.7686767578125,44.94455316373124
3.788,0,-4.128546714782715,-75.16195678710938,94.3575439453125,-5.609111785888672,-90.4110336303711,45.963233947753906,-4.128546714782715,-75.16195678710938,94.3575439453125,-5.609111785888672,-90.4110336303711,45.963233947753906,45.075016307893016
3.826,0,-3.8460264205932617,-73.85037231445312,94.30769348144531,-7.046098709106445,-90.52806854248047,46.051116943359375,-3.8460264205932617,-73.85037231445312,94.30769348144531,-7.046098709106445,-90.52806854248047,46.051116943359375,45.27071102413568
3.855,0,-3.8539562225341797,-72.27177429199219,94.1471176147461,-8.51878547668457,-90.66445922851562,46.19639587402344,-3.8539562225341797,-72.27177429199219,94.1471176147461,-8.51878547668457,-90.66445922851562,46.19639587402344,45.46640574037834
3.892,0,-4.048348426818848,-71.16867065429688,94.10714721679688,-9.683868408203125,-90.79444885253906,46.370513916015625,-4.048348426818848,-71.16867065429688,94.10714721679688,-9.683868408203125,-90.79444885253906,46.370513916015625,45.596868884540115
3.923,0,-4.349974632263184,-69.6055679321289,93.87132263183594,-11.064903259277344,-90.9509048461914,46.6154899597168,-4.349974632263184,-69.6055679321289,93.87132263183594,-11.064903259277344,-90.9509048461914,46.6154899597168,45.79256360078278
3.958,0,-4.113279342651367,-67.98619079589844,93.74140930175781,-12.677358627319336,-91.00306701660156,46.76216125488281,-4.113279342651367,-67.98619079589844,93.74140930175781,-12.677358627319336,-91.00306701660156,46.76216125488281,45.85779517286366
3.992,0,-4.111397743225098,-66.2452163696289,93.45362854003906,-14.203319549560547,-91.07849884033203,46.95119857788086,-4.111397743225098,-66.2452163696289,93.45362854003906,-14.203319549560547,-91.07849884033203,46.95119857788086,46.118721461187214
4.024,0,-4.332212448120117,-64.98464965820312,93.3373794555664,-15.403984069824219,-91.18365478515625,47.12171173095703,-4.332212448120117,-64.98464965820312,93.3373794555664,-15.403984069824219,-91.18365478515625,47.12171173095703,46.31441617742988
4.059,0,-4.631592750549316,-63.98937225341797,93.20329284667969,-16.229890823364258,-91.33822631835938,47.28107833862305,-4.631592750549316,-63.98937225341797,93.20329284667969,-16.229890823364258,-91.33822631835938,47.28107833862305,46.51011089367253
4.090,0,-4.505939483642578,-62.54146194458008,93.01358032226562,-17.584062576293945,-91.39997100830078,47.37714385986328,-4.505939483642578,-62.54146194458008,93.01358032226562,-17.584062576293945,-91.39997100830078,47.37714385986328,46.64057403783431
4.128,0,-4.828592300415039,-62.20757293701172,93.11483764648438,-18.093076705932617,-91.50472259521484,47.38859558105469,-4.828592300415039,-62.20757293701172,93.11483764648438,-18.093076705932617,-91.50472259521484,47.38859558105469,46.83626875407697
4.156,0,-4.757757186889648,-60.9598503112793,92.9322738647461,-19.158811569213867,-91.59315490722656,47.5091552734375,-4.757757186889648,-60.9598503112793,92.9322738647461,-19.158811569213867,-91.59315490722656,47.5091552734375,46.96673189823875
4.195,0,-5.031558036804199,-59.38664627075195,92.60389709472656,-20.339210510253906,-91.68458557128906,47.691680908203125,-5.031558036804199,-59.38664627075195,92.60389709472656,-20.339210510253906,-91.68458557128906,47.691680908203125,47.03196347031963
4.223,0,-4.83632755279541,-57.83723831176758,92.36017608642578,-21.70948600769043,-91.72627258300781,47.753517150878906,-4.83632755279541,-57.83723831176758,92.36017608642578,-21.70948600769043,-91.72627258300781,47.753517150878906,47.03196347031963
4.258,0,-5.2117509841918945,-57.16675567626953,92.38615417480469,-22.378345489501953,-91.79168701171875,47.764217376708984,-5.2117509841918945,-57.16675567626953,92.38615417480469,-22.378345489501953,-91.79168701171875,47.764217376708984,47.227658186562294
4.291,0,-5.178678512573242,-56.10115051269531,92.253173828125,-23.235389709472656,-91.86306762695312,47.78706359863281,-5.178678512573242,-56.10115051269531,92.253173828125,-23.235389709472656,-91.86306762695312,47.78706359863281,47.35812133072407
4.329,0,-5.320745468139648,-54.93678665161133,92.04150390625,-24.074966430664062,-91.91841125488281,47.84737777709961,-5.320745468139648,-54.93678665161133,92.04150390625,-24.074966430664062,-91.91841125488281,47.84737777709961,47.42335290280496
4.359,0,-5.105039596557617,-53.6402473449707,91.85012817382812,-25.20119857788086,-91.93926239013672,47.87291717529297,-5.105039596557617,-53.6402473449707,91.85012817382812,-25.20119857788086,-91.93926239013672,47.87291717529297,47.42335290280496
4.396,0,-5.429665565490723,-53.11493682861328,91.91523742675781,-25.73729705810547,-91.98930358886719,47.85692596435547,-5.429665565490723,-53.11493682861328,91.91523742675781,-25.73729705810547,-91.98930358886719,47.85692596435547,47.42335290280496
4.424,0,-5.271178245544434,-52.0771484375,91.79230499267578,-26.583011627197266,-92.01647186279297,47.87479782104492,-5.271178245544434,-52.0771484375,91.79230499267578,-26.583011627197266,-92.01647186279297,47.87479782104492,47.42335290280496
4.464,0,-5.341089248657227,-51.05506134033203,91.62796020507812,-27.260337829589844,-92.0457992553711,47.92301940917969,-5.341089248657227,-51.05506134033203,91.62796020507812,-27.260337829589844,-92.0457992553711,47.92301940917969,47.42335290280496
4.491,0,-5.056777000427246,-49.31461715698242,91.36268615722656,-28.68666648864746,-92.00879669189453,48.07630157470703,-5.056777000427246,-49.31461715698242,91.36268615722656,-28.68666648864746,-92.00879669189453,48.07630157470703,47.42335290280496
4.530,0,-5.405920028686523,-48.555763244628906,91.3419189453125,-29.398639678955078,-92.025390625,48.061988830566406,-5.405920028686523,-48.555763244628906,91.3419189453125,-29.398639678955078,-92.025390625,48.061988830566406,47.42335290280496
4.558,0,-5.751770973205566,-47.04832458496094,91.03401184082031,-30.48015594482422,-92.04235076904297,48.17642593383789,-5.751770973205566,-47.04832458496094,91.03401184082031,-30.48015594482422,-92.04235076904297,48.17642593383789,47.61904761904761
4.598,0,-5.878558158874512,-45.9537353515625,90.81948852539062,-31.215545654296875,-92.07331848144531,48.22049331665039,-5.878558158874512,-45.9537353515625,90.81948852539062,-31.215545654296875,-92.07331848144531,48.22049331665039,47.74951076320939
4.626,0,-5.636549949645996,-44.297218322753906,90.57081604003906,-32.64959716796875,-92.0060806274414,48.390716552734375,-5.636549949645996,-44.297218322753906,90.57081604003906,-32.64959716796875,-92.0060806274414,48.390716552734375,47.74951076320939
4.660,0,-6.043895721435547,-43.31270217895508,90.45750427246094,-33.52350616455078,-92.02072143554688,48.398155212402344,-6.043895721435547,-43.31270217895508,90.45750427246094,-33.52350616455078,-92.02072143554688,48.398155212402344,47.74951076320939
4.692,0,-6.384561538696289,-41.58232879638672,90.06402587890625,-34.74179458618164,-92.00453186035156,48.52754211425781,-6.384561538696289,-41.58232879638672,90.06402587890625,-34.74179458618164,-92.00453186035156,48.52754211425781,47.74951076320939
4.729,0,-6.500152587890625,-40.23406219482422,89.77857208251953,-35.69011688232422,-91.98567962646484,48.557212829589844,-6.500152587890625,-40.23406219482422,89.77857208251953,-35.69011688232422,-91.98567962646484,48.557212829589844,47.94520547945205
4.765,0,-6.292176246643066,-38.37147521972656,89.44939422607422,-37.27196502685547,-91.91841125488281,48.625099182128906,-6.292176246643066,-38.37147521972656,89.44939422607422,-37.27196502685547,-91.91841125488281,48.625099182128906,48.01043705153294
4.793,0,-6.576475143432617,-37.057273864746094,89.22360229492188,-38.379451751708984,-91.91206359863281,48.65239715576172,-6.576475143432617,-37.057273864746094,89.22360229492188,-38.379451751708984,-91.91206359863281,48.65239715576172,48.01043705153294
4.830,0,-6.866998672485352,-35.34100341796875,88.80015563964844,-39.57892990112305,-91.85826873779297,48.72340774536133,-6.866998672485352,-35.34100341796875,88.80015563964844,-39.57892990112305,-91.85826873779297,48.72340774536133,48.01043705153294
4.862,0,-6.891472816467285,-33.25263977050781,88.32289123535156,-41.09269714355469,-91.7820053100586,48.823707580566406,-6.891472816467285,-33.25263977050781,88.32289123535156,-41.09269714355469,-91.7820053100586,48.823707580566406,48.2061317677756
4.894,0,-6.748593330383301,-31.561168670654297,88.04546356201172,-42.5912971496582,-91.7095947265625,48.835777282714844,-6.748593330383301,-31.561168670654297,88.04546356201172,-42.5912971496582,-91.7095947265625,48.835777282714844,48.271363339856485
4.933,0,-7.068477630615234,-30.606685638427734,87.98368072509766,-43.486087799072266,-91.69645690917969,48.81571960449219,-7.068477630615234,-30.606685638427734,87.98368072509766,-43.486087799072266,-91.69645690917969,48.81571960449219,48.401826484018265
4.959,0,-7.096563339233398,-29.50636863708496,87.6688232421875,-44.23829650878906,-91.66310119628906,48.83205032348633,-7.096563339233398,-29.50636863708496,87.6688232421875,-44.23829650878906,-91.66310119628906,48.83205032348633,48.46705805609915
4.999,0,-7.144211769104004,-28.00562858581543,87.32850646972656,-45.301490783691406,-91.59207916259766,48.86985778808594,-7.144211769104004,-28.00562858581543,87.32850646972656,-45.301490783691406,-91.59207916259766,48.86985778808594,48.53228962818004
5.027,0,-7.180583953857422,-26.760372161865234,87.19436645507812,-46.45454406738281,-91.49930572509766,48.88774490356445,-7.180583953857422,-26.760372161865234,87.19436645507812,-46.45454406738281,-91.49930572509766,48.88774490356445,48.53228962818004
5.067,0,-7.49241828918457,-26.159046173095703,87.25479125976562,-47.143760681152344,-91.49251556396484,48.84552764892578,-7.49241828918457,-26.159046173095703,87.25479125976562,-47.143760681152344,-91.49251556396484,48.84552764892578,48.53228962818004
5.094,0,-7.514583587646484,-25.43520736694336,87.03388977050781,-47.628822326660156,-91.45111083984375,48.813682556152344,-7.514583587646484,-25.43520736694336,87.03388977050781,-47.628822326660156,-91.45111083984375,48.813682556152344,48.53228962818004
5.134,0,-7.525608062744141,-24.525836944580078,86.78555297851562,-48.26553726196289,-91.41008758544922,48.811344146728516,-7.525608062744141,-24.525836944580078,86.78555297851562,-48.26553726196289,-91.41008758544922,48.811344146728516,48.53228962818004
5.162,0,-7.540780067443848,-23.66123390197754,86.68693542480469,-49.105987548828125,-91.33244323730469,48.81536865234375,-7.540780067443848,-23.66123390197754,86.68693542480469,-49.105987548828125,-91.33244323730469,48.81536865234375,48.53228962818004
5.201,0,-7.828037261962891,-23.333860397338867,86.83248138427734,-49.57915496826172,-91.33950805664062,48.7597770690918,-7.828037261962891,-23.333860397338867,86.83248138427734,-49.57915496826172,-91.33950805664062,48.7597770690918,48.53228962818004
5.229,0,-7.835312843322754,-22.807844161987305,86.6654052734375,-49.910980224609375,-91.33248138427734,48.743858337402344,-7.835312843322754,-22.807844161987305,86.6654052734375,-49.910980224609375,-91.33248138427734,48.743858337402344,48.53228962818004
5.294,0,-7.826444625854492,-22.04884147644043,86.43110656738281,-50.421329498291016,-91.3017578125,48.751033782958984,-7.826444625854492,-22.04884147644043,86.43110656738281,-50.421329498291016,-91.3017578125,48.751033782958984,48.53228962818004
5.316,0,-7.816746711730957,-21.37401008605957,86.36766815185547,-51.11937713623047,-91.22923278808594,48.73310470581055,-7.816746711730957,-21.37401008605957,86.36766815185547,-51.11937713623047,-91.22923278808594,48.73310470581055,48.53228962818004
5.349,0,-8.252399444580078,-20.96910858154297,86.43539428710938,-51.60057067871094,-91.2510757446289,48.680782318115234,-8.252399444580078,-20.96910858154297,86.43539428710938,-51.60057067871094,-91.2510757446289,48.680782318115234,48.53228962818004
5.386,0,-8.254727363586426,-20.431224822998047,86.28314208984375,-51.99002456665039,-91.23287200927734,48.66093063354492,-8.254727363586426,-20.431224822998047,86.28314208984375,-51.99002456665039,-91.23287200927734,48.66093063354492,48.53228962818004
5.421,0,-8.280974388122559,-19.701900482177734,86.06146240234375,-52.49357604980469,-91.19989776611328,48.69598388671875,-8.280974388122559,-19.701900482177734,86.06146240234375,-52.49357604980469,-91.19989776611328,48.69598388671875,48.53228962818004
5.455,0,-8.282594680786133,-19.020111083984375,86.0034408569336,-53.22059631347656,-91.14424133300781,48.69319152832031,-8.282594680786133,-19.020111083984375,86.0034408569336,-53.22059631347656,-91.14424133300781,48.69319152832031,48.53228962818004
5.483,0,-8.697432518005371,-18.59694480895996,86.0757064819336,-53.70842742919922,-91.16354370117188,48.65901565551758,-8.697432518005371,-18.59694480895996,86.0757064819336,-53.70842742919922,-91.16354370117188,48.65901565551758,48.53228962818004
5.523,0,-8.708898544311523,-18.04664421081543,85.92253875732422,-54.09046936035156,-91.14826202392578,48.65550994873047,-8.708898544311523,-18.04664421081543,85.92253875732422,-54.09046936035156,-91.14826202392578,48.65550994873047,48.53228962818004
5.551,0,-8.655755043029785,-17.321821212768555,85.68348693847656,-54.5902099609375,-91.12268829345703,48.697410583496094,-8.655755043029785,-17.321821212768555,85.68348693847656,-54.5902099609375,-91.12268829345703,48.697410583496094,48.53228962818004
5.591,0,-8.588172912597656,-16.81555938720703,85.6251449584961,-55.06503677368164,-91.0812759399414,48.69021224975586,-8.588172912597656,-16.81555938720703,85.6251449584961,-55.06503677368164,-91.0812759399414,48.69021224975586,48.53228962818004
5.619,0,-8.989541053771973,-16.31690216064453,85.68302917480469,-55.62754440307617,-91.1074447631836,48.688880920410156,-8.989541053771973,-16.31690216064453,85.68302917480469,-55.62754440307617,-91.1074447631836,48.688880920410156,48.53228962818004
5.657,0,-9.02377700805664,-15.758946418762207,85.54322814941406,-56.01691818237305,-91.10797119140625,48.72294616699219,-9.02377700805664,-15.758946418762207,85.54322814941406,-56.01691818237305,-91.10797119140625,48.72294616699219,48.53228962818004
5.685,0,-8.966950416564941,-15.133519172668457,85.32017517089844,-56.42679214477539,-91.08245086669922,48.783180236816406,-8.966950416564941,-15.133519172668457,85.32017517089844,-56.42679214477539,-91.08245086669922,48.783180236816406,48.53228962818004
5.726,0,-8.90459156036377,-14.61514663696289,85.24696350097656,-56.92826843261719,-91.04254913330078,48.80320739746094,-8.90459156036377,-14.61514663696289,85.24696350097656,-56.92826843261719,-91.04254913330078,48.80320739746094,48.53228962818004
5.753,0,-9.28730297088623,-14.210031509399414,85.32230377197266,-57.39544677734375,-91.0792007446289,48.803619384765625,-9.28730297088623,-14.210031509399414,85.32230377197266,-57.39544677734375,-91.0792007446289,48.803619384765625,48.53228962818004
5.789,0,-9.307320594787598,-13.640701293945312,85.15919494628906,-57.79710388183594,-91.06410217285156,48.82069396972656,-9.307320594787598,-13.640701293945312,85.15919494628906,-57.79710388183594,-91.06410217285156,48.82069396972656,48.53228962818004
5.821,0,-9.239294052124023,-12.964913368225098,84.9356460571289,-58.28934097290039,-91.05326843261719,48.875946044921875,-9.239294052124023,-12.964913368225098,84.9356460571289,-58.28934097290039,-91.05326843261719,48.875946044921875,48.53228962818004
5.855,0,-9.184019088745117,-12.45405387878418,84.90432739257812,-58.83738327026367,-91.0304183959961,48.86045837402344,-9.184019088745117,-12.45405387878418,84.90432739257812,-58.83738327026367,-91.0304183959961,48.86045837402344,48.53228962818004
5.887,0,-9.110610961914062,-11.877998352050781,84.7622299194336,-59.36176300048828,-91.01073455810547,48.83979034423828,-9.110610961914062,-11.877998352050781,84.7622299194336,-59.36176300048828,-91.01073455810547,48.83979034423828,48.53228962818004
5.925,0,-9.412757873535156,-11.354656219482422,84.69837951660156,-59.84270095825195,-91.02720642089844,48.842166900634766,-9.412757873535156,-11.354656219482422,84.69837951660156,-59.84270095825195,-91.02720642089844,48.842166900634766,48.53228962818004
5.954,0,-9.411298751831055,-10.862632751464844,84.53292846679688,-60.166847229003906,-91.0372543334961,48.865360260009766,-9.411298751831055,-10.862632751464844,84.53292846679688,-60.166847229003906,-91.0372543334961,48.865360260009766,48.53228962818004
5.992,0,-9.373685836791992,-10.292503356933594,84.37283325195312,-60.52910614013672,-91.00114440917969,48.862857818603516,-9.373685836791992,-10.292503356933594,84.37283325195312,-60.52910614013672,-91.00114440917969,48.862857818603516,48.53228962818004
6.019,0,-9.24363899230957,-9.795278549194336,84.2854995727539,-60.97665023803711,-90.9676742553711,48.899024963378906,-9.24363899230957,-9.795278549194336,84.2854995727539,-60.97665023803711,-90.9676742553711,48.899024963378906,48.53228962818004
6.061,0,-9.64098834991455,-9.397750854492188,84.31807708740234,-61.421443939208984,-91.00679779052734,48.884315490722656,-9.64098834991455,-9.397750854492188,84.31807708740234,-61.421443939208984,-91.00679779052734,48.884315490722656,48.53228962818004
6.088,0,-9.630990982055664,-8.896800994873047,84.14990234375,-61.79796600341797,-91.02214813232422,48.90141296386719,-9.630990982055664,-8.896800994873047,84.14990234375,-61.79796600341797,-91.02214813232422,48.90141296386719,48.53228962818004
6.126,0,-9.55842113494873,-8.185258865356445,83.95628356933594,-62.47223663330078,-91.0239028930664,48.90459442138672,-9.55842113494873,-8.185258865356445,83.95628356933594,-62.47223663330078,-91.0239028930664,48.90459442138672,48.53228962818004
6.155,0,-9.411887168884277,-7.679042816162109,83.81454467773438,-62.93364715576172,-90.99198913574219,48.91588592529297,-9.411887168884277,-7.679042816162109,83.81454467773438,-62.93364715576172,-90.99198913574219,48.91588592529297,48.53228962818004
6.192,0,-9.617714881896973,-7.44978141784668,83.9670639038086,-63.33993148803711,-91.02540588378906,48.832664489746094,-9.617714881896973,-7.44978141784668,83.9670639038086,-63.33993148803711,-91.02540588378906,48.832664489746094,48.53228962818004
6.224,0,-9.522482872009277,-7.083329200744629,83.86949920654297,-63.66447830200195,-91.03429412841797,48.80164337158203,-9.522482872009277,-7.083329200744629,83.86949920654297,-63.66447830200195,-91.03429412841797,48.80164337158203,48.53228962818004
6.259,0,-9.408417701721191,-6.493812561035156,83.72467803955078,-64.27497863769531,-91.05487823486328,48.792518615722656,-9.408417701721191,-6.493812561035156,83.72467803955078,-64.27497863769531,-91.05487823486328,48.792518615722656,48.53228962818004
6.290,0,-9.200675964355469,-6.0853986740112305,83.59109497070312,-64.65298461914062,-91.02381134033203,48.780784606933594,-9.200675964355469,-6.0853986740112305,83.59109497070312,-64.65298461914062,-91.02381134033203,48.780784606933594,48.53228962818004
6.324,0,-9.483604431152344,-5.763810157775879,83.6323013305664,-65.0657958984375,-91.0648193359375,48.74773406982422,-9.483604431152344,-5.763810157775879,83.6323013305664,-65.0657958984375,-91.0648193359375,48.74773406982422,48.53228962818004
6.361,0,-9.37526798248291,-5.433788299560547,83.49281311035156,-65.3277359008789,-91.07575988769531,48.69166564941406,-9.37526798248291,-5.433788299560547,83.49281311035156,-65.3277359008789,-91.07575988769531,48.69166564941406,48.53228962818004
6.389,0,-9.25245189666748,-4.931818962097168,83.37544250488281,-65.83406066894531,-91.08368682861328,48.685455322265625,-9.25245189666748,-4.931818962097168,83.37544250488281,-65.83406066894531,-91.08368682861328,48.685455322265625,48.53228962818004
6.428,0,-9.026705741882324,-4.553073883056641,83.28114318847656,-66.21095275878906,-91.05064392089844,48.67594909667969,-9.026705741882324,-4.553073883056641,83.28114318847656,-66.21095275878906,-91.05064392089844,48.67594909667969,48.53228962818004
6.457,0,-9.209672927856445,-4.195131301879883,83.2080078125,-66.5301284790039,-91.06119537353516,48.66179275512695,-9.209672927856445,-4.195131301879883,83.2080078125,-66.5301284790039,-91.06119537353516,48.66179275512695,48.53228962818004
6.495,0,-9.11528205871582,-3.772970199584961,83.04212951660156,-66.82670593261719,-91.0563735961914,48.61925506591797,-9.11528205871582,-3.772970199584961,83.04212951660156,-66.82670593261719,-91.0563735961914,48.61925506591797,48.53228962818004
6.524,0,-8.776265144348145,-3.2938365936279297,82.87640380859375,-67.28662109375,-91.04833221435547,48.60765838623047,-8.776265144348145,-3.2938365936279297,82.87640380859375,-67.28662109375,-91.04833221435547,48.60765838623047,48.53228962818004
6.561,0,-8.554543495178223,-2.894444465637207,82.77030944824219,-67.66946411132812,-91.00482177734375,48.593788146972656,-8.554543495178223,-2.894444465637207,82.77030944824219,-67.66946411132812,-91.00482177734375,48.593788146972656,48.53228962818004
6.592,0,-8.789432525634766,-2.686537742614746,82.81836700439453,-67.95860290527344,-91.04278564453125,48.54376220703125,-8.789432525634766,-2.686537742614746,82.81836700439453,-67.95860290527344,-91.04278564453125,48.54376220703125,48.53228962818004
6.628,0,-8.748714447021484,-2.3147201538085938,82.63796997070312,-68.1813735961914,-91.07077026367188,48.49557876586914,-8.748714447021484,-2.3147201538085938,82.63796997070312,-68.1813735961914,-91.07077026367188,48.49557876586914,48.53228962818004
6.659,0,-8.365754127502441,-2.158914566040039,82.71504211425781,-68.5136489868164,-91.07178497314453,48.43259048461914,-8.365754127502441,-2.158914566040039,82.71504211425781,-68.5136489868164,-91.07178497314453,48.43259048461914,48.53228962818004
6.695,0,-8.134696960449219,-1.8296289443969727,82.60089111328125,-68.81907653808594,-91.03231811523438,48.338897705078125,-8.134696960449219,-1.8296289443969727,82.60089111328125,-68.81907653808594,-91.03231811523438,48.338897705078125,48.53228962818004
6.725,0,-8.370126724243164,-1.6522655487060547,82.63470458984375,-69.04547882080078,-91.07495880126953,48.238807678222656,-8.370126724243164,-1.6522655487060547,82.63470458984375,-69.04547882080078,-91.07495880126953,48.238807678222656,48.53228962818004
6.763,0,-8.327058792114258,-1.3369636535644531,82.46729278564453,-69.19068908691406,-91.08418273925781,48.18566131591797,-8.327058792114258,-1.3369636535644531,82.46729278564453,-69.19068908691406,-91.08418273925781,48.18566131591797,48.53228962818004
6.794,0,-8.298318862915039,-1.1770849227905273,82.53118133544922,-69.5137939453125,-91.12007141113281,48.064517974853516,-8.298318862915039,-1.1770849227905273,82.53118133544922,-69.5137939453125,-91.12007141113281,48.064517974853516,48.46705805609915
6.826,0,-8.090633392333984,-0.7592601776123047,82.359130859375,-69.87080383300781,-91.0820083618164,48.01171112060547,-8.090633392333984,-0.7592601776123047,82.359130859375,-69.87080383300781,-91.0820083618164,48.01171112060547,48.46705805609915
6.863,0,-8.28152847290039,-0.6181879043579102,82.38597106933594,-70.06881713867188,-91.11370849609375,47.936248779296875,-8.28152847290039,-0.6181879043579102,82.38597106933594,-70.06881713867188,-91.11370849609375,47.936248779296875,48.46705805609915
6.891,0,-8.165146827697754,-0.29657745361328125,82.19335174560547,-70.18836975097656,-91.10493469238281,47.88071060180664,-8.165146827697754,-0.29657745361328125,82.19335174560547,-70.18836975097656,-91.10493469238281,47.88071060180664,48.401826484018265
6.931,0,-8.105589866638184,-0.1605052947998047,82.23314666748047,-70.4865493774414,-91.13873291015625,47.7944450378418,-8.105589866638184,-0.1605052947998047,82.23314666748047,-70.4865493774414,-91.13873291015625,47.7944450378418,48.336594911937375
6.960,0,-7.848730087280273,0.29888153076171875,81.9936294555664,-70.84397888183594,-91.08053588867188,47.759952545166016,-7.848730087280273,0.29888153076171875,81.9936294555664,-70.84397888183594,-91.08053588867188,47.759952545166016,48.2061317677756
6.998,0,-7.977964401245117,0.5170822143554688,81.8961410522461,-71.02284240722656,-91.10713195800781,47.70728302001953,-7.977964401245117,0.5170822143554688,81.8961410522461,-71.02284240722656,-91.10713195800781,47.70728302001953,48.07566862361383
7.028,0,-7.849240303039551,0.7958812713623047,81.74705505371094,-71.12828063964844,-91.109375,47.64472961425781,-7.849240303039551,0.7958812713623047,81.74705505371094,-71.12828063964844,-91.109375,47.64472961425781,48.01043705153294
7.062,0,-7.774404525756836,0.8532009124755859,81.8077621459961,-71.33078002929688,-91.13903045654297,47.56565856933594,-7.774404525756836,0.8532009124755859,81.8077621459961,-71.33078002929688,-91.13903045654297,47.56565856933594,48.01043705153294
7.095,0,-7.488773345947266,1.2297306060791016,81.64986419677734,-71.64865112304688,-91.08170318603516,47.559486389160156,-7.488773345947266,1.2297306060791016,81.64986419677734,-71.64865112304688,-91.08170318603516,47.559486389160156,48.01043705153294
7.126,0,-7.613622665405273,1.4561500549316406,81.55628967285156,-71.8298110961914,-91.10103607177734,47.520545959472656,-7.613622665405273,1.4561500549316406,81.55628967285156,-71.8298110961914,-91.10103607177734,47.520545959472656,48.01043705153294
7.166,0,-7.449483871459961,1.7410850524902344,81.34812927246094,-71.91986083984375,-91.09296417236328,47.44654083251953,-7.449483871459961,1.7410850524902344,81.34812927246094,-71.91986083984375,-91.09296417236328,47.44654083251953,48.01043705153294
7.193,0,-7.3478193283081055,1.7531070709228516,81.4402847290039,-72.10408020019531,-91.11981201171875,47.36094665527344,-7.3478193283081055,1.7531070709228516,81.4402847290039,-72.10408020019531,-91.11981201171875,47.36094665527344,48.01043705153294
7.233,0,-7.036908149719238,2.057079315185547,81.25021362304688,-72.31759643554688,-91.08746337890625,47.275917053222656,-7.036908149719238,2.057079315185547,81.25021362304688,-72.31759643554688,-91.08746337890625,47.275917053222656,48.01043705153294
7.261,0,-7.110749244689941,2.295269012451172,81.1347427368164,-72.50669860839844,-91.1023178100586,47.23912811279297,-7.110749244689941,2.295269012451172,81.1347427368164,-72.50669860839844,-91.1023178100586,47.23912811279297,47.94520547945205
7.295,0,-6.910368919372559,2.462068557739258,81.00750732421875,-72.53166198730469,-91.08676147460938,47.1348876953125,-6.910368919372559,2.462068557739258,81.00750732421875,-72.53166198730469,-91.08676147460938,47.1348876953125,47.74951076320939
7.331,0,-6.798905372619629,2.430074691772461,81.14088439941406,-72.69136047363281,-91.11077117919922,47.022865295410156,-6.798905372619629,2.430074691772461,81.14088439941406,-72.69136047363281,-91.11077117919922,47.022865295410156,47.61904761904761
7.363,0,-7.312871932983398,2.7747859954833984,80.9960708618164,-72.82868957519531,-91.16252136230469,47.04234313964844,-7.312871932983398,2.7747859954833984,80.9960708618164,-72.82868957519531,-91.16252136230469,47.04234313964844,47.61904761904761
7.393,0,-7.389155387878418,2.7519912719726562,81.09553527832031,-72.92581176757812,-91.17972564697266,46.964298248291016,-7.389155387878418,2.7519912719726562,81.09553527832031,-72.92581176757812,-91.17972564697266,46.964298248291016,47.48858447488584
7.433,0,-7.390096664428711,3.144990921020508,80.81102752685547,-73.08099365234375,-91.150390625,46.878318786621094,-7.390096664428711,3.144990921020508,80.81102752685547,-73.08099365234375,-91.150390625,46.878318786621094,47.35812133072407
7.462,0,-7.265132904052734,3.1434402465820312,80.9109115600586,-73.25932312011719,-91.16148376464844,46.77366638183594,-7.265132904052734,3.1434402465820312,80.9109115600586,-73.25932312011719,-91.16148376464844,46.77366638183594,47.227658186562294
7.501,0,-7.786754608154297,3.4308948516845703,80.77201843261719,-73.30574035644531,-91.20938873291016,46.774871826171875,-7.786754608154297,3.4308948516845703,80.77201843261719,-73.30574035644531,-91.20938873291016,46.774871826171875,47.227658186562294
7.529,0,-7.942757606506348,3.3682498931884766,80.88580322265625,-73.35908508300781,-91.23344421386719,46.68332290649414,-7.942757606506348,3.3682498931884766,80.88580322265625,-73.35908508300781,-91.23344421386719,46.68332290649414,47.227658186562294
7.568,0,-7.935052871704102,3.7241287231445312,80.60286712646484,-73.47247314453125,-91.18827819824219,46.57844543457031,-7.935052871704102,3.7241287231445312,80.60286712646484,-73.47247314453125,-91.18827819824219,46.57844543457031,47.227658186562294
7.596,0,-7.841702461242676,3.6294193267822266,80.76295471191406,-73.55998992919922,-91.19688415527344,46.43738555908203,-7.841702461242676,3.6294193267822266,80.76295471191406,-73.55998992919922,-91.19688415527344,46.43738555908203,47.162426614481404
7.635,0,-8.373212814331055,3.8743133544921875,80.63580322265625,-73.57804107666016,-91.24365234375,46.35844421386719,-8.373212814331055,3.8743133544921875,80.63580322265625,-73.57804107666016,-91.24365234375,46.35844421386719,46.96673189823875
7.663,0,-8.529034614562988,3.8199100494384766,80.73674011230469,-73.6050033569336,-91.25711059570312,46.240333557128906,-8.529034614562988,3.8199100494384766,80.73674011230469,-73.6050033569336,-91.25711059570312,46.240333557128906,46.83626875407697
7.699,0,-8.514108657836914,4.19502067565918,80.46249389648438,-73.74429321289062,-91.20315551757812,46.12945556640625,-8.514108657836914,4.19502067565918,80.46249389648438,-73.74429321289062,-91.20315551757812,46.12945556640625,46.705805609915195
7.732,0,-8.41585922241211,4.106821060180664,80.6329574584961,-73.82162475585938,-91.2137451171875,46.002716064453125,-8.41585922241211,4.106821060180664,80.6329574584961,-73.82162475585938,-91.2137451171875,46.002716064453125,46.51011089367253
7.766,0,-8.926921844482422,4.257293701171875,80.56248474121094,-73.78923797607422,-91.25057983398438,45.95222473144531,-8.926921844482422,4.257293701171875,80.56248474121094,-73.78923797607422,-91.25057983398438,45.95222473144531,46.51011089367253
7.797,0,-9.046199798583984,4.107889175415039,80.74302673339844,-73.73147583007812,-91.25318908691406,45.86817932128906,-9.046199798583984,4.107889175415039,80.74302673339844,-73.73147583007812,-91.25318908691406,45.86817932128906,46.51011089367253
7.832,0,-9.059266090393066,4.339756011962891,80.56908416748047,-73.7896957397461,-91.19326782226562,45.72882080078125,-9.059266090393066,4.339756011962891,80.56908416748047,-73.7896957397461,-91.19326782226562,45.72882080078125,46.37964774951076
7.868,0,-8.971406936645508,4.164287567138672,80.7375259399414,-73.794677734375,-91.20328521728516,45.59026336669922,-8.971406936645508,4.164287567138672,80.7375259399414,-73.794677734375,-91.20328521728516,45.59026336669922,46.24918460534899
7.898,0,-9.476499557495117,4.171947479248047,80.6937026977539,-73.62190246582031,-91.23897552490234,45.524932861328125,-9.476499557495117,4.171947479248047,80.6937026977539,-73.62190246582031,-91.23897552490234,45.524932861328125,46.118721461187214
7.936,0,-9.592918395996094,3.974376678466797,80.87659454345703,-73.53251647949219,-91.23796844482422,45.4005241394043,-9.592918395996094,3.974376678466797,80.87659454345703,-73.53251647949219,-91.23796844482422,45.4005241394043,45.92302674494455
7.965,0,-9.423192024230957,4.209529876708984,80.69621276855469,-73.57515716552734,-91.145263671875,45.252620697021484,-9.423192024230957,4.209529876708984,80.69621276855469,-73.57515716552734,-91.145263671875,45.252620697021484,45.79256360078278
8.003,0,-9.32717227935791,3.95550537109375,80.83509826660156,-73.4309310913086,-91.14524841308594,45.09608459472656,-9.32717227935791,3.95550537109375,80.83509826660156,-73.4309310913086,-91.14524841308594,45.09608459472656,45.72733202870189
8.031,0,-9.861998558044434,3.9761695861816406,80.76136016845703,-73.27825164794922,-91.17737579345703,45.02710723876953,-9.861998558044434,3.9761695861816406,80.76136016845703,-73.27825164794922,-91.17737579345703,45.02710723876953,45.72733202870189
8.070,0,-9.998162269592285,3.637826919555664,80.99082946777344,-73.07099914550781,-91.18696594238281,44.89540100097656,-9.998162269592285,3.637826919555664,80.99082946777344,-73.07099914550781,-91.18696594238281,44.89540100097656,45.596868884540115
8.099,0,-9.831873893737793,3.846759796142578,80.8301010131836,-73.08868408203125,-91.09983825683594,44.755943298339844,-9.831873893737793,3.846759796142578,80.8301010131836,-73.08868408203125,-91.09983825683594,44.755943298339844,45.40117416829745
8.137,0,-9.728930473327637,3.5078983306884766,80.98817443847656,-72.84628295898438,-91.09720611572266,44.56123352050781,-9.728930473327637,3.5078983306884766,80.98817443847656,-72.84628295898438,-91.09720611572266,44.56123352050781,45.33594259621657
8.166,0,-10.310623168945312,3.5471057891845703,80.94131469726562,-72.63748168945312,-91.11213684082031,44.475975036621094,-10.310623168945312,3.5471057891845703,80.94131469726562,-72.63748168945312,-91.11213684082031,44.475975036621094,45.140247879973906
8.205,0,-10.425288200378418,3.107501983642578,81.13668060302734,-72.26470184326172,-91.10809326171875,44.31393051147461,-10.425288200378418,3.107501983642578,81.13668060302734,-72.26470184326172,-91.10809326171875,44.31393051147461,44.94455316373124
8.233,0,-10.2538480758667,3.3735885620117188,80.95442199707031,-72.3427963256836,-91.00301361083984,44.19071960449219,-10.2538480758667,3.3735885620117188,80.95442199707031,-72.3427963256836,-91.00301361083984,44.19071960449219,44.74885844748858
8.270,0,-10.114906311035156,3.008493423461914,81.09829711914062,-72.07752990722656,-91.00428771972656,43.99324035644531,-10.114906311035156,3.008493423461914,81.09829711914062,-72.07752990722656,-91.00428771972656,43.99324035644531,44.61839530332681
8.300,0,-10.675470352172852,3.016946792602539,81.03437042236328,-71.81883239746094,-91.0289535522461,43.88920593261719,-10.675470352172852,3.016946792602539,81.03437042236328,-71.81883239746094,-91.0289535522461,43.88920593261719,44.487932159165034
8.336,0,-10.809137344360352,2.5454139709472656,81.21400451660156,-71.4163589477539,-91.02442169189453,43.719444274902344,-10.809137344360352,2.5454139709472656,81.21400451660156,-71.4163589477539,-91.02442169189453,43.719444274902344,44.35746901500326
8.369,0,-10.607043266296387,2.8713436126708984,81.02251434326172,-71.5498046875,-90.91988372802734,43.610321044921875,-10.607043266296387,2.8713436126708984,81.02251434326172,-71.5498046875,-90.91988372802734,43.610321044921875,44.1617742987606
8.402,0,-10.18740177154541,2.3290882110595703,81.20967864990234,-71.1317367553711,-90.86293029785156,43.45453643798828,-10.18740177154541,2.3290882110595703,81.20967864990234,-71.1317367553711,-90.86293029785156,43.45453643798828,44.031311154598825
8.437,0,-10.727760314941406,2.3978652954101562,81.08419799804688,-70.89634704589844,-90.89187622070312,43.417816162109375,-10.727760314941406,2.3978652954101562,81.08419799804688,-70.89634704589844,-90.89187622070312,43.417816162109375,43.83561643835616
8.467,0,-10.80167007446289,1.89471435546875,81.25179290771484,-70.45639038085938,-90.87726593017578,43.31095504760742,-10.80167007446289,1.89471435546875,81.25179290771484,-70.45639038085938,-90.87726593017578,43.31095504760742,43.83561643835616
8.506,0,-11.03360366821289,1.6878890991210938,81.41455841064453,-70.37625122070312,-90.90306091308594,43.20016860961914,-11.03360366821289,1.6878890991210938,81.41455841064453,-70.37625122070312,-90.90306091308594,43.20016860961914,43.70515329419439
8.536,0,-10.645488739013672,1.3372344970703125,81.5341796875,-70.08889770507812,-90.83369445800781,43.108394622802734,-10.645488739013672,1.3372344970703125,81.5341796875,-70.08889770507812,-90.83369445800781,43.108394622802734,43.574690150032616
8.572,0,-11.14976978302002,1.393514633178711,81.3616943359375,-69.80795288085938,-90.86323547363281,43.09656524658203,-11.14976978302002,1.393514633178711,81.3616943359375,-69.80795288085938,-90.86323547363281,43.09656524658203,43.444227005870836
8.603,0,-11.212380409240723,0.9154987335205078,81.54708099365234,-69.41559600830078,-90.85067749023438,43.03345489501953,-11.212380409240723,0.9154987335205078,81.54708099365234,-69.41559600830078,-90.85067749023438,43.03345489501953,43.444227005870836
8.639,0,-11.422013282775879,0.6968784332275391,81.67060089111328,-69.26595306396484,-90.87239074707031,43.004478454589844,-11.422013282775879,0.6968784332275391,81.67060089111328,-69.26595306396484,-90.87239074707031,43.004478454589844,43.444227005870836
8.668,0,-11.921536445617676,0.6863460540771484,81.50662231445312,-68.9588623046875,-90.90083312988281,43.06692886352539,-11.921536445617676,0.6863460540771484,81.50662231445312,-68.9588623046875,-90.90083312988281,43.06692886352539,43.444227005870836
8.707,0,-11.958508491516113,0.22919082641601562,81.65252685546875,-68.53746795654297,-90.86302185058594,43.01520919799805,-11.958508491516113,0.22919082641601562,81.65252685546875,-68.53746795654297,-90.86302185058594,43.01520919799805,43.444227005870836
8.737,0,-12.0735502243042,0.17148876190185547,81.64984893798828,-68.4966049194336,-90.890625,43.07331848144531,-12.0735502243042,0.17148876190185547,81.64984893798828,-68.4966049194336,-90.890625,43.07331848144531,43.444227005870836
8.773,0,-11.615163803100586,-0.17100906372070312,81.77642822265625,-68.22879028320312,-90.79957580566406,43.01987838745117,-11.615163803100586,-0.17100906372070312,81.77642822265625,-68.22879028320312,-90.79957580566406,43.01987838745117,43.444227005870836
8.803,0,-12.118210792541504,-0.24050140380859375,81.64228820800781,-67.90351104736328,-90.82524108886719,43.056182861328125,-12.118210792541504,-0.24050140380859375,81.64228820800781,-67.90351104736328,-90.82524108886719,43.056182861328125,43.444227005870836
8.838,0,-12.06334400177002,-0.8967294692993164,81.84947967529297,-67.29605102539062,-90.81387329101562,42.826324462890625,-12.06334400177002,-0.8967294692993164,81.84947967529297,-67.29605102539062,-90.81387329101562,42.826324462890625,43.444227005870836
8.873,0,-11.906243324279785,-1.0329561233520508,81.8395767211914,-67.17073059082031,-90.80009460449219,42.888389587402344,-11.906243324279785,-1.0329561233520508,81.8395767211914,-67.17073059082031,-90.80009460449219,42.888389587402344,43.444227005870836
8.902,0,-11.653790473937988,-1.2579364776611328,81.90116882324219,-67.01251983642578,-90.74304962158203,42.85090637207031,-11.653790473937988,-1.2579364776611328,81.90116882324219,-67.01251983642578,-90.74304962158203,42.85090637207031,43.37899543378995
8.942,0,-11.70946979522705,-1.7552204132080078,82.30306243896484,-66.7618179321289,-90.72315216064453,42.43785858154297,-11.70946979522705,-1.7552204132080078,82.30306243896484,-66.7618179321289,-90.72315216064453,42.43785858154297,43.18330071754729
8.971,0,-11.621819496154785,-2.5718870162963867,82.62753295898438,-66.13119506835938,-90.68077087402344,42.22284698486328,-11.621819496154785,-2.5718870162963867,82.62753295898438,-66.13119506835938,-90.68077087402344,42.22284698486328,43.1180691454664
9.010,0,-11.666125297546387,-2.7148962020874023,82.6235122680664,-65.99661254882812,-90.68655395507812,42.2949333190918,-11.666125297546387,-2.7148962020874023,82.6235122680664,-65.99661254882812,-90.68655395507812,42.2949333190918,43.05283757338552
9.036,0,-11.55430793762207,-2.990755081176758,82.68294525146484,-65.78306579589844,-90.65499877929688,42.175636291503906,-11.55430793762207,-2.990755081176758,82.68294525146484,-65.78306579589844,-90.65499877929688,42.175636291503906,42.72667971298108
9.076,0,-11.583438873291016,-3.498668670654297,83.04180908203125,-65.47779846191406,-90.62565612792969,41.72749710083008,-11.583438873291016,-3.498668670654297,83.04180908203125,-65.47779846191406,-90.62565612792969,41.72749710083008,42.59621656881931
9.104,0,-11.536294937133789,-3.935976982116699,83.11083984375,-64.99595642089844,-90.58621978759766,41.66753005981445,-11.536294937133789,-3.935976982116699,83.11083984375,-64.99595642089844,-90.58621978759766,41.66753005981445,42.465753424657535
9.140,0,-11.564297676086426,-4.103850364685059,83.05936431884766,-64.77351379394531,-90.56842803955078,41.71979522705078,-11.564297676086426,-4.103850364685059,83.05936431884766,-64.77351379394531,-90.56842803955078,41.71979522705078,42.27005870841487
9.171,0,-11.506103515625,-4.09940242767334,83.1265640258789,-64.87518310546875,-90.56454467773438,41.86224365234375,-11.506103515625,-4.09940242767334,83.1265640258789,-64.87518310546875,-90.56454467773438,41.86224365234375,42.00913242009132
9.207,0,-11.535123825073242,-4.489651679992676,83.44080352783203,-64.68116760253906,-90.54236602783203,41.50706481933594,-11.535123825073242,-4.489651679992676,83.44080352783203,-64.68116760253906,-90.54236602783203,41.50706481933594,42.00913242009132
9.239,0,-11.466326713562012,-4.80715274810791,83.48603057861328,-64.30172729492188,-90.50325775146484,41.55372619628906,-11.466326713562012,-4.80715274810791,83.48603057861328,-64.30172729492188,-90.50325775146484,41.55372619628906,42.00913242009132
9.271,0,-11.466974258422852,-4.920144081115723,83.43001556396484,-64.13399505615234,-90.49388122558594,41.670738220214844,-11.466974258422852,-4.920144081115723,83.43001556396484,-64.13399505615234,-90.49388122558594,41.670738220214844,41.943900848010436
9.305,0,-11.810872077941895,-4.75795841217041,83.30712890625,-64.21487426757812,-90.52336120605469,41.823097229003906,-11.810872077941895,-4.75795841217041,83.30712890625,-64.21487426757812,-90.52336120605469,41.823097229003906,41.81343770384866
9.342,0,-11.812211036682129,-5.391995429992676,83.7641830444336,-63.94463348388672,-90.52164459228516,41.53327941894531,-11.812211036682129,-5.391995429992676,83.7641830444336,-63.94463348388672,-90.52164459228516,41.53327941894531,41.74820613176777
9.373,0,-11.731648445129395,-5.76461124420166,83.82219696044922,-63.52488708496094,-90.4878158569336,41.61615753173828,-11.731648445129395,-5.76461124420166,83.82219696044922,-63.52488708496094,-90.4878158569336,41.61615753173828,41.74820613176777
9.406,0,-11.672039985656738,-5.9603071212768555,83.8287124633789,-63.29369354248047,-90.48759460449219,41.647220611572266,-11.672039985656738,-5.9603071212768555,83.8287124633789,-63.29369354248047,-90.48759460449219,41.647220611572266,41.68297455968688
9.443,0,-12.018467903137207,-5.724278450012207,83.65294647216797,-63.41188049316406,-90.5107650756836,41.82427215576172,-12.018467903137207,-5.724278450012207,83.65294647216797,-63.41188049316406,-90.5107650756836,41.82427215576172,41.68297455968688
9.474,0,-12.037556648254395,-6.376019477844238,84.1304931640625,-63.1585693359375,-90.52667236328125,41.57027053833008,-12.037556648254395,-6.376019477844238,84.1304931640625,-63.1585693359375,-90.52667236328125,41.57027053833008,41.68297455968688
9.508,0,-11.946856498718262,-6.819361686706543,84.16156005859375,-62.639888763427734,-90.47444915771484,41.577972412109375,-11.946856498718262,-6.819361686706543,84.16156005859375,-62.639888763427734,-90.47444915771484,41.577972412109375,41.68297455968688
9.541,0,-11.84856128692627,-6.933367729187012,84.09712982177734,-62.426910400390625,-90.4621353149414,41.6249885559082,-11.84856128692627,-6.933367729187012,84.09712982177734,-62.426910400390625,-90.4621353149414,41.6249885559082,41.68297455968688
9.575,0,-11.978484153747559,-6.83524227142334,83.9390869140625,-62.356407165527344,-90.45481872558594,41.79939270019531,-11.978484153747559,-6.83524227142334,83.9390869140625,-62.356407165527344,-90.45481872558594,41.79939270019531,41.68297455968688
9.608,0,-11.956652641296387,-7.570928573608398,84.39742279052734,-61.974456787109375,-90.4354248046875,41.45789337158203,-11.956652641296387,-7.570928573608398,84.39742279052734,-61.974456787109375,-90.4354248046875,41.45789337158203,41.68297455968688
9.642,0,-11.846753120422363,-8.062202453613281,84.44803619384766,-61.44873046875,-90.3742904663086,41.440303802490234,-11.846753120422363,-8.062202453613281,84.44803619384766,-61.44873046875,-90.3742904663086,41.440303802490234,41.68297455968688
9.676,0,-11.954514503479004,-8.032003402709961,84.33194732666016,-61.34697341918945,-90.35394287109375,41.52324295043945,-11.954514503479004,-8.032003402709961,84.33194732666016,-61.34697341918945,-90.35394287109375,41.52324295043945,41.68297455968688
9.709,0,-12.055842399597168,-7.851993560791016,84.10665130615234,-61.29441833496094,-90.32991027832031,41.676021575927734,-12.055842399597168,-7.851993560791016,84.10665130615234,-61.29441833496094,-90.32991027832031,41.676021575927734,41.68297455968688
9.745,0,-12.011006355285645,-8.456441879272461,84.54916381835938,-61.04856872558594,-90.30878448486328,41.3913688659668,-12.011006355285645,-8.456441879272461,84.54916381835938,-61.04856872558594,-90.30878448486328,41.3913688659668,41.68297455968688
9.773,0,-11.95377254486084,-8.744503021240234,84.52947998046875,-60.65338897705078,-90.24494171142578,41.370849609375,-11.95377254486084,-8.744503021240234,84.52947998046875,-60.65338897705078,-90.24494171142578,41.370849609375,41.68297455968688
9.809,0,-12.03954029083252,-8.697572708129883,84.41627502441406,-60.5965690612793,-90.22196960449219,41.518516540527344,-12.03954029083252,-8.697572708129883,84.41627502441406,-60.5965690612793,-90.22196960449219,41.518516540527344,41.68297455968688
9.841,0,-12.123764991760254,-8.58631420135498,84.18595123291016,-60.47325134277344,-90.1798324584961,41.565185546875,-12.123764991760254,-8.58631420135498,84.18595123291016,-60.47325134277344,-90.1798324584961,41.565185546875,41.617742987606
9.878,0,-12.064913749694824,-9.297952651977539,84.6288833618164,-60.10977554321289,-90.1460952758789,41.25732421875,-12.064913749694824,-9.297952651977539,84.6288833618164,-60.10977554321289,-90.1460952758789,41.25732421875,41.617742987606
9.909,0,-11.975804328918457,-10.007505416870117,85.13092803955078,-59.86921691894531,-90.13211822509766,40.939781188964844,-11.975804328918457,-10.007505416870117,85.13092803955078,-59.86921691894531,-90.13211822509766,40.939781188964844,41.617742987606
9.945,0,-11.883461952209473,-10.262466430664062,85.05760955810547,-59.46332550048828,-90.07735443115234,40.97216796875,-11.883461952209473,-10.262466430664062,85.05760955810547,-59.46332550048828,-90.07735443115234,40.97216796875,41.617742987606
9.976,0,-11.936341285705566,-10.120248794555664,84.89678192138672,-59.472198486328125,-90.03297424316406,41.0596923828125,-11.936341285705566,-10.120248794555664,84.89678192138672,-59.472198486328125,-90.03297424316406,41.0596923828125,41.42204827136334
10.011,0,-12.186636924743652,-9.691108703613281,84.59478759765625,-59.64222717285156,-90.001220703125,41.1800537109375,-12.186636924743652,-9.691108703613281,84.59478759765625,-59.64222717285156,-90.001220703125,41.1800537109375,41.291585127201564
10.043,0,-12.132403373718262,-10.311750411987305,85.01297760009766,-59.423675537109375,-89.98355865478516,40.8831787109375,-12.132403373718262,-10.311750411987305,85.01297760009766,-59.423675537109375,-89.98355865478516,40.8831787109375,41.226353555120674
10.078,0,-12.091137886047363,-11.019548416137695,85.47029876708984,-59.15449905395508,-89.98197937011719,40.64403533935547,-12.091137886047363,-11.019548416137695,85.47029876708984,-59.15449905395508,-89.98197937011719,40.64403533935547,41.226353555120674
10.111,0,-11.953627586364746,-11.210800170898438,85.36754608154297,-58.79212188720703,-89.89222717285156,40.55443572998047,-11.953627586364746,-11.210800170898438,85.36754608154297,-58.79212188720703,-89.89222717285156,40.55443572998047,41.16112198303979
10.144,0,-11.862771034240723,-11.016351699829102,85.19476318359375,-58.7972526550293,-89.85502624511719,40.53451156616211,-11.862771034240723,-11.016351699829102,85.19476318359375,-58.7972526550293,-89.85502624511719,40.53451156616211,41.0958904109589
10.178,0,-11.798684120178223,-10.745813369750977,85.28826141357422,-59.234619140625,-89.82511901855469,40.39314270019531,-11.798684120178223,-10.745813369750977,85.28826141357422,-59.234619140625,-89.82511901855469,40.39314270019531,40.834964122635355
10.211,0,-11.760851860046387,-11.463254928588867,85.76581573486328,-58.96226119995117,-89.83660125732422,40.20075225830078,-11.760851860046387,-11.463254928588867,85.76581573486328,-58.96226119995117,-89.83660125732422,40.20075225830078,40.834964122635355
10.246,0,-11.706629753112793,-11.767210006713867,85.73126220703125,-58.574275970458984,-89.76957702636719,40.12403869628906,-11.706629753112793,-11.767210006713867,85.73126220703125,-58.574275970458984,-89.76957702636719,40.12403869628906,40.834964122635355
10.277,0,-11.489770889282227,-11.611165046691895,85.5669174194336,-58.55463790893555,-89.71430969238281,40.06340026855469,-11.489770889282227,-11.611165046691895,85.5669174194336,-58.55463790893555,-89.71430969238281,40.06340026855469,40.704500978473575
10.311,0,-11.439127922058105,-11.364669799804688,85.6668930053711,-58.928688049316406,-89.67206573486328,39.904422760009766,-11.439127922058105,-11.364669799804688,85.6668930053711,-58.928688049316406,-89.67206573486328,39.904422760009766,40.44357469015003
10.346,0,-11.392416954040527,-12.0873441696167,86.12672424316406,-58.62702178955078,-89.66319274902344,39.67119216918945,-11.392416954040527,-12.0873441696167,86.12672424316406,-58.62702178955078,-89.66319274902344,39.67119216918945,40.44357469015003
10.380,0,-11.258663177490234,-12.719106674194336,86.2141342163086,-57.9217643737793,-89.55416870117188,39.49253845214844,-11.258663177490234,-12.719106674194336,86.2141342163086,-57.9217643737793,-89.55416870117188,39.49253845214844,40.31311154598826
10.413,0,-11.210549354553223,-12.563033103942871,86.07057189941406,-57.92530822753906,-89.5417709350586,39.45068359375,-11.210549354553223,-12.563033103942871,86.07057189941406,-57.92530822753906,-89.5417709350586,39.45068359375,40.05218525766471
10.447,0,-11.080357551574707,-12.746528625488281,86.09624481201172,-57.763221740722656,-89.56444549560547,39.53489685058594,-11.080357551574707,-12.746528625488281,86.09624481201172,-57.763221740722656,-89.56444549560547,39.53489685058594,39.85649054142205
10.478,0,-10.990021705627441,-13.569725036621094,86.54865264892578,-57.304100036621094,-89.5156021118164,39.20280456542969,-10.990021705627441,-13.569725036621094,86.54865264892578,-57.304100036621094,-89.5156021118164,39.20280456542969,39.726027397260275
10.515,0,-10.855443000793457,-13.791444778442383,86.59127044677734,-57.02397155761719,-89.44942474365234,39.09656524658203,-10.855443000793457,-13.791444778442383,86.59127044677734,-57.02397155761719,-89.44942474365234,39.09656524658203,39.660795825179385
10.545,0,-10.831402778625488,-13.278560638427734,86.37802124023438,-57.37091064453125,-89.46632385253906,39.141510009765625,-10.831402778625488,-13.278560638427734,86.37802124023438,-57.37091064453125,-89.46632385253906,39.141510009765625,39.595564253098495
10.584,0,-10.684247970581055,-13.447101593017578,86.46966552734375,-57.30139923095703,-89.50962829589844,39.25431823730469,-10.684247970581055,-13.447101593017578,86.46966552734375,-57.30139923095703,-89.50962829589844,39.25431823730469,39.39986953685584
10.611,0,-10.615593910217285,-14.350115776062012,86.96305847167969,-56.809112548828125,-89.47715759277344,38.923316955566406,-10.615593910217285,-14.350115776062012,86.96305847167969,-56.809112548828125,-89.47715759277344,38.923316955566406,39.39986953685584
10.650,0,-10.729276657104492,-14.393777847290039,87.01834106445312,-56.78419494628906,-89.43251037597656,38.82989501953125,-10.729276657104492,-14.393777847290039,87.01834106445312,-56.78419494628906,-89.43251037597656,38.82989501953125,39.33463796477495
10.678,0,-10.691161155700684,-13.833941459655762,86.82564544677734,-57.185028076171875,-89.43689727783203,38.85923385620117,-10.691161155700684,-13.833941459655762,86.82564544677734,-57.185028076171875,-89.43689727783203,38.85923385620117,39.26940639269406
10.717,0,-10.531598091125488,-13.89345932006836,86.84635925292969,-57.16331100463867,-89.47313690185547,38.97936248779297,-10.531598091125488,-13.89345932006836,86.84635925292969,-57.16331100463867,-89.47313690185547,38.97936248779297,39.138943248532286
10.747,0,-10.459708213806152,-14.607612609863281,87.32585144042969,-56.868125915527344,-89.46268463134766,38.777687072753906,-10.459708213806152,-14.607612609863281,87.32585144042969,-56.868125915527344,-89.46268463134766,38.777687072753906,39.00848010437051
10.783,0,-10.58465576171875,-14.225308418273926,87.33905792236328,-57.281394958496094,-89.4276123046875,38.7797737121582,-10.58465576171875,-14.225308418273926,87.33905792236328,-57.281394958496094,-89.4276123046875,38.7797737121582,39.00848010437051
10.813,0,-10.523324966430664,-13.83459758758545,87.11402893066406,-57.44844055175781,-89.4117431640625,38.73670196533203,-10.523324966430664,-13.83459758758545,87.11402893066406,-57.44844055175781,-89.4117431640625,38.73670196533203,39.00848010437051
10.847,0,-10.374939918518066,-13.821911811828613,87.14134216308594,-57.51425552368164,-89.44612121582031,38.894317626953125,-10.374939918518066,-13.821911811828613,87.14134216308594,-57.51425552368164,-89.44612121582031,38.894317626953125,39.00848010437051
10.884,0,-10.489898681640625,-14.001457214355469,87.33692932128906,-57.561012268066406,-89.48629760742188,38.928367614746094,-10.489898681640625,-14.001457214355469,87.33692932128906,-57.561012268066406,-89.48629760742188,38.928367614746094,39.00848010437051
10.915,0,-10.596500396728516,-13.847715377807617,87.3902816772461,-57.78575134277344,-89.4588623046875,38.966522216796875,-10.596500396728516,-13.847715377807617,87.3902816772461,-57.78575134277344,-89.4588623046875,38.966522216796875,39.00848010437051
10.950,0,-10.552069664001465,-13.650915145874023,87.20299530029297,-57.794288635253906,-89.4358139038086,38.934783935546875,-10.552069664001465,-13.650915145874023,87.20299530029297,-57.794288635253906,-89.4358139038086,38.934783935546875,39.00848010437051
10.983,0,-10.407637596130371,-13.629586219787598,87.21708679199219,-57.88080978393555,-89.48180389404297,39.178199768066406,-10.407637596130371,-13.629586219787598,87.21708679199219,-57.88080978393555,-89.48180389404297,39.178199768066406,39.00848010437051
11.016,0,-10.521283149719238,-13.733030319213867,87.35862731933594,-57.95054626464844,-89.52192687988281,39.23835372924805,-10.521283149719238,-13.733030319213867,87.35862731933594,-57.95054626464844,-89.52192687988281,39.23835372924805,39.00848010437051
11.049,0,-10.605155944824219,-13.494913101196289,87.42755126953125,-58.27888488769531,-89.50103759765625,39.30933380126953,-10.605155944824219,-13.494913101196289,87.42755126953125,-58.27888488769531,-89.50103759765625,39.30933380126953,39.00848010437051
11.085,0,-10.55871295928955,-13.07956600189209,87.2000732421875,-58.48799133300781,-89.49695587158203,39.363731384277344,-10.55871295928955,-13.07956600189209,87.2000732421875,-58.48799133300781,-89.49695587158203,39.363731384277344,39.00848010437051
11.116,0,-10.52212905883789,-13.166918754577637,87.18851470947266,-58.40511703491211,-89.54283142089844,39.54136657714844,-10.52212905883789,-13.166918754577637,87.18851470947266,-58.40511703491211,-89.54283142089844,39.54136657714844,39.00848010437051
11.152,0,-10.493950843811035,-13.353443145751953,87.39944458007812,-58.37364959716797,-89.52792358398438,39.29206085205078,-10.493950843811035,-13.353443145751953,87.39944458007812,-58.37364959716797,-89.52792358398438,39.29206085205078,39.00848010437051
11.182,0,-10.450904846191406,-13.158866882324219,87.38392639160156,-58.557952880859375,-89.48664093017578,39.29383087158203,-10.450904846191406,-13.158866882324219,87.38392639160156,-58.557952880859375,-89.48664093017578,39.29383087158203,39.00848010437051
11.221,0,-10.307917594909668,-12.885087966918945,87.17318725585938,-58.62969207763672,-89.44970703125,39.317604064941406,-10.307917594909668,-12.885087966918945,87.17318725585938,-58.62969207763672,-89.44970703125,39.317604064941406,39.00848010437051
11.248,0,-10.198079109191895,-12.883829116821289,87.10173797607422,-58.56892395019531,-89.47252655029297,39.497291564941406,-10.198079109191895,-12.883829116821289,87.10173797607422,-58.56892395019531,-89.47252655029297,39.497291564941406,39.00848010437051
11.287,0,-10.173870086669922,-13.213059425354004,87.34774017333984,-58.4261474609375,-89.46478271484375,39.276702880859375,-10.173870086669922,-13.213059425354004,87.34774017333984,-58.4261474609375,-89.46478271484375,39.276702880859375,39.00848010437051
11.317,0,-10.035815238952637,-12.75598430633545,87.0636215209961,-58.64772415161133,-89.45344543457031,39.45500564575195,-10.035815238952637,-12.75598430633545,87.0636215209961,-58.64772415161133,-89.45344543457031,39.45500564575195,39.00848010437051
11.349,0,-9.91829776763916,-12.309947967529297,86.83690643310547,-58.93730163574219,-89.45316314697266,39.646636962890625,-9.91829776763916,-12.309947967529297,86.83690643310547,-58.93730163574219,-89.45316314697266,39.646636962890625,39.00848010437051
11.386,0,-9.810434341430664,-12.233601570129395,86.787353515625,-58.965450286865234,-89.48634338378906,39.89393997192383,-9.810434341430664,-12.233601570129395,86.787353515625,-58.965450286865234,-89.48634338378906,39.89393997192383,39.00848010437051
11.417,0,-9.634538650512695,-12.156837463378906,86.75811767578125,-59.024993896484375,-89.46175384521484,40.04010009765625,-9.634538650512695,-12.156837463378906,86.75811767578125,-59.024993896484375,-89.46175384521484,40.04010009765625,39.00848010437051
11.454,0,-9.455575942993164,-12.139546394348145,86.73983764648438,-58.98433303833008,-89.40693664550781,40.14604949951172,-9.455575942993164,-12.139546394348145,86.73983764648438,-58.98433303833008,-89.40693664550781,40.14604949951172,39.00848010437051
11.484,0,-9.274646759033203,-11.545211791992188,86.45558166503906,-59.40711212158203,-89.4029769897461,40.3342170715332,-9.274646759033203,-11.545211791992188,86.45558166503906,-59.40711212158203,-89.4029769897461,40.3342170715332,39.39986953685584
11.522,0,-9.114542961120605,-11.45817756652832,86.34210205078125,-59.398128509521484,-89.41931915283203,40.594322204589844,-9.114542961120605,-11.45817756652832,86.34210205078125,-59.398128509521484,-89.41931915283203,40.594322204589844,39.595564253098495
11.551,0,-9.042218208312988,-11.774128913879395,86.54823303222656,-59.22267532348633,-89.38878631591797,40.305816650390625,-9.042218208312988,-11.774128913879395,86.54823303222656,-59.22267532348633,-89.38878631591797,40.305816650390625,39.726027397260275
11.589,0,-8.99126148223877,-11.273969650268555,86.2490463256836,-59.50013732910156,-89.38597106933594,40.49066162109375,-8.99126148223877,-11.273969650268555,86.2490463256836,-59.50013732910156,-89.38597106933594,40.49066162109375,39.98695368558382
11.617,0,-8.93828296661377,-10.746126174926758,85.95696258544922,-59.83195877075195,-89.41007232666016,40.6576042175293,-8.93828296661377,-10.746126174926758,85.95696258544922,-59.83195877075195,-89.41007232666016,40.6576042175293,40.11741682974559
11.653,0,-8.793930053710938,-10.896294593811035,85.91743469238281,-59.587806701660156,-89.4164047241211,40.88289260864258,-8.793930053710938,-10.896294593811035,85.91743469238281,-59.587806701660156,-89.4164047241211,40.88289260864258,40.11741682974559
11.684,0,-8.427388191223145,-10.686098098754883,85.78019714355469,-59.67607116699219,-89.31632232666016,40.86395263671875,-8.427388191223145,-10.686098098754883,85.78019714355469,-59.67607116699219,-89.31632232666016,40.86395263671875,40.182648401826484
11.722,0,-8.08086109161377,-10.455900192260742,85.64602661132812,-59.78418731689453,-89.21150970458984,40.896522521972656,-8.08086109161377,-10.455900192260742,85.64602661132812,-59.78418731689453,-89.21150970458984,40.896522521972656,40.37834311806915
11.753,0,-8.305217742919922,-9.973146438598633,85.41305541992188,-60.08840560913086,-89.25846862792969,41.13315963745117,-8.305217742919922,-9.973146438598633,85.41305541992188,-60.08840560913086,-89.25846862792969,41.13315963745117,40.50880626223092
11.788,0,-8.169184684753418,-10.021780014038086,85.48129272460938,-60.07426071166992,-89.21845245361328,40.88245391845703,-8.169184684753418,-10.021780014038086,85.48129272460938,-60.07426071166992,-89.21845245361328,40.88245391845703,40.50880626223092
11.819,0,-8.067425727844238,-10.188454627990723,85.65460205078125,-60.046844482421875,-89.18465423583984,40.60017776489258,-8.067425727844238,-10.188454627990723,85.65460205078125,-60.046844482421875,-89.18465423583984,40.60017776489258,40.5740378343118
11.855,0,-8.310995101928711,-9.811756134033203,85.45564270019531,-60.26154327392578,-89.23403930664062,40.84815979003906,-8.310995101928711,-9.811756134033203,85.45564270019531,-60.26154327392578,-89.23403930664062,40.84815979003906,40.63926940639269
11.888,0,-8.14148998260498,-9.389152526855469,85.25474548339844,-60.60348892211914,-89.24284362792969,41.085784912109375,-8.14148998260498,-9.389152526855469,85.25474548339844,-60.60348892211914,-89.24284362792969,41.085784912109375,40.63926940639269
11.922,0,-7.946331024169922,-8.934449195861816,84.9864273071289,-60.89057159423828,-89.23641204833984,41.31447982788086,-7.946331024169922,-8.934449195861816,84.9864273071289,-60.89057159423828,-89.23641204833984,41.31447982788086,40.63926940639269
11.953,0,-7.964778900146484,-8.41477108001709,84.77055358886719,-61.28582763671875,-89.22468566894531,41.357688903808594,-7.964778900146484,-8.41477108001709,84.77055358886719,-61.28582763671875,-89.22468566894531,41.357688903808594,40.63926940639269
11.991,0,-8.203912734985352,-8.00885009765625,84.56973266601562,-61.56126022338867,-89.27044677734375,41.5803108215332,-8.203912734985352,-8.00885009765625,84.56973266601562,-61.56126022338867,-89.27044677734375,41.5803108215332,40.769732550554465
12.019,0,-8.0209379196167,-7.640164375305176,84.38050079345703,-61.87782669067383,-89.27635955810547,41.807044982910156,-8.0209379196167,-7.640164375305176,84.38050079345703,-61.87782669067383,-89.27635955810547,41.807044982910156,41.03065883887801
12.058,0,-7.827272415161133,-7.691168785095215,84.44832611083984,-61.893699645996094,-89.2337875366211,41.622772216796875,-7.827272415161133,-7.691168785095215,84.44832611083984,-61.893699645996094,-89.2337875366211,41.622772216796875,41.0958904109589
12.088,0,-7.8292951583862305,-7.200221061706543,84.2359619140625,-62.29425048828125,-89.23339080810547,41.67809295654297,-7.8292951583862305,-7.200221061706543,84.2359619140625,-62.29425048828125,-89.23339080810547,41.67809295654297,41.291585127201564
12.124,0,-8.056511878967285,-6.756587982177734,84.02137756347656,-62.60874557495117,-89.27516174316406,41.91933822631836,-8.056511878967285,-6.756587982177734,84.02137756347656,-62.60874557495117,-89.27516174316406,41.91933822631836,41.35681669928245
12.152,0,-7.853725433349609,-6.350649833679199,83.82658386230469,-62.95933151245117,-89.27957153320312,42.12706756591797,-7.853725433349609,-6.350649833679199,83.82658386230469,-62.95933151245117,-89.27957153320312,42.12706756591797,41.35681669928245
12.189,0,-7.6450300216674805,-6.319438934326172,83.88167572021484,-63.04692840576172,-89.22960662841797,41.979583740234375,-7.6450300216674805,-6.319438934326172,83.88167572021484,-63.04692840576172,-89.22960662841797,41.979583740234375,41.42204827136334
12.228,0,-7.640204429626465,-5.888628959655762,83.6933364868164,-63.404685974121094,-89.22345733642578,42.024864196777344,-7.640204429626465,-5.888628959655762,83.6933364868164,-63.404685974121094,-89.22345733642578,42.024864196777344,41.617742987606
12.253,0,-7.914460182189941,-5.453290939331055,83.49378204345703,-63.71098327636719,-89.25999450683594,42.207908630371094,-7.914460182189941,-5.453290939331055,83.49378204345703,-63.71098327636719,-89.25999450683594,42.207908630371094,41.617742987606
12.290,0,-7.701562881469727,-4.995858192443848,83.28175354003906,-64.12662506103516,-89.27508544921875,42.40186309814453,-7.701562881469727,-4.995858192443848,83.28175354003906,-64.12662506103516,-89.27508544921875,42.40186309814453,41.74820613176777
12.323,0,-7.392189979553223,-4.79283332824707,83.30674743652344,-64.40469360351562,-89.24267578125,42.26499557495117,-7.392189979553223,-4.79283332824707,83.30674743652344,-64.40469360351562,-89.24267578125,42.26499557495117,41.878669275929546
12.355,0,-7.526973724365234,-4.617236137390137,83.18812561035156,-64.49562072753906,-89.24942779541016,42.22087860107422,-7.526973724365234,-4.617236137390137,83.18812561035156,-64.49562072753906,-89.24942779541016,42.22087860107422,41.878669275929546
12.390,0,-7.743795394897461,-4.079197883605957,82.98947143554688,-64.91580200195312,-89.30606842041016,42.42705535888672,-7.743795394897461,-4.079197883605957,82.98947143554688,-64.91580200195312,-89.30606842041016,42.42705535888672,41.878669275929546
12.421,0,-7.528874397277832,-3.6189327239990234,82.75944519042969,-65.32035827636719,-89.3245620727539,42.64324188232422,-7.528874397277832,-3.6189327239990234,82.75944519042969,-65.32035827636719,-89.3245620727539,42.64324188232422,41.878669275929546
12.459,0,-7.203322410583496,-3.5051393508911133,82.82447052001953,-65.52651977539062,-89.28990173339844,42.42570495605469,-7.203322410583496,-3.5051393508911133,82.82447052001953,-65.52651977539062,-89.28990173339844,42.42570495605469,41.943900848010436
12.489,0,-7.384808540344238,-3.557318687438965,82.89332580566406,-65.55435943603516,-89.27352142333984,42.45266342163086,-7.384808540344238,-3.557318687438965,82.89332580566406,-65.55435943603516,-89.27352142333984,42.45266342163086,42.1395955642531
12.527,0,-7.605284690856934,-3.1288986206054688,82.75730895996094,-65.92237091064453,-89.32227325439453,42.605567932128906,-7.605284690856934,-3.1288986206054688,82.75730895996094,-65.92237091064453,-89.32227325439453,42.605567932128906,42.20482713633398
12.556,0,-7.375718116760254,-3.1618261337280273,82.67897033691406,-65.83033752441406,-89.35950469970703,42.83360290527344,-7.375718116760254,-3.1618261337280273,82.67897033691406,-65.83033752441406,-89.35950469970703,42.83360290527344,42.20482713633398
12.594,0,-7.0517683029174805,-3.007732391357422,82.73697662353516,-66.08589935302734,-89.33489990234375,42.62286376953125,-7.0517683029174805,-3.007732391357422,82.73697662353516,-66.08589935302734,-89.33489990234375,42.62286376953125,42.27005870841487
12.623,0,-7.375718116760254,-3.134152412414551,82.8730239868164,-66.07344055175781,-89.32862091064453,42.63977813720703,-7.375718116760254,-3.134152412414551,82.8730239868164,-66.07344055175781,-89.32862091064453,42.63977813720703,42.27005870841487
12.661,0,-7.602532386779785,-2.6552486419677734,82.71687316894531,-66.50464630126953,-89.38949584960938,42.81904602050781,-7.602532386779785,-2.6552486419677734,82.71687316894531,-66.50464630126953,-89.38949584960938,42.81904602050781,42.27005870841487
12.691,0,-7.395247459411621,-2.7879629135131836,82.68500518798828,-66.33320617675781,-89.43570709228516,43.03093338012695,-7.395247459411621,-2.7879629135131836,82.68500518798828,-66.33320617675781,-89.43570709228516,43.03093338012695,42.27005870841487
12.728,0,-7.075218200683594,-2.540379524230957,82.7310562133789,-66.68023681640625,-89.4104995727539,42.83734893798828,-7.075218200683594,-2.540379524230957,82.7310562133789,-66.68023681640625,-89.4104995727539,42.83734893798828,42.335290280495755
12.758,0,-7.073381423950195,-2.302121162414551,82.67918395996094,-66.98843383789062,-89.41300964355469,42.84732437133789,-7.073381423950195,-2.302121162414551,82.67918395996094,-66.98843383789062,-89.41300964355469,42.84732437133789,42.53098499673842
12.795,0,-6.9156084060668945,-2.3406982421875,82.69094848632812,-66.92826843261719,-89.35563659667969,42.91637420654297,-6.9156084060668945,-2.3406982421875,82.69094848632812,-66.92826843261719,-89.35563659667969,42.91637420654297,42.59621656881931
12.825,0,-6.686131477355957,-2.393800735473633,82.64395904541016,-66.83685302734375,-89.40047454833984,43.14734649658203,-6.686131477355957,-2.393800735473633,82.64395904541016,-66.83685302734375,-89.40047454833984,43.14734649658203,42.59621656881931
12.857,0,-6.3246612548828125,-2.209427833557129,82.716796875,-67.16387939453125,-89.37255859375,43.00737762451172,-6.3246612548828125,-2.209427833557129,82.716796875,-67.16387939453125,-89.37255859375,43.00737762451172,42.59621656881931
12.897,0,-6.217535972595215,-2.1510658264160156,82.67855834960938,-67.26356506347656,-89.36737060546875,43.02009201049805,-6.217535972595215,-2.1510658264160156,82.67855834960938,-67.26356506347656,-89.36737060546875,43.02009201049805,42.59621656881931
12.923,0,-6.004504203796387,-2.116164207458496,82.6594467163086,-67.27572631835938,-89.3158950805664,43.09736633300781,-6.004504203796387,-2.116164207458496,82.6594467163086,-67.27572631835938,-89.3158950805664,43.09736633300781,42.66144814090019
12.958,0,-5.718925476074219,-1.8926963806152344,82.54063415527344,-67.47199249267578,-89.33270263671875,43.222503662109375,-5.718925476074219,-1.8926963806152344,82.54063415527344,-67.47199249267578,-89.33270263671875,43.222503662109375,42.66144814090019
12.996,0,-5.557551383972168,-1.782979965209961,82.5400161743164,-67.64108276367188,-89.32408905029297,43.24788284301758,-5.557551383972168,-1.782979965209961,82.5400161743164,-67.64108276367188,-89.32408905029297,43.24788284301758,42.66144814090019
13.025,0,-5.416868209838867,-1.8025331497192383,82.52406311035156,-67.66441345214844,-89.31120300292969,43.202735900878906,-5.416868209838867,-1.8025331497192383,82.52406311035156,-67.66441345214844,-89.31120300292969,43.202735900878906,42.66144814090019
13.063,0,-5.3736114501953125,-2.0436534881591797,82.6528091430664,-67.52265930175781,-89.31452178955078,43.272850036621094,-5.3736114501953125,-2.0436534881591797,82.6528091430664,-67.52265930175781,-89.31452178955078,43.272850036621094,42.66144814090019
13.092,0,-5.055442810058594,-1.7138032913208008,82.4712142944336,-67.76118469238281,-89.3249740600586,43.400299072265625,-5.055442810058594,-1.7138032913208008,82.4712142944336,-67.76118469238281,-89.3249740600586,43.400299072265625,42.66144814090019
13.129,0,-4.901047706604004,-1.6912689208984375,82.48090362548828,-67.81752014160156,-89.29906463623047,43.41036605834961,-4.901047706604004,-1.6912689208984375,82.48090362548828,-67.81752014160156,-89.29906463623047,43.41036605834961,42.66144814090019
13.162,0,-5.05202579498291,-1.6627388000488281,82.485107421875,-67.82179260253906,-89.29563903808594,43.33931350708008,-5.05202579498291,-1.6627388000488281,82.485107421875,-67.82179260253906,-89.29563903808594,43.33931350708008,42.79191128506197
13.193,0,-5.251374244689941,-1.6341781616210938,82.42619323730469,-67.81787109375,-89.31266784667969,43.47925567626953,-5.251374244689941,-1.6341781616210938,82.42619323730469,-67.81787109375,-89.31266784667969,43.47925567626953,42.922374429223744
13.229,0,-4.926487922668457,-1.3999605178833008,82.2505874633789,-67.92363739013672,-89.30891418457031,43.59636688232422,-4.926487922668457,-1.3999605178833008,82.2505874633789,-67.92363739013672,-89.30891418457031,43.59636688232422,42.98760600130463
13.261,0,-4.755122184753418,-1.355544090270996,82.25366973876953,-68.03510284423828,-89.30342864990234,43.617645263671875,-4.755122184753418,-1.355544090270996,82.25366973876953,-68.03510284423828,-89.30342864990234,43.617645263671875,42.98760600130463
13.297,0,-4.928458213806152,-1.3212471008300781,82.25839233398438,-68.0589599609375,-89.30692291259766,43.58439254760742,-4.928458213806152,-1.3212471008300781,82.25839233398438,-68.0589599609375,-89.30692291259766,43.58439254760742,42.98760600130463
13.328,0,-5.110529899597168,-1.3733177185058594,82.23322296142578,-67.98970031738281,-89.32372283935547,43.70454406738281,-5.110529899597168,-1.3733177185058594,82.23322296142578,-67.98970031738281,-89.32372283935547,43.70454406738281,43.18330071754729
13.360,0,-4.639984130859375,-1.0468120574951172,82.0015640258789,-68.16801452636719,-89.30647277832031,43.85557556152344,-4.639984130859375,-1.0468120574951172,82.0015640258789,-68.16801452636719,-89.30647277832031,43.85557556152344,43.18330071754729
13.398,0,-4.474204063415527,-1.0773115158081055,82.010498046875,-68.16764068603516,-89.2779312133789,43.85392761230469,-4.474204063415527,-1.0773115158081055,82.010498046875,-68.16764068603516,-89.2779312133789,43.85392761230469,43.37899543378995
13.426,0,-4.634063720703125,-1.0572328567504883,81.99267578125,-68.15567779541016,-89.272705078125,43.83369827270508,-4.634063720703125,-1.0572328567504883,81.99267578125,-68.15567779541016,-89.272705078125,43.83369827270508,43.37899543378995
13.469,0,-4.821067810058594,-1.126500129699707,81.99222564697266,-68.0742416381836,-89.2917709350586,43.95071792602539,-4.821067810058594,-1.126500129699707,81.99222564697266,-68.0742416381836,-89.2917709350586,43.95071792602539,43.37899543378995
13.492,0,-4.406683921813965,-0.707758903503418,81.67980194091797,-68.26973724365234,-89.2732925415039,44.115318298339844,-4.406683921813965,-0.707758903503418,81.67980194091797,-68.26973724365234,-89.2732925415039,44.115318298339844,43.37899543378995
13.529,0,-4.168928146362305,-0.7965850830078125,81.7281494140625,-68.26737976074219,-89.24161529541016,44.07112503051758,-4.168928146362305,-0.7965850830078125,81.7281494140625,-68.26737976074219,-89.24161529541016,44.07112503051758,43.37899543378995
13.564,0,-4.292540550231934,-0.7468156814575195,81.71800231933594,-68.33035278320312,-89.24249267578125,44.0732536315918,-4.292540550231934,-0.7468156814575195,81.71800231933594,-68.33035278320312,-89.24249267578125,44.0732536315918,43.509458577951726
13.597,0,-4.4631757736206055,-0.8276453018188477,81.74948120117188,-68.28706359863281,-89.2694320678711,44.17195129394531,-4.4631757736206055,-0.8276453018188477,81.74948120117188,-68.28706359863281,-89.2694320678711,44.17195129394531,43.6399217221135
13.629,0,-4.032400131225586,-0.4482545852661133,81.421630859375,-68.47151184082031,-89.23983764648438,44.37609100341797,-4.032400131225586,-0.4482545852661133,81.421630859375,-68.47151184082031,-89.23983764648438,44.37609100341797,43.70515329419439
13.664,0,-3.6003637313842773,-0.28798770904541016,81.41619873046875,-68.6830062866211,-89.19013977050781,44.191898345947266,-3.6003637313842773,-0.28798770904541016,81.41619873046875,-68.6830062866211,-89.19013977050781,44.191898345947266,43.77038486627527
13.695,0,-3.71221923828125,-0.2163715362548828,81.35831451416016,-68.74237060546875,-89.19013214111328,44.190040588378906,-3.71221923828125,-0.2163715362548828,81.35831451416016,-68.74237060546875,-89.19013214111328,44.190040588378906,43.966079582517935
13.734,0,-3.5295987129211426,-0.16151905059814453,81.28428649902344,-68.78646850585938,-89.20535278320312,44.22589111328125,-3.5295987129211426,-0.16151905059814453,81.28428649902344,-68.78646850585938,-89.20535278320312,44.22589111328125,43.966079582517935
13.762,0,-3.055640697479248,0.15336894989013672,81.02067565917969,-68.99668884277344,-89.20496368408203,44.38249969482422,-3.055640697479248,0.15336894989013672,81.02067565917969,-68.99668884277344,-89.20496368408203,44.38249969482422,44.031311154598825
13.807,0,-2.584636688232422,0.2567005157470703,81.05148315429688,-69.17508697509766,-89.15510559082031,44.166748046875,-2.584636688232422,0.2567005157470703,81.05148315429688,-69.17508697509766,-89.15510559082031,44.166748046875,44.031311154598825
13.830,0,-2.66583251953125,0.2578620910644531,80.99916076660156,-69.14981079101562,-89.1568832397461,44.13915252685547,-2.66583251953125,0.2578620910644531,80.99916076660156,-69.14981079101562,-89.1568832397461,44.13915252685547,44.031311154598825
13.874,0,-2.8499298095703125,0.17441940307617188,81.10391235351562,-69.13653564453125,-89.18560028076172,44.21730422973633,-2.8499298095703125,0.17441940307617188,81.10391235351562,-69.13653564453125,-89.18560028076172,44.21730422973633,44.031311154598825
13.896,0,-2.6946563720703125,0.1347799301147461,80.98193359375,-69.02183532714844,-89.1401596069336,44.24164581298828,-2.6946563720703125,0.1347799301147461,80.98193359375,-69.02183532714844,-89.1401596069336,44.24164581298828,44.031311154598825
13.934,0,-2.479219913482666,0.10501956939697266,80.95450592041016,-69.03172302246094,-89.09559631347656,44.309226989746094,-2.479219913482666,0.10501956939697266,80.95450592041016,-69.03172302246094,-89.09559631347656,44.309226989746094,44.031311154598825
13.972,0,-1.99664306640625,0.21826744079589844,80.88691711425781,-69.13064575195312,-89.02074432373047,44.13703918457031,-1.99664306640625,0.21826744079589844,80.88691711425781,-69.13064575195312,-89.02074432373047,44.13703918457031,44.031311154598825
13.996,0,-2.0822362899780273,0.14469528198242188,80.9228515625,-69.09492492675781,-89.00909423828125,44.08406448364258,-2.0822362899780273,0.14469528198242188,80.9228515625,-69.09492492675781,-89.00909423828125,44.08406448364258,44.031311154598825
14.036,0,-2.2588753700256348,-0.043396949768066406,80.97732543945312,-68.95146942138672,-89.03771209716797,44.09516906738281,-2.2588753700256348,-0.043396949768066406,80.97732543945312,-68.95146942138672,-89.03771209716797,44.09516906738281,44.031311154598825
14.076,0,-2.0634818077087402,0.015363693237304688,80.87229919433594,-68.93505859375,-88.97573852539062,44.1509895324707,-2.0634818077087402,0.015363693237304688,80.87229919433594,-68.93505859375,-88.97573852539062,44.1509895324707,44.031311154598825
14.099,0,-1.5987272262573242,0.11934661865234375,80.76703643798828,-68.97904205322266,-88.87942504882812,43.91699981689453,-1.5987272262573242,0.11934661865234375,80.76703643798828,-68.97904205322266,-88.87942504882812,43.91699981689453,44.031311154598825
14.144,0,-1.6578888893127441,0.05833911895751953,80.76427459716797,-68.91090393066406,-88.8597640991211,43.85679626464844,-1.6578888893127441,0.05833911895751953,80.76427459716797,-68.91090393066406,-88.8597640991211,43.85679626464844,44.031311154598825
14.174,0,-1.8272051811218262,-0.18971920013427734,80.82404327392578,-68.69239807128906,-88.8812026977539,43.855228424072266,-1.8272051811218262,-0.18971920013427734,80.82404327392578,-68.69239807128906,-88.8812026977539,43.855228424072266,44.031311154598825
14.201,0,-1.5410022735595703,-0.2323169708251953,80.7152099609375,-68.55128479003906,-88.8525161743164,43.95970916748047,-1.5410022735595703,-0.2323169708251953,80.7152099609375,-68.55128479003906,-88.8525161743164,43.95970916748047,44.031311154598825
14.242,0,-1.0781254768371582,-0.005778312683105469,80.60176086425781,-68.718994140625,-88.75499725341797,43.778480529785156,-1.0781254768371582,-0.005778312683105469,80.60176086425781,-68.718994140625,-88.75499725341797,43.778480529785156,44.031311154598825
14.267,0,-1.170701026916504,-0.11644363403320312,80.607421875,-68.60260009765625,-88.73794555664062,43.704307556152344,-1.170701026916504,-0.11644363403320312,80.607421875,-68.60260009765625,-88.73794555664062,43.704307556152344,44.031311154598825
14.312,0,-1.3171939849853516,-0.3727254867553711,80.67586517333984,-68.3856201171875,-88.74148559570312,43.70243835449219,-1.3171939849853516,-0.3727254867553711,80.67586517333984,-68.3856201171875,-88.74148559570312,43.70243835449219,44.031311154598825
14.335,0,-1.1870136260986328,-0.33098793029785156,80.55817413330078,-68.35409545898438,-88.7059097290039,43.69718933105469,-1.1870136260986328,-0.33098793029785156,80.55817413330078,-68.35409545898438,-88.7059097290039,43.69718933105469,44.031311154598825
14.370,0,-0.7062435150146484,-0.13685894012451172,80.4475326538086,-68.47379302978516,-88.59327697753906,43.479217529296875,-0.7062435150146484,-0.13685894012451172,80.4475326538086,-68.47379302978516,-88.59327697753906,43.479217529296875,44.031311154598825
14.404,0,-0.8023056983947754,-0.250823974609375,80.4488525390625,-68.35423278808594,-88.58180236816406,43.37335205078125,-0.8023056983947754,-0.250823974609375,80.4488525390625,-68.35423278808594,-88.58180236816406,43.37335205078125,44.031311154598825
14.436,0,-0.9705133438110352,-0.6095819473266602,80.61507415771484,-68.06768798828125,-88.6052474975586,43.37030792236328,-0.9705133438110352,-0.6095819473266602,80.61507415771484,-68.06768798828125,-88.6052474975586,43.37030792236328,44.031311154598825
14.471,0,-0.8071632385253906,-0.5728302001953125,80.51850128173828,-68.06660461425781,-88.55858612060547,43.323917388916016,-0.8071632385253906,-0.5728302001953125,80.51850128173828,-68.06660461425781,-88.55858612060547,43.323917388916016,43.83561643835616
14.502,0,-0.6766796112060547,-0.09586715698242188,80.3457260131836,-68.54613494873047,-88.56217193603516,43.440032958984375,-0.6766796112060547,-0.09586715698242188,80.3457260131836,-68.54613494873047,-88.56217193603516,43.440032958984375,43.6399217221135
14.540,0,-0.7714166641235352,-0.25321483612060547,80.372314453125,-68.4119873046875,-88.54733276367188,43.32768249511719,-0.7714166641235352,-0.25321483612060547,80.372314453125,-68.4119873046875,-88.54733276367188,43.32768249511719,43.6399217221135
14.570,0,-0.938321590423584,-0.5902080535888672,80.52592468261719,-68.13155364990234,-88.56891632080078,43.28498077392578,-0.938321590423584,-0.5902080535888672,80.52592468261719,-68.13155364990234,-88.56891632080078,43.28498077392578,43.6399217221135
14.607,0,-0.6283054351806641,-0.7242136001586914,80.42272186279297,-67.92662048339844,-88.52922058105469,43.24460983276367,-0.6283054351806641,-0.7242136001586914,80.42272186279297,-67.92662048339844,-88.52922058105469,43.24460983276367,43.6399217221135
14.635,0,-0.21654558181762695,-1.078989028930664,80.60082244873047,-67.69092559814453,-88.48835754394531,42.942787170410156,-0.21654558181762695,-1.078989028930664,80.60082244873047,-67.69092559814453,-88.48835754394531,42.942787170410156,43.6399217221135
14.674,0,-0.22277212142944336,-1.7272329330444336,80.86156463623047,-67.17340087890625,-88.4668960571289,42.84653854370117,-0.22277212142944336,-1.7272329330444336,80.86156463623047,-67.17340087890625,-88.4668960571289,42.84653854370117,43.6399217221135
14.703,0,-0.3831324577331543,-2.161785125732422,80.9961929321289,-66.75550842285156,-88.48430633544922,42.75236511230469,-0.3831324577331543,-2.161785125732422,80.9961929321289,-66.75550842285156,-88.48430633544922,42.75236511230469,43.574690150032616
14.742,0,-0.04095125198364258,-2.218557357788086,80.88448333740234,-66.60968780517578,-88.44236755371094,42.710208892822266,-0.04095125198364258,-2.218557357788086,80.88448333740234,-66.60968780517578,-88.44236755371094,42.710208892822266,43.37899543378995
14.769,0,0.3827528953552246,-2.6239805221557617,81.06974792480469,-66.29859924316406,-88.40450286865234,42.38268280029297,0.3827528953552246,-2.6239805221557617,81.06974792480469,-66.29859924316406,-88.40450286865234,42.38268280029297,43.1180691454664
14.808,0,0.395923376083374,-3.103634834289551,81.22441864013672,-65.87846374511719,-88.36192321777344,42.25153732299805,0.395923376083374,-3.103634834289551,81.22441864013672,-65.87846374511719,-88.36192321777344,42.25153732299805,43.05283757338552
14.842,0,0.20355892181396484,-3.6249399185180664,81.35003662109375,-65.33447265625,-88.37908935546875,42.134429931640625,0.20355892181396484,-3.6249399185180664,81.35003662109375,-65.33447265625,-88.37908935546875,42.134429931640625,42.857142857142854
14.870,0,0.34304165840148926,-3.5701093673706055,81.19902038574219,-65.19737243652344,-88.33831024169922,42.159423828125,0.34304165840148926,-3.5701093673706055,81.19902038574219,-65.19737243652344,-88.33831024169922,42.159423828125,42.66144814090019
14.906,0,0.6516561508178711,-4.261868476867676,81.5908203125,-64.74507141113281,-88.3135986328125,41.884891510009766,0.6516561508178711,-4.261868476867676,81.5908203125,-64.74507141113281,-88.3135986328125,41.884891510009766,42.465753424657535
14.941,0,0.6766650676727295,-4.82478141784668,81.76953125,-64.23551940917969,-88.25316619873047,41.712730407714844,0.6766650676727295,-4.82478141784668,81.76953125,-64.23551940917969,-88.25316619873047,41.712730407714844,42.400521852576645
14.970,0,0.47510433197021484,-5.517971038818359,81.94815826416016,-63.55910110473633,-88.26026916503906,41.56673812866211,0.47510433197021484,-5.517971038818359,81.94815826416016,-63.55910110473633,-88.26026916503906,41.56673812866211,42.27005870841487
15.013,0,0.6426753997802734,-5.550763130187988,81.79878234863281,-63.30795669555664,-88.21480560302734,41.57078170776367,0.6426753997802734,-5.550763130187988,81.79878234863281,-63.30795669555664,-88.21480560302734,41.57078170776367,42.07436399217221
15.036,0,0.972088098526001,-6.306438446044922,82.22929382324219,-62.8372802734375,-88.1863021850586,41.32238006591797,0.972088098526001,-6.306438446044922,82.22929382324219,-62.8372802734375,-88.1863021850586,41.32238006591797,41.943900848010436
15.073,0,1.0249788761138916,-6.891323089599609,82.43475341796875,-62.33294677734375,-88.11534118652344,41.243221282958984,1.0249788761138916,-6.891323089599609,82.43475341796875,-62.33294677734375,-88.11534118652344,41.243221282958984,41.943900848010436
15.108,0,0.8790700435638428,-7.545184135437012,82.59440612792969,-61.69041442871094,-88.11183166503906,41.12950897216797,0.8790700435638428,-7.545184135437012,82.59440612792969,-61.69041442871094,-88.11183166503906,41.12950897216797,41.74820613176777
15.139,0,1.0473592281341553,-7.578152656555176,82.43254089355469,-61.42459487915039,-88.06178283691406,41.07649230957031,1.0473592281341553,-7.578152656555176,82.43254089355469,-61.42459487915039,-88.06178283691406,41.07649230957031,41.55251141552511
15.173,0,1.2655174732208252,-8.19859504699707,82.76219940185547,-60.98527145385742,-88.00825500488281,40.90180206298828,1.2655174732208252,-8.19859504699707,82.76219940185547,-60.98527145385742,-88.00825500488281,40.90180206298828,41.48727984344423
15.207,0,1.3219609260559082,-8.907215118408203,82.96778106689453,-60.347496032714844,-87.93335723876953,40.73838806152344,1.3219609260559082,-8.907215118408203,82.96778106689453,-60.347496032714844,-87.93335723876953,40.73838806152344,41.291585127201564
15.243,0,1.1898894309997559,-9.946503639221191,83.2792739868164,-59.41203308105469,-87.92280578613281,40.49945831298828,1.1898894309997559,-9.946503639221191,83.2792739868164,-59.41203308105469,-87.92280578613281,40.49945831298828,41.226353555120674
15.272,0,1.3015844821929932,-10.261384963989258,83.18215942382812,-58.911842346191406,-87.90425109863281,40.50151824951172,1.3015844821929932,-10.261384963989258,83.18215942382812,-58.911842346191406,-87.90425109863281,40.50151824951172,41.0958904109589
15.311,0,1.4073700904846191,-10.179725646972656,83.27950286865234,-59.15464782714844,-87.91462707519531,40.59404754638672,1.4073700904846191,-10.179725646972656,83.27950286865234,-59.15464782714844,-87.91462707519531,40.59404754638672,40.90019569471624
15.343,0,1.4520471096038818,-10.95336627960205,83.49101257324219,-58.43012237548828,-87.82398223876953,40.4208984375,1.4520471096038818,-10.95336627960205,83.49101257324219,-58.43012237548828,-87.82398223876953,40.4208984375,40.769732550554465
15.374,0,1.4109766483306885,-11.754722595214844,83.83235168457031,-57.79866027832031,-87.79186248779297,40.25211715698242,1.4109766483306885,-11.754722595214844,83.83235168457031,-57.79866027832031,-87.79186248779297,40.25211715698242,40.769732550554465
15.412,0,1.5282883644104004,-12.07271671295166,83.74079132080078,-57.33019256591797,-87.76598358154297,40.24650573730469,1.5282883644104004,-12.07271671295166,83.74079132080078,-57.33019256591797,-87.76598358154297,40.24650573730469,40.769732550554465
15.442,0,1.6950066089630127,-12.20154094696045,83.86454010009766,-57.36637878417969,-87.7476806640625,40.24303436279297,1.6950066089630127,-12.20154094696045,83.86454010009766,-57.36637878417969,-87.7476806640625,40.24303436279297,40.704500978473575
15.474,0,1.656886100769043,-12.803304672241211,84.03107452392578,-56.79529571533203,-87.66947174072266,40.143856048583984,1.656886100769043,-12.803304672241211,84.03107452392578,-56.79529571533203,-87.66947174072266,40.143856048583984,40.50880626223092
15.512,0,1.6787638664245605,-13.559877395629883,84.36178588867188,-56.20337677001953,-87.62881469726562,39.97569274902344,1.6787638664245605,-13.559877395629883,84.36178588867188,-56.20337677001953,-87.62881469726562,39.97569274902344,40.44357469015003
15.540,0,1.842078447341919,-13.721172332763672,84.24574279785156,-55.865760803222656,-87.57723236083984,40.00151062011719,1.842078447341919,-13.721172332763672,84.24574279785156,-55.865760803222656,-87.57723236083984,40.00151062011719,40.37834311806915
15.580,0,2.0128588676452637,-13.811979293823242,84.35100555419922,-55.92606735229492,-87.5723648071289,40.08294677734375,2.0128588676452637,-13.811979293823242,84.35100555419922,-55.92606735229492,-87.5723648071289,40.08294677734375,40.37834311806915
15.608,0,2.0055055618286133,-14.518579483032227,84.59942626953125,-55.34794998168945,-87.50079345703125,39.98167419433594,2.0055055618286133,-14.518579483032227,84.59942626953125,-55.34794998168945,-87.50079345703125,39.98167419433594,40.37834311806915
15.646,0,2.396543025970459,-14.327630043029785,84.50469970703125,-55.51176452636719,-87.53433227539062,40.18494415283203,2.396543025970459,-14.327630043029785,84.50469970703125,-55.51176452636719,-87.53433227539062,40.18494415283203,40.37834311806915
15.675,0,2.5569610595703125,-14.595104217529297,84.41258239746094,-55.07259750366211,-87.487548828125,40.16058349609375,2.5569610595703125,-14.595104217529297,84.41258239746094,-55.07259750366211,-87.487548828125,40.16058349609375,40.37834311806915
15.714,0,2.7569007873535156,-15.525117874145508,84.78948211669922,-54.39252853393555,-87.48200988769531,39.98402404785156,2.7569007873535156,-15.525117874145508,84.78948211669922,-54.39252853393555,-87.48200988769531,39.98402404785156,40.31311154598826
15.741,0,2.7856640815734863,-16.335866928100586,85.04425048828125,-53.68893814086914,-87.3919448852539,39.82926940917969,2.7856640815734863,-16.335866928100586,85.04425048828125,-53.68893814086914,-87.3919448852539,39.82926940917969,40.31311154598826
15.781,0,2.9359946250915527,-16.663501739501953,85.10681915283203,-53.41255187988281,-87.33946228027344,39.681339263916016,2.9359946250915527,-16.663501739501953,85.10681915283203,-53.41255187988281,-87.33946228027344,39.681339263916016,40.24787997390737
15.808,0,3.1145095825195312,-16.955398559570312,85.04551696777344,-52.98894500732422,-87.27925109863281,39.66762161254883,3.1145095825195312,-16.955398559570312,85.04551696777344,-52.98894500732422,-87.27925109863281,39.66762161254883,40.182648401826484
15.844,0,3.3815817832946777,-17.74662208557129,85.41356658935547,-52.494972229003906,-87.27571868896484,39.54119873046875,3.3815817832946777,-17.74662208557129,85.41356658935547,-52.494972229003906,-87.27571868896484,39.54119873046875,39.98695368558382
15.879,0,3.418917655944824,-18.38640594482422,85.64109802246094,-51.92929458618164,-87.17058563232422,39.26563262939453,3.418917655944824,-18.38640594482422,85.64109802246094,-51.92929458618164,-87.17058563232422,39.26563262939453,39.92172211350293
15.914,0,3.6147024631500244,-18.68727684020996,85.70257568359375,-51.68940353393555,-87.10882568359375,39.166072845458984,3.6147024631500244,-18.68727684020996,85.70257568359375,-51.68940353393555,-87.10882568359375,39.166072845458984,39.85649054142205
15.943,0,3.652693271636963,-18.48809814453125,85.60380554199219,-51.86983871459961,-87.22760009765625,39.360904693603516,3.652693271636963,-18.48809814453125,85.60380554199219,-51.86983871459961,-87.22760009765625,39.360904693603516,39.660795825179385
15.977,0,3.955284357070923,-19.12926483154297,85.94369506835938,-51.51136016845703,-87.22269439697266,39.309532165527344,3.955284357070923,-19.12926483154297,85.94369506835938,-51.51136016845703,-87.22269439697266,39.309532165527344,39.46510110893672
16.015,0,4.168064117431641,-19.707218170166016,86.1275634765625,-51.03252029418945,-87.12626647949219,39.2171516418457,4.168064117431641,-19.707218170166016,86.1275634765625,-51.03252029418945,-87.12626647949219,39.2171516418457,39.39986953685584
16.044,0,4.701447486877441,-20.514266967773438,86.3982925415039,-50.37030029296875,-87.00656127929688,38.93718719482422,4.701447486877441,-20.514266967773438,86.3982925415039,-50.37030029296875,-87.00656127929688,38.93718719482422,39.39986953685584
16.080,0,4.793422698974609,-20.22808837890625,86.2704849243164,-50.63119888305664,-87.13075256347656,39.20481872558594,4.793422698974609,-20.22808837890625,86.2704849243164,-50.63119888305664,-87.13075256347656,39.20481872558594,39.39986953685584
16.112,0,5.027750015258789,-20.76617431640625,86.5896224975586,-50.36552047729492,-87.08448028564453,39.12178421020508,5.027750015258789,-20.76617431640625,86.5896224975586,-50.36552047729492,-87.08448028564453,39.12178421020508,39.33463796477495
16.146,0,5.2449188232421875,-21.26123809814453,86.72962188720703,-49.97398376464844,-87.00431060791016,39.09966278076172,5.2449188232421875,-21.26123809814453,86.72962188720703,-49.97398376464844,-87.00431060791016,39.09966278076172,39.26940639269406
16.180,0,5.819998741149902,-22.22347640991211,87.07525634765625,-49.194313049316406,-86.86368560791016,38.757835388183594,5.819998741149902,-22.22347640991211,87.07525634765625,-49.194313049316406,-86.86368560791016,38.757835388183594,39.26940639269406
16.211,0,6.459729194641113,-22.851627349853516,87.28369140625,-48.684871673583984,-86.71278381347656,38.540557861328125,6.459729194641113,-22.851627349853516,87.28369140625,-48.684871673583984,-86.71278381347656,38.540557861328125,39.26940639269406
16.248,0,6.594062805175781,-22.6694278717041,87.16062927246094,-48.85254669189453,-86.84016418457031,38.79331970214844,6.594062805175781,-22.6694278717041,87.16062927246094,-48.85254669189453,-86.84016418457031,38.79331970214844,39.26940639269406
16.279,0,6.910488605499268,-23.443775177001953,87.59496307373047,-48.46034240722656,-86.80473327636719,38.717254638671875,6.910488605499268,-23.443775177001953,87.59496307373047,-48.46034240722656,-86.80473327636719,38.717254638671875,38.94324853228962
16.314,0,7.170454025268555,-24.22890853881836,87.85000610351562,-47.81397247314453,-86.68958282470703,38.498043060302734,7.170454025268555,-24.22890853881836,87.85000610351562,-47.81397247314453,-86.68958282470703,38.498043060302734,38.87801696020874
16.346,0,7.377665996551514,-24.476655960083008,87.8196792602539,-47.4560661315918,-86.62809753417969,38.51287078857422,7.377665996551514,-24.476655960083008,87.8196792602539,-47.4560661315918,-86.62809753417969,38.51287078857422,38.87801696020874
16.380,0,7.29386043548584,-23.63838768005371,87.46492004394531,-48.14576721191406,-86.71427154541016,38.84336853027344,7.29386043548584,-23.63838768005371,87.46492004394531,-48.14576721191406,-86.71427154541016,38.84336853027344,38.87801696020874
16.416,0,8.214544296264648,-23.108036041259766,87.25753021240234,-48.678855895996094,-86.58940887451172,38.85650634765625,8.214544296264648,-23.108036041259766,87.25753021240234,-48.678855895996094,-86.58940887451172,38.85650634765625,38.87801696020874
16.445,0,8.377065658569336,-23.87102508544922,87.55697631835938,-48.06745910644531,-86.46662139892578,38.635231018066406,8.377065658569336,-23.87102508544922,87.55697631835938,-48.06745910644531,-86.46662139892578,38.635231018066406,38.87801696020874
16.484,0,8.98444938659668,-25.693851470947266,88.30561828613281,-46.60994338989258,-86.37457275390625,38.232452392578125,8.98444938659668,-25.693851470947266,88.30561828613281,-46.60994338989258,-86.37457275390625,38.232452392578125,38.87801696020874
16.513,0,8.935453414916992,-24.986928939819336,87.99742889404297,-47.188777923583984,-86.4262466430664,38.468017578125,8.935453414916992,-24.986928939819336,87.99742889404297,-47.188777923583984,-86.4262466430664,38.468017578125,38.87801696020874
16.550,0,9.003150939941406,-23.94477081298828,87.64125061035156,-48.07495880126953,-86.42350769042969,38.39042663574219,9.003150939941406,-23.94477081298828,87.64125061035156,-48.07495880126953,-86.42350769042969,38.39042663574219,38.87801696020874
16.579,0,9.164441108703613,-24.77764892578125,87.98225402832031,-47.44614791870117,-86.298828125,38.10187530517578,9.164441108703613,-24.77764892578125,87.98225402832031,-47.44614791870117,-86.298828125,38.10187530517578,38.68232224396608
16.618,0,9.521751403808594,-26.504470825195312,88.63563537597656,-45.98349380493164,-86.22758483886719,37.67034912109375,9.521751403808594,-26.504470825195312,88.63563537597656,-45.98349380493164,-86.22758483886719,37.67034912109375,38.617090671885194
16.646,0,9.488933563232422,-25.73725700378418,88.32674407958984,-46.622215270996094,-86.2801742553711,37.886695861816406,9.488933563232422,-25.73725700378418,88.32674407958984,-46.622215270996094,-86.2801742553711,37.886695861816406,38.617090671885194
16.686,0,9.33968734741211,-24.23577880859375,87.98096466064453,-48.0457649230957,-86.3148193359375,38.108863830566406,9.33968734741211,-24.23577880859375,87.98096466064453,-48.0457649230957,-86.3148193359375,38.108863830566406,38.29093281148076
16.713,0,9.503910064697266,-25.070159912109375,88.33355712890625,-47.415199279785156,-86.1922378540039,37.79937744140625,9.503910064697266,-25.070159912109375,88.33355712890625,-47.415199279785156,-86.1922378540039,37.79937744140625,38.16046966731898
16.752,0,10.114015579223633,-26.809471130371094,89.05140686035156,-46.054962158203125,-86.08415222167969,37.34593963623047,10.114015579223633,-26.809471130371094,89.05140686035156,-46.054962158203125,-86.08415222167969,37.34593963623047,38.16046966731898
16.781,0,10.085058212280273,-26.045021057128906,88.74475860595703,-46.6961555480957,-86.1433334350586,37.57958984375,10.085058212280273,-26.045021057128906,88.74475860595703,-46.6961555480957,-86.1433334350586,37.57958984375,38.095238095238095
16.819,0,9.967195510864258,-24.53053855895996,88.39424133300781,-48.111167907714844,-86.16466522216797,37.7794189453125,9.967195510864258,-24.53053855895996,88.39424133300781,-48.111167907714844,-86.16466522216797,37.7794189453125,38.095238095238095
16.848,0,10.155123710632324,-25.393341064453125,88.78693389892578,-47.49318313598633,-86.03345489501953,37.505226135253906,10.155123710632324,-25.393341064453125,88.78693389892578,-47.49318313598633,-86.03345489501953,37.505226135253906,37.89954337899543
16.882,0,10.232015609741211,-26.386741638183594,89.06053161621094,-46.56572341918945,-86.06541442871094,37.34199142456055,10.232015609741211,-26.386741638183594,89.06053161621094,-46.56572341918945,-86.06541442871094,37.34199142456055,37.89954337899543
16.917,0,10.199861526489258,-25.70244026184082,88.78860473632812,-47.145164489746094,-86.12869262695312,37.562591552734375,10.199861526489258,-25.70244026184082,88.78860473632812,-47.145164489746094,-86.12869262695312,37.562591552734375,37.83431180691454
16.950,0,10.036311149597168,-24.268592834472656,88.44821166992188,-48.476356506347656,-86.16504669189453,37.774208068847656,10.036311149597168,-24.268592834472656,88.44821166992188,-48.476356506347656,-86.16504669189453,37.774208068847656,37.638617090671886
16.985,0,10.214471817016602,-25.087318420410156,88.80300903320312,-47.85524368286133,-86.0373306274414,37.47130584716797,10.214471817016602,-25.087318420410156,88.80300903320312,-47.85524368286133,-86.0373306274414,37.47130584716797,37.573385518590996
17.016,0,10.280658721923828,-26.04012680053711,89.05756378173828,-46.95682144165039,-86.07159423828125,37.32308578491211,10.280658721923828,-26.04012680053711,89.05756378173828,-46.95682144165039,-86.07159423828125,37.32308578491211,37.573385518590996
17.054,0,10.203974723815918,-25.372419357299805,88.77279663085938,-47.515525817871094,-86.12860870361328,37.512939453125,10.203974723815918,-25.372419357299805,88.77279663085938,-47.515525817871094,-86.12860870361328,37.512939453125,37.573385518590996
17.083,0,10.03978157043457,-23.890605926513672,88.46517944335938,-48.91617965698242,-86.14717102050781,37.72121810913086,10.03978157043457,-23.890605926513672,88.46517944335938,-48.91617965698242,-86.14717102050781,37.72121810913086,37.573385518590996
17.120,0,10.336015701293945,-24.599184036254883,88.75654602050781,-48.34788131713867,-86.01854705810547,37.519386291503906,10.336015701293945,-24.599184036254883,88.75654602050781,-48.34788131713867,-86.01854705810547,37.519386291503906,37.573385518590996
17.150,0,10.555949211120605,-25.94321632385254,89.24488830566406,-47.265350341796875,-86.06294250488281,37.40114974975586,10.555949211120605,-25.94321632385254,89.24488830566406,-47.265350341796875,-86.06294250488281,37.40114974975586,37.573385518590996
17.182,0,10.471359252929688,-25.149627685546875,88.95697021484375,-47.950469970703125,-86.11019897460938,37.60525131225586,10.471359252929688,-25.149627685546875,88.95697021484375,-47.950469970703125,-86.11019897460938,37.60525131225586,37.573385518590996
17.216,0,10.235466957092285,-23.742862701416016,88.6552505493164,-49.27699661254883,-86.15314483642578,37.699066162109375,10.235466957092285,-23.742862701416016,88.6552505493164,-49.27699661254883,-86.15314483642578,37.699066162109375,37.573385518590996
17.255,0,10.551464080810547,-24.439620971679688,88.89614868164062,-48.667266845703125,-86.03702545166016,37.51045227050781,10.551464080810547,-24.439620971679688,88.89614868164062,-48.667266845703125,-86.03702545166016,37.51045227050781,37.573385518590996
17.285,0,10.583332061767578,-25.505985260009766,89.17582702636719,-47.64522933959961,-86.09868621826172,37.40703582763672,10.583332061767578,-25.505985260009766,89.17582702636719,-47.64522933959961,-86.09868621826172,37.40703582763672,37.573385518590996
17.322,0,10.469808578491211,-24.775856018066406,88.87042999267578,-48.226959228515625,-86.16248321533203,37.629615783691406,10.469808578491211,-24.775856018066406,88.87042999267578,-48.226959228515625,-86.16248321533203,37.629615783691406,37.573385518590996
17.352,0,10.174491882324219,-23.373550415039062,88.55964660644531,-49.51058578491211,-86.2377700805664,37.774620056152344,10.174491882324219,-23.373550415039062,88.55964660644531,-49.51058578491211,-86.2377700805664,37.774620056152344,37.573385518590996
17.386,0,10.440263748168945,-24.15682601928711,88.8497085571289,-48.86486053466797,-86.13888549804688,37.58733367919922,10.440263748168945,-24.15682601928711,88.8497085571289,-48.86486053466797,-86.13888549804688,37.58733367919922,37.573385518590996
17.421,0,10.478873252868652,-25.32562255859375,89.1656494140625,-47.775672912597656,-86.22084045410156,37.440067291259766,10.478873252868652,-25.32562255859375,89.1656494140625,-47.775672912597656,-86.22084045410156,37.440067291259766,37.573385518590996
17.451,0,10.351024627685547,-24.545467376708984,88.84915924072266,-48.42550277709961,-86.29642486572266,37.67845153808594,10.351024627685547,-24.545467376708984,88.84915924072266,-48.42550277709961,-86.29642486572266,37.67845153808594,37.573385518590996
17.492,0,10.285476684570312,-23.154756546020508,88.52376556396484,-49.60160446166992,-86.35423278808594,38.03691482543945,10.285476684570312,-23.154756546020508,88.52376556396484,-49.60160446166992,-86.35423278808594,38.03691482543945,37.508153946510106
17.520,0,10.551187515258789,-23.800861358642578,88.76177215576172,-49.06700134277344,-86.26778411865234,37.864952087402344,10.551187515258789,-23.800861358642578,88.76177215576172,-49.06700134277344,-86.26778411865234,37.864952087402344,37.508153946510106
17.555,0,10.758460998535156,-24.876197814941406,88.992431640625,-48.0540657043457,-86.2852783203125,37.882484436035156,10.758460998535156,-24.876197814941406,88.992431640625,-48.0540657043457,-86.2852783203125,37.882484436035156,37.508153946510106
17.586,0,10.610127449035645,-24.292098999023438,88.68919372558594,-48.51691818237305,-86.34928131103516,38.04881286621094,10.610127449035645,-24.292098999023438,88.68919372558594,-48.51691818237305,-86.34928131103516,38.04881286621094,37.508153946510106
17.622,0,10.929300308227539,-23.72674560546875,88.46991729736328,-48.96849060058594,-86.56234741210938,38.56807327270508,10.929300308227539,-23.72674560546875,88.46991729736328,-48.96849060058594,-86.56234741210938,38.56807327270508,37.508153946510106
17.654,0,11.079998016357422,-24.45737075805664,88.72494506835938,-48.35460662841797,-86.48855590820312,38.36893081665039,11.079998016357422,-24.45737075805664,88.72494506835938,-48.35460662841797,-86.48855590820312,38.36893081665039,37.573385518590996
17.687,0,11.156881332397461,-25.302331924438477,88.87870788574219,-47.53372573852539,-86.51753234863281,38.37938690185547,11.156881332397461,-25.302331924438477,88.87870788574219,-47.53372573852539,-86.51753234863281,38.37938690185547,37.83431180691454
17.723,0,11.020015716552734,-24.728168487548828,88.58753967285156,-47.99600601196289,-86.59577941894531,38.629756927490234,11.020015716552734,-24.728168487548828,88.58753967285156,-47.99600601196289,-86.59577941894531,38.629756927490234,38.030006523157205
17.753,0,10.812638282775879,-23.591201782226562,88.34811401367188,-49.022972106933594,-86.6201171875,38.58247756958008,10.812638282775879,-23.591201782226562,88.34811401367188,-49.022972106933594,-86.6201171875,38.58247756958008,38.030006523157205
17.791,0,10.965642929077148,-24.361766815185547,88.56964111328125,-48.32815170288086,-86.55411529541016,38.38765335083008,10.965642929077148,-24.361766815185547,88.56964111328125,-48.32815170288086,-86.55411529541016,38.38765335083008,38.030006523157205
17.824,0,11.227910995483398,-25.390169143676758,88.68960571289062,-47.248348236083984,-86.59370422363281,38.4781494140625,11.227910995483398,-25.390169143676758,88.68960571289062,-47.248348236083984,-86.59370422363281,38.4781494140625,38.030006523157205
17.855,0,11.07741928100586,-24.799320220947266,88.42291259765625,-47.75743865966797,-86.67877197265625,38.69512939453125,11.07741928100586,-24.799320220947266,88.42291259765625,-47.75743865966797,-86.67877197265625,38.69512939453125,38.030006523157205
17.887,0,10.877690315246582,-23.565017700195312,88.17500305175781,-48.8813362121582,-86.7292251586914,38.76551818847656,10.877690315246582,-23.565017700195312,88.17500305175781,-48.8813362121582,-86.7292251586914,38.76551818847656,38.030006523157205
17.926,0,11.053985595703125,-24.029096603393555,88.15088653564453,-48.2850227355957,-86.71778106689453,38.75482177734375,11.053985595703125,-24.029096603393555,88.15088653564453,-48.2850227355957,-86.71778106689453,38.75482177734375,38.16046966731898
17.955,0,11.245941162109375,-24.135469436645508,88.01470947265625,-48.00715637207031,-86.71952056884766,38.91741180419922,11.245941162109375,-24.135469436645508,88.01470947265625,-48.00715637207031,-86.71952056884766,38.91741180419922,38.35616438356164
17.993,0,11.116695404052734,-24.294878005981445,88.07347106933594,-47.8780632019043,-86.79924774169922,39.10344696044922,11.116695404052734,-24.294878005981445,88.07347106933594,-47.8780632019043,-86.79924774169922,39.10344696044922,38.42139595564253
18.023,0,11.325835227966309,-25.042478561401367,88.36560821533203,-47.29652404785156,-86.72359466552734,39.04632568359375,11.325835227966309,-25.042478561401367,88.36560821533203,-47.29652404785156,-86.72359466552734,39.04632568359375,38.42139595564253
18.055,0,11.586709976196289,-25.91656494140625,88.68843078613281,-46.61283493041992,-86.63648986816406,38.88196563720703,11.586709976196289,-25.91656494140625,88.68843078613281,-46.61283493041992,-86.63648986816406,38.88196563720703,38.551859099804304
18.090,0,11.786673545837402,-26.121097564697266,88.5164566040039,-46.163719177246094,-86.61681365966797,39.01850128173828,11.786673545837402,-26.121097564697266,88.5164566040039,-46.163719177246094,-86.61681365966797,39.01850128173828,38.68232224396608
18.126,0,11.67155647277832,-24.966171264648438,88.26737976074219,-47.250274658203125,-86.62810516357422,38.98165512084961,11.67155647277832,-24.966171264648438,88.26737976074219,-47.250274658203125,-86.62810516357422,38.98165512084961,38.68232224396608
18.157,0,11.509624481201172,-23.787155151367188,88.040283203125,-48.37052917480469,-86.67169952392578,39.09593200683594,11.509624481201172,-23.787155151367188,88.040283203125,-48.37052917480469,-86.67169952392578,39.09593200683594,38.68232224396608
18.190,0,11.664861679077148,-24.149818420410156,87.9009017944336,-47.78474044799805,-86.65330505371094,39.081764221191406,11.664861679077148,-24.149818420410156,87.9009017944336,-47.78474044799805,-86.65330505371094,39.081764221191406,38.74755381604697
18.225,0,11.409092903137207,-23.62397003173828,87.71288299560547,-48.19757080078125,-86.74903869628906,39.32286071777344,11.409092903137207,-23.62397003173828,87.71288299560547,-48.19757080078125,-86.74903869628906,39.32286071777344,38.81278538812785
18.256,0,11.110767364501953,-23.14297103881836,87.48406219482422,-48.55387878417969,-86.84970092773438,39.555450439453125,11.110767364501953,-23.14297103881836,87.48406219482422,-48.55387878417969,-86.84970092773438,39.555450439453125,38.81278538812785
18.293,0,11.395910263061523,-24.253250122070312,88.18804168701172,-47.98365020751953,-86.81309509277344,39.2047004699707,11.395910263061523,-24.253250122070312,88.18804168701172,-47.98365020751953,-86.81309509277344,39.2047004699707,38.81278538812785
18.324,0,11.55443000793457,-24.54380989074707,88.01551818847656,-47.43486785888672,-86.79224395751953,39.26025390625,11.55443000793457,-24.54380989074707,88.01551818847656,-47.43486785888672,-86.79224395751953,39.26025390625,38.87801696020874
18.357,0,11.703634262084961,-24.59973907470703,87.8544921875,-47.12637710571289,-86.7868423461914,39.39988708496094,11.703634262084961,-24.59973907470703,87.8544921875,-47.12637710571289,-86.7868423461914,39.39988708496094,39.00848010437051
18.395,0,11.448166847229004,-23.61214828491211,87.62696838378906,-48.02037048339844,-86.83113098144531,39.36083984375,11.448166847229004,-23.61214828491211,87.62696838378906,-48.02037048339844,-86.83113098144531,39.36083984375,39.00848010437051
18.425,0,11.75713062286377,-24.53854751586914,88.23218536376953,-47.5488395690918,-86.80797576904297,39.03871154785156,11.75713062286377,-24.53854751586914,88.23218536376953,-47.5488395690918,-86.80797576904297,39.03871154785156,39.0737116764514
18.459,0,11.920065879821777,-24.879467010498047,88.06399536132812,-46.93973159790039,-86.77592468261719,39.061248779296875,11.920065879821777,-24.879467010498047,88.06399536132812,-46.93973159790039,-86.77592468261719,39.061248779296875,39.0737116764514
18.493,0,11.994565963745117,-24.03557586669922,87.68338012695312,-47.55418395996094,-86.88386535644531,39.454647064208984,11.994565963745117,-24.03557586669922,87.68338012695312,-47.55418395996094,-86.88386535644531,39.454647064208984,39.0737116764514
18.525,0,11.723337173461914,-23.06462860107422,87.48368835449219,-48.46256637573242,-86.9288558959961,39.43315124511719,11.723337173461914,-23.06462860107422,87.48368835449219,-48.46256637573242,-86.9288558959961,39.43315124511719,39.0737116764514
18.560,0,12.012614250183105,-24.060359954833984,88.08592224121094,-47.908729553222656,-86.89845275878906,39.09367752075195,12.012614250183105,-24.060359954833984,88.08592224121094,-47.908729553222656,-86.89845275878906,39.09367752075195,39.0737116764514
18.592,0,12.635895729064941,-23.961956024169922,87.88166809082031,-47.87233352661133,-86.81035614013672,39.11104202270508,12.635895729064941,-23.961956024169922,87.88166809082031,-47.87233352661133,-86.81035614013672,39.11104202270508,39.138943248532286
18.628,0,12.841019630432129,-22.962276458740234,87.46659088134766,-48.646121978759766,-86.90782165527344,39.612998962402344,12.841019630432129,-22.962276458740234,87.46659088134766,-48.646121978759766,-86.90782165527344,39.612998962402344,39.138943248532286
18.660,0,12.60492992401123,-21.90079689025879,87.13762664794922,-49.56761169433594,-86.9537353515625,39.56392288208008,12.60492992401123,-21.90079689025879,87.13762664794922,-49.56761169433594,-86.9537353515625,39.56392288208008,39.138943248532286
18.694,0,12.917856216430664,-22.716327667236328,87.74871063232422,-49.23794174194336,-86.91914367675781,39.26008987426758,12.917856216430664,-22.716327667236328,87.74871063232422,-49.23794174194336,-86.91914367675781,39.26008987426758,39.204174820613176
18.728,0,13.218841552734375,-22.774520874023438,87.52897644042969,-48.99772644042969,-86.8837890625,39.296165466308594,13.218841552734375,-22.774520874023438,87.52897644042969,-48.99772644042969,-86.8837890625,39.296165466308594,39.204174820613176
18.761,0,13.439332962036133,-21.746585845947266,87.08264923095703,-49.78987121582031,-86.9655532836914,39.75983810424805,13.439332962036133,-21.746585845947266,87.08264923095703,-49.78987121582031,-86.9655532836914,39.75983810424805,39.138943248532286
18.797,0,13.270673751831055,-20.0544376373291,86.6152114868164,-51.30702590942383,-87.04513549804688,40.35700607299805,13.270673751831055,-20.0544376373291,86.6152114868164,-51.30702590942383,-87.04513549804688,40.35700607299805,39.138943248532286
18.826,0,13.639415740966797,-20.970766067504883,87.27713775634766,-50.954002380371094,-87.00394439697266,40.09019088745117,13.639415740966797,-20.970766067504883,87.27713775634766,-50.954002380371094,-87.00394439697266,40.09019088745117,39.204174820613176
18.862,0,14.28049087524414,-21.233028411865234,87.11575317382812,-50.55210876464844,-86.92755889892578,40.10602569580078,14.28049087524414,-21.233028411865234,87.11575317382812,-50.55210876464844,-86.92755889892578,40.10602569580078,39.46510110893672
18.898,0,14.476179122924805,-20.125308990478516,86.64556121826172,-51.4079704284668,-86.98877716064453,40.60223388671875,14.476179122924805,-20.125308990478516,86.64556121826172,-51.4079704284668,-86.98877716064453,40.60223388671875,39.660795825179385
18.928,0,14.339805603027344,-18.4185733795166,86.12449645996094,-52.87238693237305,-87.04331970214844,41.15044403076172,14.339805603027344,-18.4185733795166,86.12449645996094,-52.87238693237305,-87.04331970214844,41.15044403076172,39.660795825179385
18.963,0,14.731461524963379,-19.354991912841797,86.79151916503906,-52.48147964477539,-86.99437713623047,40.84569549560547,14.731461524963379,-19.354991912841797,86.79151916503906,-52.48147964477539,-86.99437713623047,40.84569549560547,39.726027397260275
18.997,0,15.363560676574707,-19.589282989501953,86.65411376953125,-52.15192794799805,-86.92559051513672,40.945159912109375,15.363560676574707,-19.589282989501953,86.65411376953125,-52.15192794799805,-86.92559051513672,40.945159912109375,40.24787997390737
19.028,0,15.866779327392578,-18.772811889648438,86.2527084350586,-52.72724151611328,-86.9944839477539,41.40000915527344,15.866779327392578,-18.772811889648438,86.2527084350586,-52.72724151611328,-86.9944839477539,41.40000915527344,40.44357469015003
19.064,0,15.791275024414062,-16.92302131652832,85.68141174316406,-54.33494567871094,-87.04376983642578,41.95153045654297,15.791275024414062,-16.92302131652832,85.68141174316406,-54.33494567871094,-87.04376983642578,41.95153045654297,40.44357469015003
19.096,0,16.179153442382812,-17.514841079711914,86.12703704833984,-54.08736038208008,-86.97023010253906,41.61638641357422,16.179153442382812,-17.514841079711914,86.12703704833984,-54.08736038208008,-86.97023010253906,41.61638641357422,40.63926940639269
19.130,0,16.848953247070312,-17.662935256958008,85.97109985351562,-53.825199127197266,-86.88726043701172,41.77032470703125,16.848953247070312,-17.662935256958008,85.97109985351562,-53.825199127197266,-86.88726043701172,41.77032470703125,41.03065883887801
19.160,0,17.390625,-16.85746192932129,85.54930114746094,-54.37184143066406,-86.94094848632812,42.22096633911133,17.390625,-16.85746192932129,85.54930114746094,-54.37184143066406,-86.94094848632812,42.22096633911133,41.291585127201564
19.195,0,17.267135620117188,-15.637317657470703,85.14688110351562,-55.42711639404297,-86.95036315917969,42.60710144042969,17.267135620117188,-15.637317657470703,85.14688110351562,-55.42711639404297,-86.95036315917969,42.60710144042969,41.35681669928245
19.232,0,17.67746353149414,-16.13115119934082,85.61563110351562,-55.296112060546875,-86.85905456542969,42.23566818237305,17.67746353149414,-16.13115119934082,85.61563110351562,-55.296112060546875,-86.85905456542969,42.23566818237305,41.617742987606
19.265,0,17.96395492553711,-16.590662002563477,85.67279815673828,-54.802894592285156,-86.77989196777344,42.16961669921875,17.96395492553711,-16.590662002563477,85.67279815673828,-54.802894592285156,-86.77989196777344,42.16961669921875,41.943900848010436
19.296,0,18.324073791503906,-15.828564643859863,85.27418518066406,-55.33594512939453,-86.82598876953125,42.63275146484375,18.324073791503906,-15.828564643859863,85.27418518066406,-55.33594512939453,-86.82598876953125,42.63275146484375,42.00913242009132
19.332,0,18.189146041870117,-14.749401092529297,84.95088958740234,-56.33564758300781,-86.82703399658203,42.96881103515625,18.189146041870117,-14.749401092529297,84.95088958740234,-56.33564758300781,-86.82703399658203,42.96881103515625,42.00913242009132
19.363,0,18.633150100708008,-15.173856735229492,85.37566375732422,-56.22032928466797,-86.72875213623047,42.592681884765625,18.633150100708008,-15.173856735229492,85.37566375732422,-56.22032928466797,-86.72875213623047,42.592681884765625,42.00913242009132
19.399,0,18.89854621887207,-15.612732887268066,85.41773986816406,-55.740455627441406,-86.65461730957031,42.552513122558594,18.89854621887207,-15.612732887268066,85.41773986816406,-55.740455627441406,-86.65461730957031,42.552513122558594,42.335290280495755
19.432,0,19.147581100463867,-14.88946533203125,85.01423645019531,-56.188758850097656,-86.68174743652344,43.02383041381836,19.147581100463867,-14.88946533203125,85.01423645019531,-56.188758850097656,-86.68174743652344,43.02383041381836,42.400521852576645
19.464,0,19.007095336914062,-13.931879997253418,84.74110412597656,-57.061981201171875,-86.67729187011719,43.290870666503906,19.007095336914062,-13.931879997253418,84.74110412597656,-57.061981201171875,-86.67729187011719,43.290870666503906,42.400521852576645
19.501,0,19.430343627929688,-14.261974334716797,85.17839050292969,-57.073387145996094,-86.59162902832031,42.97285079956055,19.430343627929688,-14.261974334716797,85.17839050292969,-57.073387145996094,-86.59162902832031,42.97285079956055,42.400521852576645
19.532,0,19.88479232788086,-14.502649307250977,85.09468078613281,-56.68309783935547,-86.51335144042969,43.03485107421875,19.88479232788086,-14.502649307250977,85.09468078613281,-56.68309783935547,-86.51335144042969,43.03485107421875,42.66144814090019
19.567,0,20.128015518188477,-13.841658592224121,84.6720199584961,-57.06840515136719,-86.52957153320312,43.504852294921875,20.128015518188477,-13.841658592224121,84.6720199584961,-57.06840515136719,-86.52957153320312,43.504852294921875,42.72667971298108
19.598,0,20.014631271362305,-12.96600341796875,84.39389038085938,-57.85029983520508,-86.52249908447266,43.81056594848633,20.014631271362305,-12.96600341796875,84.39389038085938,-57.85029983520508,-86.52249908447266,43.81056594848633,42.72667971298108
19.635,0,20.307716369628906,-13.228693962097168,84.7145767211914,-57.89236068725586,-86.4935073852539,43.60026550292969,20.307716369628906,-13.228693962097168,84.7145767211914,-57.89236068725586,-86.4935073852539,43.60026550292969,42.857142857142854
19.663,0,20.754016876220703,-13.49905776977539,84.61055755615234,-57.42942428588867,-86.41419982910156,43.66376495361328,20.754016876220703,-13.49905776977539,84.61055755615234,-57.42942428588867,-86.41419982910156,43.66376495361328,43.18330071754729
19.703,0,20.675251007080078,-13.455533981323242,84.62920379638672,-57.46559524536133,-86.44998931884766,43.833885192871094,20.675251007080078,-13.455533981323242,84.62920379638672,-57.46559524536133,-86.44998931884766,43.833885192871094,43.31376386170906
19.731,0,20.53429412841797,-12.721053123474121,84.37028503417969,-58.11553955078125,-86.43012237548828,44.017330169677734,20.53429412841797,-12.721053123474121,84.37028503417969,-58.11553955078125,-86.43012237548828,44.017330169677734,43.31376386170906
19.770,0,20.765308380126953,-13.146097183227539,84.77243041992188,-58.02216339111328,-86.39733123779297,43.7822265625,20.765308380126953,-13.146097183227539,84.77243041992188,-58.02216339111328,-86.39733123779297,43.7822265625,43.31376386170906
19.798,0,21.072860717773438,-13.222404479980469,84.64242553710938,-57.78773498535156,-86.3146743774414,43.84329605102539,21.072860717773438,-13.222404479980469,84.64242553710938,-57.78773498535156,-86.3146743774414,43.84329605102539,43.509458577951726
19.836,0,20.97722625732422,-13.162015914916992,84.7075424194336,-57.9034423828125,-86.35145568847656,44.0478515625,20.97722625732422,-13.162015914916992,84.7075424194336,-57.9034423828125,-86.35145568847656,44.0478515625,43.574690150032616
19.867,0,20.766727447509766,-12.58581829071045,84.48290252685547,-58.371864318847656,-86.33882904052734,44.246978759765625,20.766727447509766,-12.58581829071045,84.48290252685547,-58.371864318847656,-86.33882904052734,44.246978759765625,43.574690150032616
19.899,0,21.013450622558594,-13.05537223815918,84.95285034179688,-58.30550003051758,-86.28945922851562,44.01887512207031,21.013450622558594,-13.05537223815918,84.95285034179688,-58.30550003051758,-86.28945922851562,44.01887512207031,43.574690150032616
19.937,0,21.34041976928711,-13.104521751403809,84.80900573730469,-58.099002838134766,-86.20196533203125,44.066566467285156,21.34041976928711,-13.104521751403809,84.80900573730469,-58.099002838134766,-86.20196533203125,44.066566467285156,43.70515329419439
19.965,0,21.204639434814453,-13.012995719909668,84.8580093383789,-58.231292724609375,-86.25806427001953,44.27653503417969,21.204639434814453,-13.012995719909668,84.8580093383789,-58.231292724609375,-86.25806427001953,44.27653503417969,43.77038486627527
20.000,0,20.962852478027344,-12.268472671508789,84.63191223144531,-58.935245513916016,-86.24407958984375,44.54022216796875,20.962852478027344,-12.268472671508789,84.63191223144531,-58.935245513916016,-86.24407958984375,44.54022216796875,43.77038486627527
20.032,0,21.270179748535156,-12.841470718383789,85.12388610839844,-58.78016662597656,-86.19447326660156,44.2945442199707,21.270179748535156,-12.841470718383789,85.12388610839844,-58.78016662597656,-86.19447326660156,44.2945442199707,43.77038486627527
20.071,0,21.634300231933594,-12.960273742675781,85.01191711425781,-58.48291015625,-86.1109619140625,44.330238342285156,21.634300231933594,-12.960273742675781,85.01191711425781,-58.48291015625,-86.1109619140625,44.330238342285156,43.966079582517935
20.100,0,21.477130889892578,-12.757340431213379,84.91680145263672,-58.605751037597656,-86.16362762451172,44.54016876220703,21.477130889892578,-12.757340431213379,84.91680145263672,-58.605751037597656,-86.16362762451172,44.54016876220703,44.031311154598825
20.138,0,21.22585678100586,-12.19273853302002,84.6622085571289,-58.995948791503906,-86.13748168945312,44.664344787597656,21.22585678100586,-12.19273853302002,84.6622085571289,-58.995948791503906,-86.13748168945312,44.664344787597656,44.031311154598825
20.167,0,21.493793487548828,-12.754749298095703,85.13008880615234,-58.862300872802734,-86.11847686767578,44.42938232421875,21.493793487548828,-12.754749298095703,85.13008880615234,-58.862300872802734,-86.11847686767578,44.42938232421875,44.09654272667971
20.205,0,21.667869567871094,-12.951170921325684,85.05213165283203,-58.49089813232422,-86.05303192138672,44.44884490966797,21.667869567871094,-12.951170921325684,85.05213165283203,-58.49089813232422,-86.05303192138672,44.44884490966797,44.22700587084149
20.234,0,21.510597229003906,-13.186387062072754,85.19659423828125,-58.28245544433594,-86.07250213623047,44.2447624206543,21.510597229003906,-13.186387062072754,85.19659423828125,-58.28245544433594,-86.07250213623047,44.2447624206543,44.22700587084149
20.272,0,21.11005401611328,-11.72761344909668,84.93033599853516,-59.78486251831055,-86.11701202392578,44.55872344970703,21.11005401611328,-11.72761344909668,84.93033599853516,-59.78486251831055,-86.11701202392578,44.55872344970703,44.22700587084149
20.301,0,21.377532958984375,-12.351563453674316,85.41084289550781,-59.57981872558594,-86.08903503417969,44.337989807128906,21.377532958984375,-12.351563453674316,85.41084289550781,-59.57981872558594,-86.08903503417969,44.337989807128906,44.1617742987606
20.337,0,21.55611801147461,-12.613019943237305,85.32414245605469,-59.155181884765625,-86.05672454833984,44.3209114074707,21.55611801147461,-12.613019943237305,85.32414245605469,-59.155181884765625,-86.05672454833984,44.3209114074707,44.1617742987606
20.368,0,21.438480377197266,-12.978575706481934,85.35804748535156,-58.67980194091797,-86.05524444580078,44.254756927490234,21.438480377197266,-12.978575706481934,85.35804748535156,-58.67980194091797,-86.05524444580078,44.254756927490234,44.1617742987606
20.405,0,21.042259216308594,-11.62019157409668,85.06612396240234,-60.09095764160156,-86.12903594970703,44.575523376464844,21.042259216308594,-11.62019157409668,85.06612396240234,-60.09095764160156,-86.12903594970703,44.575523376464844,44.1617742987606
20.436,0,21.30853271484375,-12.253310203552246,85.58592987060547,-59.910362243652344,-86.10623168945312,44.324607849121094,21.30853271484375,-12.253310203552246,85.58592987060547,-59.910362243652344,-86.10623168945312,44.324607849121094,44.1617742987606
20.472,0,21.508529663085938,-12.636059761047363,85.5634765625,-59.39967346191406,-86.07398986816406,44.29006576538086,21.508529663085938,-12.636059761047363,85.5634765625,-59.39967346191406,-86.07398986816406,44.29006576538086,44.1617742987606
20.505,0,21.48101806640625,-13.024537086486816,85.64813232421875,-58.99943161010742,-86.08942413330078,44.270362854003906,21.48101806640625,-13.024537086486816,85.64813232421875,-58.99943161010742,-86.08942413330078,44.270362854003906,44.1617742987606
20.537,0,21.097488403320312,-11.960217475891113,85.42683410644531,-60.130638122558594,-86.15978240966797,44.50129699707031,21.097488403320312,-11.960217475891113,85.42683410644531,-60.130638122558594,-86.15978240966797,44.50129699707031,44.1617742987606
20.572,0,21.37344741821289,-12.27651596069336,85.66991424560547,-60.01325225830078,-86.09159851074219,44.276710510253906,21.37344741821289,-12.27651596069336,85.66991424560547,-60.01325225830078,-86.09159851074219,44.276710510253906,44.1617742987606
20.604,0,21.681896209716797,-12.755731582641602,85.66197967529297,-59.43599319458008,-86.04975128173828,44.2102165222168,21.681896209716797,-12.755731582641602,85.66197967529297,-59.43599319458008,-86.04975128173828,44.2102165222168,44.1617742987606
20.638,0,21.503467559814453,-12.85775375366211,85.58592224121094,-59.24238204956055,-86.08621978759766,44.24101257324219,21.503467559814453,-12.85775375366211,85.58592224121094,-59.24238204956055,-86.08621978759766,44.24101257324219,44.1617742987606
20.673,0,21.49040985107422,-12.083786964416504,85.40736389160156,-60.009498596191406,-86.14818572998047,44.42132568359375,21.49040985107422,-12.083786964416504,85.40736389160156,-60.009498596191406,-86.14818572998047,44.42132568359375,44.1617742987606
20.704,0,21.78225326538086,-12.468244552612305,85.63338470458984,-59.80949401855469,-86.06982421875,44.24534225463867,21.78225326538086,-12.468244552612305,85.63338470458984,-59.80949401855469,-86.06982421875,44.24534225463867,44.1617742987606
20.740,0,22.109188079833984,-12.973167419433594,85.55210876464844,-59.09326934814453,-86.00919342041016,44.25543975830078,22.109188079833984,-12.973167419433594,85.55210876464844,-59.09326934814453,-86.00919342041016,44.25543975830078,44.1617742987606
20.771,0,21.884483337402344,-13.19318962097168,85.52837371826172,-58.78400421142578,-86.03954315185547,44.30374526977539,21.884483337402344,-13.19318962097168,85.52837371826172,-58.78400421142578,-86.03954315185547,44.30374526977539,44.1617742987606
20.809,0,21.576786041259766,-12.194917678833008,85.32406616210938,-59.8134765625,-86.07832336425781,44.55978775024414,21.576786041259766,-12.194917678833008,85.32406616210938,-59.8134765625,-86.07832336425781,44.55978775024414,44.1617742987606
20.837,0,21.873004913330078,-12.550542831420898,85.53490447998047,-59.62831115722656,-86.00978088378906,44.365238189697266,21.873004913330078,-12.550542831420898,85.53490447998047,-59.62831115722656,-86.00978088378906,44.365238189697266,44.1617742987606
20.874,0,22.09246063232422,-12.882705688476562,85.4725112915039,-59.16942596435547,-85.97007751464844,44.40750503540039,22.09246063232422,-12.882705688476562,85.4725112915039,-59.16942596435547,-85.97007751464844,44.40750503540039,44.1617742987606
20.905,0,21.887325286865234,-13.140321731567383,85.4948959350586,-58.8632698059082,-86.00370788574219,44.472328186035156,21.887325286865234,-13.140321731567383,85.4948959350586,-58.8632698059082,-86.00370788574219,44.472328186035156,44.1617742987606
20.943,0,21.591842651367188,-12.074995994567871,85.25126647949219,-59.91715621948242,-86.04161834716797,44.786415100097656,21.591842651367188,-12.074995994567871,85.25126647949219,-59.91715621948242,-86.04161834716797,44.786415100097656,44.1617742987606
20.971,0,21.876510620117188,-12.512472152709961,85.47975158691406,-59.654541015625,-85.97470092773438,44.572227478027344,21.876510620117188,-12.512472152709961,85.47975158691406,-59.654541015625,-85.97470092773438,44.572227478027344,44.1617742987606
21.009,0,22.094310760498047,-12.793584823608398,85.39849853515625,-59.261741638183594,-85.95440673828125,44.64727783203125,22.094310760498047,-12.793584823608398,85.39849853515625,-59.261741638183594,-85.95440673828125,44.64727783203125,44.1617742987606
21.039,0,21.891250610351562,-12.981708526611328,85.36823272705078,-58.9777717590332,-85.98260498046875,44.72133255004883,21.891250610351562,-12.981708526611328,85.36823272705078,-58.9777717590332,-85.98260498046875,44.72133255004883,44.29223744292237
21.074,0,21.905025482177734,-12.06417465209961,85.15036010742188,-59.90180969238281,-86.01307678222656,45.042423248291016,21.905025482177734,-12.06417465209961,85.15036010742188,-59.90180969238281,-86.01307678222656,45.042423248291016,44.29223744292237
21.106,0,22.174354553222656,-12.441520690917969,85.38714599609375,-59.70877456665039,-85.94493103027344,44.885711669921875,22.174354553222656,-12.441520690917969,85.38714599609375,-59.70877456665039,-85.94493103027344,44.885711669921875,44.29223744292237
21.142,0,22.426185607910156,-12.629854202270508,85.28763580322266,-59.35027313232422,-85.89314270019531,45.03594970703125,22.426185607910156,-12.629854202270508,85.28763580322266,-59.35027313232422,-85.89314270019531,45.03594970703125,44.35746901500326
21.172,0,22.228740692138672,-12.9659423828125,85.29166412353516,-58.93159103393555,-85.91271209716797,45.111419677734375,22.228740692138672,-12.9659423828125,85.29166412353516,-58.93159103393555,-85.91271209716797,45.111419677734375,44.553163731245924
21.211,0,22.21649932861328,-12.105525970458984,85.09173583984375,-59.748409271240234,-85.90293884277344,45.43882751464844,22.21649932861328,-12.105525970458984,85.09173583984375,-59.748409271240234,-85.90293884277344,45.43882751464844,44.553163731245924
21.239,0,22.48812484741211,-12.450557708740234,85.27899932861328,-59.54157257080078,-85.82038879394531,45.31977844238281,22.48812484741211,-12.450557708740234,85.27899932861328,-59.54157257080078,-85.82038879394531,45.31977844238281,44.553163731245924
21.278,0,22.738513946533203,-12.596867561340332,85.17577362060547,-59.22566223144531,-85.76386260986328,45.46589279174805,22.738513946533203,-12.596867561340332,85.17577362060547,-59.22566223144531,-85.76386260986328,45.46589279174805,44.74885844748858
21.306,0,22.595088958740234,-12.951221466064453,85.11771392822266,-58.71989440917969,-85.78622436523438,45.57719421386719,22.595088958740234,-12.951221466064453,85.11771392822266,-58.71989440917969,-85.78622436523438,45.57719421386719,44.94455316373124
21.345,0,22.487930297851562,-12.780261993408203,85.23348236083984,-59.0510139465332,-85.79174041748047,45.35246658325195,22.487930297851562,-12.780261993408203,85.23348236083984,-59.0510139465332,-85.79174041748047,45.35246658325195,44.94455316373124
21.377,0,22.78606414794922,-13.114076614379883,85.44300079345703,-58.89275360107422,-85.7151107788086,45.197837829589844,22.78606414794922,-13.114076614379883,85.44300079345703,-58.89275360107422,-85.7151107788086,45.197837829589844,44.94455316373124
21.407,0,23.053760528564453,-13.337211608886719,85.37059020996094,-58.49071502685547,-85.64744567871094,45.32724380493164,23.053760528564453,-13.337211608886719,85.37059020996094,-58.49071502685547,-85.64744567871094,45.32724380493164,45.075016307893016
21.445,0,22.913650512695312,-13.670330047607422,85.34101104736328,-58.066864013671875,-85.64867401123047,45.42641830444336,22.913650512695312,-13.670330047607422,85.34101104736328,-58.066864013671875,-85.64867401123047,45.42641830444336,45.075016307893016
21.474,0,22.85540771484375,-13.530113220214844,85.47450256347656,-58.386451721191406,-85.65350341796875,45.18354797363281,22.85540771484375,-13.530113220214844,85.47450256347656,-58.386451721191406,-85.65350341796875,45.18354797363281,45.075016307893016
21.512,0,23.204971313476562,-14.093841552734375,85.7127914428711,-57.941184997558594,-85.56317901611328,45.002113342285156,23.204971313476562,-14.093841552734375,85.7127914428711,-57.941184997558594,-85.56317901611328,45.002113342285156,45.075016307893016
21.542,0,23.474628448486328,-14.327916145324707,85.69175720214844,-57.66426467895508,-85.50469207763672,45.12101745605469,23.474628448486328,-14.327916145324707,85.69175720214844,-57.66426467895508,-85.50469207763672,45.12101745605469,45.075016307893016
21.578,0,23.443592071533203,-14.809396743774414,85.69613647460938,-57.11043930053711,-85.49507141113281,45.12025451660156,23.443592071533203,-14.809396743774414,85.69613647460938,-57.11043930053711,-85.49507141113281,45.12025451660156,45.075016307893016
21.609,0,23.369537353515625,-14.688974380493164,85.80508422851562,-57.37921142578125,-85.51956176757812,44.897605895996094,23.369537353515625,-14.688974380493164,85.80508422851562,-57.37921142578125,-85.51956176757812,44.897605895996094,45.075016307893016
21.644,0,23.715179443359375,-15.388489723205566,86.06430053710938,-56.79328918457031,-85.4246826171875,44.753746032714844,23.715179443359375,-15.388489723205566,86.06430053710938,-56.79328918457031,-85.4246826171875,44.753746032714844,45.075016307893016
21.675,0,23.979755401611328,-15.45719051361084,85.99458312988281,-56.607276916503906,-85.36317443847656,44.892295837402344,23.979755401611328,-15.45719051361084,85.99458312988281,-56.607276916503906,-85.36317443847656,44.892295837402344,45.075016307893016
21.712,0,23.97952651977539,-15.888055801391602,86.01145935058594,-56.119842529296875,-85.33828735351562,44.90716552734375,23.97952651977539,-15.888055801391602,86.01145935058594,-56.119842529296875,-85.33828735351562,44.90716552734375,45.075016307893016
21.742,0,23.933876037597656,-15.82687759399414,86.10527038574219,-56.25904083251953,-85.34951782226562,44.58534240722656,23.933876037597656,-15.82687759399414,86.10527038574219,-56.25904083251953,-85.34951782226562,44.58534240722656,45.075016307893016
21.779,0,24.435649871826172,-16.636810302734375,86.43387603759766,-55.607173919677734,-85.23054504394531,44.36322784423828,24.435649871826172,-16.636810302734375,86.43387603759766,-55.607173919677734,-85.23054504394531,44.36322784423828,45.075016307893016
21.809,0,24.744182586669922,-16.676910400390625,86.32481384277344,-55.400054931640625,-85.16082000732422,44.42888259887695,24.744182586669922,-16.676910400390625,86.32481384277344,-55.400054931640625,-85.16082000732422,44.42888259887695,45.075016307893016
21.847,0,24.72547149658203,-17.150325775146484,86.32872772216797,-54.89235305786133,-85.13797760009766,44.411834716796875,24.72547149658203,-17.150325775146484,86.32872772216797,-54.89235305786133,-85.13797760009766,44.411834716796875,44.87932159165035
21.876,0,24.694580078125,-17.091459274291992,86.43930053710938,-55.05268478393555,-85.14119720458984,44.081024169921875,24.694580078125,-17.091459274291992,86.43930053710938,-55.05268478393555,-85.14119720458984,44.081024169921875,44.6836268754077
21.911,0,25.228775024414062,-17.883346557617188,86.73429870605469,-54.39692687988281,-85.01516723632812,43.81464385986328,25.228775024414062,-17.883346557617188,86.73429870605469,-54.39692687988281,-85.01516723632812,43.81464385986328,44.6836268754077
21.946,0,25.554187774658203,-17.865766525268555,86.59207916259766,-54.22407913208008,-84.95520782470703,43.89476776123047,25.554187774658203,-17.865766525268555,86.59207916259766,-54.22407913208008,-84.95520782470703,43.89476776123047,44.553163731245924
21.976,0,25.482685089111328,-17.714996337890625,86.48503112792969,-54.325923919677734,-84.903076171875,43.811302185058594,25.482685089111328,-17.714996337890625,86.48503112792969,-54.325923919677734,-84.903076171875,43.811302185058594,44.422700587084144
22.014,0,25.509979248046875,-17.55923080444336,86.56444549560547,-54.59428405761719,-84.90702819824219,43.48390197753906,25.509979248046875,-17.55923080444336,86.56444549560547,-54.59428405761719,-84.90702819824219,43.48390197753906,44.22700587084149
22.044,0,25.466266632080078,-17.38616371154785,86.5832748413086,-54.82347869873047,-84.91238403320312,43.07025909423828,25.466266632080078,-17.38616371154785,86.5832748413086,-54.82347869873047,-84.91238403320312,43.07025909423828,44.09654272667971
22.080,0,25.83260726928711,-17.988821029663086,86.86934661865234,-54.390167236328125,-84.83380126953125,42.754974365234375,25.83260726928711,-17.988821029663086,86.86934661865234,-54.390167236328125,-84.83380126953125,42.754974365234375,44.09654272667971
22.112,0,26.169288635253906,-18.329843521118164,86.9710464477539,-54.04725646972656,-84.75273132324219,42.534385681152344,26.169288635253906,-18.329843521118164,86.9710464477539,-54.04725646972656,-84.75273132324219,42.534385681152344,43.77038486627527
22.147,0,26.123329162597656,-17.92436981201172,86.82413482666016,-54.42491149902344,-84.75374603271484,42.55474090576172,26.123329162597656,-17.92436981201172,86.82413482666016,-54.42491149902344,-84.75374603271484,42.55474090576172,43.37899543378995
22.178,0,26.063045501708984,-17.68583869934082,86.87212371826172,-54.744781494140625,-84.76123046875,42.15339660644531,26.063045501708984,-17.68583869934082,86.87212371826172,-54.744781494140625,-84.76123046875,42.15339660644531,43.05283757338552
22.214,0,26.40662384033203,-18.489917755126953,87.35462951660156,-54.322509765625,-84.761962890625,41.81547546386719,26.40662384033203,-18.489917755126953,87.35462951660156,-54.322509765625,-84.761962890625,41.81547546386719,42.857142857142854
22.245,0,27.12348175048828,-19.106830596923828,87.52546691894531,-53.80845642089844,-84.68669891357422,41.64762878417969,27.12348175048828,-19.106830596923828,87.52546691894531,-53.80845642089844,-84.68669891357422,41.64762878417969,42.79191128506197
22.280,0,27.057662963867188,-18.741273880004883,87.36626434326172,-54.18818664550781,-84.69355010986328,41.60163497924805,27.057662963867188,-18.741273880004883,87.36626434326172,-54.18818664550781,-84.69355010986328,41.60163497924805,42.465753424657535
22.315,0,26.847057342529297,-18.207521438598633,87.11735534667969,-54.55242156982422,-84.69548034667969,41.64550018310547,26.847057342529297,-18.207521438598633,87.11735534667969,-54.55242156982422,-84.69548034667969,41.64550018310547,42.07436399217221
22.346,0,27.159717559814453,-18.99819564819336,87.5492935180664,-54.16455841064453,-84.69160461425781,41.202301025390625,27.159717559814453,-18.99819564819336,87.5492935180664,-54.16455841064453,-84.69160461425781,41.202301025390625,41.878669275929546
22.381,0,27.849853515625,-19.718652725219727,87.7442398071289,-53.55970001220703,-84.61135864257812,41.046085357666016,27.849853515625,-19.718652725219727,87.7442398071289,-53.55970001220703,-84.61135864257812,41.046085357666016,41.878669275929546
22.417,0,27.943721771240234,-20.390499114990234,87.56493377685547,-52.514488220214844,-84.6700210571289,41.20970916748047,27.943721771240234,-20.390499114990234,87.56493377685547,-52.514488220214844,-84.6700210571289,41.20970916748047,41.81343770384866
22.445,0,27.76413345336914,-19.602760314941406,87.21826171875,-53.02790832519531,-84.65493774414062,41.32330322265625,27.76413345336914,-19.602760314941406,87.21826171875,-53.02790832519531,-84.65493774414062,41.32330322265625,41.48727984344423
22.484,0,28.13166046142578,-20.72432518005371,87.79307556152344,-52.38676452636719,-84.6557846069336,40.841575622558594,28.13166046142578,-20.72432518005371,87.79307556152344,-52.38676452636719,-84.6557846069336,40.841575622558594,41.226353555120674
22.515,0,28.50116729736328,-21.48084831237793,88.04324340820312,-51.780738830566406,-84.59861755371094,40.607154846191406,28.50116729736328,-21.48084831237793,88.04324340820312,-51.780738830566406,-84.59861755371094,40.607154846191406,41.226353555120674
22.550,0,28.368412017822266,-21.760772705078125,87.99057006835938,-51.34689712524414,-84.61729431152344,40.42768096923828,28.368412017822266,-21.760772705078125,87.99057006835938,-51.34689712524414,-84.61729431152344,40.42768096923828,41.35681669928245
22.580,0,28.19281005859375,-20.718177795410156,87.61329650878906,-52.174530029296875,-84.6231918334961,40.65617370605469,28.19281005859375,-20.718177795410156,87.61329650878906,-52.174530029296875,-84.6231918334961,40.65617370605469,40.96542726679713
22.618,0,28.52560043334961,-21.723230361938477,88.17701721191406,-51.65305709838867,-84.63626861572266,40.20230484008789,28.52560043334961,-21.723230361938477,88.17701721191406,-51.65305709838867,-84.63626861572266,40.20230484008789,40.704500978473575
22.647,0,28.872344970703125,-22.42928123474121,88.443603515625,-51.086524963378906,-84.58760070800781,39.94099426269531,28.872344970703125,-22.42928123474121,88.443603515625,-51.086524963378906,-84.58760070800781,39.94099426269531,40.704500978473575
22.685,0,28.736793518066406,-22.805482864379883,88.3377685546875,-50.455726623535156,-84.61567687988281,39.80680847167969,28.736793518066406,-22.805482864379883,88.3377685546875,-50.455726623535156,-84.61567687988281,39.80680847167969,40.769732550554465
22.715,0,28.55078125,-22.052030563354492,88.07011413574219,-51.03022766113281,-84.6372299194336,40.021575927734375,28.55078125,-22.052030563354492,88.07011413574219,-51.03022766113281,-84.6372299194336,40.021575927734375,40.37834311806915
22.750,0,28.82988739013672,-22.896774291992188,88.54801940917969,-50.5639533996582,-84.64611053466797,39.57991409301758,28.82988739013672,-22.896774291992188,88.54801940917969,-50.5639533996582,-84.64611053466797,39.57991409301758,40.182648401826484
22.782,0,29.14187240600586,-23.76692008972168,88.92069244384766,-49.91596603393555,-84.59466552734375,39.35307312011719,29.14187240600586,-23.76692008972168,88.92069244384766,-49.91596603393555,-84.59466552734375,39.35307312011719,40.182648401826484
22.818,0,28.99860382080078,-24.20069122314453,88.85367584228516,-49.30649185180664,-84.64225769042969,39.26917266845703,28.99860382080078,-24.20069122314453,88.85367584228516,-49.30649185180664,-84.64225769042969,39.26917266845703,40.11741682974559
22.846,0,28.775043487548828,-23.24210548400879,88.50296783447266,-50.03441619873047,-84.67456817626953,39.459293365478516,28.775043487548828,-23.24210548400879,88.50296783447266,-50.03441619873047,-84.67456817626953,39.459293365478516,39.79125896934116
22.883,0,29.363994598388672,-23.115867614746094,88.44294738769531,-50.14099884033203,-84.64488220214844,39.62852096557617,29.363994598388672,-23.115867614746094,88.44294738769531,-50.14099884033203,-84.64488220214844,39.62852096557617,39.595564253098495
22.917,0,29.69506072998047,-24.025436401367188,88.80203247070312,-49.41495132446289,-84.58213806152344,39.42420959472656,29.69506072998047,-24.025436401367188,88.80203247070312,-49.41495132446289,-84.58213806152344,39.42420959472656,39.595564253098495
22.950,0,29.536598205566406,-24.335784912109375,88.66197204589844,-48.88731002807617,-84.651611328125,39.413822174072266,29.536598205566406,-24.335784912109375,88.66197204589844,-48.88731002807617,-84.651611328125,39.413822174072266,39.595564253098495
22.985,0,29.308795928955078,-23.45431900024414,88.30350494384766,-49.49308776855469,-84.69100189208984,39.578861236572266,29.308795928955078,-23.45431900024414,88.30350494384766,-49.49308776855469,-84.69100189208984,39.578861236572266,39.53033268101761
23.015,0,29.871078491210938,-23.619098663330078,88.3576889038086,-49.408180236816406,-84.68599700927734,39.769309997558594,29.871078491210938,-23.619098663330078,88.3576889038086,-49.408180236816406,-84.68599700927734,39.769309997558594,39.53033268101761
23.053,0,30.181278228759766,-24.61968421936035,88.74821472167969,-48.60923385620117,-84.62287139892578,39.565826416015625,30.181278228759766,-24.61968421936035,88.74821472167969,-48.60923385620117,-84.62287139892578,39.565826416015625,39.53033268101761
23.084,0,30.034236907958984,-24.9541015625,88.63228607177734,-48.090675354003906,-84.69535827636719,39.547019958496094,30.034236907958984,-24.9541015625,88.63228607177734,-48.090675354003906,-84.69535827636719,39.547019958496094,39.53033268101761
23.118,0,29.751590728759766,-24.19293785095215,88.44509887695312,-48.785247802734375,-84.70384216308594,39.685791015625,29.751590728759766,-24.19293785095215,88.44509887695312,-48.785247802734375,-84.70384216308594,39.685791015625,39.46510110893672
23.151,0,30.25899887084961,-24.469879150390625,88.51192474365234,-48.61817932128906,-84.7036361694336,39.86344909667969,30.25899887084961,-24.469879150390625,88.51192474365234,-48.61817932128906,-84.7036361694336,39.86344909667969,39.46510110893672
23.185,0,30.571834564208984,-25.506227493286133,88.92333984375,-47.790748596191406,-84.63631439208984,39.66786193847656,30.571834564208984,-25.506227493286133,88.92333984375,-47.790748596191406,-84.63631439208984,39.66786193847656,39.53033268101761
23.219,0,30.41796875,-25.76105499267578,88.73699951171875,-47.225093841552734,-84.68661499023438,39.7200927734375,30.41796875,-25.76105499267578,88.73699951171875,-47.225093841552734,-84.68661499023438,39.7200927734375,39.53033268101761
23.252,0,30.32787322998047,-25.689271926879883,88.72974395751953,-47.29316711425781,-84.72859954833984,39.802574157714844,30.32787322998047,-25.689271926879883,88.72974395751953,-47.29316711425781,-84.72859954833984,39.802574157714844,39.46510110893672
23.287,0,30.679584503173828,-26.448841094970703,89.01107788085938,-46.699668884277344,-84.72254943847656,39.66099548339844,30.679584503173828,-26.448841094970703,89.01107788085938,-46.699668884277344,-84.72254943847656,39.66099548339844,39.46510110893672
23.318,0,31.03433609008789,-27.493988037109375,89.40508270263672,-45.86536407470703,-84.66120910644531,39.505455017089844,31.03433609008789,-27.493988037109375,89.40508270263672,-45.86536407470703,-84.66120910644531,39.505455017089844,39.46510110893672
23.353,0,30.85143280029297,-27.666614532470703,89.21383666992188,-45.4005126953125,-84.69824981689453,39.57676696777344,30.85143280029297,-27.666614532470703,89.21383666992188,-45.4005126953125,-84.69824981689453,39.57676696777344,39.53033268101761
23.385,0,30.59466552734375,-26.997867584228516,89.0053482055664,-45.92676544189453,-84.70014953613281,39.68324279785156,30.59466552734375,-26.997867584228516,89.0053482055664,-45.92676544189453,-84.70014953613281,39.68324279785156,39.46510110893672
23.418,0,30.839065551757812,-27.60710334777832,89.18698120117188,-45.4295654296875,-84.70048522949219,39.5704345703125,30.839065551757812,-27.60710334777832,89.18698120117188,-45.4295654296875,-84.70048522949219,39.5704345703125,39.46510110893672
23.456,0,31.113449096679688,-28.76030731201172,89.65882110595703,-44.501365661621094,-84.62545776367188,39.43700408935547,31.113449096679688,-28.76030731201172,89.65882110595703,-44.501365661621094,-84.62545776367188,39.43700408935547,39.46510110893672
23.486,0,30.93457794189453,-28.97636604309082,89.49636840820312,-44.048545837402344,-84.66728973388672,39.48258972167969,30.93457794189453,-28.97636604309082,89.49636840820312,-44.048545837402344,-84.66728973388672,39.48258972167969,39.46510110893672
23.519,0,30.65487289428711,-28.269298553466797,89.2968521118164,-44.64494323730469,-84.67626190185547,39.621707916259766,30.65487289428711,-28.269298553466797,89.2968521118164,-44.64494323730469,-84.67626190185547,39.621707916259766,39.46510110893672
23.555,0,30.86502456665039,-28.869253158569336,89.44210815429688,-44.11018753051758,-84.6708984375,39.541465759277344,30.86502456665039,-28.869253158569336,89.44210815429688,-44.11018753051758,-84.6708984375,39.541465759277344,39.46510110893672
23.586,0,31.205799102783203,-29.944751739501953,89.88068389892578,-43.23826217651367,-84.6034927368164,39.391998291015625,31.205799102783203,-29.944751739501953,89.88068389892578,-43.23826217651367,-84.6034927368164,39.391998291015625,39.46510110893672
23.621,0,31.046737670898438,-30.156688690185547,89.6978530883789,-42.76508712768555,-84.64254760742188,39.4856071472168,31.046737670898438,-30.156688690185547,89.6978530883789,-42.76508712768555,-84.64254760742188,39.4856071472168,39.46510110893672
23.654,0,30.7747802734375,-29.348783493041992,89.46556091308594,-43.42778396606445,-84.65217590332031,39.67414474487305,30.7747802734375,-29.348783493041992,89.46556091308594,-43.42778396606445,-84.65217590332031,39.67414474487305,39.46510110893672
23.688,0,31.00922393798828,-29.936161041259766,89.62725830078125,-42.93722915649414,-84.66168212890625,39.611602783203125,31.00922393798828,-29.936161041259766,89.62725830078125,-42.93722915649414,-84.66168212890625,39.611602783203125,39.46510110893672
23.721,0,31.333084106445312,-31.158935546875,90.08699035644531,-41.93513488769531,-84.5946273803711,39.481117248535156,31.333084106445312,-31.158935546875,90.08699035644531,-41.93513488769531,-84.5946273803711,39.481117248535156,39.46510110893672
23.754,0,31.18621826171875,-31.302310943603516,89.9217300415039,-41.58496856689453,-84.62772369384766,39.55781555175781,31.18621826171875,-31.302310943603516,89.9217300415039,-41.58496856689453,-84.62772369384766,39.55781555175781,39.46510110893672
23.789,0,30.936370849609375,-30.559467315673828,89.68522644042969,-42.181739807128906,-84.64427947998047,39.78253173828125,30.936370849609375,-30.559467315673828,89.68522644042969,-42.181739807128906,-84.64427947998047,39.78253173828125,39.46510110893672
23.821,0,31.154308319091797,-31.110576629638672,89.82759094238281,-41.70740509033203,-84.64108276367188,39.719017028808594,31.154308319091797,-31.110576629638672,89.82759094238281,-41.70740509033203,-84.64108276367188,39.719017028808594,39.46510110893672
23.858,0,31.48889923095703,-32.22438049316406,90.23985290527344,-40.77833938598633,-84.56383514404297,39.51278305053711,31.48889923095703,-32.22438049316406,90.23985290527344,-40.77833938598633,-84.56383514404297,39.51278305053711,39.46510110893672
23.890,0,31.35123062133789,-32.38212585449219,90.04684448242188,-40.344573974609375,-84.60453033447266,39.603939056396484,31.35123062133789,-32.38212585449219,90.04684448242188,-40.344573974609375,-84.60453033447266,39.603939056396484,39.46510110893672
23.920,0,31.09264373779297,-31.675697326660156,89.81571960449219,-40.91899108886719,-84.60811614990234,39.738441467285156,31.09264373779297,-31.675697326660156,89.81571960449219,-40.91899108886719,-84.60811614990234,39.738441467285156,39.46510110893672
23.959,0,31.319561004638672,-32.350650787353516,90.00922393798828,-40.33965301513672,-84.60953521728516,39.61231994628906,31.319561004638672,-32.350650787353516,90.00922393798828,-40.33965301513672,-84.60953521728516,39.61231994628906,39.46510110893672
23.988,0,31.619998931884766,-33.595619201660156,90.53583526611328,-39.32579040527344,-84.537841796875,39.34040069580078,31.619998931884766,-33.595619201660156,90.53583526611328,-39.32579040527344,-84.537841796875,39.34040069580078,39.46510110893672
24.025,0,31.502296447753906,-33.67764663696289,90.34550476074219,-38.99310302734375,-84.55716705322266,39.39167785644531,31.502296447753906,-33.67764663696289,90.34550476074219,-38.99310302734375,-84.55716705322266,39.39167785644531,39.46510110893672
24.057,0,31.22052001953125,-32.6599006652832,90.12041473388672,-39.87837600708008,-84.57617950439453,39.5635986328125,31.22052001953125,-32.6599006652832,90.12041473388672,-39.87837600708008,-84.57617950439453,39.5635986328125,39.46510110893672
24.090,0,31.464069366455078,-33.33123016357422,90.30148315429688,-39.26856994628906,-84.56546020507812,39.38188934326172,31.464069366455078,-33.33123016357422,90.30148315429688,-39.26856994628906,-84.56546020507812,39.38188934326172,39.46510110893672
24.124,0,31.762462615966797,-34.43732452392578,90.7640609741211,-38.33892059326172,-84.51165008544922,39.10811996459961,31.762462615966797,-34.43732452392578,90.7640609741211,-38.33892059326172,-84.51165008544922,39.10811996459961,39.46510110893672
24.157,0,31.64498519897461,-34.62702941894531,90.59847259521484,-37.896602630615234,-84.54692840576172,39.167259216308594,31.64498519897461,-34.62702941894531,90.59847259521484,-37.896602630615234,-84.54692840576172,39.167259216308594,39.46510110893672
24.191,0,31.388694763183594,-33.768463134765625,90.47875213623047,-38.708961486816406,-84.55026245117188,39.2662353515625,31.388694763183594,-33.768463134765625,90.47875213623047,-38.708961486816406,-84.55026245117188,39.2662353515625,39.39986953685584
24.225,0,31.61575698852539,-34.305973052978516,90.65064239501953,-38.22327423095703,-84.52909851074219,39.05689239501953,31.61575698852539,-34.305973052978516,90.65064239501953,-38.22327423095703,-84.52909851074219,39.05689239501953,39.39986953685584
24.258,0,31.914073944091797,-35.02642822265625,90.80199432373047,-37.544437408447266,-84.51087951660156,38.851688385009766,31.914073944091797,-35.02642822265625,90.80199432373047,-37.544437408447266,-84.51087951660156,38.851688385009766,39.39986953685584
24.292,0,31.776947021484375,-35.30595016479492,90.69876098632812,-37.072723388671875,-84.53067016601562,38.83073806762695,31.776947021484375,-35.30595016479492,90.69876098632812,-37.072723388671875,-84.53067016601562,38.83073806762695,39.39986953685584
24.325,0,31.524375915527344,-34.547698974609375,90.54914855957031,-37.75532531738281,-84.54495239257812,38.907630920410156,31.524375915527344,-34.547698974609375,90.54914855957031,-37.75532531738281,-84.54495239257812,38.907630920410156,39.39986953685584
24.360,0,31.770301818847656,-35.106407165527344,90.70700073242188,-37.25380325317383,-84.52921295166016,38.68287658691406,31.770301818847656,-35.106407165527344,90.70700073242188,-37.25380325317383,-84.52921295166016,38.68287658691406,39.204174820613176
24.391,0,32.055641174316406,-35.8653564453125,90.93252563476562,-36.62910079956055,-84.51343536376953,38.526641845703125,32.055641174316406,-35.8653564453125,90.93252563476562,-36.62910079956055,-84.51343536376953,38.526641845703125,39.138943248532286
24.425,0,31.96169662475586,-36.189308166503906,90.78362274169922,-36.046142578125,-84.54003143310547,38.39624786376953,31.96169662475586,-36.189308166503906,90.78362274169922,-36.046142578125,-84.54003143310547,38.39624786376953,39.138943248532286
24.461,0,31.796661376953125,-36.27348327636719,90.59672546386719,-35.70552062988281,-84.56696319580078,38.39216613769531,31.796661376953125,-36.27348327636719,90.59672546386719,-35.70552062988281,-84.56696319580078,38.39216613769531,38.94324853228962
24.492,0,31.56524658203125,-35.43064880371094,90.40011596679688,-36.41202163696289,-84.60582733154297,38.46725082397461,31.56524658203125,-35.43064880371094,90.40011596679688,-36.41202163696289,-84.60582733154297,38.46725082397461,38.74755381604697
24.527,0,31.79751205444336,-36.05724334716797,90.57038879394531,-35.846920013427734,-84.60869598388672,38.25391387939453,31.79751205444336,-36.05724334716797,90.57038879394531,-35.846920013427734,-84.60869598388672,38.25391387939453,38.68232224396608
24.558,0,32.045536041259766,-36.702701568603516,90.76219940185547,-35.3026123046875,-84.58694458007812,38.105377197265625,32.045536041259766,-36.702701568603516,90.76219940185547,-35.3026123046875,-84.58694458007812,38.105377197265625,38.617090671885194
24.595,0,31.865543365478516,-36.81574249267578,90.57115936279297,-34.937835693359375,-84.62994384765625,38.076988220214844,31.865543365478516,-36.81574249267578,90.57115936279297,-34.937835693359375,-84.62994384765625,38.076988220214844,38.551859099804304
24.625,0,31.769031524658203,-36.62630844116211,90.52625274658203,-35.024166107177734,-84.65105438232422,38.05851745605469,31.769031524658203,-36.62630844116211,90.52625274658203,-35.024166107177734,-84.65105438232422,38.05851745605469,38.551859099804304
24.662,0,31.997207641601562,-37.274986267089844,90.65635681152344,-34.40774917602539,-84.67935180664062,37.90095520019531,31.997207641601562,-37.274986267089844,90.65635681152344,-34.40774917602539,-84.67935180664062,37.90095520019531,38.42139595564253
24.694,0,32.38309860229492,-37.656402587890625,90.61013793945312,-33.92891311645508,-84.68367767333984,37.95493698120117,32.38309860229492,-37.656402587890625,90.61013793945312,-33.92891311645508,-84.68367767333984,37.95493698120117,38.29093281148076
24.725,0,32.2611198425293,-37.318267822265625,90.51318359375,-34.174537658691406,-84.69200897216797,38.012474060058594,32.2611198425293,-37.318267822265625,90.51318359375,-34.174537658691406,-84.69200897216797,38.012474060058594,38.29093281148076
24.763,0,32.13627243041992,-37.027061462402344,90.38768768310547,-34.29452133178711,-84.72805786132812,38.09980392456055,32.13627243041992,-37.027061462402344,90.38768768310547,-34.29452133178711,-84.72805786132812,38.09980392456055,38.16046966731898
24.793,0,32.460750579833984,-37.664283752441406,90.55075073242188,-33.75349426269531,-84.75306701660156,38.05957794189453,32.460750579833984,-37.664283752441406,90.55075073242188,-33.75349426269531,-84.75306701660156,38.05957794189453,38.16046966731898
24.830,0,32.33123779296875,-36.99866485595703,90.27668762207031,-34.32478332519531,-84.79120635986328,38.26428985595703,32.33123779296875,-36.99866485595703,90.27668762207031,-34.32478332519531,-84.79120635986328,38.26428985595703,38.16046966731898
24.860,0,32.187747955322266,-36.41331100463867,90.01245880126953,-34.803707122802734,-84.81189727783203,38.476890563964844,32.187747955322266,-36.41331100463867,90.01245880126953,-34.803707122802734,-84.81189727783203,38.476890563964844,38.16046966731898
24.893,0,32.07432556152344,-36.19380569458008,89.87958526611328,-34.858177185058594,-84.84342956542969,38.54998016357422,32.07432556152344,-36.19380569458008,89.87958526611328,-34.858177185058594,-84.84342956542969,38.54998016357422,38.16046966731898
24.926,0,32.30944061279297,-36.733097076416016,89.92489624023438,-34.30390167236328,-84.91767883300781,38.730567932128906,32.30944061279297,-36.733097076416016,89.92489624023438,-34.30390167236328,-84.91767883300781,38.730567932128906,38.16046966731898
24.965,0,32.534934997558594,-37.415645599365234,90.04297637939453,-33.629486083984375,-84.99972534179688,38.94921112060547,32.534934997558594,-37.415645599365234,90.04297637939453,-33.629486083984375,-84.99972534179688,38.94921112060547,38.095238095238095
24.994,0,32.18391036987305,-36.343345642089844,89.77909088134766,-34.51498794555664,-85.03762817382812,39.148841857910156,32.18391036987305,-36.343345642089844,89.77909088134766,-34.51498794555664,-85.03762817382812,39.148841857910156,38.095238095238095
25.032,0,32.504146575927734,-36.59132385253906,89.73015594482422,-34.201690673828125,-85.05789184570312,39.298095703125,32.504146575927734,-36.59132385253906,89.73015594482422,-34.201690673828125,-85.05789184570312,39.298095703125,38.22570123939987
25.059,0,32.84336853027344,-36.68256378173828,89.64479064941406,-34.01249313354492,-85.09425354003906,39.388458251953125,32.84336853027344,-36.68256378173828,89.64479064941406,-34.01249313354492,-85.09425354003906,39.388458251953125,38.551859099804304
25.099,0,32.80805206298828,-35.692527770996094,89.30520629882812,-34.86368942260742,-85.16803741455078,39.892398834228516,32.80805206298828,-35.692527770996094,89.30520629882812,-34.86368942260742,-85.16803741455078,39.892398834228516,38.81278538812785
25.126,0,32.49943161010742,-34.932464599609375,89.07575988769531,-35.42277908325195,-85.19300079345703,40.00865936279297,32.49943161010742,-34.932464599609375,89.07575988769531,-35.42277908325195,-85.19300079345703,40.00865936279297,38.94324853228962
25.166,0,32.835662841796875,-34.854801177978516,88.91789245605469,-35.40668487548828,-85.24181365966797,40.27250671386719,32.835662841796875,-34.854801177978516,88.91789245605469,-35.40668487548828,-85.24181365966797,40.27250671386719,39.0737116764514
25.193,0,33.12348175048828,-35.62087631225586,89.0665283203125,-34.72607421875,-85.32060241699219,40.39769744873047,33.12348175048828,-35.62087631225586,89.0665283203125,-34.72607421875,-85.32060241699219,40.39769744873047,39.46510110893672
25.231,0,33.037933349609375,-34.888832092285156,88.80422973632812,-35.45594787597656,-85.3938217163086,40.73542022705078,33.037933349609375,-34.888832092285156,88.80422973632812,-35.45594787597656,-85.3938217163086,40.73542022705078,39.595564253098495
25.261,0,32.772605895996094,-34.13078689575195,88.60908508300781,-36.08368682861328,-85.43202209472656,40.81461715698242,32.772605895996094,-34.13078689575195,88.60908508300781,-36.08368682861328,-85.43202209472656,40.81461715698242,39.85649054142205
25.297,0,33.08164978027344,-35.169254302978516,89.10185241699219,-35.40184783935547,-85.42476654052734,40.74632263183594,33.08164978027344,-35.169254302978516,89.10185241699219,-35.40184783935547,-85.42476654052734,40.74632263183594,40.11741682974559
25.329,0,33.062225341796875,-35.70396041870117,89.32015991210938,-34.91395568847656,-85.39055633544922,40.632484436035156,33.062225341796875,-35.70396041870117,89.32015991210938,-34.91395568847656,-85.39055633544922,40.632484436035156,40.31311154598826
25.364,0,33.0438117980957,-35.663818359375,89.27383422851562,-34.953922271728516,-85.4273681640625,40.692047119140625,33.0438117980957,-35.663818359375,89.27383422851562,-34.953922271728516,-85.4273681640625,40.692047119140625,40.31311154598826
25.396,0,32.88753890991211,-34.874820709228516,89.08702850341797,-35.692073822021484,-85.4884033203125,40.919281005859375,32.88753890991211,-34.874820709228516,89.08702850341797,-35.692073822021484,-85.4884033203125,40.919281005859375,40.31311154598826
25.428,0,33.173362731933594,-35.84693145751953,89.51773071289062,-35.03022766113281,-85.47772216796875,40.77214050292969,33.173362731933594,-35.84693145751953,89.51773071289062,-35.03022766113281,-85.47772216796875,40.77214050292969,40.31311154598826
25.465,0,33.18989944458008,-36.31109619140625,89.69403076171875,-34.60653305053711,-85.48506927490234,40.702239990234375,33.18989944458008,-36.31109619140625,89.69403076171875,-34.60653305053711,-85.48506927490234,40.702239990234375,40.44357469015003
25.494,0,33.17000198364258,-36.064857482910156,89.58038330078125,-34.836612701416016,-85.53767395019531,40.8003044128418,33.17000198364258,-36.064857482910156,89.58038330078125,-34.836612701416016,-85.53767395019531,40.8003044128418,40.5740378343118
25.533,0,32.996803283691406,-35.16020965576172,89.31194305419922,-35.61756134033203,-85.59747314453125,41.18479919433594,32.996803283691406,-35.16020965576172,89.31194305419922,-35.61756134033203,-85.59747314453125,41.18479919433594,40.5740378343118
25.562,0,33.296775817871094,-35.4639892578125,89.26634216308594,-35.254310607910156,-85.55522155761719,41.00669860839844,33.296775817871094,-35.4639892578125,89.26634216308594,-35.254310607910156,-85.55522155761719,41.00669860839844,40.5740378343118
25.599,0,33.43718338012695,-36.06940460205078,89.4492416381836,-34.648738861083984,-85.55547332763672,40.92691421508789,33.43718338012695,-36.06940460205078,89.4492416381836,-34.648738861083984,-85.55547332763672,40.92691421508789,40.63926940639269
25.629,0,33.4951171875,-35.777931213378906,89.32260131835938,-34.8883056640625,-85.57440185546875,41.035484313964844,33.4951171875,-35.777931213378906,89.32260131835938,-34.8883056640625,-85.57440185546875,41.035484313964844,40.704500978473575
25.665,0,33.40167999267578,-35.11052322387695,89.162353515625,-35.51927947998047,-85.65835571289062,41.34965515136719,33.40167999267578,-35.11052322387695,89.162353515625,-35.51927947998047,-85.65835571289062,41.34965515136719,40.704500978473575
25.697,0,33.68122100830078,-35.153900146484375,89.03820037841797,-35.36421585083008,-85.6187973022461,41.330543518066406,33.68122100830078,-35.153900146484375,89.03820037841797,-35.36421585083008,-85.6187973022461,41.330543518066406,40.704500978473575
25.734,0,33.818946838378906,-36.135162353515625,89.3626937866211,-34.486087799072266,-85.58409881591797,41.12199401855469,33.818946838378906,-36.135162353515625,89.3626937866211,-34.486087799072266,-85.58409881591797,41.12199401855469,40.704500978473575
25.762,0,33.804996490478516,-35.627342224121094,89.15694427490234,-34.864559173583984,-85.64160919189453,41.30331802368164,33.804996490478516,-35.627342224121094,89.15694427490234,-34.864559173583984,-85.64160919189453,41.30331802368164,40.90019569471624
25.801,0,33.7219123840332,-34.96997833251953,88.95240783691406,-35.417152404785156,-85.68260192871094,41.54747772216797,33.7219123840332,-34.96997833251953,88.95240783691406,-35.417152404785156,-85.68260192871094,41.54747772216797,40.90019569471624
25.830,0,34.02028274536133,-35.17030334472656,88.88887023925781,-35.15309524536133,-85.65449523925781,41.48664093017578,34.02028274536133,-35.17030334472656,88.88887023925781,-35.15309524536133,-85.65449523925781,41.48664093017578,40.96542726679713
25.867,0,34.16558837890625,-36.045616149902344,89.1236572265625,-34.2802848815918,-85.59815979003906,41.243202209472656,34.16558837890625,-36.045616149902344,89.1236572265625,-34.2802848815918,-85.59815979003906,41.243202209472656,41.03065883887801
25.898,0,34.09257507324219,-34.742958068847656,88.67916870117188,-35.35249710083008,-85.67058563232422,41.677215576171875,34.09257507324219,-34.742958068847656,88.67916870117188,-35.35249710083008,-85.67058563232422,41.677215576171875,41.0958904109589
25.934,0,33.96084976196289,-34.10118103027344,88.42953491210938,-35.890159606933594,-85.7028579711914,41.80402374267578,33.96084976196289,-34.10118103027344,88.42953491210938,-35.890159606933594,-85.7028579711914,41.80402374267578,41.0958904109589
25.974,0,34.269710540771484,-34.30705261230469,88.30162811279297,-35.542518615722656,-85.66898345947266,41.74229431152344,34.269710540771484,-34.30705261230469,88.30162811279297,-35.542518615722656,-85.66898345947266,41.74229431152344,41.226353555120674
25.996,0,34.46364212036133,-35.041099548339844,88.57252502441406,-34.84121322631836,-85.61366271972656,41.55852127075195,34.46364212036133,-35.041099548339844,88.57252502441406,-34.84121322631836,-85.61366271972656,41.55852127075195,41.42204827136334
26.031,0,34.392799377441406,-33.612030029296875,88.09039306640625,-36.0223388671875,-85.65802764892578,42.024375915527344,34.392799377441406,-33.612030029296875,88.09039306640625,-36.0223388671875,-85.65802764892578,42.024375915527344,41.48727984344423
26.070,0,34.2286262512207,-33.0503044128418,87.85520935058594,-36.47843933105469,-85.6884765625,42.10405731201172,34.2286262512207,-33.0503044128418,87.85520935058594,-36.47843933105469,-85.6884765625,42.10405731201172,41.48727984344423
26.097,0,34.52623748779297,-33.152496337890625,87.72734069824219,-36.23388671875,-85.65474700927734,42.06187438964844,34.52623748779297,-33.152496337890625,87.72734069824219,-36.23388671875,-85.65474700927734,42.06187438964844,41.48727984344423
26.137,0,34.73102569580078,-33.834388732910156,87.9992446899414,-35.647830963134766,-85.5837631225586,41.946571350097656,34.73102569580078,-33.834388732910156,87.9992446899414,-35.647830963134766,-85.5837631225586,41.946571350097656,41.68297455968688
26.164,0,34.62345504760742,-32.61494445800781,87.59686279296875,-36.721797943115234,-85.63627624511719,42.466468811035156,34.62345504760742,-32.61494445800781,87.59686279296875,-36.721797943115234,-85.63627624511719,42.466468811035156,41.74820613176777
26.202,0,34.445438385009766,-32.02532196044922,87.4222412109375,-37.25111770629883,-85.64125061035156,42.57575607299805,34.445438385009766,-32.02532196044922,87.4222412109375,-37.25111770629883,-85.64125061035156,42.57575607299805,41.74820613176777
26.232,0,34.747745513916016,-32.21539306640625,87.30850982666016,-36.95318603515625,-85.60147094726562,42.49725341796875,34.747745513916016,-32.21539306640625,87.30850982666016,-36.95318603515625,-85.60147094726562,42.49725341796875,41.878669275929546
26.270,0,34.75358581542969,-32.505653381347656,87.44483947753906,-36.64628219604492,-85.54765319824219,42.23615646362305,34.75358581542969,-32.505653381347656,87.44483947753906,-36.64628219604492,-85.54765319824219,42.23615646362305,42.1395955642531
26.298,0,34.73204803466797,-31.353736877441406,87.03024291992188,-37.65998077392578,-85.59323120117188,42.65492630004883,34.73204803466797,-31.353736877441406,87.03024291992188,-37.65998077392578,-85.59323120117188,42.65492630004883,42.20482713633398
26.337,0,34.589595794677734,-30.925304412841797,86.86871337890625,-38.02229309082031,-85.59829711914062,42.752906799316406,34.589595794677734,-30.925304412841797,86.86871337890625,-38.02229309082031,-85.59829711914062,42.752906799316406,42.20482713633398
26.366,0,34.88315963745117,-30.9730281829834,86.72208404541016,-37.830684661865234,-85.53892517089844,42.73421859741211,34.88315963745117,-30.9730281829834,86.72208404541016,-37.830684661865234,-85.53892517089844,42.73421859741211,42.27005870841487
26.403,0,34.91303253173828,-31.137584686279297,86.77015686035156,-37.5884895324707,-85.51049041748047,42.464412689208984,34.91303253173828,-31.137584686279297,86.77015686035156,-37.5884895324707,-85.51049041748047,42.464412689208984,42.400521852576645
26.433,0,34.7646484375,-30.389759063720703,86.54828643798828,-38.320701599121094,-85.53750610351562,42.61882781982422,34.7646484375,-30.389759063720703,86.54828643798828,-38.320701599121094,-85.53750610351562,42.61882781982422,42.400521852576645
26.468,0,34.627685546875,-29.817886352539062,86.33024597167969,-38.807655334472656,-85.56895446777344,42.684913635253906,34.627685546875,-29.817886352539062,86.33024597167969,-38.807655334472656,-85.56895446777344,42.684913635253906,42.400521852576645
26.502,0,34.95492935180664,-29.56988525390625,86.15937805175781,-38.98564910888672,-85.5460205078125,42.910274505615234,34.95492935180664,-29.56988525390625,86.15937805175781,-38.98564910888672,-85.5460205078125,42.910274505615234,42.335290280495755
26.536,0,35.011348724365234,-29.921545028686523,86.26780700683594,-38.59308624267578,-85.5023193359375,42.648590087890625,35.011348724365234,-29.921545028686523,86.26780700683594,-38.59308624267578,-85.5023193359375,42.648590087890625,42.400521852576645
26.569,0,35.00929641723633,-30.157930374145508,86.3857421875,-38.35480880737305,-85.47203063964844,42.41423797607422,35.00929641723633,-30.157930374145508,86.3857421875,-38.35480880737305,-85.47203063964844,42.41423797607422,42.400521852576645
26.599,0,34.90996170043945,-29.694229125976562,86.26029968261719,-38.86919021606445,-85.47847747802734,42.447166442871094,34.90996170043945,-29.694229125976562,86.26029968261719,-38.86919021606445,-85.47847747802734,42.447166442871094,42.400521852576645
26.638,0,34.86793899536133,-29.103404998779297,86.10319519042969,-39.4394416809082,-85.48689270019531,42.554283142089844,34.86793899536133,-29.103404998779297,86.10319519042969,-39.4394416809082,-85.48689270019531,42.554283142089844,42.400521852576645
26.668,0,35.20232009887695,-28.85228729248047,85.98635864257812,-39.63961410522461,-85.47418975830078,42.76570129394531,35.20232009887695,-28.85228729248047,85.98635864257812,-39.63961410522461,-85.47418975830078,42.76570129394531,42.400521852576645
26.703,0,35.22867202758789,-29.161151885986328,86.12357330322266,-39.351234436035156,-85.43594360351562,42.58732604980469,35.22867202758789,-29.161151885986328,86.12357330322266,-39.351234436035156,-85.43594360351562,42.58732604980469,42.400521852576645
26.736,0,35.234493255615234,-29.388565063476562,86.21369934082031,-39.09788513183594,-85.3968276977539,42.343101501464844,35.234493255615234,-29.388565063476562,86.21369934082031,-39.09788513183594,-85.3968276977539,42.343101501464844,42.400521852576645
26.771,0,35.13371658325195,-28.979496002197266,86.14396667480469,-39.60114669799805,-85.40339660644531,42.338035583496094,35.13371658325195,-28.979496002197266,86.14396667480469,-39.60114669799805,-85.40339660644531,42.338035583496094,42.400521852576645
26.802,0,35.06964111328125,-28.29008674621582,85.96339416503906,-40.24699783325195,-85.42359161376953,42.49930191040039,35.06964111328125,-28.29008674621582,85.96339416503906,-40.24699783325195,-85.42359161376953,42.49930191040039,42.400521852576645
26.838,0,35.37257385253906,-28.081920623779297,85.8779296875,-40.478824615478516,-85.4282455444336,42.71021270751953,35.37257385253906,-28.081920623779297,85.8779296875,-40.478824615478516,-85.4282455444336,42.71021270751953,42.400521852576645
26.867,0,35.38340759277344,-28.429927825927734,86.02806091308594,-40.151123046875,-85.38428497314453,42.480613708496094,35.38340759277344,-28.429927825927734,86.02806091308594,-40.151123046875,-85.38428497314453,42.480613708496094,42.400521852576645
26.903,0,35.41938781738281,-28.796058654785156,86.21439361572266,-39.83341598510742,-85.33647155761719,42.180274963378906,35.41938781738281,-28.796058654785156,86.21439361572266,-39.83341598510742,-85.33647155761719,42.180274963378906,42.400521852576645
26.937,0,35.32387161254883,-28.24178123474121,86.08409881591797,-40.42387390136719,-85.33432006835938,42.21382141113281,35.32387161254883,-28.24178123474121,86.08409881591797,-40.42387390136719,-85.33432006835938,42.21382141113281,42.400521852576645
26.972,0,35.25508117675781,-27.65957260131836,85.95594024658203,-41.04515838623047,-85.34423828125,42.2734375,35.25508117675781,-27.65957260131836,85.95594024658203,-41.04515838623047,-85.34423828125,42.2734375,42.400521852576645
27.003,0,35.495384216308594,-27.593379974365234,85.89844512939453,-41.202762603759766,-85.38156127929688,42.4622802734375,35.495384216308594,-27.593379974365234,85.89844512939453,-41.202762603759766,-85.38156127929688,42.4622802734375,42.335290280495755
27.039,0,35.558860778808594,-27.92754364013672,86.07437133789062,-40.93375778198242,-85.32416534423828,42.153236389160156,35.558860778808594,-27.92754364013672,86.07437133789062,-40.93375778198242,-85.32416534423828,42.153236389160156,42.335290280495755
27.068,0,35.4564323425293,-27.136119842529297,85.87117767333984,-41.72235107421875,-85.32797241210938,42.27482223510742,35.4564323425293,-27.136119842529297,85.87117767333984,-41.72235107421875,-85.32797241210938,42.27482223510742,42.335290280495755
27.105,0,35.31009292602539,-26.476558685302734,85.71759796142578,-42.42226791381836,-85.34092712402344,42.43504333496094,35.31009292602539,-26.476558685302734,85.71759796142578,-42.42226791381836,-85.34092712402344,42.43504333496094,42.335290280495755
27.138,0,35.5473518371582,-26.42665672302246,85.67292022705078,-42.55781936645508,-85.36417388916016,42.58418273925781,35.5473518371582,-26.42665672302246,85.67292022705078,-42.55781936645508,-85.36417388916016,42.58418273925781,42.335290280495755
27.172,0,35.590240478515625,-26.778881072998047,85.84676361083984,-42.242523193359375,-85.31526947021484,42.250205993652344,35.590240478515625,-26.778881072998047,85.84676361083984,-42.242523193359375,-85.31526947021484,42.250205993652344,42.335290280495755
27.203,0,35.491943359375,-25.99350357055664,85.65141296386719,-43.04163360595703,-85.32408905029297,42.37930679321289,35.491943359375,-25.99350357055664,85.65141296386719,-43.04163360595703,-85.32408905029297,42.37930679321289,42.335290280495755
27.241,0,35.340972900390625,-25.316387176513672,85.5026626586914,-43.791683197021484,-85.34268951416016,42.5966796875,35.340972900390625,-25.316387176513672,85.5026626586914,-43.791683197021484,-85.34268951416016,42.5966796875,42.335290280495755
27.269,0,35.603965759277344,-25.346046447753906,85.4776611328125,-43.86459732055664,-85.36200714111328,42.6879768371582,35.603965759277344,-25.346046447753906,85.4776611328125,-43.86459732055664,-85.36200714111328,42.6879768371582,42.335290280495755
27.304,0,35.649227142333984,-25.670915603637695,85.63861846923828,-43.57080841064453,-85.31529998779297,42.38895034790039,35.649227142333984,-25.670915603637695,85.63861846923828,-43.57080841064453,-85.31529998779297,42.38895034790039,42.335290280495755
27.339,0,35.522396087646484,-24.758493423461914,85.41056823730469,-44.50828170776367,-85.32539367675781,42.581512451171875,35.522396087646484,-24.758493423461914,85.41056823730469,-44.50828170776367,-85.32539367675781,42.581512451171875,42.335290280495755
27.371,0,35.41278839111328,-24.303958892822266,85.33602142333984,-45.05165481567383,-85.3575210571289,42.71168518066406,35.41278839111328,-24.303958892822266,85.33602142333984,-45.05165481567383,-85.3575210571289,42.71168518066406,42.335290280495755
27.405,0,35.6757698059082,-24.270811080932617,85.30557250976562,-45.230125427246094,-85.39400482177734,42.849159240722656,35.6757698059082,-24.270811080932617,85.30557250976562,-45.230125427246094,-85.39400482177734,42.849159240722656,42.335290280495755
27.438,0,35.73300552368164,-24.596221923828125,85.46834564208984,-44.96977996826172,-85.35514068603516,42.557037353515625,35.73300552368164,-24.596221923828125,85.46834564208984,-44.96977996826172,-85.35514068603516,42.557037353515625,42.335290280495755
27.475,0,35.630836486816406,-23.80512237548828,85.31439971923828,-45.86054992675781,-85.36795806884766,42.72815704345703,35.630836486816406,-23.80512237548828,85.31439971923828,-45.86054992675781,-85.36795806884766,42.72815704345703,42.335290280495755
27.503,0,35.5028076171875,-23.220947265625,85.19380950927734,-46.53459548950195,-85.40186309814453,42.934165954589844,35.5028076171875,-23.220947265625,85.19380950927734,-46.53459548950195,-85.40186309814453,42.934165954589844,42.335290280495755
27.542,0,35.85321807861328,-23.585927963256836,85.3148193359375,-46.26558303833008,-85.39737701416016,43.02581787109375,35.85321807861328,-23.585927963256836,85.3148193359375,-46.26558303833008,-85.39737701416016,43.02581787109375,42.400521852576645
27.571,0,35.920928955078125,-23.828433990478516,85.45182800292969,-46.148902893066406,-85.3720474243164,42.78960418701172,35.920928955078125,-23.828433990478516,85.45182800292969,-46.148902893066406,-85.3720474243164,42.78960418701172,42.465753424657535
27.608,0,35.797607421875,-22.979835510253906,85.27014923095703,-47.10498809814453,-85.40902709960938,42.99061965942383,35.797607421875,-22.979835510253906,85.27014923095703,-47.10498809814453,-85.40902709960938,42.99061965942383,42.59621656881931
27.639,0,35.768089294433594,-22.39136505126953,85.14340209960938,-47.81331253051758,-85.45064544677734,43.129642486572266,35.768089294433594,-22.39136505126953,85.14340209960938,-47.81331253051758,-85.45064544677734,43.129642486572266,42.59621656881931
27.679,0,36.12361145019531,-22.690387725830078,85.23583984375,-47.602630615234375,-85.44081115722656,43.218910217285156,36.12361145019531,-22.690387725830078,85.23583984375,-47.602630615234375,-85.44081115722656,43.218910217285156,42.59621656881931
27.704,0,36.200008392333984,-22.839569091796875,85.3219985961914,-47.547584533691406,-85.41380310058594,42.96399688720703,36.200008392333984,-22.839569091796875,85.3219985961914,-47.547584533691406,-85.41380310058594,42.96399688720703,42.72667971298108
27.740,0,36.097312927246094,-22.56546401977539,85.40541076660156,-48.07819747924805,-85.43693542480469,43.03131103515625,36.097312927246094,-22.56546401977539,85.40541076660156,-48.07819747924805,-85.43693542480469,43.03131103515625,42.79191128506197
27.778,0,35.9908332824707,-21.996536254882812,85.2496566772461,-48.73234176635742,-85.4807357788086,43.26835250854492,35.9908332824707,-21.996536254882812,85.2496566772461,-48.73234176635742,-85.4807357788086,43.26835250854492,42.857142857142854
27.806,0,36.12803268432617,-22.364971160888672,85.33536529541016,-48.35916519165039,-85.47012329101562,43.18770217895508,36.12803268432617,-22.364971160888672,85.33536529541016,-48.35916519165039,-85.47012329101562,43.18770217895508,42.857142857142854
27.840,0,36.18916320800781,-22.496389389038086,85.44425201416016,-48.33014678955078,-85.45500183105469,42.96906661987305,36.18916320800781,-22.496389389038086,85.44425201416016,-48.33014678955078,-85.45500183105469,42.96906661987305,42.857142857142854
27.876,0,36.107269287109375,-22.20571517944336,85.53904724121094,-48.892578125,-85.48223114013672,43.01185607910156,36.107269287109375,-22.20571517944336,85.53904724121094,-48.892578125,-85.48223114013672,43.01185607910156,42.922374429223744
27.937,0,36.01202392578125,-21.69112205505371,85.39046478271484,-49.50066375732422,-85.5102310180664,43.21461486816406,36.01202392578125,-21.69112205505371,85.39046478271484,-49.50066375732422,-85.5102310180664,43.21461486816406,42.922374429223744
27.960,0,36.118221282958984,-21.96050453186035,85.48848724365234,-49.25933074951172,-85.50372314453125,43.22724151611328,36.118221282958984,-21.96050453186035,85.48848724365234,-49.25933074951172,-85.50372314453125,43.22724151611328,42.922374429223744
27.992,0,36.163665771484375,-22.054439544677734,85.60433959960938,-49.303890228271484,-85.49789428710938,43.06395721435547,36.163665771484375,-22.054439544677734,85.60433959960938,-49.303890228271484,-85.49789428710938,43.06395721435547,42.98760600130463
28.029,0,36.09638977050781,-21.754722595214844,85.6961441040039,-49.88640213012695,-85.5088882446289,43.05137634277344,36.09638977050781,-21.754722595214844,85.6961441040039,-49.88640213012695,-85.5088882446289,43.05137634277344,42.98760600130463
28.062,0,35.94412612915039,-21.2452335357666,85.57122802734375,-50.515098571777344,-85.55079650878906,43.3064079284668,35.94412612915039,-21.2452335357666,85.57122802734375,-50.515098571777344,-85.55079650878906,43.3064079284668,42.98760600130463
28.096,0,36.05455017089844,-21.43272590637207,85.66883850097656,-50.359474182128906,-85.55158996582031,43.351715087890625,36.05455017089844,-21.43272590637207,85.66883850097656,-50.359474182128906,-85.55158996582031,43.351715087890625,42.98760600130463
28.129,0,36.340789794921875,-21.97117805480957,85.92110443115234,-49.98400115966797,-85.53174591064453,43.06863021850586,36.340789794921875,-21.97117805480957,85.92110443115234,-49.98400115966797,-85.53174591064453,43.06863021850586,42.98760600130463
28.169,0,36.346675872802734,-21.790353775024414,85.97191619873047,-50.385921478271484,-85.52507781982422,43.08307647705078,36.346675872802734,-21.790353775024414,85.97191619873047,-50.385921478271484,-85.52507781982422,43.08307647705078,42.98760600130463
28.194,0,36.19988250732422,-21.38633918762207,85.86669921875,-50.902584075927734,-85.56633758544922,43.30348587036133,36.19988250732422,-21.38633918762207,85.86669921875,-50.902584075927734,-85.56633758544922,43.30348587036133,42.98760600130463
28.231,0,36.31047058105469,-21.64019012451172,85.98368835449219,-50.67484664916992,-85.56564331054688,43.31909942626953,36.31047058105469,-21.64019012451172,85.98368835449219,-50.67484664916992,-85.56564331054688,43.31909942626953,42.98760600130463
28.266,0,36.55744171142578,-22.215429306030273,86.34935760498047,-50.38365936279297,-85.53135681152344,42.926673889160156,36.55744171142578,-22.215429306030273,86.34935760498047,-50.38365936279297,-85.53135681152344,42.926673889160156,42.98760600130463
28.295,0,36.408538818359375,-21.948692321777344,86.2117691040039,-50.57176971435547,-85.52629852294922,43.039306640625,36.408538818359375,-21.948692321777344,86.2117691040039,-50.57176971435547,-85.52629852294922,43.039306640625,42.98760600130463
28.333,0,36.271724700927734,-21.56395721435547,86.14433288574219,-51.122161865234375,-85.55674743652344,43.22792434692383,36.271724700927734,-21.56395721435547,86.14433288574219,-51.122161865234375,-85.55674743652344,43.22792434692383,42.98760600130463
28.363,0,36.41252899169922,-21.89889144897461,86.29444885253906,-50.82036590576172,-85.55010986328125,43.233680725097656,36.41252899169922,-21.89889144897461,86.29444885253906,-50.82036590576172,-85.55010986328125,43.233680725097656,42.98760600130463
28.401,0,36.572227478027344,-22.621456146240234,86.7376708984375,-50.38994216918945,-85.50761413574219,42.81911849975586,36.572227478027344,-22.621456146240234,86.7376708984375,-50.38994216918945,-85.50761413574219,42.81911849975586,42.98760600130463
28.431,0,36.438751220703125,-22.486385345458984,86.6256103515625,-50.460044860839844,-85.50607299804688,42.91741180419922,36.438751220703125,-22.486385345458984,86.6256103515625,-50.460044860839844,-85.50607299804688,42.91741180419922,42.98760600130463
28.463,0,36.30686569213867,-22.00204849243164,86.53866577148438,-51.060462951660156,-85.54035186767578,43.06679916381836,36.30686569213867,-22.00204849243164,86.53866577148438,-51.060462951660156,-85.54035186767578,43.06679916381836,42.98760600130463
28.501,0,36.420684814453125,-22.349597930908203,86.70024108886719,-50.76483917236328,-85.54202270507812,43.07733154296875,36.420684814453125,-22.349597930908203,86.70024108886719,-50.76483917236328,-85.54202270507812,43.07733154296875,42.98760600130463
28.529,0,36.41401290893555,-22.684680938720703,86.83551025390625,-50.45109558105469,-85.55345153808594,42.78208541870117,36.41401290893555,-22.684680938720703,86.83551025390625,-50.45109558105469,-85.55345153808594,42.78208541870117,42.98760600130463
28.573,0,36.306583404541016,-22.568103790283203,86.68544006347656,-50.44415283203125,-85.54092407226562,42.848567962646484,36.306583404541016,-22.568103790283203,86.68544006347656,-50.44415283203125,-85.54092407226562,42.848567962646484,42.98760600130463
28.600,0,36.15033721923828,-21.95322608947754,86.5765151977539,-51.17145538330078,-85.56427764892578,42.988731384277344,36.15033721923828,-21.95322608947754,86.5765151977539,-51.17145538330078,-85.56427764892578,42.988731384277344,42.98760600130463
28.633,0,36.305145263671875,-22.262195587158203,86.66464233398438,-50.821266174316406,-85.556396484375,43.01729202270508,36.305145263671875,-22.262195587158203,86.66464233398438,-50.821266174316406,-85.556396484375,43.01729202270508,42.98760600130463
28.667,0,36.300926208496094,-22.605199813842773,86.78540802001953,-50.44916915893555,-85.55877685546875,42.67329406738281,36.300926208496094,-22.605199813842773,86.78540802001953,-50.44916915893555,-85.55877685546875,42.67329406738281,42.98760600130463
28.698,0,36.14036560058594,-22.382375717163086,86.6302261352539,-50.587799072265625,-85.55201721191406,42.831817626953125,36.14036560058594,-22.382375717163086,86.6302261352539,-50.587799072265625,-85.55201721191406,42.831817626953125,42.98760600130463
28.734,0,36.0813102722168,-21.235088348388672,86.23777770996094,-51.5610237121582,-85.58514404296875,43.330718994140625,36.0813102722168,-21.235088348388672,86.23777770996094,-51.5610237121582,-85.58514404296875,43.330718994140625,42.98760600130463
28.763,0,36.23878860473633,-21.566028594970703,86.30812072753906,-51.14011001586914,-85.56861114501953,43.2973518371582,36.23878860473633,-21.566028594970703,86.30812072753906,-51.14011001586914,-85.56861114501953,43.2973518371582,42.98760600130463
28.802,0,36.211456298828125,-21.851009368896484,86.42986297607422,-50.82712173461914,-85.56523895263672,43.00811004638672,36.211456298828125,-21.851009368896484,86.42986297607422,-50.82712173461914,-85.56523895263672,43.00811004638672,42.98760600130463
28.832,0,36.1251106262207,-21.706283569335938,86.21504974365234,-50.76029968261719,-85.55299377441406,43.13083267211914,36.1251106262207,-21.706283569335938,86.21504974365234,-50.76029968261719,-85.55299377441406,43.13083267211914,42.98760600130463
28.874,0,36.10519027709961,-20.442832946777344,85.74064636230469,-51.74578094482422,-85.56659698486328,43.61555099487305,36.10519027709961,-20.442832946777344,85.74064636230469,-51.74578094482422,-85.56659698486328,43.61555099487305,42.98760600130463
28.897,0,36.30496597290039,-20.838171005249023,85.85696411132812,-51.311893463134766,-85.54684448242188,43.55232238769531,36.30496597290039,-20.838171005249023,85.85696411132812,-51.311893463134766,-85.54684448242188,43.55232238769531,42.98760600130463
28.933,0,36.30265808105469,-21.062885284423828,85.90670776367188,-50.975303649902344,-85.5267105102539,43.216163635253906,36.30265808105469,-21.062885284423828,85.90670776367188,-50.975303649902344,-85.5267105102539,43.216163635253906,42.98760600130463
28.966,0,36.13994598388672,-20.881114959716797,85.80081176757812,-51.058189392089844,-85.51860809326172,43.28675079345703,36.13994598388672,-20.881114959716797,85.80081176757812,-51.058189392089844,-85.51860809326172,43.28675079345703,43.1180691454664
29.002,0,36.101016998291016,-20.302080154418945,85.57020568847656,-51.52581787109375,-85.51078033447266,43.582984924316406,36.101016998291016,-20.302080154418945,85.57020568847656,-51.52581787109375,-85.51078033447266,43.582984924316406,43.1180691454664
29.033,0,36.31143569946289,-20.71442222595215,85.7012710571289,-51.09052276611328,-85.49127197265625,43.454044342041016,36.31143569946289,-20.71442222595215,85.7012710571289,-51.09052276611328,-85.49127197265625,43.454044342041016,43.1180691454664
29.069,0,36.25687789916992,-20.961517333984375,85.7766342163086,-50.77104187011719,-85.47123718261719,43.196311950683594,36.25687789916992,-20.961517333984375,85.7766342163086,-50.77104187011719,-85.47123718261719,43.196311950683594,43.1180691454664
29.100,0,36.08510208129883,-20.74036407470703,85.63607025146484,-50.84843063354492,-85.46602630615234,43.233863830566406,36.08510208129883,-20.74036407470703,85.63607025146484,-50.84843063354492,-85.46602630615234,43.233863830566406,43.1180691454664
29.136,0,36.05295181274414,-19.987943649291992,85.37318420410156,-51.486671447753906,-85.4442367553711,43.56322479248047,36.05295181274414,-19.987943649291992,85.37318420410156,-51.486671447753906,-85.4442367553711,43.56322479248047,43.1180691454664
29.170,0,36.165042877197266,-20.310205459594727,85.4798812866211,-51.10652542114258,-85.41315460205078,43.52735900878906,36.165042877197266,-20.310205459594727,85.4798812866211,-51.10652542114258,-85.41315460205078,43.52735900878906,43.1180691454664
29.203,0,36.13393020629883,-20.566129684448242,85.56976318359375,-50.760677337646484,-85.39950561523438,43.2081413269043,36.13393020629883,-20.566129684448242,85.56976318359375,-50.760677337646484,-85.39950561523438,43.2081413269043,43.1180691454664
29.233,0,36.01641845703125,-20.608840942382812,85.53284454345703,-50.6112174987793,-85.38541412353516,43.21025085449219,36.01641845703125,-20.608840942382812,85.53284454345703,-50.6112174987793,-85.38541412353516,43.21025085449219,43.24853228962818
29.266,0,36.053436279296875,-20.128938674926758,85.32820892333984,-50.95362091064453,-85.35569763183594,43.456947326660156,36.053436279296875,-20.128938674926758,85.32820892333984,-50.95362091064453,-85.35569763183594,43.456947326660156,43.24853228962818
29.307,0,36.176025390625,-20.521089553833008,85.45499420166016,-50.51078414916992,-85.32646942138672,43.369842529296875,36.176025390625,-20.521089553833008,85.45499420166016,-50.51078414916992,-85.32646942138672,43.369842529296875,43.24853228962818
29.332,0,36.119834899902344,-20.562280654907227,85.63536834716797,-50.53463363647461,-85.312744140625,43.11647033691406,36.119834899902344,-20.562280654907227,85.63536834716797,-50.53463363647461,-85.312744140625,43.11647033691406,43.24853228962818
29.373,0,35.93651580810547,-19.82369613647461,85.44270324707031,-51.280548095703125,-85.30892181396484,43.366477966308594,35.93651580810547,-19.82369613647461,85.44270324707031,-51.280548095703125,-85.30892181396484,43.366477966308594,43.24853228962818
29.401,0,35.92453384399414,-19.21521759033203,85.24480438232422,-51.85334014892578,-85.29098510742188,43.718605041503906,35.92453384399414,-19.21521759033203,85.24480438232422,-51.85334014892578,-85.29098510742188,43.718605041503906,43.24853228962818
29.436,0,36.03657150268555,-19.592531204223633,85.35625457763672,-51.39962387084961,-85.26168060302734,43.62126922607422,36.03657150268555,-19.592531204223633,85.35625457763672,-51.39962387084961,-85.26168060302734,43.62126922607422,43.24853228962818
29.476,0,35.96488571166992,-19.50247573852539,85.5071792602539,-51.55583953857422,-85.234130859375,43.34184646606445,35.96488571166992,-19.50247573852539,85.5071792602539,-51.55583953857422,-85.234130859375,43.34184646606445,43.24853228962818
29.500,0,35.94407653808594,-19.252927780151367,85.30429077148438,-51.64191436767578,-85.26083374023438,43.563316345214844,35.94407653808594,-19.252927780151367,85.30429077148438,-51.64191436767578,-85.26083374023438,43.563316345214844,43.37899543378995
29.539,0,35.8509521484375,-18.572629928588867,85.0550537109375,-52.1990966796875,-85.25714111328125,43.862674713134766,35.8509521484375,-18.572629928588867,85.0550537109375,-52.1990966796875,-85.25714111328125,43.862674713134766,43.37899543378995
29.570,0,35.9764518737793,-18.986095428466797,85.16357421875,-51.8017578125,-85.25629425048828,43.854705810546875,35.9764518737793,-18.986095428466797,85.16357421875,-51.8017578125,-85.25629425048828,43.854705810546875,43.37899543378995
29.606,0,36.09694290161133,-19.05574607849121,85.26460266113281,-51.732025146484375,-85.22467803955078,43.522743225097656,36.09694290161133,-19.05574607849121,85.26460266113281,-51.732025146484375,-85.22467803955078,43.522743225097656,43.37899543378995
29.636,0,36.03776550292969,-18.67081642150879,84.99996185302734,-51.92039489746094,-85.24960327148438,43.82243347167969,36.03776550292969,-18.67081642150879,84.99996185302734,-51.92039489746094,-85.24960327148438,43.82243347167969,43.37899543378995
29.675,0,35.959495544433594,-18.05413246154785,84.73123931884766,-52.420921325683594,-85.24649810791016,44.099327087402344,35.959495544433594,-18.05413246154785,84.73123931884766,-52.420921325683594,-85.24649810791016,44.099327087402344,43.444227005870836
29.701,0,36.05485916137695,-18.430391311645508,84.83016967773438,-52.05862808227539,-85.24453735351562,44.13190460205078,36.05485916137695,-18.430391311645508,84.83016967773438,-52.05862808227539,-85.24453735351562,44.13190460205078,43.444227005870836
29.738,0,36.185306549072266,-18.5786190032959,84.95287322998047,-51.95918273925781,-85.2149887084961,43.845848083496094,36.185306549072266,-18.5786190032959,84.95287322998047,-51.95918273925781,-85.2149887084961,43.845848083496094,43.574690150032616
29.771,0,36.15232467651367,-18.171588897705078,84.65021514892578,-52.12855529785156,-85.23571014404297,44.111473083496094,36.15232467651367,-18.171588897705078,84.65021514892578,-52.12855529785156,-85.23571014404297,44.111473083496094,43.77038486627527
29.807,0,36.054046630859375,-17.552711486816406,84.37808227539062,-52.634246826171875,-85.22476196289062,44.40671920776367,36.054046630859375,-17.552711486816406,84.37808227539062,-52.634246826171875,-85.22476196289062,44.40671920776367,43.77038486627527
29.837,0,36.17131423950195,-17.815736770629883,84.43392181396484,-52.37116622924805,-85.21345520019531,44.425376892089844,36.17131423950195,-17.815736770629883,84.43392181396484,-52.37116622924805,-85.21345520019531,44.425376892089844,43.77038486627527
29.874,0,36.2945442199707,-17.98272132873535,84.54917907714844,-52.21934127807617,-85.18163299560547,44.136741638183594,36.2945442199707,-17.98272132873535,84.54917907714844,-52.21934127807617,-85.18163299560547,44.136741638183594,43.90084801043705
29.904,0,36.17464065551758,-17.679655075073242,84.43246459960938,-52.47752380371094,-85.20081329345703,44.266563415527344,36.17464065551758,-17.679655075073242,84.43246459960938,-52.47752380371094,-85.20081329345703,44.266563415527344,44.09654272667971
29.938,0,36.09310531616211,-16.93119239807129,84.1561508178711,-53.143150329589844,-85.20502471923828,44.599853515625,36.09310531616211,-16.93119239807129,84.1561508178711,-53.143150329589844,-85.20502471923828,44.599853515625,44.09654272667971
29.974,0,36.4067497253418,-17.534122467041016,84.41239929199219,-52.68331527709961,-85.18305969238281,44.532779693603516,36.4067497253418,-17.534122467041016,84.41239929199219,-52.68331527709961,-85.18305969238281,44.532779693603516,44.1617742987606
30.005,0,36.51665496826172,-17.630281448364258,84.50294494628906,-52.612754821777344,-85.16351318359375,44.253807067871094,36.51665496826172,-17.630281448364258,84.50294494628906,-52.612754821777344,-85.16351318359375,44.253807067871094,44.1617742987606
30.037,0,36.40721130371094,-17.315589904785156,84.36724853515625,-52.864845275878906,-85.1845703125,44.330596923828125,36.40721130371094,-17.315589904785156,84.36724853515625,-52.864845275878906,-85.1845703125,44.330596923828125,44.1617742987606
30.075,0,36.325069427490234,-16.66365623474121,84.12041473388672,-53.457183837890625,-85.16403198242188,44.627471923828125,36.325069427490234,-16.66365623474121,84.12041473388672,-53.457183837890625,-85.16403198242188,44.627471923828125,44.1617742987606
30.103,0,36.512550354003906,-17.041790008544922,84.19770050048828,-53.05272674560547,-85.16006469726562,44.60878372192383,36.512550354003906,-17.041790008544922,84.19770050048828,-53.05272674560547,-85.16006469726562,44.60878372192383,44.1617742987606
30.143,0,36.62547302246094,-17.151884078979492,84.31053161621094,-53.00362777709961,-85.1434097290039,44.35863494873047,36.62547302246094,-17.151884078979492,84.31053161621094,-53.00362777709961,-85.1434097290039,44.35863494873047,44.1617742987606
30.171,0,36.499671936035156,-16.720361709594727,84.13603210449219,-53.352962493896484,-85.15684509277344,44.438636779785156,36.499671936035156,-16.720361709594727,84.13603210449219,-53.352962493896484,-85.15684509277344,44.438636779785156,44.1617742987606
30.210,0,36.3939323425293,-15.971418380737305,83.81078338623047,-54.017860412597656,-85.14954376220703,44.791419982910156,36.3939323425293,-15.971418380737305,83.81078338623047,-54.017860412597656,-85.14954376220703,44.791419982910156,44.1617742987606
30.238,0,36.56214904785156,-16.35283851623535,83.9307861328125,-53.63256072998047,-85.14274597167969,44.76173400878906,36.56214904785156,-16.35283851623535,83.9307861328125,-53.63256072998047,-85.14274597167969,44.76173400878906,44.1617742987606
30.276,0,36.63389205932617,-16.7685604095459,84.1104736328125,-53.31456756591797,-85.14665985107422,44.58203887939453,36.63389205932617,-16.7685604095459,84.1104736328125,-53.31456756591797,-85.14665985107422,44.58203887939453,44.1617742987606
30.304,0,36.51350784301758,-16.306156158447266,83.9545669555664,-53.71514892578125,-85.16490173339844,44.7245979309082,36.51350784301758,-16.306156158447266,83.9545669555664,-53.71514892578125,-85.16490173339844,44.7245979309082,44.29223744292237
30.344,0,36.47582244873047,-16.465782165527344,83.9298095703125,-53.452552795410156,-85.17488861083984,44.55989074707031,36.47582244873047,-16.465782165527344,83.9298095703125,-53.452552795410156,-85.17488861083984,44.55989074707031,44.35746901500326
30.372,0,36.65696716308594,-16.850664138793945,84.06185913085938,-53.084285736083984,-85.16785430908203,44.5146369934082,36.65696716308594,-16.850664138793945,84.06185913085938,-53.084285736083984,-85.16785430908203,44.5146369934082,44.422700587084144
30.411,0,36.69313049316406,-17.248720169067383,84.24420166015625,-52.78362274169922,-85.16919708251953,44.35352325439453,36.69313049316406,-17.248720169067383,84.24420166015625,-52.78362274169922,-85.16919708251953,44.35352325439453,44.422700587084144
30.442,0,36.570152282714844,-16.601520538330078,84.04228210449219,-53.344364166259766,-85.17005157470703,44.50909423828125,36.570152282714844,-16.601520538330078,84.04228210449219,-53.344364166259766,-85.17005157470703,44.50909423828125,44.422700587084144
30.472,0,36.53007888793945,-16.744470596313477,84.04315948486328,-53.10696029663086,-85.17036437988281,44.35371780395508,36.53007888793945,-16.744470596313477,84.04315948486328,-53.10696029663086,-85.17036437988281,44.35371780395508,44.422700587084144
30.510,0,36.70379638671875,-17.014755249023438,84.14500427246094,-52.83259582519531,-85.16996765136719,44.32752227783203,36.70379638671875,-17.014755249023438,84.14500427246094,-52.83259582519531,-85.16996765136719,44.32752227783203,44.422700587084144
30.542,0,36.77366256713867,-17.570695877075195,84.45787048339844,-52.41937255859375,-85.16423034667969,44.0310173034668,36.77366256713867,-17.570695877075195,84.45787048339844,-52.41937255859375,-85.16423034667969,44.0310173034668,44.422700587084144
30.575,0,36.65025329589844,-17.03586769104004,84.26713562011719,-52.85407257080078,-85.16439056396484,44.196250915527344,36.65025329589844,-17.03586769104004,84.26713562011719,-52.85407257080078,-85.16439056396484,44.196250915527344,44.422700587084144
30.610,0,36.592926025390625,-17.138525009155273,84.27964782714844,-52.679988861083984,-85.16556549072266,44.048179626464844,36.592926025390625,-17.138525009155273,84.27964782714844,-52.679988861083984,-85.16556549072266,44.048179626464844,44.422700587084144
30.643,0,36.78277587890625,-17.45121955871582,84.37045288085938,-52.378082275390625,-85.15184783935547,43.98572540283203,36.78277587890625,-17.45121955871582,84.37045288085938,-52.378082275390625,-85.15184783935547,43.98572540283203,44.35746901500326
30.677,0,36.85696029663086,-17.990142822265625,84.6795883178711,-51.95698165893555,-85.1391372680664,43.682437896728516,36.85696029663086,-17.990142822265625,84.6795883178711,-51.95698165893555,-85.1391372680664,43.682437896728516,44.29223744292237
30.707,0,36.72465133666992,-17.357568740844727,84.46847534179688,-52.50782012939453,-85.12370300292969,43.796627044677734,36.72465133666992,-17.357568740844727,84.46847534179688,-52.50782012939453,-85.12370300292969,43.796627044677734,44.29223744292237
30.744,0,36.67815399169922,-17.539262771606445,84.49911499023438,-52.28553771972656,-85.13900756835938,43.63152313232422,36.67815399169922,-17.539262771606445,84.49911499023438,-52.28553771972656,-85.13900756835938,43.63152313232422,44.1617742987606
30.774,0,36.76321029663086,-17.827722549438477,84.575439453125,-51.91172409057617,-85.10102844238281,43.72163391113281,36.76321029663086,-17.827722549438477,84.575439453125,-51.91172409057617,-85.10102844238281,43.72163391113281,44.031311154598825
30.812,0,36.81126022338867,-18.417606353759766,84.9019775390625,-51.4335823059082,-85.09896087646484,43.434810638427734,36.81126022338867,-18.417606353759766,84.9019775390625,-51.4335823059082,-85.09896087646484,43.434810638427734,44.031311154598825
30.840,0,36.69753646850586,-17.70894432067871,84.69220733642578,-52.084835052490234,-85.08624267578125,43.5110969543457,36.69753646850586,-17.70894432067871,84.69220733642578,-52.084835052490234,-85.08624267578125,43.5110969543457,44.031311154598825
30.881,0,36.635780334472656,-17.842227935791016,84.69380950927734,-51.888816833496094,-85.09506225585938,43.428138732910156,36.635780334472656,-17.842227935791016,84.69380950927734,-51.888816833496094,-85.09506225585938,43.428138732910156,43.966079582517935
30.908,0,36.719818115234375,-18.049280166625977,84.77088928222656,-51.62431716918945,-85.0623550415039,43.5194091796875,36.719818115234375,-18.049280166625977,84.77088928222656,-51.62431716918945,-85.0623550415039,43.5194091796875,43.83561643835616
30.944,0,36.74019241333008,-18.6049747467041,85.09809112548828,-51.18575668334961,-85.05471801757812,43.282737731933594,36.74019241333008,-18.6049747467041,85.09809112548828,-51.18575668334961,-85.05471801757812,43.282737731933594,43.77038486627527
30.981,0,36.62437438964844,-17.900327682495117,84.86328887939453,-51.810420989990234,-85.04802703857422,43.399070739746094,36.62437438964844,-17.900327682495117,84.86328887939453,-51.810420989990234,-85.04802703857422,43.399070739746094,43.77038486627527
31.009,0,36.58920669555664,-18.159238815307617,84.90715789794922,-51.50869369506836,-85.05805206298828,43.22605895996094,36.58920669555664,-18.159238815307617,84.90715789794922,-51.50869369506836,-85.05805206298828,43.22605895996094,43.77038486627527
31.046,0,36.708160400390625,-18.287181854248047,84.94032287597656,-51.336875915527344,-85.04359436035156,43.35557556152344,36.708160400390625,-18.287181854248047,84.94032287597656,-51.336875915527344,-85.04359436035156,43.35557556152344,43.70515329419439
31.075,0,36.791046142578125,-18.939857482910156,85.25968933105469,-50.79502487182617,-85.0312728881836,43.13493347167969,36.791046142578125,-18.939857482910156,85.25968933105469,-50.79502487182617,-85.0312728881836,43.13493347167969,43.574690150032616
31.114,0,36.67481994628906,-18.204633712768555,85.04121398925781,-51.46691131591797,-85.03608703613281,43.25093078613281,36.67481994628906,-18.204633712768555,85.04121398925781,-51.46691131591797,-85.03608703613281,43.25093078613281,43.509458577951726
31.141,0,36.606407165527344,-18.359447479248047,85.0622329711914,-51.312255859375,-85.04943084716797,43.1190299987793,36.606407165527344,-18.359447479248047,85.0622329711914,-51.312255859375,-85.04943084716797,43.1190299987793,43.509458577951726
31.182,0,36.71432876586914,-18.627487182617188,85.16706085205078,-51.00644302368164,-85.04328918457031,43.215911865234375,36.71432876586914,-18.627487182617188,85.16706085205078,-51.00644302368164,-85.04328918457031,43.215911865234375,43.509458577951726
31.209,0,37.0107421875,-19.431554794311523,85.64437103271484,-50.5311393737793,-85.00531768798828,43.029388427734375,37.0107421875,-19.431554794311523,85.64437103271484,-50.5311393737793,-85.00531768798828,43.029388427734375,43.509458577951726
31.244,0,36.88361358642578,-18.858478546142578,85.47700500488281,-51.04859161376953,-85.00707244873047,43.08008575439453,36.88361358642578,-18.858478546142578,85.47700500488281,-51.04859161376953,-85.00707244873047,43.08008575439453,43.509458577951726
31.369,0,36.876617431640625,-18.954397201538086,85.51287078857422,-50.96411895751953,-85.0305404663086,43.000205993652344,36.876617431640625,-18.954397201538086,85.51287078857422,-50.96411895751953,-85.0305404663086,43.000205993652344,43.444227005870836
31.397,0,36.74756622314453,-19.241424560546875,85.67733764648438,-50.741390228271484,-85.03451538085938,42.73728942871094,36.74756622314453,-19.241424560546875,85.67733764648438,-50.741390228271484,-85.03451538085938,42.73728942871094,43.37899543378995
31.430,0,36.656734466552734,-18.671113967895508,85.45089721679688,-51.19354248046875,-85.03379821777344,42.816593170166016,36.656734466552734,-18.671113967895508,85.45089721679688,-51.19354248046875,-85.03379821777344,42.816593170166016,43.37899543378995
31.463,0,36.5779914855957,-18.794580459594727,85.49874114990234,-51.08268356323242,-85.05076599121094,42.653472900390625,36.5779914855957,-18.794580459594727,85.49874114990234,-51.08268356323242,-85.05076599121094,42.653472900390625,43.37899543378995
31.497,0,36.829383850097656,-18.905994415283203,85.54610443115234,-50.9942512512207,-85.01548767089844,42.78778839111328,36.829383850097656,-18.905994415283203,85.54610443115234,-50.9942512512207,-85.01548767089844,42.78778839111328,43.1180691454664
31.530,0,36.70099639892578,-19.18838119506836,85.72007751464844,-50.807640075683594,-85.01441955566406,42.562232971191406,36.70099639892578,-19.18838119506836,85.72007751464844,-50.807640075683594,-85.01441955566406,42.562232971191406,42.98760600130463
31.564,0,36.59189224243164,-18.57665252685547,85.46295928955078,-51.287410736083984,-85.0082015991211,42.658538818359375,36.59189224243164,-18.57665252685547,85.46295928955078,-51.287410736083984,-85.0082015991211,42.658538818359375,42.922374429223744
31.598,0,36.48100280761719,-18.585094451904297,85.48290252685547,-51.311092376708984,-85.03445434570312,42.55298614501953,36.48100280761719,-18.585094451904297,85.48290252685547,-51.311092376708984,-85.03445434570312,42.55298614501953,42.922374429223744
31.631,0,36.70001220703125,-18.537755966186523,85.50030517578125,-51.400272369384766,-84.99446105957031,42.71903610229492,36.70001220703125,-18.537755966186523,85.50030517578125,-51.400272369384766,-84.99446105957031,42.71903610229492,42.922374429223744
31.665,0,36.602386474609375,-18.89166831970215,85.68814086914062,-51.141719818115234,-84.99137878417969,42.429969787597656,36.602386474609375,-18.89166831970215,85.68814086914062,-51.141719818115234,-84.99137878417969,42.429969787597656,42.922374429223744
31.698,0,36.48919677734375,-18.21257972717285,85.4310073852539,-51.73222732543945,-85.00101470947266,42.545799255371094,36.48919677734375,-18.21257972717285,85.4310073852539,-51.73222732543945,-85.00101470947266,42.545799255371094,42.922374429223744
31.730,0,36.4008903503418,-18.187273025512695,85.39610290527344,-51.7258186340332,-84.99885559082031,42.4407958984375,36.4008903503418,-18.187273025512695,85.39610290527344,-51.7258186340332,-84.99885559082031,42.4407958984375,42.857142857142854
31.764,0,36.55245590209961,-18.37433624267578,85.49708557128906,-51.64142608642578,-84.98928833007812,42.571678161621094,36.55245590209961,-18.37433624267578,85.49708557128906,-51.64142608642578,-84.98928833007812,42.571678161621094,42.72667971298108
31.797,0,36.451778411865234,-18.69165802001953,85.66046142578125,-51.41495132446289,-84.98133087158203,42.36052703857422,36.451778411865234,-18.69165802001953,85.66046142578125,-51.41495132446289,-84.98133087158203,42.36052703857422,42.72667971298108
31.830,0,36.364707946777344,-17.97795295715332,85.38845825195312,-52.03692626953125,-84.98383331298828,42.47193145751953,36.364707946777344,-17.97795295715332,85.38845825195312,-52.03692626953125,-84.98383331298828,42.47193145751953,42.72667971298108
31.864,0,36.25543975830078,-17.99140167236328,85.3755111694336,-52.00249481201172,-84.9837875366211,42.39560317993164,36.25543975830078,-17.99140167236328,85.3755111694336,-52.00249481201172,-84.9837875366211,42.39560317993164,42.72667971298108
31.897,0,36.4564094543457,-18.085878372192383,85.41661071777344,-51.9453239440918,-84.96033477783203,42.51585388183594,36.4564094543457,-18.085878372192383,85.41661071777344,-51.9453239440918,-84.96033477783203,42.51585388183594,42.72667971298108
31.931,0,36.3720817565918,-18.457406997680664,85.56940460205078,-51.65694808959961,-84.94010925292969,42.26386260986328,36.3720817565918,-18.457406997680664,85.56940460205078,-51.65694808959961,-84.94010925292969,42.26386260986328,42.72667971298108
31.965,0,36.26992416381836,-17.76333236694336,85.31846618652344,-52.301509857177734,-84.94416809082031,42.378597259521484,36.26992416381836,-17.76333236694336,85.31846618652344,-52.301509857177734,-84.94416809082031,42.378597259521484,42.66144814090019
31.998,0,36.177894592285156,-17.798542022705078,85.29664611816406,-52.22405242919922,-84.94864654541016,42.30292892456055,36.177894592285156,-17.798542022705078,85.29664611816406,-52.22405242919922,-84.94864654541016,42.30292892456055,42.66144814090019
32.031,0,36.3726692199707,-17.84207534790039,85.33892822265625,-52.233421325683594,-84.93041229248047,42.41789245605469,36.3726692199707,-17.84207534790039,85.33892822265625,-52.233421325683594,-84.93041229248047,42.41789245605469,42.59621656881931
32.066,0,36.381282806396484,-18.459651947021484,85.58316040039062,-51.72381591796875,-84.89751434326172,42.15245819091797,36.381282806396484,-18.459651947021484,85.58316040039062,-51.72381591796875,-84.89751434326172,42.15245819091797,42.59621656881931
32.100,0,36.289005279541016,-17.96957778930664,85.38806915283203,-52.1742057800293,-84.91842651367188,42.172576904296875,36.289005279541016,-17.96957778930664,85.38806915283203,-52.1742057800293,-84.91842651367188,42.172576904296875,42.59621656881931
32.134,0,36.29597854614258,-18.291196823120117,85.47071075439453,-51.85759735107422,-84.92737579345703,42.04651641845703,36.29597854614258,-18.291196823120117,85.47071075439453,-51.85759735107422,-84.92737579345703,42.04651641845703,42.59621656881931
32.167,0,36.535335540771484,-18.375370025634766,85.48717498779297,-51.83083724975586,-84.90048217773438,42.12651824951172,36.535335540771484,-18.375370025634766,85.48717498779297,-51.83083724975586,-84.90048217773438,42.12651824951172,42.59621656881931
32.201,0,36.820682525634766,-18.617307662963867,85.52633666992188,-51.58807373046875,-84.85787200927734,42.28010177612305,36.820682525634766,-18.617307662963867,85.52633666992188,-51.58807373046875,-84.85787200927734,42.28010177612305,42.59621656881931
32.235,0,36.837669372558594,-19.126628875732422,85.77558135986328,-51.222591400146484,-84.85059356689453,41.972503662109375,36.837669372558594,-19.126628875732422,85.77558135986328,-51.222591400146484,-84.85059356689453,41.972503662109375,42.465753424657535
32.268,0,36.729244232177734,-18.347675323486328,85.40656280517578,-51.80158615112305,-84.85050201416016,42.28849411010742,36.729244232177734,-18.347675323486328,85.40656280517578,-51.80158615112305,-84.85050201416016,42.28849411010742,42.400521852576645
32.301,0,36.69685745239258,-18.423870086669922,85.41593170166016,-51.778160095214844,-84.86259460449219,42.169677734375,36.69685745239258,-18.423870086669922,85.41593170166016,-51.778160095214844,-84.86259460449219,42.169677734375,42.400521852576645
32.335,0,36.98251724243164,-18.60875129699707,85.4392318725586,-51.578887939453125,-84.81432342529297,42.31616973876953,36.98251724243164,-18.60875129699707,85.4392318725586,-51.578887939453125,-84.81432342529297,42.31616973876953,42.27005870841487
32.369,0,37.01137161254883,-19.156021118164062,85.70513916015625,-51.17158508300781,-84.80752563476562,42.03571701049805,37.01137161254883,-19.156021118164062,85.70513916015625,-51.17158508300781,-84.80752563476562,42.03571701049805,42.27005870841487
32.403,0,36.987335205078125,-18.391082763671875,85.35145568847656,-51.774261474609375,-84.80947875976562,42.3218994140625,36.987335205078125,-18.391082763671875,85.35145568847656,-51.774261474609375,-84.80947875976562,42.3218994140625,42.27005870841487
32.435,0,36.96767044067383,-18.412118911743164,85.34300231933594,-51.790611267089844,-84.82553100585938,42.178436279296875,36.96767044067383,-18.412118911743164,85.34300231933594,-51.790611267089844,-84.82553100585938,42.178436279296875,42.27005870841487
32.468,0,37.24674606323242,-18.697738647460938,85.41029357910156,-51.505401611328125,-84.78587341308594,42.33501434326172,37.24674606323242,-18.697738647460938,85.41029357910156,-51.505401611328125,-84.78587341308594,42.33501434326172,42.27005870841487
32.501,0,37.27442169189453,-19.26728630065918,85.65298461914062,-51.05241012573242,-84.77352905273438,42.04065704345703,37.27442169189453,-19.26728630065918,85.65298461914062,-51.05241012573242,-84.77352905273438,42.04065704345703,42.27005870841487
32.533,0,37.24470520019531,-18.399837493896484,85.26832580566406,-51.768699645996094,-84.7848892211914,42.32899475097656,37.24470520019531,-18.399837493896484,85.26832580566406,-51.768699645996094,-84.7848892211914,42.32899475097656,42.27005870841487
32.570,0,37.22908020019531,-18.42003631591797,85.26441955566406,-51.797691345214844,-84.78386688232422,42.18855285644531,37.22908020019531,-18.42003631591797,85.26441955566406,-51.797691345214844,-84.78386688232422,42.18855285644531,42.27005870841487
32.597,0,37.58303451538086,-18.97776985168457,85.46356201171875,-51.36322021484375,-84.73871612548828,42.35711669921875,37.58303451538086,-18.97776985168457,85.46356201171875,-51.36322021484375,-84.73871612548828,42.35711669921875,42.27005870841487
32.630,0,37.58100891113281,-19.59663200378418,85.74518585205078,-50.91685104370117,-84.72413635253906,42.070396423339844,37.58100891113281,-19.59663200378418,85.74518585205078,-50.91685104370117,-84.72413635253906,42.070396423339844,42.27005870841487
32.668,0,37.545875549316406,-18.810443878173828,85.43498229980469,-51.54141616821289,-84.72789764404297,42.20109939575195,37.545875549316406,-18.810443878173828,85.43498229980469,-51.54141616821289,-84.72789764404297,42.20109939575195,42.27005870841487
32.698,0,37.52027130126953,-18.93747901916504,85.48344421386719,-51.50210189819336,-84.73246765136719,42.03227996826172,37.52027130126953,-18.93747901916504,85.48344421386719,-51.50210189819336,-84.73246765136719,42.03227996826172,42.27005870841487
32.736,0,37.87711715698242,-19.50439453125,85.6885986328125,-51.07219314575195,-84.68270874023438,42.21439743041992,37.87711715698242,-19.50439453125,85.6885986328125,-51.07219314575195,-84.68270874023438,42.21439743041992,42.27005870841487
32.765,0,37.871002197265625,-19.99725341796875,85.93138122558594,-50.748497009277344,-84.66258239746094,41.939353942871094,37.871002197265625,-19.99725341796875,85.93138122558594,-50.748497009277344,-84.66258239746094,41.939353942871094,42.27005870841487
32.802,0,37.83405303955078,-19.319480895996094,85.65882110595703,-51.27449035644531,-84.6766128540039,42.08446502685547,37.83405303955078,-19.319480895996094,85.65882110595703,-51.27449035644531,-84.6766128540039,42.08446502685547,42.27005870841487
32.832,0,37.80426788330078,-19.46706199645996,85.72221374511719,-51.21261978149414,-84.68822479248047,41.87967300415039,37.80426788330078,-19.46706199645996,85.72221374511719,-51.21261978149414,-84.68822479248047,41.87967300415039,42.1395955642531
32.869,0,38.17784118652344,-19.901697158813477,85.88129425048828,-50.88115310668945,-84.64198303222656,41.97785186767578,38.17784118652344,-19.901697158813477,85.88129425048828,-50.88115310668945,-84.64198303222656,41.97785186767578,42.1395955642531
32.898,0,38.18726348876953,-20.438003540039062,86.15270233154297,-50.50752258300781,-84.61811828613281,41.65907287597656,38.18726348876953,-20.438003540039062,86.15270233154297,-50.50752258300781,-84.61811828613281,41.65907287597656,42.20482713633398
32.937,0,38.08612060546875,-19.825258255004883,85.8944091796875,-51.01101303100586,-84.62269592285156,41.899932861328125,38.08612060546875,-19.825258255004883,85.8944091796875,-51.01101303100586,-84.62269592285156,41.899932861328125,42.20482713633398
32.966,0,38.090213775634766,-19.964820861816406,85.97123718261719,-50.965904235839844,-84.6246566772461,41.67168426513672,38.090213775634766,-19.964820861816406,85.97123718261719,-50.965904235839844,-84.6246566772461,41.67168426513672,42.07436399217221
33.005,0,38.30960464477539,-20.501802444458008,86.1318588256836,-50.4486198425293,-84.59803771972656,41.746177673339844,38.30960464477539,-20.501802444458008,86.1318588256836,-50.4486198425293,-84.59803771972656,41.746177673339844,42.00913242009132
33.038,0,38.29372024536133,-20.98766326904297,86.3924331665039,-50.1212043762207,-84.57899475097656,41.428749084472656,38.29372024536133,-20.98766326904297,86.3924331665039,-50.1212043762207,-84.57899475097656,41.428749084472656,42.00913242009132
33.065,0,38.211856842041016,-20.406200408935547,86.13382720947266,-50.59991455078125,-84.58706665039062,41.597557067871094,38.211856842041016,-20.406200408935547,86.13382720947266,-50.59991455078125,-84.58706665039062,41.597557067871094,41.878669275929546
33.113,0,38.21234893798828,-20.585166931152344,86.19976043701172,-50.49668502807617,-84.6014633178711,41.38890838623047,38.21234893798828,-20.585166931152344,86.19976043701172,-50.49668502807617,-84.6014633178711,41.38890838623047,41.878669275929546
33.138,0,38.418148040771484,-21.205955505371094,86.41209411621094,-49.91706848144531,-84.586181640625,41.461387634277344,38.418148040771484,-21.205955505371094,86.41209411621094,-49.91706848144531,-84.586181640625,41.461387634277344,41.878669275929546
33.175,0,38.35643005371094,-21.562583923339844,86.62968444824219,-49.69097137451172,-84.5794906616211,41.171295166015625,38.35643005371094,-21.562583923339844,86.62968444824219,-49.69097137451172,-84.5794906616211,41.171295166015625,41.878669275929546
33.206,0,38.24951171875,-20.965679168701172,86.3689956665039,-50.177490234375,-84.5796127319336,41.36333465576172,38.24951171875,-20.965679168701172,86.3689956665039,-50.177490234375,-84.5796127319336,41.36333465576172,41.878669275929546
33.238,0,38.243038177490234,-21.05782699584961,86.44967651367188,-50.17879867553711,-84.58329010009766,41.1898078918457,38.243038177490234,-21.05782699584961,86.44967651367188,-50.17879867553711,-84.58329010009766,41.1898078918457,41.74820613176777
33.271,0,38.481178283691406,-21.77202033996582,86.70179748535156,-49.53563690185547,-84.57337188720703,41.30555725097656,38.481178283691406,-21.77202033996582,86.70179748535156,-49.53563690185547,-84.57337188720703,41.30555725097656,41.617742987606
33.309,0,38.42455291748047,-22.20163345336914,86.9457778930664,-49.25908660888672,-84.57035827636719,41.01116180419922,38.42455291748047,-22.20163345336914,86.9457778930664,-49.25908660888672,-84.57035827636719,41.01116180419922,41.617742987606
33.336,0,38.32779312133789,-21.580839157104492,86.67952728271484,-49.79844284057617,-84.57929992675781,41.23004913330078,38.32779312133789,-21.580839157104492,86.67952728271484,-49.79844284057617,-84.57929992675781,41.23004913330078,41.55251141552511
33.372,0,38.3181037902832,-21.798587799072266,86.80801391601562,-49.68846130371094,-84.59516906738281,41.038482666015625,38.3181037902832,-21.798587799072266,86.80801391601562,-49.68846130371094,-84.59516906738281,41.038482666015625,41.48727984344423
33.409,0,38.546016693115234,-22.466346740722656,87.04518127441406,-49.102500915527344,-84.60555267333984,41.171630859375,38.546016693115234,-22.466346740722656,87.04518127441406,-49.102500915527344,-84.60555267333984,41.171630859375,41.42204827136334
33.437,0,38.47578048706055,-22.851299285888672,87.28060913085938,-48.883262634277344,-84.5907211303711,40.89369201660156,38.47578048706055,-22.851299285888672,87.28060913085938,-48.883262634277344,-84.5907211303711,40.89369201660156,41.35681669928245
33.476,0,38.3746337890625,-22.227432250976562,87.0448989868164,-49.46536636352539,-84.58729553222656,41.10591125488281,38.3746337890625,-22.227432250976562,87.0448989868164,-49.46536636352539,-84.58729553222656,41.10591125488281,41.35681669928245
33.503,0,38.37177658081055,-22.58792495727539,87.1904525756836,-49.21062088012695,-84.5999984741211,40.91802978515625,38.37177658081055,-22.58792495727539,87.1904525756836,-49.21062088012695,-84.5999984741211,40.91802978515625,41.16112198303979
33.539,0,38.612728118896484,-23.184289932250977,87.40140533447266,-48.693973541259766,-84.59352111816406,41.02904510498047,38.612728118896484,-23.184289932250977,87.40140533447266,-48.693973541259766,-84.59352111816406,41.02904510498047,41.0958904109589
33.571,0,38.636878967285156,-23.576419830322266,87.51533508300781,-48.338443756103516,-84.58797454833984,40.83489990234375,38.636878967285156,-23.576419830322266,87.51533508300781,-48.338443756103516,-84.58797454833984,40.83489990234375,41.0958904109589
33.609,0,38.53517532348633,-22.882583618164062,87.27527618408203,-49.00489807128906,-84.60397338867188,41.08784484863281,38.53517532348633,-22.882583618164062,87.27527618408203,-49.00489807128906,-84.60397338867188,41.08784484863281,41.0958904109589
33.637,0,38.55168914794922,-23.234203338623047,87.4034194946289,-48.76367950439453,-84.62200927734375,40.890872955322266,38.55168914794922,-23.234203338623047,87.4034194946289,-48.76367950439453,-84.62200927734375,40.890872955322266,41.0958904109589
33.674,0,38.737178802490234,-23.81782341003418,87.61556243896484,-48.22865295410156,-84.61083221435547,40.988319396972656,38.737178802490234,-23.81782341003418,87.61556243896484,-48.22865295410156,-84.61083221435547,40.988319396972656,41.0958904109589
33.706,0,38.84735107421875,-24.424074172973633,87.7975845336914,-47.64582824707031,-84.615478515625,40.79436492919922,38.84735107421875,-24.424074172973633,87.7975845336914,-47.64582824707031,-84.615478515625,40.79436492919922,41.0958904109589
33.738,0,38.75004959106445,-23.71688461303711,87.51368713378906,-48.284706115722656,-84.63206481933594,41.032474517822266,38.75004959106445,-23.71688461303711,87.51368713378906,-48.284706115722656,-84.63206481933594,41.032474517822266,41.0958904109589
33.784,0,38.70750427246094,-23.95801544189453,87.58984375,-48.15217590332031,-84.66414642333984,40.96495819091797,38.70750427246094,-23.95801544189453,87.58984375,-48.15217590332031,-84.66414642333984,40.96495819091797,41.0958904109589
33.811,0,38.921810150146484,-24.503887176513672,87.80606079101562,-47.69215393066406,-84.64717864990234,41.03557586669922,38.921810150146484,-24.503887176513672,87.80606079101562,-47.69215393066406,-84.64717864990234,41.03557586669922,41.0958904109589
33.844,0,38.98063278198242,-24.869586944580078,87.86846923828125,-47.33037185668945,-84.65676879882812,40.928489685058594,38.98063278198242,-24.869586944580078,87.86846923828125,-47.33037185668945,-84.65676879882812,40.928489685058594,41.0958904109589
33.877,0,38.907100677490234,-24.118793487548828,87.56470489501953,-47.977333068847656,-84.64849090576172,41.166954040527344,38.907100677490234,-24.118793487548828,87.56470489501953,-47.977333068847656,-84.64849090576172,41.166954040527344,41.0958904109589
33.909,0,38.858863830566406,-24.31226348876953,87.62078857421875,-47.849815368652344,-84.67366027832031,41.11951446533203,38.858863830566406,-24.31226348876953,87.62078857421875,-47.849815368652344,-84.67366027832031,41.11951446533203,41.0958904109589
33.942,0,39.08237075805664,-24.922122955322266,87.81571960449219,-47.31459426879883,-84.64862060546875,41.206275939941406,39.08237075805664,-24.922122955322266,87.81571960449219,-47.31459426879883,-84.64862060546875,41.206275939941406,41.0958904109589
33.974,0,39.16193771362305,-25.222808837890625,87.83927917480469,-46.947898864746094,-84.64622497558594,41.08863830566406,39.16193771362305,-25.222808837890625,87.83927917480469,-46.947898864746094,-84.64622497558594,41.08863830566406,41.0958904109589
34.012,0,39.032379150390625,-23.74770164489746,87.38795471191406,-48.3331184387207,-84.6878433227539,41.647300720214844,39.032379150390625,-23.74770164489746,87.38795471191406,-48.3331184387207,-84.6878433227539,41.647300720214844,41.0958904109589
34.043,0,39.00433349609375,-23.88992691040039,87.4443359375,-48.27492904663086,-84.71455383300781,41.636688232421875,39.00433349609375,-23.88992691040039,87.4443359375,-48.27492904663086,-84.71455383300781,41.636688232421875,41.0958904109589
34.076,0,39.00692367553711,-24.022037506103516,87.39387512207031,-48.03178405761719,-84.68489837646484,41.52703857421875,39.00692367553711,-24.022037506103516,87.39387512207031,-48.03178405761719,-84.68489837646484,41.52703857421875,41.0958904109589
34.111,0,39.08211135864258,-24.06133270263672,87.33244323730469,-47.889808654785156,-84.71380615234375,41.52378845214844,39.08211135864258,-24.06133270263672,87.33244323730469,-47.889808654785156,-84.71380615234375,41.52378845214844,41.16112198303979
34.143,0,38.93094253540039,-22.51970100402832,86.85624694824219,-49.335716247558594,-84.73468780517578,42.11885070800781,38.93094253540039,-22.51970100402832,86.85624694824219,-49.335716247558594,-84.73468780517578,42.11885070800781,41.226353555120674
34.177,0,38.92742919921875,-22.564746856689453,86.85614013671875,-49.29942321777344,-84.74864959716797,42.083251953125,38.92742919921875,-22.564746856689453,86.85614013671875,-49.29942321777344,-84.74864959716797,42.083251953125,41.226353555120674
34.211,0,39.06770324707031,-23.326553344726562,87.23783874511719,-48.682212829589844,-84.67713165283203,42.063777923583984,39.06770324707031,-23.326553344726562,87.23783874511719,-48.682212829589844,-84.67713165283203,42.063777923583984,41.35681669928245
34.244,0,39.15574264526367,-23.361854553222656,87.17073059082031,-48.537071228027344,-84.70846557617188,42.0576171875,39.15574264526367,-23.361854553222656,87.17073059082031,-48.537071228027344,-84.70846557617188,42.0576171875,41.617742987606
34.280,0,38.99942398071289,-21.792306900024414,86.70743560791016,-50.032135009765625,-84.73471069335938,42.68224334716797,38.99942398071289,-21.792306900024414,86.70743560791016,-50.032135009765625,-84.73471069335938,42.68224334716797,41.74820613176777
34.310,0,39.00844192504883,-21.838346481323242,86.6999282836914,-50.003875732421875,-84.75665283203125,42.6759033203125,39.00844192504883,-21.838346481323242,86.6999282836914,-50.003875732421875,-84.75665283203125,42.6759033203125,41.74820613176777
34.346,0,39.125179290771484,-22.572731018066406,87.08802795410156,-49.40111541748047,-84.70074462890625,42.679962158203125,39.125179290771484,-22.572731018066406,87.08802795410156,-49.40111541748047,-84.70074462890625,42.679962158203125,41.81343770384866
34.378,0,39.19903564453125,-22.545692443847656,87.00271606445312,-49.34423065185547,-84.70922088623047,42.675079345703125,39.19903564453125,-22.545692443847656,87.00271606445312,-49.34423065185547,-84.70922088623047,42.675079345703125,42.20482713633398
34.411,0,39.096588134765625,-21.8443603515625,86.72027587890625,-49.91915512084961,-84.72999572753906,42.94981384277344,39.096588134765625,-21.8443603515625,86.72027587890625,-49.91915512084961,-84.72999572753906,42.94981384277344,42.27005870841487
34.443,0,39.10306167602539,-21.909812927246094,86.71389770507812,-49.86239242553711,-84.73920440673828,42.924468994140625,39.10306167602539,-21.909812927246094,86.71389770507812,-49.86239242553711,-84.73920440673828,42.924468994140625,42.27005870841487
34.481,0,39.29225540161133,-22.657093048095703,87.10584259033203,-49.275299072265625,-84.68961334228516,42.93357849121094,39.29225540161133,-22.657093048095703,87.10584259033203,-49.275299072265625,-84.68961334228516,42.93357849121094,42.400521852576645
34.511,0,39.31235885620117,-23.014955520629883,87.14332580566406,-48.84218978881836,-84.67646789550781,42.82375717163086,39.31235885620117,-23.014955520629883,87.14332580566406,-48.84218978881836,-84.67646789550781,42.82375717163086,42.59621656881931
34.544,0,39.236576080322266,-22.343563079833984,86.88713073730469,-49.425010681152344,-84.68547058105469,43.08401870727539,39.236576080322266,-22.343563079833984,86.88713073730469,-49.425010681152344,-84.68547058105469,43.08401870727539,42.59621656881931
34.582,0,39.22426223754883,-22.310115814208984,86.81541442871094,-49.417152404785156,-84.69422149658203,43.08580780029297,39.22426223754883,-22.310115814208984,86.81541442871094,-49.417152404785156,-84.69422149658203,43.08580780029297,42.59621656881931
34.609,0,39.25849151611328,-22.387451171875,86.9323501586914,-49.428489685058594,-84.65957641601562,42.97029113769531,39.25849151611328,-22.387451171875,86.9323501586914,-49.428489685058594,-84.65957641601562,42.97029113769531,42.59621656881931
34.647,0,39.26319885253906,-22.54572105407715,86.95487213134766,-49.22547912597656,-84.65118408203125,42.87855529785156,39.26319885253906,-22.54572105407715,86.95487213134766,-49.22547912597656,-84.65118408203125,42.87855529785156,42.59621656881931
34.678,0,39.16876983642578,-21.79566764831543,86.67108154296875,-49.880828857421875,-84.64995574951172,43.135467529296875,39.16876983642578,-21.79566764831543,86.67108154296875,-49.880828857421875,-84.64995574951172,43.135467529296875,42.59621656881931
34.714,0,39.18113327026367,-21.925504684448242,86.65025329589844,-49.772300720214844,-84.66870880126953,43.15525817871094,39.18113327026367,-21.925504684448242,86.65025329589844,-49.772300720214844,-84.66870880126953,43.15525817871094,42.59621656881931
34.743,0,39.163856506347656,-22.04611587524414,86.61500549316406,-49.63560485839844,-84.68379974365234,43.14088439941406,39.163856506347656,-22.04611587524414,86.61500549316406,-49.63560485839844,-84.68379974365234,43.14088439941406,42.66144814090019
34.782,0,39.19247055053711,-21.9739990234375,86.70625305175781,-49.79595947265625,-84.65523529052734,43.052589416503906,39.19247055053711,-21.9739990234375,86.70625305175781,-49.79595947265625,-84.65523529052734,43.052589416503906,42.72667971298108
34.811,0,39.21683120727539,-22.208438873291016,86.70011138916016,-49.469478607177734,-84.66094207763672,42.930511474609375,39.21683120727539,-22.208438873291016,86.70011138916016,-49.469478607177734,-84.66094207763672,42.930511474609375,42.79191128506197
34.848,0,39.1953239440918,-21.74565887451172,86.74427795410156,-50.12790298461914,-84.63899993896484,43.13996887207031,39.1953239440918,-21.74565887451172,86.74427795410156,-50.12790298461914,-84.63899993896484,43.13996887207031,42.79191128506197
34.879,0,39.168663024902344,-21.828189849853516,86.71287536621094,-50.049781799316406,-84.6495590209961,43.14549255371094,39.168663024902344,-21.828189849853516,86.71287536621094,-50.049781799316406,-84.6495590209961,43.14549255371094,42.79191128506197
34.915,0,39.206085205078125,-21.781099319458008,86.81568145751953,-50.2070198059082,-84.6234359741211,43.01302719116211,39.206085205078125,-21.781099319458008,86.81568145751953,-50.2070198059082,-84.6234359741211,43.01302719116211,42.79191128506197
34.945,0,39.22456741333008,-22.071006774902344,86.85214233398438,-49.840087890625,-84.62277221679688,42.85791015625,39.22456741333008,-22.071006774902344,86.85214233398438,-49.840087890625,-84.62277221679688,42.85791015625,42.79191128506197
34.981,0,39.2687873840332,-22.429502487182617,86.88687133789062,-49.42765808105469,-84.62277221679688,42.70136642456055,39.2687873840332,-22.429502487182617,86.88687133789062,-49.42765808105469,-84.62277221679688,42.70136642456055,42.79191128506197
35.013,0,39.154029846191406,-21.73520278930664,86.6362075805664,-50.071414947509766,-84.64054107666016,42.95436096191406,39.154029846191406,-21.73520278930664,86.6362075805664,-50.071414947509766,-84.64054107666016,42.95436096191406,42.72667971298108
35.047,0,39.16291427612305,-21.87490463256836,86.66742706298828,-49.977054595947266,-84.65897369384766,42.92766189575195,39.16291427612305,-21.87490463256836,86.66742706298828,-49.977054595947266,-84.65897369384766,42.92766189575195,42.72667971298108
35.083,0,39.19049835205078,-21.906291961669922,86.76686096191406,-50.025917053222656,-84.63146209716797,42.79487609863281,39.19049835205078,-21.906291961669922,86.76686096191406,-50.025917053222656,-84.63146209716797,42.79487609863281,42.72667971298108
35.112,0,39.215660095214844,-22.244287490844727,86.78546142578125,-49.60995101928711,-84.638671875,42.63310241699219,39.215660095214844,-22.244287490844727,86.78546142578125,-49.60995101928711,-84.638671875,42.63310241699219,42.72667971298108
35.150,0,39.102115631103516,-21.608013153076172,86.56160736083984,-50.21211624145508,-84.657958984375,42.906402587890625,39.102115631103516,-21.608013153076172,86.56160736083984,-50.21211624145508,-84.657958984375,42.906402587890625,42.72667971298108
35.184,0,39.100914001464844,-21.781856536865234,86.61748504638672,-50.08834457397461,-84.68321990966797,42.86901092529297,39.100914001464844,-21.781856536865234,86.61748504638672,-50.08834457397461,-84.68321990966797,42.86901092529297,42.72667971298108
35.213,0,39.12861633300781,-21.79909324645996,86.71989440917969,-50.14463806152344,-84.65441131591797,42.73353576660156,39.12861633300781,-21.79909324645996,86.71989440917969,-50.14463806152344,-84.65441131591797,42.73353576660156,42.72667971298108
35.250,0,39.15934371948242,-22.126270294189453,86.74961853027344,-49.769039154052734,-84.65200805664062,42.55390548706055,39.15934371948242,-22.126270294189453,86.74961853027344,-49.769039154052734,-84.65200805664062,42.55390548706055,42.72667971298108
35.292,0,39.054874420166016,-21.445680618286133,86.4700698852539,-50.37274932861328,-84.67300415039062,42.81014633178711,39.054874420166016,-21.445680618286133,86.4700698852539,-50.37274932861328,-84.67300415039062,42.81014633178711,42.72667971298108
35.314,0,39.045867919921875,-21.660743713378906,86.54133605957031,-50.21501541137695,-84.7054214477539,42.7609977722168,39.045867919921875,-21.660743713378906,86.54133605957031,-50.21501541137695,-84.7054214477539,42.7609977722168,42.72667971298108
35.349,0,39.082759857177734,-21.677772521972656,86.63679504394531,-50.29069900512695,-84.67591094970703,42.6352653503418,39.082759857177734,-21.677772521972656,86.63679504394531,-50.29069900512695,-84.67591094970703,42.6352653503418,42.72667971298108
35.384,0,39.08219528198242,-21.979101181030273,86.68551635742188,-49.9451904296875,-84.67719268798828,42.468109130859375,39.08219528198242,-21.979101181030273,86.68551635742188,-49.9451904296875,-84.67719268798828,42.468109130859375,42.72667971298108
35.420,0,39.001827239990234,-21.35790252685547,86.4212646484375,-50.4931755065918,-84.70425415039062,42.67498016357422,39.001827239990234,-21.35790252685547,86.4212646484375,-50.4931755065918,-84.70425415039062,42.67498016357422,42.72667971298108
35.448,0,38.97883987426758,-21.51144027709961,86.50822448730469,-50.405845642089844,-84.71255493164062,42.548316955566406,38.97883987426758,-21.51144027709961,86.50822448730469,-50.405845642089844,-84.71255493164062,42.548316955566406,42.72667971298108
35.485,0,39.008056640625,-21.490007400512695,86.58965301513672,-50.52167510986328,-84.68255615234375,42.43193817138672,39.008056640625,-21.490007400512695,86.58965301513672,-50.52167510986328,-84.68255615234375,42.43193817138672,42.72667971298108
35.518,0,39.02978515625,-21.62237548828125,86.55010223388672,-50.293392181396484,-84.71044158935547,42.364078521728516,39.02978515625,-21.62237548828125,86.55010223388672,-50.293392181396484,-84.71044158935547,42.364078521728516,42.72667971298108
35.551,0,38.92397689819336,-20.825708389282227,86.25469970703125,-51.005428314208984,-84.73580932617188,42.59996795654297,38.92397689819336,-20.825708389282227,86.25469970703125,-51.005428314208984,-84.73580932617188,42.59996795654297,42.72667971298108
35.584,0,38.882728576660156,-20.920005798339844,86.29570007324219,-50.961700439453125,-84.74365234375,42.5052604675293,38.882728576660156,-20.920005798339844,86.29570007324219,-50.961700439453125,-84.74365234375,42.5052604675293,42.72667971298108
35.618,0,38.92544937133789,-20.933454513549805,86.4024429321289,-51.04563903808594,-84.70606231689453,42.36692810058594,38.92544937133789,-20.933454513549805,86.4024429321289,-51.04563903808594,-84.70606231689453,42.36692810058594,42.72667971298108
35.653,0,38.92443084716797,-20.976097106933594,86.38115692138672,-50.948001861572266,-84.72711944580078,42.27668762207031,38.92443084716797,-20.976097106933594,86.38115692138672,-50.948001861572266,-84.72711944580078,42.27668762207031,42.72667971298108
35.686,0,38.82821273803711,-20.201465606689453,86.102783203125,-51.63776779174805,-84.75119018554688,42.481380462646484,38.82821273803711,-20.201465606689453,86.102783203125,-51.63776779174805,-84.75119018554688,42.481380462646484,42.72667971298108
35.719,0,38.81941604614258,-20.39584732055664,86.17796325683594,-51.48490905761719,-84.75883483886719,42.37579345703125,38.81941604614258,-20.39584732055664,86.17796325683594,-51.48490905761719,-84.75883483886719,42.37579345703125,42.59621656881931
35.751,0,38.86976623535156,-20.801185607910156,86.38861083984375,-51.17559814453125,-84.72246551513672,42.33068084716797,38.86976623535156,-20.801185607910156,86.38861083984375,-51.17559814453125,-84.72246551513672,42.33068084716797,42.59621656881931
35.785,0,38.85718536376953,-20.96646499633789,86.43235778808594,-51.048336029052734,-84.73646545410156,42.24397277832031,38.85718536376953,-20.96646499633789,86.43235778808594,-51.048336029052734,-84.73646545410156,42.24397277832031,42.59621656881931
35.818,0,38.740169525146484,-20.166744232177734,86.169189453125,-51.789981842041016,-84.75889587402344,42.44648742675781,38.740169525146484,-20.166744232177734,86.169189453125,-51.789981842041016,-84.75889587402344,42.44648742675781,42.59621656881931
35.853,0,38.724769592285156,-20.34865379333496,86.23605346679688,-51.640625,-84.76909637451172,42.31580352783203,38.724769592285156,-20.34865379333496,86.23605346679688,-51.640625,-84.76909637451172,42.31580352783203,42.59621656881931
35.886,0,38.775787353515625,-20.715377807617188,86.44778442382812,-51.35139465332031,-84.72045135498047,42.258949279785156,38.775787353515625,-20.715377807617188,86.44778442382812,-51.35139465332031,-84.72045135498047,42.258949279785156,42.59621656881931
35.920,0,38.74976348876953,-20.86299705505371,86.47817993164062,-51.21458053588867,-84.73249053955078,42.16255187988281,38.74976348876953,-20.86299705505371,86.47817993164062,-51.21458053588867,-84.73249053955078,42.16255187988281,42.59621656881931
35.952,0,38.656986236572266,-20.2043514251709,86.21757507324219,-51.795101165771484,-84.75809478759766,42.34725570678711,38.656986236572266,-20.2043514251709,86.21757507324219,-51.795101165771484,-84.75809478759766,42.34725570678711,42.59621656881931
35.988,0,38.632347106933594,-20.252735137939453,86.24272155761719,-51.739620208740234,-84.75873565673828,42.231101989746094,38.632347106933594,-20.252735137939453,86.24272155761719,-51.739620208740234,-84.75873565673828,42.231101989746094,42.59621656881931
36.019,0,38.667964935302734,-20.669233322143555,86.4679946899414,-51.407405853271484,-84.73492431640625,42.149986267089844,38.667964935302734,-20.669233322143555,86.4679946899414,-51.407405853271484,-84.73492431640625,42.149986267089844,42.59621656881931
36.053,0,38.65065002441406,-20.834747314453125,86.47863006591797,-51.219154357910156,-84.74491882324219,42.04119873046875,38.65065002441406,-20.834747314453125,86.47863006591797,-51.219154357910156,-84.74491882324219,42.04119873046875,42.53098499673842
36.085,0,38.53619384765625,-20.101627349853516,86.23060607910156,-51.88843536376953,-84.76985931396484,42.25079345703125,38.53619384765625,-20.101627349853516,86.23060607910156,-51.88843536376953,-84.76985931396484,42.25079345703125,42.465753424657535
36.122,0,38.505435943603516,-20.178443908691406,86.2525634765625,-51.840057373046875,-84.76700592041016,42.16277313232422,38.505435943603516,-20.178443908691406,86.2525634765625,-51.840057373046875,-84.76700592041016,42.16277313232422,42.465753424657535
36.155,0,38.5577392578125,-20.59314727783203,86.4807357788086,-51.52050018310547,-84.73104858398438,42.03260040283203,38.5577392578125,-20.59314727783203,86.4807357788086,-51.52050018310547,-84.73104858398438,42.03260040283203,42.465753424657535
36.189,0,38.61328887939453,-21.085311889648438,86.70571899414062,-51.08380889892578,-84.69232177734375,41.918251037597656,38.61328887939453,-21.085311889648438,86.70571899414062,-51.08380889892578,-84.69232177734375,41.918251037597656,42.465753424657535
36.221,0,38.60835647583008,-21.34271240234375,86.7852554321289,-50.856021881103516,-84.72366333007812,41.79621887207031,38.60835647583008,-21.34271240234375,86.7852554321289,-50.856021881103516,-84.72366333007812,41.79621887207031,42.465753424657535
36.257,0,38.443458557128906,-20.542055130004883,86.5334243774414,-51.60752868652344,-84.74102020263672,42.08948516845703,38.443458557128906,-20.542055130004883,86.5334243774414,-51.60752868652344,-84.74102020263672,42.08948516845703,42.465753424657535
36.289,0,38.43353271484375,-20.57712745666504,86.56464385986328,-51.600135803222656,-84.74617004394531,41.9404182434082,38.43353271484375,-20.57712745666504,86.56464385986328,-51.600135803222656,-84.74617004394531,41.9404182434082,42.20482713633398
36.321,0,38.46872329711914,-21.07840347290039,86.77494049072266,-51.145591735839844,-84.72091674804688,41.827125549316406,38.46872329711914,-21.07840347290039,86.77494049072266,-51.145591735839844,-84.72091674804688,41.827125549316406,42.20482713633398
36.353,0,38.45191955566406,-21.293045043945312,86.85819244384766,-50.974754333496094,-84.7581558227539,41.67657470703125,38.45191955566406,-21.293045043945312,86.85819244384766,-50.974754333496094,-84.7581558227539,41.67657470703125,42.20482713633398
36.387,0,38.31261444091797,-20.466285705566406,86.58411407470703,-51.748558044433594,-84.77430725097656,41.912086486816406,38.31261444091797,-20.466285705566406,86.58411407470703,-51.748558044433594,-84.77430725097656,41.912086486816406,42.20482713633398
36.420,0,38.30116653442383,-20.510862350463867,86.61870574951172,-51.74229431152344,-84.77557373046875,41.772239685058594,38.30116653442383,-20.510862350463867,86.61870574951172,-51.74229431152344,-84.77557373046875,41.772239685058594,42.1395955642531
36.454,0,38.336875915527344,-20.94791603088379,86.79578399658203,-51.35948944091797,-84.7488021850586,41.66971206665039,38.336875915527344,-20.94791603088379,86.79578399658203,-51.35948944091797,-84.7488021850586,41.66971206665039,42.07436399217221
36.489,0,38.305965423583984,-21.192001342773438,86.88272094726562,-51.1384162902832,-84.79132843017578,41.52924346923828,38.305965423583984,-21.192001342773438,86.88272094726562,-51.1384162902832,-84.79132843017578,41.52924346923828,42.07436399217221
36.521,0,38.211788177490234,-20.375144958496094,86.57145690917969,-51.86570358276367,-84.80402374267578,41.71092987060547,38.211788177490234,-20.375144958496094,86.57145690917969,-51.86570358276367,-84.80402374267578,41.71092987060547,42.07436399217221
36.555,0,38.20683288574219,-20.451507568359375,86.6001968383789,-51.847835540771484,-84.80608367919922,41.583030700683594,38.20683288574219,-20.451507568359375,86.6001968383789,-51.847835540771484,-84.80608367919922,41.583030700683594,41.943900848010436
36.587,0,38.25341796875,-20.946937561035156,86.79829406738281,-51.40460205078125,-84.78921508789062,41.463748931884766,38.25341796875,-20.946937561035156,86.79829406738281,-51.40460205078125,-84.78921508789062,41.463748931884766,41.878669275929546
36.621,0,38.23168182373047,-21.158061981201172,86.89436340332031,-51.240203857421875,-84.82715606689453,41.30877685546875,38.23168182373047,-21.158061981201172,86.89436340332031,-51.240203857421875,-84.82715606689453,41.30877685546875,41.878669275929546
36.656,0,38.07546615600586,-20.22002410888672,86.6080551147461,-52.16229248046875,-84.83573913574219,41.56658172607422,38.07546615600586,-20.22002410888672,86.6080551147461,-52.16229248046875,-84.83573913574219,41.56658172607422,41.878669275929546
36.692,0,38.04682922363281,-20.332475662231445,86.65692138671875,-52.10195541381836,-84.8377456665039,41.429481506347656,38.04682922363281,-20.332475662231445,86.65692138671875,-52.10195541381836,-84.8377456665039,41.429481506347656,41.878669275929546
36.722,0,38.108482360839844,-20.79168701171875,86.83503723144531,-51.68978500366211,-84.82718658447266,41.32892990112305,38.108482360839844,-20.79168701171875,86.83503723144531,-51.68978500366211,-84.82718658447266,41.32892990112305,41.878669275929546
36.760,0,38.098663330078125,-21.099721908569336,86.94783782958984,-51.412044525146484,-84.85977172851562,41.153350830078125,38.098663330078125,-21.099721908569336,86.94783782958984,-51.412044525146484,-84.85977172851562,41.153350830078125,41.81343770384866
36.789,0,37.934791564941406,-20.19412612915039,86.6591567993164,-52.2938117980957,-84.86289978027344,41.40924835205078,37.934791564941406,-20.19412612915039,86.6591567993164,-52.2938117980957,-84.86289978027344,41.40924835205078,41.617742987606
36.826,0,37.87911605834961,-20.213035583496094,86.70071411132812,-52.33015441894531,-84.87479400634766,41.293052673339844,37.87911605834961,-20.213035583496094,86.70071411132812,-52.33015441894531,-84.87479400634766,41.293052673339844,41.48727984344423
36.855,0,37.91631317138672,-20.628612518310547,86.88440704345703,-51.96255111694336,-84.85836791992188,41.18043518066406,37.91631317138672,-20.628612518310547,86.88440704345703,-51.96255111694336,-84.85836791992188,41.18043518066406,41.48727984344423
36.893,0,37.894500732421875,-21.01338768005371,87.0215072631836,-51.63484191894531,-84.90153503417969,40.98685073852539,37.894500732421875,-21.01338768005371,87.0215072631836,-51.63484191894531,-84.90153503417969,40.98685073852539,41.42204827136334
36.923,0,37.76332092285156,-20.095497131347656,86.72154235839844,-52.50017547607422,-84.90576934814453,41.232147216796875,37.76332092285156,-20.095497131347656,86.72154235839844,-52.50017547607422,-84.90576934814453,41.232147216796875,41.42204827136334
36.959,0,37.69522476196289,-20.132177352905273,86.75550842285156,-52.50116729736328,-84.91268920898438,41.08917999267578,37.69522476196289,-20.132177352905273,86.75550842285156,-52.50116729736328,-84.91268920898438,41.08917999267578,41.42204827136334
36.995,0,37.74243927001953,-20.577852249145508,86.95726013183594,-52.11688232421875,-84.89215087890625,40.973960876464844,37.74243927001953,-20.577852249145508,86.95726013183594,-52.11688232421875,-84.89215087890625,40.973960876464844,41.35681669928245
37.025,0,37.69182205200195,-20.896953582763672,87.12626647949219,-51.895572662353516,-84.91480255126953,40.79058074951172,37.69182205200195,-20.896953582763672,87.12626647949219,-51.895572662353516,-84.91480255126953,40.79058074951172,41.35681669928245
37.066,0,37.5443115234375,-19.964128494262695,86.84133911132812,-52.80199432373047,-84.91216278076172,41.00459289550781,37.5443115234375,-19.964128494262695,86.84133911132812,-52.80199432373047,-84.91216278076172,41.00459289550781,41.226353555120674
37.088,0,37.581626892089844,-19.679441452026367,86.88607788085938,-53.20278549194336,-84.91395568847656,41.11070251464844,37.581626892089844,-19.679441452026367,86.88607788085938,-53.20278549194336,-84.91395568847656,41.11070251464844,41.0958904109589
37.124,0,37.65388488769531,-20.221343994140625,87.126708984375,-52.725196838378906,-84.89878845214844,40.98566818237305,37.65388488769531,-20.221343994140625,87.126708984375,-52.725196838378906,-84.89878845214844,40.98566818237305,41.0958904109589
37.159,0,37.63185119628906,-20.553937911987305,87.19161224365234,-52.298362731933594,-84.90370178222656,40.797340393066406,37.63185119628906,-20.553937911987305,87.19161224365234,-52.298362731933594,-84.90370178222656,40.797340393066406,41.0958904109589
37.194,0,37.45277786254883,-19.327539443969727,86.86223602294922,-53.50174331665039,-84.88288116455078,41.15146255493164,37.45277786254883,-19.327539443969727,86.86223602294922,-53.50174331665039,-84.88288116455078,41.15146255493164,41.0958904109589
37.223,0,37.48057174682617,-19.074140548706055,86.9036865234375,-53.88047790527344,-84.88853454589844,41.25110626220703,37.48057174682617,-19.074140548706055,86.9036865234375,-53.88047790527344,-84.88853454589844,41.25110626220703,41.0958904109589
37.258,0,37.80488967895508,-19.683837890625,87.12039184570312,-53.371910095214844,-84.87840270996094,41.16663360595703,37.80488967895508,-19.683837890625,87.12039184570312,-53.371910095214844,-84.87840270996094,41.16663360595703,41.0958904109589
37.289,0,37.82236862182617,-20.035043716430664,87.17955017089844,-52.88993453979492,-84.87113189697266,40.92908477783203,37.82236862182617,-20.035043716430664,87.17955017089844,-52.88993453979492,-84.87113189697266,40.92908477783203,41.0958904109589
37.327,0,37.62311935424805,-18.93215560913086,86.88166046142578,-53.997066497802734,-84.85948944091797,41.306339263916016,37.62311935424805,-18.93215560913086,86.88166046142578,-53.997066497802734,-84.85948944091797,41.306339263916016,41.0958904109589
37.357,0,37.661136627197266,-18.736486434936523,86.9775619506836,-54.35588836669922,-84.85591888427734,41.400794982910156,37.661136627197266,-18.736486434936523,86.9775619506836,-54.35588836669922,-84.85591888427734,41.400794982910156,41.0958904109589
37.394,0,37.97112274169922,-19.364276885986328,87.20964050292969,-53.83939743041992,-84.84662628173828,41.31662368774414,37.97112274169922,-19.364276885986328,87.20964050292969,-53.83939743041992,-84.84662628173828,41.31662368774414,41.0958904109589
37.424,0,37.971778869628906,-19.7133731842041,87.30052947998047,-53.398651123046875,-84.83623504638672,41.08421325683594,37.971778869628906,-19.7133731842041,87.30052947998047,-53.398651123046875,-84.83623504638672,41.08421325683594,41.0958904109589
37.460,0,37.773109436035156,-18.606285095214844,87.0133285522461,-54.525108337402344,-84.82884216308594,41.429527282714844,37.773109436035156,-18.606285095214844,87.0133285522461,-54.525108337402344,-84.82884216308594,41.429527282714844,41.0958904109589
37.494,0,37.858184814453125,-18.426164627075195,87.12511444091797,-54.85173797607422,-84.80240631103516,41.482574462890625,37.858184814453125,-18.426164627075195,87.12511444091797,-54.85173797607422,-84.80240631103516,41.482574462890625,41.0958904109589
37.526,0,38.113433837890625,-19.091520309448242,87.39803314208984,-54.31131362915039,-84.78823852539062,41.38855743408203,38.113433837890625,-19.091520309448242,87.39803314208984,-54.31131362915039,-84.78823852539062,41.38855743408203,41.0958904109589
37.562,0,38.11382293701172,-19.547216415405273,87.48737335205078,-53.789520263671875,-84.78878021240234,41.15818786621094,38.11382293701172,-19.547216415405273,87.48737335205078,-53.789520263671875,-84.78878021240234,41.15818786621094,41.0958904109589
37.605,0,37.936553955078125,-18.34113121032715,87.17515563964844,-54.99049377441406,-84.76335906982422,41.507545471191406,37.936553955078125,-18.34113121032715,87.17515563964844,-54.99049377441406,-84.76335906982422,41.507545471191406,41.0958904109589
37.629,0,38.04360580444336,-18.292770385742188,87.32052612304688,-55.23804473876953,-84.7546157836914,41.527923583984375,38.04360580444336,-18.292770385742188,87.32052612304688,-55.23804473876953,-84.7546157836914,41.527923583984375,41.0958904109589
37.666,0,38.00624084472656,-18.322629928588867,87.42767333984375,-55.34282302856445,-84.70629119873047,41.433616638183594,38.00624084472656,-18.322629928588867,87.42767333984375,-55.34282302856445,-84.70629119873047,41.433616638183594,41.0958904109589
37.701,0,38.01775360107422,-18.788463592529297,87.510009765625,-54.81487274169922,-84.72001647949219,41.19053649902344,38.01775360107422,-18.788463592529297,87.510009765625,-54.81487274169922,-84.72001647949219,41.19053649902344,41.0958904109589
37.729,0,37.8211669921875,-17.46416473388672,87.19595336914062,-56.15403747558594,-84.70103454589844,41.613136291503906,37.8211669921875,-17.46416473388672,87.19595336914062,-56.15403747558594,-84.70103454589844,41.613136291503906,41.0958904109589
37.767,0,37.92942810058594,-17.36290740966797,87.31211853027344,-56.47126770019531,-84.6850814819336,41.657840728759766,37.92942810058594,-17.36290740966797,87.31211853027344,-56.47126770019531,-84.6850814819336,41.657840728759766,41.0958904109589
37.797,0,37.94339370727539,-17.331485748291016,87.34005737304688,-56.54227066040039,-84.66985321044922,41.56916809082031,37.94339370727539,-17.331485748291016,87.34005737304688,-56.54227066040039,-84.66985321044922,41.56916809082031,41.0958904109589
37.833,0,37.92856216430664,-17.720170974731445,87.41520690917969,-56.08474349975586,-84.67386627197266,41.3244743347168,37.92856216430664,-17.720170974731445,87.41520690917969,-56.08474349975586,-84.67386627197266,41.3244743347168,41.291585127201564
37.864,0,37.8270263671875,-17.044178009033203,87.15843200683594,-56.66712951660156,-84.69110870361328,41.546051025390625,37.8270263671875,-17.044178009033203,87.15843200683594,-56.66712951660156,-84.69110870361328,41.546051025390625,41.35681669928245
37.899,0,37.915306091308594,-16.855205535888672,87.2674331665039,-57.04368591308594,-84.68463897705078,41.61132049560547,37.915306091308594,-16.855205535888672,87.2674331665039,-57.04368591308594,-84.68463897705078,41.61132049560547,41.35681669928245
37.932,0,37.88434982299805,-16.72408676147461,87.23633575439453,-57.177757263183594,-84.67277526855469,41.54631805419922,37.88434982299805,-16.72408676147461,87.23633575439453,-57.177757263183594,-84.67277526855469,41.54631805419922,41.35681669928245
37.968,0,37.871788024902344,-17.008190155029297,87.28133392333984,-56.79664611816406,-84.67711639404297,41.31536865234375,37.871788024902344,-17.008190155029297,87.28133392333984,-56.79664611816406,-84.67711639404297,41.31536865234375,41.35681669928245
38.000,0,37.78380584716797,-16.45684242248535,87.02825164794922,-57.25182342529297,-84.69341278076172,41.5067138671875,37.78380584716797,-16.45684242248535,87.02825164794922,-57.25182342529297,-84.69341278076172,41.5067138671875,41.35681669928245
38.032,0,37.874183654785156,-16.855730056762695,87.34317016601562,-57.18504333496094,-84.69364929199219,41.475372314453125,37.874183654785156,-16.855730056762695,87.34317016601562,-57.18504333496094,-84.69364929199219,41.475372314453125,41.35681669928245
38.065,0,37.865745544433594,-16.662172317504883,87.35734558105469,-57.46875762939453,-84.66100311279297,41.32323455810547,37.865745544433594,-16.662172317504883,87.35734558105469,-57.46875762939453,-84.66100311279297,41.32323455810547,41.35681669928245
38.099,0,37.848533630371094,-17.0048770904541,87.42729949951172,-57.02117919921875,-84.6728515625,41.09752655029297,37.848533630371094,-17.0048770904541,87.42729949951172,-57.02117919921875,-84.6728515625,41.09752655029297,41.35681669928245
38.132,0,37.78886795043945,-16.388879776000977,87.13502502441406,-57.53778076171875,-84.70980834960938,41.25343322753906,37.78886795043945,-16.388879776000977,87.13502502441406,-57.53778076171875,-84.70980834960938,41.25343322753906,41.35681669928245
38.167,0,38.0544548034668,-17.117027282714844,87.49057006835938,-57.00639724731445,-84.69461822509766,41.384517669677734,38.0544548034668,-17.117027282714844,87.49057006835938,-57.00639724731445,-84.69461822509766,41.384517669677734,41.35681669928245
38.201,0,37.9502067565918,-16.864057540893555,87.44197082519531,-57.237213134765625,-84.66497802734375,41.29349899291992,37.9502067565918,-16.864057540893555,87.44197082519531,-57.237213134765625,-84.66497802734375,41.29349899291992,41.35681669928245
38.232,0,37.839359283447266,-16.64080810546875,87.40868377685547,-57.41511535644531,-84.64624786376953,41.170082092285156,37.839359283447266,-16.64080810546875,87.40868377685547,-57.41511535644531,-84.64624786376953,41.170082092285156,41.35681669928245
38.269,0,37.82463836669922,-16.91300392150879,87.45428466796875,-57.08045959472656,-84.65864562988281,40.94835662841797,37.82463836669922,-16.91300392150879,87.45428466796875,-57.08045959472656,-84.65864562988281,40.94835662841797,41.35681669928245
38.298,0,38.06400680541992,-17.607954025268555,87.81173706054688,-56.553871154785156,-84.64185333251953,41.11603546142578,38.06400680541992,-17.607954025268555,87.81173706054688,-56.553871154785156,-84.64185333251953,41.11603546142578,41.35681669928245
38.341,0,38.28289794921875,-18.216777801513672,88.1399154663086,-56.14790725708008,-84.62126159667969,41.33283233642578,38.28289794921875,-18.216777801513672,88.1399154663086,-56.14790725708008,-84.62126159667969,41.33283233642578,41.35681669928245
38.366,0,38.25018310546875,-18.21722984313965,88.1683120727539,-56.132469177246094,-84.60749816894531,41.16958999633789,38.25018310546875,-18.21722984313965,88.1683120727539,-56.132469177246094,-84.60749816894531,41.16958999633789,41.291585127201564
38.400,0,38.25349044799805,-18.607141494750977,88.24789428710938,-55.685752868652344,-84.6163101196289,40.931060791015625,38.25349044799805,-18.607141494750977,88.24789428710938,-55.685752868652344,-84.6163101196289,40.931060791015625,41.35681669928245
38.440,0,38.2739372253418,-18.942216873168945,88.33261108398438,-55.26553726196289,-84.61921691894531,40.68159484863281,38.2739372253418,-18.942216873168945,88.33261108398438,-55.26553726196289,-84.61921691894531,40.68159484863281,41.35681669928245
38.476,0,38.208740234375,-18.246492385864258,88.04022979736328,-55.83869171142578,-84.65188598632812,40.864112854003906,38.208740234375,-18.246492385864258,88.04022979736328,-55.83869171142578,-84.65188598632812,40.864112854003906,41.291585127201564
38.505,0,38.28287887573242,-18.314281463623047,88.02725982666016,-55.740135192871094,-84.6522216796875,40.6310920715332,38.28287887573242,-18.314281463623047,88.02725982666016,-55.740135192871094,-84.6522216796875,40.6310920715332,41.226353555120674
38.539,0,38.3658332824707,-18.353254318237305,88.01055145263672,-55.70460510253906,-84.66866302490234,40.39922332763672,38.3658332824707,-18.353254318237305,88.01055145263672,-55.70460510253906,-84.66866302490234,40.39922332763672,40.96542726679713
38.573,0,38.356048583984375,-17.75336456298828,87.71733856201172,-56.1513786315918,-84.70502471923828,40.51262664794922,38.356048583984375,-17.75336456298828,87.71733856201172,-56.1513786315918,-84.70502471923828,40.51262664794922,40.96542726679713
38.605,0,38.272544860839844,-17.65406608581543,87.78469848632812,-56.39171600341797,-84.70797729492188,40.76128387451172,38.272544860839844,-17.65406608581543,87.78469848632812,-56.39171600341797,-84.70797729492188,40.76128387451172,40.834964122635355
38.638,0,38.199729919433594,-17.727149963378906,87.89067840576172,-56.43585205078125,-84.71258544921875,40.954261779785156,38.199729919433594,-17.727149963378906,87.89067840576172,-56.43585205078125,-84.71258544921875,40.954261779785156,40.704500978473575
38.671,0,38.15934371948242,-18.160017013549805,88.01570129394531,-56.01111602783203,-84.70311737060547,40.78874969482422,38.15934371948242,-18.160017013549805,88.01570129394531,-56.01111602783203,-84.70311737060547,40.78874969482422,40.704500978473575
38.706,0,38.1428337097168,-17.55351448059082,87.7247543334961,-56.46406173706055,-84.74759674072266,40.926231384277344,38.1428337097168,-17.55351448059082,87.7247543334961,-56.46406173706055,-84.74759674072266,40.926231384277344,40.704500978473575
38.738,0,38.00768280029297,-17.37543487548828,87.72711181640625,-56.7798957824707,-84.74771881103516,41.13074493408203,38.00768280029297,-17.37543487548828,87.72711181640625,-56.7798957824707,-84.74771881103516,41.13074493408203,40.704500978473575
38.772,0,37.931087493896484,-17.17255401611328,87.668212890625,-56.92959213256836,-84.77164459228516,41.011131286621094,37.931087493896484,-17.17255401611328,87.668212890625,-56.92959213256836,-84.77164459228516,41.011131286621094,40.704500978473575
38.806,0,37.905433654785156,-17.678754806518555,87.81927490234375,-56.405494689941406,-84.76838684082031,40.82926559448242,37.905433654785156,-17.678754806518555,87.81927490234375,-56.405494689941406,-84.76838684082031,40.82926559448242,40.704500978473575
38.837,0,37.82572555541992,-17.03339385986328,87.5208740234375,-56.91337203979492,-84.79684448242188,41.02214050292969,37.82572555541992,-17.03339385986328,87.5208740234375,-56.91337203979492,-84.79684448242188,41.02214050292969,40.704500978473575
38.870,0,37.6730842590332,-16.798128128051758,87.50016021728516,-57.2856330871582,-84.81314086914062,41.239845275878906,37.6730842590332,-16.798128128051758,87.50016021728516,-57.2856330871582,-84.81314086914062,41.239845275878906,40.704500978473575
38.906,0,37.59675598144531,-16.495952606201172,87.45848846435547,-57.614967346191406,-84.81962585449219,41.15861511230469,37.59675598144531,-16.495952606201172,87.45848846435547,-57.614967346191406,-84.81962585449219,41.15861511230469,40.704500978473575
38.940,0,37.59360885620117,-17.08518409729004,87.64307403564453,-57.01896667480469,-84.82239532470703,40.926246643066406,37.59360885620117,-17.08518409729004,87.64307403564453,-57.01896667480469,-84.82239532470703,40.926246643066406,40.704500978473575
38.971,0,37.4884147644043,-16.353744506835938,87.3556900024414,-57.633583068847656,-84.86074829101562,41.147865295410156,37.4884147644043,-16.353744506835938,87.3556900024414,-57.633583068847656,-84.86074829101562,41.147865295410156,40.834964122635355
39.006,0,37.39635467529297,-16.247905731201172,87.34651947021484,-57.856719970703125,-84.87670135498047,41.38829040527344,37.39635467529297,-16.247905731201172,87.34651947021484,-57.856719970703125,-84.87670135498047,41.38829040527344,40.834964122635355
39.039,0,37.362449645996094,-16.236268997192383,87.35922241210938,-57.830936431884766,-84.86055755615234,41.29830551147461,37.362449645996094,-16.236268997192383,87.35922241210938,-57.830936431884766,-84.86055755615234,41.29830551147461,40.834964122635355
39.072,0,37.34033203125,-16.860919952392578,87.54478454589844,-57.23732376098633,-84.86735534667969,41.08256530761719,37.34033203125,-16.860919952392578,87.54478454589844,-57.23732376098633,-84.86735534667969,41.08256530761719,40.834964122635355
39.105,0,37.225399017333984,-16.145092010498047,87.24784088134766,-57.828121185302734,-84.9065170288086,41.29277801513672,37.225399017333984,-16.145092010498047,87.24784088134766,-57.828121185302734,-84.9065170288086,41.29277801513672,40.90019569471624
39.141,0,37.12694549560547,-16.018932342529297,87.26534271240234,-58.105960845947266,-84.91041564941406,41.5492057800293,37.12694549560547,-16.018932342529297,87.26534271240234,-58.105960845947266,-84.91041564941406,41.5492057800293,40.90019569471624
39.174,0,37.22805404663086,-16.238571166992188,87.3224105834961,-57.87220001220703,-84.90795135498047,41.392215728759766,37.22805404663086,-16.238571166992188,87.3224105834961,-57.87220001220703,-84.90795135498047,41.392215728759766,40.96542726679713
39.207,0,37.191158294677734,-16.809764862060547,87.50776672363281,-57.29534149169922,-84.91160583496094,41.183921813964844,37.191158294677734,-16.809764862060547,87.50776672363281,-57.29534149169922,-84.91160583496094,41.183921813964844,41.0958904109589
39.234,0,37.053035736083984,-15.940192222595215,87.20979309082031,-58.05949401855469,-84.94073486328125,41.42749786376953,37.053035736083984,-15.940192222595215,87.20979309082031,-58.05949401855469,-84.94073486328125,41.42749786376953,41.16112198303979
39.268,0,37.11486053466797,-16.105859756469727,87.3191146850586,-58.068050384521484,-84.95011901855469,41.56964111328125,37.11486053466797,-16.105859756469727,87.3191146850586,-58.068050384521484,-84.95011901855469,41.56964111328125,41.16112198303979
39.308,0,37.226890563964844,-16.295984268188477,87.34404754638672,-57.83390808105469,-84.94549560546875,41.40055847167969,37.226890563964844,-16.295984268188477,87.34404754638672,-57.83390808105469,-84.94549560546875,41.40055847167969,41.226353555120674
39.336,0,37.177101135253906,-16.892412185668945,87.53399658203125,-57.285850524902344,-84.958984375,41.21623611450195,37.177101135253906,-16.892412185668945,87.53399658203125,-57.285850524902344,-84.958984375,41.21623611450195,41.226353555120674
39.380,0,37.03770446777344,-16.03188133239746,87.23889923095703,-58.058860778808594,-84.99009704589844,41.462493896484375,37.03770446777344,-16.03188133239746,87.23889923095703,-58.058860778808594,-84.99009704589844,41.462493896484375,41.226353555120674
39.406,0,37.10593032836914,-16.246273040771484,87.33816528320312,-57.97442626953125,-84.99095916748047,41.595733642578125,37.10593032836914,-16.246273040771484,87.33816528320312,-57.97442626953125,-84.99095916748047,41.595733642578125,41.226353555120674
39.441,0,37.2092399597168,-16.363012313842773,87.32486724853516,-57.77953338623047,-84.97870635986328,41.450130462646484,37.2092399597168,-16.363012313842773,87.32486724853516,-57.77953338623047,-84.97870635986328,41.450130462646484,41.226353555120674
39.471,0,37.19493103027344,-17.02827262878418,87.48875427246094,-57.10089111328125,-85.00084686279297,41.24909973144531,37.19493103027344,-17.02827262878418,87.48875427246094,-57.10089111328125,-85.00084686279297,41.24909973144531,41.226353555120674
39.509,0,37.13701248168945,-16.200115203857422,87.15714263916016,-57.760650634765625,-85.03999328613281,41.47115707397461,37.13701248168945,-16.200115203857422,87.15714263916016,-57.760650634765625,-85.03999328613281,41.47115707397461,41.226353555120674
39.536,0,37.199668884277344,-16.600482940673828,87.381591796875,-57.61177062988281,-85.02863311767578,41.59962463378906,37.199668884277344,-16.600482940673828,87.381591796875,-57.61177062988281,-85.02863311767578,41.59962463378906,41.226353555120674
39.572,0,37.30175018310547,-16.73175048828125,87.35771942138672,-57.40606689453125,-85.02005004882812,41.43409729003906,37.30175018310547,-16.73175048828125,87.35771942138672,-57.40606689453125,-85.02005004882812,41.43409729003906,41.226353555120674
39.607,0,37.28455352783203,-17.32976722717285,87.50188446044922,-56.78561019897461,-85.02899932861328,41.23512268066406,37.28455352783203,-17.32976722717285,87.50188446044922,-56.78561019897461,-85.02899932861328,41.23512268066406,41.226353555120674
39.638,0,37.18268585205078,-16.612560272216797,87.20692443847656,-57.357139587402344,-85.06449890136719,41.46266555786133,37.18268585205078,-16.612560272216797,87.20692443847656,-57.357139587402344,-85.06449890136719,41.46266555786133,41.226353555120674
39.675,0,37.166114807128906,-16.900236129760742,87.37910461425781,-57.288291931152344,-85.04967498779297,41.57147216796875,37.166114807128906,-16.900236129760742,87.37910461425781,-57.288291931152344,-85.04967498779297,41.57147216796875,41.226353555120674
39.705,0,37.26767349243164,-17.01532745361328,87.35395812988281,-57.07781982421875,-85.03305053710938,41.419189453125,37.26767349243164,-17.01532745361328,87.35395812988281,-57.07781982421875,-85.03305053710938,41.419189453125,41.226353555120674
39.739,0,37.24832534790039,-17.665037155151367,87.50814819335938,-56.41223907470703,-85.04947662353516,41.218528747558594,37.24832534790039,-17.665037155151367,87.50814819335938,-56.41223907470703,-85.04947662353516,41.218528747558594,41.226353555120674
39.781,0,37.16075134277344,-16.967544555664062,87.19135284423828,-56.93848419189453,-85.08358001708984,41.38573455810547,37.16075134277344,-16.967544555664062,87.19135284423828,-56.93848419189453,-85.08358001708984,41.38573455810547,41.226353555120674
39.805,0,37.1816520690918,-17.249073028564453,87.3472900390625,-56.86740493774414,-85.07238006591797,41.48893737792969,37.1816520690918,-17.249073028564453,87.3472900390625,-56.86740493774414,-85.07238006591797,41.48893737792969,41.226353555120674
39.839,0,37.17634201049805,-17.419750213623047,87.31951904296875,-56.561092376708984,-85.05227661132812,41.363258361816406,37.17634201049805,-17.419750213623047,87.31951904296875,-56.561092376708984,-85.05227661132812,41.363258361816406,41.226353555120674
39.880,0,37.178863525390625,-18.01546859741211,87.4638671875,-55.962806701660156,-85.0660400390625,41.152931213378906,37.178863525390625,-18.01546859741211,87.4638671875,-55.962806701660156,-85.0660400390625,41.152931213378906,41.226353555120674
39.906,0,37.094825744628906,-17.417192459106445,87.1670913696289,-56.366424560546875,-85.10028839111328,41.30024337768555,37.094825744628906,-17.417192459106445,87.1670913696289,-56.366424560546875,-85.10028839111328,41.30024337768555,41.226353555120674
39.938,0,37.13295364379883,-17.832857131958008,87.35954284667969,-56.16099166870117,-85.09237670898438,41.397403717041016,37.13295364379883,-17.832857131958008,87.35954284667969,-56.16099166870117,-85.09237670898438,41.397403717041016,41.226353555120674
39.975,0,37.20013427734375,-18.01706886291504,87.28512573242188,-55.80447769165039,-85.07469177246094,41.25132751464844,37.20013427734375,-18.01706886291504,87.28512573242188,-55.80447769165039,-85.07469177246094,41.25132751464844,41.226353555120674
40.006,0,37.20001983642578,-18.650339126586914,87.4540786743164,-55.14916229248047,-85.08943939208984,41.01969909667969,37.20001983642578,-18.650339126586914,87.4540786743164,-55.14916229248047,-85.08943939208984,41.01969909667969,41.226353555120674
40.042,0,37.120094299316406,-18.043567657470703,87.15361785888672,-55.557533264160156,-85.12559509277344,41.18147277832031,37.120094299316406,-18.043567657470703,87.15361785888672,-55.557533264160156,-85.12559509277344,41.18147277832031,41.226353555120674
40.079,0,37.20895004272461,-18.30089569091797,87.32365417480469,-55.48093032836914,-85.09619903564453,41.35063934326172,37.20895004272461,-18.30089569091797,87.32365417480469,-55.48093032836914,-85.09619903564453,41.35063934326172,41.226353555120674
40.106,0,37.272247314453125,-18.451801300048828,87.255859375,-55.149234771728516,-85.07670593261719,41.20981216430664,37.272247314453125,-18.451801300048828,87.255859375,-55.149234771728516,-85.07670593261719,41.20981216430664,41.226353555120674
40.139,0,37.22593307495117,-19.07037353515625,87.41739654541016,-54.50756072998047,-85.07575225830078,40.9696044921875,37.22593307495117,-19.07037353515625,87.41739654541016,-54.50756072998047,-85.07575225830078,40.9696044921875,41.226353555120674
40.177,0,37.125511169433594,-18.52484703063965,87.14199829101562,-54.87127685546875,-85.11015319824219,41.14616394042969,37.125511169433594,-18.52484703063965,87.14199829101562,-54.87127685546875,-85.11015319824219,41.14616394042969,41.226353555120674
40.223,0,37.38544845581055,-19.052703857421875,87.38774871826172,-54.55358123779297,-85.0779037475586,41.25492858886719,37.38544845581055,-19.052703857421875,87.38774871826172,-54.55358123779297,-85.0779037475586,41.25492858886719,41.226353555120674
40.251,0,37.451663970947266,-19.20392608642578,87.32893371582031,-54.238372802734375,-85.04864501953125,41.10435485839844,37.451663970947266,-19.20392608642578,87.32893371582031,-54.238372802734375,-85.04864501953125,41.10435485839844,41.226353555120674
40.285,0,37.41550064086914,-19.819883346557617,87.46964263916016,-53.584861755371094,-85.04779815673828,40.88279342651367,37.41550064086914,-19.819883346557617,87.46964263916016,-53.584861755371094,-85.04779815673828,40.88279342651367,41.226353555120674
40.319,0,37.32557678222656,-19.119768142700195,87.17647552490234,-54.149898529052734,-85.05228424072266,41.053157806396484,37.32557678222656,-19.119768142700195,87.17647552490234,-54.149898529052734,-85.05228424072266,41.053157806396484,41.226353555120674
40.352,0,37.57514953613281,-19.622386932373047,87.39836120605469,-53.86910629272461,-85.03032684326172,41.22119140625,37.57514953613281,-19.622386932373047,87.39836120605469,-53.86910629272461,-85.03032684326172,41.22119140625,41.226353555120674
40.386,0,37.59572219848633,-19.837615966796875,87.39208984375,-53.54569625854492,-85.02368927001953,41.09673309326172,37.59572219848633,-19.837615966796875,87.39208984375,-53.54569625854492,-85.02368927001953,41.09673309326172,41.16112198303979
40.420,0,37.5984001159668,-20.495203018188477,87.586181640625,-52.880897521972656,-85.00850677490234,40.867431640625,37.5984001159668,-20.495203018188477,87.586181640625,-52.880897521972656,-85.00850677490234,40.867431640625,41.226353555120674
40.454,0,37.5418815612793,-19.87114715576172,87.29144287109375,-53.32637405395508,-85.02236938476562,41.04301071166992,37.5418815612793,-19.87114715576172,87.29144287109375,-53.32637405395508,-85.02236938476562,41.04301071166992,41.226353555120674
40.485,0,37.68404769897461,-20.54160499572754,87.61337280273438,-52.91585922241211,-84.99738311767578,41.20494842529297,37.68404769897461,-20.54160499572754,87.61337280273438,-52.91585922241211,-84.99738311767578,41.20494842529297,41.226353555120674
40.518,0,37.6143913269043,-20.29120635986328,87.50624084472656,-53.04084777832031,-84.99286651611328,41.10794448852539,37.6143913269043,-20.29120635986328,87.50624084472656,-53.04084777832031,-84.99286651611328,41.10794448852539,41.226353555120674
40.551,0,37.59772491455078,-20.878908157348633,87.61518859863281,-52.369232177734375,-84.98689270019531,40.882972717285156,37.59772491455078,-20.878908157348633,87.61518859863281,-52.369232177734375,-84.98689270019531,40.882972717285156,41.226353555120674
40.586,0,37.51185989379883,-19.938556671142578,87.2731704711914,-53.19895553588867,-85.00157928466797,41.23223114013672,37.51185989379883,-19.938556671142578,87.2731704711914,-53.19895553588867,-85.00157928466797,41.23223114013672,41.226353555120674
40.619,0,37.67841720581055,-20.419912338256836,87.49346160888672,-52.9112548828125,-84.98072052001953,41.43058776855469,37.67841720581055,-20.419912338256836,87.49346160888672,-52.9112548828125,-84.98072052001953,41.43058776855469,41.16112198303979
40.653,0,37.60811996459961,-20.06878662109375,87.35452270507812,-53.15010070800781,-84.97998809814453,41.35606384277344,37.60811996459961,-20.06878662109375,87.35452270507812,-53.15010070800781,-84.97998809814453,41.35606384277344,41.16112198303979
40.687,0,37.59621810913086,-20.71769905090332,87.47150421142578,-52.430519104003906,-84.98628997802734,41.164249420166016,37.59621810913086,-20.71769905090332,87.47150421142578,-52.430519104003906,-84.98628997802734,41.164249420166016,41.226353555120674
40.719,0,37.501014709472656,-19.717309951782227,87.1043701171875,-53.31618118286133,-84.99051666259766,41.51782989501953,37.501014709472656,-19.717309951782227,87.1043701171875,-53.31618118286133,-84.99051666259766,41.51782989501953,41.226353555120674
40.753,0,37.69679260253906,-20.11467933654785,87.2799072265625,-53.08906555175781,-84.96703338623047,41.68689727783203,37.69679260253906,-20.11467933654785,87.2799072265625,-53.08906555175781,-84.96703338623047,41.68689727783203,41.226353555120674
40.785,0,37.64091491699219,-19.795928955078125,87.1084976196289,-53.26823806762695,-84.96943664550781,41.62378692626953,37.64091491699219,-19.795928955078125,87.1084976196289,-53.26823806762695,-84.96943664550781,41.62378692626953,41.226353555120674
40.820,0,37.633758544921875,-20.382434844970703,87.18363189697266,-52.55150604248047,-84.96294403076172,41.434173583984375,37.633758544921875,-20.382434844970703,87.18363189697266,-52.55150604248047,-84.96294403076172,41.434173583984375,41.226353555120674
40.855,0,37.56972122192383,-19.40005874633789,86.80353546142578,-53.40399169921875,-85.00072479248047,41.79950714111328,37.56972122192383,-19.40005874633789,86.80353546142578,-53.40399169921875,-85.00072479248047,41.79950714111328,41.226353555120674
40.888,0,37.7442512512207,-19.791257858276367,86.99560546875,-53.16773986816406,-84.94075775146484,41.98775100708008,37.7442512512207,-19.791257858276367,86.99560546875,-53.16773986816406,-84.94075775146484,41.98775100708008,41.35681669928245
40.921,0,37.795806884765625,-19.958444595336914,87.0016098022461,-52.942222595214844,-84.97181701660156,41.835880279541016,37.795806884765625,-19.958444595336914,87.0016098022461,-52.942222595214844,-84.97181701660156,41.835880279541016,41.35681669928245
40.955,0,37.80238342285156,-20.605907440185547,87.09906768798828,-52.18875503540039,-84.96504974365234,41.665130615234375,37.80238342285156,-20.605907440185547,87.09906768798828,-52.18875503540039,-84.96504974365234,41.665130615234375,41.55251141552511
40.986,0,37.70869827270508,-19.893173217773438,86.83483123779297,-52.7755012512207,-84.97655487060547,41.764095306396484,37.70869827270508,-19.893173217773438,86.83483123779297,-52.7755012512207,-84.97655487060547,41.764095306396484,41.55251141552511
41.019,0,37.903446197509766,-20.401897430419922,87.02584838867188,-52.42348861694336,-84.92076873779297,41.909793853759766,37.903446197509766,-20.401897430419922,87.02584838867188,-52.42348861694336,-84.92076873779297,41.909793853759766,41.55251141552511
41.054,0,37.9495964050293,-20.776927947998047,87.14338684082031,-52.03841018676758,-84.9302978515625,41.89387512207031,37.9495964050293,-20.776927947998047,87.14338684082031,-52.03841018676758,-84.9302978515625,41.89387512207031,41.55251141552511
41.086,0,37.90980529785156,-21.409364700317383,87.18174743652344,-51.2253303527832,-84.9190444946289,41.696144104003906,37.90980529785156,-21.409364700317383,87.18174743652344,-51.2253303527832,-84.9190444946289,41.696144104003906,41.55251141552511
41.126,0,37.82195281982422,-20.701417922973633,86.95242309570312,-51.85462188720703,-84.93801879882812,41.81610870361328,37.82195281982422,-20.701417922973633,86.95242309570312,-51.85462188720703,-84.93801879882812,41.81610870361328,41.55251141552511
41.153,0,37.71627426147461,-20.708751678466797,86.9219970703125,-51.857234954833984,-84.91927337646484,41.72628402709961,37.71627426147461,-20.708751678466797,86.9219970703125,-51.857234954833984,-84.91927337646484,41.72628402709961,41.55251141552511
41.191,0,37.74378204345703,-21.164472579956055,87.02076721191406,-51.371185302734375,-84.92123413085938,41.6636962890625,37.74378204345703,-21.164472579956055,87.02076721191406,-51.371185302734375,-84.92123413085938,41.6636962890625,41.55251141552511
41.220,0,37.73804473876953,-21.598453521728516,87.29206085205078,-51.13943862915039,-84.89102935791016,41.57612609863281,37.73804473876953,-21.598453521728516,87.29206085205078,-51.13943862915039,-84.89102935791016,41.57612609863281,41.55251141552511
41.255,0,37.63072967529297,-20.81740951538086,87.01837921142578,-51.78363800048828,-84.89559936523438,41.69647216796875,37.63072967529297,-20.81740951538086,87.01837921142578,-51.78363800048828,-84.89559936523438,41.69647216796875,41.55251141552511
41.289,0,37.56838607788086,-19.98378562927246,86.8304672241211,-52.617759704589844,-84.89318084716797,41.86310577392578,37.56838607788086,-19.98378562927246,86.8304672241211,-52.617759704589844,-84.89318084716797,41.86310577392578,41.55251141552511
41.321,0,37.81155776977539,-20.668930053710938,87.00757598876953,-51.93967056274414,-84.87296295166016,41.77825927734375,37.81155776977539,-20.668930053710938,87.00757598876953,-51.93967056274414,-84.87296295166016,41.77825927734375,41.55251141552511
41.354,0,37.81263732910156,-21.144559860229492,87.28018951416016,-51.617958068847656,-84.84835815429688,41.68132019042969,37.81263732910156,-21.144559860229492,87.28018951416016,-51.617958068847656,-84.84835815429688,41.68132019042969,41.55251141552511
41.389,0,37.73462677001953,-20.372844696044922,86.97482299804688,-52.19548797607422,-84.85581970214844,41.77821731567383,37.73462677001953,-20.372844696044922,86.97482299804688,-52.19548797607422,-84.85581970214844,41.77821731567383,41.55251141552511
41.425,0,37.69185256958008,-19.60919189453125,86.77873992919922,-52.937095642089844,-84.85183715820312,42.00519561767578,37.69185256958008,-19.60919189453125,86.77873992919922,-52.937095642089844,-84.85183715820312,42.00519561767578,41.55251141552511
41.457,0,37.8275146484375,-19.99665641784668,86.77059936523438,-52.40092086791992,-84.88182067871094,41.85694122314453,37.8275146484375,-19.99665641784668,86.77059936523438,-52.40092086791992,-84.88182067871094,41.85694122314453,41.55251141552511
41.487,0,37.81217575073242,-20.63683319091797,87.10128021240234,-51.865577697753906,-84.87254333496094,41.81682586669922,37.81217575073242,-20.63683319091797,87.10128021240234,-51.865577697753906,-84.87254333496094,41.81682586669922,41.55251141552511
41.524,0,37.718345642089844,-19.68962287902832,86.85198974609375,-52.79111862182617,-84.8691177368164,42.05442810058594,37.718345642089844,-19.68962287902832,86.85198974609375,-52.79111862182617,-84.8691177368164,42.05442810058594,41.55251141552511
41.555,0,37.67461395263672,-18.94529151916504,86.69185638427734,-53.52281951904297,-84.87088775634766,42.2772216796875,37.67461395263672,-18.94529151916504,86.69185638427734,-53.52281951904297,-84.87088775634766,42.2772216796875,41.55251141552511
41.597,0,37.93425369262695,-19.75940704345703,86.85385131835938,-52.70945739746094,-84.8924789428711,42.18872833251953,37.93425369262695,-19.75940704345703,86.85385131835938,-52.70945739746094,-84.8924789428711,42.18872833251953,41.55251141552511
41.626,0,37.861228942871094,-20.1302547454834,86.90082550048828,-52.16633605957031,-84.88085174560547,42.16413116455078,37.861228942871094,-20.1302547454834,86.90082550048828,-52.16633605957031,-84.88085174560547,42.16413116455078,41.68297455968688
41.662,0,37.833770751953125,-19.696687698364258,86.81963348388672,-52.622779846191406,-84.87741088867188,42.197845458984375,37.833770751953125,-19.696687698364258,86.81963348388672,-52.622779846191406,-84.87741088867188,42.197845458984375,41.81343770384866
41.690,0,37.81032943725586,-19.354581832885742,86.83080291748047,-53.119712829589844,-84.87144470214844,42.132415771484375,37.81032943725586,-19.354581832885742,86.83080291748047,-53.119712829589844,-84.87144470214844,42.132415771484375,41.878669275929546
41.725,0,38.01655197143555,-20.189495086669922,87.08488464355469,-52.3150634765625,-84.87516021728516,42.15940856933594,38.01655197143555,-20.189495086669922,87.08488464355469,-52.3150634765625,-84.87516021728516,42.15940856933594,41.878669275929546
41.761,0,37.99658203125,-20.7435302734375,87.16754913330078,-51.5802116394043,-84.86356353759766,42.10609436035156,37.99658203125,-20.7435302734375,87.16754913330078,-51.5802116394043,-84.86356353759766,42.10609436035156,41.878669275929546
41.790,0,37.95054244995117,-20.38409996032715,87.11119079589844,-51.98707580566406,-84.85611724853516,42.14888381958008,37.95054244995117,-20.38409996032715,87.11119079589844,-51.98707580566406,-84.85611724853516,42.14888381958008,41.878669275929546
41.821,0,37.9070930480957,-20.036453247070312,87.12799835205078,-52.511260986328125,-84.83959197998047,42.11634826660156,37.9070930480957,-20.036453247070312,87.12799835205078,-52.511260986328125,-84.83959197998047,42.11634826660156,41.878669275929546
41.856,0,38.14271926879883,-20.825977325439453,87.37313079833984,-51.772193908691406,-84.85816192626953,42.11262512207031,38.14271926879883,-20.825977325439453,87.37313079833984,-51.772193908691406,-84.85816192626953,42.11262512207031,41.878669275929546
41.891,0,38.09790802001953,-21.431488037109375,87.5636215209961,-51.212791442871094,-84.84828186035156,42.008331298828125,38.09790802001953,-21.431488037109375,87.5636215209961,-51.212791442871094,-84.84828186035156,42.008331298828125,41.878669275929546
41.920,0,38.08930587768555,-21.228500366210938,87.53370666503906,-51.5108528137207,-84.86282348632812,42.066993713378906,38.08930587768555,-21.228500366210938,87.53370666503906,-51.5108528137207,-84.86282348632812,42.066993713378906,41.878669275929546
41.961,0,38.0146598815918,-21.0320987701416,87.64328002929688,-51.96314239501953,-84.85047149658203,42.045989990234375,38.0146598815918,-21.0320987701416,87.64328002929688,-51.96314239501953,-84.85047149658203,42.045989990234375,41.878669275929546
41.991,0,38.004417419433594,-21.341094970703125,87.63353729248047,-51.49439239501953,-84.86800384521484,41.94205093383789,38.004417419433594,-21.341094970703125,87.63353729248047,-51.49439239501953,-84.86800384521484,41.94205093383789,41.878669275929546
42.032,0,37.95091247558594,-21.807178497314453,87.78543090820312,-51.04548645019531,-84.86671447753906,41.8353271484375,37.95091247558594,-21.807178497314453,87.78543090820312,-51.04548645019531,-84.86671447753906,41.8353271484375,41.878669275929546
42.055,0,37.97567367553711,-20.999786376953125,87.54724884033203,-51.8306999206543,-84.88831329345703,41.98316955566406,37.97567367553711,-20.999786376953125,87.54724884033203,-51.8306999206543,-84.88831329345703,41.98316955566406,41.878669275929546
42.094,0,37.914981842041016,-20.792585372924805,87.6438217163086,-52.29556655883789,-84.87089538574219,41.96172332763672,37.914981842041016,-20.792585372924805,87.6438217163086,-52.29556655883789,-84.87089538574219,41.96172332763672,41.878669275929546
42.137,0,37.89830017089844,-21.019481658935547,87.62460327148438,-51.918392181396484,-84.88343048095703,41.850425720214844,37.89830017089844,-21.019481658935547,87.62460327148438,-51.918392181396484,-84.88343048095703,41.850425720214844,41.878669275929546
42.163,0,37.90789794921875,-21.60870361328125,87.7516098022461,-51.26973342895508,-84.89686584472656,41.71121597290039,37.90789794921875,-21.60870361328125,87.7516098022461,-51.26973342895508,-84.89686584472656,41.71121597290039,41.878669275929546
42.198,0,37.94822311401367,-20.869537353515625,87.5273666381836,-51.994606018066406,-84.90625762939453,41.86225128173828,37.94822311401367,-20.869537353515625,87.5273666381836,-51.994606018066406,-84.90625762939453,41.86225128173828,41.878669275929546
42.232,0,37.897369384765625,-20.670074462890625,87.6455078125,-52.472869873046875,-84.88555145263672,41.81602478027344,37.897369384765625,-20.670074462890625,87.6455078125,-52.472869873046875,-84.88555145263672,41.81602478027344,41.878669275929546
42.265,0,37.883155822753906,-20.887340545654297,87.61953735351562,-52.12005615234375,-84.89226531982422,41.72043991088867,37.883155822753906,-20.887340545654297,87.61953735351562,-52.12005615234375,-84.89226531982422,41.72043991088867,41.878669275929546
42.299,0,37.901309967041016,-21.48571014404297,87.74357604980469,-51.44274139404297,-84.90232849121094,41.576995849609375,37.901309967041016,-21.48571014404297,87.74357604980469,-51.44274139404297,-84.90232849121094,41.576995849609375,41.878669275929546
42.332,0,37.9517822265625,-20.810747146606445,87.551025390625,-52.13330078125,-84.91605377197266,41.71906280517578,37.9517822265625,-20.810747146606445,87.551025390625,-52.13330078125,-84.91605377197266,41.71906280517578,41.878669275929546
42.366,0,37.88737487792969,-20.673114776611328,87.70372009277344,-52.54762268066406,-84.89952850341797,41.61994171142578,37.88737487792969,-20.673114776611328,87.70372009277344,-52.54762268066406,-84.89952850341797,41.61994171142578,41.878669275929546
42.401,0,37.87569808959961,-20.873077392578125,87.67744445800781,-52.196678161621094,-84.90901947021484,41.528663635253906,37.87569808959961,-20.873077392578125,87.67744445800781,-52.196678161621094,-84.90901947021484,41.528663635253906,41.81343770384866
42.433,0,37.89237976074219,-21.500898361206055,87.81912231445312,-51.487464904785156,-84.91092681884766,41.43310546875,37.89237976074219,-21.500898361206055,87.81912231445312,-51.487464904785156,-84.91092681884766,41.43310546875,41.81343770384866
42.472,0,38.002235412597656,-20.91161346435547,87.69992065429688,-52.14027404785156,-84.92214965820312,41.55546569824219,38.002235412597656,-20.91161346435547,87.69992065429688,-52.14027404785156,-84.92214965820312,41.55546569824219,41.81343770384866
42.500,0,37.90626907348633,-20.77801513671875,87.8388442993164,-52.49769592285156,-84.8914566040039,41.68467712402344,37.90626907348633,-20.77801513671875,87.8388442993164,-52.49769592285156,-84.8914566040039,41.68467712402344,41.81343770384866
42.532,0,37.921485900878906,-20.924409866333008,87.78034973144531,-52.178932189941406,-84.910888671875,41.5615348815918,37.921485900878906,-20.924409866333008,87.78034973144531,-52.178932189941406,-84.910888671875,41.5615348815918,41.81343770384866
42.570,0,37.92142105102539,-21.569711685180664,87.92019653320312,-51.47041320800781,-84.92093658447266,41.38392639160156,37.92142105102539,-21.569711685180664,87.92019653320312,-51.47041320800781,-84.92093658447266,41.38392639160156,41.81343770384866
42.601,0,38.066261291503906,-20.842636108398438,87.75895690917969,-52.26734161376953,-84.93241119384766,41.499271392822266,38.066261291503906,-20.842636108398438,87.75895690917969,-52.26734161376953,-84.93241119384766,41.499271392822266,41.81343770384866
42.634,0,37.96719741821289,-20.88530158996582,87.96334838867188,-52.47010803222656,-84.88249969482422,41.522918701171875,37.96719741821289,-20.88530158996582,87.96334838867188,-52.47010803222656,-84.88249969482422,41.522918701171875,41.81343770384866
42.668,0,37.99187088012695,-21.083419799804688,87.92720031738281,-52.132080078125,-84.91609191894531,41.37523651123047,37.99187088012695,-21.083419799804688,87.92720031738281,-52.132080078125,-84.91609191894531,41.37523651123047,41.81343770384866
42.702,0,38.00478744506836,-21.682762145996094,88.02906799316406,-51.42903137207031,-84.9204330444336,41.21113204956055,38.00478744506836,-21.682762145996094,88.02906799316406,-51.42903137207031,-84.9204330444336,41.21113204956055,41.81343770384866
42.735,0,38.15800857543945,-21.001150131225586,87.88642883300781,-52.19396209716797,-84.94219970703125,41.32616424560547,38.15800857543945,-21.001150131225586,87.88642883300781,-52.19396209716797,-84.94219970703125,41.32616424560547,41.81343770384866
42.773,0,38.071388244628906,-21.086397171020508,88.09941864013672,-52.39227294921875,-84.90630340576172,41.356998443603516,38.071388244628906,-21.086397171020508,88.09941864013672,-52.39227294921875,-84.90630340576172,41.356998443603516,41.617742987606
42.803,0,38.19044494628906,-21.31658172607422,88.04904174804688,-51.998619079589844,-84.94457244873047,41.18552017211914,38.19044494628906,-21.31658172607422,88.04904174804688,-51.998619079589844,-84.94457244873047,41.18552017211914,41.55251141552511
42.834,0,38.20747375488281,-21.968732833862305,88.15394592285156,-51.25306701660156,-84.95819091796875,41.0166015625,38.20747375488281,-21.968732833862305,88.15394592285156,-51.25306701660156,-84.95819091796875,41.0166015625,41.48727984344423
42.869,0,38.106361389160156,-21.23491096496582,87.8061294555664,-51.77088928222656,-84.97683715820312,41.162811279296875,38.106361389160156,-21.23491096496582,87.8061294555664,-51.77088928222656,-84.97683715820312,41.162811279296875,41.48727984344423
42.913,0,38.006629943847656,-21.289955139160156,87.98796081542969,-51.964813232421875,-84.94172668457031,41.21171188354492,38.006629943847656,-21.289955139160156,87.98796081542969,-51.964813232421875,-84.94172668457031,41.21171188354492,41.42204827136334
42.937,0,38.04967498779297,-21.461538314819336,87.94278717041016,-51.66476058959961,-84.96444702148438,41.047607421875,38.04967498779297,-21.461538314819336,87.94278717041016,-51.66476058959961,-84.96444702148438,41.047607421875,41.35681669928245
42.978,0,38.06385803222656,-22.119630813598633,88.00946807861328,-50.89369201660156,-84.99674224853516,40.90351104736328,38.06385803222656,-22.119630813598633,88.00946807861328,-50.89369201660156,-84.99674224853516,40.90351104736328,41.35681669928245
43.001,0,37.986637115478516,-21.375728607177734,87.6252212524414,-51.37571716308594,-85.01078796386719,41.016448974609375,37.986637115478516,-21.375728607177734,87.6252212524414,-51.37571716308594,-85.01078796386719,41.016448974609375,41.35681669928245
43.037,0,37.881675720214844,-21.57002067565918,87.82423400878906,-51.41938018798828,-84.97547149658203,41.03694152832031,37.881675720214844,-21.57002067565918,87.82423400878906,-51.41938018798828,-84.97547149658203,41.03694152832031,41.35681669928245
43.079,0,37.97697448730469,-21.53621482849121,87.7320785522461,-51.35459518432617,-84.99677276611328,40.99047088623047,37.97697448730469,-21.53621482849121,87.7320785522461,-51.35459518432617,-84.99677276611328,40.99047088623047,41.35681669928245
43.106,0,37.99608612060547,-22.185688018798828,87.77507019042969,-50.579124450683594,-85.03435516357422,40.81372833251953,37.99608612060547,-22.185688018798828,87.77507019042969,-50.579124450683594,-85.03435516357422,40.81372833251953,41.35681669928245
