t_s,episode,target.shoulder_pan.pos,target.shoulder_lift.pos,target.elbow_flex.pos,target.wrist_flex.pos,target.wrist_roll.pos,target.gripper.pos,sent.shoulder_pan.pos,sent.shoulder_lift.pos,sent.elbow_flex.pos,sent.wrist_flex.pos,sent.wrist_roll.pos,sent.gripper.pos,gripper_actual
0.225,0,-5.996081352233887,-100.97190856933594,94.33721160888672,55.488304138183594,-13.309524536132812,0.03165626525878906,-5.996081352233887,-100.97190856933594,94.33721160888672,68.31868131868131,-13.309524536132812,0.03165626525878906,2.8701891715590344
0.255,0,-5.568274974822998,-100.83895874023438,94.40306091308594,55.643470764160156,-12.738624572753906,0.14204788208007812,-5.568274974822998,-100.83895874023438,94.40306091308594,68.31868131868131,-12.738624572753906,0.14204788208007812,2.8701891715590344
0.291,0,-5.62805700302124,-100.78845977783203,94.34803771972656,56.147865295410156,-13.623397827148438,0.16394615173339844,-5.62805700302124,-100.78845977783203,94.34803771972656,67.7032967032967,-13.623397827148438,0.16394615173339844,2.8701891715590344
0.321,0,-6.064931869506836,-100.73776245117188,94.43043518066406,55.361412048339844,-14.806419372558594,0.10362625122070312,-6.064931869506836,-100.73776245117188,94.43043518066406,66.12087912087912,-14.806419372558594,0.10362625122070312,2.4135681669928246
0.356,0,-5.833703517913818,-100.70167541503906,94.44320678710938,55.74346160888672,-14.955497741699219,0.1508007049560547,-5.833703517913818,-100.70167541503906,94.44320678710938,64.62637362637362,-14.955497741699219,0.1508007049560547,1.5655577299412915
0.395,0,-5.869990348815918,-100.69902801513672,94.41869354248047,56.16496276855469,-14.969215393066406,0.1835765838623047,-5.869990348815918,-100.69902801513672,94.41869354248047,63.21978021978022,-14.969215393066406,0.1835765838623047,1.304631441617743
0.431,0,-5.951953411102295,-100.697509765625,94.41810607910156,56.42808532714844,-15.109077453613281,0.22763824462890625,-5.951953411102295,-100.697509765625,94.41810607910156,61.72527472527473,-15.109077453613281,0.22763824462890625,1.2393998695368558
0.462,0,-6.373376846313477,-100.6891098022461,94.52252960205078,55.87615966796875,-16.282630920410156,0.24918365478515625,-6.373376846313477,-100.6891098022461,94.52252960205078,60.58241758241758,-16.282630920410156,0.24918365478515625,1.2393998695368558
0.495,0,-6.29837703704834,-100.63276672363281,94.60702514648438,55.502105712890625,-16.84247589111328,0.26403236389160156,-6.29837703704834,-100.63276672363281,94.60702514648438,59.175824175824175,-16.84247589111328,0.26403236389160156,1.2393998695368558
0.532,0,-6.404138565063477,-100.61885070800781,94.66426849365234,55.27918243408203,-17.35375213623047,0.28450965881347656,-6.404138565063477,-100.61885070800781,94.66426849365234,57.76923076923077,-17.35375213623047,0.28450965881347656,1.2393998695368558
0.563,0,-6.503113746643066,-100.5831527709961,94.73587036132812,54.91477966308594,-18.07659912109375,0.29738426208496094,-6.503113746643066,-100.5831527709961,94.73587036132812,56.62637362637363,-18.07659912109375,0.29738426208496094,1.2393998695368558
0.598,0,-6.747398376464844,-100.5562973022461,94.82023620605469,54.394309997558594,-18.971336364746094,0.3108634948730469,-6.747398376464844,-100.5562973022461,94.82023620605469,55.13186813186813,-18.971336364746094,0.3108634948730469,1.2393998695368558
0.628,0,-6.8495893478393555,-100.5210952758789,94.87739562988281,53.877906799316406,-19.899795532226562,0.3151130676269531,-6.8495893478393555,-100.5210952758789,94.87739562988281,53.989010989010985,-19.899795532226562,0.3151130676269531,1.2393998695368558
0.667,0,-6.9369659423828125,-100.49353790283203,94.9331283569336,53.404266357421875,-20.816696166992188,0.3196754455566406,-6.9369659423828125,-100.49353790283203,94.9331283569336,53.404266357421875,-20.816696166992188,0.3196754455566406,1.2393998695368558
0.700,0,-7.213861465454102,-100.451416015625,95.07381439208984,52.413848876953125,-22.267436981201172,0.3314361572265625,-7.213861465454102,-100.451416015625,95.07381439208984,52.413848876953125,-22.267436981201172,0.3314361572265625,1.2393998695368558
0.732,0,-7.2820234298706055,-100.41260528564453,95.18167114257812,51.634605407714844,-23.457714080810547,0.3293724060058594,-7.2820234298706055,-100.41260528564453,95.18167114257812,51.634605407714844,-23.457714080810547,0.3293724060058594,1.2393998695368558
0.763,0,-7.402596950531006,-100.35423278808594,95.28555297851562,50.77765655517578,-24.91253662109375,0.32312774658203125,-7.402596950531006,-100.35423278808594,95.28555297851562,50.77765655517578,-24.91253662109375,0.32312774658203125,1.2393998695368558
0.793,0,-7.533637046813965,-100.32746887207031,95.37057495117188,50.128570556640625,-25.97132110595703,0.3393058776855469,-7.533637046813965,-100.32746887207031,95.37057495117188,50.128570556640625,-25.97132110595703,0.3393058776855469,1.2393998695368558
0.827,0,-7.8083600997924805,-100.31572723388672,95.49887084960938,49.250640869140625,-27.454814910888672,0.3630561828613281,-7.8083600997924805,-100.31572723388672,95.49887084960938,49.250640869140625,-27.454814910888672,0.3630561828613281,1.2393998695368558
0.861,0,-7.936762809753418,-100.29275512695312,95.62181091308594,48.31787109375,-28.92717742919922,0.4097023010253906,-7.936762809753418,-100.29275512695312,95.62181091308594,48.31787109375,-28.92717742919922,0.4097023010253906,1.2393998695368558
0.894,0,-8.061846733093262,-100.28988647460938,95.7375717163086,47.48719024658203,-30.280677795410156,0.4490070343017578,-8.061846733093262,-100.28988647460938,95.7375717163086,47.48719024658203,-30.280677795410156,0.4490070343017578,1.2393998695368558
0.928,0,-8.233785629272461,-100.27519226074219,95.84587097167969,46.641319274902344,-31.705394744873047,0.4972667694091797,-8.233785629272461,-100.27519226074219,95.84587097167969,46.641319274902344,-31.705394744873047,0.4972667694091797,1.2393998695368558
0.962,0,-8.41303539276123,-100.28530883789062,95.96724700927734,45.78168487548828,-33.290985107421875,0.6112136840820312,-8.41303539276123,-100.28530883789062,95.96724700927734,45.78168487548828,-33.290985107421875,0.6112136840820312,1.2393998695368558
0.995,0,-8.481424331665039,-100.28202056884766,96.05741882324219,44.92565155029297,-34.98360061645508,0.7923870086669922,-8.481424331665039,-100.28202056884766,96.05741882324219,44.92565155029297,-34.98360061645508,0.7923870086669922,1.2393998695368558
1.029,0,-8.555134773254395,-100.27603149414062,96.1463851928711,44.12318420410156,-36.49580764770508,0.9226722717285156,-8.555134773254395,-100.27603149414062,96.1463851928711,44.12318420410156,-36.49580764770508,0.9226722717285156,1.2393998695368558
1.062,0,-8.66496467590332,-100.30811309814453,96.23912048339844,43.26068878173828,-38.29261779785156,1.0811824798583984,-8.66496467590332,-100.30811309814453,96.23912048339844,43.26068878173828,-38.18681318681319,1.0811824798583984,1.2393998695368558
1.096,0,-8.767866134643555,-100.34520721435547,96.30398559570312,42.46385192871094,-40.00959014892578,1.2901153564453125,-8.767866134643555,-100.34520721435547,96.30398559570312,42.46385192871094,-39.68131868131868,1.2901153564453125,1.2393998695368558
1.132,0,-8.768495559692383,-100.35433959960938,96.3607406616211,41.772705078125,-41.503173828125,1.4771442413330078,-8.768495559692383,-100.35433959960938,96.3607406616211,41.772705078125,-41.35164835164835,1.4771442413330078,1.2393998695368558
1.165,0,-8.821858406066895,-100.42294311523438,96.4227523803711,41.04612731933594,-43.05482864379883,1.6712818145751953,-8.821858406066895,-100.42294311523438,96.4227523803711,41.04612731933594,-42.84615384615385,1.6712818145751953,1.2393998695368558
1.198,0,-8.835521697998047,-100.46206665039062,96.48858642578125,40.27558135986328,-44.786415100097656,1.8396587371826172,-8.835521697998047,-100.46206665039062,96.48858642578125,40.27558135986328,-44.34065934065934,1.8396587371826172,1.2393998695368558
1.231,0,-8.850253105163574,-100.50796508789062,96.54576110839844,39.57109069824219,-46.39662551879883,2.0567188262939453,-8.850253105163574,-100.50796508789062,96.54576110839844,39.57109069824219,-45.92307692307692,2.0567188262939453,1.304631441617743
1.264,0,-8.795256614685059,-100.55599212646484,96.5868148803711,38.868934631347656,-47.98920440673828,2.282703399658203,-8.795256614685059,-100.55599212646484,96.5868148803711,38.868934631347656,-47.505494505494504,2.282703399658203,1.4350945857795172
1.298,0,-8.828990936279297,-100.59172058105469,96.62884521484375,38.08782196044922,-49.698970794677734,2.536304473876953,-8.828990936279297,-100.59172058105469,96.62884521484375,38.08782196044922,-49.08791208791209,2.536304473876953,1.5655577299412915
1.331,0,-8.81976318359375,-100.6456298828125,96.66630554199219,37.28662109375,-51.551109313964844,2.8083229064941406,-8.81976318359375,-100.6456298828125,96.66630554199219,37.28662109375,-50.67032967032967,2.8083229064941406,1.6960208741030658
1.365,0,-8.8251371383667,-100.69341278076172,96.69430541992188,36.57405090332031,-53.20716094970703,3.057270050048828,-8.8251371383667,-100.69341278076172,96.69430541992188,36.57405090332031,-52.16483516483517,3.057270050048828,1.82648401826484
1.398,0,-8.764850616455078,-100.78135681152344,96.73043823242188,35.852272033691406,-54.93437194824219,3.4978294372558594,-8.764850616455078,-100.78135681152344,96.73043823242188,35.852272033691406,-53.65934065934066,3.4978294372558594,2.0874103065883887
1.432,0,-8.68145751953125,-100.81761169433594,96.76123046875,35.162147521972656,-56.528907775878906,3.8323707580566406,-8.68145751953125,-100.81761169433594,96.76123046875,35.162147521972656,-55.24175824175824,3.8323707580566406,2.3483365949119372
1.475,0,-8.61942195892334,-100.88803100585938,96.78527069091797,34.36021423339844,-58.30216979980469,4.367315292358398,-8.61942195892334,-100.88803100585938,96.78527069091797,34.36021423339844,-57.26373626373626,4.367315292358398,2.674494455316373
1.504,0,-8.529894828796387,-100.91022491455078,96.8003921508789,33.60528564453125,-59.88835144042969,4.886165618896484,-8.529894828796387,-100.91022491455078,96.8003921508789,33.60528564453125,-58.40659340659341,4.886165618896484,3.0658838878016956
1.537,0,-8.373184204101562,-100.94479370117188,96.82368469238281,32.83167266845703,-61.57091522216797,5.589666366577148,-8.373184204101562,-100.94479370117188,96.82368469238281,32.83167266845703,-59.72527472527472,5.589666366577148,3.326810176125244
1.570,0,-8.239078521728516,-100.94757843017578,96.83180236816406,32.05305099487305,-63.160831451416016,6.28935432434082,-8.239078521728516,-100.94757843017578,96.83180236816406,32.05305099487305,-61.395604395604394,6.28935432434082,3.7834311806914545
1.603,0,-8.088515281677246,-100.92897033691406,96.84181213378906,31.238937377929688,-64.76484680175781,7.115987777709961,-8.088515281677246,-100.92897033691406,96.84181213378906,31.238937377929688,-62.8021978021978,7.115987777709961,4.305283757338552
1.637,0,-7.9261579513549805,-100.861083984375,96.84603118896484,30.414363861083984,-66.31340026855469,8.072253227233887,-7.9261579513549805,-100.861083984375,96.84603118896484,30.414363861083984,-64.2967032967033,8.072253227233887,4.957599478147423
1.671,0,-7.741215705871582,-100.89434814453125,96.85081481933594,29.660663604736328,-67.72267150878906,9.08774471282959,-7.741215705871582,-100.89434814453125,96.85081481933594,29.660663604736328,-65.96703296703296,9.08774471282959,5.544683626875408
1.705,0,-7.51198148727417,-100.74966430664062,96.82633972167969,28.722835540771484,-69.18220520019531,10.285748481750488,-7.51198148727417,-100.74966430664062,96.82633972167969,28.722835540771484,-67.46153846153845,10.285748481750488,6.327462491846053
1.739,0,-7.269883155822754,-100.63567352294922,96.8154525756836,27.86712646484375,-70.51021575927734,11.497552871704102,-7.269883155822754,-100.63567352294922,96.8154525756836,27.86712646484375,-69.13186813186813,11.497552871704102,7.175472928897586
1.772,0,-7.0317535400390625,-100.5956039428711,96.80747985839844,27.091415405273438,-71.729736328125,12.716418266296387,-7.0317535400390625,-100.5956039428711,96.80747985839844,27.091415405273438,-70.62637362637362,12.716418266296387,8.088714938030005
1.805,0,-6.752472877502441,-100.3945541381836,96.79664611816406,26.229351043701172,-72.80500793457031,14.011382102966309,-6.752472877502441,-100.3945541381836,96.79664611816406,26.229351043701172,-72.12087912087912,14.011382102966309,9.067188519243313
1.840,0,-6.468025207519531,-100.30606842041016,96.7969741821289,25.45926284790039,-73.76730346679688,15.28978157043457,-6.468025207519531,-100.30606842041016,96.7969741821289,25.45926284790039,-73.76730346679688,15.28978157043457,10.241356816699282
1.868,0,-6.109902858734131,-100.12869262695312,96.78215026855469,24.704082489013672,-74.63664245605469,16.537029266357422,-6.109902858734131,-100.12869262695312,96.78215026855469,24.704082489013672,-74.63664245605469,16.537029266357422,11.415525114155251
1.902,0,-5.829871654510498,-99.97967529296875,96.79934692382812,23.975341796875,-75.35095977783203,17.76487159729004,-5.829871654510498,-99.97967529296875,96.79934692382812,23.975341796875,-75.35095977783203,17.76487159729004,12.589693411611218
1.940,0,-5.497863292694092,-99.65290832519531,96.78555297851562,23.15209197998047,-75.98900604248047,19.00717544555664,-5.497863292694092,-99.65290832519531,96.78555297851562,23.15209197998047,-75.98900604248047,19.00717544555664,13.959556425309849
1.969,0,-5.180558681488037,-99.32373046875,96.77713012695312,22.27710723876953,-76.54814147949219,20.19816017150879,-5.180558681488037,-99.32373046875,96.77713012695312,22.27710723876953,-76.54814147949219,20.19816017150879,15.198956294846704
2.004,0,-4.785964012145996,-98.95992279052734,96.77136993408203,21.442523956298828,-77.06529998779297,21.410348892211914,-4.785964012145996,-98.95992279052734,96.77136993408203,21.442523956298828,-77.06529998779297,21.410348892211914,16.307893020221787
2.035,0,-4.45890474319458,-98.42401885986328,96.7535171508789,20.525798797607422,-77.54229736328125,22.480728149414062,-4.45890474319458,-98.42401885986328,96.7535171508789,20.525798797607422,-77.54229736328125,22.480728149414062,17.54729288975864
2.070,0,-4.139474391937256,-97.93771362304688,96.75447845458984,19.610153198242188,-77.9630355834961,23.602336883544922,-4.139474391937256,-97.93771362304688,96.75447845458984,19.610153198242188,-77.9630355834961,23.602336883544922,18.786692759295498
2.103,0,-3.7846436500549316,-97.31033325195312,96.75493621826172,18.596240997314453,-78.34320831298828,24.518718719482422,-3.7846436500549316,-97.31033325195312,96.75493621826172,18.596240997314453,-78.34320831298828,24.518718719482422,20.091324200913242
2.136,0,-3.39333438873291,-96.54576873779297,96.7373275756836,17.456485748291016,-78.7148208618164,25.584613800048828,-3.39333438873291,-96.54576873779297,96.7373275756836,17.456485748291016,-78.7148208618164,25.584613800048828,21.135029354207436
2.170,0,-3.1093058586120605,-95.5344467163086,96.67675018310547,16.152469635009766,-79.09107208251953,26.58401107788086,-3.1093058586120605,-95.5344467163086,96.67675018310547,16.152469635009766,-79.09107208251953,26.58401107788086,22.309197651663403
2.204,0,-2.756333827972412,-94.49047088623047,96.62779235839844,14.809944152832031,-79.462890625,27.51837730407715,-2.756333827972412,-94.49047088623047,96.62779235839844,14.809944152832031,-79.462890625,27.51837730407715,23.352902804957598
2.238,0,-2.503723621368408,-93.44104766845703,96.59693145751953,13.517566680908203,-79.78949737548828,28.385414123535156,-2.503723621368408,-93.44104766845703,96.59693145751953,13.517566680908203,-79.78949737548828,28.385414123535156,24.46183953033268
2.273,0,-2.1719183921813965,-92.1467514038086,96.51132202148438,12.037132263183594,-80.12527465820312,29.227779388427734,-2.1719183921813965,-92.1467514038086,96.51132202148438,12.037132263183594,-80.12527465820312,29.227779388427734,25.440313111545986
2.311,0,-1.914855718612671,-90.73766326904297,96.40554809570312,10.46554183959961,-80.4401626586914,30.047584533691406,-1.914855718612671,-90.73766326904297,96.40554809570312,10.472527472527473,-80.4401626586914,30.047584533691406,26.418786692759294
2.340,0,-1.6249620914459229,-89.17042541503906,96.28475952148438,8.788093566894531,-80.747314453125,30.8072509765625,-1.6249620914459229,-89.17042541503906,96.28475952148438,9.505494505494505,-80.747314453125,30.8072509765625,27.266797129810826
2.374,0,-1.4155442714691162,-87.5151596069336,96.11707305908203,7.114227294921875,-81.06817626953125,31.521156311035156,-1.4155442714691162,-87.5151596069336,96.11707305908203,8.010989010989011,-81.06817626953125,31.521156311035156,28.180039138943247
2.408,0,-1.179020881652832,-85.79837799072266,95.94800567626953,5.337070465087891,-81.3660888671875,32.20185470581055,-1.179020881652832,-85.85714285714286,95.94800567626953,6.780219780219781,-81.3660888671875,32.20185470581055,29.02804957599478
2.442,0,-0.9600478410720825,-83.98021697998047,95.71890258789062,3.5460891723632812,-81.65866088867188,32.87871551513672,-0.9600478410720825,-84.27472527472527,95.71890258789062,5.461538461538462,-81.65866088867188,32.87871551513672,29.810828440965427
2.476,0,-0.7460145354270935,-82.1654281616211,95.4913330078125,1.8204364776611328,-81.92347717285156,33.470855712890625,-0.7460145354270935,-82.6923076923077,95.4913330078125,4.054945054945055,-81.92347717285156,33.470855712890625,30.59360730593607
2.510,0,-0.5774765014648438,-80.40283203125,95.25226593017578,0.15959930419921875,-82.19584655761719,34.00429153442383,-0.5774765014648438,-81.10989010989012,95.25226593017578,2.6483516483516487,-82.19584655761719,34.00429153442383,31.31115459882583
2.542,0,-0.3808451294898987,-78.69862365722656,94.96560668945312,-1.399261474609375,-82.42871856689453,34.530372619628906,-0.3808451294898987,-79.61538461538461,94.96560668945312,1.4175824175824179,-82.42871856689453,34.530372619628906,31.963470319634702
2.575,0,-0.24163943529129028,-76.73876953125,94.64869689941406,-3.1490840911865234,-82.66919708251953,35.03399658203125,-0.24163943529129028,-78.12087912087912,94.64869689941406,0.01098901098901095,-82.66919708251953,35.03399658203125,32.615786040443574
2.607,0,-0.07769489288330078,-74.7833480834961,94.28781127929688,-4.841098785400391,-82.90833282470703,35.50703811645508,-0.07769489288330078,-76.62637362637362,94.28781127929688,-1.2197802197802199,-82.90833282470703,35.50703811645508,33.202870189171556
2.640,0,0.04729020595550537,-72.83757781982422,93.95238494873047,-6.538835525512695,-83.15155792236328,35.944908142089844,0.04729020595550537,-75.13186813186813,93.95238494873047,-2.5384615384615383,-83.15155792236328,35.944908142089844,33.789954337899545
2.674,0,0.15504682064056396,-70.84994506835938,93.55537414550781,-8.25416374206543,-83.36813354492188,36.38252258300781,0.15504682064056396,-73.54945054945055,93.55537414550781,-3.9450549450549453,-83.36813354492188,36.38252258300781,34.31180691454664
2.707,0,0.28905999660491943,-68.929443359375,93.20187377929688,-9.83414077758789,-83.58232879638672,36.78172302246094,0.28905999660491943,-71.96703296703296,93.20187377929688,-5.263736263736264,-83.58232879638672,36.78172302246094,34.833659491193735
2.741,0,0.4151172637939453,-67.07913970947266,92.818603515625,-11.380521774291992,-83.77835083007812,37.155792236328125,0.41511726379394526,-70.38461538461539,92.818603515625,-6.670329670329671,-83.77835083007812,37.155792236328125,35.355512067840834
2.775,0,0.4997901916503906,-64.9321517944336,92.37934112548828,-13.141153335571289,-83.98995208740234,37.5602912902832,0.4997901916503906,-68.89010989010988,92.37934112548828,-7.989010989010989,-83.98995208740234,37.5602912902832,35.81213307240704
2.810,0,0.5705523490905762,-62.93585205078125,91.94998931884766,-14.768449783325195,-84.19125366210938,37.94346237182617,0.5705523490905762,-67.3076923076923,91.94998931884766,-9.483516483516484,-84.19125366210938,37.94346237182617,36.20352250489237
2.842,0,0.6656060218811035,-60.924468994140625,91.51329040527344,-16.359909057617188,-84.37092590332031,38.29607391357422,0.6656060218811035,-65.81318681318682,91.51329040527344,-10.714285714285715,-84.37092590332031,38.29607391357422,36.59491193737769
2.877,0,0.7890685796737671,-58.942161560058594,91.04918670654297,-17.900264739990234,-84.54277038574219,38.617130279541016,0.7890685796737671,-64.05494505494505,91.04918670654297,-12.12087912087912,-84.54277038574219,38.617130279541016,36.986301369863014
2.909,0,0.8297213315963745,-56.99674987792969,90.63581085205078,-19.44875144958496,-84.71461486816406,38.93263626098633,0.8297213315963745,-62.56043956043956,90.63581085205078,-13.43956043956044,-84.71461486816406,38.93263626098633,37.44292237442922
2.942,0,0.905469536781311,-54.96928405761719,90.17106628417969,-21.03619384765625,-84.88648223876953,39.307552337646484,0.905469536781311,-60.97802197802197,90.17106628417969,-14.67032967032967,-84.88648223876953,39.307552337646484,37.83431180691454
2.976,0,0.9756864309310913,-52.914573669433594,89.70858764648438,-22.643070220947266,-85.04181671142578,39.61811828613281,0.9756864309310913,-59.395604395604394,89.70858764648438,-16.164835164835164,-85.04181671142578,39.61811828613281,38.16046966731898
3.008,0,1.0732890367507935,-50.81786346435547,89.1868667602539,-24.239912033081055,-85.203857421875,39.93899917602539,1.0732890367507935,-57.9010989010989,89.1868667602539,-17.395604395604394,-85.203857421875,39.93899917602539,38.486627527723414
3.041,0,1.1287187337875366,-48.78419494628906,88.71175384521484,-25.827224731445312,-85.34830474853516,40.28075408935547,1.1287187337875366,-56.31868131868132,88.71175384521484,-18.714285714285715,-85.34830474853516,40.28075408935547,38.87801696020874
3.075,0,1.1995774507522583,-46.69972229003906,88.16690063476562,-27.41914939880371,-85.48185729980469,40.621341705322266,1.1995774507522583,-54.64835164835165,88.16690063476562,-20.12087912087912,-85.48185729980469,40.621341705322266,39.204174820613176
3.108,0,1.2844771146774292,-44.63702392578125,87.65741729736328,-28.9888973236084,-85.62828826904297,40.95219421386719,1.2844771146774292,-53.15384615384615,87.65741729736328,-21.439560439560438,-85.62828826904297,40.95219421386719,39.53033268101761
3.141,0,1.3605576753616333,-42.65748596191406,87.12345886230469,-30.4566707611084,-85.75155639648438,41.253868103027344,1.3605576753616333,-51.48351648351648,87.12345886230469,-22.75824175824176,-85.75155639648438,41.253868103027344,39.85649054142205
3.176,0,1.393919825553894,-40.52662658691406,86.5577621459961,-32.06474685668945,-85.8831787109375,41.64320373535156,1.393919825553894,-49.9010989010989,86.5577621459961,-24.076923076923077,-85.8831787109375,41.64320373535156,40.182648401826484
3.209,0,1.4453030824661255,-38.49620056152344,85.96794128417969,-33.51952362060547,-86.0068588256836,41.977272033691406,1.4453030824661255,-48.31868131868132,85.96794128417969,-25.395604395604394,-86.0068588256836,41.977272033691406,40.50880626223092
3.244,0,1.4801331758499146,-36.399654388427734,85.33098602294922,-35.05082321166992,-86.12068176269531,42.32305908203125,1.4801331758499146,-46.56043956043956,85.33098602294922,-26.802197802197803,-86.12068176269531,42.32305908203125,40.834964122635355
3.278,0,1.5432802438735962,-34.431514739990234,84.72282409667969,-36.45647048950195,-86.22151184082031,42.63462829589844,1.5432802438735962,-44.97802197802198,84.72282409667969,-28.032967032967033,-86.22151184082031,42.63462829589844,41.16112198303979
3.310,0,1.5353461503982544,-32.45770263671875,84.06558990478516,-37.822322845458984,-86.35376739501953,42.970054626464844,1.5353461503982544,-43.48351648351648,84.06558990478516,-29.263736263736263,-86.35376739501953,42.970054626464844,41.55251141552511
3.343,0,1.5938738584518433,-30.58718490600586,83.40921020507812,-39.11977005004883,-86.44161224365234,43.300926208496094,1.5938738584518433,-41.72527472527472,83.40921020507812,-30.582417582417584,-86.44161224365234,43.300926208496094,41.878669275929546
3.376,0,1.602502465248108,-28.54327964782715,82.71048736572266,-40.5474853515625,-86.56452941894531,43.644222259521484,1.602502465248108,-40.142857142857146,82.71048736572266,-31.9010989010989,-86.56452941894531,43.644222259521484,42.20482713633398
3.410,0,1.6165553331375122,-26.64909553527832,82.00093841552734,-41.83651351928711,-86.66389465332031,43.958045959472656,1.6165553331375122,-38.472527472527474,82.00093841552734,-33.21978021978022,-86.66389465332031,43.958045959472656,42.53098499673842
3.443,0,1.6108349561691284,-24.928119659423828,81.3334732055664,-42.965843200683594,-86.76593017578125,44.2531852722168,1.6108349561691284,-36.714285714285715,81.3334732055664,-34.450549450549445,-86.76593017578125,44.2531852722168,42.857142857142854
3.477,0,1.6318837404251099,-23.113525390625,80.60863494873047,-44.165748596191406,-86.8648452758789,44.56326675415039,1.6318837404251099,-34.956043956043956,80.60863494873047,-35.85714285714286,-86.8648452758789,44.56326675415039,43.18330071754729
3.510,0,1.6249009370803833,-21.28907585144043,79.88768005371094,-45.34888458251953,-86.97055053710938,44.90143966674805,1.6249009370803833,-33.37362637362637,79.88768005371094,-37.08791208791209,-86.97055053710938,44.90143966674805,43.509458577951726
3.543,0,1.615198016166687,-19.644760131835938,79.18341827392578,-46.42238235473633,-87.0669174194336,45.19455337524414,1.615198016166687,-31.527472527472526,79.18341827392578,-38.40659340659341,-87.0669174194336,45.19455337524414,43.83561643835616
3.576,0,1.6689952611923218,-19.216854095458984,79.04293823242188,-46.70896530151367,-87.17901611328125,45.07489013671875,1.6689952611923218,-29.857142857142854,79.04293823242188,-39.72527472527472,-87.17901611328125,45.07489013671875,44.1617742987606
3.611,0,1.5152164697647095,-18.617216110229492,78.84789276123047,-47.055049896240234,-87.29730987548828,45.16850662231445,1.5152164697647095,-28.098901098901102,78.84789276123047,-40.956043956043956,-87.29730987548828,45.16850662231445,44.487932159165034
3.644,0,1.3734256029129028,-17.521129608154297,78.41776275634766,-47.69073486328125,-87.3597183227539,45.34735107421875,1.3734256029129028,-26.428571428571427,78.41776275634766,-42.27472527472528,-87.3597183227539,45.34735107421875,44.61839530332681
3.677,0,1.4220331907272339,-16.929195404052734,78.17372131347656,-48.06249237060547,-87.45948028564453,45.2607307434082,1.4220331907272339,-24.75824175824176,78.17372131347656,-43.505494505494504,-87.45948028564453,45.2607307434082,44.6836268754077
3.710,0,1.100477933883667,-15.669635772705078,77.58592987060547,-48.80017852783203,-87.50296020507812,45.39240264892578,1.100477933883667,-22.912087912087912,77.58592987060547,-44.91208791208791,-87.50296020507812,45.39240264892578,44.81409001956947
3.746,0,0.8985705375671387,-14.50407600402832,77.01042938232422,-49.377532958984375,-87.59656524658203,45.62066650390625,0.8985705375671387,-21.153846153846153,77.01042938232422,-46.31868131868132,-87.59656524658203,45.62066650390625,44.94455316373124
3.778,0,0.761963963508606,-13.377452850341797,76.4635238647461,-49.97726058959961,-87.6313247680664,45.85198211669922,0.761963963508606,-19.483516483516482,76.4635238647461,-47.54945054945055,-87.6313247680664,45.85198211669922,44.94455316373124
3.811,0,1.3786150217056274,-12.535711288452148,75.92349243164062,-50.314395904541016,-87.7333755493164,45.84648132324219,1.3786150217056274,-17.725274725274726,75.92349243164062,-48.86813186813187,-87.7333755493164,45.84648132324219,44.94455316373124
3.847,0,1.0539478063583374,-11.199520111083984,75.23777770996094,-51.07415008544922,-87.77488708496094,45.99589157104492,1.0539478063583374,-15.87912087912088,75.23777770996094,-50.27472527472528,-87.77488708496094,45.99589157104492,45.20547945205479
3.880,0,0.9210877418518066,-10.216691970825195,74.73138427734375,-51.54033660888672,-87.80167388916016,46.1903076171875,0.9210877418518066,-14.12087912087912,74.73138427734375,-51.505494505494504,-87.80167388916016,46.1903076171875,45.40117416829745
3.912,0,0.8430050611495972,-9.055938720703125,74.10111999511719,-52.11061096191406,-87.84899139404297,46.41412353515625,0.8430050611495972,-12.450549450549449,74.10111999511719,-52.11061096191406,-87.84899139404297,46.41412353515625,45.46640574037834
3.946,0,1.487387776374817,-7.277271270751953,73.19678497314453,-53.085960388183594,-87.9131851196289,46.620635986328125,1.487387776374817,-10.692307692307692,73.19678497314453,-53.085960388183594,-87.9131851196289,46.620635986328125,45.72733202870189
3.980,0,1.2364856004714966,-6.579196929931641,72.5775375366211,-53.231346130371094,-88.02464294433594,46.6724739074707,1.2364856004714966,-8.934065934065934,72.5775375366211,-53.231346130371094,-88.02464294433594,46.6724739074707,45.85779517286366
4.012,0,1.0354955196380615,-6.045951843261719,72.04605102539062,-53.28177261352539,-88.13957214355469,46.691131591796875,1.0354955196380615,-7.263736263736265,72.04605102539062,-53.28177261352539,-88.13957214355469,46.691131591796875,46.118721461187214
4.045,0,1.7038038969039917,-5.110111236572266,71.45512390136719,-53.75895690917969,-88.1839599609375,46.748470306396484,1.7038038969039917,-5.593406593406593,71.45512390136719,-53.75895690917969,-88.1839599609375,46.748470306396484,46.24918460534899
4.078,0,1.4142111539840698,-4.321863174438477,70.88761138916016,-54.138885498046875,-88.25154113769531,46.85462188720703,1.4142111539840698,-4.321863174438477,70.88761138916016,-54.138885498046875,-88.25154113769531,46.85462188720703,46.37964774951076
4.109,0,1.2546497583389282,-3.22406005859375,70.18446350097656,-54.650455474853516,-88.33235931396484,47.1029052734375,1.2546497583389282,-3.22406005859375,70.18446350097656,-54.650455474853516,-88.33235931396484,47.1029052734375,46.37964774951076
4.142,0,1.1798685789108276,-2.3984222412109375,69.73631286621094,-55.08275604248047,-88.33582305908203,47.28935241699219,1.1798685789108276,-2.3984222412109375,69.73631286621094,-55.08275604248047,-88.33582305908203,47.28935241699219,46.44487932159165
4.176,0,1.911568284034729,-1.8057136535644531,69.2647476196289,-55.357940673828125,-88.38744354248047,47.249176025390625,1.911568284034729,-1.8057136535644531,69.2647476196289,-55.357940673828125,-88.38744354248047,47.249176025390625,46.57534246575342
4.209,0,1.6029115915298462,-1.3529834747314453,68.87261962890625,-55.541847229003906,-88.45233154296875,47.26152038574219,1.6029115915298462,-1.3529834747314453,68.87261962890625,-55.541847229003906,-88.45233154296875,47.26152038574219,46.83626875407697
4.243,0,1.5419420003890991,-1.1352252960205078,68.65607452392578,-55.585418701171875,-88.57975769042969,47.2243537902832,1.5419420003890991,-1.1352252960205078,68.65607452392578,-55.585418701171875,-88.57975769042969,47.2243537902832,46.90150032615786
4.279,0,1.5152326822280884,-0.9609394073486328,68.32394409179688,-55.48482894897461,-88.6906509399414,47.10198974609375,1.5152326822280884,-0.9609394073486328,68.32394409179688,-55.48482894897461,-88.6906509399414,47.10198974609375,46.90150032615786
4.310,0,2.210526466369629,-0.8040676116943359,68.02413940429688,-55.47418212890625,-88.7719497680664,46.84654235839844,2.210526466369629,-0.8040676116943359,68.02413940429688,-55.47418212890625,-88.7719497680664,46.84654235839844,46.90150032615786
4.349,0,1.9148932695388794,-0.02387237548828125,67.51683044433594,-55.94548034667969,-88.79195404052734,46.890750885009766,1.9148932695388794,-0.02387237548828125,67.51683044433594,-55.94548034667969,-88.79195404052734,46.890750885009766,46.90150032615786
4.376,0,1.8522309064865112,-0.0755615234375,67.54239654541016,-55.85618591308594,-88.91726684570312,46.683837890625,1.8522309064865112,-0.0755615234375,67.54239654541016,-55.85618591308594,-88.91726684570312,46.683837890625,46.90150032615786
4.410,0,1.8038886785507202,0.034832000732421875,67.32838439941406,-55.77726745605469,-88.99832153320312,46.55776596069336,1.8038886785507202,0.03483200073242193,67.32838439941406,-55.77726745605469,-88.99832153320312,46.55776596069336,46.90150032615786
4.443,0,2.152482032775879,0.2432708740234375,67.00052642822266,-55.728904724121094,-89.03080749511719,46.44841766357422,2.152482032775879,0.24327087402343744,67.00052642822266,-55.728904724121094,-89.03080749511719,46.44841766357422,46.90150032615786
4.477,0,1.857545018196106,0.64910888671875,66.65646362304688,-55.870819091796875,-89.02398681640625,46.35615539550781,1.857545018196106,0.64910888671875,66.65646362304688,-55.870819091796875,-89.02398681640625,46.35615539550781,46.90150032615786
4.510,0,1.7953046560287476,0.6023368835449219,66.72499084472656,-55.78118133544922,-89.13623809814453,46.08222198486328,1.7953046560287476,0.6023368835449219,66.72499084472656,-55.78118133544922,-89.13623809814453,46.08222198486328,46.90150032615786
4.544,0,1.7424958944320679,0.49239540100097656,66.67007446289062,-55.55366516113281,-89.17825317382812,45.854156494140625,1.7424958944320679,0.49239540100097656,66.67007446289062,-55.55366516113281,-89.17825317382812,45.854156494140625,46.90150032615786
4.577,0,1.529171109199524,0.6740856170654297,66.51960754394531,-55.59278106689453,-89.16726684570312,45.65925598144531,1.529171109199524,0.6740856170654297,66.51960754394531,-55.59278106689453,-89.16726684570312,45.65925598144531,46.705805609915195
4.610,0,1.2110902070999146,0.8142833709716797,66.31620788574219,-55.49718475341797,-89.16214752197266,45.457942962646484,1.2110902070999146,0.8142833709716797,66.31620788574219,-55.49718475341797,-89.16214752197266,45.457942962646484,46.44487932159165
4.644,0,1.0505372285842896,0.6398983001708984,66.40055084228516,-55.318241119384766,-89.24700927734375,45.19865798950195,1.0505372285842896,0.6398983001708984,66.40055084228516,-55.318241119384766,-89.24700927734375,45.19865798950195,46.1839530332681
4.678,0,1.008259654045105,0.39784812927246094,66.46466827392578,-55.05712890625,-89.32173919677734,44.83645248413086,1.008259654045105,0.39784812927246094,66.46466827392578,-55.05712890625,-89.32173919677734,44.83645248413086,45.92302674494455
4.715,0,0.7766263484954834,0.4894065856933594,66.43428039550781,-55.055885314941406,-89.29216003417969,44.56634521484375,0.7766263484954834,0.4894065856933594,66.43428039550781,-55.055885314941406,-89.29216003417969,44.56634521484375,45.72733202870189
4.744,0,0.5720573663711548,0.4625568389892578,66.3729248046875,-54.89223098754883,-89.22233581542969,44.5406608581543,0.5720573663711548,0.4625568389892578,66.3729248046875,-54.89223098754883,-89.22233581542969,44.5406608581543,45.40117416829745
4.779,0,0.43345487117767334,0.2801170349121094,66.4953842163086,-54.73666000366211,-89.25303649902344,44.29246520996094,0.43345487117767334,0.2801170349121094,66.4953842163086,-54.73666000366211,-89.25303649902344,44.29246520996094,45.20547945205479
4.811,0,0.5384597778320312,-0.06771278381347656,66.72559356689453,-54.423927307128906,-89.25175476074219,43.9281005859375,0.5384597778320312,-0.06771278381347656,66.72559356689453,-54.423927307128906,-89.25175476074219,43.9281005859375,44.94455316373124
4.844,0,0.337091326713562,-0.21097373962402344,66.7821044921875,-54.25584411621094,-89.1961441040039,43.60978698730469,0.337091326713562,-0.21097373962402344,66.7821044921875,-54.25584411621094,-89.1961441040039,43.60978698730469,44.81409001956947
4.878,0,0.01243293285369873,-0.5382175445556641,66.93356323242188,-53.881134033203125,-89.19596862792969,43.222862243652344,0.01243293285369873,-0.5382175445556641,66.93356323242188,-53.881134033203125,-89.19596862792969,43.222862243652344,44.487932159165034
4.914,0,-0.13796186447143555,-0.81683349609375,67.20524597167969,-53.72297668457031,-89.26862335205078,42.86512756347656,-0.13796186447143555,-0.81683349609375,67.20524597167969,-53.72297668457031,-89.26862335205078,42.86512756347656,44.22700587084149
4.952,0,-0.0015469789505004883,-1.2025775909423828,67.44821166992188,-53.36502456665039,-89.28187561035156,42.50066375732422,-0.0015469789505004883,-1.2025775909423828,67.44821166992188,-53.36502456665039,-89.28187561035156,42.50066375732422,43.90084801043705
4.978,0,-0.23975229263305664,-1.6098518371582031,67.71292114257812,-53.10319137573242,-89.27595520019531,42.08476638793945,-0.23975229263305675,-1.6098518371582031,67.71292114257812,-53.10319137573242,-89.27595520019531,42.08476638793945,43.574690150032616
5.011,0,-0.611613392829895,-1.9041728973388672,67.77421569824219,-52.723114013671875,-89.27669525146484,41.87445831298828,-0.6116133928298949,-1.9041728973388672,67.77421569824219,-52.723114013671875,-89.27669525146484,41.87445831298828,43.24853228962818
5.045,0,-0.9667009115219116,-1.477081298828125,67.54461669921875,-52.825416564941406,-89.24140167236328,42.17877197265625,-0.9667009115219116,-1.477081298828125,67.54461669921875,-52.825416564941406,-89.24140167236328,42.17877197265625,42.857142857142854
5.078,0,-0.8406147956848145,-1.601846694946289,67.49617767333984,-52.488128662109375,-89.22423553466797,42.11823272705078,-0.8406147956848145,-1.601846694946289,67.49617767333984,-52.488128662109375,-89.22423553466797,42.11823272705078,42.465753424657535
5.112,0,-0.6945877075195312,-1.9540271759033203,67.71268463134766,-52.27154541015625,-89.2414321899414,41.71455383300781,-0.6945877075195312,-1.9540271759033203,67.71268463134766,-52.27154541015625,-89.2414321899414,41.71455383300781,42.335290280495755
5.147,0,-1.1410919427871704,-1.887014389038086,67.55207824707031,-52.15052032470703,-89.2550277709961,41.67625427246094,-1.1410919427871704,-1.887014389038086,67.55207824707031,-52.15052032470703,-89.2550277709961,41.67625427246094,42.27005870841487
5.181,0,-1.239863395690918,-2.1938915252685547,67.8207778930664,-51.9968147277832,-89.24602508544922,41.441497802734375,-1.239863395690918,-2.1938915252685547,67.8207778930664,-51.9968147277832,-89.24602508544922,41.441497802734375,42.27005870841487
5.213,0,-1.7461307048797607,-1.8015403747558594,67.59248352050781,-52.12029266357422,-89.16083526611328,41.521156311035156,-1.7461307048797607,-1.8015403747558594,67.59248352050781,-52.12029266357422,-89.16083526611328,41.521156311035156,42.07436399217221
5.246,0,-1.485411286354065,-0.9872703552246094,67.11752319335938,-52.48097229003906,-89.05448150634766,41.70381164550781,-1.485411286354065,-0.9872703552246093,67.11752319335938,-52.48097229003906,-89.05448150634766,41.70381164550781,41.878669275929546
5.281,0,-2.020040512084961,-0.7283306121826172,66.75486755371094,-52.222660064697266,-89.02043914794922,41.79398727416992,-2.020040512084961,-0.7283306121826171,66.75486755371094,-52.222660064697266,-89.02043914794922,41.79398727416992,41.74820613176777
5.313,0,-2.160310983657837,-0.6830959320068359,66.6349868774414,-52.037010192871094,-88.97665405273438,41.738468170166016,-2.160310983657837,-0.6830959320068358,66.6349868774414,-52.037010192871094,-88.97665405273438,41.738468170166016,41.74820613176777
5.346,0,-2.587247133255005,-0.9537906646728516,66.81588745117188,-51.88618087768555,-89.01713562011719,41.498146057128906,-2.587247133255005,-0.9537906646728515,66.81588745117188,-51.88618087768555,-89.01713562011719,41.498146057128906,41.74820613176777
5.379,0,-2.3394389152526855,0.49176597595214844,66.02125549316406,-52.60221862792969,-88.88447570800781,41.8447265625,-2.3394389152526855,0.49176597595214844,66.02125549316406,-52.60221862792969,-88.88447570800781,41.8447265625,41.74820613176777
5.413,0,-2.8585095405578613,-0.13762855529785156,66.1544418334961,-51.94272232055664,-88.88066864013672,41.82279968261719,-2.8585095405578613,-0.13762855529785156,66.1544418334961,-51.94272232055664,-88.88066864013672,41.82279968261719,41.74820613176777
5.446,0,-2.740166664123535,-0.4846687316894531,66.48764038085938,-51.74232482910156,-88.83023071289062,41.49387741088867,-2.740166664123535,-0.4846687316894531,66.48764038085938,-51.74232482910156,-88.83023071289062,41.49387741088867,41.74820613176777
5.480,0,-3.190779209136963,-0.7027111053466797,66.58450317382812,-51.537620544433594,-88.85809326171875,41.278114318847656,-3.190779209136963,-0.7027111053466797,66.58450317382812,-51.537620544433594,-88.85809326171875,41.278114318847656,41.74820613176777
5.514,0,-2.75948429107666,0.35579490661621094,66.07584381103516,-52.11661148071289,-88.7975082397461,41.55066680908203,-2.75948429107666,0.35579490661621094,66.07584381103516,-52.11661148071289,-88.7975082397461,41.55066680908203,41.74820613176777
5.547,0,-3.2567501068115234,0.14424896240234375,65.92682647705078,-51.61503982543945,-88.81816101074219,41.599430084228516,-3.2567501068115234,0.14424896240234375,65.92682647705078,-51.61503982543945,-88.81816101074219,41.599430084228516,41.74820613176777
5.580,0,-2.8195996284484863,0.5919837951660156,65.78524017333984,-51.90785217285156,-88.71067810058594,41.47207260131836,-2.8195996284484863,0.5919837951660156,65.78524017333984,-51.90785217285156,-88.71067810058594,41.47207260131836,41.617742987606
5.614,0,-3.3331551551818848,1.193511962890625,65.53984069824219,-52.31565475463867,-88.71990966796875,41.53499984741211,-3.3331551551818848,1.193511962890625,65.53984069824219,-52.31565475463867,-88.71990966796875,41.53499984741211,41.617742987606
5.648,0,-2.880119562149048,1.5226116180419922,65.34025573730469,-52.5478515625,-88.66122436523438,41.38893127441406,-2.880119562149048,1.5226116180419922,65.34025573730469,-52.5478515625,-88.66122436523438,41.38893127441406,41.617742987606
5.681,0,-3.345942497253418,1.6243038177490234,65.10157012939453,-52.265052795410156,-88.65279388427734,41.35113525390625,-3.345942497253418,1.6243038177490234,65.10157012939453,-52.265052795410156,-88.65279388427734,41.35113525390625,41.617742987606
5.714,0,-2.8704001903533936,2.159738540649414,64.87337493896484,-52.553462982177734,-88.56166076660156,41.143455505371094,-2.8704001903533936,2.159738540649414,64.87337493896484,-52.553462982177734,-88.56166076660156,41.143455505371094,41.617742987606
5.748,0,-3.305431365966797,1.7976188659667969,64.99913024902344,-52.117130279541016,-88.61854553222656,41.019927978515625,-3.305431365966797,1.7976188659667969,64.99913024902344,-52.117130279541016,-88.61854553222656,41.019927978515625,41.617742987606
5.784,0,-3.2958335876464844,1.6749649047851562,65.14364624023438,-51.95228958129883,-88.61019134521484,40.61567687988281,-3.2958335876464844,1.6749649047851562,65.14364624023438,-51.95228958129883,-88.61019134521484,40.61567687988281,41.617742987606
5.815,0,-3.8213300704956055,1.6248016357421875,65.04208374023438,-51.72443389892578,-88.676025390625,40.416282653808594,-3.8213300704956055,1.6248016357421875,65.04208374023438,-51.72443389892578,-88.676025390625,40.416282653808594,41.48727984344423
5.848,0,-3.5438337326049805,2.3365306854248047,64.68478393554688,-52.108787536621094,-88.59378051757812,40.270015716552734,-3.5438337326049805,2.3365306854248047,64.68478393554688,-52.108787536621094,-88.59378051757812,40.270015716552734,41.16112198303979
5.881,0,-3.8441214561462402,1.7152843475341797,65.08635711669922,-51.67748260498047,-88.64488220214844,39.85780334472656,-3.8441214561462402,1.7152843475341797,65.08635711669922,-51.67748260498047,-88.64488220214844,39.85780334472656,40.90019569471624
5.915,0,-3.3123879432678223,0.9807720184326172,65.47020721435547,-51.13762664794922,-88.64260864257812,39.279876708984375,-3.3123879432678223,0.9807720184326172,65.47020721435547,-51.13762664794922,-88.64260864257812,39.279876708984375,40.704500978473575
5.949,0,-3.861935615539551,1.073171615600586,65.24382019042969,-50.98851776123047,-88.69532012939453,39.04107666015625,-3.861935615539551,1.073171615600586,65.24382019042969,-50.98851776123047,-88.69532012939453,39.04107666015625,40.44357469015003
5.982,0,-3.5536584854125977,1.018301010131836,65.21770477294922,-50.782554626464844,-88.61116790771484,38.66373825073242,-3.5536584854125977,1.018301010131836,65.21770477294922,-50.782554626464844,-88.61116790771484,38.66373825073242,40.11741682974559
6.015,0,-3.7871294021606445,1.1812381744384766,65.0958251953125,-50.73155975341797,-88.6110610961914,38.58380889892578,-3.7871294021606445,1.1812381744384766,65.0958251953125,-50.73155975341797,-88.6110610961914,38.58380889892578,39.726027397260275
6.049,0,-3.7293953895568848,0.5092811584472656,65.49073791503906,-50.181331634521484,-88.61151123046875,37.87488555908203,-3.7293953895568848,0.5092811584472656,65.49073791503906,-50.181331634521484,-88.61151123046875,37.87488555908203,39.33463796477495
6.082,0,-4.2458648681640625,0.19842147827148438,65.44454956054688,-49.73582458496094,-88.66921997070312,37.51034164428711,-4.2458648681640625,0.19842147827148438,65.44454956054688,-49.73582458496094,-88.66921997070312,37.51034164428711,39.0737116764514
6.116,0,-3.68784761428833,0.2852592468261719,65.41460418701172,-49.707786560058594,-88.59949493408203,37.250572204589844,-3.68784761428833,0.2852592468261719,65.41460418701172,-49.707786560058594,-88.59949493408203,37.250572204589844,38.81278538812785
6.150,0,-3.964907646179199,-0.4380474090576172,65.6874008178711,-48.983055114746094,-88.6728286743164,36.70034408569336,-3.964907646179199,-0.4380474090576172,65.6874008178711,-48.983055114746094,-88.6728286743164,36.70034408569336,38.22570123939987
6.183,0,-3.4240527153015137,-0.4617176055908203,65.71197509765625,-48.82170867919922,-88.64923095703125,36.24810028076172,-3.4240527153015137,-0.4617176055908203,65.71197509765625,-48.82170867919922,-88.64923095703125,36.24810028076172,37.89954337899543
6.216,0,-3.9403223991394043,-0.485687255859375,65.55401611328125,-48.55424499511719,-88.64090728759766,35.74833679199219,-3.9403223991394043,-0.485687255859375,65.55401611328125,-48.55424499511719,-88.64090728759766,35.74833679199219,37.508153946510106
6.250,0,-3.38368558883667,-0.47571372985839844,65.59092712402344,-48.48915481567383,-88.59013366699219,35.457191467285156,-3.38368558883667,-0.47571372985839844,65.59092712402344,-48.48915481567383,-88.59013366699219,35.457191467285156,37.0515329419439
6.286,0,-3.5456080436706543,-1.360818862915039,65.89369201660156,-47.610862731933594,-88.57492065429688,34.783958435058594,-3.5456080436706543,-1.360818862915039,65.89369201660156,-47.610862731933594,-88.57492065429688,34.783958435058594,36.59491193737769
6.319,0,-3.078848361968994,-1.4930572509765625,65.93553161621094,-47.32391357421875,-88.54891204833984,34.22130584716797,-3.078848361968994,-1.4930572509765625,65.93553161621094,-47.32391357421875,-88.54891204833984,34.22130584716797,36.13829093281148
6.350,0,-3.5276618003845215,-2.425424575805664,66.02670288085938,-46.138755798339844,-88.60929107666016,33.59947204589844,-3.5276618003845215,-2.425424575805664,66.02670288085938,-46.138755798339844,-88.60929107666016,33.59947204589844,35.81213307240704
6.384,0,-3.307835578918457,-1.2376937866210938,65.58540344238281,-46.834075927734375,-88.53556823730469,33.464054107666016,-3.307835578918457,-1.2376937866210938,65.58540344238281,-46.834075927734375,-88.53556823730469,33.464054107666016,35.22504892367906
6.418,0,-3.719475746154785,-1.9514942169189453,65.85550689697266,-46.24393844604492,-88.5282974243164,32.79434585571289,-3.719475746154785,-1.9514942169189455,65.85550689697266,-46.24393844604492,-88.5282974243164,32.79434585571289,34.63796477495107
6.451,0,-3.6828808784484863,-2.285268783569336,66.12053680419922,-45.901771545410156,-88.50249481201172,32.15916442871094,-3.6828808784484863,-2.285268783569336,66.12053680419922,-45.901771545410156,-88.50249481201172,32.15916442871094,34.18134377038486
6.485,0,-4.097883701324463,-3.296398162841797,66.2781982421875,-44.66407775878906,-88.51991271972656,31.254436492919922,-4.097883701324463,-3.2963981628417973,66.2781982421875,-44.66407775878906,-88.51991271972656,31.254436492919922,33.85518590998043
6.518,0,-3.9570016860961914,-0.7187175750732422,65.27912902832031,-46.381229400634766,-88.43045043945312,31.715368270874023,-3.9570016860961914,-0.7187175750732422,65.27912902832031,-46.381229400634766,-88.43045043945312,31.715368270874023,33.202870189171556
6.552,0,-4.463048458099365,-1.771230697631836,65.76405334472656,-45.59068298339844,-88.4187240600586,30.80944061279297,-4.463048458099365,-1.7712306976318357,65.76405334472656,-45.59068298339844,-88.4187240600586,30.80944061279297,32.615786040443574
6.585,0,-4.254762172698975,-1.5909786224365234,65.72367095947266,-45.618675231933594,-88.37772369384766,30.394737243652344,-4.254762172698975,-1.5909786224365234,65.72367095947266,-45.618675231933594,-88.37772369384766,30.394737243652344,32.093933463796475
6.619,0,-4.710590362548828,-2.581716537475586,65.8919448852539,-44.490478515625,-88.40199279785156,29.530487060546875,-4.710590362548828,-2.581716537475586,65.8919448852539,-44.490478515625,-88.40199279785156,29.530487060546875,32.02870189171559
6.652,0,-4.496271133422852,-1.8193721771240234,65.5991439819336,-44.84576416015625,-88.32760620117188,29.160184860229492,-4.496271133422852,-1.8193721771240234,65.5991439819336,-44.84576416015625,-88.32760620117188,29.160184860229492,31.376386170906716
6.686,0,-4.996345043182373,-3.117706298828125,66.26925659179688,-43.93103790283203,-88.3402328491211,28.11613655090332,-4.996345043182373,-3.117706298828125,66.26925659179688,-43.93103790283203,-88.3402328491211,28.11613655090332,30.78930202217873
6.718,0,-4.432315349578857,-1.8323402404785156,65.8111572265625,-44.756107330322266,-88.276611328125,27.815067291259766,-4.432315349578857,-1.8323402404785156,65.8111572265625,-44.756107330322266,-88.276611328125,27.815067291259766,30.136986301369863
6.752,0,-4.942020416259766,-3.065675735473633,66.2378921508789,-43.62491989135742,-88.30938720703125,26.938030242919922,-4.942020416259766,-3.065675735473633,66.2378921508789,-43.62491989135742,-88.30938720703125,26.938030242919922,29.615133724722764
6.787,0,-4.210325717926025,-1.9904747009277344,65.94609069824219,-44.5920524597168,-88.26274108886719,26.784595489501953,-4.210325717926025,-1.9904747009277344,65.94609069824219,-44.5920524597168,-88.26274108886719,26.784595489501953,28.897586431833005
6.819,0,-4.789633274078369,-2.8780364990234375,66.4854507446289,-43.99275207519531,-88.2634048461914,25.939929962158203,-4.789633274078369,-2.8780364990234375,66.4854507446289,-43.99275207519531,-88.2634048461914,25.939929962158203,28.180039138943247
6.852,0,-4.183169364929199,-1.7811412811279297,66.13633728027344,-44.75267791748047,-88.20066833496094,25.5262451171875,-4.183169364929199,-1.7811412811279297,66.13633728027344,-44.75267791748047,-88.20066833496094,25.5262451171875,27.65818656229615
6.886,0,-4.691795349121094,-3.076091766357422,66.7989730834961,-43.79107666015625,-88.27369689941406,24.716257095336914,-4.691795349121094,-3.076091766357422,66.7989730834961,-43.79107666015625,-88.27369689941406,24.716257095336914,27.266797129810826
6.919,0,-4.0239338874816895,-2.3621749877929688,66.73675537109375,-44.64969253540039,-88.24327850341797,24.44331932067871,-4.0239338874816895,-2.3621749877929688,66.73675537109375,-44.64969253540039,-88.24327850341797,24.44331932067871,26.549249836921067
6.953,0,-4.496182918548584,-3.5710182189941406,67.31478118896484,-43.6379508972168,-88.34919738769531,23.55023765563965,-4.496182918548584,-3.5710182189941406,67.31478118896484,-43.6379508972168,-88.34919738769531,23.55023765563965,26.027397260273972
6.986,0,-3.969592571258545,-3.097888946533203,67.09061431884766,-43.89762878417969,-88.30065155029297,23.190814971923828,-3.969592571258545,-3.097888946533203,67.09061431884766,-43.89762878417969,-88.30065155029297,23.190814971923828,25.309849967384213
7.020,0,-4.455667018890381,-4.314777374267578,67.77178192138672,-43.151451110839844,-88.36458587646484,22.6906681060791,-4.455667018890381,-4.314777374267578,67.77178192138672,-43.151451110839844,-88.36458587646484,22.6906681060791,24.853228962818
7.054,0,-3.74099063873291,-4.409631729125977,67.95152282714844,-43.45724868774414,-88.37266540527344,22.467628479003906,-3.74099063873291,-4.409631729125977,67.95152282714844,-43.45724868774414,-88.37266540527344,22.467628479003906,24.135681669928243
7.088,0,-4.210385322570801,-5.861448287963867,68.67678833007812,-42.39006423950195,-88.46575927734375,21.68776512145996,-4.210385322570801,-5.483516483516484,68.67678833007812,-42.39006423950195,-88.46575927734375,21.68776512145996,23.679060665362034
7.122,0,-3.756361961364746,-6.374977111816406,68.80492401123047,-42.055381774902344,-88.39965057373047,21.463550567626953,-3.756361961364746,-6.0989010989010985,68.80492401123047,-42.055381774902344,-88.39965057373047,21.463550567626953,23.222439660795825
7.156,0,-4.296724319458008,-7.2282867431640625,69.18767547607422,-41.437408447265625,-88.44264221191406,21.169509887695312,-4.296724319458008,-6.8901098901098905,69.18767547607422,-41.437408447265625,-88.44264221191406,21.169509887695312,22.831050228310502
7.189,0,-3.6309900283813477,-6.30718994140625,68.74691009521484,-42.31804275512695,-88.38567352294922,21.1978702545166,-3.6309900283813477,-6.30718994140625,68.74691009521484,-42.31804275512695,-88.38567352294922,21.1978702545166,22.243966079582517
7.220,0,-3.3723530769348145,-6.548822402954102,68.6047592163086,-42.00334167480469,-88.40770721435547,20.944074630737305,-3.3723530769348145,-6.548822402954102,68.6047592163086,-42.00334167480469,-88.40770721435547,20.944074630737305,21.852576647097194
7.254,0,-3.3887195587158203,-6.387308120727539,68.49069213867188,-42.224910736083984,-88.4723129272461,20.929365158081055,-3.3887195587158203,-6.387308120727539,68.49069213867188,-42.224910736083984,-88.4723129272461,20.929365158081055,21.52641878669276
7.290,0,-3.9327940940856934,-6.863611221313477,68.51051330566406,-41.7938346862793,-88.49012756347656,20.811830520629883,-3.9327940940856934,-6.863611221313477,68.51051330566406,-41.7938346862793,-88.49012756347656,20.811830520629883,21.395955642530986
7.321,0,-3.359715461730957,-6.456737518310547,68.20663452148438,-42.177345275878906,-88.46537017822266,20.872861862182617,-3.359715461730957,-6.456737518310547,68.20663452148438,-42.177345275878906,-88.46537017822266,20.872861862182617,21.200260926288323
7.354,0,-3.2007927894592285,-6.823282241821289,68.31039428710938,-42.050315856933594,-88.4856948852539,20.915891647338867,-3.2007927894592285,-6.823282241821289,68.31039428710938,-42.050315856933594,-88.4856948852539,20.915891647338867,21.06979778212655
7.388,0,-3.2303977012634277,-5.83154296875,67.85113525390625,-42.761878967285156,-88.50868225097656,21.030073165893555,-3.2303977012634277,-5.83154296875,67.85113525390625,-42.761878967285156,-88.50868225097656,21.030073165893555,21.00456621004566
7.421,0,-3.788681983947754,-5.79595947265625,67.61417388916016,-42.66897201538086,-88.54163360595703,21.233963012695312,-3.788681983947754,-5.79595947265625,67.61417388916016,-42.66897201538086,-88.54163360595703,21.233963012695312,21.00456621004566
7.455,0,-3.335892677307129,-5.180706024169922,67.16742706298828,-43.14533233642578,-88.55487060546875,21.396787643432617,-3.335892677307129,-5.180706024169922,67.16742706298828,-43.14533233642578,-88.55487060546875,21.396787643432617,21.00456621004566
7.488,0,-3.3661837577819824,-4.858268737792969,66.96564483642578,-43.499324798583984,-88.5964584350586,21.615386962890625,-3.3661837577819824,-4.858268737792969,66.96564483642578,-43.499324798583984,-88.5964584350586,21.615386962890625,21.00456621004566
7.521,0,-3.530693531036377,-3.8854217529296875,66.34384155273438,-44.05560302734375,-88.65853881835938,21.806806564331055,-3.530693531036377,-3.8854217529296875,66.34384155273438,-44.05560302734375,-88.65853881835938,21.806806564331055,21.00456621004566
7.555,0,-3.6696295738220215,-2.794994354248047,65.64154052734375,-44.752193450927734,-88.70980072021484,22.149677276611328,-3.6696295738220215,-2.794994354248047,65.64154052734375,-44.752193450927734,-88.70980072021484,22.149677276611328,21.00456621004566
7.589,0,-3.2423949241638184,-2.329984664916992,65.29116821289062,-45.17824935913086,-88.66758728027344,22.323240280151367,-3.2423949241638184,-2.329984664916992,65.29116821289062,-45.17824935913086,-88.66758728027344,22.323240280151367,21.26549249836921
7.622,0,-3.209907054901123,-1.8976783752441406,64.99249267578125,-45.54265594482422,-88.68953704833984,22.563297271728516,-3.209907054901123,-1.8976783752441406,64.99249267578125,-45.54265594482422,-88.68953704833984,22.563297271728516,21.52641878669276
7.656,0,-3.473897933959961,-0.8408603668212891,64.41831970214844,-46.22148895263672,-88.65142822265625,22.87065315246582,-3.473897933959961,-0.8408603668212891,64.41831970214844,-46.22148895263672,-88.65142822265625,22.87065315246582,21.787345075016308
7.689,0,-4.015830993652344,-0.0089263916015625,63.903221130371094,-46.79374694824219,-88.67810821533203,23.181209564208984,-4.015830993652344,-0.0089263916015625,63.903221130371094,-46.79374694824219,-88.67810821533203,23.181209564208984,21.983039791258967
7.723,0,-3.6302967071533203,0.44000244140625,63.59443664550781,-47.199825286865234,-88.64997100830078,23.361249923706055,-3.6302967071533203,0.4400024414062501,63.59443664550781,-47.199825286865234,-88.64997100830078,23.361249923706055,22.243966079582517
7.756,0,-3.5504183769226074,1.1601543426513672,63.223690032958984,-47.77552032470703,-88.65929412841797,23.61345672607422,-3.5504183769226074,1.1601543426513672,63.223690032958984,-47.77552032470703,-88.65929412841797,23.61345672607422,22.504892367906066
7.791,0,-3.8187551498413086,1.6292133331298828,62.82978820800781,-47.94272994995117,-88.60374450683594,23.8389892578125,-3.8187551498413086,1.6292133331298828,62.82978820800781,-47.94272994995117,-88.60374450683594,23.8389892578125,22.765818656229612
7.824,0,-4.3663458824157715,1.2419662475585938,62.79762649536133,-47.59967803955078,-88.59362030029297,24.009124755859375,-4.3663458824157715,1.2419662475585938,62.79762649536133,-47.59967803955078,-88.59362030029297,24.009124755859375,23.026744944553162
7.862,0,-3.7645034790039062,1.5387382507324219,62.599830627441406,-47.89984893798828,-88.48275756835938,24.133319854736328,-3.7645034790039062,1.5387382507324219,62.599830627441406,-47.89984893798828,-88.48275756835938,24.133319854736328,23.222439660795825
7.890,0,-3.443380355834961,0.5398292541503906,62.806419372558594,-47.104129791259766,-88.42337799072266,24.07081413269043,-3.443380355834961,0.5398292541503906,62.806419372558594,-47.104129791259766,-88.42337799072266,24.07081413269043,23.483365949119374
7.926,0,-3.7394704818725586,1.1036319732666016,62.460880279541016,-47.440032958984375,-88.38320922851562,24.37491226196289,-3.7394704818725586,1.1036319732666016,62.460880279541016,-47.440032958984375,-88.38320922851562,24.37491226196289,23.679060665362034
7.960,0,-4.2844557762146,0.7086505889892578,62.497093200683594,-47.06707000732422,-88.378662109375,24.452112197875977,-4.2844557762146,0.7086505889892578,62.497093200683594,-47.06707000732422,-88.378662109375,24.452112197875977,23.679060665362034
7.991,0,-3.7195792198181152,0.930908203125,62.25874710083008,-47.18651580810547,-88.30292510986328,24.5489444732666,-3.7195792198181152,0.930908203125,62.25874710083008,-47.18651580810547,-88.30292510986328,24.5489444732666,23.809523809523807
8.024,0,-3.448880672454834,0.46620750427246094,62.27375030517578,-46.787994384765625,-88.26628875732422,24.59514045715332,-3.448880672454834,0.46620750427246094,62.27375030517578,-46.787994384765625,-88.26628875732422,24.59514045715332,24.070450097847356
8.057,0,-3.6984825134277344,1.1395740509033203,61.798728942871094,-47.123023986816406,-88.20909118652344,24.813838958740234,-3.6984825134277344,1.1395740509033203,61.798728942871094,-47.123023986816406,-88.20909118652344,24.813838958740234,24.070450097847356
8.090,0,-4.224687099456787,0.4116802215576172,61.98513412475586,-46.48143768310547,-88.21395874023438,24.700742721557617,-4.224687099456787,0.4116802215576172,61.98513412475586,-46.48143768310547,-88.21395874023438,24.700742721557617,24.070450097847356
8.124,0,-3.611292839050293,0.6137008666992188,62.01182174682617,-46.9278564453125,-88.13057708740234,24.76271629333496,-3.611292839050293,0.6137008666992188,62.01182174682617,-46.9278564453125,-88.13057708740234,24.76271629333496,24.26614481409002
8.158,0,-3.2567710876464844,-0.8471260070800781,62.534095764160156,-45.864906311035156,-88.13368225097656,24.527294158935547,-3.2567710876464844,-0.8471260070800781,62.534095764160156,-45.864906311035156,-88.13368225097656,24.527294158935547,24.396607958251792
8.191,0,-3.4251255989074707,-0.9388942718505859,62.52381896972656,-45.758888244628906,-88.09908294677734,24.47654914855957,-3.4251255989074707,-0.9388942718505859,62.52381896972656,-45.758888244628906,-88.09908294677734,24.47654914855957,24.396607958251792
8.225,0,-3.9809279441833496,-1.9992923736572266,62.94352722167969,-45.04277420043945,-88.0936050415039,24.299514770507812,-3.9809279441833496,-1.9992923736572263,62.94352722167969,-45.04277420043945,-88.0936050415039,24.299514770507812,24.396607958251792
8.259,0,-3.652740001678467,-1.181528091430664,62.68973159790039,-45.82291793823242,-88.05420684814453,24.44058609008789,-3.652740001678467,-1.1815280914306643,62.68973159790039,-45.82291793823242,-88.05420684814453,24.44058609008789,24.396607958251792
8.294,0,-3.1651477813720703,-2.9138622283935547,63.51600646972656,-44.77320098876953,-88.07763671875,23.991050720214844,-3.1651477813720703,-2.9138622283935547,63.51600646972656,-44.77320098876953,-88.07763671875,23.991050720214844,24.396607958251792
8.325,0,-3.3497238159179688,-4.242971420288086,64.25984191894531,-44.02199935913086,-88.08626556396484,23.695850372314453,-3.3497238159179688,-3.4615384615384617,64.25984191894531,-44.02199935913086,-88.08626556396484,23.695850372314453,24.396607958251792
8.360,0,-3.735166072845459,-6.003496170043945,65.296630859375,-42.913795471191406,-88.16692352294922,23.117816925048828,-3.735166072845459,-3.7252747252747254,65.296630859375,-42.913795471191406,-88.16692352294922,23.117816925048828,24.396607958251792
8.394,0,-3.005147933959961,-6.613222122192383,65.5269546508789,-42.63276672363281,-88.17373657226562,23.05944061279297,-3.005147933959961,-4.516483516483516,65.5269546508789,-42.63276672363281,-88.17373657226562,23.05944061279297,24.200913242009133
8.427,0,-2.491154193878174,-8.196508407592773,66.30543518066406,-41.70912170410156,-88.23429870605469,22.737651824951172,-2.491154193878174,-5.043956043956044,66.30543518066406,-41.70912170410156,-88.23429870605469,22.737651824951172,23.939986953685583
8.460,0,-2.611750602722168,-9.264291763305664,66.78338623046875,-41.0057373046875,-88.29881286621094,22.721614837646484,-2.611750602722168,-5.747252747252747,66.78338623046875,-41.0057373046875,-88.29881286621094,22.721614837646484,23.613829093281147
8.494,0,-3.043020248413086,-10.871826171875,67.80463409423828,-40.16436004638672,-88.37096405029297,22.47331428527832,-3.043020248413086,-6.450549450549451,67.80463409423828,-40.16436004638672,-88.37096405029297,22.47331428527832,23.352902804957598
8.527,0,-2.3126864433288574,-12.08183479309082,68.45457458496094,-39.587581634521484,-88.3621597290039,22.288545608520508,-2.3126864433288574,-7.241758241758242,68.45457458496094,-39.587581634521484,-88.3621597290039,22.288545608520508,23.15720808871494
8.561,0,-1.7324281930923462,-13.596822738647461,69.283203125,-38.79253387451172,-88.39767456054688,22.12928009033203,-1.7324281930923462,-8.032967032967033,69.283203125,-38.79253387451172,-88.39767456054688,22.12928009033203,22.961513372472275
8.594,0,-1.659494400024414,-15.009347915649414,70.11690521240234,-38.11753845214844,-88.43978881835938,22.06884002685547,-1.659494400024414,-8.912087912087912,70.11690521240234,-38.11753845214844,-88.43978881835938,22.06884002685547,22.700587084148726
8.628,0,-2.10758638381958,-15.453393936157227,70.3740463256836,-37.99463653564453,-88.50357818603516,22.292320251464844,-2.10758638381958,-9.703296703296704,70.3740463256836,-37.99463653564453,-88.50357818603516,22.292320251464844,22.504892367906066
8.661,0,-1.4428831338882446,-16.292224884033203,70.85455322265625,-37.76173400878906,-88.5044174194336,22.432153701782227,-1.4428831338882446,-10.494505494505495,70.85455322265625,-37.76173400878906,-88.5044174194336,22.432153701782227,22.37442922374429
8.694,0,-0.8963621854782104,-16.454734802246094,70.90557098388672,-37.78965759277344,-88.40489959716797,22.63504981994629,-0.8963621854782104,-11.285714285714285,70.90557098388672,-37.78965759277344,-88.40489959716797,22.63504981994629,22.309197651663403
8.728,0,-0.9654738306999207,-17.633197784423828,71.5920181274414,-37.23524475097656,-88.40780639648438,22.769168853759766,-0.9654738306999207,-12.076923076923077,71.5920181274414,-37.23524475097656,-88.40780639648438,22.769168853759766,22.309197651663403
8.761,0,-1.4341907501220703,-18.041847229003906,71.84780883789062,-37.15022277832031,-88.48308563232422,23.147226333618164,-1.4341907501220703,-12.868131868131869,71.84780883789062,-37.15022277832031,-88.48308563232422,23.147226333618164,22.309197651663403
8.795,0,-1.2181777954101562,-16.59284210205078,71.31488800048828,-38.380069732666016,-88.45951080322266,23.667089462280273,-1.2181777954101562,-13.747252747252746,71.31488800048828,-38.380069732666016,-88.45951080322266,23.667089462280273,22.243966079582517
8.828,0,-0.7900406718254089,-16.715564727783203,71.24800109863281,-38.36417007446289,-88.40713500976562,23.970232009887695,-0.7900406718254089,-14.626373626373626,71.24800109863281,-38.36417007446289,-88.40713500976562,23.970232009887695,22.309197651663403
8.861,0,-0.9422280192375183,-16.759552001953125,71.25424194335938,-38.43791580200195,-88.4021224975586,24.33921241760254,-0.9422280192375183,-15.32967032967033,71.25424194335938,-38.43791580200195,-88.4021224975586,24.33921241760254,22.765818656229612
8.894,0,-1.4496276378631592,-16.805665969848633,71.3014907836914,-38.386531829833984,-88.37767791748047,24.729265213012695,-1.4496276378631592,-16.208791208791208,71.3014907836914,-38.386531829833984,-88.37767791748047,24.729265213012695,23.15720808871494
8.929,0,-1.924687147140503,-18.120258331298828,72.17402648925781,-37.920501708984375,-88.52630615234375,24.841447830200195,-1.924687147140503,-17.087912087912088,72.17402648925781,-37.920501708984375,-88.52630615234375,24.841447830200195,23.483365949119374
8.962,0,-1.476677417755127,-18.572778701782227,72.21183776855469,-37.686683654785156,-88.52259063720703,25.142377853393555,-1.476677417755127,-17.87912087912088,72.21183776855469,-37.686683654785156,-88.52259063720703,25.142377853393555,23.874755381604697
8.995,0,-1.6498489379882812,-18.043102264404297,71.90377044677734,-38.130306243896484,-88.54043579101562,25.70598602294922,-1.6498489379882812,-18.043102264404297,71.90377044677734,-38.130306243896484,-88.54043579101562,25.70598602294922,24.200913242009133
9.027,0,-2.2139086723327637,-18.621658325195312,72.08319091796875,-37.73337173461914,-88.53246307373047,26.11712646484375,-2.2139086723327637,-18.621658325195312,72.08319091796875,-37.73337173461914,-88.53246307373047,26.11712646484375,24.46183953033268
9.061,0,-2.9045486450195312,-17.64266586303711,71.83226013183594,-38.67388153076172,-88.58246612548828,26.72398567199707,-2.9045486450195312,-17.64266586303711,71.83226013183594,-38.67388153076172,-88.58246612548828,26.72398567199707,24.787997390737115
9.095,0,-2.514315128326416,-16.264904022216797,71.15570068359375,-39.768131256103516,-88.49439239501953,27.310861587524414,-2.514315128326416,-16.264904022216797,71.15570068359375,-39.768131256103516,-88.49439239501953,27.310861587524414,25.309849967384213
9.133,0,-2.6995015144348145,-15.07679557800293,70.60682678222656,-40.6541862487793,-88.37858581542969,27.957263946533203,-2.6995015144348145,-15.07679557800293,70.60682678222656,-40.6541862487793,-88.37858581542969,27.957263946533203,25.701239399869536
9.161,0,-3.299067974090576,-15.50893497467041,70.88143920898438,-40.48613357543945,-88.37516784667969,28.309009552001953,-3.299067974090576,-15.50893497467041,70.88143920898438,-40.48613357543945,-88.37516784667969,28.309009552001953,26.157860404435745
9.196,0,-4.0112504959106445,-14.089620590209961,70.4985122680664,-41.790225982666016,-88.3983383178711,28.948688507080078,-4.0112504959106445,-14.089620590209961,70.4985122680664,-41.790225982666016,-88.3983383178711,28.948688507080078,26.679712981082844
9.227,0,-3.686283588409424,-13.562488555908203,70.21038055419922,-42.336997985839844,-88.30603790283203,29.509376525878906,-3.686283588409424,-13.562488555908203,70.21038055419922,-42.336997985839844,-88.30603790283203,29.509376525878906,27.266797129810826
9.261,0,-3.8864588737487793,-12.010005950927734,69.53563690185547,-43.50263977050781,-88.26839447021484,30.262025833129883,-3.8864588737487793,-12.010005950927734,69.53563690185547,-43.50263977050781,-88.26839447021484,30.262025833129883,27.65818656229615
9.296,0,-4.5218939781188965,-10.037881851196289,68.75053405761719,-44.92584991455078,-88.23275756835938,31.066913604736328,-4.5218939781188965,-10.037881851196289,68.75053405761719,-44.92584991455078,-88.23275756835938,31.066913604736328,28.31050228310502
9.328,0,-5.09674072265625,-10.260848999023438,69.06505584716797,-45.16908264160156,-88.36750030517578,31.597557067871094,-5.09674072265625,-10.260848999023438,69.06505584716797,-45.16908264160156,-88.36750030517578,31.597557067871094,28.897586431833005
9.361,0,-4.876882076263428,-9.717662811279297,68.673828125,-45.53335189819336,-88.2759780883789,32.251888275146484,-4.876882076263428,-9.717662811279297,68.673828125,-45.53335189819336,-88.2759780883789,32.251888275146484,29.549902152641877
9.395,0,-5.137172698974609,-7.742290496826172,67.73335266113281,-46.911773681640625,-88.25274658203125,33.12102508544922,-5.137172698974609,-7.742290496826172,67.73335266113281,-46.911773681640625,-88.25274658203125,33.12102508544922,30.332681017612522
9.428,0,-5.7771830558776855,-5.289955139160156,66.66443634033203,-48.62639617919922,-88.23528289794922,34.06704330444336,-5.7771830558776855,-5.289955139160156,66.66443634033203,-48.62639617919922,-88.23528289794922,34.06704330444336,30.919765166340508
9.462,0,-6.222259044647217,-2.3453235626220703,65.51923370361328,-50.72194290161133,-88.27304077148438,34.976654052734375,-6.222259044647217,-3.6593406593406588,65.9010989010989,-49.92307692307692,-88.27304077148438,34.976654052734375,31.57208088714938
9.497,0,-6.021557331085205,0.5001583099365234,64.43115234375,-52.908206939697266,-88.1807861328125,35.944984436035156,-6.021557331085205,-1.5494505494505493,65.02197802197803,-51.417582417582416,-88.1807861328125,35.944984436035156,32.28962818003914
9.531,0,-6.549534797668457,3.5729503631591797,63.266998291015625,-55.15032196044922,-88.21577453613281,36.93097686767578,-6.549534797668457,0.20879120879120894,64.31868131868131,-52.56043956043956,-88.21577453613281,36.93097686767578,33.202870189171556
9.564,0,-6.51767635345459,6.842317581176758,62.11343002319336,-57.67675018310547,-88.25785827636719,37.88870620727539,-6.51767635345459,2.142857142857143,63.527472527472526,-53.79120879120879,-88.25785827636719,37.88870620727539,33.9856490541422
9.597,0,-6.622410774230957,10.188066482543945,60.905731201171875,-60.23335266113281,-88.3243637084961,38.91688537597656,-6.622410774230957,3.989010989010989,62.73626373626374,-55.10989010989011,-88.3243637084961,38.91688537597656,34.96412263535551
9.631,0,-6.274183750152588,12.926050186157227,59.76845169067383,-62.285194396972656,-88.2410659790039,39.97020721435547,-6.274183750152588,5.835164835164835,61.94505494505495,-56.34065934065934,-88.2410659790039,39.97020721435547,35.87736464448793
9.664,0,-5.930752754211426,14.773672103881836,58.988731384277344,-63.742103576660156,-88.18724060058594,40.9556884765625,-5.930752754211426,7.769230769230769,61.24175824175825,-57.57142857142857,-88.18724060058594,40.9556884765625,36.79060665362035
9.698,0,-5.753410816192627,16.08683967590332,58.5303955078125,-64.916015625,-88.13980102539062,41.95274353027344,-5.753410816192627,9.703296703296704,60.450549450549445,-58.89010989010989,-88.13980102539062,41.95274353027344,37.83431180691454
9.731,0,-6.044261932373047,16.94135856628418,58.348304748535156,-65.83183288574219,-88.25633239746094,42.89041519165039,-6.044261932373047,11.54945054945055,59.65934065934066,-60.120879120879124,-88.25633239746094,42.89041519165039,38.87801696020874
9.765,0,-5.679040908813477,16.630647659301758,58.478004455566406,-65.77006530761719,-88.22439575195312,43.41305160522461,-5.679040908813477,13.395604395604396,58.86813186813187,-61.35164835164835,-88.22439575195312,43.41305160522461,39.85649054142205
9.798,0,-5.624130725860596,16.19862937927246,58.90618133544922,-65.93077087402344,-88.24951934814453,44.07265853881836,-5.624130725860596,15.417582417582418,58.90618133544922,-62.75824175824176,-88.24951934814453,44.07265853881836,40.834964122635355
9.831,0,-5.4218831062316895,16.801855087280273,58.56406784057617,-66.41801452636719,-88.17732238769531,45.05141067504883,-5.4218831062316895,16.801855087280273,58.56406784057617,-63.9010989010989,-88.17732238769531,45.05141067504883,41.74820613176777
9.865,0,-5.447141647338867,16.746423721313477,58.75458526611328,-66.63459777832031,-88.22064971923828,45.97382354736328,-5.447141647338867,16.746423721313477,58.75458526611328,-65.3076923076923,-88.22064971923828,45.97382354736328,42.465753424657535
9.898,0,-4.991750240325928,16.540891647338867,58.94371795654297,-66.70719909667969,-88.13277435302734,46.664390563964844,-4.991750240325928,16.540891647338867,58.94371795654297,-66.62637362637363,-88.13277435302734,46.664390563964844,43.18330071754729
9.931,0,-5.080172061920166,16.68584632873535,59.11654281616211,-67.2354736328125,-88.13008880615234,47.66960525512695,-5.080172061920166,16.68584632873535,59.11654281616211,-67.2354736328125,-88.13008880615234,47.66960525512695,44.09654272667971
9.963,0,-4.85829496383667,16.79945182800293,59.003990173339844,-67.33978271484375,-88.03520202636719,48.55065155029297,-4.85829496383667,16.79945182800293,59.003990173339844,-67.33978271484375,-88.03520202636719,48.55065155029297,44.94455316373124
9.996,0,-5.323160171508789,16.674123764038086,59.0855712890625,-67.3880844116211,-88.1282958984375,49.438011169433594,-5.323160171508789,16.674123764038086,59.0855712890625,-67.3880844116211,-88.1282958984375,49.438011169433594,45.72733202870189
10.030,0,-5.031685829162598,16.920045852661133,58.86567306518555,-67.46284484863281,-88.1234130859375,50.12839126586914,-5.031685829162598,16.920045852661133,58.86567306518555,-67.46284484863281,-88.1234130859375,50.12839126586914,46.705805609915195
10.063,0,-4.829511642456055,17.314664840698242,58.540306091308594,-67.71094512939453,-88.14907836914062,50.828392028808594,-4.829511642456055,17.314664840698242,58.540306091308594,-67.71094512939453,-88.14907836914062,50.828392028808594,47.55381604696673
10.096,0,-5.295799255371094,17.243467330932617,58.715843200683594,-67.82968139648438,-88.25276184082031,51.21074676513672,-5.295799255371094,17.243467330932617,58.715843200683594,-67.82968139648438,-88.25276184082031,51.21074676513672,48.401826484018265
10.130,0,-5.66391134262085,16.973825454711914,58.959014892578125,-67.70326232910156,-88.36898803710938,51.36090087890625,-5.66391134262085,16.973825454711914,58.959014892578125,-67.70326232910156,-88.36898803710938,51.36090087890625,49.18460534898891
10.164,0,-5.195730686187744,16.885374069213867,59.04765701293945,-67.71177673339844,-88.39165496826172,51.34715270996094,-5.195730686187744,16.885374069213867,59.04765701293945,-67.71177673339844,-88.39165496826172,51.34715270996094,49.902152641878665
10.197,0,-5.14273738861084,16.75765037536621,59.164512634277344,-67.703125,-88.47714233398438,51.377174377441406,-5.14273738861084,16.75765037536621,59.164512634277344,-67.703125,-88.47714233398438,51.377174377441406,50.42400521852577
10.231,0,-5.612462997436523,16.680341720581055,59.30815887451172,-67.75584411621094,-88.58854675292969,51.51155471801758,-5.612462997436523,16.680341720581055,59.30815887451172,-67.75584411621094,-88.58854675292969,51.51155471801758,50.68493150684932
10.264,0,-5.714071750640869,16.643381118774414,59.353851318359375,-67.72933959960938,-88.67068481445312,51.38722229003906,-5.714071750640869,16.643381118774414,59.353851318359375,-67.72933959960938,-88.67068481445312,51.38722229003906,50.81539465101109
10.300,0,-5.21375036239624,16.640657424926758,59.47184371948242,-67.83766174316406,-88.68073272705078,51.38750457763672,-5.21375036239624,16.640657424926758,59.47184371948242,-67.83766174316406,-88.68073272705078,51.38750457763672,51.011089367253746
10.331,0,-5.5200300216674805,16.500734329223633,59.614051818847656,-67.74272918701172,-88.77815246582031,51.39105987548828,-5.5200300216674805,16.500734329223633,59.614051818847656,-67.74272918701172,-88.77815246582031,51.39105987548828,51.07632093933464
10.364,0,-5.950568199157715,16.445280075073242,59.84416961669922,-67.84446716308594,-88.8799057006836,51.48927307128906,-5.950568199157715,16.445280075073242,59.84416961669922,-67.84446716308594,-88.8799057006836,51.48927307128906,51.07632093933464
10.399,0,-5.845207691192627,16.401567459106445,59.86496353149414,-67.79611206054688,-88.9608154296875,51.47488784790039,-5.845207691192627,16.401567459106445,59.86496353149414,-67.79611206054688,-88.9608154296875,51.47488784790039,51.07632093933464
10.432,0,-5.345661163330078,16.47023582458496,59.944549560546875,-67.93496704101562,-88.9530029296875,51.57206726074219,-5.345661163330078,16.47023582458496,59.944549560546875,-67.93496704101562,-88.9530029296875,51.57206726074219,51.07632093933464
10.465,0,-5.789684772491455,16.329702377319336,60.15541458129883,-67.98728942871094,-89.05308532714844,51.950618743896484,-5.789684772491455,16.329702377319336,60.15541458129883,-67.98728942871094,-89.05308532714844,51.950618743896484,51.07632093933464
10.498,0,-6.119344711303711,16.33619499206543,60.225135803222656,-67.99536895751953,-89.09651947021484,52.172340393066406,-6.119344711303711,16.33619499206543,60.225135803222656,-67.99536895751953,-89.09651947021484,52.172340393066406,51.07632093933464
10.532,0,-6.022150993347168,16.32121467590332,60.253543853759766,-67.95226287841797,-89.15047454833984,52.3145751953125,-6.022150993347168,16.32121467590332,60.253543853759766,-67.95226287841797,-89.15047454833984,52.3145751953125,51.141552511415526
10.566,0,-5.582733631134033,16.329362869262695,60.42033386230469,-68.09122467041016,-89.16088104248047,52.31292724609375,-5.582733631134033,16.329362869262695,60.42033386230469,-68.09122467041016,-89.16088104248047,52.31292724609375,51.532941943900845
10.599,0,-5.926784038543701,16.205286026000977,60.73129653930664,-68.19417572021484,-89.28328704833984,52.320945739746094,-5.926784038543701,16.205286026000977,60.73129653930664,-68.19417572021484,-89.28328704833984,52.320945739746094,51.728636660143515
10.633,0,-6.316155433654785,16.1861515045166,60.904640197753906,-68.29795837402344,-89.36312866210938,52.283653259277344,-6.316155433654785,16.1861515045166,60.904640197753906,-68.29795837402344,-89.36312866210938,52.283653259277344,51.85909980430529
10.666,0,-5.868402481079102,16.393259048461914,60.70006561279297,-68.3085708618164,-89.34622955322266,52.253440856933594,-5.868402481079102,16.393259048461914,60.70006561279297,-68.3085708618164,-89.34622955322266,52.253440856933594,51.85909980430529
10.699,0,-5.668878555297852,16.4471492767334,60.831764221191406,-68.44158172607422,-89.3507080078125,52.125022888183594,-5.668878555297852,16.4471492767334,60.831764221191406,-68.44158172607422,-89.3507080078125,52.125022888183594,51.85909980430529
10.734,0,-6.032086372375488,16.391996383666992,61.07495880126953,-68.55863952636719,-89.4658203125,52.09931182861328,-6.032086372375488,16.391996383666992,61.07495880126953,-68.55863952636719,-89.4658203125,52.09931182861328,51.85909980430529
10.766,0,-6.4226155281066895,16.418787002563477,61.12102508544922,-68.6076889038086,-89.52405548095703,52.03803634643555,-6.4226155281066895,16.418787002563477,61.12102508544922,-68.6076889038086,-89.52405548095703,52.03803634643555,51.85909980430529
10.802,0,-5.889772891998291,16.736318588256836,60.762855529785156,-68.6368179321289,-89.48554992675781,51.88088607788086,-5.889772891998291,16.736318588256836,60.762855529785156,-68.6368179321289,-89.48554992675781,51.88088607788086,51.85909980430529
10.833,0,-6.325634002685547,16.697378158569336,60.89813995361328,-68.62324523925781,-89.59757232666016,51.776283264160156,-6.325634002685547,16.697378158569336,60.89813995361328,-68.62324523925781,-89.59757232666016,51.776283264160156,51.85909980430529
10.868,0,-5.7165846824646,16.777822494506836,60.900211334228516,-68.83889770507812,-89.59359741210938,51.642005920410156,-5.7165846824646,16.777822494506836,60.900211334228516,-68.83889770507812,-89.59359741210938,51.642005920410156,51.85909980430529
10.908,0,-6.1389007568359375,16.705636978149414,60.973167419433594,-68.76698303222656,-89.64968872070312,51.596153259277344,-6.1389007568359375,16.705636978149414,60.973167419433594,-68.76698303222656,-89.64968872070312,51.596153259277344,51.85909980430529
10.935,0,-5.566680431365967,17.002851486206055,60.75957489013672,-68.90599822998047,-89.5914077758789,51.487998962402344,-5.566680431365967,17.002851486206055,60.75957489013672,-68.90599822998047,-89.5914077758789,51.487998962402344,51.85909980430529
10.969,0,-6.022593975067139,16.893815994262695,60.84856414794922,-68.76161193847656,-89.69078063964844,51.39280319213867,-6.022593975067139,16.893815994262695,60.84856414794922,-68.76161193847656,-89.69078063964844,51.39280319213867,51.85909980430529
11.002,0,-5.4403300285339355,17.214014053344727,60.72848892211914,-69.13119506835938,-89.61624145507812,51.35190200805664,-5.4403300285339355,17.214014053344727,60.72848892211914,-69.13119506835938,-89.61624145507812,51.35190200805664,51.85909980430529
11.035,0,-5.674429893493652,17.063020706176758,60.8669548034668,-69.0553970336914,-89.63838195800781,51.235008239746094,-5.674429893493652,17.063020706176758,60.8669548034668,-69.0553970336914,-89.63838195800781,51.235008239746094,51.79386823222439
11.069,0,-5.044979095458984,17.38045310974121,60.548770904541016,-69.17393493652344,-89.5707778930664,51.12644958496094,-5.044979095458984,17.38045310974121,60.548770904541016,-69.17393493652344,-89.5707778930664,51.12644958496094,51.728636660143515
11.102,0,-5.485723972320557,17.2352352142334,60.6556282043457,-69.04225158691406,-89.6778793334961,51.008567810058594,-5.485723972320557,17.2352352142334,60.6556282043457,-69.04225158691406,-89.6778793334961,51.008567810058594,51.728636660143515
11.144,0,-4.877065658569336,17.802309036254883,60.39502716064453,-69.57699584960938,-89.57588195800781,51.06521987915039,-4.877065658569336,17.802309036254883,60.39502716064453,-69.57699584960938,-89.57588195800781,51.06521987915039,51.728636660143515
11.171,0,-5.100172519683838,17.5856990814209,60.72625732421875,-69.63124084472656,-89.5898208618164,51.10926055908203,-5.100172519683838,17.5856990814209,60.72625732421875,-69.63124084472656,-89.5898208618164,51.10926055908203,51.46771037181996
11.203,0,-4.463408946990967,17.884458541870117,60.35874557495117,-69.72034454345703,-89.5172348022461,51.14312744140625,-4.463408946990967,17.884458541870117,60.35874557495117,-69.72034454345703,-89.5172348022461,51.14312744140625,51.33724722765819
11.236,0,-4.53195858001709,17.86855125427246,60.24363708496094,-69.56195068359375,-89.56607818603516,51.09135437011719,-4.53195858001709,17.86855125427246,60.24363708496094,-69.56195068359375,-89.56607818603516,51.09135437011719,51.33724722765819
11.270,0,-3.9355854988098145,18.3732852935791,59.98154067993164,-70.05677795410156,-89.49530792236328,51.18163299560547,-3.9355854988098145,18.3732852935791,59.98154067993164,-70.05677795410156,-89.49530792236328,51.18163299560547,51.2720156555773
11.305,0,-4.123353004455566,18.246641159057617,60.202239990234375,-70.11126708984375,-89.49784851074219,51.244232177734375,-4.123353004455566,18.246641159057617,60.202239990234375,-70.11126708984375,-89.49784851074219,51.244232177734375,51.2720156555773
11.337,0,-4.156618595123291,18.25400733947754,60.099639892578125,-69.97637939453125,-89.50514221191406,51.32954406738281,-4.156618595123291,18.25400733947754,60.099639892578125,-69.97637939453125,-89.50514221191406,51.32954406738281,51.2720156555773
11.371,0,-3.8926949501037598,18.508878707885742,59.83918762207031,-70.03880310058594,-89.47093963623047,51.278846740722656,-3.8926949501037598,18.508878707885742,59.83918762207031,-70.03880310058594,-89.47093963623047,51.278846740722656,51.2720156555773
11.404,0,-3.273721694946289,18.342920303344727,59.91255187988281,-69.9753189086914,-89.38215637207031,51.33397674560547,-3.273721694946289,18.342920303344727,59.91255187988281,-69.9753189086914,-89.38215637207031,51.33397674560547,51.2720156555773
11.437,0,-3.460127830505371,18.238134384155273,60.07429504394531,-70.00669860839844,-89.35555267333984,51.51224136352539,-3.460127830505371,18.238134384155273,60.07429504394531,-70.00669860839844,-89.35555267333984,51.51224136352539,51.2720156555773
11.471,0,-3.517580509185791,18.2174015045166,60.085174560546875,-69.99227142333984,-89.36642456054688,51.5490837097168,-3.517580509185791,18.2174015045166,60.085174560546875,-69.99227142333984,-89.36642456054688,51.5490837097168,51.2720156555773
11.504,0,-2.981919765472412,18.853029251098633,59.58462905883789,-70.28517150878906,-89.27562713623047,51.59678268432617,-2.981919765472412,18.853029251098633,59.58462905883789,-70.28517150878906,-89.27562713623047,51.59678268432617,51.2720156555773
11.537,0,-2.81593918800354,18.750051498413086,59.76591110229492,-70.35348510742188,-89.25861358642578,51.63194274902344,-2.81593918800354,18.750051498413086,59.76591110229492,-70.35348510742188,-89.25861358642578,51.63194274902344,51.2720156555773
11.571,0,-2.9243083000183105,18.78961753845215,59.670406341552734,-70.27014923095703,-89.14904022216797,51.79468536376953,-2.9243083000183105,18.78961753845215,59.670406341552734,-70.27014923095703,-89.14904022216797,51.79468536376953,51.2720156555773
11.604,0,-3.026278018951416,18.9193058013916,59.63835144042969,-70.34542846679688,-89.13734436035156,51.83070755004883,-3.026278018951416,18.9193058013916,59.63835144042969,-70.34542846679688,-89.13734436035156,51.83070755004883,51.2720156555773
11.638,0,-2.4607625007629395,19.588285446166992,59.11225891113281,-70.63497924804688,-89.03309631347656,51.84458923339844,-2.4607625007629395,19.588285446166992,59.11225891113281,-70.63497924804688,-89.03309631347656,51.84458923339844,51.2720156555773
11.671,0,-2.3079280853271484,19.54534339904785,59.16840744018555,-70.66444396972656,-88.98632049560547,51.94994354248047,-2.3079280853271484,19.54534339904785,59.16840744018555,-70.66444396972656,-88.98632049560547,51.94994354248047,51.40247879973907
11.705,0,-2.3932745456695557,19.676488876342773,58.987648010253906,-70.62271881103516,-88.8886947631836,52.14227294921875,-2.3932745456695557,19.676488876342773,58.987648010253906,-70.62271881103516,-88.8886947631836,52.14227294921875,51.46771037181996
11.737,0,-1.8037748336791992,20.390871047973633,58.61832046508789,-71.10116577148438,-88.76089477539062,52.34645080566406,-1.8037748336791992,20.390871047973633,58.61832046508789,-71.10116577148438,-88.76089477539062,52.34645080566406,51.46771037181996
11.771,0,-1.9358313083648682,20.520933151245117,58.40546798706055,-70.9591064453125,-88.75850677490234,52.30158233642578,-1.9358313083648682,20.520933151245117,58.40546798706055,-70.9591064453125,-88.75850677490234,52.30158233642578,51.598173515981735
11.806,0,-1.9865416288375854,20.699827194213867,58.145301818847656,-70.9051284790039,-88.75153350830078,52.2960319519043,-1.9865416288375854,20.699827194213867,58.145301818847656,-70.9051284790039,-88.75153350830078,52.2960319519043,51.85909980430529
11.838,0,-2.042710065841675,20.77280616760254,58.01374816894531,-70.75556945800781,-88.6171875,52.448020935058594,-2.042710065841675,20.77280616760254,58.01374816894531,-70.75556945800781,-88.6171875,52.448020935058594,51.98956294846706
11.875,0,-1.434540867805481,21.469770431518555,57.61669921875,-71.20878601074219,-88.4952392578125,52.662235260009766,-1.434540867805481,21.469770431518555,57.61669921875,-71.20878601074219,-88.4952392578125,52.662235260009766,51.98956294846706
11.972,0,-1.571061611175537,21.652341842651367,57.39696502685547,-71.12004852294922,-88.49407196044922,52.59271240234375,-1.571061611175537,21.652341842651367,57.39696502685547,-71.12004852294922,-88.49407196044922,52.59271240234375,51.98956294846706
12.000,0,-1.5497301816940308,21.90375328063965,57.11900329589844,-71.11878967285156,-88.46379852294922,52.500389099121094,-1.5497301816940308,21.90375328063965,57.11900329589844,-71.11878967285156,-88.46379852294922,52.500389099121094,52.31572080887149
12.031,0,-1.6231870651245117,22.039342880249023,56.932228088378906,-70.98567199707031,-88.38192749023438,52.63930130004883,-1.6231870651245117,22.039342880249023,56.932228088378906,-70.98567199707031,-88.38192749023438,52.63930130004883,52.38095238095239
12.064,0,-1.3636362552642822,22.439008712768555,56.43982696533203,-70.97216033935547,-88.34306335449219,52.64013671875,-1.3636362552642822,22.439008712768555,56.43982696533203,-70.97216033935547,-88.34306335449219,52.64013671875,52.38095238095239
12.098,0,-1.498070240020752,22.64577293395996,56.063194274902344,-70.75542449951172,-88.33174133300781,52.58205795288086,-1.498070240020752,22.64577293395996,56.063194274902344,-70.75542449951172,-88.33174133300781,52.58205795288086,52.38095238095239
12.132,0,-1.454148292541504,22.97849464416504,55.653282165527344,-70.74971008300781,-88.28311920166016,52.51240539550781,-1.454148292541504,22.97849464416504,55.653282165527344,-70.74971008300781,-88.28311920166016,52.51240539550781,52.38095238095239
12.165,0,-1.7953054904937744,23.089990615844727,55.60204315185547,-70.72592163085938,-88.34724426269531,52.404296875,-1.7953054904937744,23.089990615844727,55.60204315185547,-70.72592163085938,-88.34724426269531,52.404296875,52.38095238095239
12.198,0,-1.4988956451416016,23.454076766967773,55.15382766723633,-70.69566345214844,-88.30122375488281,52.283912658691406,-1.4988956451416016,23.454076766967773,55.15382766723633,-70.69566345214844,-88.30122375488281,52.283912658691406,52.38095238095239
12.231,0,-1.3738025426864624,23.667043685913086,54.74497985839844,-70.48412322998047,-88.24226379394531,52.049861907958984,-1.3738025426864624,23.667043685913086,54.74497985839844,-70.48412322998047,-88.24226379394531,52.049861907958984,52.38095238095239
12.265,0,-1.7292652130126953,23.697973251342773,54.720558166503906,-70.42575073242188,-88.29768371582031,51.89929962158203,-1.7292652130126953,23.697973251342773,54.720558166503906,-70.42575073242188,-88.29768371582031,51.89929962158203,52.38095238095239
12.306,0,-2.0942137241363525,23.815385818481445,54.69793701171875,-70.43292236328125,-88.36730194091797,51.71937561035156,-2.0942137241363525,23.815385818481445,54.69793701171875,-70.43292236328125,-88.36730194091797,51.71937561035156,52.31572080887149
12.331,0,-1.8223203420639038,24.05485725402832,54.27388381958008,-70.30441284179688,-88.3395767211914,51.612552642822266,-1.8223203420639038,24.05485725402832,54.27388381958008,-70.30441284179688,-88.3395767211914,51.612552642822266,52.31572080887149
12.367,0,-1.7146536111831665,24.142732620239258,53.92713928222656,-70.1119384765625,-88.3134536743164,51.496559143066406,-1.7146536111831665,24.142732620239258,53.92713928222656,-70.1119384765625,-88.3134536743164,51.496559143066406,52.120026092628834
12.398,0,-1.5633596181869507,24.33952522277832,53.65393829345703,-70.09342956542969,-88.27423858642578,51.253265380859375,-1.5633596181869507,24.33952522277832,53.65393829345703,-70.09342956542969,-88.27423858642578,51.253265380859375,51.98956294846706
12.433,0,-1.9177099466323853,24.38072395324707,53.69573211669922,-70.06903839111328,-88.33900451660156,50.99296569824219,-1.9177099466323853,24.38072395324707,53.69573211669922,-70.06903839111328,-88.33900451660156,50.99296569824219,51.92433137638617
12.466,0,-2.2994933128356934,24.330385208129883,53.931907653808594,-70.13863372802734,-88.41204071044922,50.70487976074219,-2.2994933128356934,24.330385208129883,53.931907653808594,-70.13863372802734,-88.41204071044922,50.70487976074219,51.728636660143515
12.500,0,-1.7492271661758423,24.498640060424805,53.63378143310547,-70.04708862304688,-88.2533950805664,50.4376220703125,-1.7492271661758423,24.498640060424805,53.63378143310547,-70.04708862304688,-88.2533950805664,50.4376220703125,51.46771037181996
12.533,0,-1.9490855932235718,24.41396141052246,53.793922424316406,-70.02445220947266,-88.28722381591797,50.10010528564453,-1.9490855932235718,24.41396141052246,53.793922424316406,-70.02445220947266,-88.28722381591797,50.10010528564453,51.2720156555773
12.567,0,-2.147627115249634,24.2903995513916,53.952816009521484,-69.9442138671875,-88.3189468383789,49.74592590332031,-2.147627115249634,24.2903995513916,53.952816009521484,-69.9442138671875,-88.3189468383789,49.74592590332031,50.94585779517287
12.599,0,-2.5263566970825195,24.259809494018555,54.18679428100586,-70.02105712890625,-88.41055297851562,49.39154815673828,-2.5263566970825195,24.259809494018555,54.18679428100586,-70.02105712890625,-88.41055297851562,49.39154815673828,50.7501630789302
12.633,0,-2.425534248352051,24.041383743286133,54.453365325927734,-69.95269012451172,-88.33213806152344,49.07609558105469,-2.425534248352051,24.041383743286133,54.453365325927734,-69.95269012451172,-88.33213806152344,49.07609558105469,50.358773646444874
12.666,0,-2.3175644874572754,23.910131454467773,54.70128631591797,-69.97540283203125,-88.26164245605469,48.801963806152344,-2.3175644874572754,23.910131454467773,54.70128631591797,-69.97540283203125,-88.26164245605469,48.801963806152344,50.032615786040445
12.699,0,-2.552670955657959,23.618989944458008,54.99732208251953,-69.83822631835938,-88.30174255371094,48.31661605834961,-2.552670955657959,23.618989944458008,54.99732208251953,-69.83822631835938,-88.30174255371094,48.31661605834961,49.706457925636
12.734,0,-1.941650629043579,23.818090438842773,54.71269989013672,-69.88741302490234,-88.16112518310547,48.138633728027344,-1.941650629043579,23.818090438842773,54.71269989013672,-69.88741302490234,-88.16112518310547,48.138633728027344,49.380300065231566
12.767,0,-1.2840749025344849,24.086862564086914,54.409080505371094,-69.93419647216797,-88.01978302001953,47.89240264892578,-1.2840749025344849,24.086862564086914,54.409080505371094,-69.93419647216797,-88.01978302001953,47.89240264892578,49.05414220482713
12.800,0,-1.6536180973052979,23.875375747680664,54.743553161621094,-69.96687316894531,-88.11312866210938,47.41212463378906,-1.6536180973052979,23.875375747680664,54.743553161621094,-69.96687316894531,-88.11312866210938,47.41212463378906,48.7279843444227
12.834,0,-1.0666470527648926,24.551687240600586,54.3355712890625,-70.35161590576172,-87.9671859741211,47.32443618774414,-1.0666470527648926,24.551687240600586,54.3355712890625,-70.35161590576172,-87.9671859741211,47.32443618774414,48.401826484018265
12.870,0,-0.4954226016998291,25.407438278198242,53.86174011230469,-70.96376037597656,-87.83136749267578,47.4150390625,-0.4954226016998291,25.407438278198242,53.86174011230469,-70.96376037597656,-87.83136749267578,47.4150390625,48.14090019569471
12.901,0,0.12172794342041016,25.6110897064209,53.7010498046875,-71.02725219726562,-87.69652557373047,47.13762283325195,0.12172794342041016,25.6110897064209,53.7010498046875,-71.02725219726562,-87.69652557373047,47.13762283325195,47.814742335290276
12.935,0,-0.18135708570480347,25.353639602661133,53.972415924072266,-70.90745544433594,-87.72522735595703,46.81389617919922,-0.18135708570480347,25.353639602661133,53.972415924072266,-70.90745544433594,-87.72522735595703,46.81389617919922,47.6842791911285
12.969,0,-0.5171791315078735,25.19822120666504,54.21059799194336,-70.81333923339844,-87.77188873291016,46.47409439086914,-0.5171791315078735,25.19822120666504,54.21059799194336,-70.81333923339844,-87.77188873291016,46.47409439086914,47.61904761904761
13.003,0,-0.37516850233078003,25.137975692749023,54.11332702636719,-70.68499755859375,-87.77039337158203,46.306556701660156,-0.37516850233078003,25.137975692749023,54.11332702636719,-70.68499755859375,-87.77039337158203,46.306556701660156,47.35812133072407
13.037,0,-0.7238868474960327,24.891897201538086,54.37518310546875,-70.63459014892578,-87.88240051269531,45.98133087158203,-0.7238868474960327,24.891897201538086,54.37518310546875,-70.63459014892578,-87.88240051269531,45.98133087158203,47.03196347031963
13.069,0,-1.0984224081039429,24.542959213256836,54.714820861816406,-70.58592224121094,-87.99736022949219,45.563743591308594,-1.0984224081039429,24.542959213256836,54.714820861816406,-70.58592224121094,-87.99736022949219,45.563743591308594,46.705805609915195
13.102,0,-1.3097507953643799,24.839048385620117,54.464149475097656,-70.63436889648438,-88.02450561523438,45.528846740722656,-1.3097507953643799,24.839048385620117,54.464149475097656,-70.63436889648438,-88.02450561523438,45.528846740722656,46.51011089367253
13.137,0,-0.8139908909797668,24.605398178100586,54.389259338378906,-70.32962036132812,-87.90327453613281,45.28717041015625,-0.8139908909797668,24.605398178100586,54.389259338378906,-70.32962036132812,-87.90327453613281,45.28717041015625,46.1839530332681
13.170,0,-0.3011575937271118,24.65349769592285,54.29435729980469,-70.29862213134766,-87.79225158691406,45.073707580566406,-0.3011575937271118,24.65349769592285,54.29435729980469,-70.29862213134766,-87.79225158691406,45.073707580566406,45.92302674494455
13.203,0,-0.6595637202262878,23.915555953979492,54.83717346191406,-69.91603088378906,-87.8892822265625,44.501861572265625,-0.6595637202262878,23.915555953979492,54.83717346191406,-69.91603088378906,-87.8892822265625,44.501861572265625,45.72733202870189
13.237,0,-0.9154255986213684,23.995180130004883,54.74155044555664,-69.88894653320312,-87.9435806274414,44.40997314453125,-0.9154255986213684,23.995180130004883,54.74155044555664,-69.88894653320312,-87.9435806274414,44.40997314453125,45.46640574037834
13.270,0,-1.1803213357925415,23.548490524291992,54.931007385253906,-69.56336975097656,-88.00897979736328,44.06486511230469,-1.1803213357925415,23.548490524291992,54.931007385253906,-69.56336975097656,-88.00897979736328,44.06486511230469,45.20547945205479
13.304,0,-0.7872199416160583,23.788007736206055,54.910728454589844,-69.8809814453125,-87.96243286132812,43.717437744140625,-0.7872199416160583,23.788007736206055,54.910728454589844,-69.8809814453125,-87.96243286132812,43.717437744140625,44.87932159165035
13.337,0,-0.6736899614334106,23.111547470092773,55.319496154785156,-69.46331024169922,-87.96245574951172,43.10447311401367,-0.6736899614334106,23.111547470092773,55.319496154785156,-69.46331024169922,-87.96245574951172,43.10447311401367,44.61839530332681
13.372,0,-0.5629422068595886,22.930139541625977,55.494224548339844,-69.43611145019531,-87.939208984375,42.76219940185547,-0.5629422068595886,22.930139541625977,55.494224548339844,-69.43611145019531,-87.939208984375,42.76219940185547,44.29223744292237
13.404,0,-0.9272140860557556,22.149709701538086,56.02412414550781,-68.96437072753906,-88.04529571533203,42.147010803222656,-0.9272140860557556,22.149709701538086,56.02412414550781,-68.96437072753906,-88.04529571533203,42.147010803222656,43.966079582517935
13.443,0,-0.6226073503494263,22.673593521118164,55.7501106262207,-69.35256958007812,-88.05229949951172,41.950157165527344,-0.6226073503494263,22.673593521118164,55.7501106262207,-69.35256958007812,-88.05229949951172,41.950157165527344,43.444227005870836
13.470,0,-0.7275444865226746,22.13298988342285,55.97655487060547,-68.88179016113281,-88.11026000976562,41.653038024902344,-0.7275444865226746,22.13298988342285,55.97655487060547,-68.88179016113281,-88.11026000976562,41.653038024902344,43.05283757338552
13.503,0,-0.0447005033493042,22.632062911987305,55.65137481689453,-69.23381042480469,-88.03103637695312,41.708099365234375,-0.0447005033493042,22.632062911987305,55.65137481689453,-69.23381042480469,-88.03103637695312,41.708099365234375,42.59621656881931
13.537,0,-0.44612184166908264,22.21497917175293,55.92334747314453,-68.97355651855469,-88.1001968383789,41.468162536621094,-0.44612184166908264,22.21497917175293,55.92334747314453,-68.97355651855469,-88.1001968383789,41.468162536621094,42.335290280495755
13.572,0,-0.34938907623291016,22.097429275512695,55.8470458984375,-68.78282165527344,-88.13843536376953,41.42402648925781,-0.34938907623291016,22.097429275512695,55.8470458984375,-68.78282165527344,-88.13843536376953,41.42402648925781,42.07436399217221
13.605,0,-0.7401469945907593,21.583593368530273,56.200958251953125,-68.4703369140625,-88.23743438720703,41.22123336791992,-0.7401469945907593,21.583593368530273,56.200958251953125,-68.4703369140625,-88.23743438720703,41.22123336791992,41.878669275929546
13.638,0,-0.16928112506866455,22.099767684936523,55.88175964355469,-68.77317810058594,-88.17151641845703,41.336463928222656,-0.16928112506866455,22.099767684936523,55.88175964355469,-68.77317810058594,-88.17151641845703,41.336463928222656,41.74820613176777
13.672,0,-0.5874795913696289,21.691125869750977,56.186031341552734,-68.53825378417969,-88.27494049072266,41.18388366699219,-0.5874795913696289,21.691125869750977,56.186031341552734,-68.53825378417969,-88.27494049072266,41.18388366699219,41.617742987606
13.705,0,-0.3428100347518921,21.734533309936523,56.05179214477539,-68.46391296386719,-88.26606750488281,41.23528289794922,-0.3428100347518921,21.734533309936523,56.05179214477539,-68.46391296386719,-88.26606750488281,41.23528289794922,41.55251141552511
13.739,0,-0.7680892944335938,20.965009689331055,56.527252197265625,-67.9770278930664,-88.37067413330078,40.92013168334961,-0.7680892944335938,20.965009689331055,56.527252197265625,-67.9770278930664,-88.37067413330078,40.92013168334961,41.42204827136334
13.771,0,-0.7461916208267212,20.945093154907227,56.574493408203125,-68.03059387207031,-88.3572998046875,41.0656623840332,-0.7461916208267212,20.945093154907227,56.574493408203125,-68.03059387207031,-88.3572998046875,41.0656623840332,41.35681669928245
13.805,0,-1.1897320747375488,20.29679298400879,56.946685791015625,-67.64046478271484,-88.4698257446289,40.84498977661133,-1.1897320747375488,20.29679298400879,56.946685791015625,-67.64046478271484,-88.4698257446289,40.84498977661133,41.226353555120674
13.840,0,-1.002967357635498,20.13210105895996,56.95398712158203,-67.45203399658203,-88.46085357666016,40.75871276855469,-1.002967357635498,20.13210105895996,56.95398712158203,-67.45203399658203,-88.46085357666016,40.75871276855469,41.16112198303979
13.874,0,-1.0951491594314575,19.928834915161133,57.174156188964844,-67.41913604736328,-88.45079040527344,40.597747802734375,-1.0951491594314575,19.928834915161133,57.174156188964844,-67.41913604736328,-88.45079040527344,40.597747802734375,41.16112198303979
13.905,0,-1.0422378778457642,19.695566177368164,57.360198974609375,-67.39225769042969,-88.43379211425781,40.65959548950195,-1.0422378778457642,19.695566177368164,57.360198974609375,-67.39225769042969,-88.43379211425781,40.65959548950195,41.16112198303979
13.940,0,-1.480791449546814,19.2220516204834,57.65547180175781,-67.10874938964844,-88.52711486816406,40.46989440917969,-1.480791449546814,19.2220516204834,57.65547180175781,-67.10874938964844,-88.52711486816406,40.46989440917969,41.03065883887801
13.972,0,-1.2910937070846558,19.02961540222168,57.66638946533203,-66.96084594726562,-88.52135467529297,40.441436767578125,-1.2910937070846558,19.02961540222168,57.66638946533203,-66.96084594726562,-88.52135467529297,40.441436767578125,40.90019569471624
14.006,0,-1.732609748840332,18.341814041137695,58.06214141845703,-66.53414916992188,-88.60821533203125,40.1994743347168,-1.732609748840332,18.341814041137695,58.06214141845703,-66.53414916992188,-88.60821533203125,40.1994743347168,40.769732550554465
14.039,0,-1.6336381435394287,18.35276985168457,58.19257354736328,-66.71803283691406,-88.59496307373047,40.308494567871094,-1.6336381435394287,18.35276985168457,58.19257354736328,-66.71803283691406,-88.59496307373047,40.308494567871094,40.704500978473575
14.072,0,-2.0497965812683105,17.383867263793945,58.6555290222168,-66.00389862060547,-88.69063568115234,39.99639892578125,-2.0497965812683105,17.383867263793945,58.6555290222168,-66.00389862060547,-88.69063568115234,39.99639892578125,40.5740378343118
14.106,0,-1.9307812452316284,17.51869773864746,58.575408935546875,-66.09832763671875,-88.68051147460938,40.03904724121094,-1.9307812452316284,17.51869773864746,58.575408935546875,-66.09832763671875,-88.68051147460938,40.03904724121094,40.50880626223092
14.141,0,-1.372438669204712,17.74494743347168,58.36100387573242,-66.28770446777344,-88.60294342041016,40.07367706298828,-1.372438669204712,17.74494743347168,58.36100387573242,-66.28770446777344,-88.60294342041016,40.07367706298828,40.37834311806915
14.174,0,-1.5695745944976807,17.809545516967773,58.3153076171875,-66.36503601074219,-88.68489074707031,40.20140075683594,-1.5695745944976807,17.809545516967773,58.3153076171875,-66.36503601074219,-88.68489074707031,40.20140075683594,40.24787997390737
14.207,0,-1.9949604272842407,16.826749801635742,58.781700134277344,-65.65292358398438,-88.78559112548828,39.85466766357422,-1.9949604272842407,16.826749801635742,58.781700134277344,-65.65292358398438,-88.78559112548828,39.85466766357422,40.182648401826484
14.240,0,-1.9069132804870605,16.33955955505371,58.980106353759766,-65.28817749023438,-88.7775650024414,39.826744079589844,-1.9069132804870605,16.33955955505371,58.980106353759766,-65.28817749023438,-88.7775650024414,39.826744079589844,40.182648401826484
14.274,0,-1.4371390342712402,16.58567237854004,58.8010139465332,-65.47956848144531,-88.69059753417969,39.81521987915039,-1.4371390342712402,16.58567237854004,58.8010139465332,-65.47956848144531,-88.69059753417969,39.81521987915039,40.182648401826484
14.308,0,-1.1795320510864258,17.40559196472168,58.50569152832031,-66.1820068359375,-88.58081817626953,39.99376678466797,-1.1795320510864258,17.40559196472168,58.50569152832031,-66.1820068359375,-88.58081817626953,39.99376678466797,40.05218525766471
14.341,0,-1.5779798030853271,16.504751205444336,58.91686248779297,-65.48690795898438,-88.67447662353516,39.68217468261719,-1.5779798030853271,16.504751205444336,58.91686248779297,-65.48690795898438,-88.67447662353516,39.68217468261719,40.05218525766471
14.375,0,-1.6473411321640015,16.52964210510254,58.713165283203125,-65.21694946289062,-88.66825103759766,39.642059326171875,-1.6473411321640015,16.52964210510254,58.713165283203125,-65.21694946289062,-88.66825103759766,39.642059326171875,40.05218525766471
14.407,0,-1.6714003086090088,16.706445693969727,58.58783721923828,-65.38682556152344,-88.69902801513672,39.915557861328125,-1.6714003086090088,16.706445693969727,58.58783721923828,-65.38682556152344,-88.69902801513672,39.915557861328125,40.05218525766471
14.442,0,-1.1031752824783325,17.66224479675293,58.153358459472656,-66.02497863769531,-88.55754852294922,40.153465270996094,-1.1031752824783325,17.66224479675293,58.153358459472656,-66.02497863769531,-88.55754852294922,40.153465270996094,39.85649054142205
14.482,0,-1.5343488454818726,16.854551315307617,58.731082916259766,-65.65103149414062,-88.6399917602539,39.90599060058594,-1.5343488454818726,16.854551315307617,58.731082916259766,-65.65103149414062,-88.6399917602539,39.90599060058594,39.79125896934116
14.508,0,-1.402661919593811,17.309289932250977,58.507286071777344,-65.7845458984375,-88.5426025390625,39.94163131713867,-1.402661919593811,17.309289932250977,58.507286071777344,-65.7845458984375,-88.5426025390625,39.94163131713867,39.79125896934116
14.541,0,-0.9876833558082581,17.780813217163086,58.19464111328125,-66.17059326171875,-88.51131439208984,40.337677001953125,-0.9876833558082581,17.780813217163086,58.19464111328125,-66.17059326171875,-88.51131439208984,40.337677001953125,39.79125896934116
14.575,0,-0.7238868474960327,18.912755966186523,57.73361587524414,-67.00534057617188,-88.40400695800781,40.628231048583984,-0.7238868474960327,18.912755966186523,57.73361587524414,-67.00534057617188,-88.40400695800781,40.628231048583984,39.79125896934116
14.613,0,-1.1435030698776245,18.1378231048584,58.29838562011719,-66.6251220703125,-88.47419738769531,40.39006805419922,-1.1435030698776245,18.1378231048584,58.29838562011719,-66.6251220703125,-88.47419738769531,40.39006805419922,39.79125896934116
14.643,0,-1.0524420738220215,18.50917625427246,58.10665512084961,-66.74971771240234,-88.41365814208984,40.424034118652344,-1.0524420738220215,18.50917625427246,58.10665512084961,-66.74971771240234,-88.41365814208984,40.424034118652344,39.85649054142205
14.674,0,-1.0844433307647705,18.8574161529541,57.91952133178711,-67.04029846191406,-88.45282745361328,40.79702377319336,-1.0844433307647705,18.8574161529541,57.91952133178711,-67.04029846191406,-88.45282745361328,40.79702377319336,39.98695368558382
14.709,0,-1.045347809791565,18.981645584106445,57.899295806884766,-67.15015411376953,-88.4235610961914,40.96111297607422,-1.045347809791565,18.981645584106445,57.899295806884766,-67.15015411376953,-88.4235610961914,40.96111297607422,39.98695368558382
14.743,0,-1.4882268905639648,18.352418899536133,58.37226104736328,-66.83854675292969,-88.47236633300781,40.79833221435547,-1.4882268905639648,18.352418899536133,58.37226104736328,-66.83854675292969,-88.47236633300781,40.79833221435547,40.11741682974559
14.776,0,-1.3495699167251587,19.065561294555664,58.01185607910156,-67.27378845214844,-88.40116119384766,40.83011245727539,-1.3495699167251587,19.065561294555664,58.01185607910156,-67.27378845214844,-88.40116119384766,40.83011245727539,40.37834311806915
14.809,0,-1.3404237031936646,19.22879981994629,57.9325065612793,-67.44503784179688,-88.4300537109375,41.078125,-1.3404237031936646,19.22879981994629,57.9325065612793,-67.44503784179688,-88.4300537109375,41.078125,40.44357469015003
14.843,0,-1.234050989151001,19.198335647583008,58.02245330810547,-67.49848175048828,-88.37667083740234,41.11671447753906,-1.234050989151001,19.198335647583008,58.02245330810547,-67.49848175048828,-88.37667083740234,41.11671447753906,40.50880626223092
14.877,0,-1.7074949741363525,18.622434616088867,58.512054443359375,-67.27958679199219,-88.43204498291016,41.04161071777344,-1.7074949741363525,18.622434616088867,58.512054443359375,-67.27958679199219,-88.43204498291016,41.04161071777344,40.50880626223092
14.909,0,-1.572530746459961,19.298688888549805,58.187740325927734,-67.6739273071289,-88.34619903564453,41.02468490600586,-1.572530746459961,19.298688888549805,58.187740325927734,-67.6739273071289,-88.34619903564453,41.02468490600586,40.63926940639269
14.943,0,-1.5188485383987427,19.418535232543945,58.01230239868164,-67.72869873046875,-88.35967254638672,41.347816467285156,-1.5188485383987427,19.418535232543945,58.01230239868164,-67.72869873046875,-88.35967254638672,41.347816467285156,40.769732550554465
14.977,0,-1.9177393913269043,18.806936264038086,58.36235046386719,-67.27725219726562,-88.43328857421875,41.19618606567383,-1.9177393913269043,18.806936264038086,58.36235046386719,-67.27725219726562,-88.43328857421875,41.19618606567383,40.769732550554465
15.010,0,-1.9058927297592163,19.0681209564209,58.16862487792969,-67.55545043945312,-88.48326873779297,41.499000549316406,-1.9058927297592163,19.0681209564209,58.16862487792969,-67.55545043945312,-88.48326873779297,41.499000549316406,40.769732550554465
15.052,0,-1.7492833137512207,19.681913375854492,57.716575622558594,-67.76251220703125,-88.40131378173828,41.45884704589844,-1.7492833137512207,19.681913375854492,57.716575622558594,-67.76251220703125,-88.40131378173828,41.45884704589844,40.834964122635355
15.080,0,-1.2891511917114258,20.446809768676758,57.230682373046875,-68.25652313232422,-88.32070922851562,41.84048080444336,-1.2891511917114258,20.446809768676758,57.230682373046875,-68.25652313232422,-88.32070922851562,41.84048080444336,40.90019569471624
15.114,0,-1.3920636177062988,20.204744338989258,57.443702697753906,-68.14103698730469,-88.34774017333984,41.83553695678711,-1.3920636177062988,20.204744338989258,57.443702697753906,-68.14103698730469,-88.34774017333984,41.83553695678711,41.0958904109589
15.144,0,-1.4169590473175049,20.40443992614746,57.201995849609375,-68.28752136230469,-88.41019439697266,42.137733459472656,-1.4169590473175049,20.40443992614746,57.201995849609375,-68.28752136230469,-88.41019439697266,42.137733459472656,41.16112198303979
15.179,0,-1.1155844926834106,20.91358757019043,56.87675857543945,-68.55290985107422,-88.34426879882812,41.99260711669922,-1.1155844926834106,20.91358757019043,56.87675857543945,-68.55290985107422,-88.34426879882812,41.99260711669922,41.35681669928245
15.212,0,-1.0425536632537842,20.995153427124023,56.71449279785156,-68.61036682128906,-88.396728515625,42.03548812866211,-1.0425536632537842,20.995153427124023,56.71449279785156,-68.61036682128906,-88.396728515625,42.03548812866211,41.55251141552511
15.246,0,-1.3935707807540894,20.889726638793945,56.88624572753906,-68.51551818847656,-88.44708251953125,41.875770568847656,-1.3935707807540894,20.889726638793945,56.88624572753906,-68.51551818847656,-88.44708251953125,41.875770568847656,41.617742987606
15.279,0,-1.4140219688415527,21.034528732299805,56.67985153198242,-68.61119079589844,-88.49444580078125,42.156944274902344,-1.4140219688415527,21.034528732299805,56.67985153198242,-68.61119079589844,-88.49444580078125,42.156944274902344,41.617742987606
15.313,0,-1.235622525215149,21.660207748413086,56.30950164794922,-68.95632934570312,-88.44804382324219,42.054115295410156,-1.235622525215149,21.660207748413086,56.30950164794922,-68.95632934570312,-88.44804382324219,42.054115295410156,41.617742987606
15.345,0,-1.113768458366394,21.997800827026367,56.0554084777832,-69.1849136352539,-88.41234588623047,42.328407287597656,-1.113768458366394,21.997800827026367,56.0554084777832,-69.1849136352539,-88.41234588623047,42.328407287597656,41.617742987606
15.381,0,-0.9708409309387207,22.369970321655273,55.819034576416016,-69.41645812988281,-88.3868408203125,42.571388244628906,-0.9708409309387207,22.369970321655273,55.819034576416016,-69.41645812988281,-88.3868408203125,42.571388244628906,41.74820613176777
15.412,0,-0.5037044286727905,22.778772354125977,55.32190704345703,-69.46784973144531,-88.33978271484375,42.551185607910156,-0.5037044286727905,22.778772354125977,55.32190704345703,-69.46784973144531,-88.33978271484375,42.551185607910156,41.81343770384866
15.446,0,-0.6571975350379944,22.100431442260742,55.63921356201172,-69.00199890136719,-88.40156555175781,42.21748352050781,-0.6571975350379944,22.100431442260742,55.63921356201172,-69.00199890136719,-88.40156555175781,42.21748352050781,42.00913242009132
15.489,0,-0.8491968512535095,21.89112663269043,55.774070739746094,-68.92288208007812,-88.46942138671875,42.13288116455078,-0.8491968512535095,21.89112663269043,55.774070739746094,-68.92288208007812,-88.46942138671875,42.13288116455078,42.1395955642531
15.516,0,-0.8465838432312012,22.573579788208008,55.35635757446289,-69.27992248535156,-88.4215316772461,42.16637420654297,-0.8465838432312012,22.573579788208008,55.35635757446289,-69.27992248535156,-88.4215316772461,42.16637420654297,42.20482713633398
15.551,0,-0.3931485116481781,22.97503089904785,54.84304428100586,-69.29837036132812,-88.35404205322266,42.16001892089844,-0.3931485116481781,22.97503089904785,54.84304428100586,-69.29837036132812,-88.35404205322266,42.16001892089844,42.20482713633398
15.594,0,-0.41037631034851074,22.51482582092285,55.06221389770508,-68.98138427734375,-88.408447265625,41.90650177001953,-0.41037631034851074,22.51482582092285,55.06221389770508,-68.98138427734375,-88.408447265625,41.90650177001953,42.20482713633398
15.622,0,-0.36627715826034546,22.69141960144043,54.9034423828125,-69.05081176757812,-88.34986114501953,42.12718200683594,-0.36627715826034546,22.69141960144043,54.9034423828125,-69.05081176757812,-88.34986114501953,42.12718200683594,42.20482713633398
15.653,0,-0.23214763402938843,23.566526412963867,54.353328704833984,-69.48148345947266,-88.272705078125,42.218223571777344,-0.23214763402938843,23.566526412963867,54.353328704833984,-69.48148345947266,-88.272705078125,42.218223571777344,42.20482713633398
15.690,0,0.29277265071868896,23.86016273498535,53.87409973144531,-69.4014663696289,-88.203369140625,42.13616180419922,0.29277265071868896,23.86016273498535,53.87409973144531,-69.4014663696289,-88.203369140625,42.13616180419922,42.20482713633398
15.720,0,-0.06913954019546509,23.51755714416504,54.13909912109375,-69.16268920898438,-88.2564697265625,42.05699157714844,-0.06913954019546509,23.51755714416504,54.13909912109375,-69.16268920898438,-88.2564697265625,42.05699157714844,42.20482713633398
15.754,0,0.04879790544509888,23.88871192932129,53.89634704589844,-69.33441162109375,-88.16928100585938,42.36774826049805,0.04879790544509888,23.88871192932129,53.89634704589844,-69.33441162109375,-88.16928100585938,42.36774826049805,42.20482713633398
15.787,0,0.16247665882110596,24.758718490600586,53.37107849121094,-69.80525207519531,-88.10309600830078,42.43280792236328,0.16247665882110596,24.758718490600586,53.37107849121094,-69.80525207519531,-88.10309600830078,42.43280792236328,42.20482713633398
15.821,0,0.6330876350402832,25.143095016479492,52.847434997558594,-69.77427673339844,-88.02902221679688,42.426673889160156,0.6330876350402831,25.143095016479492,52.847434997558594,-69.77427673339844,-88.02902221679688,42.426673889160156,42.20482713633398
15.855,0,0.3807547092437744,24.97917366027832,53.06309509277344,-69.71147155761719,-87.99243927001953,42.5523681640625,0.3807547092437744,24.97917366027832,53.06309509277344,-69.71147155761719,-87.99243927001953,42.5523681640625,42.20482713633398
15.890,0,0.5046501159667969,25.479291915893555,52.803653717041016,-70.00160217285156,-87.91820526123047,42.86160659790039,0.5046501159667969,25.479291915893555,52.803653717041016,-70.00160217285156,-87.91820526123047,42.86160659790039,42.20482713633398
15.921,0,1.0168297290802002,26.616823196411133,52.117774963378906,-70.67467498779297,-87.81330871582031,42.853919982910156,1.0168297290802002,26.616823196411133,52.117774963378906,-70.67467498779297,-87.81330871582031,42.853919982910156,42.20482713633398
15.954,0,0.681463360786438,26.43669319152832,52.311866760253906,-70.52497863769531,-87.84314727783203,42.73760986328125,0.681463360786438,26.43669319152832,52.311866760253906,-70.52497863769531,-87.84314727783203,42.73760986328125,42.27005870841487
15.989,0,0.6622357368469238,26.492368698120117,52.27838134765625,-70.563720703125,-87.82122039794922,42.81246566772461,0.6622357368469238,26.492368698120117,52.27838134765625,-70.563720703125,-87.82122039794922,42.81246566772461,42.400521852576645
16.022,0,0.751081109046936,26.974729537963867,52.042274475097656,-70.86100769042969,-87.7572250366211,43.067832946777344,0.751081109046936,26.974729537963867,52.042274475097656,-70.86100769042969,-87.7572250366211,43.067832946777344,42.400521852576645
16.061,0,1.1014662981033325,27.010332107543945,52.02919387817383,-71.12226867675781,-87.7452392578125,43.16925811767578,1.1014662981033325,27.010332107543945,52.02919387817383,-71.12226867675781,-87.7452392578125,43.16925811767578,42.400521852576645
16.088,0,0.7676239013671875,26.828332901000977,52.196632385253906,-70.98587036132812,-87.78207397460938,43.056236267089844,0.7676239013671875,26.828332901000977,52.196632385253906,-70.98587036132812,-87.78207397460938,43.056236267089844,42.465753424657535
16.121,0,0.8857252597808838,26.636877059936523,52.366207122802734,-70.92359161376953,-87.75201416015625,43.04461669921875,0.8857252597808838,26.636877059936523,52.366207122802734,-70.92359161376953,-87.75201416015625,43.04461669921875,42.66144814090019
16.155,0,0.5435898303985596,26.527612686157227,52.577972412109375,-70.831298828125,-87.80858612060547,42.944480895996094,0.5435898303985596,26.527612686157227,52.577972412109375,-70.831298828125,-87.80858612060547,42.944480895996094,42.79191128506197
16.190,0,0.601004958152771,26.34747886657715,52.625404357910156,-70.7451171875,-87.79634094238281,43.02623748779297,0.601004958152771,26.34747886657715,52.625404357910156,-70.7451171875,-87.79634094238281,43.02623748779297,42.79191128506197
16.223,0,0.6490260362625122,26.46722984313965,52.51762008666992,-70.76930236816406,-87.82232666015625,43.02116394042969,0.6490260362625122,26.46722984313965,52.51762008666992,-70.76930236816406,-87.82232666015625,43.02116394042969,42.79191128506197
16.255,0,0.774675726890564,26.22996711730957,52.73012161254883,-70.75212097167969,-87.85624694824219,43.134986877441406,0.774675726890564,26.22996711730957,52.73012161254883,-70.75212097167969,-87.85624694824219,43.134986877441406,42.79191128506197
16.289,0,0.4561578035354614,26.017850875854492,52.98738098144531,-70.60121154785156,-87.90605163574219,42.989959716796875,0.4561578035354614,26.017850875854492,52.98738098144531,-70.60121154785156,-87.90605163574219,42.989959716796875,42.79191128506197
16.323,0,0.5621099472045898,25.922929763793945,53.01307678222656,-70.5793228149414,-87.87538146972656,43.12345504760742,0.5621099472045898,25.922929763793945,53.01307678222656,-70.5793228149414,-87.87538146972656,43.12345504760742,42.79191128506197
16.357,0,0.5494847297668457,25.73182487487793,53.183860778808594,-70.68231201171875,-87.91793060302734,43.33161544799805,0.5494847297668457,25.73182487487793,53.183860778808594,-70.68231201171875,-87.91793060302734,43.33161544799805,42.79191128506197
16.392,0,0.6195114850997925,25.65639305114746,53.2512092590332,-70.57747650146484,-87.90869140625,43.416748046875,0.6195114850997925,25.65639305114746,53.2512092590332,-70.57747650146484,-87.90869140625,43.416748046875,42.79191128506197
16.422,0,0.43477535247802734,25.81441307067871,53.210453033447266,-70.72066497802734,-87.92938995361328,43.4829216003418,0.43477535247802734,25.81441307067871,53.210453033447266,-70.72066497802734,-87.92938995361328,43.4829216003418,42.79191128506197
16.456,0,0.3203507661819458,25.717416763305664,53.26354217529297,-70.70323181152344,-87.92757415771484,43.568180084228516,0.3203507661819458,25.717416763305664,53.26354217529297,-70.70323181152344,-87.92757415771484,43.568180084228516,42.922374429223744
16.498,0,0.3468257188796997,25.445947647094727,53.46699905395508,-70.65879821777344,-87.95836639404297,43.70172882080078,0.3468257188796997,25.445947647094727,53.46699905395508,-70.65879821777344,-87.95836639404297,43.70172882080078,43.05283757338552
16.526,0,0.3844907283782959,25.453275680541992,53.49662399291992,-70.63172912597656,-87.95782470703125,43.831356048583984,0.3844907283782959,25.453275680541992,53.49662399291992,-70.63172912597656,-87.95782470703125,43.831356048583984,43.1180691454664
16.557,0,0.24561822414398193,25.43648338317871,53.517555236816406,-70.63978576660156,-87.97137451171875,43.84649658203125,0.24561822414398193,25.43648338317871,53.517555236816406,-70.63978576660156,-87.97137451171875,43.84649658203125,43.1180691454664
16.600,0,0.07752203941345215,25.44417381286621,53.54014587402344,-70.72647857666016,-87.98326110839844,43.948638916015625,0.07752203941345215,25.44417381286621,53.54014587402344,-70.72647857666016,-87.98326110839844,43.948638916015625,43.31376386170906
16.629,0,0.07426434755325317,25.18668556213379,53.69417190551758,-70.65115356445312,-88.0142593383789,44.078914642333984,0.07426434755325317,25.18668556213379,53.69417190551758,-70.65115356445312,-88.0142593383789,44.078914642333984,43.444227005870836
16.659,0,0.061731815338134766,25.21293830871582,53.68928527832031,-70.58563232421875,-87.97917938232422,44.110145568847656,0.061731815338134766,25.21293830871582,53.68928527832031,-70.58563232421875,-87.97917938232422,44.110145568847656,43.509458577951726
16.693,0,-0.09380096197128296,25.31484031677246,53.65774917602539,-70.68850708007812,-87.99188232421875,44.154212951660156,-0.09380096197128296,25.31484031677246,53.65774917602539,-70.68850708007812,-87.99188232421875,44.154212951660156,43.6399217221135
16.726,0,-0.2862853407859802,25.419111251831055,53.53411865234375,-70.6898422241211,-87.93274688720703,44.12654495239258,-0.2862853407859802,25.419111251831055,53.53411865234375,-70.6898422241211,-87.93274688720703,44.12654495239258,43.77038486627527
16.761,0,-0.3336486220359802,25.214548110961914,53.67856216430664,-70.63509368896484,-87.92887878417969,44.185302734375,-0.3336486220359802,25.214548110961914,53.67856216430664,-70.63509368896484,-87.92887878417969,44.185302734375,43.77038486627527
16.800,0,-0.09168541431427002,25.235681533813477,53.712242126464844,-70.77486419677734,-87.93047332763672,44.188194274902344,-0.09168541431427002,25.235681533813477,53.712242126464844,-70.77486419677734,-87.93047332763672,44.188194274902344,43.77038486627527
16.826,0,-0.38143110275268555,25.274179458618164,53.585166931152344,-70.64933776855469,-87.975341796875,44.33719253540039,-0.38143110275268555,25.274179458618164,53.585166931152344,-70.64933776855469,-87.975341796875,44.33719253540039,43.77038486627527
16.859,0,-0.5646279454231262,25.28956413269043,53.49712371826172,-70.59333801269531,-87.9328842163086,44.21828079223633,-0.5646279454231262,25.28956413269043,53.49712371826172,-70.59333801269531,-87.9328842163086,44.21828079223633,43.77038486627527
16.895,0,-0.187824547290802,25.2369441986084,53.287391662597656,-70.31069946289062,-87.87657165527344,44.27685546875,-0.187824547290802,25.2369441986084,53.287391662597656,-70.31069946289062,-87.87657165527344,44.27685546875,43.77038486627527
16.927,0,0.48497092723846436,25.257768630981445,53.22813415527344,-70.31159973144531,-87.7431411743164,44.279361724853516,0.48497092723846436,25.257768630981445,53.22813415527344,-70.31159973144531,-87.7431411743164,44.279361724853516,43.83561643835616
16.960,0,0.23891949653625488,25.342466354370117,53.041290283203125,-70.20067596435547,-87.78097534179688,44.39375686645508,0.23891949653625488,25.342466354370117,53.041290283203125,-70.20067596435547,-87.78097534179688,44.39375686645508,43.966079582517935
16.994,0,0.28364336490631104,25.493722915649414,52.900184631347656,-70.2479476928711,-87.68031311035156,44.3243293762207,0.28364336490631104,25.493722915649414,52.900184631347656,-70.2479476928711,-87.68031311035156,44.3243293762207,43.966079582517935
17.028,0,-0.07626140117645264,25.237890243530273,53.1378173828125,-70.05473327636719,-87.72962188720703,44.18937683105469,-0.07626140117645264,25.237890243530273,53.1378173828125,-70.05473327636719,-87.72962188720703,44.18937683105469,43.966079582517935
17.061,0,0.5466583967208862,25.338083267211914,52.99018096923828,-70.07548522949219,-87.61285400390625,44.278541564941406,0.5466583967208862,25.338083267211914,52.99018096923828,-70.07548522949219,-87.61285400390625,44.278541564941406,43.966079582517935
17.095,0,1.0481871366500854,25.653688430786133,52.8286018371582,-70.48489379882812,-87.59539794921875,44.55406951904297,1.0481871366500854,25.653688430786133,52.8286018371582,-70.48489379882812,-87.59539794921875,44.55406951904297,43.966079582517935
17.128,0,1.047317624092102,25.7807559967041,52.775856018066406,-70.55943298339844,-87.5419692993164,44.66233825683594,1.047317624092102,25.7807559967041,52.775856018066406,-70.55943298339844,-87.5419692993164,44.66233825683594,43.966079582517935
17.161,0,0.843633770942688,25.652318954467773,52.82426071166992,-70.39488983154297,-87.52621459960938,44.6566162109375,0.843633770942688,25.652318954467773,52.82426071166992,-70.39488983154297,-87.52621459960938,44.6566162109375,43.966079582517935
17.195,0,1.43240225315094,25.769956588745117,52.67194366455078,-70.41421508789062,-87.38227081298828,44.6468391418457,1.43240225315094,25.769956588745117,52.67194366455078,-70.41421508789062,-87.38227081298828,44.6468391418457,44.22700587084149
17.228,0,1.9442557096481323,26.025320053100586,52.50330352783203,-70.75186920166016,-87.3548812866211,44.887428283691406,1.9442557096481323,26.025320053100586,52.50330352783203,-70.75186920166016,-87.3548812866211,44.887428283691406,44.29223744292237
17.261,0,1.5604628324508667,25.950437545776367,52.702537536621094,-70.72752380371094,-87.4361801147461,44.65019226074219,1.5604628324508667,25.950437545776367,52.702537536621094,-70.72752380371094,-87.4361801147461,44.65019226074219,44.29223744292237
17.296,0,1.4660438299179077,25.868207931518555,52.762962341308594,-70.69175720214844,-87.41207885742188,44.59239196777344,1.4660438299179077,25.868207931518555,52.762962341308594,-70.69175720214844,-87.41207885742188,44.59239196777344,44.35746901500326
17.329,0,1.496090054512024,25.557165145874023,53.05332946777344,-70.69461059570312,-87.39098358154297,44.676273345947266,1.496090054512024,25.557165145874023,53.05332946777344,-70.69461059570312,-87.39098358154297,44.676273345947266,44.422700587084144
17.362,0,1.3614617586135864,25.533788681030273,52.876708984375,-70.47250366210938,-87.39823913574219,44.73323440551758,1.3614617586135864,25.533788681030273,52.876708984375,-70.47250366210938,-87.39823913574219,44.73323440551758,44.422700587084144
17.398,0,0.9546178579330444,25.38774299621582,53.096832275390625,-70.37944793701172,-87.48707580566406,44.50831604003906,0.9546178579330444,25.38774299621582,53.096832275390625,-70.37944793701172,-87.48707580566406,44.50831604003906,44.422700587084144
17.428,0,0.8432315587997437,25.16591453552246,53.244056701660156,-70.25181579589844,-87.45802307128906,44.35291290283203,0.8432315587997437,25.16591453552246,53.244056701660156,-70.25181579589844,-87.45802307128906,44.35291290283203,44.422700587084144
17.462,0,0.9131802320480347,24.84612464904785,53.52001190185547,-70.21810913085938,-87.42597198486328,44.43452453613281,0.9131802320480347,24.84612464904785,53.52001190185547,-70.21810913085938,-87.42597198486328,44.43452453613281,44.422700587084144
17.496,0,1.3580862283706665,25.065038681030273,53.40606689453125,-70.47489929199219,-87.37442016601562,44.55326461791992,1.3580862283706665,25.065038681030273,53.40606689453125,-70.47489929199219,-87.37442016601562,44.55326461791992,44.422700587084144
17.529,0,1.1631301641464233,24.952001571655273,53.59773254394531,-70.47079467773438,-87.401123046875,44.20692825317383,1.1631301641464233,24.952001571655273,53.59773254394531,-70.47079467773438,-87.401123046875,44.20692825317383,44.422700587084144
17.562,0,1.1444154977798462,24.930906295776367,53.543312072753906,-70.38847351074219,-87.37448120117188,44.423728942871094,1.1444154977798462,24.930906295776367,53.543312072753906,-70.38847351074219,-87.37448120117188,44.423728942871094,44.422700587084144
17.599,0,1.2693148851394653,24.691682815551758,53.803985595703125,-70.34102630615234,-87.2840347290039,44.35468673706055,1.2693148851394653,24.691682815551758,53.803985595703125,-70.34102630615234,-87.2840347290039,44.35468673706055,44.422700587084144
17.629,0,1.3206008672714233,24.632200241088867,53.711280822753906,-70.25022888183594,-87.2483139038086,44.431785583496094,1.3206008672714233,24.632200241088867,53.711280822753906,-70.25022888183594,-87.2483139038086,44.431785583496094,44.422700587084144
17.670,0,0.9670112133026123,24.516569137573242,53.93976974487305,-70.20341491699219,-87.3036880493164,44.053096771240234,0.9670112133026123,24.516569137573242,53.93976974487305,-70.20341491699219,-87.3036880493164,44.053096771240234,44.422700587084144
17.696,0,0.9556602239608765,24.4998722076416,53.966064453125,-70.215087890625,-87.27664947509766,44.230648040771484,0.9556602239608765,24.4998722076416,53.966064453125,-70.215087890625,-87.27664947509766,44.230648040771484,44.422700587084144
17.734,0,1.107675552368164,24.317609786987305,54.05078887939453,-70.10163879394531,-87.20271301269531,44.23455810546875,1.107675552368164,24.317609786987305,54.05078887939453,-70.10163879394531,-87.20271301269531,44.23455810546875,44.422700587084144
17.764,0,1.9516133069992065,24.567487716674805,53.75157928466797,-70.24481201171875,-87.09362030029297,44.562217712402344,1.9516133069992065,24.567487716674805,53.75157928466797,-70.24481201171875,-87.09362030029297,44.562217712402344,44.422700587084144
17.797,0,1.5849324464797974,24.541433334350586,53.90549850463867,-70.23797607421875,-87.14176177978516,44.20211410522461,1.5849324464797974,24.541433334350586,53.90549850463867,-70.23797607421875,-87.14176177978516,44.20211410522461,44.422700587084144
17.843,0,1.9972330331802368,25.017602920532227,53.576087951660156,-70.50428771972656,-87.12258911132812,44.34333801269531,1.9972330331802368,25.017602920532227,53.576087951660156,-70.50428771972656,-87.12258911132812,44.34333801269531,44.35746901500326
17.872,0,1.8689974546432495,24.770814895629883,53.72736740112305,-70.32565307617188,-87.1285171508789,44.41039276123047,1.8689974546432495,24.770814895629883,53.72736740112305,-70.32565307617188,-87.1285171508789,44.41039276123047,44.29223744292237
17.905,0,1.4697927236557007,24.27408790588379,53.89431381225586,-69.87432098388672,-87.18907928466797,44.15789031982422,1.4697927236557007,24.27408790588379,53.89431381225586,-69.87432098388672,-87.18907928466797,44.15789031982422,44.29223744292237
17.936,0,1.1029447317123413,24.178003311157227,54.071754455566406,-69.83842468261719,-87.2302017211914,43.788055419921875,1.1029447317123413,24.178003311157227,54.071754455566406,-69.83842468261719,-87.2302017211914,43.788055419921875,44.29223744292237
17.969,0,1.4651910066604614,24.574052810668945,53.81780242919922,-70.09595489501953,-87.22240447998047,43.896270751953125,1.4651910066604614,24.574052810668945,53.81780242919922,-70.09595489501953,-87.22240447998047,43.896270751953125,44.29223744292237
18.002,0,1.3177753686904907,24.226747512817383,54.02577590942383,-69.80168151855469,-87.2359848022461,43.8042106628418,1.3177753686904907,24.226747512817383,54.02577590942383,-69.80168151855469,-87.2359848022461,43.8042106628418,44.29223744292237
18.036,0,1.3078216314315796,24.17909049987793,54.02351760864258,-69.78067016601562,-87.2667465209961,43.67021179199219,1.3078216314315796,24.17909049987793,54.02351760864258,-69.78067016601562,-87.2667465209961,43.67021179199219,44.09654272667971
18.069,0,0.8800297975540161,24.150636672973633,54.1973762512207,-69.79930114746094,-87.3147201538086,43.382904052734375,0.8800297975540161,24.150636672973633,54.1973762512207,-69.79930114746094,-87.3147201538086,43.382904052734375,44.031311154598825
18.103,0,1.3083139657974243,24.430139541625977,53.98040771484375,-70.03099060058594,-87.2855453491211,43.661155700683594,1.3083139657974243,24.430139541625977,53.98040771484375,-70.03099060058594,-87.2855453491211,43.661155700683594,44.031311154598825
18.136,0,1.1689196825027466,24.09754753112793,54.17763900756836,-69.77738952636719,-87.28984069824219,43.729103088378906,1.1689196825027466,24.09754753112793,54.17763900756836,-69.77738952636719,-87.28984069824219,43.729103088378906,44.031311154598825
18.169,0,0.7929167747497559,23.54001808166504,54.50550842285156,-69.36759948730469,-87.34479522705078,43.47441864013672,0.7929167747497559,23.54001808166504,54.50550842285156,-69.36759948730469,-87.34479522705078,43.47441864013672,43.83561643835616
18.203,0,0.3483564853668213,23.506593704223633,54.608177185058594,-69.34562683105469,-87.40020751953125,43.27096176147461,0.3483564853668213,23.506593704223633,54.608177185058594,-69.34562683105469,-87.40020751953125,43.27096176147461,43.90084801043705
18.237,0,0.7936686277389526,23.780771255493164,54.365211486816406,-69.52374267578125,-87.37934112548828,43.569068908691406,0.7936686277389526,23.780771255493164,54.365211486816406,-69.52374267578125,-87.37934112548828,43.569068908691406,43.83561643835616
18.271,0,1.110782504081726,23.710554122924805,54.346351623535156,-69.54350280761719,-87.365966796875,43.72185516357422,1.110782504081726,23.710554122924805,54.346351623535156,-69.54350280761719,-87.365966796875,43.72185516357422,43.70515329419439
18.303,0,0.7429814338684082,23.288835525512695,54.619102478027344,-69.26101684570312,-87.4224853515625,43.573089599609375,0.7429814338684082,23.288835525512695,54.619102478027344,-69.26101684570312,-87.4224853515625,43.573089599609375,43.6399217221135
18.337,0,0.3071892261505127,23.2189998626709,54.752498626708984,-69.22145080566406,-87.46465301513672,43.378265380859375,0.3071892261505127,23.2189998626709,54.752498626708984,-69.22145080566406,-87.46465301513672,43.378265380859375,43.574690150032616
18.371,0,0.7393853664398193,23.674257278442383,54.411651611328125,-69.54014587402344,-87.4609603881836,43.808807373046875,0.7393853664398193,23.674257278442383,54.411651611328125,-69.54014587402344,-87.4609603881836,43.808807373046875,43.574690150032616
18.406,0,1.0143980979919434,23.388830184936523,54.47748565673828,-69.36505126953125,-87.45072174072266,43.911075592041016,1.0143980979919434,23.388830184936523,54.47748565673828,-69.36505126953125,-87.45072174072266,43.911075592041016,43.509458577951726
18.437,0,0.6378568410873413,23.128217697143555,54.710044860839844,-69.23135375976562,-87.52784729003906,43.672645568847656,0.6378568410873413,23.128217697143555,54.710044860839844,-69.23135375976562,-87.52784729003906,43.672645568847656,43.509458577951726
18.471,0,0.23061728477478027,22.82550621032715,54.96473693847656,-69.047607421875,-87.61996459960938,43.496856689453125,0.23061728477478027,22.82550621032715,54.96473693847656,-69.047607421875,-87.61996459960938,43.496856689453125,43.574690150032616
18.504,0,0.5001705884933472,23.085859298706055,54.78880310058594,-69.11219024658203,-87.53059387207031,43.76203918457031,0.5001705884933472,23.085859298706055,54.78880310058594,-69.11219024658203,-87.53059387207031,43.76203918457031,43.509458577951726
18.539,0,0.8961117267608643,22.851118087768555,54.785911560058594,-68.92979431152344,-87.4901351928711,43.795108795166016,0.8961117267608643,22.851118087768555,54.785911560058594,-68.92979431152344,-87.4901351928711,43.795108795166016,43.509458577951726
18.571,0,0.5183689594268799,22.600778579711914,55.00040817260742,-68.820556640625,-87.57360076904297,43.588890075683594,0.5183689594268799,22.600778579711914,55.00040817260742,-68.820556640625,-87.57360076904297,43.588890075683594,43.509458577951726
18.605,0,0.10580050945281982,22.35370445251465,55.29289245605469,-68.71121978759766,-87.65480041503906,43.31597900390625,0.10580050945281982,22.35370445251465,55.29289245605469,-68.71121978759766,-87.65480041503906,43.31597900390625,43.509458577951726
18.639,0,0.457145094871521,22.847143173217773,54.900543212890625,-68.95008850097656,-87.60951232910156,43.54219436645508,0.457145094871521,22.847143173217773,54.900543212890625,-68.95008850097656,-87.60951232910156,43.54219436645508,43.509458577951726
18.672,0,0.36817800998687744,22.36944007873535,55.13542175292969,-68.59271240234375,-87.5961685180664,43.66310119628906,0.36817800998687744,22.36944007873535,55.13542175292969,-68.59271240234375,-87.5961685180664,43.66310119628906,43.509458577951726
18.705,0,0.4059603214263916,22.437700271606445,55.04247283935547,-68.62792205810547,-87.56256103515625,43.58104705810547,0.4059603214263916,22.437700271606445,55.04247283935547,-68.62792205810547,-87.56256103515625,43.58104705810547,43.509458577951726
18.739,0,0.3161813020706177,22.305627822875977,55.199424743652344,-68.63468933105469,-87.59396362304688,43.64105224609375,0.3161813020706177,22.305627822875977,55.199424743652344,-68.63468933105469,-87.59396362304688,43.64105224609375,43.509458577951726
18.774,0,0.664273738861084,22.750585556030273,54.77116394042969,-68.81924438476562,-87.5394515991211,43.94358825683594,0.664273738861084,22.750585556030273,54.77116394042969,-68.81924438476562,-87.5394515991211,43.94358825683594,43.509458577951726
18.806,0,0.31688809394836426,22.739103317260742,54.76945495605469,-68.73500061035156,-87.5901107788086,44.10893249511719,0.31688809394836426,22.739103317260742,54.76945495605469,-68.73500061035156,-87.5901107788086,44.10893249511719,43.509458577951726
18.839,0,0.3736644983291626,22.92466926574707,54.577449798583984,-68.80965423583984,-87.54533386230469,44.135459899902344,0.3736644983291626,22.92466926574707,54.577449798583984,-68.80965423583984,-87.54533386230469,44.135459899902344,43.509458577951726
18.873,0,-0.0032231807708740234,22.83698844909668,54.76939392089844,-68.80203247070312,-87.64781951904297,43.98627471923828,-0.0032231807708740234,22.83698844909668,54.76939392089844,-68.80203247070312,-87.64781951904297,43.98627471923828,43.6399217221135
18.911,0,0.5890270471572876,22.774423599243164,54.7165641784668,-68.83476257324219,-87.64423370361328,44.24759292602539,0.5890270471572876,22.774423599243164,54.7165641784668,-68.83476257324219,-87.64423370361328,44.24759292602539,43.77038486627527
18.939,0,0.24211549758911133,22.740541458129883,54.80862045288086,-68.78710174560547,-87.69551086425781,44.27738952636719,0.24211549758911133,22.740541458129883,54.80862045288086,-68.78710174560547,-87.69551086425781,44.27738952636719,43.77038486627527
18.972,0,0.33120274543762207,22.832914352416992,54.600852966308594,-68.71768188476562,-87.65702819824219,44.30375671386719,0.33120274543762207,22.832914352416992,54.600852966308594,-68.71768188476562,-87.65702819824219,44.30375671386719,43.77038486627527
19.006,0,-0.060740530490875244,22.98090171813965,54.78474426269531,-68.9621810913086,-87.77336120605469,44.173545837402344,-0.060740530490875244,22.98090171813965,54.78474426269531,-68.9621810913086,-87.77336120605469,44.173545837402344,43.83561643835616
19.040,0,-0.4619811177253723,22.499738693237305,55.116336822509766,-68.65634155273438,-87.82099151611328,44.03352355957031,-0.4619811177253723,22.499738693237305,55.116336822509766,-68.65634155273438,-87.82099151611328,44.03352355957031,43.966079582517935
19.073,0,-0.8713036179542542,22.40882682800293,55.26307678222656,-68.5894775390625,-87.90052795410156,44.008811950683594,-0.8713036179542542,22.40882682800293,55.26307678222656,-68.5894775390625,-87.90052795410156,44.008811950683594,43.90084801043705
19.107,0,-0.8127490878105164,22.640256881713867,55.01005172729492,-68.6010513305664,-87.86658477783203,44.142356872558594,-0.8127490878105165,22.640256881713867,55.01005172729492,-68.6010513305664,-87.86658477783203,44.142356872558594,43.90084801043705
19.140,0,-1.102481722831726,22.81720542907715,55.06428909301758,-68.81233215332031,-87.9629898071289,44.272560119628906,-1.102481722831726,22.81720542907715,55.06428909301758,-68.81233215332031,-87.9629898071289,44.272560119628906,43.90084801043705
19.173,0,-1.2371073961257935,23.096647262573242,55.016212463378906,-69.0770263671875,-87.9143295288086,44.33647918701172,-1.2371073961257935,23.096647262573242,55.016212463378906,-69.0770263671875,-87.9143295288086,44.33647918701172,43.90084801043705
19.207,0,-1.6145310401916504,22.737031936645508,55.13517761230469,-68.72930145263672,-87.94207000732422,44.38475036621094,-1.6145310401916504,22.737031936645508,55.13517761230469,-68.72930145263672,-87.94207000732422,44.38475036621094,43.90084801043705
19.240,0,-1.9465793371200562,22.651628494262695,55.14539337158203,-68.58160400390625,-88.00672149658203,44.573875427246094,-1.9465793371200562,22.651628494262695,55.14539337158203,-68.58160400390625,-88.00672149658203,44.573875427246094,43.90084801043705
19.274,0,-2.4678380489349365,22.66121482849121,55.254173278808594,-68.60514831542969,-88.10140991210938,44.58210754394531,-2.4678380489349365,22.66121482849121,55.254173278808594,-68.60514831542969,-88.10140991210938,44.58210754394531,43.90084801043705
19.308,0,-2.6632232666015625,22.380468368530273,55.537879943847656,-68.60987854003906,-88.15422821044922,44.674766540527344,-2.6632232666015625,22.380468368530273,55.537879943847656,-68.60987854003906,-88.15422821044922,44.674766540527344,43.966079582517935
19.341,0,-2.6546924114227295,22.083959579467773,55.80005645751953,-68.54859161376953,-88.1312255859375,44.695701599121094,-2.6546924114227295,22.083959579467773,55.80005645751953,-68.54859161376953,-88.1312255859375,44.695701599121094,44.1617742987606
19.375,0,-2.292393684387207,21.9853458404541,55.86435317993164,-68.6158676147461,-88.12919616699219,44.76416778564453,-2.292393684387207,21.9853458404541,55.86435317993164,-68.6158676147461,-88.12919616699219,44.76416778564453,44.1617742987606
19.409,0,-2.4843204021453857,21.897279739379883,55.9412841796875,-68.53060913085938,-88.1759033203125,44.67478561401367,-2.4843204021453857,21.897279739379883,55.9412841796875,-68.53060913085938,-88.1759033203125,44.67478561401367,44.1617742987606
19.441,0,-2.8528800010681152,22.045957565307617,55.76717758178711,-68.45970153808594,-88.18228149414062,44.75094985961914,-2.8528800010681152,22.045957565307617,55.76717758178711,-68.45970153808594,-88.18228149414062,44.75094985961914,44.22700587084149
19.475,0,-2.9117050170898438,21.54982566833496,55.99617004394531,-68.11894226074219,-88.18548583984375,44.73894500732422,-2.9117050170898438,21.54982566833496,55.99617004394531,-68.11894226074219,-88.18548583984375,44.73894500732422,44.29223744292237
19.508,0,-2.5141613483428955,21.477983474731445,56.02501678466797,-68.164794921875,-88.19609832763672,44.82595443725586,-2.5141613483428955,21.477983474731445,56.02501678466797,-68.164794921875,-88.19609832763672,44.82595443725586,44.35746901500326
19.542,0,-3.022998809814453,21.46831703186035,56.18341064453125,-68.22126007080078,-88.30073547363281,44.70350646972656,-3.022998809814453,21.46831703186035,56.18341064453125,-68.22126007080078,-88.30073547363281,44.70350646972656,44.35746901500326
19.574,0,-2.406461715698242,21.7363338470459,56.090057373046875,-68.61289978027344,-88.26876831054688,44.90980911254883,-2.406461715698242,21.7363338470459,56.090057373046875,-68.61289978027344,-88.26876831054688,44.90980911254883,44.422700587084144
19.609,0,-2.445136547088623,21.206457138061523,56.32000732421875,-68.29498291015625,-88.26966094970703,44.863643646240234,-2.445136547088623,21.206457138061523,56.32000732421875,-68.29498291015625,-88.26966094970703,44.863643646240234,44.487932159165034
19.642,0,-2.853611946105957,20.875593185424805,56.3928337097168,-67.91382598876953,-88.35250091552734,44.89080810546875,-2.853611946105957,20.875593185424805,56.3928337097168,-67.91382598876953,-88.35250091552734,44.89080810546875,44.553163731245924
19.675,0,-3.2174763679504395,21.11793327331543,56.440650939941406,-68.23110961914062,-88.46016693115234,44.85220718383789,-3.2174763679504395,21.11793327331543,56.440650939941406,-68.23110961914062,-88.46016693115234,44.85220718383789,44.553163731245924
19.708,0,-3.6380996704101562,20.96779441833496,56.39338302612305,-67.91136169433594,-88.47490692138672,44.91826629638672,-3.6380996704101562,20.96779441833496,56.39338302612305,-67.91136169433594,-88.47490692138672,44.91826629638672,44.553163731245924
19.742,0,-3.598862648010254,20.64381980895996,56.58616638183594,-67.79408264160156,-88.49784088134766,45.05589294433594,-3.598862648010254,20.64381980895996,56.58616638183594,-67.79408264160156,-88.49784088134766,45.05589294433594,44.553163731245924
19.775,0,-3.4141368865966797,21.429643630981445,56.18095397949219,-68.36549377441406,-88.42556762695312,45.33912658691406,-3.4141368865966797,21.429643630981445,56.18095397949219,-68.36549377441406,-88.42556762695312,45.33912658691406,44.553163731245924
19.809,0,-3.8153281211853027,21.45218849182129,56.18641662597656,-68.34065246582031,-88.47817993164062,45.28327178955078,-3.8153281211853027,21.45218849182129,56.18641662597656,-68.34065246582031,-88.47817993164062,45.28327178955078,44.553163731245924
19.842,0,-4.373697280883789,21.246686935424805,56.133575439453125,-67.96240997314453,-88.53114318847656,45.223411560058594,-4.373697280883789,21.246686935424805,56.133575439453125,-67.96240997314453,-88.53114318847656,45.223411560058594,44.61839530332681
19.876,0,-4.379103660583496,20.88580894470215,56.25554275512695,-67.65652465820312,-88.50218200683594,45.15437698364258,-4.379103660583496,20.88580894470215,56.25554275512695,-67.65652465820312,-88.50218200683594,45.15437698364258,44.81409001956947
19.910,0,-4.185723781585693,21.863874435424805,55.72759246826172,-68.32233428955078,-88.42593383789062,45.4801139831543,-4.185723781585693,21.863874435424805,55.72759246826172,-68.32233428955078,-88.42593383789062,45.4801139831543,44.94455316373124
19.943,0,-4.637627124786377,21.517404556274414,55.88555908203125,-68.00796508789062,-88.4585189819336,45.44287109375,-4.637627124786377,21.517404556274414,55.88555908203125,-68.00796508789062,-88.4585189819336,45.44287109375,44.94455316373124
19.976,0,-5.2014899253845215,21.329130172729492,55.80149841308594,-67.60565185546875,-88.51542663574219,45.365169525146484,-5.2014899253845215,21.329130172729492,55.80149841308594,-67.60565185546875,-88.51542663574219,45.365169525146484,44.94455316373124
20.009,0,-4.688211441040039,21.281824111938477,55.798805236816406,-67.6401138305664,-88.47877502441406,45.40214538574219,-4.688211441040039,21.281824111938477,55.798805236816406,-67.6401138305664,-88.47877502441406,45.40214538574219,45.075016307893016
20.043,0,-4.469986915588379,22.221067428588867,55.30084991455078,-68.27118682861328,-88.3890151977539,45.67638397216797,-4.469986915588379,22.221067428588867,55.30084991455078,-68.27118682861328,-88.3890151977539,45.67638397216797,45.075016307893016
20.076,0,-4.758096694946289,21.845361709594727,55.636322021484375,-68.17066955566406,-88.4017562866211,45.637550354003906,-4.758096694946289,21.845361709594727,55.636322021484375,-68.17066955566406,-88.4017562866211,45.637550354003906,45.075016307893016
20.111,0,-5.356579303741455,21.502077102661133,55.646087646484375,-67.67674255371094,-88.45916748046875,45.437416076660156,-5.356579303741455,21.502077102661133,55.646087646484375,-67.67674255371094,-88.45916748046875,45.437416076660156,45.140247879973906
20.144,0,-5.699538707733154,21.382139205932617,55.675323486328125,-67.52576446533203,-88.50109100341797,45.40358352661133,-5.699538707733154,21.382139205932617,55.675323486328125,-67.52576446533203,-88.50109100341797,45.40358352661133,45.27071102413568
20.178,0,-5.2570905685424805,21.678789138793945,55.285736083984375,-67.61918640136719,-88.5019302368164,45.512847900390625,-5.2570905685424805,21.678789138793945,55.285736083984375,-67.61918640136719,-88.5019302368164,45.512847900390625,45.33594259621657
20.211,0,-5.485922336578369,21.266687393188477,55.64862060546875,-67.4651107788086,-88.50374603271484,45.39227294921875,-5.485922336578369,21.266687393188477,55.64862060546875,-67.4651107788086,-88.50374603271484,45.39227294921875,45.33594259621657
20.244,0,-5.570082187652588,21.375337600708008,55.516845703125,-67.48487854003906,-88.52082824707031,45.4412841796875,-5.570082187652588,21.375337600708008,55.516845703125,-67.48487854003906,-88.52082824707031,45.4412841796875,45.33594259621657
20.277,0,-5.837722301483154,21.209062576293945,55.54818344116211,-67.27737426757812,-88.55015563964844,45.38493347167969,-5.837722301483154,21.209062576293945,55.54818344116211,-67.27737426757812,-88.55015563964844,45.38493347167969,45.33594259621657
20.312,0,-5.709496974945068,21.714841842651367,55.146480560302734,-67.46812438964844,-88.54022216796875,45.53989028930664,-5.709496974945068,21.714841842651367,55.146480560302734,-67.46812438964844,-88.54022216796875,45.53989028930664,45.33594259621657
20.345,0,-5.091187477111816,21.889448165893555,54.99748229980469,-67.59893798828125,-88.50515747070312,45.4267692565918,-5.091187477111816,21.889448165893555,54.99748229980469,-67.59893798828125,-88.50515747070312,45.4267692565918,45.33594259621657
20.379,0,-5.095418453216553,21.946741104125977,55.14990997314453,-67.81211853027344,-88.47367095947266,45.29192352294922,-5.095418453216553,21.946741104125977,55.14990997314453,-67.81211853027344,-88.47367095947266,45.29192352294922,45.33594259621657
20.413,0,-4.700826168060303,22.6026668548584,54.58277130126953,-67.97572326660156,-88.37959289550781,45.30060577392578,-4.700826168060303,22.6026668548584,54.58277130126953,-67.97572326660156,-88.37959289550781,45.30060577392578,45.33594259621657
20.445,0,-4.537415504455566,23.293851852416992,54.150291442871094,-68.40946960449219,-88.38921356201172,45.53529357910156,-4.537415504455566,23.293851852416992,54.150291442871094,-68.40946960449219,-88.38921356201172,45.53529357910156,45.33594259621657
20.480,0,-3.871692657470703,23.41230583190918,54.0208740234375,-68.47428894042969,-88.34848022460938,45.41192626953125,-3.871692657470703,23.41230583190918,54.0208740234375,-68.47428894042969,-88.34848022460938,45.41192626953125,45.33594259621657
20.519,0,-3.841050148010254,23.398820877075195,54.237335205078125,-68.71452331542969,-88.3177719116211,45.20457458496094,-3.841050148010254,23.398820877075195,54.237335205078125,-68.71452331542969,-88.3177719116211,45.20457458496094,45.33594259621657
20.552,0,-4.389528751373291,23.029470443725586,54.421226501464844,-68.3313980102539,-88.37944030761719,45.12376403808594,-4.389528751373291,23.029470443725586,54.421226501464844,-68.3313980102539,-88.37944030761719,45.12376403808594,45.33594259621657
20.586,0,-3.8495235443115234,23.864099502563477,53.89327621459961,-68.91471862792969,-88.3704833984375,45.406837463378906,-3.8495235443115234,23.864099502563477,53.89327621459961,-68.91471862792969,-88.3704833984375,45.406837463378906,45.33594259621657
20.618,0,-3.107551097869873,24.002531051635742,53.84031295776367,-69.1515121459961,-88.33133697509766,45.3021354675293,-3.107551097869873,24.002531051635742,53.84031295776367,-69.1515121459961,-88.33133697509766,45.3021354675293,45.33594259621657
20.654,0,-2.632603883743286,24.50933265686035,53.73830032348633,-69.70051574707031,-88.27864074707031,45.178497314453125,-2.632603883743286,24.50933265686035,53.73830032348633,-69.70051574707031,-88.27864074707031,45.178497314453125,45.33594259621657
20.687,0,-3.15336275100708,24.220216751098633,53.933265686035156,-69.43982696533203,-88.34685516357422,45.16195297241211,-3.15336275100708,24.220216751098633,53.933265686035156,-69.43982696533203,-88.34685516357422,45.16195297241211,45.33594259621657
20.721,0,-3.2651138305664062,24.00449562072754,54.14303207397461,-69.42498779296875,-88.3618392944336,44.97612762451172,-3.2651138305664062,24.00449562072754,54.14303207397461,-69.42498779296875,-88.3618392944336,44.97612762451172,45.33594259621657
20.756,0,-2.547910213470459,24.321157455444336,53.98680114746094,-69.74344635009766,-88.3225326538086,45.062705993652344,-2.547910213470459,24.321157455444336,53.98680114746094,-69.74344635009766,-88.3225326538086,45.062705993652344,45.33594259621657
20.790,0,-2.168816089630127,24.673555374145508,54.058746337890625,-70.19136047363281,-88.2366943359375,45.024967193603516,-2.168816089630127,24.673555374145508,54.058746337890625,-70.19136047363281,-88.2366943359375,45.024967193603516,45.33594259621657
20.823,0,-2.6744377613067627,24.367170333862305,54.28907775878906,-69.97837829589844,-88.30138397216797,45.03483581542969,-2.6744377613067627,24.367170333862305,54.28907775878906,-69.97837829589844,-88.30138397216797,45.03483581542969,45.33594259621657
20.857,0,-2.502598762512207,24.252614974975586,54.40257263183594,-69.97221374511719,-88.2636947631836,44.950775146484375,-2.502598762512207,24.252614974975586,54.40257263183594,-69.97221374511719,-88.2636947631836,44.950775146484375,45.33594259621657
20.890,0,-1.7735657691955566,24.547395706176758,54.267608642578125,-70.30003356933594,-88.23591613769531,45.04505920410156,-1.7735657691955566,24.547395706176758,54.267608642578125,-70.30003356933594,-88.23591613769531,45.04505920410156,45.33594259621657
20.923,0,-2.2687690258026123,24.361642837524414,54.30066680908203,-70.07164001464844,-88.28726959228516,45.07044982910156,-2.2687690258026123,24.361642837524414,54.30066680908203,-70.07164001464844,-88.28726959228516,45.07044982910156,45.33594259621657
20.956,0,-2.781430721282959,23.987897872924805,54.55340576171875,-69.79541778564453,-88.34566497802734,45.01042556762695,-2.781430721282959,23.987897872924805,54.55340576171875,-69.79541778564453,-88.34566497802734,45.01042556762695,45.33594259621657
20.990,0,-2.826261043548584,23.728334426879883,54.715911865234375,-69.70447540283203,-88.34700775146484,44.90686798095703,-2.826261043548584,23.728334426879883,54.715911865234375,-69.70447540283203,-88.34700775146484,44.90686798095703,45.33594259621657
21.022,0,-2.3720624446868896,23.808103561401367,54.6893310546875,-69.84652709960938,-88.34744262695312,44.95049285888672,-2.3720624446868896,23.808103561401367,54.6893310546875,-69.84652709960938,-88.34744262695312,44.95049285888672,45.33594259621657
21.049,0,-2.3378708362579346,23.90989112854004,54.525047302246094,-69.86283111572266,-88.3419189453125,45.070213317871094,-2.3378708362579346,23.90989112854004,54.525047302246094,-69.86283111572266,-88.3419189453125,45.070213317871094,45.33594259621657
21.084,0,-2.829819679260254,23.79747200012207,54.68909454345703,-69.79794311523438,-88.4330825805664,45.210609436035156,-2.829819679260254,23.79747200012207,54.68909454345703,-69.79794311523438,-88.4330825805664,45.210609436035156,45.33594259621657
21.118,0,-2.896726608276367,23.470949172973633,54.89006805419922,-69.69636535644531,-88.44712829589844,45.08586883544922,-2.896726608276367,23.470949172973633,54.89006805419922,-69.69636535644531,-88.44712829589844,45.08586883544922,45.33594259621657
21.151,0,-2.353579044342041,23.4632511138916,55.03973388671875,-69.98200225830078,-88.46768188476562,45.192195892333984,-2.353579044342041,23.4632511138916,55.03973388671875,-69.98200225830078,-88.46768188476562,45.192195892333984,45.33594259621657
21.186,0,-2.26582670211792,23.402196884155273,54.87119674682617,-69.82196044921875,-88.46277618408203,45.280303955078125,-2.26582670211792,23.402196884155273,54.87119674682617,-69.82196044921875,-88.46277618408203,45.280303955078125,45.33594259621657
21.252,0,-2.2726428508758545,23.430322647094727,54.950782775878906,-69.96931457519531,-88.46304321289062,45.24101257324219,-2.2726428508758545,23.430322647094727,54.950782775878906,-69.96931457519531,-88.46304321289062,45.24101257324219,45.33594259621657
21.281,0,-1.7184295654296875,23.32246971130371,55.06178283691406,-70.13981628417969,-88.45171356201172,45.37614822387695,-1.7184295654296875,23.32246971130371,55.06178283691406,-70.13981628417969,-88.45171356201172,45.37614822387695,45.33594259621657
21.311,0,-1.9021356105804443,23.670534133911133,54.67497634887695,-70.17393493652344,-88.45947265625,45.597015380859375,-1.9021356105804443,23.670534133911133,54.67497634887695,-70.17393493652344,-88.45947265625,45.597015380859375,45.33594259621657
21.346,0,-2.3665854930877686,23.497453689575195,54.86048126220703,-70.11225891113281,-88.51868438720703,45.628814697265625,-2.3665854930877686,23.497453689575195,54.86048126220703,-70.11225891113281,-88.51868438720703,45.628814697265625,45.33594259621657
21.379,0,-2.3610103130340576,23.446176528930664,54.96406173706055,-70.21063995361328,-88.50895690917969,45.58509063720703,-2.3610103130340576,23.446176528930664,54.96406173706055,-70.21063995361328,-88.50895690917969,45.58509063720703,45.33594259621657
21.413,0,-2.7368764877319336,23.216100692749023,55.09923553466797,-69.96366882324219,-88.56068420410156,45.575927734375,-2.7368764877319336,23.216100692749023,55.09923553466797,-69.96366882324219,-88.56068420410156,45.575927734375,45.33594259621657
21.447,0,-2.9429287910461426,23.556764602661133,54.750492095947266,-70.03292846679688,-88.59602355957031,45.73598098754883,-2.9429287910461426,23.556764602661133,54.750492095947266,-70.03292846679688,-88.59602355957031,45.73598098754883,45.33594259621657
21.478,0,-3.05775785446167,23.501237869262695,54.70738220214844,-69.92286682128906,-88.6417465209961,45.775482177734375,-3.05775785446167,23.501237869262695,54.70738220214844,-69.92286682128906,-88.6417465209961,45.775482177734375,45.33594259621657
21.516,0,-2.6287012100219727,23.765661239624023,54.53654479980469,-70.0516357421875,-88.54585266113281,45.801883697509766,-2.6287012100219727,23.765661239624023,54.53654479980469,-70.0516357421875,-88.54585266113281,45.801883697509766,45.33594259621657
21.545,0,-3.009626865386963,23.533369064331055,54.690406799316406,-69.83519744873047,-88.60525512695312,45.72559356689453,-3.009626865386963,23.533369064331055,54.690406799316406,-69.83519744873047,-88.60525512695312,45.72559356689453,45.33594259621657
21.580,0,-2.7750892639160156,24.000207901000977,54.41008758544922,-70.13140106201172,-88.56578826904297,46.05777359008789,-2.7750892639160156,24.000207901000977,54.41008758544922,-70.13140106201172,-88.56578826904297,46.05777359008789,45.33594259621657
21.612,0,-2.79598331451416,23.96550941467285,54.375144958496094,-70.06680297851562,-88.59231567382812,46.139408111572266,-2.79598331451416,23.96550941467285,54.375144958496094,-70.06680297851562,-88.59231567382812,46.139408111572266,45.33594259621657
21.646,0,-2.432753562927246,24.157915115356445,54.30729675292969,-70.19761657714844,-88.47074890136719,46.20649719238281,-2.432753562927246,24.157915115356445,54.30729675292969,-70.19761657714844,-88.47074890136719,46.20649719238281,45.33594259621657
21.680,0,-2.8350396156311035,23.940752029418945,54.47081756591797,-70.02837371826172,-88.52751159667969,46.14099884033203,-2.8350396156311035,23.940752029418945,54.47081756591797,-70.02837371826172,-88.52751159667969,46.14099884033203,45.662100456621005
21.712,0,-2.926928997039795,24.23087501525879,54.14223861694336,-70.05050659179688,-88.5625991821289,46.285831451416016,-2.926928997039795,24.23087501525879,54.14223861694336,-70.05050659179688,-88.5625991821289,46.285831451416016,45.72733202870189
21.746,0,-3.018674850463867,24.138437271118164,54.14046096801758,-69.9351806640625,-88.60633850097656,46.32053756713867,-3.018674850463867,24.138437271118164,54.14046096801758,-69.9351806640625,-88.60633850097656,46.32053756713867,45.72733202870189
21.779,0,-2.8691840171813965,24.1184139251709,54.243377685546875,-69.97925567626953,-88.4900131225586,46.300193786621094,-2.8691840171813965,24.1184139251709,54.243377685546875,-69.97925567626953,-88.4900131225586,46.300193786621094,45.72733202870189
21.812,0,-3.2831811904907227,23.964021682739258,54.38643264770508,-69.8660659790039,-88.55899047851562,46.272159576416016,-3.2831811904907227,23.964021682739258,54.38643264770508,-69.8660659790039,-88.55899047851562,46.272159576416016,45.92302674494455
21.846,0,-3.4168615341186523,24.141530990600586,54.120452880859375,-69.81023406982422,-88.58853912353516,46.34328842163086,-3.4168615341186523,24.141530990600586,54.120452880859375,-69.81023406982422,-88.58853912353516,46.34328842163086,45.98825831702544
21.880,0,-3.91624116897583,24.00078773498535,54.25197982788086,-69.69509887695312,-88.65387725830078,46.43675231933594,-3.91624116897583,24.00078773498535,54.25197982788086,-69.69509887695312,-88.65387725830078,46.43675231933594,45.98825831702544
21.914,0,-3.7923460006713867,23.997289657592773,54.35133361816406,-69.75277709960938,-88.53197479248047,46.447471618652344,-3.7923460006713867,23.997289657592773,54.35133361816406,-69.75277709960938,-88.53197479248047,46.447471618652344,45.98825831702544
21.949,0,-4.226471900939941,23.78891944885254,54.451515197753906,-69.51957702636719,-88.6021499633789,46.48413848876953,-4.226471900939941,23.78891944885254,54.451515197753906,-69.51957702636719,-88.6021499633789,46.48413848876953,45.98825831702544
21.981,0,-3.719963550567627,24.05302619934082,54.25846481323242,-69.75032043457031,-88.56538391113281,46.603755950927734,-3.719963550567627,24.05302619934082,54.25846481323242,-69.75032043457031,-88.56538391113281,46.603755950927734,46.118721461187214
22.014,0,-4.230446815490723,23.811838150024414,54.43989562988281,-69.54389953613281,-88.64095306396484,46.65384292602539,-4.230446815490723,23.811838150024414,54.43989562988281,-69.54389953613281,-88.64095306396484,46.65384292602539,46.118721461187214
22.048,0,-4.161056041717529,23.76350212097168,54.60051345825195,-69.60836791992188,-88.53157806396484,46.623374938964844,-4.161056041717529,23.76350212097168,54.60051345825195,-69.60836791992188,-88.53157806396484,46.623374938964844,46.118721461187214
22.081,0,-4.607456207275391,23.766210556030273,54.660545349121094,-69.56851959228516,-88.60609436035156,46.66072082519531,-4.607456207275391,23.766210556030273,54.660545349121094,-69.56851959228516,-88.60609436035156,46.66072082519531,46.24918460534899
22.114,0,-4.1550493240356445,24.032686233520508,54.443450927734375,-69.76683807373047,-88.57282257080078,46.846954345703125,-4.1550493240356445,24.032686233520508,54.443450927734375,-69.76683807373047,-88.57282257080078,46.846954345703125,46.31441617742988
22.149,0,-4.258035182952881,23.92640495300293,54.60442352294922,-69.81782531738281,-88.60124969482422,46.85548400878906,-4.258035182952881,23.92640495300293,54.60442352294922,-69.81782531738281,-88.60124969482422,46.85548400878906,46.31441617742988
22.182,0,-3.82924747467041,24.612722396850586,54.247188568115234,-70.29412841796875,-88.51046752929688,46.8116455078125,-3.82924747467041,24.612722396850586,54.247188568115234,-70.29412841796875,-88.51046752929688,46.8116455078125,46.37964774951076
22.216,0,-4.272223949432373,24.6124210357666,54.35295486450195,-70.3424301147461,-88.58894348144531,46.815547943115234,-4.272223949432373,24.6124210357666,54.35295486450195,-70.3424301147461,-88.58894348144531,46.815547943115234,46.51011089367253
22.248,0,-4.746488571166992,24.45347023010254,54.32112503051758,-70.00979614257812,-88.64752197265625,46.768394470214844,-4.746488571166992,24.45347023010254,54.32112503051758,-70.00979614257812,-88.64752197265625,46.768394470214844,46.51011089367253
22.282,0,-5.311557292938232,24.26430320739746,54.50233459472656,-69.8726806640625,-88.74407958984375,46.860626220703125,-5.311557292938232,24.26430320739746,54.50233459472656,-69.8726806640625,-88.74407958984375,46.860626220703125,46.51011089367253
22.316,0,-4.950897216796875,24.84031105041504,54.16929244995117,-70.25567626953125,-88.6579360961914,46.785194396972656,-4.950897216796875,24.84031105041504,54.16929244995117,-70.25567626953125,-88.6579360961914,46.785194396972656,46.51011089367253
22.350,0,-5.1851019859313965,24.6705265045166,54.52576446533203,-70.45547485351562,-88.67505645751953,46.66701889038086,-5.1851019859313965,24.6705265045166,54.52576446533203,-70.45547485351562,-88.67505645751953,46.66701889038086,46.51011089367253
22.383,0,-5.255727291107178,24.499277114868164,54.516544342041016,-70.20497131347656,-88.67359924316406,46.7574577331543,-5.255727291107178,24.499277114868164,54.516544342041016,-70.20497131347656,-88.67359924316406,46.7574577331543,46.51011089367253
22.417,0,-5.266856670379639,24.2652645111084,54.61491394042969,-70.0482177734375,-88.67272186279297,46.79645538330078,-5.266856670379639,24.2652645111084,54.61491394042969,-70.0482177734375,-88.67272186279297,46.79645538330078,46.51011089367253
22.454,0,-4.936540126800537,24.74131202697754,54.40168380737305,-70.35614013671875,-88.57609558105469,46.70724105834961,-4.936540126800537,24.74131202697754,54.40168380737305,-70.35614013671875,-88.57609558105469,46.70724105834961,46.51011089367253
22.483,0,-5.114742755889893,24.51084327697754,54.77000427246094,-70.49418640136719,-88.60334014892578,46.593414306640625,-5.114742755889893,24.51084327697754,54.77000427246094,-70.49418640136719,-88.60334014892578,46.593414306640625,46.51011089367253
22.516,0,-5.181361198425293,24.274755477905273,54.826839447021484,-70.24620056152344,-88.59618377685547,46.62751007080078,-5.181361198425293,24.274755477905273,54.826839447021484,-70.24620056152344,-88.59618377685547,46.62751007080078,46.51011089367253
22.550,0,-5.183629989624023,24.093900680541992,54.915122985839844,-70.15686798095703,-88.60710906982422,46.63628387451172,-5.183629989624023,24.093900680541992,54.915122985839844,-70.15686798095703,-88.60710906982422,46.63628387451172,46.51011089367253
22.584,0,-4.92763090133667,24.544538497924805,54.796363830566406,-70.53558349609375,-88.51732635498047,46.55938720703125,-4.92763090133667,24.544538497924805,54.796363830566406,-70.53558349609375,-88.51732635498047,46.55938720703125,46.51011089367253
22.618,0,-5.047820091247559,24.425222396850586,55.025596618652344,-70.63215637207031,-88.52310180664062,46.46519470214844,-5.047820091247559,24.425222396850586,55.025596618652344,-70.63215637207031,-88.52310180664062,46.46519470214844,46.51011089367253
22.651,0,-4.996577739715576,24.298906326293945,55.09400939941406,-70.5731201171875,-88.48820495605469,46.533939361572266,-4.996577739715576,24.298906326293945,55.09400939941406,-70.5731201171875,-88.48820495605469,46.533939361572266,46.51011089367253
22.685,0,-5.0087480545043945,24.0864315032959,55.20391845703125,-70.45639038085938,-88.49263763427734,46.525794982910156,-5.0087480545043945,24.0864315032959,55.20391845703125,-70.45639038085938,-88.49263763427734,46.525794982910156,46.51011089367253
22.718,0,-4.699178218841553,24.6883487701416,55.05107116699219,-71.02265930175781,-88.4052505493164,46.511474609375,-4.699178218841553,24.6883487701416,55.05107116699219,-71.02265930175781,-88.4052505493164,46.511474609375,46.51011089367253
22.752,0,-4.871302604675293,24.578161239624023,55.305076599121094,-71.13882446289062,-88.43914794921875,46.36414337158203,-4.871302604675293,24.578161239624023,55.305076599121094,-71.13882446289062,-88.43914794921875,46.36414337158203,46.51011089367253
22.786,0,-4.844965934753418,24.390966415405273,55.40349578857422,-71.01188659667969,-88.3968505859375,46.465240478515625,-4.844965934753418,24.390966415405273,55.40349578857422,-71.01188659667969,-88.3968505859375,46.465240478515625,46.51011089367253
22.819,0,-4.865053653717041,24.25291633605957,55.51482391357422,-70.99180603027344,-88.4114761352539,46.504859924316406,-4.865053653717041,24.25291633605957,55.51482391357422,-70.99180603027344,-88.4114761352539,46.504859924316406,46.51011089367253
22.852,0,-4.592579364776611,24.698915481567383,55.154178619384766,-71.16940307617188,-88.36495971679688,46.44798278808594,-4.592579364776611,24.698915481567383,55.154178619384766,-71.16940307617188,-88.36495971679688,46.44798278808594,46.51011089367253
22.886,0,-4.767917633056641,24.537736892700195,55.44961166381836,-71.27205657958984,-88.39110565185547,46.218482971191406,-4.767917633056641,24.537736892700195,55.44961166381836,-71.27205657958984,-88.39110565185547,46.218482971191406,46.51011089367253
22.920,0,-4.900833606719971,24.354089736938477,55.36983871459961,-70.91468811035156,-88.40301513671875,46.09844207763672,-4.900833606719971,24.354089736938477,55.36983871459961,-70.91468811035156,-88.40301513671875,46.09844207763672,46.51011089367253
22.955,0,-5.030613422393799,24.194536209106445,55.468841552734375,-70.82266235351562,-88.41393280029297,46.10047149658203,-5.030613422393799,24.194536209106445,55.468841552734375,-70.82266235351562,-88.41393280029297,46.10047149658203,46.51011089367253
22.987,0,-4.7497878074646,24.637556076049805,55.104087829589844,-70.99598693847656,-88.36676788330078,46.06425476074219,-4.7497878074646,24.637556076049805,55.104087829589844,-70.99598693847656,-88.36676788330078,46.06425476074219,46.44487932159165
23.019,0,-4.947325706481934,24.60273551940918,55.32666778564453,-71.18086242675781,-88.38619232177734,45.883201599121094,-4.947325706481934,24.60273551940918,55.32666778564453,-71.18086242675781,-88.38619232177734,45.883201599121094,46.31441617742988
23.053,0,-4.606266498565674,24.481657028198242,55.231910705566406,-70.92924499511719,-88.31072998046875,45.86331558227539,-4.606266498565674,24.481657028198242,55.231910705566406,-70.92924499511719,-88.31072998046875,45.86331558227539,46.31441617742988
23.087,0,-4.746318340301514,24.397600173950195,55.32471466064453,-70.94963073730469,-88.32574462890625,45.89373016357422,-4.746318340301514,24.397600173950195,55.32471466064453,-70.94963073730469,-88.32574462890625,45.89373016357422,46.31441617742988
23.120,0,-4.439077377319336,24.677160263061523,55.04743576049805,-71.01254272460938,-88.27252960205078,45.8508415222168,-4.439077377319336,24.677160263061523,55.04743576049805,-71.01254272460938,-88.27252960205078,45.8508415222168,46.31441617742988
23.154,0,-4.599208831787109,24.64164924621582,55.27507019042969,-71.22203826904297,-88.2955322265625,45.67776870727539,-4.599208831787109,24.64164924621582,55.27507019042969,-71.22203826904297,-88.2955322265625,45.67776870727539,46.1839530332681
23.187,0,-4.26106595993042,24.60114097595215,55.15943145751953,-71.04608917236328,-88.22887420654297,45.66163635253906,-4.26106595993042,24.60114097595215,55.15943145751953,-71.04608917236328,-88.22887420654297,45.66163635253906,46.053489889106324
23.220,0,-4.2894511222839355,24.423215866088867,55.299659729003906,-71.00879669189453,-88.21665954589844,45.64038848876953,-4.2894511222839355,24.423215866088867,55.299659729003906,-71.00879669189453,-88.21665954589844,45.64038848876953,45.98825831702544
23.254,0,-4.0301408767700195,24.87247657775879,54.95301055908203,-71.21942138671875,-88.17308807373047,45.55764389038086,-4.0301408767700195,24.87247657775879,54.95301055908203,-71.21942138671875,-88.17308807373047,45.55764389038086,45.92302674494455
23.287,0,-4.1190619468688965,24.670827865600586,55.25278854370117,-71.31370544433594,-88.18968963623047,45.345890045166016,-4.1190619468688965,24.670827865600586,55.25278854370117,-71.31370544433594,-88.18968963623047,45.345890045166016,45.92302674494455
23.321,0,-4.332886695861816,24.593332290649414,55.11577606201172,-70.98948669433594,-88.20755767822266,45.225242614746094,-4.332886695861816,24.593332290649414,55.11577606201172,-70.98948669433594,-88.20755767822266,45.225242614746094,45.85779517286366
23.356,0,-4.555388927459717,24.40904426574707,55.27674865722656,-70.92816162109375,-88.24506378173828,45.238677978515625,-4.555388927459717,24.40904426574707,55.27674865722656,-70.92816162109375,-88.24506378173828,45.238677978515625,45.72733202870189
23.388,0,-4.294166088104248,24.794382095336914,54.96742248535156,-71.11155700683594,-88.19774627685547,45.17454528808594,-4.294166088104248,24.794382095336914,54.96742248535156,-71.11155700683594,-88.19774627685547,45.17454528808594,45.531637312459225
23.423,0,-4.39998722076416,24.625234603881836,55.21565246582031,-71.2012939453125,-88.21542358398438,44.95238494873047,-4.39998722076416,24.625234603881836,55.21565246582031,-71.2012939453125,-88.21542358398438,44.95238494873047,45.46640574037834
23.458,0,-4.60382604598999,24.582090377807617,55.087276458740234,-70.95973205566406,-88.22649383544922,44.83926010131836,-4.60382604598999,24.582090377807617,55.087276458740234,-70.95973205566406,-88.22649383544922,44.83926010131836,45.40117416829745
23.489,0,-4.611734867095947,24.1747989654541,55.31341552734375,-70.74674987792969,-88.25676727294922,44.81971740722656,-4.611734867095947,24.1747989654541,55.31341552734375,-70.74674987792969,-88.25676727294922,44.81971740722656,45.33594259621657
23.522,0,-4.158185005187988,24.516908645629883,55.141231536865234,-70.98678588867188,-88.22239685058594,44.84870910644531,-4.158185005187988,24.516908645629883,55.141231536865234,-70.98678588867188,-88.22239685058594,44.84870910644531,45.20547945205479
23.555,0,-3.993778705596924,24.014493942260742,55.64317321777344,-71.1067123413086,-88.24225616455078,44.7293586730957,-3.993778705596924,24.014493942260742,55.64317321777344,-71.1067123413086,-88.24225616455078,44.7293586730957,45.075016307893016
23.588,0,-4.460724830627441,23.54129981994629,55.855987548828125,-70.69788360595703,-88.28700256347656,44.62620162963867,-4.460724830627441,23.54129981994629,55.855987548828125,-70.69788360595703,-88.28700256347656,44.62620162963867,45.075016307893016
23.622,0,-4.389499664306641,23.284696578979492,55.98393249511719,-70.59072875976562,-88.30121612548828,44.74030303955078,-4.389499664306641,23.284696578979492,55.98393249511719,-70.59072875976562,-88.30121612548828,44.74030303955078,45.00978473581213
23.656,0,-4.904022693634033,22.97662925720215,56.159854888916016,-70.2843017578125,-88.38308715820312,44.665645599365234,-4.904022693634033,22.97662925720215,56.159854888916016,-70.2843017578125,-88.38308715820312,44.665645599365234,44.94455316373124
23.689,0,-4.765505313873291,22.701021194458008,56.28192138671875,-70.21487426757812,-88.39279174804688,44.57696533203125,-4.765505313873291,22.701021194458008,56.28192138671875,-70.21487426757812,-88.39279174804688,44.57696533203125,44.94455316373124
23.722,0,-4.196148872375488,22.98018455505371,56.160362243652344,-70.49481964111328,-88.28746795654297,44.5921745300293,-4.196148872375488,22.98018455505371,56.160362243652344,-70.49481964111328,-88.28746795654297,44.5921745300293,44.94455316373124
23.756,0,-4.120591640472412,22.5128116607666,56.3653564453125,-70.18536376953125,-88.29228210449219,44.526573181152344,-4.120591640472412,22.5128116607666,56.3653564453125,-70.18536376953125,-88.29228210449219,44.526573181152344,44.94455316373124
23.789,0,-4.26027774810791,22.741979598999023,56.16671371459961,-70.23212432861328,-88.34632110595703,44.59975814819336,-4.26027774810791,22.741979598999023,56.16671371459961,-70.23212432861328,-88.34632110595703,44.59975814819336,44.94455316373124
23.822,0,-4.005552291870117,22.272764205932617,56.43244934082031,-69.97674560546875,-88.24984741210938,44.49028015136719,-4.005552291870117,22.272764205932617,56.43244934082031,-69.97674560546875,-88.24984741210938,44.49028015136719,44.94455316373124
23.856,0,-4.092626094818115,22.107099533081055,56.52973175048828,-69.88629150390625,-88.1321029663086,44.390625,-4.092626094818115,22.107099533081055,56.52973175048828,-69.88629150390625,-88.1321029663086,44.390625,44.94455316373124
23.963,0,-3.554046154022217,22.277944564819336,56.392547607421875,-69.99797058105469,-88.04235076904297,44.43360137939453,-3.554046154022217,22.277944564819336,56.392547607421875,-69.99797058105469,-88.04235076904297,44.43360137939453,44.94455316373124
23.991,0,-3.529491424560547,22.827669143676758,56.106258392333984,-70.3948974609375,-88.00749206542969,44.46438980102539,-3.529491424560547,22.827669143676758,56.106258392333984,-70.3948974609375,-88.00749206542969,44.46438980102539,44.6836268754077
24.024,0,-3.2290282249450684,22.605073928833008,56.21990203857422,-70.25503540039062,-87.90461730957031,44.580230712890625,-3.2290282249450684,22.605073928833008,56.21990203857422,-70.25503540039062,-87.90461730957031,44.580230712890625,44.553163731245924
24.056,0,-2.834167957305908,22.78354835510254,55.974517822265625,-70.19552612304688,-87.77403259277344,44.536956787109375,-2.834167957305908,22.78354835510254,55.974517822265625,-70.19552612304688,-87.77403259277344,44.536956787109375,44.553163731245924
24.089,0,-2.357631206512451,23.05306053161621,55.80657196044922,-70.38868713378906,-87.75965118408203,44.62613296508789,-2.357631206512451,23.05306053161621,55.80657196044922,-70.38868713378906,-87.75965118408203,44.62613296508789,44.553163731245924
24.123,0,-2.2351174354553223,23.75202751159668,55.45002746582031,-70.86343383789062,-87.7082748413086,44.74003601074219,-2.2351174354553223,23.75202751159668,55.45002746582031,-70.86343383789062,-87.7082748413086,44.74003601074219,44.553163731245924
24.156,0,-1.6568325757980347,23.575796127319336,55.513999938964844,-70.75608825683594,-87.63130950927734,44.61021423339844,-1.6568325757980347,23.575796127319336,55.513999938964844,-70.75608825683594,-87.63130950927734,44.61021423339844,44.553163731245924
24.190,0,-1.2323369979858398,23.646230697631836,55.32304382324219,-70.68427276611328,-87.5133056640625,44.54161834716797,-1.2323369979858398,23.646230697631836,55.32304382324219,-70.68427276611328,-87.5133056640625,44.54161834716797,44.553163731245924
