t_s,episode,target.shoulder_pan.pos,target.shoulder_lift.pos,target.elbow_flex.pos,target.wrist_flex.pos,target.wrist_roll.pos,target.gripper.pos,sent.shoulder_pan.pos,sent.shoulder_lift.pos,sent.elbow_flex.pos,sent.wrist_flex.pos,sent.wrist_roll.pos,sent.gripper.pos,gripper_actual
0.232,0,-6.760741233825684,-100.80643463134766,92.73128509521484,68.84534454345703,-9.208427429199219,0.09309959411621094,-6.760741233825684,-95.15384615384616,92.97802197802197,68.84534454345703,-2.8461538461538463,0.09309959411621094,2.0221787345075013
0.256,0,-6.365955352783203,-100.7529525756836,92.65802001953125,69.16738891601562,-9.214118957519531,0.11048507690429688,-6.365955352783203,-95.15384615384616,92.97802197802197,69.16738891601562,-2.8461538461538463,0.11048507690429688,2.0221787345075013
0.289,0,-6.601710319519043,-100.7203140258789,92.66802978515625,69.19178771972656,-9.4033203125,0.14735984802246094,-6.601710319519043,-95.32967032967034,92.66802978515625,69.19178771972656,-3.10989010989011,0.14735984802246094,2.0221787345075013
0.325,0,-6.564929008483887,-100.58226776123047,92.7137451171875,68.9109878540039,-9.984573364257812,0.18343162536621094,-6.564929008483887,-97.26373626373626,92.7137451171875,68.9109878540039,-5.043956043956044,0.18343162536621094,1.5655577299412915
0.356,0,-6.519075393676758,-100.43535614013672,92.79862976074219,68.18054962158203,-10.850631713867188,0.20367431640625,-6.519075393676758,-99.02197802197803,92.79862976074219,68.18054962158203,-6.362637362637363,0.20367431640625,1.2393998695368558
0.394,0,-6.2734479904174805,-100.26848602294922,92.95742797851562,67.19715118408203,-12.254135131835938,0.228851318359375,-6.2734479904174805,-100.26848602294922,92.95742797851562,67.19715118408203,-7.945054945054945,0.228851318359375,1.2393998695368558
0.423,0,-6.113103866577148,-100.10831451416016,93.16142272949219,65.91218566894531,-13.846176147460938,0.22723388671875,-6.113103866577148,-100.10831451416016,93.16142272949219,65.91218566894531,-9.263736263736263,0.22723388671875,1.2393998695368558
0.458,0,-5.935757637023926,-99.92172241210938,93.39418029785156,64.51072692871094,-15.765846252441406,0.22632980346679688,-5.935757637023926,-99.92172241210938,93.39418029785156,64.51072692871094,-10.846153846153847,0.22632980346679688,1.2393998695368558
0.489,0,-5.865649223327637,-99.7850341796875,93.57255554199219,63.39637756347656,-17.37120819091797,0.2202930450439453,-5.865649223327637,-99.7850341796875,93.57255554199219,63.39637756347656,-12.252747252747252,0.2202930450439453,1.2393998695368558
0.522,0,-5.720477104187012,-99.67831420898438,93.76243591308594,62.37452697753906,-18.879817962646484,0.21314048767089844,-5.720477104187012,-99.67831420898438,93.76243591308594,62.37452697753906,-13.659340659340659,0.21314048767089844,1.2393998695368558
0.587,0,-5.673523902893066,-99.6053695678711,93.95174407958984,61.34825134277344,-20.494747161865234,0.20133590698242188,-5.673523902893066,-99.6053695678711,93.95174407958984,61.34825134277344,-16.560439560439562,0.20133590698242188,1.2393998695368558
0.610,0,-5.641740798950195,-99.52936553955078,94.14134216308594,60.29789733886719,-22.13006591796875,0.19434165954589844,-5.641740798950195,-99.52936553955078,94.14134216308594,60.29789733886719,-17.087912087912088,0.19434165954589844,1.2393998695368558
0.645,0,-5.528609275817871,-99.47118377685547,94.31930541992188,59.40997314453125,-23.62091064453125,0.18724441528320312,-5.528609275817871,-99.47118377685547,94.31930541992188,59.40997314453125,-18.142857142857142,0.18724441528320312,1.2393998695368558
0.677,0,-5.496301651000977,-99.42698669433594,94.50186157226562,58.491600036621094,-25.15878677368164,0.18064498901367188,-5.496301651000977,-99.42698669433594,94.50186157226562,58.491600036621094,-19.9010989010989,0.18064498901367188,1.2393998695368558
0.712,0,-5.397266387939453,-99.39282989501953,94.66236114501953,57.65711212158203,-26.638427734375,0.18364906311035156,-5.397266387939453,-99.39282989501953,94.66236114501953,57.65711212158203,-21.483516483516482,0.18364906311035156,1.2393998695368558
0.744,0,-5.335424423217773,-99.37657928466797,94.8204345703125,56.82032775878906,-28.101253509521484,0.19646263122558594,-5.335424423217773,-99.37657928466797,94.8204345703125,56.82032775878906,-22.802197802197803,0.19646263122558594,1.2393998695368558
0.787,0,-5.180499076843262,-99.35821533203125,94.97564697265625,55.98442077636719,-29.646987915039062,0.22446250915527344,-5.180499076843262,-99.35821533203125,94.97564697265625,55.98442077636719,-24.912087912087912,0.22446250915527344,1.2393998695368558
0.812,0,-5.065366744995117,-99.381103515625,95.12674713134766,55.16130828857422,-31.272968292236328,0.29755401611328125,-5.065366744995117,-99.381103515625,95.12674713134766,55.16130828857422,-25.87912087912088,0.29755401611328125,1.2393998695368558
0.847,0,-4.924178123474121,-99.3440933227539,95.26216888427734,54.29771423339844,-32.82846450805664,0.33559417724609375,-4.924178123474121,-99.3440933227539,95.26216888427734,54.29771423339844,-27.197802197802197,0.33559417724609375,1.2393998695368558
0.881,0,-4.784357070922852,-99.35060119628906,95.37905883789062,53.56305694580078,-34.277767181396484,0.38028526306152344,-4.784357070922852,-99.35060119628906,95.37905883789062,53.56305694580078,-29.043956043956044,0.38028526306152344,1.2393998695368558
0.913,0,-4.568757057189941,-99.36376953125,95.49525451660156,52.77381896972656,-35.904136657714844,0.5063571929931641,-4.568757057189941,-99.36376953125,95.49525451660156,52.77381896972656,-30.36263736263736,0.5063571929931641,1.2393998695368558
0.944,0,-4.399880409240723,-99.3857421875,95.60693359375,52.007049560546875,-37.446449279785156,0.5941410064697266,-4.399880409240723,-99.3857421875,95.60693359375,52.007049560546875,-31.76923076923077,0.5941410064697266,1.2393998695368558
0.984,0,-4.1541290283203125,-99.4046401977539,95.71763610839844,51.225830078125,-38.9842414855957,0.6606521606445312,-4.1541290283203125,-99.4046401977539,95.71763610839844,51.225830078125,-33.79120879120879,0.6606521606445312,1.2393998695368558
1.014,0,-3.9441680908203125,-99.44237518310547,95.81136322021484,50.49640655517578,-40.50160598754883,0.7849044799804688,-3.9441680908203125,-99.44237518310547,95.81136322021484,50.49640655517578,-34.84615384615385,0.7849044799804688,1.2393998695368558
1.044,0,-3.675950050354004,-99.45820617675781,95.9018325805664,49.724205017089844,-42.03592300415039,0.8899192810058594,-3.675950050354004,-99.45820617675781,95.9018325805664,49.724205017089844,-36.16483516483517,0.8899192810058594,1.2393998695368558
1.080,0,-3.4326119422912598,-99.49178314208984,95.98860931396484,48.97514343261719,-43.55879211425781,1.0100574493408203,-3.4326119422912598,-99.49178314208984,95.98860931396484,48.97514343261719,-38.010989010989015,1.0100574493408203,1.2393998695368558
1.122,0,-3.145968437194824,-99.51667785644531,96.06843566894531,48.190101623535156,-45.1153564453125,1.1242828369140625,-3.145968437194824,-99.51667785644531,96.06843566894531,48.190101623535156,-39.59340659340659,1.1242828369140625,1.2393998695368558
1.146,0,-2.9022321701049805,-99.53266143798828,96.13002014160156,47.48688507080078,-46.50529098510742,1.242166519165039,-2.9022321701049805,-99.53266143798828,96.13002014160156,47.48688507080078,-40.73626373626374,1.242166519165039,1.2393998695368558
1.180,0,-2.5652637481689453,-99.55025482177734,96.18643188476562,46.721046447753906,-48.041439056396484,1.3633880615234375,-2.5652637481689453,-99.55025482177734,96.18643188476562,46.721046447753906,-42.40659340659341,1.3633880615234375,1.2393998695368558
1.211,0,-2.2962899208068848,-99.57105255126953,96.2395248413086,46.00318908691406,-49.47784423828125,1.4988822937011719,-2.2962899208068848,-99.57105255126953,96.2395248413086,46.00318908691406,-43.72527472527472,1.4988822937011719,1.2393998695368558
1.252,0,-1.9567694664001465,-99.58097839355469,96.27882385253906,45.28624725341797,-50.94867706298828,1.6258773803710938,-1.9567694664001465,-99.58097839355469,96.27882385253906,45.28624725341797,-45.57142857142857,1.6258773803710938,1.2393998695368558
1.281,0,-1.6534533500671387,-99.59049987792969,96.3077621459961,44.60582733154297,-52.33644104003906,1.770833969116211,-1.6534533500671387,-99.59049987792969,96.3077621459961,44.60582733154297,-46.89010989010989,1.770833969116211,1.2393998695368558
1.314,0,-1.2872233390808105,-99.60102081298828,96.33041381835938,43.90254211425781,-53.818275451660156,1.9064273834228516,-1.2872233390808105,-99.60102081298828,96.33041381835938,43.90254211425781,-48.20879120879121,1.9064273834228516,1.2393998695368558
1.346,0,-0.9730029106140137,-99.609619140625,96.35023498535156,43.24079132080078,-55.20720672607422,2.041898727416992,-0.9730029106140137,-99.609619140625,96.35023498535156,43.24079132080078,-49.879120879120876,2.041898727416992,1.304631441617743
1.377,0,-0.600339412689209,-99.6021499633789,96.35861206054688,42.54762268066406,-56.66413497924805,2.1997013092041016,-0.600339412689209,-99.6021499633789,96.35861206054688,42.54762268066406,-51.285714285714285,2.1997013092041016,1.5003261578604044
1.410,0,-0.2560567855834961,-99.58580780029297,96.35832214355469,41.8795166015625,-58.01239776611328,2.3748817443847656,-0.2560567855834961,-99.58580780029297,96.35832214355469,41.8795166015625,-52.78021978021978,2.3748817443847656,1.5655577299412915
1.445,0,0.15282249450683594,-99.57908630371094,96.35856628417969,41.19842529296875,-59.447635650634766,2.5639591217041016,0.15282249450683594,-99.57908630371094,96.35856628417969,41.19842529296875,-54.45054945054945,2.5639591217041016,1.6960208741030658
1.479,0,0.5086226463317871,-99.56843566894531,96.35453796386719,40.552581787109375,-60.78888702392578,2.7529335021972656,0.5086226463317871,-99.56843566894531,96.35453796386719,40.552581787109375,-56.032967032967036,2.7529335021972656,1.82648401826484
1.511,0,0.9141759872436523,-99.57484436035156,96.35037231445312,39.899681091308594,-62.158477783203125,2.9803829193115234,0.9141759872436525,-99.57484436035156,96.35037231445312,39.899681091308594,-57.35164835164835,2.9803829193115234,1.9569471624266144
1.551,0,1.2666218280792236,-99.57079315185547,96.34445190429688,39.294769287109375,-63.397613525390625,3.206186294555664,1.2666218280792236,-99.57079315185547,96.34445190429688,39.294769287109375,-59.37362637362637,3.206186294555664,2.152641878669276
1.589,0,1.6918256282806396,-99.59962463378906,96.34103393554688,38.706092834472656,-64.66661071777344,3.4700145721435547,1.6918256282806396,-99.59962463378906,96.34103393554688,38.706092834472656,-60.78021978021978,3.4700145721435547,2.3483365949119372
1.614,0,2.0664520263671875,-99.61265563964844,96.33724975585938,38.163429260253906,-65.81814575195312,3.7378883361816406,2.0664520263671875,-99.61265563964844,96.33724975585938,38.163429260253906,-61.83516483516483,3.7378883361816406,2.4787997390737115
1.646,0,2.474943161010742,-99.64009094238281,96.33522033691406,37.59526062011719,-66.96913146972656,4.065338134765625,2.474943161010742,-99.64009094238281,96.33522033691406,37.59526062011719,-63.505494505494504,4.065338134765625,2.804957599478147
1.680,0,2.823230743408203,-99.64999389648438,96.3349380493164,37.07097625732422,-67.98391723632812,4.405743598937988,2.823230743408203,-99.64999389648438,96.3349380493164,37.07097625732422,-65.0,4.405743598937988,3.0658838878016956
1.715,0,3.2224199771881104,-99.67740631103516,96.34158325195312,36.533935546875,-68.99910736083984,4.802075386047363,3.2224199771881104,-99.67740631103516,96.34158325195312,36.533935546875,-66.49450549450549,4.802075386047363,3.326810176125244
1.746,0,3.5692405700683594,-99.69050598144531,96.3455810546875,36.04619598388672,-69.91999816894531,5.186363220214844,3.5692405700683594,-99.69050598144531,96.3455810546875,36.04619598388672,-68.07692307692308,5.186363220214844,3.65296803652968
1.789,0,3.963923692703247,-99.70503234863281,96.35064697265625,35.511146545410156,-70.83815002441406,5.634995460510254,3.963923692703247,-99.70503234863281,96.35064697265625,35.511146545410156,-70.01098901098901,5.634995460510254,3.979125896934116
1.813,0,4.30595064163208,-99.71383666992188,96.35897827148438,35.04505157470703,-71.63983917236328,6.072077751159668,4.30595064163208,-99.71383666992188,96.35897827148438,35.04505157470703,-71.06593406593407,6.072077751159668,4.305283757338552
1.848,0,4.6977858543396,-99.74120330810547,96.3723373413086,34.56543731689453,-72.44729614257812,6.547604560852051,4.6977858543396,-99.74120330810547,96.3723373413086,34.56543731689453,-72.38461538461539,6.547604560852051,4.631441617742987
1.890,0,5.023502826690674,-99.73841857910156,96.38804626464844,34.110939025878906,-73.1483154296875,7.032659530639648,5.023502826690674,-99.73841857910156,96.38804626464844,34.110939025878906,-73.1483154296875,7.032659530639648,5.088062622309197
1.912,0,5.37807559967041,-99.73516082763672,96.40758514404297,33.62384033203125,-73.84931945800781,7.568404197692871,5.37807559967041,-99.73516082763672,96.40758514404297,33.62384033203125,-73.84931945800781,7.568404197692871,5.544683626875408
1.952,0,5.702256202697754,-99.73352813720703,96.42819213867188,33.20524597167969,-74.4745101928711,8.09101390838623,5.702256202697754,-99.73352813720703,96.42819213867188,33.20524597167969,-74.4745101928711,8.09101390838623,5.93607305936073
1.993,0,6.0580902099609375,-99.68073272705078,96.44896697998047,32.694664001464844,-75.11632537841797,8.71070671081543,6.0580902099609375,-99.68073272705078,96.44896697998047,32.694664001464844,-75.11632537841797,8.71070671081543,6.457925636007827
2.018,0,6.368670463562012,-99.64637756347656,96.47343444824219,32.26580810546875,-75.66436767578125,9.27574348449707,6.368670463562012,-99.64637756347656,96.47343444824219,32.26580810546875,-75.66436767578125,9.27574348449707,7.045009784735812
2.054,0,6.69627571105957,-99.58354187011719,96.50044250488281,31.77764129638672,-76.20252990722656,9.889453887939453,6.69627571105957,-99.58354187011719,96.50044250488281,31.77764129638672,-76.20252990722656,9.889453887939453,7.436399217221135
2.081,0,6.978084564208984,-99.48339080810547,96.52967834472656,31.304893493652344,-76.6757583618164,10.494407653808594,6.978084564208984,-99.48339080810547,96.52967834472656,31.304893493652344,-76.6757583618164,10.494407653808594,8.023483365949119
2.122,0,7.293817043304443,-99.32403564453125,96.56103515625,30.756576538085938,-77.17001342773438,11.144391059875488,7.293817043304443,-99.32403564453125,96.56103515625,30.756576538085938,-77.17001342773438,11.144391059875488,8.610567514677104
2.149,0,7.57685661315918,-99.11310577392578,96.593505859375,30.180763244628906,-77.64580535888672,11.78917121887207,7.57685661315918,-99.11310577392578,96.593505859375,30.180763244628906,-77.64580535888672,11.78917121887207,9.262883235485974
2.185,0,7.862521171569824,-98.79940032958984,96.62433624267578,29.479461669921875,-78.10301971435547,12.49970817565918,7.862521171569824,-98.79940032958984,96.62433624267578,29.479461669921875,-78.10301971435547,12.49970817565918,9.784735812133071
2.231,0,8.095166206359863,-98.50856018066406,96.66041564941406,28.872352600097656,-78.4793701171875,13.141654968261719,8.095166206359863,-98.50856018066406,96.66041564941406,28.872352600097656,-78.4793701171875,13.141654968261719,10.437051532941943
2.256,0,8.364421844482422,-98.07803344726562,96.69036865234375,28.1016845703125,-78.91065216064453,13.84334945678711,8.364421844482422,-98.07803344726562,96.69036865234375,28.1016845703125,-78.91065216064453,13.84334945678711,11.154598825831702
2.291,0,8.584328651428223,-97.63684844970703,96.7203140258789,27.34841537475586,-79.30254364013672,14.539213180541992,8.584328651428223,-97.63684844970703,96.7203140258789,27.34841537475586,-79.30254364013672,14.539213180541992,11.676451402478799
2.322,0,8.809585571289062,-97.081787109375,96.74742126464844,26.489337921142578,-79.68346405029297,15.263405799865723,8.809585571289062,-97.081787109375,96.74742126464844,26.489337921142578,-79.68346405029297,15.263405799865723,12.393998695368557
2.356,0,8.987849235534668,-96.49601745605469,96.77496337890625,25.631996154785156,-80.040771484375,15.962987899780273,8.987849235534668,-96.49601745605469,96.77496337890625,25.631996154785156,-80.040771484375,15.962987899780273,13.04631441617743
2.389,0,9.19595718383789,-95.78496551513672,96.79833984375,24.65194320678711,-80.4321060180664,16.707796096801758,9.19595718383789,-95.78496551513672,96.79833984375,24.65194320678711,-80.4321060180664,16.707796096801758,13.763861709067188
2.423,0,9.360239028930664,-95.02883911132812,96.82181549072266,23.65019989013672,-80.7840576171875,17.434709548950195,9.360239028930664,-95.02883911132812,96.82181549072266,23.65019989013672,-80.7840576171875,17.434709548950195,14.41617742987606
2.456,0,9.525543212890625,-94.19245147705078,96.84117889404297,22.57693099975586,-81.1363296508789,18.160362243652344,9.525543212890625,-94.19245147705078,96.84117889404297,22.57693099975586,-81.1363296508789,18.160362243652344,15.198956294846704
2.492,0,9.666322708129883,-93.36578369140625,96.85808563232422,21.529624938964844,-81.46392822265625,18.88796043395996,9.666322708129883,-93.36578369140625,96.85808563232422,21.529624938964844,-81.46392822265625,18.88796043395996,15.916503587736464
2.522,0,9.814913749694824,-92.47374725341797,96.87220001220703,20.42617416381836,-81.7994384765625,19.609905242919922,9.814913749694824,-92.47374725341797,96.87220001220703,20.42617416381836,-81.7994384765625,19.609905242919922,16.634050880626223
2.560,0,9.917930603027344,-91.58351135253906,96.885986328125,19.358123779296875,-82.0921630859375,20.302570343017578,9.917930603027344,-91.58351135253906,96.885986328125,19.358123779296875,-82.0921630859375,20.302570343017578,17.286366601435095
2.589,0,10.040804862976074,-90.64373779296875,96.89656066894531,18.224918365478516,-82.39237213134766,20.982269287109375,10.040804862976074,-90.64373779296875,96.89656066894531,18.224918365478516,-82.39237213134766,20.982269287109375,18.134377038486626
2.623,0,10.114330291748047,-89.73103332519531,96.90457153320312,17.15740966796875,-82.64027404785156,21.652362823486328,10.114330291748047,-89.73103332519531,96.90457153320312,17.15740966796875,-82.64027404785156,21.652362823486328,18.786692759295498
2.659,0,10.196155548095703,-88.75910949707031,96.91162872314453,16.03583526611328,-82.90724182128906,22.321205139160156,10.196155548095703,-88.75910949707031,96.91162872314453,16.03583526611328,-82.90724182128906,22.321205139160156,19.504240052185256
2.689,0,10.269792556762695,-87.83346557617188,96.91361999511719,14.95461654663086,-83.15179443359375,22.944040298461914,10.269792556762695,-87.83346557617188,96.91361999511719,14.95461654663086,-83.15179443359375,22.944040298461914,20.221787345075015
2.727,0,10.3218994140625,-86.84588623046875,96.91683197021484,13.802482604980469,-83.37921142578125,23.570629119873047,10.3218994140625,-86.84588623046875,96.91683197021484,13.802482604980469,-83.37921142578125,23.570629119873047,20.808871493803
2.772,0,10.347394943237305,-85.90638732910156,96.91487121582031,12.743473052978516,-83.59065246582031,24.166370391845703,10.347394943237305,-85.90638732910156,96.91487121582031,12.743473052978516,-83.59065246582031,24.166370391845703,21.591650358773645
2.793,0,10.40129280090332,-84.9462661743164,96.9129867553711,11.61655044555664,-83.82789611816406,24.77758026123047,10.40129280090332,-84.9462661743164,96.9129867553711,11.61655044555664,-83.82789611816406,24.77758026123047,22.243966079582517
2.834,0,10.412006378173828,-83.99004364013672,96.90885925292969,10.536861419677734,-84.00707244873047,25.3612060546875,10.412006378173828,-83.99004364013672,96.90885925292969,10.536861419677734,-84.00707244873047,25.3612060546875,22.765818656229612
2.862,0,10.449371337890625,-82.99676513671875,96.90512084960938,9.413803100585938,-84.22627258300781,25.931232452392578,10.449371337890625,-82.99676513671875,96.90512084960938,9.413803100585938,-84.22627258300781,25.931232452392578,23.483365949119374
2.897,0,10.453953742980957,-82.0437240600586,96.8983154296875,8.336105346679688,-84.40959167480469,26.478899002075195,10.453953742980957,-82.0437240600586,96.8983154296875,8.336105346679688,-84.40959167480469,26.478899002075195,24.070450097847356
2.928,0,10.464180946350098,-81.09223175048828,96.89071655273438,7.244541168212891,-84.59324645996094,27.018455505371094,10.464180946350098,-81.09223175048828,96.89071655273438,7.244541168212891,-84.59324645996094,27.018455505371094,24.65753424657534
2.968,0,10.450063705444336,-80.12202453613281,96.87689971923828,6.1550445556640625,-84.81067657470703,27.54242706298828,10.450063705444336,-80.12202453613281,96.87689971923828,6.1550445556640625,-84.81067657470703,27.54242706298828,25.244618395303327
3.003,0,10.439706802368164,-79.15165710449219,96.8610610961914,5.065757751464844,-84.9987564086914,28.030860900878906,10.439706802368164,-79.15165710449219,96.8610610961914,5.065757751464844,-84.9987564086914,28.030860900878906,25.83170254403131
3.027,0,10.41549015045166,-78.216552734375,96.84104919433594,4.006622314453125,-85.21333312988281,28.540035247802734,10.41549015045166,-78.216552734375,96.84104919433594,4.006622314453125,-85.21333312988281,28.540035247802734,26.353555120678408
3.070,0,10.396757125854492,-77.18659973144531,96.79857635498047,2.8800697326660156,-85.40901947021484,29.027530670166016,10.396757125854492,-77.18659973144531,96.79857635498047,2.8800697326660156,-85.40901947021484,29.027530670166016,26.875407697325503
3.095,0,10.37533187866211,-76.16292572021484,96.75484466552734,1.7719841003417969,-85.6075439453125,29.477005004882812,10.37533187866211,-76.16292572021484,96.75484466552734,1.7719841003417969,-85.6075439453125,29.477005004882812,27.46249184605349
3.134,0,10.363609313964844,-75.15322875976562,96.7064208984375,0.6584587097167969,-85.79861450195312,29.915489196777344,10.363609313964844,-75.15322875976562,96.7064208984375,0.6584587097167969,-85.79861450195312,29.915489196777344,27.919112850619697
3.166,0,10.356059074401855,-74.04165649414062,96.61919403076172,-0.4967041015625,-85.97682189941406,30.335739135742188,10.356059074401855,-74.04165649414062,96.61919403076172,-0.4967041015625,-85.97682189941406,30.335739135742188,28.440965427266796
3.200,0,10.354543685913086,-72.87641906738281,96.51602172851562,-1.7258567810058594,-86.17581176757812,30.7598934173584,10.354543685913086,-72.87641906738281,96.51602172851562,-1.7258567810058594,-86.17581176757812,30.7598934173584,28.83235485975212
3.239,0,10.330225944519043,-71.70621490478516,96.41534423828125,-2.9247474670410156,-86.35517883300781,31.1560115814209,10.330225944519043,-71.70621490478516,96.41534423828125,-2.9247474670410156,-86.35517883300781,31.1560115814209,29.354207436399214
3.295,0,10.313953399658203,-70.49308776855469,96.28062438964844,-4.152381896972656,-86.5359878540039,31.541614532470703,10.313953399658203,-70.49308776855469,96.28062438964844,-4.152381896972656,-86.5359878540039,31.541614532470703,29.74559686888454
3.318,0,10.300137519836426,-69.24720764160156,96.12588500976562,-5.367336273193359,-86.72088623046875,31.908103942871094,10.300137519836426,-69.24720764160156,96.12588500976562,-5.367336273193359,-86.72088623046875,31.908103942871094,30.39791258969341
3.351,0,10.276761054992676,-67.99114227294922,95.96107482910156,-6.563808441162109,-86.88184356689453,32.288475036621094,10.276761054992676,-67.99114227294922,95.96107482910156,-6.563808441162109,-86.88184356689453,32.288475036621094,30.724070450097845
3.386,0,10.250612258911133,-66.7518081665039,95.77471923828125,-7.744808197021484,-87.04202270507812,32.6262321472168,10.250612258911133,-66.7518081665039,95.77471923828125,-7.744808197021484,-87.04202270507812,32.6262321472168,31.115459882583167
3.419,0,10.224905014038086,-65.50517272949219,95.56553649902344,-8.877010345458984,-87.16679382324219,32.924495697021484,10.224905014038086,-65.50517272949219,95.56553649902344,-8.877010345458984,-87.16679382324219,32.924495697021484,31.506849315068493
3.456,0,10.188455581665039,-64.28113555908203,95.32770538330078,-9.953174591064453,-87.2950668334961,33.21243667602539,10.188455581665039,-64.28113555908203,95.32770538330078,-9.953174591064453,-87.2950668334961,33.21243667602539,31.83300717547293
3.485,0,10.148109436035156,-63.07290267944336,95.08647918701172,-10.985153198242188,-87.39859008789062,33.448028564453125,10.148109436035156,-63.07290267944336,95.08647918701172,-10.985153198242188,-87.39859008789062,33.448028564453125,32.22439660795825
3.521,0,10.115006446838379,-61.88351821899414,94.81967163085938,-11.999174118041992,-87.5138931274414,33.6899528503418,10.115006446838379,-61.88351821899414,94.81967163085938,-11.999174118041992,-87.5138931274414,33.6899528503418,32.4853228962818
3.553,0,10.079916000366211,-60.67133712768555,94.51478576660156,-12.951841354370117,-87.59202575683594,33.898406982421875,10.079916000366211,-60.67133712768555,94.51478576660156,-12.951841354370117,-87.59202575683594,33.898406982421875,32.81148075668624
3.589,0,10.045682907104492,-59.52022171020508,94.20927429199219,-13.85597038269043,-87.6812515258789,34.10054016113281,10.045682907104492,-59.52022171020508,94.20927429199219,-13.85597038269043,-87.6812515258789,34.10054016113281,33.07240704500978
3.626,0,9.988039016723633,-58.830238342285156,94.09908294677734,-14.500028610229492,-87.76675415039062,34.17034912109375,9.988039016723633,-58.830238342285156,94.09908294677734,-14.500028610229492,-87.76675415039062,34.17034912109375,33.33333333333333
3.664,0,9.94439697265625,-58.03490447998047,93.98512268066406,-15.25633430480957,-87.86186981201172,34.21038055419922,9.94439697265625,-58.03490447998047,93.98512268066406,-15.25633430480957,-87.86186981201172,34.21038055419922,33.52902804957599
3.685,0,9.891773223876953,-57.1890983581543,93.7884521484375,-15.985071182250977,-87.94567108154297,34.289371490478516,9.891773223876953,-57.1890983581543,93.7884521484375,-15.985071182250977,-87.94567108154297,34.289371490478516,33.724722765818655
3.723,0,9.871421813964844,-56.37194061279297,93.6265869140625,-16.713382720947266,-88.05175018310547,34.32951354980469,9.871421813964844,-56.37194061279297,93.6265869140625,-16.713382720947266,-88.05175018310547,34.32951354980469,33.724722765818655
3.758,0,9.833016395568848,-55.67512512207031,93.44940948486328,-17.30483055114746,-88.14307403564453,34.38361358642578,9.833016395568848,-55.67512512207031,93.44940948486328,-17.30483055114746,-88.14307403564453,34.38361358642578,33.85518590998043
3.787,0,9.807659149169922,-54.76932907104492,93.23605346679688,-18.078733444213867,-88.23175811767578,34.423988342285156,9.807659149169922,-54.76932907104492,93.23605346679688,-18.078733444213867,-88.23175811767578,34.423988342285156,33.9856490541422
3.821,0,9.774015426635742,-53.99262237548828,93.01072692871094,-18.714445114135742,-88.30847930908203,34.47190856933594,9.774015426635742,-53.99262237548828,93.01072692871094,-18.714445114135742,-88.30847930908203,34.47190856933594,34.11611219830398
3.856,0,9.759684562683105,-53.166683197021484,92.80379486083984,-19.409278869628906,-88.3961181640625,34.49976348876953,9.759684562683105,-53.166683197021484,92.80379486083984,-19.409278869628906,-88.3961181640625,34.49976348876953,34.11611219830398
3.893,0,9.7279052734375,-52.49789047241211,92.60340881347656,-19.956905364990234,-88.4761962890625,34.54021453857422,9.7279052734375,-52.49789047241211,92.60340881347656,-19.956905364990234,-88.4761962890625,34.54021453857422,34.11611219830398
3.919,0,9.712740898132324,-51.60518264770508,92.35826110839844,-20.696788787841797,-88.55345916748047,34.55810546875,9.712740898132324,-51.60518264770508,92.35826110839844,-20.696788787841797,-88.55345916748047,34.55810546875,34.11611219830398
3.995,0,9.684562683105469,-50.85356140136719,92.1325454711914,-21.312549591064453,-88.61455535888672,34.593814849853516,9.684562683105469,-50.85356140136719,92.1325454711914,-21.312549591064453,-88.61455535888672,34.593814849853516,34.11611219830398
4.017,0,9.656448364257812,-50.18253707885742,91.90853118896484,-21.828964233398438,-88.67697143554688,34.61346435546875,9.656448364257812,-50.18253707885742,91.90853118896484,-21.828964233398438,-88.67697143554688,34.61346435546875,34.11611219830398
4.059,0,9.64780044555664,-49.313232421875,91.64868927001953,-22.542680740356445,-88.7413330078125,34.62551498413086,9.64780044555664,-49.313232421875,91.64868927001953,-22.542680740356445,-88.7413330078125,34.62551498413086,34.11611219830398
4.093,0,9.62993335723877,-48.52916717529297,91.37133026123047,-23.12744903564453,-88.78816223144531,34.645172119140625,9.62993335723877,-48.52916717529297,91.37133026123047,-23.12744903564453,-88.78816223144531,34.645172119140625,34.11611219830398
4.118,0,9.63690185546875,-47.71757888793945,91.11270141601562,-23.79080581665039,-88.85498046875,34.6448974609375,9.63690185546875,-47.71757888793945,91.11270141601562,-23.79080581665039,-88.85498046875,34.6448974609375,34.11611219830398
4.154,0,9.623186111450195,-47.095279693603516,90.86912536621094,-24.234498977661133,-88.89415740966797,34.64840316772461,9.623186111450195,-47.095279693603516,90.86912536621094,-24.234498977661133,-88.89415740966797,34.64840316772461,34.11611219830398
4.192,0,9.631949424743652,-46.28384780883789,90.59685516357422,-24.881317138671875,-88.94220733642578,34.63100051879883,9.631949424743652,-46.28384780883789,90.59685516357422,-24.881317138671875,-88.94220733642578,34.63100051879883,34.11611219830398
4.219,0,9.631799697875977,-45.54462432861328,90.30233764648438,-25.402856826782227,-88.97136688232422,34.63882827758789,9.631799697875977,-45.54462432861328,90.30233764648438,-25.402856826782227,-88.97136688232422,34.63882827758789,34.11611219830398
4.254,0,9.661163330078125,-44.805908203125,90.0293960571289,-25.988414764404297,-89.01995849609375,34.61533737182617,9.661163330078125,-44.805908203125,90.0293960571289,-25.988414764404297,-89.01995849609375,34.61533737182617,34.11611219830398
4.285,0,9.666479110717773,-44.192691802978516,89.75360107421875,-26.40522003173828,-89.04573059082031,34.61121368408203,9.666479110717773,-44.192691802978516,89.75360107421875,-26.40522003173828,-89.04573059082031,34.61121368408203,34.11611219830398
4.323,0,9.691031455993652,-43.411903381347656,89.46381378173828,-27.01507568359375,-89.08141326904297,34.591224670410156,9.691031455993652,-43.411903381347656,89.46381378173828,-27.01507568359375,-89.08141326904297,34.591224670410156,34.11611219830398
4.362,0,9.706928253173828,-42.731910705566406,89.16470336914062,-27.48596954345703,-89.09740447998047,34.58441162109375,9.706928253173828,-42.731910705566406,89.16470336914062,-27.48596954345703,-89.09740447998047,34.58441162109375,34.11611219830398
4.384,0,9.752233505249023,-42.06695556640625,88.89634704589844,-28.018287658691406,-89.13998413085938,34.55071258544922,9.752233505249023,-42.06695556640625,88.89634704589844,-28.018287658691406,-89.13998413085938,34.55071258544922,34.11611219830398
4.422,0,9.765026092529297,-41.543521881103516,88.62812042236328,-28.346534729003906,-89.15771484375,34.529869079589844,9.765026092529297,-41.543521881103516,88.62812042236328,-28.346534729003906,-89.15771484375,34.529869079589844,34.11611219830398
4.456,0,9.841904640197754,-40.88201141357422,88.36408996582031,-28.864276885986328,-89.17603302001953,34.49104309082031,9.841904640197754,-40.88201141357422,88.36408996582031,-28.864276885986328,-89.17603302001953,34.49104309082031,34.11611219830398
4.485,0,9.871953964233398,-40.333404541015625,88.0898666381836,-29.22414207458496,-89.18612670898438,34.45779800415039,9.871953964233398,-40.333404541015625,88.0898666381836,-29.22414207458496,-89.18612670898438,34.45779800415039,34.11611219830398
4.520,0,9.936529159545898,-39.79489517211914,87.83976745605469,-29.65574836730957,-89.2243423461914,34.39578628540039,9.936529159545898,-39.79489517211914,87.83976745605469,-29.65574836730957,-89.2243423461914,34.39578628540039,34.11611219830398
4.577,0,9.97427749633789,-39.42230987548828,87.61097717285156,-29.86631202697754,-89.23716735839844,34.346004486083984,9.97427749633789,-39.42230987548828,87.61097717285156,-29.86631202697754,-89.23716735839844,34.346004486083984,34.11611219830398
4.599,0,10.071588516235352,-38.97132873535156,87.42437744140625,-30.235374450683594,-89.26084899902344,34.26879119873047,10.071588516235352,-38.97132873535156,87.42437744140625,-30.235374450683594,-89.26084899902344,34.26879119873047,34.11611219830398
4.640,0,10.131657600402832,-38.53325653076172,87.18306732177734,-30.52296257019043,-89.272216796875,34.212554931640625,10.131657600402832,-38.53325653076172,87.18306732177734,-30.52296257019043,-89.272216796875,34.212554931640625,34.11611219830398
4.665,0,10.215625762939453,-38.15736389160156,86.99411010742188,-30.83184814453125,-89.30765533447266,34.10789489746094,10.215625762939453,-38.15736389160156,86.99411010742188,-30.83184814453125,-89.30765533447266,34.10789489746094,34.11611219830398
4.708,0,10.291297912597656,-37.89895248413086,86.80091857910156,-30.957256317138672,-89.31885528564453,34.03471374511719,10.291297912597656,-37.89895248413086,86.80091857910156,-30.957256317138672,-89.31885528564453,34.03471374511719,34.11611219830398
4.733,0,10.410284042358398,-37.517662048339844,86.625244140625,-31.284666061401367,-89.34365844726562,33.92940139770508,10.410284042358398,-37.517662048339844,86.625244140625,-31.284666061401367,-89.34365844726562,33.92940139770508,34.11611219830398
4.776,0,10.49133014678955,-37.187931060791016,86.41960144042969,-31.492473602294922,-89.3529281616211,33.848052978515625,10.49133014678955,-37.187931060791016,86.41960144042969,-31.492473602294922,-89.3529281616211,33.848052978515625,34.11611219830398
4.799,0,10.583477973937988,-36.84880065917969,86.23258209228516,-31.779579162597656,-89.39987182617188,33.72946548461914,10.583477973937988,-36.84880065917969,86.23258209228516,-31.779579162597656,-89.39987182617188,33.72946548461914,34.11611219830398
4.837,0,10.665962219238281,-36.629058837890625,86.04988098144531,-31.907691955566406,-89.42157745361328,33.63543701171875,10.665962219238281,-36.629058837890625,86.04988098144531,-31.907691955566406,-89.42157745361328,33.63543701171875,34.11611219830398
4.869,0,10.790885925292969,-36.312286376953125,85.8813247680664,-32.199562072753906,-89.45353698730469,33.51210021972656,10.790885925292969,-36.312286376953125,85.8813247680664,-32.199562072753906,-89.45353698730469,33.51210021972656,34.05088062622309
4.902,0,10.890079498291016,-36.07343292236328,85.69139099121094,-32.32889938354492,-89.46187591552734,33.41870880126953,10.890079498291016,-36.07343292236328,85.69139099121094,-32.32889938354492,-89.46187591552734,33.41870880126953,34.05088062622309
4.939,0,10.994850158691406,-35.80091094970703,85.52210235595703,-32.571014404296875,-89.4952392578125,33.283042907714844,10.994850158691406,-35.80091094970703,85.52210235595703,-32.571014404296875,-89.4952392578125,33.283042907714844,33.9856490541422
4.974,0,11.082355499267578,-35.61748504638672,85.35906219482422,-32.67172622680664,-89.50895690917969,33.182281494140625,11.082355499267578,-35.61748504638672,85.35906219482422,-32.67172622680664,-89.50895690917969,33.182281494140625,33.92041748206132
5.005,0,11.180749893188477,-35.30373764038086,85.25276947021484,-33.0223274230957,-89.5206069946289,33.042850494384766,11.180749893188477,-35.30373764038086,85.25276947021484,-33.0223274230957,-89.5206069946289,33.042850494384766,33.85518590998043
5.034,0,11.241647720336914,-35.05501937866211,85.12208557128906,-33.26203155517578,-89.52093505859375,32.918216705322266,11.241647720336914,-35.05501937866211,85.12208557128906,-33.26203155517578,-89.52093505859375,32.918216705322266,33.659491193737765
5.071,0,11.308813095092773,-34.749000549316406,84.99530029296875,-33.60576629638672,-89.53477478027344,32.78007125854492,11.308813095092773,-34.749000549316406,84.99530029296875,-33.60576629638672,-89.53477478027344,32.78007125854492,33.52902804957599
5.105,0,11.366534233093262,-34.54445266723633,84.891357421875,-33.829017639160156,-89.54031372070312,32.651126861572266,11.366534233093262,-34.54445266723633,84.891357421875,-33.829017639160156,-89.54031372070312,32.651126861572266,33.39856490541422
5.141,0,11.476320266723633,-34.23875427246094,84.7964859008789,-34.18512725830078,-89.54354858398438,32.52452087402344,11.476320266723633,-34.23875427246094,84.7964859008789,-34.18512725830078,-89.54354858398438,32.52452087402344,33.202870189171556
5.169,0,11.541348457336426,-33.95421600341797,84.67814636230469,-34.46723556518555,-89.53958129882812,32.395957946777344,11.541348457336426,-33.95421600341797,84.67814636230469,-34.46723556518555,-89.53958129882812,32.395957946777344,33.07240704500978
5.202,0,11.597204208374023,-33.67317199707031,84.59284210205078,-34.80732727050781,-89.54218292236328,32.26789855957031,11.597204208374023,-33.67317199707031,84.59284210205078,-34.80732727050781,-89.54218292236328,32.26789855957031,33.00717547292889
5.241,0,11.618820190429688,-33.44251251220703,84.529052734375,-35.09210205078125,-89.54454040527344,32.14844512939453,11.618820190429688,-33.44251251220703,84.529052734375,-35.09210205078125,-89.54454040527344,32.14844512939453,32.87671232876712
5.268,0,11.702908515930176,-33.151123046875,84.49113464355469,-35.484039306640625,-89.53752136230469,32.028411865234375,11.702908515930176,-33.151123046875,84.49113464355469,-35.484039306640625,-89.53752136230469,32.028411865234375,32.68101761252446
5.304,0,11.739067077636719,-32.926212310791016,84.45281219482422,-35.76494598388672,-89.52900695800781,31.8732852935791,11.739067077636719,-32.926212310791016,84.45281219482422,-35.76494598388672,-89.52900695800781,31.8732852935791,32.615786040443574
5.339,0,11.797563552856445,-32.68364715576172,84.43238830566406,-36.089744567871094,-89.53289794921875,31.73499298095703,11.797563552856445,-32.68364715576172,84.43238830566406,-36.089744567871094,-89.53289794921875,31.73499298095703,32.42009132420091
5.369,0,11.834675788879395,-32.52045440673828,84.43107604980469,-36.347991943359375,-89.52989959716797,31.58104705810547,11.834675788879395,-32.52045440673828,84.43107604980469,-36.347991943359375,-89.52989959716797,31.58104705810547,32.28962818003914
5.402,0,11.924121856689453,-32.26372146606445,84.42707824707031,-36.6939697265625,-89.51811218261719,31.43072509765625,11.924121856689453,-32.26372146606445,84.42707824707031,-36.6939697265625,-89.51811218261719,31.43072509765625,32.22439660795825
5.447,0,11.954463958740234,-31.971235275268555,84.37456512451172,-37.029266357421875,-89.50467681884766,31.26171112060547,11.954463958740234,-31.971235275268555,84.37456512451172,-37.029266357421875,-89.50467681884766,31.26171112060547,32.02870189171559
5.471,0,12.017400741577148,-31.67021369934082,84.32892608642578,-37.36475372314453,-89.50419616699219,31.133230209350586,12.017400741577148,-31.67021369934082,84.32892608642578,-37.36475372314453,-89.50419616699219,31.133230209350586,31.83300717547293
5.505,0,12.038458824157715,-31.391284942626953,84.29664611816406,-37.699649810791016,-89.50294494628906,30.98796844482422,12.038458824157715,-31.391284942626953,84.29664611816406,-37.699649810791016,-89.50294494628906,30.98796844482422,31.702544031311152
5.540,0,12.111806869506836,-31.120634078979492,84.29393005371094,-38.05809020996094,-89.4897232055664,30.818359375,12.111806869506836,-31.120634078979492,84.29393005371094,-38.05809020996094,-89.4897232055664,30.818359375,31.506849315068493
5.579,0,12.141895294189453,-30.774883270263672,84.242919921875,-38.4359245300293,-89.47013092041016,30.663373947143555,12.141895294189453,-30.774883270263672,84.242919921875,-38.4359245300293,-89.47013092041016,30.663373947143555,31.441617742987603
5.603,0,12.181087493896484,-30.45952606201172,84.2179183959961,-38.82283020019531,-89.46869659423828,30.497055053710938,12.181087493896484,-30.45952606201172,84.2179183959961,-38.82283020019531,-89.46869659423828,30.497055053710938,31.245923026744943
5.639,0,12.193710327148438,-30.207826614379883,84.21792602539062,-39.151824951171875,-89.4577407836914,30.327232360839844,12.193710327148438,-30.207826614379883,84.21792602539062,-39.151824951171875,-89.4577407836914,30.327232360839844,31.115459882583167
5.679,0,12.258647918701172,-29.867464065551758,84.19291687011719,-39.562896728515625,-89.4451675415039,30.16393280029297,12.258647918701172,-29.867464065551758,84.19291687011719,-39.562896728515625,-89.4451675415039,30.16393280029297,30.919765166340508
5.704,0,12.277341842651367,-29.5492000579834,84.18216705322266,-39.96085739135742,-89.4288558959961,29.988658905029297,12.277341842651367,-29.5492000579834,84.18216705322266,-39.96085739135742,-89.4288558959961,29.988658905029297,30.724070450097845
5.743,0,12.304208755493164,-29.191848754882812,84.13609313964844,-40.367210388183594,-89.43168640136719,29.80599594116211,12.304208755493164,-29.191848754882812,84.13609313964844,-40.367210388183594,-89.43168640136719,29.80599594116211,30.59360730593607
5.775,0,12.310575485229492,-28.888751983642578,84.12321472167969,-40.75069046020508,-89.41818237304688,29.64152717590332,12.310575485229492,-28.888751983642578,84.12321472167969,-40.75069046020508,-89.41818237304688,29.64152717590332,30.39791258969341
5.807,0,12.36119556427002,-28.54425811767578,84.11946105957031,-41.19570541381836,-89.40454864501953,29.446788787841797,12.36119556427002,-28.54425811767578,84.11946105957031,-41.19570541381836,-89.40454864501953,29.446788787841797,30.20221787345075
5.843,0,12.377004623413086,-28.20345687866211,84.09466552734375,-41.60963821411133,-89.39260864257812,29.24822235107422,12.377004623413086,-28.20345687866211,84.09466552734375,-41.60963821411133,-89.39260864257812,29.24822235107422,30.071754729288973
5.875,0,12.394207000732422,-27.882831573486328,84.07356262207031,-42.02745819091797,-89.38927459716797,29.036897659301758,12.394207000732422,-27.882831573486328,84.07356262207031,-42.02745819091797,-89.38927459716797,29.036897659301758,29.876060013046313
5.906,0,12.396647453308105,-27.612367630004883,84.093505859375,-42.41318130493164,-89.37448120117188,28.84925079345703,12.396647453308105,-27.612367630004883,84.093505859375,-42.41318130493164,-89.37448120117188,28.84925079345703,29.68036529680365
5.946,0,12.435884475708008,-27.220905303955078,84.09356689453125,-42.91221618652344,-89.35643005371094,28.63568878173828,12.435884475708008,-27.220905303955078,84.09356689453125,-42.91221618652344,-89.35643005371094,28.63568878173828,29.549902152641877
5.972,0,12.451431274414062,-26.949909210205078,84.10810089111328,-43.3104133605957,-89.33760833740234,28.4058837890625,12.451431274414062,-26.949909210205078,84.10810089111328,-43.3104133605957,-89.33760833740234,28.4058837890625,29.288975864318328
6.013,0,12.456239700317383,-26.629859924316406,84.11871337890625,-43.74264144897461,-89.32591247558594,28.175203323364258,12.456239700317383,-26.629859924316406,84.11871337890625,-43.74264144897461,-89.32591247558594,28.175203323364258,29.158512720156555
6.038,0,12.457650184631348,-26.473735809326172,84.20219421386719,-44.09137725830078,-89.31221771240234,27.93825912475586,12.457650184631348,-26.473735809326172,84.20219421386719,-44.09137725830078,-89.31221771240234,27.93825912475586,28.897586431833005
6.072,0,12.49990177154541,-26.242298126220703,84.3031005859375,-44.539058685302734,-89.29325103759766,27.67608070373535,12.49990177154541,-26.242298126220703,84.3031005859375,-44.539058685302734,-89.29325103759766,27.67608070373535,28.701891715590342
6.108,0,12.521413803100586,-26.055574417114258,84.40101623535156,-44.94587326049805,-89.2835464477539,27.41507339477539,12.521413803100586,-26.055574417114258,84.40101623535156,-44.94587326049805,-89.2835464477539,27.41507339477539,28.37573385518591
6.145,0,12.53771686553955,-25.905895233154297,84.54017639160156,-45.360294342041016,-89.28081512451172,27.12668800354004,12.53771686553955,-25.905895233154297,84.54017639160156,-45.360294342041016,-89.28081512451172,27.12668800354004,28.180039138943247
6.171,0,12.534662246704102,-25.788108825683594,84.68071746826172,-45.723453521728516,-89.26248931884766,26.85100555419922,12.534662246704102,-25.788108825683594,84.68071746826172,-45.723453521728516,-89.26248931884766,26.85100555419922,27.919112850619697
6.207,0,12.563998222351074,-25.59579086303711,84.81604766845703,-46.1570930480957,-89.22991180419922,26.53631591796875,12.563998222351074,-25.59579086303711,84.81604766845703,-46.1570930480957,-89.22991180419922,26.53631591796875,27.723418134377038
6.241,0,12.58743667602539,-25.537147521972656,84.96656799316406,-46.48649215698242,-89.21407318115234,26.217802047729492,12.58743667602539,-25.537147521972656,84.96656799316406,-46.48649215698242,-89.21407318115234,26.217802047729492,27.397260273972602
6.273,0,12.596250534057617,-25.45159339904785,85.125244140625,-46.7999382019043,-89.18048858642578,25.882572174072266,12.596250534057617,-25.45159339904785,85.125244140625,-46.7999382019043,-89.18048858642578,25.882572174072266,27.136333985649053
6.307,0,12.598883628845215,-25.425743103027344,85.2695083618164,-47.07151412963867,-89.15493774414062,25.565338134765625,12.598883628845215,-25.425743103027344,85.2695083618164,-47.07151412963867,-89.15493774414062,25.565338134765625,26.810176125244617
6.341,0,12.66775894165039,-25.418106079101562,85.45530700683594,-47.36808395385742,-89.12722778320312,25.211193084716797,12.66775894165039,-25.418106079101562,85.45530700683594,-47.36808395385742,-89.12722778320312,25.211193084716797,26.48401826484018
6.379,0,12.720098495483398,-25.50302505493164,85.6509780883789,-47.587223052978516,-89.10260009765625,24.859960556030273,12.720098495483398,-25.50302505493164,85.6509780883789,-47.587223052978516,-89.10260009765625,24.859960556030273,26.157860404435745
6.410,0,12.7867431640625,-25.594295501708984,85.80281066894531,-47.71709442138672,-89.0813980102539,24.51255989074707,12.7867431640625,-25.594295501708984,85.80281066894531,-47.71709442138672,-89.0813980102539,24.51255989074707,25.83170254403131
6.441,0,12.823094367980957,-25.737878799438477,85.96762084960938,-47.80060958862305,-89.04509735107422,24.2020263671875,12.823094367980957,-25.737878799438477,85.96762084960938,-47.80060958862305,-89.04509735107422,24.2020263671875,25.505544683626873
6.475,0,12.917821884155273,-25.904010772705078,86.14076232910156,-47.85163497924805,-89.02587127685547,23.849430084228516,12.917821884155273,-25.904010772705078,86.14076232910156,-47.85163497924805,-89.02587127685547,23.849430084228516,25.179386823222437
6.511,0,12.984756469726562,-25.962108612060547,86.21350860595703,-47.92628479003906,-88.99791717529297,23.563819885253906,12.984756469726562,-25.962108612060547,86.21350860595703,-47.92628479003906,-88.99791717529297,23.563819885253906,24.853228962818
6.541,0,13.099698066711426,-26.07628631591797,86.27996826171875,-47.90186309814453,-88.97405242919922,23.257381439208984,13.099698066711426,-26.07628631591797,86.27996826171875,-47.90186309814453,-88.97405242919922,23.257381439208984,24.527071102413565
6.576,0,13.180912971496582,-26.03693389892578,86.3199462890625,-48.09046173095703,-88.97972869873047,23.04884147644043,13.180912971496582,-26.03693389892578,86.3199462890625,-48.09046173095703,-88.97972869873047,23.04884147644043,24.135681669928243
6.607,0,13.306553840637207,-25.976917266845703,86.33769989013672,-48.268733978271484,-88.98833465576172,22.792749404907227,13.306553840637207,-25.976917266845703,86.33769989013672,-48.268733978271484,-88.98833465576172,22.792749404907227,23.874755381604697
6.644,0,13.391901969909668,-26.08584976196289,86.4324951171875,-48.27467727661133,-88.94904327392578,22.517122268676758,13.391901969909668,-26.08584976196289,86.4324951171875,-48.27467727661133,-88.94904327392578,22.517122268676758,23.54859752120026
6.674,0,13.497626304626465,-26.2098388671875,86.48491668701172,-48.18426513671875,-88.9029769897461,22.196409225463867,13.497626304626465,-26.2098388671875,86.48491668701172,-48.18426513671875,-88.9029769897461,22.196409225463867,23.28767123287671
6.712,0,13.588410377502441,-26.175006866455078,86.48562622070312,-48.24709701538086,-88.86251831054688,21.99713134765625,13.588410377502441,-26.175006866455078,86.48562622070312,-48.24709701538086,-88.86251831054688,21.99713134765625,23.09197651663405
6.744,0,13.709067344665527,-26.13475227355957,86.46699523925781,-48.368690490722656,-88.86446380615234,21.776142120361328,13.709067344665527,-26.13475227355957,86.46699523925781,-48.368690490722656,-88.86446380615234,21.776142120361328,22.765818656229612
6.785,0,13.837343215942383,-26.140338897705078,86.48434448242188,-48.41571807861328,-88.83753967285156,21.540903091430664,13.837343215942383,-26.140338897705078,86.48434448242188,-48.41571807861328,-88.83753967285156,21.540903091430664,22.504892367906066
6.806,0,13.907355308532715,-26.232532501220703,86.53172302246094,-48.392391204833984,-88.80912780761719,21.304059982299805,13.907355308532715,-26.232532501220703,86.53172302246094,-48.392391204833984,-88.80912780761719,21.304059982299805,22.243966079582517
6.847,0,14.029411315917969,-26.055145263671875,86.48171997070312,-48.643798828125,-88.81040954589844,21.1320743560791,14.029411315917969,-26.055145263671875,86.48171997070312,-48.643798828125,-88.81040954589844,21.1320743560791,22.048271363339854
6.880,0,14.134368896484375,-26.104816436767578,86.5023422241211,-48.650306701660156,-88.77973937988281,20.90460968017578,14.134368896484375,-26.104816436767578,86.5023422241211,-48.650306701660156,-88.77973937988281,20.90460968017578,21.722113502935418
6.909,0,14.262200355529785,-26.123149871826172,86.54049682617188,-48.70759582519531,-88.74702453613281,20.669992446899414,14.262200355529785,-26.123149871826172,86.54049682617188,-48.70759582519531,-88.74702453613281,20.669992446899414,21.52641878669276
6.947,0,14.335747718811035,-26.21969223022461,86.57781982421875,-48.663509368896484,-88.70662689208984,20.449703216552734,14.335747718811035,-26.21969223022461,86.57781982421875,-48.663509368896484,-88.70662689208984,20.449703216552734,21.330724070450096
6.985,0,14.458770751953125,-26.022689819335938,86.51654052734375,-48.915260314941406,-88.7022476196289,20.285442352294922,14.458770751953125,-26.022689819335938,86.51654052734375,-48.915260314941406,-88.7022476196289,20.285442352294922,21.06979778212655
7.009,0,14.556294441223145,-26.096145629882812,86.53657531738281,-48.896366119384766,-88.67049407958984,20.07617950439453,14.556294441223145,-26.096145629882812,86.53657531738281,-48.896366119384766,-88.67049407958984,20.07617950439453,20.874103065883887
7.055,0,14.68801498413086,-26.005111694335938,86.53624725341797,-49.035377502441406,-88.64103698730469,19.917068481445312,14.68801498413086,-26.005111694335938,86.53624725341797,-49.035377502441406,-88.64103698730469,19.917068481445312,20.678408349641224
7.077,0,14.758687019348145,-26.025381088256836,86.55326843261719,-49.064632415771484,-88.6005630493164,19.744625091552734,14.758687019348145,-26.025381088256836,86.55326843261719,-49.064632415771484,-88.6005630493164,19.744625091552734,20.482713633398564
7.118,0,14.885658264160156,-25.8211727142334,86.49427032470703,-49.324398040771484,-88.59477996826172,19.60683250427246,14.885658264160156,-25.8211727142334,86.49427032470703,-49.324398040771484,-88.59477996826172,19.60683250427246,20.2870189171559
7.144,0,14.988264083862305,-25.815753936767578,86.50294494628906,-49.388099670410156,-88.56591796875,19.44270896911621,14.988264083862305,-25.815753936767578,86.50294494628906,-49.388099670410156,-88.56591796875,19.44270896911621,20.091324200913242
7.182,0,15.120859146118164,-25.674732208251953,86.48384094238281,-49.55596160888672,-88.53401947021484,19.31627082824707,15.120859146118164,-25.674732208251953,86.48384094238281,-49.55596160888672,-88.53401947021484,19.31627082824707,19.89562948467058
7.218,0,15.196398735046387,-25.667823791503906,86.49089050292969,-49.61001968383789,-88.49185943603516,19.177946090698242,15.196398735046387,-25.667823791503906,86.49089050292969,-49.61001968383789,-88.49185943603516,19.177946090698242,19.830397912589692
7.244,0,15.322157859802246,-25.383285522460938,86.40240478515625,-49.91876220703125,-88.4869155883789,19.092905044555664,15.322157859802246,-25.383285522460938,86.40240478515625,-49.91876220703125,-88.4869155883789,19.092905044555664,19.69993476842792
7.287,0,15.441189765930176,-25.432292938232422,86.42617797851562,-49.94278335571289,-88.45921325683594,18.927053451538086,15.441189765930176,-25.432292938232422,86.42617797851562,-49.94278335571289,-88.45921325683594,18.927053451538086,19.504240052185256
7.311,0,15.577716827392578,-25.36217498779297,86.4415054321289,-50.06849670410156,-88.4320068359375,18.789461135864258,15.577716827392578,-25.36217498779297,86.4415054321289,-50.06849670410156,-88.4320068359375,18.789461135864258,19.373776908023483
7.354,0,15.669629096984863,-25.36537742614746,86.44860076904297,-50.11112976074219,-88.39325714111328,18.651277542114258,15.669629096984863,-25.36537742614746,86.44860076904297,-50.11112976074219,-88.39325714111328,18.651277542114258,19.243313763861707
7.379,0,15.784730911254883,-25.21298599243164,86.40585327148438,-50.335235595703125,-88.38130187988281,18.55988121032715,15.784730911254883,-25.21298599243164,86.40585327148438,-50.335235595703125,-88.38130187988281,18.55988121032715,19.112850619699934
7.415,0,15.929001808166504,-25.250900268554688,86.42091369628906,-50.35261917114258,-88.36341857910156,18.38610076904297,15.929001808166504,-25.250900268554688,86.42091369628906,-50.35261917114258,-88.36341857910156,18.38610076904297,19.112850619699934
7.444,0,16.003986358642578,-25.33689308166504,86.48593139648438,-50.36072540283203,-88.31814575195312,18.242481231689453,16.003986358642578,-25.33689308166504,86.48593139648438,-50.36072540283203,-88.31814575195312,18.242481231689453,18.91715590345727
7.484,0,16.12784194946289,-25.239458084106445,86.47554016113281,-50.48172378540039,-88.28997802734375,18.120113372802734,16.12784194946289,-25.239458084106445,86.47554016113281,-50.48172378540039,-88.28997802734375,18.120113372802734,18.72146118721461
7.516,0,16.247501373291016,-25.15373992919922,86.45628356933594,-50.65247344970703,-88.27197265625,18.01189422607422,16.247501373291016,-25.15373992919922,86.45628356933594,-50.65247344970703,-88.27197265625,18.01189422607422,18.590998043052835
7.546,0,16.391326904296875,-25.186954498291016,86.47051239013672,-50.67778778076172,-88.25668334960938,17.854581832885742,16.391326904296875,-25.186954498291016,86.47051239013672,-50.67778778076172,-88.25668334960938,17.854581832885742,18.395303326810176
7.584,0,16.471363067626953,-25.26270294189453,86.53727722167969,-50.697364807128906,-88.21817779541016,17.72625732421875,16.471363067626953,-25.26270294189453,86.53727722167969,-50.697364807128906,-88.21817779541016,17.72625732421875,18.33007175472929
7.613,0,16.599857330322266,-25.169170379638672,86.5226821899414,-50.8101806640625,-88.19331359863281,17.611570358276367,16.599857330322266,-25.169170379638672,86.5226821899414,-50.8101806640625,-88.19331359863281,17.611570358276367,18.2648401826484
7.660,0,16.71723175048828,-25.10776138305664,86.49527740478516,-50.94397735595703,-88.1781997680664,17.504268646240234,16.71723175048828,-25.10776138305664,86.49527740478516,-50.94397735595703,-88.1781997680664,17.504268646240234,18.134377038486626
7.682,0,16.862812042236328,-25.140277862548828,86.51023864746094,-50.967750549316406,-88.16487884521484,17.368865966796875,16.862812042236328,-25.140277862548828,86.51023864746094,-50.967750549316406,-88.16487884521484,17.368865966796875,17.938682322243967
7.724,0,16.941617965698242,-25.245716094970703,86.57086181640625,-50.95395278930664,-88.13031768798828,17.245561599731445,16.941617965698242,-25.245716094970703,86.57086181640625,-50.95395278930664,-88.13031768798828,17.245561599731445,17.80821917808219
7.749,0,17.081119537353516,-25.135494232177734,86.54083251953125,-51.06378173828125,-88.11029052734375,17.14794158935547,17.081119537353516,-25.135494232177734,86.54083251953125,-51.06378173828125,-88.11029052734375,17.14794158935547,17.677756033920417
7.787,0,17.186397552490234,-25.04867172241211,86.48731994628906,-51.20921325683594,-88.10023498535156,17.09901237487793,17.186397552490234,-25.04867172241211,86.48731994628906,-51.20921325683594,-88.10023498535156,17.09901237487793,17.54729288975864
7.818,0,17.205432891845703,-25.42608642578125,86.67512512207031,-50.996891021728516,-88.10623931884766,16.703081130981445,17.205432891845703,-25.42608642578125,86.67512512207031,-50.996891021728516,-88.10623931884766,16.703081130981445,17.482061317677754
7.851,0,17.271574020385742,-25.523561477661133,86.72866821289062,-50.99391174316406,-88.07294464111328,16.618871688842773,17.271574020385742,-25.523561477661133,86.72866821289062,-50.99391174316406,-88.07294464111328,16.618871688842773,17.416829745596868
7.885,0,17.392227172851562,-25.383899688720703,86.67459106445312,-51.112091064453125,-88.05741882324219,16.57624626159668,17.392227172851562,-25.383899688720703,86.67459106445312,-51.112091064453125,-88.05741882324219,16.57624626159668,17.15590345727332
7.922,0,17.497081756591797,-25.36184310913086,86.62486267089844,-51.18505859375,-88.0503921508789,16.537273406982422,17.497081756591797,-25.36184310913086,86.62486267089844,-51.18505859375,-88.0503921508789,16.537273406982422,16.96020874103066
7.954,0,17.504667282104492,-25.762828826904297,86.79524993896484,-50.94511032104492,-88.05211639404297,16.174171447753906,17.504667282104492,-25.762828826904297,86.79524993896484,-50.94511032104492,-88.05211639404297,16.174171447753906,16.829745596868882
7.989,0,17.55864906311035,-25.76932716369629,86.80805206298828,-50.9792594909668,-88.02494049072266,16.15022850036621,17.55864906311035,-25.76932716369629,86.80805206298828,-50.9792594909668,-88.02494049072266,16.15022850036621,16.829745596868882
8.021,0,17.66417694091797,-25.479934692382812,86.71958923339844,-51.213706970214844,-88.01348876953125,16.192941665649414,17.66417694091797,-25.479934692382812,86.71958923339844,-51.213706970214844,-88.01348876953125,16.192941665649414,16.634050880626223
8.068,0,17.76465606689453,-25.411975860595703,86.62767028808594,-51.282554626464844,-88.01360321044922,16.210275650024414,17.76465606689453,-25.411975860595703,86.62767028808594,-51.282554626464844,-88.01360321044922,16.210275650024414,16.43835616438356
8.090,0,17.747398376464844,-25.822856903076172,86.77407836914062,-51.0147705078125,-88.01255798339844,15.89915657043457,17.747398376464844,-25.822856903076172,86.77407836914062,-51.0147705078125,-88.01255798339844,15.89915657043457,16.373124592302673
8.125,0,17.80944061279297,-25.79521942138672,86.79251098632812,-51.07870864868164,-87.99372863769531,15.899307250976562,17.80944061279297,-25.79521942138672,86.79251098632812,-51.07870864868164,-87.99372863769531,15.899307250976562,16.373124592302673
8.163,0,17.91735076904297,-25.550537109375,86.71839904785156,-51.273284912109375,-87.98461151123047,15.928503036499023,17.91735076904297,-25.550537109375,86.71839904785156,-51.273284912109375,-87.98461151123047,15.928503036499023,16.373124592302673
8.190,0,18.013473510742188,-25.393396377563477,86.61457824707031,-51.417091369628906,-87.99211883544922,15.9573974609375,18.013473510742188,-25.393396377563477,86.61457824707031,-51.417091369628906,-87.99211883544922,15.9573974609375,16.17742987606001
8.230,0,17.989587783813477,-25.77322769165039,86.7345962524414,-51.1585693359375,-87.99330139160156,15.672285079956055,17.989587783813477,-25.77322769165039,86.7345962524414,-51.1585693359375,-87.99330139160156,15.672285079956055,16.112198303979124
8.260,0,18.039939880371094,-25.72568702697754,86.73036193847656,-51.22450256347656,-87.97169494628906,15.68229866027832,18.039939880371094,-25.72568702697754,86.73036193847656,-51.22450256347656,-87.97169494628906,15.68229866027832,16.112198303979124
8.302,0,18.146743774414062,-25.439090728759766,86.6407699584961,-51.459617614746094,-87.97309112548828,15.725955963134766,18.146743774414062,-25.439090728759766,86.6407699584961,-51.459617614746094,-87.97309112548828,15.725955963134766,16.112198303979124
8.324,0,18.244701385498047,-25.314088821411133,86.53718566894531,-51.56257629394531,-87.977294921875,15.74728775024414,18.244701385498047,-25.314088821411133,86.53718566894531,-51.56257629394531,-87.977294921875,15.74728775024414,15.981735159817351
8.369,0,18.21929931640625,-25.689760208129883,86.65617370605469,-51.309207916259766,-87.98997497558594,15.486072540283203,18.21929931640625,-25.689760208129883,86.65617370605469,-51.309207916259766,-87.98997497558594,15.486072540283203,15.981735159817351
8.392,0,18.273635864257812,-25.640352249145508,86.64527893066406,-51.36820983886719,-87.97886657714844,15.503458023071289,18.273635864257812,-25.640352249145508,86.64527893066406,-51.36820983886719,-87.97886657714844,15.503458023071289,15.981735159817351
8.430,0,18.375686645507812,-25.397777557373047,86.56124877929688,-51.557430267333984,-87.98674774169922,15.545055389404297,18.375686645507812,-25.397777557373047,86.56124877929688,-51.557430267333984,-87.98674774169922,15.545055389404297,15.981735159817351
8.459,0,18.460468292236328,-25.286174774169922,86.44737243652344,-51.63833999633789,-87.99285888671875,15.591421127319336,18.460468292236328,-25.286174774169922,86.44737243652344,-51.63833999633789,-87.99285888671875,15.591421127319336,15.851272015655576
8.495,0,18.42538833618164,-25.685508728027344,86.56666564941406,-51.34672164916992,-88.0020751953125,15.321319580078125,18.42538833618164,-25.685508728027344,86.56666564941406,-51.34672164916992,-88.0020751953125,15.321319580078125,15.78604044357469
8.527,0,18.475597381591797,-25.714284896850586,86.56903839111328,-51.32109069824219,-87.9878921508789,15.320653915405273,18.475597381591797,-25.714284896850586,86.56903839111328,-51.32109069824219,-87.9878921508789,15.320653915405273,15.720808871493801
8.560,0,18.57276153564453,-25.49598503112793,86.48902893066406,-51.49174118041992,-87.99915313720703,15.38174819946289,18.57276153564453,-25.49598503112793,86.48902893066406,-51.49174118041992,-87.99915313720703,15.38174819946289,15.720808871493801
8.593,0,18.65834617614746,-25.411705017089844,86.36576080322266,-51.5361213684082,-88.00765991210938,15.431262969970703,18.65834617614746,-25.411705017089844,86.36576080322266,-51.5361213684082,-88.00765991210938,15.431262969970703,15.590345727332029
8.630,0,18.626190185546875,-25.83135986328125,86.49047088623047,-51.22991180419922,-88.0147476196289,15.177681922912598,18.626190185546875,-25.83135986328125,86.49047088623047,-51.22991180419922,-88.0147476196289,15.177681922912598,15.590345727332029
8.659,0,18.684478759765625,-25.83102798461914,86.47074127197266,-51.22114562988281,-88.01187133789062,15.184839248657227,18.684478759765625,-25.83102798461914,86.47074127197266,-51.22114562988281,-88.01187133789062,15.184839248657227,15.590345727332029
8.697,0,18.790889739990234,-25.678913116455078,86.39942932128906,-51.321624755859375,-88.01470184326172,15.228416442871094,18.790889739990234,-25.678913116455078,86.39942932128906,-51.321624755859375,-88.01470184326172,15.228416442871094,15.590345727332029
8.728,0,18.876354217529297,-25.615825653076172,86.27568817138672,-51.338623046875,-88.02796936035156,15.289731979370117,18.876354217529297,-25.615825653076172,86.27568817138672,-51.338623046875,-88.02796936035156,15.289731979370117,15.459882583170254
8.773,0,18.848602294921875,-26.030826568603516,86.38050842285156,-51.00688934326172,-88.03422546386719,15.043316841125488,18.848602294921875,-26.030826568603516,86.38050842285156,-51.00688934326172,-88.03422546386719,15.043316841125488,15.329419439008479
8.796,0,18.90097427368164,-26.083057403564453,86.37531280517578,-50.953399658203125,-88.02450561523438,15.062826156616211,18.90097427368164,-26.083057403564453,86.37531280517578,-50.953399658203125,-88.02450561523438,15.062826156616211,15.329419439008479
8.832,0,18.98705291748047,-25.952022552490234,86.27532958984375,-51.0006103515625,-88.02501678466797,15.131107330322266,18.98705291748047,-25.952022552490234,86.27532958984375,-51.0006103515625,-88.02501678466797,15.131107330322266,15.329419439008479
8.876,0,19.081195831298828,-25.910533905029297,86.15463256835938,-50.988834381103516,-88.03437805175781,15.192872047424316,19.081195831298828,-25.910533905029297,86.15463256835938,-50.988834381103516,-88.03437805175781,15.192872047424316,15.329419439008479
8.898,0,19.050006866455078,-26.317996978759766,86.25012969970703,-50.65641403198242,-88.04667663574219,15.018768310546875,19.050006866455078,-26.317996978759766,86.25012969970703,-50.65641403198242,-88.04667663574219,15.018768310546875,15.329419439008479
8.967,0,19.14124298095703,-26.1690673828125,86.18083953857422,-50.760093688964844,-88.07028198242188,15.062737464904785,19.14124298095703,-26.1690673828125,86.18083953857422,-50.760093688964844,-88.07028198242188,15.062737464904785,15.329419439008479
8.992,0,19.25031852722168,-25.973388671875,86.02816772460938,-50.88085174560547,-88.0941390991211,15.154349327087402,19.25031852722168,-25.973388671875,86.02816772460938,-50.88085174560547,-88.0941390991211,15.154349327087402,15.329419439008479
9.023,0,19.326370239257812,-26.03290557861328,85.9590072631836,-50.75981140136719,-88.08116149902344,15.198108673095703,19.326370239257812,-26.03290557861328,85.9590072631836,-50.75981140136719,-88.08116149902344,15.198108673095703,15.329419439008479
9.062,0,19.307405471801758,-26.454965591430664,86.04618835449219,-50.39663314819336,-88.09721374511719,15.02121353149414,19.307405471801758,-26.454965591430664,86.04618835449219,-50.39663314819336,-88.09721374511719,15.02121353149414,15.329419439008479
9.123,0,19.408571243286133,-26.34130096435547,85.97328186035156,-50.46223449707031,-88.12006378173828,15.061420440673828,19.408571243286133,-26.34130096435547,85.97328186035156,-50.46223449707031,-88.12006378173828,15.061420440673828,15.329419439008479
9.146,0,19.506223678588867,-26.253089904785156,85.88796997070312,-50.46070861816406,-88.1225357055664,15.128271102905273,19.506223678588867,-26.253089904785156,85.88796997070312,-50.46070861816406,-88.1225357055664,15.128271102905273,15.329419439008479
9.181,0,19.614723205566406,-26.372600555419922,85.83589172363281,-50.285858154296875,-88.1225357055664,15.135930061340332,19.614723205566406,-26.372600555419922,85.83589172363281,-50.285858154296875,-88.1225357055664,15.135930061340332,15.329419439008479
9.215,0,19.598106384277344,-26.773990631103516,85.90164947509766,-49.926910400390625,-88.14684295654297,14.971614837646484,19.598106384277344,-26.773990631103516,85.90164947509766,-49.926910400390625,-88.14684295654297,14.971614837646484,15.329419439008479
9.252,0,19.713102340698242,-26.503543853759766,85.74703216552734,-50.12145233154297,-88.18898010253906,15.025006294250488,19.713102340698242,-26.503543853759766,85.74703216552734,-50.12145233154297,-88.18898010253906,15.025006294250488,15.329419439008479
9.281,0,19.829364776611328,-26.48440170288086,85.65524291992188,-50.04291534423828,-88.18666076660156,15.061731338500977,19.829364776611328,-26.48440170288086,85.65524291992188,-50.04291534423828,-88.18666076660156,15.061731338500977,15.329419439008479
9.327,0,19.952293395996094,-26.581504821777344,85.57996368408203,-49.87550735473633,-88.19132232666016,15.065048217773438,19.952293395996094,-26.581504821777344,85.57996368408203,-49.87550735473633,-88.19132232666016,15.065048217773438,15.329419439008479
9.367,0,19.949111938476562,-27.005382537841797,85.62442016601562,-49.468666076660156,-88.21075439453125,14.831241607666016,19.949111938476562,-27.005382537841797,85.62442016601562,-49.468666076660156,-88.21075439453125,14.831241607666016,15.329419439008479
9.389,0,20.081405639648438,-26.788372039794922,85.45195007324219,-49.58684539794922,-88.2564468383789,14.861137390136719,20.081405639648438,-26.788372039794922,85.45195007324219,-49.58684539794922,-88.2564468383789,14.861137390136719,15.329419439008479
9.427,0,20.201061248779297,-26.71310806274414,85.33306884765625,-49.52534866333008,-88.25515747070312,14.890783309936523,20.201061248779297,-26.71310806274414,85.33306884765625,-49.52534866333008,-88.25515747070312,14.890783309936523,15.329419439008479
9.461,0,20.3399658203125,-26.841506958007812,85.22859954833984,-49.287872314453125,-88.27033233642578,14.843896865844727,20.3399658203125,-26.841506958007812,85.22859954833984,-49.287872314453125,-88.27033233642578,14.843896865844727,15.198956294846704
9.492,0,20.346778869628906,-27.22266387939453,85.27381896972656,-48.921958923339844,-88.28887176513672,14.617654800415039,20.346778869628906,-27.22266387939453,85.27381896972656,-48.921958923339844,-88.28887176513672,14.617654800415039,15.068493150684931
9.530,0,20.472209930419922,-26.966236114501953,85.09843444824219,-49.07075119018555,-88.337158203125,14.612802505493164,20.472209930419922,-26.966236114501953,85.09843444824219,-49.07075119018555,-88.337158203125,14.612802505493164,15.068493150684931
9.557,0,20.61455535888672,-26.943500518798828,84.96401977539062,-48.94309997558594,-88.34652709960938,14.617462158203125,20.61455535888672,-26.943500518798828,84.96401977539062,-48.94309997558594,-88.34652709960938,14.617462158203125,15.068493150684931
9.593,0,20.743858337402344,-27.090824127197266,84.88986206054688,-48.696250915527344,-88.3524398803711,14.558145523071289,20.743858337402344,-27.090824127197266,84.88986206054688,-48.696250915527344,-88.3524398803711,14.558145523071289,14.938030006523157
9.634,0,20.76956558227539,-27.464515686035156,84.92813110351562,-48.33443069458008,-88.38031768798828,14.316641807556152,20.76956558227539,-27.464515686035156,84.92813110351562,-48.33443069458008,-88.38031768798828,14.316641807556152,14.87279843444227
9.655,0,20.90460205078125,-27.148906707763672,84.72660064697266,-48.50355911254883,-88.42233276367188,14.331563949584961,20.90460205078125,-27.148906707763672,84.72660064697266,-48.50355911254883,-88.42233276367188,14.331563949584961,14.807566862361382
9.689,0,21.044818878173828,-26.965341567993164,84.54486083984375,-48.48562240600586,-88.42724609375,14.364234924316406,21.044818878173828,-26.965341567993164,84.54486083984375,-48.48562240600586,-88.42724609375,14.364234924316406,14.807566862361382
9.728,0,21.193531036376953,-27.04621124267578,84.43524932861328,-48.26624298095703,-88.4216537475586,14.314430236816406,21.193531036376953,-27.04621124267578,84.43524932861328,-48.26624298095703,-88.4216537475586,14.314430236816406,14.677103718199607
9.762,0,21.20050048828125,-27.309589385986328,84.4159927368164,-47.95600891113281,-88.4356918334961,14.072491645812988,21.20050048828125,-27.309589385986328,84.4159927368164,-47.95600891113281,-88.4356918334961,14.072491645812988,14.546640574037834
9.790,0,21.34161376953125,-27.031198501586914,84.24391174316406,-48.104862213134766,-88.45374298095703,14.08580207824707,21.34161376953125,-27.031198501586914,84.24391174316406,-48.104862213134766,-88.45374298095703,14.08580207824707,14.546640574037834
9.823,0,21.489398956298828,-26.95724868774414,84.1072998046875,-48.03947067260742,-88.44828796386719,14.091534614562988,21.489398956298828,-26.95724868774414,84.1072998046875,-48.03947067260742,-88.44828796386719,14.091534614562988,14.481409001956946
9.860,0,21.648902893066406,-27.05621337890625,84.05874633789062,-47.89847183227539,-88.4492416381836,14.056051254272461,21.648902893066406,-27.05621337890625,84.05874633789062,-47.89847183227539,-88.4492416381836,14.056051254272461,14.41617742987606
9.894,0,21.78447723388672,-26.86934471130371,83.90662384033203,-47.98755645751953,-88.44249725341797,14.071605682373047,21.78447723388672,-26.86934471130371,83.90662384033203,-47.98755645751953,-88.44249725341797,14.071605682373047,14.350945857795171
9.925,0,21.91811752319336,-26.455055236816406,83.71378326416016,-48.30885314941406,-88.47638702392578,14.106803894042969,21.91811752319336,-26.455055236816406,83.71378326416016,-48.30885314941406,-88.47638702392578,14.106803894042969,14.285714285714285
9.957,0,22.032787322998047,-26.30512237548828,83.63410186767578,-48.412967681884766,-88.47711944580078,14.133977890014648,22.032787322998047,-26.30512237548828,83.63410186767578,-48.412967681884766,-88.47711944580078,14.133977890014648,14.285714285714285
9.991,0,22.096054077148438,-27.086923599243164,83.96481323242188,-47.80662536621094,-88.47090911865234,14.006860733032227,22.096054077148438,-27.086923599243164,83.96481323242188,-47.80662536621094,-88.47090911865234,14.006860733032227,14.285714285714285
10.029,0,22.148059844970703,-27.76321792602539,84.23808288574219,-47.2662353515625,-88.45640563964844,13.917403221130371,22.148059844970703,-27.76321792602539,84.23808288574219,-47.2662353515625,-88.45640563964844,13.917403221130371,14.285714285714285
10.058,0,22.25576400756836,-27.40380096435547,84.09073638916016,-47.57619857788086,-88.4824447631836,13.944379806518555,22.25576400756836,-27.40380096435547,84.09073638916016,-47.57619857788086,-88.4824447631836,13.944379806518555,14.285714285714285
10.095,0,22.308242797851562,-27.574275970458984,84.11756134033203,-47.430259704589844,-88.48026275634766,13.839263916015625,22.308242797851562,-27.574275970458984,84.11756134033203,-47.430259704589844,-88.48026275634766,13.839263916015625,14.15525114155251
10.125,0,22.358928680419922,-27.64258575439453,84.14303588867188,-47.393287658691406,-88.4854965209961,13.717434883117676,22.358928680419922,-27.64258575439453,84.14303588867188,-47.393287658691406,-88.4854965209961,13.717434883117676,14.15525114155251
10.163,0,22.405540466308594,-28.349266052246094,84.42317199707031,-46.830142974853516,-88.4718017578125,13.59791374206543,22.405540466308594,-28.349266052246094,84.42317199707031,-46.830142974853516,-88.4718017578125,13.59791374206543,14.024787997390737
10.207,0,22.48212432861328,-27.973556518554688,84.306396484375,-47.15117263793945,-88.47403717041016,13.647829055786133,22.48212432861328,-27.973556518554688,84.306396484375,-47.15117263793945,-88.47403717041016,13.647829055786133,14.024787997390737
10.229,0,22.564659118652344,-27.814449310302734,84.22801208496094,-47.248451232910156,-88.47637939453125,13.68116569519043,22.564659118652344,-27.814449310302734,84.22801208496094,-47.248451232910156,-88.47637939453125,13.68116569519043,14.024787997390737
10.266,0,22.627288818359375,-28.58034896850586,84.54326629638672,-46.6426887512207,-88.46363067626953,13.558389663696289,22.627288818359375,-28.58034896850586,84.54326629638672,-46.6426887512207,-88.46363067626953,13.558389663696289,14.024787997390737
10.296,0,22.684608459472656,-28.31247329711914,84.41510009765625,-46.83816146850586,-88.47541046142578,13.574914932250977,22.684608459472656,-28.31247329711914,84.41510009765625,-46.83816146850586,-88.47541046142578,13.574914932250977,14.024787997390737
10.335,0,22.748886108398438,-27.91082763671875,84.26307678222656,-47.145530700683594,-88.48503875732422,13.640451431274414,22.748886108398438,-27.91082763671875,84.26307678222656,-47.145530700683594,-88.48503875732422,13.640451431274414,14.024787997390737
10.362,0,22.778900146484375,-27.950843811035156,84.25584411621094,-47.09603500366211,-88.4884033203125,13.593526840209961,22.778900146484375,-27.950843811035156,84.25584411621094,-47.09603500366211,-88.4884033203125,13.593526840209961,14.024787997390737
10.402,0,22.833030700683594,-28.71365737915039,84.56336212158203,-46.47611999511719,-88.47738647460938,13.480834007263184,22.833030700683594,-28.71365737915039,84.56336212158203,-46.47611999511719,-88.47738647460938,13.480834007263184,14.024787997390737
10.433,0,22.88720703125,-28.443763732910156,84.44318389892578,-46.68608474731445,-88.4850082397461,13.502166748046875,22.88720703125,-28.443763732910156,84.44318389892578,-46.68608474731445,-88.4850082397461,13.502166748046875,14.024787997390737
10.464,0,22.938919067382812,-28.112560272216797,84.33062744140625,-46.97283172607422,-88.48768615722656,13.571070671081543,22.938919067382812,-28.112560272216797,84.33062744140625,-46.97283172607422,-88.48768615722656,13.571070671081543,13.959556425309849
10.497,0,22.975391387939453,-28.19965934753418,84.34593200683594,-46.91708755493164,-88.49513244628906,13.515522003173828,22.975391387939453,-28.19965934753418,84.34593200683594,-46.91708755493164,-88.49513244628906,13.515522003173828,13.763861709067188
10.536,0,23.031673431396484,-28.938861846923828,84.64151000976562,-46.31355285644531,-88.47877502441406,13.40420913696289,23.031673431396484,-28.938861846923828,84.64151000976562,-46.31355285644531,-88.47877502441406,13.40420913696289,13.763861709067188
10.562,0,23.072887420654297,-28.74422836303711,84.55671691894531,-46.497886657714844,-88.48009490966797,13.408660888671875,23.072887420654297,-28.74422836303711,84.55671691894531,-46.497886657714844,-88.48009490966797,13.408660888671875,13.763861709067188
10.605,0,23.1163330078125,-28.440048217773438,84.46248626708984,-46.7916259765625,-88.47998809814453,13.45889663696289,23.1163330078125,-28.440048217773438,84.46248626708984,-46.7916259765625,-88.47998809814453,13.45889663696289,13.763861709067188
10.631,0,23.145416259765625,-28.501514434814453,84.47054290771484,-46.7645263671875,-88.49250030517578,13.4307222366333,23.145416259765625,-28.501514434814453,84.47054290771484,-46.7645263671875,-88.49250030517578,13.4307222366333,13.763861709067188
10.677,0,23.203418731689453,-29.224624633789062,84.76033782958984,-46.1715202331543,-88.47333526611328,13.318120956420898,23.203418731689453,-29.224624633789062,84.76033782958984,-46.1715202331543,-88.47333526611328,13.318120956420898,13.763861709067188
10.699,0,23.246925354003906,-29.025808334350586,84.66282653808594,-46.33897018432617,-88.49116516113281,13.348443984985352,23.246925354003906,-29.025808334350586,84.66282653808594,-46.33897018432617,-88.49116516113281,13.348443984985352,13.763861709067188
10.734,0,23.277694702148438,-28.710391998291016,84.55150604248047,-46.6183967590332,-88.4901123046875,13.431903839111328,23.277694702148438,-28.710391998291016,84.55150604248047,-46.6183967590332,-88.4901123046875,13.431903839111328,13.763861709067188
10.766,0,23.303741455078125,-28.69989013671875,84.52030181884766,-46.637264251708984,-88.49874114990234,13.42314624786377,23.303741455078125,-28.69989013671875,84.52030181884766,-46.637264251708984,-88.49874114990234,13.42314624786377,13.633398564905413
10.811,0,23.365196228027344,-29.442798614501953,84.81489562988281,-46.02216720581055,-88.47749328613281,13.294073104858398,23.365196228027344,-29.442798614501953,84.81489562988281,-46.02216720581055,-88.47749328613281,13.294073104858398,13.633398564905413
10.833,0,23.401123046875,-29.23349380493164,84.70594024658203,-46.198143005371094,-88.50114440917969,13.33017349243164,23.401123046875,-29.23349380493164,84.70594024658203,-46.198143005371094,-88.50114440917969,13.33017349243164,13.633398564905413
10.873,0,23.43177032470703,-28.92559814453125,84.6094970703125,-46.473960876464844,-88.50131225585938,13.423914909362793,23.43177032470703,-28.92559814453125,84.6094970703125,-46.473960876464844,-88.50131225585938,13.423914909362793,13.633398564905413
10.899,0,23.45415496826172,-28.923160552978516,84.58145904541016,-46.479522705078125,-88.51324462890625,13.437113761901855,23.45415496826172,-28.923160552978516,84.58145904541016,-46.479522705078125,-88.51324462890625,13.437113761901855,13.633398564905413
10.943,0,23.526195526123047,-29.69244384765625,84.88298034667969,-45.84451675415039,-88.4890365600586,13.302324295043945,23.526195526123047,-29.69244384765625,84.88298034667969,-45.84451675415039,-88.4890365600586,13.302324295043945,13.633398564905413
10.968,0,23.563461303710938,-29.497882843017578,84.7985610961914,-46.02928161621094,-88.51222229003906,13.327272415161133,23.563461303710938,-29.497882843017578,84.7985610961914,-46.02928161621094,-88.51222229003906,13.327272415161133,13.633398564905413
11.015,0,23.57657241821289,-29.214942932128906,84.70387268066406,-46.30488967895508,-88.51651763916016,13.425823211669922,23.57657241821289,-29.214942932128906,84.70387268066406,-46.30488967895508,-88.51651763916016,13.425823211669922,13.633398564905413
11.038,0,23.612255096435547,-29.15334701538086,84.66577911376953,-46.371002197265625,-88.52274322509766,13.420208930969238,23.612255096435547,-29.15334701538086,84.66577911376953,-46.371002197265625,-88.52274322509766,13.420208930969238,13.633398564905413
11.074,0,23.677993774414062,-29.876686096191406,84.94461822509766,-45.76613998413086,-88.49825286865234,13.30234146118164,23.677993774414062,-29.876686096191406,84.94461822509766,-45.76613998413086,-88.49825286865234,13.30234146118164,13.633398564905413
11.109,0,23.70394515991211,-29.66516876220703,84.83248901367188,-45.93169403076172,-88.51895141601562,13.331722259521484,23.70394515991211,-29.66516876220703,84.83248901367188,-45.93169403076172,-88.51895141601562,13.331722259521484,13.633398564905413
11.143,0,23.706043243408203,-29.34667205810547,84.72822570800781,-46.218544006347656,-88.52664184570312,13.462113380432129,23.706043243408203,-29.34667205810547,84.72822570800781,-46.218544006347656,-88.52664184570312,13.462113380432129,13.633398564905413
11.175,0,23.732437133789062,-29.272075653076172,84.6760482788086,-46.2674674987793,-88.52822875976562,13.461814880371094,23.732437133789062,-29.272075653076172,84.6760482788086,-46.2674674987793,-88.52822875976562,13.461814880371094,13.633398564905413
11.214,0,23.79663848876953,-30.008182525634766,84.95137786865234,-45.64177322387695,-88.50313568115234,13.332773208618164,23.79663848876953,-30.008182525634766,84.95137786865234,-45.64177322387695,-88.50313568115234,13.332773208618164,13.633398564905413
11.239,0,23.826305389404297,-29.772735595703125,84.817626953125,-45.811378479003906,-88.52489471435547,13.401311874389648,23.826305389404297,-29.772735595703125,84.817626953125,-45.811378479003906,-88.52489471435547,13.401311874389648,13.633398564905413
11.288,0,23.820587158203125,-29.414785385131836,84.69326782226562,-46.11801528930664,-88.52985382080078,13.527556419372559,23.820587158203125,-29.414785385131836,84.69326782226562,-46.11801528930664,-88.52985382080078,13.527556419372559,13.633398564905413
11.322,0,23.829666137695312,-29.254444122314453,84.61024475097656,-46.225563049316406,-88.52401733398438,13.548126220703125,23.829666137695312,-29.254444122314453,84.61024475097656,-46.225563049316406,-88.52401733398438,13.548126220703125,13.633398564905413
11.344,0,23.889305114746094,-29.99822235107422,84.88325500488281,-45.58984375,-88.50322723388672,13.428232192993164,23.889305114746094,-29.99822235107422,84.88325500488281,-45.58984375,-88.50322723388672,13.428232192993164,13.633398564905413
11.379,0,23.915695190429688,-29.700927734375,84.72492980957031,-45.85631561279297,-88.54656219482422,13.492790222167969,23.915695190429688,-29.700927734375,84.72492980957031,-45.85631561279297,-88.54656219482422,13.492790222167969,13.633398564905413
11.445,0,23.9339599609375,-29.519466400146484,84.6854248046875,-46.00331497192383,-88.5318374633789,13.592662811279297,23.9339599609375,-29.519466400146484,84.6854248046875,-46.00331497192383,-88.5318374633789,13.592662811279297,13.633398564905413
11.468,0,23.929107666015625,-29.427488327026367,84.63678741455078,-46.07543182373047,-88.53019714355469,13.602025985717773,23.929107666015625,-29.427488327026367,84.63678741455078,-46.07543182373047,-88.53019714355469,13.602025985717773,13.633398564905413
11.506,0,23.983158111572266,-30.168506622314453,84.9239273071289,-45.451942443847656,-88.50238800048828,13.46895980834961,23.983158111572266,-30.168506622314453,84.9239273071289,-45.451942443847656,-88.50238800048828,13.46895980834961,13.633398564905413
11.535,0,24.013042449951172,-29.825481414794922,84.75226593017578,-45.759552001953125,-88.54454803466797,13.53333568572998,24.013042449951172,-29.825481414794922,84.75226593017578,-45.759552001953125,-88.54454803466797,13.53333568572998,13.633398564905413
11.574,0,24.032062530517578,-29.617778778076172,84.6962890625,-45.9460334777832,-88.53596496582031,13.604238510131836,24.032062530517578,-29.617778778076172,84.6962890625,-45.9460334777832,-88.53596496582031,13.604238510131836,13.633398564905413
11.602,0,24.032108306884766,-29.51675033569336,84.6281967163086,-46.020809173583984,-88.53768920898438,13.624094009399414,24.032108306884766,-29.51675033569336,84.6281967163086,-46.020809173583984,-88.53768920898438,13.624094009399414,13.633398564905413
11.639,0,24.081966400146484,-30.197755813598633,84.90202331542969,-45.4391975402832,-88.50813293457031,13.504266738891602,24.081966400146484,-30.197755813598633,84.90202331542969,-45.4391975402832,-88.50813293457031,13.504266738891602,13.633398564905413
11.668,0,24.113658905029297,-29.893875122070312,84.73855590820312,-45.70378112792969,-88.54129791259766,13.537485122680664,24.113658905029297,-29.893875122070312,84.73855590820312,-45.70378112792969,-88.54129791259766,13.537485122680664,13.633398564905413
11.709,0,24.14517593383789,-29.69281768798828,84.66321563720703,-45.877166748046875,-88.5501708984375,13.615131378173828,24.14517593383789,-29.69281768798828,84.66321563720703,-45.877166748046875,-88.5501708984375,13.615131378173828,13.633398564905413
11.735,0,24.159393310546875,-29.569076538085938,84.60839080810547,-45.97515869140625,-88.53833770751953,13.66102123260498,24.159393310546875,-29.569076538085938,84.60839080810547,-45.97515869140625,-88.53833770751953,13.66102123260498,13.633398564905413
11.780,0,24.215770721435547,-30.263490676879883,84.87611389160156,-45.387657165527344,-88.51383209228516,13.544557571411133,24.215770721435547,-30.263490676879883,84.87611389160156,-45.387657165527344,-88.51383209228516,13.544557571411133,13.633398564905413
11.801,0,24.241031646728516,-29.92983627319336,84.70418548583984,-45.668270111083984,-88.54248046875,13.59109878540039,24.241031646728516,-29.92983627319336,84.70418548583984,-45.668270111083984,-88.54248046875,13.59109878540039,13.633398564905413
11.840,0,24.26699447631836,-29.740339279174805,84.653076171875,-45.8382568359375,-88.54108428955078,13.669109344482422,24.26699447631836,-29.740339279174805,84.653076171875,-45.8382568359375,-88.54108428955078,13.669109344482422,13.633398564905413
11.880,0,24.2894287109375,-29.585826873779297,84.56852722167969,-45.9511833190918,-88.53779602050781,13.716050148010254,24.2894287109375,-29.585826873779297,84.56852722167969,-45.9511833190918,-88.53779602050781,13.716050148010254,13.633398564905413
11.901,0,24.339771270751953,-30.271228790283203,84.85987854003906,-45.37497329711914,-88.49920654296875,13.614155769348145,24.339771270751953,-30.271228790283203,84.85987854003906,-45.37497329711914,-88.49920654296875,13.614155769348145,13.633398564905413
11.940,0,24.35934066772461,-29.94353485107422,84.70100402832031,-45.6446418762207,-88.53166961669922,13.670719146728516,24.35934066772461,-29.94353485107422,84.70100402832031,-45.6446418762207,-88.53166961669922,13.670719146728516,13.633398564905413
11.971,0,24.40875244140625,-29.77367401123047,84.63648986816406,-45.79340362548828,-88.53711700439453,13.727169036865234,24.40875244140625,-29.77367401123047,84.63648986816406,-45.79340362548828,-88.53711700439453,13.727169036865234,13.633398564905413
12.002,0,24.42489242553711,-29.581315994262695,84.54371643066406,-45.91834259033203,-88.5326156616211,13.815540313720703,24.42489242553711,-29.581315994262695,84.54371643066406,-45.91834259033203,-88.5326156616211,13.815540313720703,13.633398564905413
12.043,0,24.475566864013672,-30.250539779663086,84.82300567626953,-45.33327865600586,-88.48948669433594,13.722906112670898,24.475566864013672,-30.250539779663086,84.82300567626953,-45.33327865600586,-88.48948669433594,13.722906112670898,13.633398564905413
12.069,0,24.48717498779297,-29.902177810668945,84.67391204833984,-45.62505340576172,-88.51761627197266,13.775768280029297,24.48717498779297,-29.902177810668945,84.67391204833984,-45.62505340576172,-88.51761627197266,13.775768280029297,13.633398564905413
12.111,0,24.53805923461914,-29.747661590576172,84.6237564086914,-45.7829475402832,-88.52643585205078,13.830270767211914,24.53805923461914,-29.747661590576172,84.6237564086914,-45.7829475402832,-88.52643585205078,13.830270767211914,13.633398564905413
12.135,0,24.54922103881836,-29.529945373535156,84.50621032714844,-45.905555725097656,-88.51526641845703,13.910676956176758,24.54922103881836,-29.529945373535156,84.50621032714844,-45.905555725097656,-88.51526641845703,13.910676956176758,13.633398564905413
12.178,0,24.602378845214844,-30.151241302490234,84.78410339355469,-45.37200164794922,-88.4842300415039,13.809711456298828,24.602378845214844,-30.151241302490234,84.78410339355469,-45.37200164794922,-88.4842300415039,13.809711456298828,13.633398564905413
12.205,0,24.615234375,-29.980310440063477,84.67838287353516,-45.53853988647461,-88.49925231933594,13.790401458740234,24.615234375,-29.980310440063477,84.67838287353516,-45.53853988647461,-88.49925231933594,13.790401458740234,13.633398564905413
12.239,0,24.66832733154297,-29.885345458984375,84.62361145019531,-45.647491455078125,-88.51883697509766,13.802799224853516,24.66832733154297,-29.885345458984375,84.62361145019531,-45.647491455078125,-88.51883697509766,13.802799224853516,13.633398564905413
12.273,0,24.678470611572266,-29.675519943237305,84.50407409667969,-45.77266311645508,-88.50836944580078,13.870321273803711,24.678470611572266,-29.675519943237305,84.50407409667969,-45.77266311645508,-88.50836944580078,13.870321273803711,13.633398564905413
12.306,0,24.729366302490234,-30.27399444580078,84.79046630859375,-45.27702331542969,-88.4764175415039,13.763751983642578,24.729366302490234,-30.27399444580078,84.79046630859375,-45.27702331542969,-88.4764175415039,13.763751983642578,13.633398564905413
12.375,0,24.74224090576172,-29.982776641845703,84.656005859375,-45.52247619628906,-88.49266815185547,13.844380378723145,24.74224090576172,-29.982776641845703,84.656005859375,-45.52247619628906,-88.49266815185547,13.844380378723145,13.633398564905413
12.398,0,24.803810119628906,-29.789966583251953,84.57071685791016,-45.67406463623047,-88.50357818603516,13.88730239868164,24.803810119628906,-29.789966583251953,84.57071685791016,-45.67406463623047,-88.50357818603516,13.88730239868164,13.633398564905413
12.438,0,24.841800689697266,-30.450960159301758,84.82186889648438,-45.11178970336914,-88.48546600341797,13.806236267089844,24.841800689697266,-30.450960159301758,84.82186889648438,-45.11178970336914,-88.48546600341797,13.806236267089844,13.633398564905413
12.464,0,24.857181549072266,-30.032466888427734,84.67986297607422,-45.47087478637695,-88.4996337890625,13.884193420410156,24.857181549072266,-30.032466888427734,84.67986297607422,-45.47087478637695,-88.4996337890625,13.884193420410156,13.633398564905413
12.504,0,24.893775939941406,-29.997779846191406,84.62171173095703,-45.469146728515625,-88.48909759521484,13.915849685668945,24.893775939941406,-29.997779846191406,84.62171173095703,-45.469146728515625,-88.48909759521484,13.915849685668945,13.633398564905413
12.532,0,24.941059112548828,-29.87442398071289,84.55125427246094,-45.578495025634766,-88.49348449707031,13.954769134521484,24.941059112548828,-29.87442398071289,84.55125427246094,-45.578495025634766,-88.49348449707031,13.954769134521484,13.633398564905413
12.572,0,24.947498321533203,-29.640708923339844,84.46577453613281,-45.8067512512207,-88.50491333007812,13.963476181030273,24.947498321533203,-29.640708923339844,84.46577453613281,-45.8067512512207,-88.50491333007812,13.963476181030273,13.633398564905413
12.629,0,24.963481903076172,-29.24264144897461,84.30647277832031,-46.127197265625,-88.51268768310547,14.066949844360352,24.963481903076172,-29.24264144897461,84.30647277832031,-46.127197265625,-88.51268768310547,14.066949844360352,13.633398564905413
12.651,0,24.993824005126953,-29.16175079345703,84.23469543457031,-46.162635803222656,-88.50086212158203,14.12160873413086,24.993824005126953,-29.16175079345703,84.23469543457031,-46.162635803222656,-88.50086212158203,14.12160873413086,13.633398564905413
12.695,0,25.066593170166016,-29.852075576782227,84.52696990966797,-45.61709213256836,-88.4775390625,14.017364501953125,25.066593170166016,-29.852075576782227,84.52696990966797,-45.61709213256836,-88.4775390625,14.017364501953125,13.633398564905413
12.717,0,25.07205581665039,-29.451290130615234,84.36074829101562,-46.00200653076172,-88.51920318603516,14.08916187286377,25.07205581665039,-29.451290130615234,84.36074829101562,-46.00200653076172,-88.51920318603516,14.08916187286377,13.633398564905413
12.751,0,25.105236053466797,-29.198074340820312,84.27008056640625,-46.17676544189453,-88.5033950805664,14.14926815032959,25.105236053466797,-29.198074340820312,84.27008056640625,-46.17676544189453,-88.5033950805664,14.14926815032959,13.633398564905413
12.786,0,25.141319274902344,-29.086719512939453,84.1955795288086,-46.244041442871094,-88.49803924560547,14.2304105758667,25.141319274902344,-29.086719512939453,84.1955795288086,-46.244041442871094,-88.49803924560547,14.2304105758667,13.633398564905413
12.822,0,25.201004028320312,-29.766315460205078,84.48519897460938,-45.69715881347656,-88.47064208984375,14.133572578430176,25.201004028320312,-29.766315460205078,84.48519897460938,-45.69715881347656,-88.47064208984375,14.133572578430176,13.633398564905413
12.852,0,25.20665740966797,-29.329607009887695,84.30596923828125,-46.10252380371094,-88.50874328613281,14.204190254211426,25.20665740966797,-29.329607009887695,84.30596923828125,-46.10252380371094,-88.50874328613281,14.204190254211426,13.633398564905413
12.891,0,25.2354736328125,-29.057695388793945,84.21318054199219,-46.2900390625,-88.49947357177734,14.310741424560547,25.2354736328125,-29.057695388793945,84.21318054199219,-46.2900390625,-88.49947357177734,14.310741424560547,13.763861709067188
12.918,0,25.262699127197266,-28.949989318847656,84.14895629882812,-46.3675651550293,-88.48883819580078,14.372894287109375,25.262699127197266,-28.949989318847656,84.14895629882812,-46.3675651550293,-88.48883819580078,14.372894287109375,13.763861709067188
12.959,0,25.326793670654297,-29.61394500732422,84.4273452758789,-45.828094482421875,-88.45851135253906,14.274223327636719,25.326793670654297,-29.61394500732422,84.4273452758789,-45.828094482421875,-88.45851135253906,14.274223327636719,13.763861709067188
12.985,0,25.327342987060547,-29.193866729736328,84.25343322753906,-46.21643829345703,-88.49441528320312,14.351053237915039,25.327342987060547,-29.193866729736328,84.25343322753906,-46.21643829345703,-88.49441528320312,14.351053237915039,13.763861709067188
13.030,0,25.35959243774414,-28.93109703063965,84.16329956054688,-46.40908432006836,-88.48988342285156,14.447000503540039,25.35959243774414,-28.93109703063965,84.16329956054688,-46.40908432006836,-88.48988342285156,14.447000503540039,13.894324853228962
13.052,0,25.375774383544922,-28.836872100830078,84.112060546875,-46.466033935546875,-88.4705581665039,14.53227424621582,25.375774383544922,-28.836872100830078,84.112060546875,-46.466033935546875,-88.4705581665039,14.53227424621582,13.894324853228962
13.085,0,25.439960479736328,-29.49612808227539,84.39850616455078,-45.94032287597656,-88.4410629272461,14.444839477539062,25.439960479736328,-29.49612808227539,84.39850616455078,-45.94032287597656,-88.4410629272461,14.444839477539062,14.024787997390737
13.126,0,25.449462890625,-29.111976623535156,84.24752807617188,-46.31255340576172,-88.4813461303711,14.51249885559082,25.449462890625,-29.111976623535156,84.24752807617188,-46.31255340576172,-88.4813461303711,14.51249885559082,14.024787997390737
13.151,0,25.467975616455078,-28.87784194946289,84.17776489257812,-46.49030685424805,-88.47119140625,14.611169815063477,25.467975616455078,-28.87784194946289,84.17776489257812,-46.49030685424805,-88.47119140625,14.611169815063477,14.024787997390737
13.188,0,25.48983383178711,-28.786914825439453,84.13054656982422,-46.556705474853516,-88.45470428466797,14.699446678161621,25.48983383178711,-28.786914825439453,84.13054656982422,-46.556705474853516,-88.45470428466797,14.699446678161621,14.024787997390737
13.219,0,25.550899505615234,-29.43368911743164,84.40025329589844,-46.03014373779297,-88.4230728149414,14.615697860717773,25.550899505615234,-29.43368911743164,84.40025329589844,-46.03014373779297,-88.4230728149414,14.615697860717773,14.024787997390737
13.252,0,25.562816619873047,-29.044654846191406,84.23382568359375,-46.386531829833984,-88.46926879882812,14.71463394165039,25.562816619873047,-29.044654846191406,84.23382568359375,-46.386531829833984,-88.46926879882812,14.71463394165039,14.024787997390737
13.296,0,25.568161010742188,-28.750469207763672,84.14183044433594,-46.61482620239258,-88.46202850341797,14.796622276306152,25.568161010742188,-28.750469207763672,84.14183044433594,-46.61482620239258,-88.46202850341797,14.796622276306152,14.15525114155251
13.319,0,25.579856872558594,-28.578338623046875,84.07952117919922,-46.75129699707031,-88.45415496826172,14.911443710327148,25.579856872558594,-28.578338623046875,84.07952117919922,-46.75129699707031,-88.45415496826172,14.911443710327148,14.15525114155251
13.354,0,25.64911651611328,-29.258224487304688,84.36441040039062,-46.19927978515625,-88.42189025878906,14.813777923583984,25.64911651611328,-29.258224487304688,84.36441040039062,-46.19927978515625,-88.42189025878906,14.813777923583984,14.285714285714285
13.392,0,25.662311553955078,-28.891326904296875,84.20793151855469,-46.548309326171875,-88.46488952636719,14.871746063232422,25.662311553955078,-28.891326904296875,84.20793151855469,-46.548309326171875,-88.46488952636719,14.871746063232422,14.41617742987606
13.421,0,25.664234161376953,-28.630393981933594,84.10881805419922,-46.74945831298828,-88.46489715576172,14.990349769592285,25.664234161376953,-28.630393981933594,84.10881805419922,-46.74945831298828,-88.46489715576172,14.990349769592285,14.481409001956946
13.455,0,25.667526245117188,-28.46172332763672,84.05107879638672,-46.89027404785156,-88.45380401611328,15.070016860961914,25.667526245117188,-28.46172332763672,84.05107879638672,-46.89027404785156,-88.45380401611328,15.070016860961914,14.481409001956946
13.488,0,25.736175537109375,-29.098011016845703,84.32134246826172,-46.376976013183594,-88.41960144042969,14.973588943481445,25.736175537109375,-29.098011016845703,84.32134246826172,-46.376976013183594,-88.41960144042969,14.973588943481445,14.481409001956946
13.523,0,25.748138427734375,-28.75061798095703,84.16549682617188,-46.70088577270508,-88.45967864990234,15.025064468383789,25.748138427734375,-28.75061798095703,84.16549682617188,-46.70088577270508,-88.45967864990234,15.025064468383789,14.481409001956946
13.556,0,25.747066497802734,-28.506322860717773,84.07015991210938,-46.89554977416992,-88.46359252929688,15.145526885986328,25.747066497802734,-28.506322860717773,84.07015991210938,-46.89554977416992,-88.46359252929688,15.145526885986328,14.481409001956946
13.603,0,25.743541717529297,-28.273887634277344,84.0023193359375,-47.08369064331055,-88.44998931884766,15.23919677734375,25.743541717529297,-28.273887634277344,84.0023193359375,-47.08369064331055,-88.44998931884766,15.23919677734375,14.481409001956946
13.624,0,25.810970306396484,-28.90972900390625,84.2684555053711,-46.56067657470703,-88.4168472290039,15.160490036010742,25.810970306396484,-28.90972900390625,84.2684555053711,-46.56067657470703,-88.4168472290039,15.160490036010742,14.546640574037834
13.659,0,25.795242309570312,-28.498977661132812,84.06393432617188,-46.87779235839844,-88.46141052246094,15.248847961425781,25.795242309570312,-28.498977661132812,84.06393432617188,-46.87779235839844,-88.46141052246094,15.248847961425781,14.742335290280495
13.697,0,25.794178009033203,-28.214187622070312,83.95550537109375,-47.09199905395508,-88.46758270263672,15.395453453063965,25.794178009033203,-28.214187622070312,83.95550537109375,-47.09199905395508,-88.46758270263672,15.395453453063965,14.742335290280495
13.731,0,25.790904998779297,-27.973466873168945,83.88960266113281,-47.29511642456055,-88.45178985595703,15.485448837280273,25.790904998779297,-27.973466873168945,83.88960266113281,-47.29511642456055,-88.45178985595703,15.485448837280273,14.742335290280495
13.759,0,25.852691650390625,-28.589269638061523,84.1369857788086,-46.781768798828125,-88.42234802246094,15.432140350341797,25.852691650390625,-28.589269638061523,84.1369857788086,-46.781768798828125,-88.42234802246094,15.432140350341797,14.742335290280495
13.793,0,25.83346939086914,-28.184158325195312,83.95221710205078,-47.09635925292969,-88.46329498291016,15.505729675292969,25.83346939086914,-28.184158325195312,83.95221710205078,-47.09635925292969,-88.46329498291016,15.505729675292969,14.87279843444227
13.830,0,25.83062744140625,-27.879619598388672,83.83062744140625,-47.32345199584961,-88.47138214111328,15.66172981262207,25.83062744140625,-27.879619598388672,83.83062744140625,-47.32345199584961,-88.47138214111328,15.66172981262207,15.003261578604043
13.861,0,25.826671600341797,-27.599288940429688,83.75135040283203,-47.556175231933594,-88.46369171142578,15.756904602050781,25.826671600341797,-27.599288940429688,83.75135040283203,-47.556175231933594,-88.46369171142578,15.756904602050781,15.133724722765818
13.924,0,25.89623260498047,-28.223752975463867,84.01022338867188,-47.042015075683594,-88.4362564086914,15.69198989868164,25.89623260498047,-28.223752975463867,84.01022338867188,-47.042015075683594,-88.4362564086914,15.69198989868164,15.133724722765818
13.948,0,25.88663101196289,-28.02703094482422,83.9120864868164,-47.16634750366211,-88.45828247070312,15.73031234741211,25.88663101196289,-28.02703094482422,83.9120864868164,-47.16634750366211,-88.45828247070312,15.73031234741211,15.264187866927593
13.983,0,25.896869659423828,-27.743694305419922,83.80239868164062,-47.38490676879883,-88.46150207519531,15.848395347595215,25.896869659423828,-27.743694305419922,83.80239868164062,-47.38490676879883,-88.46150207519531,15.848395347595215,15.394651011089366
14.015,0,25.901939392089844,-27.526248931884766,83.7283935546875,-47.5647087097168,-88.45610046386719,15.932479858398438,25.901939392089844,-27.526248931884766,83.7283935546875,-47.5647087097168,-88.45610046386719,15.932479858398438,15.394651011089366
14.051,0,25.96149444580078,-27.980758666992188,83.90999603271484,-47.2188835144043,-88.46546936035156,15.921486854553223,25.96149444580078,-27.980758666992188,83.90999603271484,-47.2188835144043,-88.46546936035156,15.921486854553223,15.394651011089366
14.088,0,25.95904541015625,-27.780864715576172,83.82839965820312,-47.364166259765625,-88.48501586914062,15.941324234008789,25.95904541015625,-27.780864715576172,83.82839965820312,-47.364166259765625,-88.48501586914062,15.941324234008789,15.459882583170254
14.114,0,25.95252227783203,-27.479623794555664,83.6839370727539,-47.583740234375,-88.49307250976562,16.08919334411621,25.95252227783203,-27.479623794555664,83.6839370727539,-47.583740234375,-88.49307250976562,16.08919334411621,15.52511415525114
14.148,0,25.953109741210938,-27.227266311645508,83.60340881347656,-47.791500091552734,-88.47649383544922,16.16617774963379,25.953109741210938,-27.227266311645508,83.60340881347656,-47.791500091552734,-88.47649383544922,16.16617774963379,15.52511415525114
14.200,0,26.018104553222656,-27.71027374267578,83.77685546875,-47.406131744384766,-88.48947143554688,16.14872169494629,26.018104553222656,-27.71027374267578,83.77685546875,-47.406131744384766,-88.48947143554688,16.14872169494629,15.655577299412915
14.223,0,26.027179718017578,-27.457523345947266,83.67898559570312,-47.59233856201172,-88.511474609375,16.18907356262207,26.027179718017578,-27.457523345947266,83.67898559570312,-47.59233856201172,-88.511474609375,16.18907356262207,15.655577299412915
14.256,0,26.01516342163086,-27.16728401184082,83.55577850341797,-47.79755783081055,-88.50959014892578,16.34343910217285,26.01516342163086,-27.16728401184082,83.55577850341797,-47.79755783081055,-88.50959014892578,16.34343910217285,15.78604044357469
14.297,0,26.02679443359375,-26.91468620300293,83.45429229736328,-48.00200653076172,-88.5046615600586,16.432382583618164,26.02679443359375,-26.91468620300293,83.45429229736328,-48.00200653076172,-88.5046615600586,16.432382583618164,15.851272015655576
14.323,0,26.084880828857422,-27.406639099121094,83.64599609375,-47.61439514160156,-88.5093002319336,16.4172306060791,26.084880828857422,-27.406639099121094,83.64599609375,-47.61439514160156,-88.5093002319336,16.4172306060791,15.851272015655576
14.371,0,26.084339141845703,-27.094837188720703,83.53480529785156,-47.84232711791992,-88.52534484863281,16.483400344848633,26.084339141845703,-27.094837188720703,83.53480529785156,-47.84232711791992,-88.52534484863281,16.483400344848633,15.851272015655576
14.393,0,26.072147369384766,-26.816009521484375,83.39688873291016,-48.025909423828125,-88.52041625976562,16.61983871459961,26.072147369384766,-26.816009521484375,83.39688873291016,-48.025909423828125,-88.52041625976562,16.61983871459961,15.851272015655576
14.436,0,26.092041015625,-26.59576416015625,83.31498718261719,-48.2166748046875,-88.51130676269531,16.666061401367188,26.092041015625,-26.59576416015625,83.31498718261719,-48.2166748046875,-88.51130676269531,16.666061401367188,15.851272015655576
14.466,0,26.14714813232422,-27.045452117919922,83.48784637451172,-47.860504150390625,-88.51447296142578,16.657922744750977,26.14714813232422,-27.045452117919922,83.48784637451172,-47.860504150390625,-88.51447296142578,16.657922744750977,16.046966731898237
14.492,0,26.136207580566406,-26.703834533691406,83.35340118408203,-48.09522247314453,-88.53512573242188,16.75788116455078,26.136207580566406,-26.703834533691406,83.35340118408203,-48.09522247314453,-88.53512573242188,16.75788116455078,16.2426614481409
14.534,0,26.121253967285156,-26.456069946289062,83.25224304199219,-48.27880859375,-88.521240234375,16.883317947387695,26.121253967285156,-26.456069946289062,83.25224304199219,-48.27880859375,-88.521240234375,16.883317947387695,16.2426614481409
14.559,0,26.13896942138672,-26.222156524658203,83.1546401977539,-48.4508056640625,-88.51017761230469,16.938602447509766,26.13896942138672,-26.222156524658203,83.1546401977539,-48.4508056640625,-88.51017761230469,16.938602447509766,16.2426614481409
14.597,0,26.194683074951172,-26.68523597717285,83.32698059082031,-48.0794792175293,-88.51255798339844,16.90653419494629,26.194683074951172,-26.68523597717285,83.32698059082031,-48.0794792175293,-88.51255798339844,16.90653419494629,16.2426614481409
14.632,0,26.172760009765625,-26.35564422607422,83.21267700195312,-48.31953811645508,-88.53441619873047,17.048980712890625,26.172760009765625,-26.35564422607422,83.21267700195312,-48.31953811645508,-88.53441619873047,17.048980712890625,16.2426614481409
14.662,0,26.169445037841797,-26.158042907714844,83.1310806274414,-48.47173309326172,-88.52047729492188,17.122684478759766,26.169445037841797,-26.158042907714844,83.1310806274414,-48.47173309326172,-88.52047729492188,17.122684478759766,16.373124592302673
14.697,0,26.178722381591797,-25.921554565429688,83.0315170288086,-48.64598083496094,-88.5054702758789,17.174800872802734,26.178722381591797,-25.921554565429688,83.0315170288086,-48.64598083496094,-88.5054702758789,17.174800872802734,16.568819308545336
14.730,0,26.246517181396484,-26.415233612060547,83.21382904052734,-48.27431869506836,-88.51870727539062,17.133363723754883,26.246517181396484,-26.415233612060547,83.21382904052734,-48.27431869506836,-88.51870727539062,17.133363723754883,16.69928245270711
14.765,0,26.251731872558594,-26.100385665893555,83.10263061523438,-48.51249694824219,-88.5286865234375,17.298362731933594,26.251731872558594,-26.100385665893555,83.10263061523438,-48.51249694824219,-88.5286865234375,17.298362731933594,16.764514024787996
14.793,0,26.248950958251953,-25.850154876708984,83.01606750488281,-48.69529342651367,-88.50643920898438,17.371604919433594,26.248950958251953,-25.850154876708984,83.01606750488281,-48.69529342651367,-88.50643920898438,17.371604919433594,16.764514024787996
14.835,0,26.319602966308594,-26.459089279174805,83.284423828125,-48.1884880065918,-88.4717788696289,17.312602996826172,26.319602966308594,-26.459089279174805,83.284423828125,-48.1884880065918,-88.4717788696289,17.312602996826172,16.764514024787996
14.861,0,26.291500091552734,-26.05535125732422,83.07390594482422,-48.489013671875,-88.52185821533203,17.43967628479004,26.291500091552734,-26.05535125732422,83.07390594482422,-48.489013671875,-88.52185821533203,17.43967628479004,16.894977168949772
14.902,0,26.30089569091797,-25.720970153808594,82.96051788330078,-48.74391174316406,-88.52522277832031,17.580978393554688,26.30089569091797,-25.720970153808594,82.96051788330078,-48.74391174316406,-88.52522277832031,17.580978393554688,16.96020874103066
14.927,0,26.289020538330078,-25.585119247436523,82.89459228515625,-48.85222625732422,-88.51353454589844,17.60492706298828,26.289020538330078,-25.585119247436523,82.89459228515625,-48.85222625732422,-88.51353454589844,17.60492706298828,16.96020874103066
14.967,0,26.365657806396484,-26.231142044067383,83.17802429199219,-48.311439514160156,-88.48241424560547,17.53605079650879,26.365657806396484,-26.231142044067383,83.17802429199219,-48.311439514160156,-88.48241424560547,17.53605079650879,16.96020874103066
14.995,0,26.326663970947266,-25.811412811279297,82.9649658203125,-48.61863708496094,-88.53108978271484,17.672183990478516,26.326663970947266,-25.811412811279297,82.9649658203125,-48.61863708496094,-88.53108978271484,17.672183990478516,17.025440313111545
15.035,0,26.341209411621094,-25.53135108947754,82.8674545288086,-48.85346984863281,-88.53775024414062,17.77223014831543,26.341209411621094,-25.53135108947754,82.8674545288086,-48.85346984863281,-88.53775024414062,17.77223014831543,17.025440313111545
15.062,0,26.335765838623047,-25.41579818725586,82.79058837890625,-48.94445037841797,-88.53038024902344,17.803266525268555,26.335765838623047,-25.41579818725586,82.79058837890625,-48.94445037841797,-88.53038024902344,17.803266525268555,17.025440313111545
15.100,0,26.41010284423828,-26.001283645629883,83.06676483154297,-48.45517349243164,-88.50222778320312,17.74419593811035,26.41010284423828,-26.001283645629883,83.06676483154297,-48.45517349243164,-88.50222778320312,17.74419593811035,17.09067188519243
15.129,0,26.374298095703125,-25.614036560058594,82.8722152709961,-48.73597717285156,-88.5428466796875,17.86688995361328,26.374298095703125,-25.614036560058594,82.8722152709961,-48.73597717285156,-88.5428466796875,17.86688995361328,17.286366601435095
15.169,0,26.38811492919922,-25.259117126464844,82.73619842529297,-49.0157470703125,-88.55599212646484,18.015644073486328,26.38811492919922,-25.259117126464844,82.73619842529297,-49.0157470703125,-88.55599212646484,18.015644073486328,17.35159817351598
15.197,0,26.388824462890625,-25.079715728759766,82.65452575683594,-49.1694221496582,-88.55538177490234,18.081680297851562,26.388824462890625,-25.079715728759766,82.65452575683594,-49.1694221496582,-88.55538177490234,18.081680297851562,17.35159817351598
15.237,0,26.47382354736328,-25.669593811035156,82.92979431152344,-48.68681335449219,-88.54156494140625,18.021127700805664,26.47382354736328,-25.669593811035156,82.92979431152344,-48.68681335449219,-88.54156494140625,18.021127700805664,17.416829745596868
15.262,0,26.439594268798828,-25.263154983520508,82.72820281982422,-48.98982620239258,-88.57763671875,18.131635665893555,26.439594268798828,-25.263154983520508,82.72820281982422,-48.98982620239258,-88.57763671875,18.131635665893555,17.61252446183953
15.297,0,26.45556640625,-24.960193634033203,82.61763000488281,-49.2286262512207,-88.58879089355469,18.25566291809082,26.45556640625,-24.960193634033203,82.61763000488281,-49.2286262512207,-88.58879089355469,18.25566291809082,17.742987606001304
15.335,0,26.459922790527344,-24.70524787902832,82.49972534179688,-49.43609619140625,-88.59915161132812,18.33247184753418,26.459922790527344,-24.70524787902832,82.49972534179688,-49.43609619140625,-88.59915161132812,18.33247184753418,17.742987606001304
15.364,0,26.546741485595703,-25.293434143066406,82.79570007324219,-48.957916259765625,-88.57456970214844,18.274812698364258,26.546741485595703,-25.293434143066406,82.79570007324219,-48.957916259765625,-88.57456970214844,18.274812698364258,17.742987606001304
15.400,0,26.498184204101562,-24.870113372802734,82.57455444335938,-49.25474166870117,-88.61106872558594,18.39683723449707,26.498184204101562,-24.870113372802734,82.57455444335938,-49.25474166870117,-88.61106872558594,18.39683723449707,17.742987606001304
15.438,0,26.529502868652344,-24.598766326904297,82.48834991455078,-49.480831146240234,-88.61943054199219,18.503108978271484,26.529502868652344,-24.598766326904297,82.48834991455078,-49.480831146240234,-88.61943054199219,18.503108978271484,17.742987606001304
15.463,0,26.537376403808594,-24.409086227416992,82.37284851074219,-49.640846252441406,-88.6332778930664,18.540239334106445,26.537376403808594,-24.409086227416992,82.37284851074219,-49.640846252441406,-88.6332778930664,18.540239334106445,17.742987606001304
15.502,0,26.624977111816406,-24.96532440185547,82.65895080566406,-49.17677688598633,-88.59979248046875,18.489748001098633,26.624977111816406,-24.96532440185547,82.65895080566406,-49.17677688598633,-88.59979248046875,18.489748001098633,17.873450750163077
15.530,0,26.55968475341797,-24.599807739257812,82.46757507324219,-49.430511474609375,-88.63484954833984,18.587574005126953,26.55968475341797,-24.599807739257812,82.46757507324219,-49.430511474609375,-88.63484954833984,18.587574005126953,18.06914546640574
15.569,0,26.588443756103516,-24.407939910888672,82.39755249023438,-49.61722183227539,-88.64887237548828,18.65042495727539,26.588443756103516,-24.407939910888672,82.39755249023438,-49.61722183227539,-88.64887237548828,18.65042495727539,18.134377038486626
15.599,0,26.595176696777344,-24.283065795898438,82.3019027709961,-49.69116973876953,-88.64275360107422,18.66460418701172,26.595176696777344,-24.283065795898438,82.3019027709961,-49.69116973876953,-88.64275360107422,18.66460418701172,18.134377038486626
15.634,0,26.665294647216797,-24.802085876464844,82.57779693603516,-49.26651382446289,-88.61447143554688,18.612586975097656,26.665294647216797,-24.802085876464844,82.57779693603516,-49.26651382446289,-88.61447143554688,18.612586975097656,18.134377038486626
15.665,0,26.60244369506836,-24.421009063720703,82.39042663574219,-49.525291442871094,-88.64152526855469,18.74180030822754,26.60244369506836,-24.421009063720703,82.39042663574219,-49.525291442871094,-88.64152526855469,18.74180030822754,18.134377038486626
15.700,0,26.63394546508789,-24.22734260559082,82.30525970458984,-49.71122360229492,-88.65544128417969,18.794322967529297,26.63394546508789,-24.22734260559082,82.30525970458984,-49.71122360229492,-88.65544128417969,18.794322967529297,18.134377038486626
15.731,0,26.641178131103516,-24.059246063232422,82.2064208984375,-49.81526184082031,-88.64570617675781,18.83363151550293,26.641178131103516,-24.059246063232422,82.2064208984375,-49.81526184082031,-88.64570617675781,18.83363151550293,18.199608610567513
15.766,0,26.711326599121094,-24.5806884765625,82.48643493652344,-49.426734924316406,-88.6269302368164,18.74289321899414,26.711326599121094,-24.5806884765625,82.48643493652344,-49.426734924316406,-88.6269302368164,18.74289321899414,18.395303326810176
15.803,0,26.6435546875,-24.194530487060547,82.30068969726562,-49.68965148925781,-88.64607238769531,18.917625427246094,26.6435546875,-24.194530487060547,82.30068969726562,-49.68965148925781,-88.64607238769531,18.917625427246094,18.52576647097195
15.840,0,26.685470581054688,-24.040727615356445,82.22132110595703,-49.837860107421875,-88.64893341064453,18.910045623779297,26.685470581054688,-24.040727615356445,82.22132110595703,-49.837860107421875,-88.64893341064453,18.910045623779297,18.52576647097195
15.864,0,26.75859832763672,-24.61031150817871,82.48141479492188,-49.377655029296875,-88.6324234008789,18.876928329467773,26.75859832763672,-24.61031150817871,82.48141479492188,-49.377655029296875,-88.6324234008789,18.876928329467773,18.52576647097195
15.900,0,26.724685668945312,-24.314889907836914,82.36467742919922,-49.57918167114258,-88.63534545898438,18.906206130981445,26.724685668945312,-24.314889907836914,82.36467742919922,-49.57918167114258,-88.63534545898438,18.906206130981445,18.52576647097195
15.937,0,26.65644073486328,-23.982311248779297,82.19864654541016,-49.805747985839844,-88.65301513671875,19.028749465942383,26.65644073486328,-23.982311248779297,82.19864654541016,-49.805747985839844,-88.65301513671875,19.028749465942383,18.52576647097195
15.965,0,26.692340850830078,-23.812583923339844,82.116943359375,-49.951454162597656,-88.649169921875,19.025115966796875,26.692340850830078,-23.812583923339844,82.116943359375,-49.951454162597656,-88.649169921875,19.025115966796875,18.52576647097195
16.000,0,26.775596618652344,-24.406232833862305,82.38695526123047,-49.50916290283203,-88.63848114013672,18.940349578857422,26.775596618652344,-24.406232833862305,82.38695526123047,-49.50916290283203,-88.63848114013672,18.940349578857422,18.52576647097195
16.050,0,26.736515045166016,-24.140621185302734,82.2620620727539,-49.66087341308594,-88.63823699951172,19.02134132385254,26.736515045166016,-24.140621185302734,82.2620620727539,-49.66087341308594,-88.63823699951172,19.02134132385254,18.52576647097195
16.073,0,26.698833465576172,-23.886096954345703,82.13260650634766,-49.85099792480469,-88.64226531982422,19.075937271118164,26.698833465576172,-23.886096954345703,82.13260650634766,-49.85099792480469,-88.64226531982422,19.075937271118164,18.52576647097195
16.111,0,26.807140350341797,-24.464860916137695,82.42449951171875,-49.41749954223633,-88.61763000488281,19.008731842041016,26.807140350341797,-24.464860916137695,82.42449951171875,-49.41749954223633,-88.61763000488281,19.008731842041016,18.52576647097195
16.140,0,26.789783477783203,-24.255952835083008,82.30015563964844,-49.54829025268555,-88.63668823242188,19.006412506103516,26.789783477783203,-24.255952835083008,82.30015563964844,-49.54829025268555,-88.63668823242188,19.006412506103516,18.52576647097195
16.175,0,26.74761962890625,-24.02737808227539,82.18024444580078,-49.666664123535156,-88.64622497558594,19.083148956298828,26.74761962890625,-24.02737808227539,82.18024444580078,-49.666664123535156,-88.64622497558594,19.083148956298828,18.52576647097195
16.210,0,26.713062286376953,-23.787504196166992,82.06100463867188,-49.862117767333984,-88.65304565429688,19.114269256591797,26.713062286376953,-23.787504196166992,82.06100463867188,-49.862117767333984,-88.65304565429688,19.114269256591797,18.52576647097195
16.247,0,26.815494537353516,-24.332962036132812,82.34562683105469,-49.445106506347656,-88.6294937133789,19.060504913330078,26.815494537353516,-24.332962036132812,82.34562683105469,-49.445106506347656,-88.6294937133789,19.060504913330078,18.52576647097195
16.272,0,26.810470581054688,-24.163862228393555,82.23145294189453,-49.55006408691406,-88.64268493652344,19.016202926635742,26.810470581054688,-24.163862228393555,82.23145294189453,-49.55006408691406,-88.64268493652344,19.016202926635742,18.52576647097195
16.311,0,26.75672149658203,-23.89398765563965,82.09127807617188,-49.68588638305664,-88.6487808227539,19.108518600463867,26.75672149658203,-23.89398765563965,82.09127807617188,-49.68588638305664,-88.6487808227539,19.108518600463867,18.52576647097195
16.352,0,26.727619171142578,-23.698551177978516,81.99211120605469,-49.864990234375,-88.65504455566406,19.113008499145508,26.727619171142578,-23.698551177978516,81.99211120605469,-49.864990234375,-88.65504455566406,19.113008499145508,18.52576647097195
16.373,0,26.828876495361328,-24.25091552734375,82.27555084228516,-49.46371078491211,-88.636962890625,19.054723739624023,26.828876495361328,-24.25091552734375,82.27555084228516,-49.46371078491211,-88.636962890625,19.054723739624023,18.52576647097195
16.415,0,26.820720672607422,-24.068511962890625,82.16392517089844,-49.562843322753906,-88.64474487304688,19.021726608276367,26.820720672607422,-24.068511962890625,82.16392517089844,-49.562843322753906,-88.64474487304688,19.021726608276367,18.52576647097195
16.442,0,26.809043884277344,-23.868885040283203,82.02710723876953,-49.65941619873047,-88.65263366699219,19.048789978027344,26.809043884277344,-23.868885040283203,82.02710723876953,-49.65941619873047,-88.65263366699219,19.048789978027344,18.52576647097195
16.494,0,26.785572052001953,-23.636016845703125,81.9081802368164,-49.843814849853516,-88.658447265625,19.097328186035156,26.785572052001953,-23.636016845703125,81.9081802368164,-49.843814849853516,-88.658447265625,19.097328186035156,18.52576647097195
16.519,0,26.867019653320312,-24.20277214050293,82.19005584716797,-49.42408752441406,-88.63658905029297,19.044031143188477,26.867019653320312,-24.20277214050293,82.19005584716797,-49.42408752441406,-88.63658905029297,19.044031143188477,18.52576647097195
16.548,0,26.90522003173828,-24.00226593017578,82.09300994873047,-49.587955474853516,-88.63861846923828,18.987529754638672,26.90522003173828,-24.00226593017578,82.09300994873047,-49.587955474853516,-88.63861846923828,18.987529754638672,18.52576647097195
16.583,0,26.84038543701172,-23.668745040893555,81.87806701660156,-49.789466857910156,-88.66508483886719,19.049335479736328,26.84038543701172,-23.668745040893555,81.87806701660156,-49.789466857910156,-88.66508483886719,19.049335479736328,18.52576647097195
16.620,0,26.85738754272461,-23.61102294921875,81.84231567382812,-49.82756423950195,-88.646240234375,19.010095596313477,26.85738754272461,-23.61102294921875,81.84231567382812,-49.82756423950195,-88.646240234375,19.010095596313477,18.52576647097195
16.651,0,26.93133544921875,-24.149499893188477,82.1127700805664,-49.421138763427734,-88.6238784790039,18.94234848022461,26.93133544921875,-24.149499893188477,82.1127700805664,-49.421138763427734,-88.6238784790039,18.94234848022461,18.52576647097195
16.687,0,26.967914581298828,-23.9901180267334,82.04962158203125,-49.57353210449219,-88.61705017089844,18.867860794067383,26.967914581298828,-23.9901180267334,82.04962158203125,-49.57353210449219,-88.61705017089844,18.867860794067383,18.52576647097195
